at	word	surface	target_at	target	target_surface	absence	rule	tier	confidence	verdict	review	corrected_at	corrected	corrected_surface	rationale
1:3	2	sie		2	יְבַקְשׁוּ֙		attached-word	attached	0.5393	approved	0				SubjectPronoun of 'suchten', by the parse of UDPipe's German-HDT model (Straka and Straková, ÚFAL, CC BY-NC-SA 4.0)
1:3	18	sie		16	יָּבִ֥אוּ		attached-word	attached	0.4774	approved	0				SubjectPronoun of 'brachten', by the parse of UDPipe's German-HDT model (Straka and Straková, ÚFAL, CC BY-NC-SA 4.0)
1:6	13	hätte		8	אמֹ֔ר		attached-word	attached	0.5941	approved	0				AuxiliaryVerb of 'gesagt', by the parse of UDPipe's German-HDT model (Straka and Straková, ÚFAL, CC BY-NC-SA 4.0)
1:6	17	du		11	עָשִׂ֑יתָ		attached-word	attached	0.5804	approved	0				SubjectPronoun of 'tust', by the parse of UDPipe's German-HDT model (Straka and Straková, ÚFAL, CC BY-NC-SA 4.0)
1:6	28	war		20	יָלְדָ֖ה		attached-word	attached	0.5634	approved	0				AuxiliaryVerb of 'geboren', by the parse of UDPipe's German-HDT model (Straka and Straková, ÚFAL, CC BY-NC-SA 4.0)
1:9	22	er		17	יִּקְרָ֗א		attached-word	attached	0.4231	approved	0				SubjectPronoun of 'lud', by the parse of UDPipe's German-HDT model (Straka and Straková, ÚFAL, CC BY-NC-SA 4.0)
1:10	15	er		17	קָרָֽא		attached-word	attached	0.4231	approved	0				SubjectPronoun of 'lud', by the parse of UDPipe's German-HDT model (Straka and Straková, ÚFAL, CC BY-NC-SA 4.0)
1:11	9	du		12	שָׁמַ֔עַתְּ		attached-word	attached	0.6486	approved	0				SubjectPronoun of 'gehört', by the parse of UDPipe's German-HDT model (Straka and Straková, ÚFAL, CC BY-NC-SA 4.0)
1:17	1	Sie		2	תֹּ֣אמֶר		attached-word	attached	0.6898	approved	0				SubjectPronoun of 'sprach', by the parse of UDPipe's German-HDT model (Straka and Straková, ÚFAL, CC BY-NC-SA 4.0)
1:17	8	hast		6	נִשְׁבַּ֜עְתָּ		attached-word	attached	0.6833	approved	0				AuxiliaryVerb of 'geschworen', by the parse of UDPipe's German-HDT model (Straka and Straková, ÚFAL, CC BY-NC-SA 4.0)
1:17	20	soll		19	יֵשֵׁ֥ב		attached-word	attached	0.6284	approved	0				AuxiliaryVerb of 'sitzen', by the parse of UDPipe's German-HDT model (Straka and Straková, ÚFAL, CC BY-NC-SA 4.0)
1:18	12	du		12	יָדָֽעְתָּ		attached-word	attached	0.6635	approved	0				SubjectPronoun of 'weißt', by the parse of UDPipe's German-HDT model (Straka and Straková, ÚFAL, CC BY-NC-SA 4.0)
1:19	1	Er		2	יִּזְבַּח		attached-word	attached	0.45	approved	0				SubjectPronoun of 'geopfert', by the parse of UDPipe's German-HDT model (Straka and Straková, ÚFAL, CC BY-NC-SA 4.0)
1:19	2	hat		2	יִּזְבַּח		attached-word	attached	0.45	approved	0				AuxiliaryVerb of 'geopfert', by the parse of UDPipe's German-HDT model (Straka and Straková, ÚFAL, CC BY-NC-SA 4.0)
1:19	12	hat		11	יִּקְרָא֙		attached-word	attached	0.5071	approved	0				AuxiliaryVerb of 'geladen', by the parse of UDPipe's German-HDT model (Straka and Straková, ÚFAL, CC BY-NC-SA 4.0)
1:19	30	hat		33	קָרָֽא		attached-word	attached	0.5071	approved	0				AuxiliaryVerb of 'geladen', by the parse of UDPipe's German-HDT model (Straka and Straková, ÚFAL, CC BY-NC-SA 4.0)
1:19	31	er		33	קָרָֽא		attached-word	attached	0.5071	approved	0				SubjectPronoun of 'geladen', by the parse of UDPipe's German-HDT model (Straka and Straková, ÚFAL, CC BY-NC-SA 4.0)
1:20	26	soll		14	יֵשֵׁ֛ב		attached-word	attached	0.6284	approved	0				AuxiliaryVerb of 'sitzen', by the parse of UDPipe's German-HDT model (Straka and Straková, ÚFAL, CC BY-NC-SA 4.0)
1:23	15	er		13	יָּבֹא֙		attached-word	attached	0.5689	approved	0				SubjectPronoun of 'kam', by the parse of UDPipe's German-HDT model (Straka and Straková, ÚFAL, CC BY-NC-SA 4.0)
1:25	2	er		2	יָרַ֣ד		attached-word	attached	0.7	approved	0				SubjectPronoun of 'hinabgegangen', by the parse of UDPipe's German-HDT model (Straka and Straková, ÚFAL, CC BY-NC-SA 4.0)
1:25	3	ist		2	יָרַ֣ד		attached-word	attached	0.7	approved	0				AuxiliaryVerb of 'hinabgegangen', by the parse of UDPipe's German-HDT model (Straka and Straková, ÚFAL, CC BY-NC-SA 4.0)
1:25	7	hat		6	יִּזְבַּח		attached-word	attached	0.45	approved	0				AuxiliaryVerb of 'geopfert', by the parse of UDPipe's German-HDT model (Straka and Straková, ÚFAL, CC BY-NC-SA 4.0)
1:25	16	hat		15	יִּקְרָא֩		attached-word	attached	0.5071	approved	0				AuxiliaryVerb of 'geladen', by the parse of UDPipe's German-HDT model (Straka and Straková, ÚFAL, CC BY-NC-SA 4.0)
1:26	18	hat		20	קָרָֽא		attached-word	attached	0.5071	approved	0				AuxiliaryVerb of 'geladen', by the parse of UDPipe's German-HDT model (Straka and Straková, ÚFAL, CC BY-NC-SA 4.0)
1:26	19	er		20	קָרָֽא		attached-word	attached	0.5071	approved	0				SubjectPronoun of 'geladen', by the parse of UDPipe's German-HDT model (Straka and Straková, ÚFAL, CC BY-NC-SA 4.0)
1:27	29	soll		18	יֵשֵׁ֛ב		attached-word	attached	0.6284	approved	0				AuxiliaryVerb of 'sitzen', by the parse of UDPipe's German-HDT model (Straka and Straková, ÚFAL, CC BY-NC-SA 4.0)
1:28	11	sie		13	תָּבֹא֙		attached-word	attached	0.5689	approved	0				SubjectPronoun of 'kam', by the parse of UDPipe's German-HDT model (Straka and Straková, ÚFAL, CC BY-NC-SA 4.0)
1:28	19	sie		19	תַּעֲמֹ֖ד		attached-word	attached	0.4875	approved	0				SubjectPronoun of 'stand', by the parse of UDPipe's German-HDT model (Straka and Straková, ÚFAL, CC BY-NC-SA 4.0)
1:29	15	hat		10	פָּדָ֥ה		attached-word	attached	0.4404	approved	0				AuxiliaryVerb of 'erlöst', by the parse of UDPipe's German-HDT model (Straka and Straková, ÚFAL, CC BY-NC-SA 4.0)
1:30	1	ich		25	אֶעֱשֶׂ֖ה		attached-word	attached	0.5157	approved	0				SubjectPronoun of 'tun', by the parse of UDPipe's German-HDT model (Straka and Straková, ÚFAL, CC BY-NC-SA 4.0)
1:30	6	ich		4	נִשְׁבַּ֨עְתִּי		attached-word	attached	0.6833	approved	0				SubjectPronoun of 'geschworen', by the parse of UDPipe's German-HDT model (Straka and Straková, ÚFAL, CC BY-NC-SA 4.0)
1:30	9	habe		4	נִשְׁבַּ֨עְתִּי		attached-word	attached	0.6833	approved	0				AuxiliaryVerb of 'geschworen', by the parse of UDPipe's German-HDT model (Straka and Straková, ÚFAL, CC BY-NC-SA 4.0)
1:32	22	sie		23	יָּבֹ֖אוּ		attached-word	attached	0.7	approved	0				SubjectPronoun of 'hineinkamen', by the parse of UDPipe's German-HDT model (Straka and Straková, ÚFAL, CC BY-NC-SA 4.0)
1:35	8	soll		5	בָא֙		attached-word	attached	0.5289	approved	0				AuxiliaryVerb of 'kommen', by the parse of UDPipe's German-HDT model (Straka and Straková, ÚFAL, CC BY-NC-SA 4.0)
1:35	21	ich		16	צִוִּ֨יתִי֙		attached-word	attached	0.7	approved	0				SubjectPronoun of 'gebieten', by the parse of UDPipe's German-HDT model (Straka and Straková, ÚFAL, CC BY-NC-SA 4.0)
1:39	15	sie		18	יִּתְקְעוּ֙		attached-word	attached	0.6182	approved	0				SubjectPronoun of 'bliesen', by the parse of UDPipe's German-HDT model (Straka and Straková, ÚFAL, CC BY-NC-SA 4.0)
1:41	10	hatte		7	קְּרֻאִים֙		attached-word	attached	0.5071	approved	0				AuxiliaryVerb of 'geladen', by the parse of UDPipe's German-HDT model (Straka and Straková, ÚFAL, CC BY-NC-SA 4.0)
1:41	17	hatten		14	אֱכֹ֑ל		attached-word	attached	0.6885	approved	0				AuxiliaryVerb of 'gegessen', by the parse of UDPipe's German-HDT model (Straka and Straková, ÚFAL, CC BY-NC-SA 4.0)
1:41	28	er		23	יֹּ֕אמֶר		attached-word	attached	0.6898	approved	0				SubjectPronoun of 'sprach', by the parse of UDPipe's German-HDT model (Straka and Straková, ÚFAL, CC BY-NC-SA 4.0)
1:44	2	hat		2	יִּשְׁלַ֣ח		attached-word	attached	0.6719	approved	0				AuxiliaryVerb of 'gesandt', by the parse of UDPipe's German-HDT model (Straka and Straková, ÚFAL, CC BY-NC-SA 4.0)
1:45	36	habt		28	שְׁמַעְתֶּֽם		attached-word	attached	0.6486	approved	0				AuxiliaryVerb of 'gehört', by the parse of UDPipe's German-HDT model (Straka and Straková, ÚFAL, CC BY-NC-SA 4.0)
1:47	40	hat		30	יִּשְׁתַּ֥חוּ		attached-word	attached	0.7	approved	0				AuxiliaryVerb of 'angebetet', by the parse of UDPipe's German-HDT model (Straka and Straková, ÚFAL, CC BY-NC-SA 4.0)
1:48	2	hat		4	אָמַ֣ר		attached-word	attached	0.5941	approved	0				AuxiliaryVerb of 'gesagt', by the parse of UDPipe's German-HDT model (Straka and Straková, ÚFAL, CC BY-NC-SA 4.0)
1:48	8	sei		7	בָּר֨וּךְ		attached-word	attached	0.5297	approved	0				AuxiliaryVerb of 'Gelobt', by the parse of UDPipe's German-HDT model (Straka and Straková, ÚFAL, CC BY-NC-SA 4.0)
1:48	28	haben		20	רֹאֹֽות		attached-word	attached	0.6715	approved	0				AuxiliaryVerb of 'gesehen', by the parse of UDPipe's German-HDT model (Straka and Straková, ÚFAL, CC BY-NC-SA 4.0)
1:49	12	waren		7	קְּרֻאִ֔ים		attached-word	attached	0.5071	approved	0				AuxiliaryVerb of 'geladen', by the parse of UDPipe's German-HDT model (Straka and Straková, ÚFAL, CC BY-NC-SA 4.0)
1:51	3	ward		2	יֻּגַּ֤ד		attached-word	attached	0.655	approved	0				AuxiliaryVerb of 'angesagt', by the parse of UDPipe's German-HDT model (Straka and Straková, ÚFAL, CC BY-NC-SA 4.0)
1:51	14	er		16	אָחַ֞ז		attached-word	attached	0.2846	approved	0				SubjectPronoun of 'faßte', by the parse of UDPipe's German-HDT model (Straka and Straková, ÚFAL, CC BY-NC-SA 4.0)
1:51	29	er		32	יָמִ֥ית		attached-word	attached	0.6308	approved	0				SubjectPronoun of 'töte', by the parse of UDPipe's German-HDT model (Straka and Straková, ÚFAL, CC BY-NC-SA 4.0)
1:52	8	soll		10	יִפֹּ֥ל		attached-word	attached	0.5076	approved	0				AuxiliaryVerb of 'fallen', by the parse of UDPipe's German-HDT model (Straka and Straková, ÚFAL, CC BY-NC-SA 4.0)
1:52	17	wird		17	תִמָּצֵא		attached-word	attached	0.6793	approved	0				AuxiliaryVerb of 'gefunden', by the parse of UDPipe's German-HDT model (Straka and Straková, ÚFAL, CC BY-NC-SA 4.0)
1:52	24	soll		20	מֵֽת		attached-word	attached	0.6889	approved	0				AuxiliaryVerb of 'sterben', by the parse of UDPipe's German-HDT model (Straka and Straková, ÚFAL, CC BY-NC-SA 4.0)
1:52	25	er		20	מֵֽת		attached-word	attached	0.6889	approved	0				SubjectPronoun of 'sterben', by the parse of UDPipe's German-HDT model (Straka and Straková, ÚFAL, CC BY-NC-SA 4.0)
1:53	16	er		13	יָּבֹ֕א		attached-word	attached	0.5689	approved	0				SubjectPronoun of 'kam', by the parse of UDPipe's German-HDT model (Straka and Straková, ÚFAL, CC BY-NC-SA 4.0)
2:1	9	sollte		6	מ֑וּת		attached-word	attached	0.6888	approved	0				AuxiliaryVerb of 'sterben', by the parse of UDPipe's German-HDT model (Straka and Straková, ÚFAL, CC BY-NC-SA 4.0)
2:3	32	du		26	תַּשְׂכִּ֗יל		attached-word	attached	0.3674	approved	0				SubjectPronoun of 'klug', by the parse of UDPipe's German-HDT model (Straka and Straková, ÚFAL, CC BY-NC-SA 4.0)
2:3	38	du		30	תַּֽעֲשֶׂ֔ה		attached-word	attached	0.5846	approved	0				SubjectPronoun of 'tust', by the parse of UDPipe's German-HDT model (Straka and Straková, ÚFAL, CC BY-NC-SA 4.0)
2:3	42	du		35	תִּפְנֶ֖ה		attached-word	attached	0.475	approved	0				SubjectPronoun of 'wendest', by the parse of UDPipe's German-HDT model (Straka and Straková, ÚFAL, CC BY-NC-SA 4.0)
2:4	9	er		7	דִּבֶּ֣ר		attached-word	attached	0.5938	approved	0				SubjectPronoun of 'geredet', by the parse of UDPipe's German-HDT model (Straka and Straková, ÚFAL, CC BY-NC-SA 4.0)
2:4	13	hat		7	דִּבֶּ֣ר		attached-word	attached	0.5938	approved	0				AuxiliaryVerb of 'geredet', by the parse of UDPipe's German-HDT model (Straka and Straková, ÚFAL, CC BY-NC-SA 4.0)
2:4	37	soll		32	יִכָּרֵ֤ת		attached-word	attached	0.5071	approved	0				AuxiliaryVerb of 'gebrechen', by the parse of UDPipe's German-HDT model (Straka and Straková, ÚFAL, CC BY-NC-SA 4.0)
2:5	8	hat		7	עָ֨שָׂה		attached-word	attached	0.5611	approved	0				AuxiliaryVerb of 'getan', by the parse of UDPipe's German-HDT model (Straka and Straková, ÚFAL, CC BY-NC-SA 4.0)
2:5	15	er		13	עָשָׂ֣ה		attached-word	attached	0.5136	approved	0				SubjectPronoun of 'tat', by the parse of UDPipe's German-HDT model (Straka and Straková, ÚFAL, CC BY-NC-SA 4.0)
2:5	31	er		29	יַּ֣הַרְגֵ֔ם		attached-word	attached	0.655	approved	0				SubjectPronoun of 'erwürgt', by the parse of UDPipe's German-HDT model (Straka and Straková, ÚFAL, CC BY-NC-SA 4.0)
2:5	33	hat		29	יַּ֣הַרְגֵ֔ם		attached-word	attached	0.655	approved	0				AuxiliaryVerb of 'erwürgt', by the parse of UDPipe's German-HDT model (Straka and Straková, ÚFAL, CC BY-NC-SA 4.0)
2:7	7	sollst		7	תַּֽעֲשֶׂה		attached-word	attached	0.35	approved	0				AuxiliaryVerb of 'beweisen', by the parse of UDPipe's German-HDT model (Straka and Straková, ÚFAL, CC BY-NC-SA 4.0)
2:7	8	du		7	תַּֽעֲשֶׂה		attached-word	attached	0.35	approved	0				SubjectPronoun of 'beweisen', by the parse of UDPipe's German-HDT model (Straka and Straková, ÚFAL, CC BY-NC-SA 4.0)
2:7	20	sie		16	קָרְב֣וּ		attached-word	attached	0.475	approved	0				SubjectPronoun of 'nahten', by the parse of UDPipe's German-HDT model (Straka and Straková, ÚFAL, CC BY-NC-SA 4.0)
2:7	24	ich		19	בָרְחִ֕י		attached-word	attached	0.4319	approved	0				SubjectPronoun of 'floh', by the parse of UDPipe's German-HDT model (Straka and Straková, ÚFAL, CC BY-NC-SA 4.0)
2:9	15	wirst		10	יָֽדַעְתָּ֙		attached-word	attached	0.6156	approved	0				AuxiliaryVerb of 'wissen', by the parse of UDPipe's German-HDT model (Straka and Straková, ÚFAL, CC BY-NC-SA 4.0)
2:9	22	sollst		13	תַּֽעֲשֶׂה		attached-word	attached	0.5157	approved	0				AuxiliaryVerb of 'tun', by the parse of UDPipe's German-HDT model (Straka and Straková, ÚFAL, CC BY-NC-SA 4.0)
2:13	15	sie		11	תֹּ֖אמֶר		attached-word	attached	0.6898	approved	0				SubjectPronoun of 'sprach', by the parse of UDPipe's German-HDT model (Straka and Straková, ÚFAL, CC BY-NC-SA 4.0)
2:13	18	du		14	בֹּאֶ֑ךָ		attached-word	attached	0.5839	approved	0				SubjectPronoun of 'Kommst', by the parse of UDPipe's German-HDT model (Straka and Straková, ÚFAL, CC BY-NC-SA 4.0)
2:13	22	Er		16	יֹּ֖אמֶר		attached-word	attached	0.6898	approved	0				SubjectPronoun of 'sprach', by the parse of UDPipe's German-HDT model (Straka and Straková, ÚFAL, CC BY-NC-SA 4.0)
2:14	9	Sie		7	תֹּ֖אמֶר		attached-word	attached	0.6898	approved	0				SubjectPronoun of 'sprach', by the parse of UDPipe's German-HDT model (Straka and Straková, ÚFAL, CC BY-NC-SA 4.0)
2:15	1	Er		2	יֹּ֗אמֶר		attached-word	attached	0.6898	approved	0				SubjectPronoun of 'sprach', by the parse of UDPipe's German-HDT model (Straka and Straková, ÚFAL, CC BY-NC-SA 4.0)
2:15	25	ist		19	תִּסֹּ֤ב		attached-word	attached	0.3192	approved	0				AuxiliaryVerb of 'gewandt', by the parse of UDPipe's German-HDT model (Straka and Straková, ÚFAL, CC BY-NC-SA 4.0)
2:16	14	Sie		14	תֹּ֥אמֶר		attached-word	attached	0.6898	approved	0				SubjectPronoun of 'sprach', by the parse of UDPipe's German-HDT model (Straka and Straková, ÚFAL, CC BY-NC-SA 4.0)
2:17	16	er		15	יִתֶּן		attached-word	attached	0.6075	approved	0				SubjectPronoun of 'gebe', by the parse of UDPipe's German-HDT model (Straka and Straková, ÚFAL, CC BY-NC-SA 4.0)
2:19	36	ward		27	יָּ֤שֶׂם		attached-word	attached	0.4061	approved	0				AuxiliaryVerb of 'gesetzt', by the parse of UDPipe's German-HDT model (Straka and Straková, ÚFAL, CC BY-NC-SA 4.0)
2:20	2	sie		2	תֹּ֗אמֶר		attached-word	attached	0.6898	approved	0				SubjectPronoun of 'sprach', by the parse of UDPipe's German-HDT model (Straka and Straková, ÚFAL, CC BY-NC-SA 4.0)
2:21	1	Sie		2	תֹּ֕אמֶר		attached-word	attached	0.6898	approved	0				SubjectPronoun of 'sprach', by the parse of UDPipe's German-HDT model (Straka and Straková, ÚFAL, CC BY-NC-SA 4.0)
2:23	24	haben		20	דִּבֶּר֙		attached-word	attached	0.5938	approved	0				AuxiliaryVerb of 'geredet', by the parse of UDPipe's German-HDT model (Straka and Straková, ÚFAL, CC BY-NC-SA 4.0)
2:24	11	hat		6	הֱכִינַ֗נִי		attached-word	attached	0.325	approved	0				AuxiliaryVerb of 'bestätigt', by the parse of UDPipe's German-HDT model (Straka and Straková, ÚFAL, CC BY-NC-SA 4.0)
2:24	27	hat		15	עָֽשָׂה		attached-word	attached	0.3886	approved	0				AuxiliaryVerb of 'gemacht', by the parse of UDPipe's German-HDT model (Straka and Straková, ÚFAL, CC BY-NC-SA 4.0)
2:24	29	er		20	דִּבֵּ֑ר		attached-word	attached	0.5938	approved	0				SubjectPronoun of 'geredet', by the parse of UDPipe's German-HDT model (Straka and Straková, ÚFAL, CC BY-NC-SA 4.0)
2:24	31	hat		20	דִּבֵּ֑ר		attached-word	attached	0.5938	approved	0				AuxiliaryVerb of 'geredet', by the parse of UDPipe's German-HDT model (Straka and Straková, ÚFAL, CC BY-NC-SA 4.0)
2:24	33	soll		24	יוּמַ֖ת		attached-word	attached	0.6888	approved	0				AuxiliaryVerb of 'sterben', by the parse of UDPipe's German-HDT model (Straka and Straková, ÚFAL, CC BY-NC-SA 4.0)
2:25	15	er		15	יָּמֹֽת		attached-word	attached	0.67	approved	0				SubjectPronoun of 'starb', by the parse of UDPipe's German-HDT model (Straka and Straková, ÚFAL, CC BY-NC-SA 4.0)
2:26	22	ich		24	אֲמִיתֶ֗ךָ		attached-word	attached	0.5615	approved	0				SubjectPronoun of 'töten', by the parse of UDPipe's German-HDT model (Straka and Straková, ÚFAL, CC BY-NC-SA 4.0)
2:26	30	hast		26	נָשָׂ֜אתָ		attached-word	attached	0.475	approved	0				AuxiliaryVerb of 'getragen', by the parse of UDPipe's German-HDT model (Straka and Straková, ÚFAL, CC BY-NC-SA 4.0)
2:27	22	er		17	דִּבֶּ֛ר		attached-word	attached	0.5938	approved	0				SubjectPronoun of 'geredet', by the parse of UDPipe's German-HDT model (Straka and Straková, ÚFAL, CC BY-NC-SA 4.0)
2:27	28	hatte		17	דִּבֶּ֛ר		attached-word	attached	0.5938	approved	0				AuxiliaryVerb of 'geredet', by the parse of UDPipe's German-HDT model (Straka and Straková, ÚFAL, CC BY-NC-SA 4.0)
2:29	3	ward		2	יֻּגַּ֞ד		attached-word	attached	0.6526	approved	0				AuxiliaryVerb of 'angesagt', by the parse of UDPipe's German-HDT model (Straka and Straková, ÚFAL, CC BY-NC-SA 4.0)
2:29	15	wäre		8	נָ֤ס		attached-word	attached	0.4	approved	0				AuxiliaryVerb of 'geflohen', by the parse of UDPipe's German-HDT model (Straka and Straková, ÚFAL, CC BY-NC-SA 4.0)
2:30	10	er		8	יֹּ֨אמֶר		attached-word	attached	0.6898	approved	0				SubjectPronoun of 'sprach', by the parse of UDPipe's German-HDT model (Straka and Straková, ÚFAL, CC BY-NC-SA 4.0)
2:30	19	Er		16	יֹּ֥אמֶר		attached-word	attached	0.6898	approved	0				SubjectPronoun of 'sprach', by the parse of UDPipe's German-HDT model (Straka and Straková, ÚFAL, CC BY-NC-SA 4.0)
2:30	24	ich		20	אָמ֑וּת		attached-word	attached	0.6888	approved	0				SubjectPronoun of 'sterben', by the parse of UDPipe's German-HDT model (Straka and Straková, ÚFAL, CC BY-NC-SA 4.0)
2:30	36	hat		31	דִבֶּ֥ר		attached-word	attached	0.5938	approved	0				AuxiliaryVerb of 'geredet', by the parse of UDPipe's German-HDT model (Straka and Straková, ÚFAL, CC BY-NC-SA 4.0)
2:31	8	er		9	דִּבֶּ֔ר		attached-word	attached	0.5938	approved	0				SubjectPronoun of 'geredet', by the parse of UDPipe's German-HDT model (Straka and Straková, ÚFAL, CC BY-NC-SA 4.0)
2:31	10	hat		9	דִּבֶּ֔ר		attached-word	attached	0.5938	approved	0				AuxiliaryVerb of 'geredet', by the parse of UDPipe's German-HDT model (Straka and Straková, ÚFAL, CC BY-NC-SA 4.0)
2:33	5	werde		2	שָׁ֤בוּ		attached-word	attached	0.3143	approved	0				AuxiliaryVerb of 'bezahlt', by the parse of UDPipe's German-HDT model (Straka and Straková, ÚFAL, CC BY-NC-SA 4.0)
2:34	15	er		12	יִּקָּבֵ֥ר		attached-word	attached	0.6534	approved	0				SubjectPronoun of 'begraben', by the parse of UDPipe's German-HDT model (Straka and Straková, ÚFAL, CC BY-NC-SA 4.0)
2:37	15	du		15	תָּמ֑וּת		attached-word	attached	0.6888	approved	0				SubjectPronoun of 'sterben', by the parse of UDPipe's German-HDT model (Straka and Straková, ÚFAL, CC BY-NC-SA 4.0)
2:38	16	hat		12	דִּבֶּר֙		attached-word	attached	0.5938	approved	0				AuxiliaryVerb of 'geredet', by the parse of UDPipe's German-HDT model (Straka and Straková, ÚFAL, CC BY-NC-SA 4.0)
2:38	18	soll		17	יַעֲשֶׂ֣ה		attached-word	attached	0.5157	approved	0				AuxiliaryVerb of 'tun', by the parse of UDPipe's German-HDT model (Straka and Straková, ÚFAL, CC BY-NC-SA 4.0)
2:39	25	ward		20	יַּגִּ֤ידוּ		attached-word	attached	0.6526	approved	0				AuxiliaryVerb of 'angesagt', by the parse of UDPipe's German-HDT model (Straka and Straková, ÚFAL, CC BY-NC-SA 4.0)
2:40	24	er		21	יָּבֵ֥א		attached-word	attached	0.55	approved	0				SubjectPronoun of 'hinkam', by the parse of UDPipe's German-HDT model (Straka and Straková, ÚFAL, CC BY-NC-SA 4.0)
2:41	3	ward		2	יֻּגַּ֖ד		attached-word	attached	0.6526	approved	0				AuxiliaryVerb of 'angesagt', by the parse of UDPipe's German-HDT model (Straka and Straková, ÚFAL, CC BY-NC-SA 4.0)
2:42	14	Habe		14	הִשְׁבַּעְתִּ֣יךָ		attached-word	attached	0.6839	approved	0				AuxiliaryVerb of 'geschworen', by the parse of UDPipe's German-HDT model (Straka and Straková, ÚFAL, CC BY-NC-SA 4.0)
2:42	15	ich		14	הִשְׁבַּעְתִּ֣יךָ		attached-word	attached	0.6839	approved	0				SubjectPronoun of 'geschworen', by the parse of UDPipe's German-HDT model (Straka and Straková, ÚFAL, CC BY-NC-SA 4.0)
2:42	29	du		24	צֵאתְךָ֗		attached-word	attached	0.5141	approved	0				SubjectPronoun of 'ausziehen', by the parse of UDPipe's German-HDT model (Straka and Straková, ÚFAL, CC BY-NC-SA 4.0)
2:42	40	solltest		30	יָדֹ֥עַ		attached-word	attached	0.6156	approved	0				AuxiliaryVerb of 'wissen', by the parse of UDPipe's German-HDT model (Straka and Straková, ÚFAL, CC BY-NC-SA 4.0)
2:42	41	du		34	תָּמ֑וּת		attached-word	attached	0.6888	approved	0				SubjectPronoun of 'sterben', by the parse of UDPipe's German-HDT model (Straka and Straková, ÚFAL, CC BY-NC-SA 4.0)
2:42	51	Ich		41	שָׁמָֽעְתִּי		attached-word	attached	0.6486	approved	0				SubjectPronoun of 'gehört', by the parse of UDPipe's German-HDT model (Straka and Straková, ÚFAL, CC BY-NC-SA 4.0)
2:43	2	hast		4	שָׁמַ֔רְתָּ		attached-word	attached	0.4	approved	0				AuxiliaryVerb of 'gehalten', by the parse of UDPipe's German-HDT model (Straka and Straková, ÚFAL, CC BY-NC-SA 4.0)
2:43	3	du		4	שָׁמַ֔רְתָּ		attached-word	attached	0.4	approved	0				SubjectPronoun of 'gehalten', by the parse of UDPipe's German-HDT model (Straka and Straková, ÚFAL, CC BY-NC-SA 4.0)
2:44	24	hast		17	עָשִׂ֖יתָ		attached-word	attached	0.5611	approved	0				AuxiliaryVerb of 'getan', by the parse of UDPipe's German-HDT model (Straka and Straková, ÚFAL, CC BY-NC-SA 4.0)
2:45	5	ist		5	בָּר֑וּךְ		attached-word	attached	0.6809	approved	0				AuxiliaryVerb of 'gesegnet', by the parse of UDPipe's German-HDT model (Straka and Straková, ÚFAL, CC BY-NC-SA 4.0)
2:46	16	er		15	יָּמֹ֑ת		attached-word	attached	0.67	approved	0				SubjectPronoun of 'starb', by the parse of UDPipe's German-HDT model (Straka and Straková, ÚFAL, CC BY-NC-SA 4.0)
2:46	21	ward		19	נָכֹ֖ונָה		attached-word	attached	0.325	approved	0				AuxiliaryVerb of 'bestätigt', by the parse of UDPipe's German-HDT model (Straka and Straková, ÚFAL, CC BY-NC-SA 4.0)
3:2	11	war		10	נִבְנָ֥ה		attached-word	attached	0.6217	approved	0				AuxiliaryVerb of 'gebaut', by the parse of UDPipe's German-HDT model (Straka and Straková, ÚFAL, CC BY-NC-SA 4.0)
3:5	17	ich		16	אֶתֶּן		attached-word	attached	0.627	approved	0				SubjectPronoun of 'geben', by the parse of UDPipe's German-HDT model (Straka and Straková, ÚFAL, CC BY-NC-SA 4.0)
3:5	20	soll		16	אֶתֶּן		attached-word	attached	0.627	approved	0				AuxiliaryVerb of 'geben', by the parse of UDPipe's German-HDT model (Straka and Straková, ÚFAL, CC BY-NC-SA 4.0)
3:6	4	hast		5	עָשִׂ֜יתָ		attached-word	attached	0.5595	approved	0				AuxiliaryVerb of 'getan', by the parse of UDPipe's German-HDT model (Straka and Straková, ÚFAL, CC BY-NC-SA 4.0)
3:6	20	ist		14	הָלַ֨ךְ		attached-word	attached	0.625	approved	0				AuxiliaryVerb of 'gewandelt', by the parse of UDPipe's German-HDT model (Straka and Straková, ÚFAL, CC BY-NC-SA 4.0)
3:6	32	hast		28	תִּשְׁמָר		attached-word	attached	0.4	approved	0				AuxiliaryVerb of 'gehalten', by the parse of UDPipe's German-HDT model (Straka and Straková, ÚFAL, CC BY-NC-SA 4.0)
3:8	9	du		7	בָּחָ֑רְתָּ		attached-word	attached	0.6816	approved	0				SubjectPronoun of 'erwählt', by the parse of UDPipe's German-HDT model (Straka and Straková, ÚFAL, CC BY-NC-SA 4.0)
3:9	3	du		2	נָתַתָּ֨		attached-word	attached	0.627	approved	0				SubjectPronoun of 'geben', by the parse of UDPipe's German-HDT model (Straka and Straková, ÚFAL, CC BY-NC-SA 4.0)
3:12	3	habe		2	עָשִׂ֖יתִי		attached-word	attached	0.5595	approved	0				AuxiliaryVerb of 'getan', by the parse of UDPipe's German-HDT model (Straka and Straková, ÚFAL, CC BY-NC-SA 4.0)
3:12	4	ich		2	עָשִׂ֖יתִי		attached-word	attached	0.5595	approved	0				SubjectPronoun of 'getan', by the parse of UDPipe's German-HDT model (Straka and Straková, ÚFAL, CC BY-NC-SA 4.0)
3:12	10	ich		6	נָתַ֣תִּי		attached-word	attached	0.6438	approved	0				SubjectPronoun of 'gegeben', by the parse of UDPipe's German-HDT model (Straka and Straková, ÚFAL, CC BY-NC-SA 4.0)
3:12	11	habe		6	נָתַ֣תִּי		attached-word	attached	0.6438	approved	0				AuxiliaryVerb of 'gegeben', by the parse of UDPipe's German-HDT model (Straka and Straková, ÚFAL, CC BY-NC-SA 4.0)
3:12	31	wird		21	יָק֥וּם		attached-word	attached	0.5	approved	0				AuxiliaryVerb of 'aufkommen', by the parse of UDPipe's German-HDT model (Straka and Straková, ÚFAL, CC BY-NC-SA 4.0)
3:13	3	du		5	שָׁאַ֨לְתָּ֙		attached-word	attached	0.61	approved	0				SubjectPronoun of 'gebeten', by the parse of UDPipe's German-HDT model (Straka and Straková, ÚFAL, CC BY-NC-SA 4.0)
3:13	6	hast		5	שָׁאַ֨לְתָּ֙		attached-word	attached	0.61	approved	0				AuxiliaryVerb of 'gebeten', by the parse of UDPipe's German-HDT model (Straka and Straková, ÚFAL, CC BY-NC-SA 4.0)
3:13	7	habe		6	נָתַ֣תִּי		attached-word	attached	0.6438	approved	0				AuxiliaryVerb of 'gegeben', by the parse of UDPipe's German-HDT model (Straka and Straková, ÚFAL, CC BY-NC-SA 4.0)
3:13	8	ich		6	נָתַ֣תִּי		attached-word	attached	0.6438	approved	0				SubjectPronoun of 'gegeben', by the parse of UDPipe's German-HDT model (Straka and Straková, ÚFAL, CC BY-NC-SA 4.0)
3:14	3	du		3	תֵּלֵ֣ךְ		attached-word	attached	0.6016	approved	0				SubjectPronoun of 'wandeln', by the parse of UDPipe's German-HDT model (Straka and Straková, ÚFAL, CC BY-NC-SA 4.0)
3:14	4	wirst		3	תֵּלֵ֣ךְ		attached-word	attached	0.6016	approved	0				AuxiliaryVerb of 'wandeln', by the parse of UDPipe's German-HDT model (Straka and Straková, ÚFAL, CC BY-NC-SA 4.0)
3:14	21	hat		13	הָלַ֖ךְ		attached-word	attached	0.625	approved	0				AuxiliaryVerb of 'gewandelt', by the parse of UDPipe's German-HDT model (Straka and Straková, ÚFAL, CC BY-NC-SA 4.0)
3:15	12	er		8	יָּבֹ֨וא		attached-word	attached	0.5701	approved	0				SubjectPronoun of 'kam', by the parse of UDPipe's German-HDT model (Straka and Straková, ÚFAL, CC BY-NC-SA 4.0)
3:18	6	ich		9	לִדְתִּ֔י		attached-word	attached	0.5658	approved	0				SubjectPronoun of 'geboren', by the parse of UDPipe's German-HDT model (Straka and Straková, ÚFAL, CC BY-NC-SA 4.0)
3:18	8	hatte		9	לִדְתִּ֔י		attached-word	attached	0.5658	approved	0				AuxiliaryVerb of 'geboren', by the parse of UDPipe's German-HDT model (Straka and Straková, ÚFAL, CC BY-NC-SA 4.0)
3:20	2	sie		2	תָּקָם֩		attached-word	attached	0.3208	approved	0				SubjectPronoun of 'stand', by the parse of UDPipe's German-HDT model (Straka and Straková, ÚFAL, CC BY-NC-SA 4.0)
3:21	3	ich		2	אָקֻ֥ם		attached-word	attached	0.65	approved	0				SubjectPronoun of 'aufstand', by the parse of UDPipe's German-HDT model (Straka and Straková, ÚFAL, CC BY-NC-SA 4.0)
3:21	32	ich		25	יָלָֽדְתִּי		attached-word	attached	0.5658	approved	0				SubjectPronoun of 'geboren', by the parse of UDPipe's German-HDT model (Straka and Straková, ÚFAL, CC BY-NC-SA 4.0)
3:21	34	hatte		25	יָלָֽדְתִּי		attached-word	attached	0.5658	approved	0				AuxiliaryVerb of 'geboren', by the parse of UDPipe's German-HDT model (Straka and Straková, ÚFAL, CC BY-NC-SA 4.0)
3:24	18	ward		9	יָּבִ֥אוּ		attached-word	attached	0.4218	approved	0				AuxiliaryVerb of 'gebracht', by the parse of UDPipe's German-HDT model (Straka and Straková, ÚFAL, CC BY-NC-SA 4.0)
3:28	15	sie		13	יִּֽרְא֖וּ		attached-word	attached	0.5435	approved	0				SubjectPronoun of 'fürchteten', by the parse of UDPipe's German-HDT model (Straka and Straková, ÚFAL, CC BY-NC-SA 4.0)
3:28	22	sie		19	רָא֔וּ		attached-word	attached	0.6772	approved	0				SubjectPronoun of 'sahen', by the parse of UDPipe's German-HDT model (Straka and Straková, ÚFAL, CC BY-NC-SA 4.0)
4:28	11	sie		14	יָבִ֗אוּ		attached-word	attached	0.4797	approved	0				SubjectPronoun of 'brachten', by the parse of UDPipe's German-HDT model (Straka and Straková, ÚFAL, CC BY-NC-SA 4.0)
4:32	2	er		2	יְדַבֵּ֕ר		attached-word	attached	0.6681	approved	0				SubjectPronoun of 'redete', by the parse of UDPipe's German-HDT model (Straka and Straková, ÚFAL, CC BY-NC-SA 4.0)
4:33	2	er		2	יְדַבֵּר֮		attached-word	attached	0.6681	approved	0				SubjectPronoun of 'redete', by the parse of UDPipe's German-HDT model (Straka and Straková, ÚFAL, CC BY-NC-SA 4.0)
4:33	23	er		23	יְדַבֵּר֙		attached-word	attached	0.6681	approved	0				SubjectPronoun of 'redete', by the parse of UDPipe's German-HDT model (Straka and Straková, ÚFAL, CC BY-NC-SA 4.0)
4:34	22	hatten		19	שָׁמְע֖וּ		attached-word	attached	0.6493	approved	0				AuxiliaryVerb of 'gehört', by the parse of UDPipe's German-HDT model (Straka and Straková, ÚFAL, CC BY-NC-SA 4.0)
5:1	13	er		11	שָׁמַ֔ע		attached-word	attached	0.6478	approved	0				SubjectPronoun of 'gehört', by the parse of UDPipe's German-HDT model (Straka and Straková, ÚFAL, CC BY-NC-SA 4.0)
5:1	14	hatte		11	שָׁמַ֔ע		attached-word	attached	0.6478	approved	0				AuxiliaryVerb of 'gehört', by the parse of UDPipe's German-HDT model (Straka and Straková, ÚFAL, CC BY-NC-SA 4.0)
5:1	17	sie		14	מָשְׁח֥וּ		attached-word	attached	0.5875	approved	0				SubjectPronoun of 'gesalbt', by the parse of UDPipe's German-HDT model (Straka and Straková, ÚFAL, CC BY-NC-SA 4.0)
5:1	22	hatten		14	מָשְׁח֥וּ		attached-word	attached	0.5875	approved	0				AuxiliaryVerb of 'gesalbt', by the parse of UDPipe's German-HDT model (Straka and Straková, ÚFAL, CC BY-NC-SA 4.0)
5:5	20	hat		13	דִּבֶּ֣ר		attached-word	attached	0.595	approved	0				AuxiliaryVerb of 'geredet', by the parse of UDPipe's German-HDT model (Straka and Straková, ÚFAL, CC BY-NC-SA 4.0)
5:5	30	ich		22	אֶתֵּ֤ן		attached-word	attached	0.358	approved	0				SubjectPronoun of 'setzen', by the parse of UDPipe's German-HDT model (Straka and Straková, ÚFAL, CC BY-NC-SA 4.0)
5:5	35	werde		22	אֶתֵּ֤ן		attached-word	attached	0.358	approved	0				AuxiliaryVerb of 'setzen', by the parse of UDPipe's German-HDT model (Straka and Straková, ÚFAL, CC BY-NC-SA 4.0)
5:5	40	soll		27	יִבְנֶ֥ה		attached-word	attached	0.6292	approved	0				AuxiliaryVerb of 'bauen', by the parse of UDPipe's German-HDT model (Straka and Straková, ÚFAL, CC BY-NC-SA 4.0)
5:6	26	ich		19	אֶתֵּ֣ן		attached-word	attached	0.6259	approved	0				SubjectPronoun of 'geben', by the parse of UDPipe's German-HDT model (Straka and Straková, ÚFAL, CC BY-NC-SA 4.0)
5:7	9	er		10	יִּשְׂמַ֣ח		attached-word	attached	0.475	approved	0				SubjectPronoun of 'freute', by the parse of UDPipe's German-HDT model (Straka and Straková, ÚFAL, CC BY-NC-SA 4.0)
5:7	25	hat		19	נָתַ֤ן		attached-word	attached	0.6465	approved	0				AuxiliaryVerb of 'gegeben', by the parse of UDPipe's German-HDT model (Straka and Straková, ÚFAL, CC BY-NC-SA 4.0)
5:8	14	du		11	שָׁלַ֖חְתָּ		attached-word	attached	0.6723	approved	0				SubjectPronoun of 'gesandt', by the parse of UDPipe's German-HDT model (Straka and Straková, ÚFAL, CC BY-NC-SA 4.0)
5:8	18	hast		11	שָׁלַ֖חְתָּ		attached-word	attached	0.6723	approved	0				AuxiliaryVerb of 'gesandt', by the parse of UDPipe's German-HDT model (Straka and Straková, ÚFAL, CC BY-NC-SA 4.0)
5:9	43	sollst		28	תַּעֲשֶׂ֣ה		attached-word	attached	0.5154	approved	0				AuxiliaryVerb of 'tun', by the parse of UDPipe's German-HDT model (Straka and Straková, ÚFAL, CC BY-NC-SA 4.0)
5:12	8	er		9	דִּבֶּר		attached-word	attached	0.595	approved	0				SubjectPronoun of 'geredet', by the parse of UDPipe's German-HDT model (Straka and Straková, ÚFAL, CC BY-NC-SA 4.0)
5:12	11	hatte		9	דִּבֶּר		attached-word	attached	0.595	approved	0				AuxiliaryVerb of 'geredet', by the parse of UDPipe's German-HDT model (Straka and Straková, ÚFAL, CC BY-NC-SA 4.0)
6:1	28	ward		36	יִּ֥בֶן		attached-word	attached	0.6217	approved	0				AuxiliaryVerb of 'gebaut', by the parse of UDPipe's German-HDT model (Straka and Straková, ÚFAL, CC BY-NC-SA 4.0)
6:4	2	er		2	יַּ֣עַשׂ		attached-word	attached	0.5025	approved	0				SubjectPronoun of 'machte', by the parse of UDPipe's German-HDT model (Straka and Straková, ÚFAL, CC BY-NC-SA 4.0)
6:5	2	er		2	יִּבֶן֩		attached-word	attached	0.582	approved	0				SubjectPronoun of 'baute', by the parse of UDPipe's German-HDT model (Straka and Straková, ÚFAL, CC BY-NC-SA 4.0)
6:9	3	er		2	יִּ֥בֶן		attached-word	attached	0.582	approved	0				SubjectPronoun of 'baute', by the parse of UDPipe's German-HDT model (Straka and Straková, ÚFAL, CC BY-NC-SA 4.0)
6:9	10	er		9	יִּסְפֹּ֤ן		attached-word	attached	0.3143	approved	0				SubjectPronoun of 'deckte', by the parse of UDPipe's German-HDT model (Straka and Straková, ÚFAL, CC BY-NC-SA 4.0)
6:10	2	er		2	יִּ֤בֶן		attached-word	attached	0.582	approved	0				SubjectPronoun of 'baute', by the parse of UDPipe's German-HDT model (Straka and Straková, ÚFAL, CC BY-NC-SA 4.0)
6:12	31	ich		25	הֲקִמֹתִ֤י		attached-word	attached	0.43	approved	0				SubjectPronoun of 'bestätigen', by the parse of UDPipe's German-HDT model (Straka and Straková, ÚFAL, CC BY-NC-SA 4.0)
6:12	38	ich		30	דִּבַּ֖רְתִּי		attached-word	attached	0.595	approved	0				SubjectPronoun of 'geredet', by the parse of UDPipe's German-HDT model (Straka and Straková, ÚFAL, CC BY-NC-SA 4.0)
6:12	43	habe		30	דִּבַּ֖רְתִּי		attached-word	attached	0.595	approved	0				AuxiliaryVerb of 'geredet', by the parse of UDPipe's German-HDT model (Straka and Straková, ÚFAL, CC BY-NC-SA 4.0)
6:15	1	Er		2	יִּבֶן֩		attached-word	attached	0.582	approved	0				SubjectPronoun of 'baute', by the parse of UDPipe's German-HDT model (Straka and Straková, ÚFAL, CC BY-NC-SA 4.0)
6:16	2	er		2	יִּבֶן֩		attached-word	attached	0.582	approved	0				SubjectPronoun of 'baute', by the parse of UDPipe's German-HDT model (Straka and Straková, ÚFAL, CC BY-NC-SA 4.0)
6:19	5	er		9	הֵכִ֑ין		attached-word	attached	0.475	approved	0				SubjectPronoun of 'bereitete', by the parse of UDPipe's German-HDT model (Straka and Straková, ÚFAL, CC BY-NC-SA 4.0)
6:21	19	er		21	יְצַפֵּ֖הוּ		attached-word	attached	0.5	approved	0				SubjectPronoun of 'überzogen', by the parse of UDPipe's German-HDT model (Straka and Straková, ÚFAL, CC BY-NC-SA 4.0)
6:21	23	hatte		21	יְצַפֵּ֖הוּ		attached-word	attached	0.5	approved	0				AuxiliaryVerb of 'überzogen', by the parse of UDPipe's German-HDT model (Straka and Straková, ÚFAL, CC BY-NC-SA 4.0)
6:22	10	war		6	צִפָּ֥ה		attached-word	attached	0.5	approved	0				AuxiliaryVerb of 'überzogen', by the parse of UDPipe's German-HDT model (Straka and Straková, ÚFAL, CC BY-NC-SA 4.0)
6:22	20	er		21	צִפָּ֥ה		attached-word	attached	0.655	approved	0				SubjectPronoun of 'überzog', by the parse of UDPipe's German-HDT model (Straka and Straková, ÚFAL, CC BY-NC-SA 4.0)
6:23	1	Er		2	יַּ֣עַשׂ		attached-word	attached	0.5025	approved	0				SubjectPronoun of 'machte', by the parse of UDPipe's German-HDT model (Straka and Straková, ÚFAL, CC BY-NC-SA 4.0)
6:27	2	er		2	יִּתֵּ֨ן		attached-word	attached	0.2801	approved	0				SubjectPronoun of 'tat', by the parse of UDPipe's German-HDT model (Straka and Straková, ÚFAL, CC BY-NC-SA 4.0)
6:28	2	er		2	יְצַ֥ף		attached-word	attached	0.655	approved	0				SubjectPronoun of 'überzog', by the parse of UDPipe's German-HDT model (Straka and Straková, ÚFAL, CC BY-NC-SA 4.0)
6:30	3	er		6	צִפָּ֣ה		attached-word	attached	0.655	approved	0				SubjectPronoun of 'überzog', by the parse of UDPipe's German-HDT model (Straka and Straková, ÚFAL, CC BY-NC-SA 4.0)
6:31	7	er		6	עָשָׂ֖ה		attached-word	attached	0.5025	approved	0				SubjectPronoun of 'machte', by the parse of UDPipe's German-HDT model (Straka and Straková, ÚFAL, CC BY-NC-SA 4.0)
6:33	3	er		3	עָשָׂ֛ה		attached-word	attached	0.5025	approved	0				SubjectPronoun of 'machte', by the parse of UDPipe's German-HDT model (Straka and Straková, ÚFAL, CC BY-NC-SA 4.0)
6:36	2	er		2	יִּ֨בֶן֙		attached-word	attached	0.582	approved	0				SubjectPronoun of 'baute', by the parse of UDPipe's German-HDT model (Straka and Straková, ÚFAL, CC BY-NC-SA 4.0)
7:2	2	er		2	יִּ֜בֶן		attached-word	attached	0.5929	approved	0				SubjectPronoun of 'baute', by the parse of UDPipe's German-HDT model (Straka and Straková, ÚFAL, CC BY-NC-SA 4.0)
7:8	33	hatte		27	לָקַ֣ח		attached-word	attached	0.4842	approved	0				AuxiliaryVerb of 'genommen', by the parse of UDPipe's German-HDT model (Straka and Straková, ÚFAL, CC BY-NC-SA 4.0)
7:18	17	ward		16	כַסֹּ֤ות		attached-word	attached	0.65	approved	0				AuxiliaryVerb of 'bedeckt', by the parse of UDPipe's German-HDT model (Straka and Straková, ÚFAL, CC BY-NC-SA 4.0)
7:23	2	er		2	יַּ֥עַשׂ		attached-word	attached	0.4944	approved	0				SubjectPronoun of 'machte', by the parse of UDPipe's German-HDT model (Straka and Straková, ÚFAL, CC BY-NC-SA 4.0)
7:24	22	waren		23	יְצֻקִ֖ים		attached-word	attached	0.4	approved	0				AuxiliaryVerb of 'gegossen', by the parse of UDPipe's German-HDT model (Straka and Straková, ÚFAL, CC BY-NC-SA 4.0)
7:25	12	waren		11	פֹנִ֨ים		attached-word	attached	0.4577	approved	0				AuxiliaryVerb of 'gewandt', by the parse of UDPipe's German-HDT model (Straka and Straková, ÚFAL, CC BY-NC-SA 4.0)
7:27	1	Er		2	יַּ֧עַשׂ		attached-word	attached	0.4944	approved	0				SubjectPronoun of 'machte', by the parse of UDPipe's German-HDT model (Straka and Straková, ÚFAL, CC BY-NC-SA 4.0)
7:33	14	waren		19	מוּצָֽק		attached-word	attached	0.4	approved	0				AuxiliaryVerb of 'gegossen', by the parse of UDPipe's German-HDT model (Straka and Straková, ÚFAL, CC BY-NC-SA 4.0)
7:38	2	er		2	יַּ֛עַשׂ		attached-word	attached	0.4944	approved	0				SubjectPronoun of 'machte', by the parse of UDPipe's German-HDT model (Straka and Straková, ÚFAL, CC BY-NC-SA 4.0)
7:39	23	er		25	נָתַ֞ן		attached-word	attached	0.3921	approved	0				SubjectPronoun of 'setzte', by the parse of UDPipe's German-HDT model (Straka and Straková, ÚFAL, CC BY-NC-SA 4.0)
8:5	15	hatte		10	נֹּועָדִ֣ים		attached-word	attached	0.2974	approved	0				AuxiliaryVerb of 'versammelt', by the parse of UDPipe's German-HDT model (Straka and Straková, ÚFAL, CC BY-NC-SA 4.0)
8:8	11	wurden		6	יֵּרָאוּ֩		attached-word	attached	0.6712	approved	0				AuxiliaryVerb of 'gesehen', by the parse of UDPipe's German-HDT model (Straka and Straková, ÚFAL, CC BY-NC-SA 4.0)
8:8	20	wurden		19	יֵרָא֖וּ		attached-word	attached	0.6712	approved	0				AuxiliaryVerb of 'gesehen', by the parse of UDPipe's German-HDT model (Straka and Straková, ÚFAL, CC BY-NC-SA 4.0)
8:8	21	sie		19	יֵרָא֖וּ		attached-word	attached	0.6712	approved	0				SubjectPronoun of 'gesehen', by the parse of UDPipe's German-HDT model (Straka and Straková, ÚFAL, CC BY-NC-SA 4.0)
8:9	31	sie		23	צֵאתָ֖ם		attached-word	attached	0.387	approved	0				SubjectPronoun of 'gezogen', by the parse of UDPipe's German-HDT model (Straka and Straková, ÚFAL, CC BY-NC-SA 4.0)
8:9	35	waren		23	צֵאתָ֖ם		attached-word	attached	0.387	approved	0				AuxiliaryVerb of 'gezogen', by the parse of UDPipe's German-HDT model (Straka and Straková, ÚFAL, CC BY-NC-SA 4.0)
8:12	6	hat		5	אָמַ֔ר		attached-word	attached	0.3128	approved	0				AuxiliaryVerb of 'geredet', by the parse of UDPipe's German-HDT model (Straka and Straková, ÚFAL, CC BY-NC-SA 4.0)
8:13	2	habe		2	בָנִ֛יתִי		attached-word	attached	0.6143	approved	0				AuxiliaryVerb of 'gebaut', by the parse of UDPipe's German-HDT model (Straka and Straková, ÚFAL, CC BY-NC-SA 4.0)
8:13	3	ich		2	בָנִ֛יתִי		attached-word	attached	0.6143	approved	0				SubjectPronoun of 'gebaut', by the parse of UDPipe's German-HDT model (Straka and Straková, ÚFAL, CC BY-NC-SA 4.0)
8:15	2	er		2	יֹּ֗אמֶר		attached-word	attached	0.6899	approved	0				SubjectPronoun of 'sprach', by the parse of UDPipe's German-HDT model (Straka and Straková, ÚFAL, CC BY-NC-SA 4.0)
8:15	5	sei		3	בָּר֤וּךְ		attached-word	attached	0.625	approved	0				AuxiliaryVerb of 'Gelobet', by the parse of UDPipe's German-HDT model (Straka and Straková, ÚFAL, CC BY-NC-SA 4.0)
8:15	24	hat		8	דִּבֶּ֣ר		attached-word	attached	0.5953	approved	0				AuxiliaryVerb of 'geredet', by the parse of UDPipe's German-HDT model (Straka and Straková, ÚFAL, CC BY-NC-SA 4.0)
8:16	6	ich		5	הֹוצֵ֜אתִי		attached-word	attached	0.3865	approved	0				SubjectPronoun of 'führte', by the parse of UDPipe's German-HDT model (Straka and Straková, ÚFAL, CC BY-NC-SA 4.0)
8:16	14	ich		13	בָחַ֣רְתִּי		attached-word	attached	0.6809	approved	0				SubjectPronoun of 'erwählt', by the parse of UDPipe's German-HDT model (Straka and Straková, ÚFAL, CC BY-NC-SA 4.0)
8:16	28	würde		21	בְנֹ֣ות		attached-word	attached	0.6143	approved	0				AuxiliaryVerb of 'gebaut', by the parse of UDPipe's German-HDT model (Straka and Straková, ÚFAL, CC BY-NC-SA 4.0)
8:16	37	ich		28	אֶבְחַ֣ר		attached-word	attached	0.6809	approved	0				SubjectPronoun of 'erwählt', by the parse of UDPipe's German-HDT model (Straka and Straková, ÚFAL, CC BY-NC-SA 4.0)
8:19	3	sollst		4	תִבְנֶ֖ה		attached-word	attached	0.6298	approved	0				AuxiliaryVerb of 'bauen', by the parse of UDPipe's German-HDT model (Straka and Straková, ÚFAL, CC BY-NC-SA 4.0)
8:20	4	hat		2	יָּ֣קֶם		attached-word	attached	0.55	approved	0				AuxiliaryVerb of 'bestätigt', by the parse of UDPipe's German-HDT model (Straka and Straková, ÚFAL, CC BY-NC-SA 4.0)
8:20	9	er		7	דִּבֵּ֑ר		attached-word	attached	0.5953	approved	0				SubjectPronoun of 'geredet', by the parse of UDPipe's German-HDT model (Straka and Straková, ÚFAL, CC BY-NC-SA 4.0)
8:20	11	hat		7	דִּבֵּ֑ר		attached-word	attached	0.5953	approved	0				AuxiliaryVerb of 'geredet', by the parse of UDPipe's German-HDT model (Straka and Straková, ÚFAL, CC BY-NC-SA 4.0)
8:20	13	ich		9	אָקֻ֡ם		attached-word	attached	0.7	approved	0				SubjectPronoun of 'aufgekommen', by the parse of UDPipe's German-HDT model (Straka and Straková, ÚFAL, CC BY-NC-SA 4.0)
8:20	14	bin		9	אָקֻ֡ם		attached-word	attached	0.7	approved	0				AuxiliaryVerb of 'aufgekommen', by the parse of UDPipe's German-HDT model (Straka and Straková, ÚFAL, CC BY-NC-SA 4.0)
8:20	31	hat		20	דִּבֶּ֣ר		attached-word	attached	0.5953	approved	0				AuxiliaryVerb of 'geredet', by the parse of UDPipe's German-HDT model (Straka and Straková, ÚFAL, CC BY-NC-SA 4.0)
8:20	33	habe		23	אֶבְנֶ֣ה		attached-word	attached	0.6143	approved	0				AuxiliaryVerb of 'gebaut', by the parse of UDPipe's German-HDT model (Straka and Straková, ÚFAL, CC BY-NC-SA 4.0)
8:21	23	er		17	הֹוצִיאֹ֥ו		attached-word	attached	0.3865	approved	0				SubjectPronoun of 'führte', by the parse of UDPipe's German-HDT model (Straka and Straková, ÚFAL, CC BY-NC-SA 4.0)
8:24	2	du		2	שָׁמַ֗רְתָּ		attached-word	attached	0.4	approved	0				SubjectPronoun of 'gehalten', by the parse of UDPipe's German-HDT model (Straka and Straková, ÚFAL, CC BY-NC-SA 4.0)
8:24	3	hast		2	שָׁמַ֗רְתָּ		attached-word	attached	0.4	approved	0				AuxiliaryVerb of 'gehalten', by the parse of UDPipe's German-HDT model (Straka and Straková, ÚFAL, CC BY-NC-SA 4.0)
8:24	11	du		9	דִּבַּ֖רְתָּ		attached-word	attached	0.5953	approved	0				SubjectPronoun of 'geredet', by the parse of UDPipe's German-HDT model (Straka and Straková, ÚFAL, CC BY-NC-SA 4.0)
8:24	14	hast		9	דִּבַּ֖רְתָּ		attached-word	attached	0.5953	approved	0				AuxiliaryVerb of 'geredet', by the parse of UDPipe's German-HDT model (Straka and Straková, ÚFAL, CC BY-NC-SA 4.0)
8:24	18	hast		12	תְּדַבֵּ֥ר		attached-word	attached	0.5953	approved	0				AuxiliaryVerb of 'geredet', by the parse of UDPipe's German-HDT model (Straka and Straková, ÚFAL, CC BY-NC-SA 4.0)
8:24	19	du		12	תְּדַבֵּ֥ר		attached-word	attached	0.5953	approved	0				SubjectPronoun of 'geredet', by the parse of UDPipe's German-HDT model (Straka and Straková, ÚFAL, CC BY-NC-SA 4.0)
8:24	27	du		18	מִלֵּ֖אתָ		attached-word	attached	0.5031	approved	0				SubjectPronoun of 'erfüllt', by the parse of UDPipe's German-HDT model (Straka and Straková, ÚFAL, CC BY-NC-SA 4.0)
8:25	49	du		40	הָלַ֖כְתָּ		attached-word	attached	0.6357	approved	0				SubjectPronoun of 'gewandelt', by the parse of UDPipe's German-HDT model (Straka and Straková, ÚFAL, CC BY-NC-SA 4.0)
8:25	53	hast		40	הָלַ֖כְתָּ		attached-word	attached	0.6357	approved	0				AuxiliaryVerb of 'gewandelt', by the parse of UDPipe's German-HDT model (Straka and Straková, ÚFAL, CC BY-NC-SA 4.0)
8:26	10	du		9	דִּבַּ֔רְתָּ		attached-word	attached	0.5953	approved	0				SubjectPronoun of 'geredet', by the parse of UDPipe's German-HDT model (Straka and Straková, ÚFAL, CC BY-NC-SA 4.0)
8:26	17	hast		9	דִּבַּ֔רְתָּ		attached-word	attached	0.5953	approved	0				AuxiliaryVerb of 'geredet', by the parse of UDPipe's German-HDT model (Straka and Straková, ÚFAL, CC BY-NC-SA 4.0)
8:27	28	ich		25	בָּנִֽיתִי		attached-word	attached	0.6143	approved	0				SubjectPronoun of 'gebaut', by the parse of UDPipe's German-HDT model (Straka and Straková, ÚFAL, CC BY-NC-SA 4.0)
8:27	30	habe		25	בָּנִֽיתִי		attached-word	attached	0.6143	approved	0				AuxiliaryVerb of 'gebaut', by the parse of UDPipe's German-HDT model (Straka and Straková, ÚFAL, CC BY-NC-SA 4.0)
8:28	2	dich		2	פָנִ֜יתָ		attached-word	attached	0.28	approved	0				SubjectPronoun of 'Wende', by the parse of UDPipe's German-HDT model (Straka and Straková, ÚFAL, CC BY-NC-SA 4.0)
8:29	16	du		17	אָמַ֔רְתָּ		attached-word	attached	0.5955	approved	0				SubjectPronoun of 'gesagt', by the parse of UDPipe's German-HDT model (Straka and Straková, ÚFAL, CC BY-NC-SA 4.0)
8:29	18	hast		17	אָמַ֔רְתָּ		attached-word	attached	0.5955	approved	0				AuxiliaryVerb of 'gesagt', by the parse of UDPipe's German-HDT model (Straka and Straková, ÚFAL, CC BY-NC-SA 4.0)
8:31	15	er		12	הַֽאֲלֹתֹ֑ו		attached-word	attached	0.275	approved	0				SubjectPronoun of 'schwören', by the parse of UDPipe's German-HDT model (Straka and Straková, ÚFAL, CC BY-NC-SA 4.0)
8:31	17	soll		12	הַֽאֲלֹתֹ֑ו		attached-word	attached	0.275	approved	0				AuxiliaryVerb of 'schwören', by the parse of UDPipe's German-HDT model (Straka and Straková, ÚFAL, CC BY-NC-SA 4.0)
8:33	9	wird		2	הִנָּגֵ֞ף		attached-word	attached	0.3123	approved	0				AuxiliaryVerb of 'geschlagen', by the parse of UDPipe's German-HDT model (Straka and Straková, ÚFAL, CC BY-NC-SA 4.0)
8:33	11	sie		9	יֶחֶטְאוּ		attached-word	attached	0.6735	approved	0				SubjectPronoun of 'gesündigt', by the parse of UDPipe's German-HDT model (Straka and Straková, ÚFAL, CC BY-NC-SA 4.0)
8:33	15	haben		9	יֶחֶטְאוּ		attached-word	attached	0.6735	approved	0				AuxiliaryVerb of 'gesündigt', by the parse of UDPipe's German-HDT model (Straka and Straková, ÚFAL, CC BY-NC-SA 4.0)
8:33	17	sie		12	שָׁ֤בוּ		attached-word	attached	0.7	approved	0				SubjectPronoun of 'bekehren', by the parse of UDPipe's German-HDT model (Straka and Straková, ÚFAL, CC BY-NC-SA 4.0)
8:34	26	hast		18	נָתַ֖תָּ		attached-word	attached	0.6446	approved	0				AuxiliaryVerb of 'gegeben', by the parse of UDPipe's German-HDT model (Straka and Straková, ÚFAL, CC BY-NC-SA 4.0)
8:35	5	wird		2	הֵעָצֵ֥ר		attached-word	attached	0.4231	approved	0				AuxiliaryVerb of 'verschlossen', by the parse of UDPipe's German-HDT model (Straka and Straková, ÚFAL, CC BY-NC-SA 4.0)
8:35	11	sie		9	יֶחֶטְאוּ		attached-word	attached	0.6735	approved	0				SubjectPronoun of 'gesündigt', by the parse of UDPipe's German-HDT model (Straka and Straková, ÚFAL, CC BY-NC-SA 4.0)
8:35	15	haben		9	יֶחֶטְאוּ		attached-word	attached	0.6735	approved	0				AuxiliaryVerb of 'gesündigt', by the parse of UDPipe's German-HDT model (Straka and Straková, ÚFAL, CC BY-NC-SA 4.0)
8:35	17	sie		12	הִֽתְפַּֽלְל֞וּ		attached-word	attached	0.475	approved	0				SubjectPronoun of 'beten', by the parse of UDPipe's German-HDT model (Straka and Straková, ÚFAL, CC BY-NC-SA 4.0)
8:36	26	sie		22	יֵֽלְכוּ		attached-word	attached	0.5984	approved	0				SubjectPronoun of 'wandeln', by the parse of UDPipe's German-HDT model (Straka and Straková, ÚFAL, CC BY-NC-SA 4.0)
8:36	28	sollen		22	יֵֽלְכוּ		attached-word	attached	0.5984	approved	0				AuxiliaryVerb of 'wandeln', by the parse of UDPipe's German-HDT model (Straka and Straková, ÚFAL, CC BY-NC-SA 4.0)
8:36	42	hast		30	נָתַ֥תָּה		attached-word	attached	0.6446	approved	0				AuxiliaryVerb of 'gegeben', by the parse of UDPipe's German-HDT model (Straka and Straková, ÚFAL, CC BY-NC-SA 4.0)
8:40	18	hast		14	נָתַ֖תָּה		attached-word	attached	0.6446	approved	0				AuxiliaryVerb of 'gegeben', by the parse of UDPipe's German-HDT model (Straka and Straková, ÚFAL, CC BY-NC-SA 4.0)
8:42	2	sie		2	יִשְׁמְעוּן֙		attached-word	attached	0.6584	approved	0				SubjectPronoun of 'hören', by the parse of UDPipe's German-HDT model (Straka and Straková, ÚFAL, CC BY-NC-SA 4.0)
8:42	3	werden		2	יִשְׁמְעוּן֙		attached-word	attached	0.6584	approved	0				AuxiliaryVerb of 'hören', by the parse of UDPipe's German-HDT model (Straka and Straková, ÚFAL, CC BY-NC-SA 4.0)
8:42	22	er		19	הִתְפַּלֵּ֖ל		attached-word	attached	0.325	approved	0				SubjectPronoun of 'bete', by the parse of UDPipe's German-HDT model (Straka and Straková, ÚFAL, CC BY-NC-SA 4.0)
8:43	48	sei		35	נִקְרָ֔א		attached-word	attached	0.5412	approved	0				AuxiliaryVerb of 'genannt', by the parse of UDPipe's German-HDT model (Straka and Straková, ÚFAL, CC BY-NC-SA 4.0)
8:43	50	ich		42	בָּנִֽיתִי		attached-word	attached	0.6143	approved	0				SubjectPronoun of 'gebaut', by the parse of UDPipe's German-HDT model (Straka and Straková, ÚFAL, CC BY-NC-SA 4.0)
8:43	52	habe		42	בָּנִֽיתִי		attached-word	attached	0.6143	approved	0				AuxiliaryVerb of 'gebaut', by the parse of UDPipe's German-HDT model (Straka and Straková, ÚFAL, CC BY-NC-SA 4.0)
8:44	14	du		13	תִּשְׁלָחֵ֑ם		attached-word	attached	0.689	approved	0				SubjectPronoun of 'senden', by the parse of UDPipe's German-HDT model (Straka and Straková, ÚFAL, CC BY-NC-SA 4.0)
8:44	17	wirst		13	תִּשְׁלָחֵ֑ם		attached-word	attached	0.689	approved	0				AuxiliaryVerb of 'senden', by the parse of UDPipe's German-HDT model (Straka and Straková, ÚFAL, CC BY-NC-SA 4.0)
8:44	19	sie		15	הִתְפַּֽלְל֣וּ		attached-word	attached	0.475	approved	0				SubjectPronoun of 'beten', by the parse of UDPipe's German-HDT model (Straka and Straková, ÚFAL, CC BY-NC-SA 4.0)
8:44	29	du		22	בָּחַ֣רְתָּ		attached-word	attached	0.6809	approved	0				SubjectPronoun of 'erwählt', by the parse of UDPipe's German-HDT model (Straka and Straková, ÚFAL, CC BY-NC-SA 4.0)
8:44	37	ich		28	בָּנִ֥תִי		attached-word	attached	0.6143	approved	0				SubjectPronoun of 'gebaut', by the parse of UDPipe's German-HDT model (Straka and Straková, ÚFAL, CC BY-NC-SA 4.0)
8:44	41	habe		28	בָּנִ֥תִי		attached-word	attached	0.6143	approved	0				AuxiliaryVerb of 'gebaut', by the parse of UDPipe's German-HDT model (Straka and Straková, ÚFAL, CC BY-NC-SA 4.0)
8:46	2	sie		2	יֶֽחֶטְאוּ		attached-word	attached	0.6654	approved	0				SubjectPronoun of 'sündigen', by the parse of UDPipe's German-HDT model (Straka and Straková, ÚFAL, CC BY-NC-SA 4.0)
8:46	6	werden		2	יֶֽחֶטְאוּ		attached-word	attached	0.6654	approved	0				AuxiliaryVerb of 'sündigen', by the parse of UDPipe's German-HDT model (Straka and Straková, ÚFAL, CC BY-NC-SA 4.0)
8:48	19	sie		15	שָׁב֣וּ		attached-word	attached	0.295	approved	0				SubjectPronoun of 'weggeführt', by the parse of UDPipe's German-HDT model (Straka and Straková, ÚFAL, CC BY-NC-SA 4.0)
8:48	21	haben		15	שָׁב֣וּ		attached-word	attached	0.295	approved	0				AuxiliaryVerb of 'weggeführt', by the parse of UDPipe's German-HDT model (Straka and Straková, ÚFAL, CC BY-NC-SA 4.0)
8:48	31	du		23	נָתַ֣תָּה		attached-word	attached	0.6446	approved	0				SubjectPronoun of 'gegeben', by the parse of UDPipe's German-HDT model (Straka and Straková, ÚFAL, CC BY-NC-SA 4.0)
8:48	35	hast		23	נָתַ֣תָּה		attached-word	attached	0.6446	approved	0				AuxiliaryVerb of 'gegeben', by the parse of UDPipe's German-HDT model (Straka and Straková, ÚFAL, CC BY-NC-SA 4.0)
8:48	41	du		29	בָּחַ֔רְתָּ		attached-word	attached	0.6809	approved	0				SubjectPronoun of 'erwählt', by the parse of UDPipe's German-HDT model (Straka and Straková, ÚFAL, CC BY-NC-SA 4.0)
8:48	49	ich		34	בנית		attached-word	attached	0.6143	approved	0				SubjectPronoun of 'gebaut', by the parse of UDPipe's German-HDT model (Straka and Straková, ÚFAL, CC BY-NC-SA 4.0)
8:48	53	habe		34	בנית		attached-word	attached	0.6143	approved	0				AuxiliaryVerb of 'gebaut', by the parse of UDPipe's German-HDT model (Straka and Straková, ÚFAL, CC BY-NC-SA 4.0)
8:50	10	hat		6	חָֽטְאוּ		attached-word	attached	0.6735	approved	0				AuxiliaryVerb of 'gesündigt', by the parse of UDPipe's German-HDT model (Straka and Straková, ÚFAL, CC BY-NC-SA 4.0)
8:50	16	sie		13	פָּשְׁעוּ		attached-word	attached	0.3	approved	0				SubjectPronoun of 'übertreten', by the parse of UDPipe's German-HDT model (Straka and Straková, ÚFAL, CC BY-NC-SA 4.0)
8:50	31	sie		23	רִֽחֲמֽוּם		attached-word	attached	0.6143	approved	0				SubjectPronoun of 'erbarmen', by the parse of UDPipe's German-HDT model (Straka and Straková, ÚFAL, CC BY-NC-SA 4.0)
8:51	10	du		7	הֹוצֵ֨אתָ֙		attached-word	attached	0.4281	approved	0				SubjectPronoun of 'geführt', by the parse of UDPipe's German-HDT model (Straka and Straková, ÚFAL, CC BY-NC-SA 4.0)
8:51	18	hast		7	הֹוצֵ֨אתָ֙		attached-word	attached	0.4281	approved	0				AuxiliaryVerb of 'geführt', by the parse of UDPipe's German-HDT model (Straka and Straková, ÚFAL, CC BY-NC-SA 4.0)
8:52	22	sie		18	קָרְאָ֥ם		attached-word	attached	0.6763	approved	0				SubjectPronoun of 'anrufen', by the parse of UDPipe's German-HDT model (Straka and Straková, ÚFAL, CC BY-NC-SA 4.0)
8:53	17	hast		14	דִּבַּ֜רְתָּ		attached-word	attached	0.5953	approved	0				AuxiliaryVerb of 'geredet', by the parse of UDPipe's German-HDT model (Straka and Straková, ÚFAL, CC BY-NC-SA 4.0)
8:56	2	sei		1	בָּר֣וּךְ		attached-word	attached	0.625	approved	0				AuxiliaryVerb of 'Gelobet', by the parse of UDPipe's German-HDT model (Straka and Straková, ÚFAL, CC BY-NC-SA 4.0)
8:56	11	hat		4	נָתַ֤ן		attached-word	attached	0.6446	approved	0				AuxiliaryVerb of 'gegeben', by the parse of UDPipe's German-HDT model (Straka and Straková, ÚFAL, CC BY-NC-SA 4.0)
8:56	13	er		12	דִּבֵּ֑ר		attached-word	attached	0.5953	approved	0				SubjectPronoun of 'geredet', by the parse of UDPipe's German-HDT model (Straka and Straková, ÚFAL, CC BY-NC-SA 4.0)
8:56	15	hat		12	דִּבֵּ֑ר		attached-word	attached	0.5953	approved	0				AuxiliaryVerb of 'geredet', by the parse of UDPipe's German-HDT model (Straka and Straková, ÚFAL, CC BY-NC-SA 4.0)
8:56	27	er		23	דִּבֶּ֔ר		attached-word	attached	0.5953	approved	0				SubjectPronoun of 'geredet', by the parse of UDPipe's German-HDT model (Straka and Straková, ÚFAL, CC BY-NC-SA 4.0)
8:56	29	hat		23	דִּבֶּ֔ר		attached-word	attached	0.5953	approved	0				AuxiliaryVerb of 'geredet', by the parse of UDPipe's German-HDT model (Straka and Straková, ÚFAL, CC BY-NC-SA 4.0)
8:57	15	Er		11	יַעַזְבֵ֖נוּ		attached-word	attached	0.4429	approved	0				SubjectPronoun of 'verlasse', by the parse of UDPipe's German-HDT model (Straka and Straková, ÚFAL, CC BY-NC-SA 4.0)
8:58	22	er		19	צִוָּ֖ה		attached-word	attached	0.475	approved	0				SubjectPronoun of 'geboten', by the parse of UDPipe's German-HDT model (Straka and Straková, ÚFAL, CC BY-NC-SA 4.0)
8:58	26	hat		19	צִוָּ֖ה		attached-word	attached	0.475	approved	0				AuxiliaryVerb of 'geboten', by the parse of UDPipe's German-HDT model (Straka and Straková, ÚFAL, CC BY-NC-SA 4.0)
8:63	6	er		9	זָבַ֣ח		attached-word	attached	0.4538	approved	0				SubjectPronoun of 'opferte', by the parse of UDPipe's German-HDT model (Straka and Straková, ÚFAL, CC BY-NC-SA 4.0)
8:63	17	sie		24	יַּחְנְכוּ֙		attached-word	attached	0.3625	approved	0				SubjectPronoun of 'weihten', by the parse of UDPipe's German-HDT model (Straka and Straková, ÚFAL, CC BY-NC-SA 4.0)
8:64	19	er		19	עָ֣שָׂה		attached-word	attached	0.475	approved	0				SubjectPronoun of 'ausrichtete', by the parse of UDPipe's German-HDT model (Straka and Straková, ÚFAL, CC BY-NC-SA 4.0)
8:66	11	sie		11	יְבָרֲכ֖וּ		attached-word	attached	0.7	approved	0				SubjectPronoun of 'segneten', by the parse of UDPipe's German-HDT model (Straka and Straková, ÚFAL, CC BY-NC-SA 4.0)
8:66	42	hatte		28	עָשָׂ֤ה		attached-word	attached	0.5647	approved	0				AuxiliaryVerb of 'getan', by the parse of UDPipe's German-HDT model (Straka and Straková, ÚFAL, CC BY-NC-SA 4.0)
9:2	8	er		9	נִרְאָ֥ה		attached-word	attached	0.7	approved	0				SubjectPronoun of 'erschienen', by the parse of UDPipe's German-HDT model (Straka and Straková, ÚFAL, CC BY-NC-SA 4.0)
9:3	7	Ich		5	שָׁ֠מַעְתִּי		attached-word	attached	0.6486	approved	0				SubjectPronoun of 'gehört', by the parse of UDPipe's German-HDT model (Straka and Straková, ÚFAL, CC BY-NC-SA 4.0)
9:3	21	habe		15	הִקְדַּ֗שְׁתִּי		attached-word	attached	0.5239	approved	0				AuxiliaryVerb of 'geheiligt', by the parse of UDPipe's German-HDT model (Straka and Straková, ÚFAL, CC BY-NC-SA 4.0)
9:3	26	du		22	בָּנִ֔תָה		attached-word	attached	0.625	approved	0				SubjectPronoun of 'gebaut', by the parse of UDPipe's German-HDT model (Straka and Straková, ÚFAL, CC BY-NC-SA 4.0)
9:3	28	hast		22	בָּנִ֔תָה		attached-word	attached	0.625	approved	0				AuxiliaryVerb of 'gebaut', by the parse of UDPipe's German-HDT model (Straka and Straková, ÚFAL, CC BY-NC-SA 4.0)
9:4	13	hat		9	הָלַ֜ךְ		attached-word	attached	0.6357	approved	0				AuxiliaryVerb of 'gewandelt', by the parse of UDPipe's German-HDT model (Straka and Straková, ÚFAL, CC BY-NC-SA 4.0)
9:4	24	ich		23	צִוִּיתִ֑יךָ		attached-word	attached	0.475	approved	0				SubjectPronoun of 'geboten', by the parse of UDPipe's German-HDT model (Straka and Straková, ÚFAL, CC BY-NC-SA 4.0)
9:4	27	habe		23	צִוִּיתִ֑יךָ		attached-word	attached	0.475	approved	0				AuxiliaryVerb of 'geboten', by the parse of UDPipe's German-HDT model (Straka and Straková, ÚFAL, CC BY-NC-SA 4.0)
9:5	3	ich		2	הֲקִ֨מֹתִ֜י		attached-word	attached	0.43	approved	0				SubjectPronoun of 'bestätigen', by the parse of UDPipe's German-HDT model (Straka and Straková, ÚFAL, CC BY-NC-SA 4.0)
9:5	13	ich		12	דִּבַּ֗רְתִּי		attached-word	attached	0.595	approved	0				SubjectPronoun of 'geredet', by the parse of UDPipe's German-HDT model (Straka and Straková, ÚFAL, CC BY-NC-SA 4.0)
9:5	18	habe		12	דִּבַּ֗רְתִּי		attached-word	attached	0.595	approved	0				AuxiliaryVerb of 'geredet', by the parse of UDPipe's German-HDT model (Straka and Straková, ÚFAL, CC BY-NC-SA 4.0)
9:6	20	ich		15	נָתַ֖תִּי		attached-word	attached	0.7	approved	0				SubjectPronoun of 'vorgelegt', by the parse of UDPipe's German-HDT model (Straka and Straková, ÚFAL, CC BY-NC-SA 4.0)
9:6	23	habe		15	נָתַ֖תִּי		attached-word	attached	0.7	approved	0				AuxiliaryVerb of 'vorgelegt', by the parse of UDPipe's German-HDT model (Straka and Straková, ÚFAL, CC BY-NC-SA 4.0)
9:7	3	ich		2	הִכְרַתִּ֣י		attached-word	attached	0.6062	approved	0				SubjectPronoun of 'ausrotten', by the parse of UDPipe's German-HDT model (Straka and Straková, ÚFAL, CC BY-NC-SA 4.0)
9:7	10	ich		11	נָתַ֣תִּי		attached-word	attached	0.6443	approved	0				SubjectPronoun of 'gegeben', by the parse of UDPipe's German-HDT model (Straka and Straková, ÚFAL, CC BY-NC-SA 4.0)
9:7	13	habe		11	נָתַ֣תִּי		attached-word	attached	0.6443	approved	0				AuxiliaryVerb of 'gegeben', by the parse of UDPipe's German-HDT model (Straka and Straková, ÚFAL, CC BY-NC-SA 4.0)
9:7	18	ich		18	הִקְדַּ֣שְׁתִּי		attached-word	attached	0.5239	approved	0				SubjectPronoun of 'geheiligt', by the parse of UDPipe's German-HDT model (Straka and Straková, ÚFAL, CC BY-NC-SA 4.0)
9:7	20	habe		18	הִקְדַּ֣שְׁתִּי		attached-word	attached	0.5239	approved	0				AuxiliaryVerb of 'geheiligt', by the parse of UDPipe's German-HDT model (Straka and Straková, ÚFAL, CC BY-NC-SA 4.0)
9:8	11	werden		11	יִשֹּׁ֣ם		attached-word	attached	0.46	approved	0				AuxiliaryVerb of 'entsetzen', by the parse of UDPipe's German-HDT model (Straka and Straková, ÚFAL, CC BY-NC-SA 4.0)
9:8	19	hat		18	עָשָׂ֤ה		attached-word	attached	0.5603	approved	0				AuxiliaryVerb of 'getan', by the parse of UDPipe's German-HDT model (Straka and Straková, ÚFAL, CC BY-NC-SA 4.0)
9:9	2	wird		2	אָמְר֗וּ		attached-word	attached	0.277	approved	0				AuxiliaryVerb of 'antworten', by the parse of UDPipe's German-HDT model (Straka and Straková, ÚFAL, CC BY-NC-SA 4.0)
9:9	7	sie		5	עָזְב֜וּ		attached-word	attached	0.6018	approved	0				SubjectPronoun of 'verlassen', by the parse of UDPipe's German-HDT model (Straka and Straková, ÚFAL, CC BY-NC-SA 4.0)
9:9	13	haben		5	עָזְב֜וּ		attached-word	attached	0.6018	approved	0				AuxiliaryVerb of 'verlassen', by the parse of UDPipe's German-HDT model (Straka and Straková, ÚFAL, CC BY-NC-SA 4.0)
9:9	32	hat		28	הֵבִ֤יא		attached-word	attached	0.4167	approved	0				AuxiliaryVerb of 'gebracht', by the parse of UDPipe's German-HDT model (Straka and Straková, ÚFAL, CC BY-NC-SA 4.0)
9:12	15	hatte		12	נָתַן		attached-word	attached	0.6443	approved	0				AuxiliaryVerb of 'gegeben', by the parse of UDPipe's German-HDT model (Straka and Straková, ÚFAL, CC BY-NC-SA 4.0)
9:13	12	du		9	נָתַ֥תָּה		attached-word	attached	0.6443	approved	0				SubjectPronoun of 'gegeben', by the parse of UDPipe's German-HDT model (Straka and Straková, ÚFAL, CC BY-NC-SA 4.0)
9:13	15	hast		9	נָתַ֥תָּה		attached-word	attached	0.6443	approved	0				AuxiliaryVerb of 'gegeben', by the parse of UDPipe's German-HDT model (Straka and Straková, ÚFAL, CC BY-NC-SA 4.0)
9:14	3	hatte		2	יִּשְׁלַ֥ח		attached-word	attached	0.6719	approved	0				AuxiliaryVerb of 'gesandt', by the parse of UDPipe's German-HDT model (Straka and Straková, ÚFAL, CC BY-NC-SA 4.0)
9:16	7	war		4	עָלָ֗ה		attached-word	attached	0.7	approved	0				AuxiliaryVerb of 'heraufgekommen', by the parse of UDPipe's German-HDT model (Straka and Straková, ÚFAL, CC BY-NC-SA 4.0)
9:16	10	hatte		6	יִּלְכֹּ֤ד		attached-word	attached	0.5	approved	0				AuxiliaryVerb of 'gewonnen', by the parse of UDPipe's German-HDT model (Straka and Straková, ÚFAL, CC BY-NC-SA 4.0)
9:16	27	hatte		25	יִּתְּנָהּ֙		attached-word	attached	0.6443	approved	0				AuxiliaryVerb of 'gegeben', by the parse of UDPipe's German-HDT model (Straka and Straková, ÚFAL, CC BY-NC-SA 4.0)
9:24	15	er		11	בָּֽנָה		attached-word	attached	0.625	approved	0				SubjectPronoun of 'gebaut', by the parse of UDPipe's German-HDT model (Straka and Straková, ÚFAL, CC BY-NC-SA 4.0)
9:24	19	hatte		11	בָּֽנָה		attached-word	attached	0.625	approved	0				AuxiliaryVerb of 'gebaut', by the parse of UDPipe's German-HDT model (Straka and Straková, ÚFAL, CC BY-NC-SA 4.0)
9:24	22	er		14	בָּנָ֥ה		attached-word	attached	0.5875	approved	0				SubjectPronoun of 'baute', by the parse of UDPipe's German-HDT model (Straka and Straková, ÚFAL, CC BY-NC-SA 4.0)
9:25	14	er		16	בָּנָ֣ה		attached-word	attached	0.625	approved	0				SubjectPronoun of 'gebaut', by the parse of UDPipe's German-HDT model (Straka and Straková, ÚFAL, CC BY-NC-SA 4.0)
9:25	18	hatte		16	בָּנָ֣ה		attached-word	attached	0.625	approved	0				AuxiliaryVerb of 'gebaut', by the parse of UDPipe's German-HDT model (Straka and Straková, ÚFAL, CC BY-NC-SA 4.0)
9:27	16	waren		11	יֹדְעֵ֖י		attached-word	attached	0.6565	approved	0				AuxiliaryVerb of 'erfahren', by the parse of UDPipe's German-HDT model (Straka and Straková, ÚFAL, CC BY-NC-SA 4.0)
9:28	2	sie		2	יָּבֹ֣אוּ		attached-word	attached	0.6383	approved	0				SubjectPronoun of 'kamen', by the parse of UDPipe's German-HDT model (Straka and Straková, ÚFAL, CC BY-NC-SA 4.0)
10:1	20	sie		12	תָּבֹ֥א		attached-word	attached	0.5703	approved	0				SubjectPronoun of 'kam', by the parse of UDPipe's German-HDT model (Straka and Straková, ÚFAL, CC BY-NC-SA 4.0)
10:2	2	sie		2	תָּבֹ֣א		attached-word	attached	0.5703	approved	0				SubjectPronoun of 'kam', by the parse of UDPipe's German-HDT model (Straka and Straková, ÚFAL, CC BY-NC-SA 4.0)
10:2	22	sie		19	תָּבֹא֙		attached-word	attached	0.65	approved	0				SubjectPronoun of 'hineinkam', by the parse of UDPipe's German-HDT model (Straka and Straková, ÚFAL, CC BY-NC-SA 4.0)
10:2	28	sie		23	תְּדַבֵּ֣ר		attached-word	attached	0.6682	approved	0				SubjectPronoun of 'redete', by the parse of UDPipe's German-HDT model (Straka and Straková, ÚFAL, CC BY-NC-SA 4.0)
10:2	35	hatte		28	הָיָ֖ה		attached-word	attached	0.34	approved	0				AuxiliaryVerb of 'vorgenommen', by the parse of UDPipe's German-HDT model (Straka and Straková, ÚFAL, CC BY-NC-SA 4.0)
10:3	8	war		9	הָיָ֤ה		attached-word	attached	0.2865	approved	0				AuxiliaryVerb of 'verborgen', by the parse of UDPipe's German-HDT model (Straka and Straková, ÚFAL, CC BY-NC-SA 4.0)
10:3	14	er		17	הִגִּ֖יד		attached-word	attached	0.4536	approved	0				SubjectPronoun of 'sagte', by the parse of UDPipe's German-HDT model (Straka and Straková, ÚFAL, CC BY-NC-SA 4.0)
10:4	15	er		13	בָּנָֽה		attached-word	attached	0.625	approved	0				SubjectPronoun of 'gebaut', by the parse of UDPipe's German-HDT model (Straka and Straková, ÚFAL, CC BY-NC-SA 4.0)
10:4	17	hatte		13	בָּנָֽה		attached-word	attached	0.625	approved	0				AuxiliaryVerb of 'gebaut', by the parse of UDPipe's German-HDT model (Straka and Straková, ÚFAL, CC BY-NC-SA 4.0)
10:5	25	er		17	יַעֲלֶ֖ה		attached-word	attached	0.4583	approved	0				SubjectPronoun of 'opferte', by the parse of UDPipe's German-HDT model (Straka and Straková, ÚFAL, CC BY-NC-SA 4.0)
10:6	9	ich		11	שָׁמַ֖עְתִּי		attached-word	attached	0.6493	approved	0				SubjectPronoun of 'gehört', by the parse of UDPipe's German-HDT model (Straka and Straková, ÚFAL, CC BY-NC-SA 4.0)
10:6	14	habe		11	שָׁמַ֖עְתִּי		attached-word	attached	0.6493	approved	0				AuxiliaryVerb of 'gehört', by the parse of UDPipe's German-HDT model (Straka and Straková, ÚFAL, CC BY-NC-SA 4.0)
10:7	9	ich		9	בָּ֨אתִי֙		attached-word	attached	0.5923	approved	0				SubjectPronoun of 'gekommen', by the parse of UDPipe's German-HDT model (Straka and Straková, ÚFAL, CC BY-NC-SA 4.0)
10:7	11	bin		9	בָּ֨אתִי֙		attached-word	attached	0.5923	approved	0				AuxiliaryVerb of 'gekommen', by the parse of UDPipe's German-HDT model (Straka and Straková, ÚFAL, CC BY-NC-SA 4.0)
10:7	13	habe		11	תִּרְאֶ֣ינָה		attached-word	attached	0.6708	approved	0				AuxiliaryVerb of 'gesehen', by the parse of UDPipe's German-HDT model (Straka and Straková, ÚFAL, CC BY-NC-SA 4.0)
10:7	39	ich		28	שָׁמָֽעְתִּי		attached-word	attached	0.6493	approved	0				SubjectPronoun of 'gehört', by the parse of UDPipe's German-HDT model (Straka and Straková, ÚFAL, CC BY-NC-SA 4.0)
10:7	41	habe		28	שָׁמָֽעְתִּי		attached-word	attached	0.6493	approved	0				AuxiliaryVerb of 'gehört', by the parse of UDPipe's German-HDT model (Straka and Straková, ÚFAL, CC BY-NC-SA 4.0)
10:10	2	sie		2	תִּתֵּ֨ן		attached-word	attached	0.6162	approved	0				SubjectPronoun of 'gab', by the parse of UDPipe's German-HDT model (Straka and Straková, ÚFAL, CC BY-NC-SA 4.0)
10:13	18	er		18	נָֽתַן		attached-word	attached	0.6162	approved	0				SubjectPronoun of 'gab', by the parse of UDPipe's German-HDT model (Straka and Straková, ÚFAL, CC BY-NC-SA 4.0)
10:16	15	er		2	יַּ֨עַשׂ		attached-word	attached	0.5143	approved	0				SubjectPronoun of 'tat', by the parse of UDPipe's German-HDT model (Straka and Straková, ÚFAL, CC BY-NC-SA 4.0)
10:24	20	hatte		14	נָתַ֥ן		attached-word	attached	0.6446	approved	0				AuxiliaryVerb of 'gegeben', by the parse of UDPipe's German-HDT model (Straka and Straková, ÚFAL, CC BY-NC-SA 4.0)
11:2	8	hatte		5	אָֽמַר		attached-word	attached	0.5968	approved	0				AuxiliaryVerb of 'gesagt', by the parse of UDPipe's German-HDT model (Straka and Straková, ÚFAL, CC BY-NC-SA 4.0)
11:9	23	war		15	נִּרְאָ֥ה		attached-word	attached	0.7	approved	0				AuxiliaryVerb of 'erschienen', by the parse of UDPipe's German-HDT model (Straka and Straková, ÚFAL, CC BY-NC-SA 4.0)
11:10	5	hatte		2	צִוָּ֤ה		attached-word	attached	0.475	approved	0				AuxiliaryVerb of 'geboten', by the parse of UDPipe's German-HDT model (Straka and Straková, ÚFAL, CC BY-NC-SA 4.0)
11:10	18	hatte		17	שָׁמַ֔ר		attached-word	attached	0.3921	approved	0				AuxiliaryVerb of 'gehalten', by the parse of UDPipe's German-HDT model (Straka and Straková, ÚFAL, CC BY-NC-SA 4.0)
11:10	24	hatte		20	צִוָּ֖ה		attached-word	attached	0.475	approved	0				AuxiliaryVerb of 'geboten', by the parse of UDPipe's German-HDT model (Straka and Straková, ÚFAL, CC BY-NC-SA 4.0)
11:11	12	ist		8	הָֽיְתָה		attached-word	attached	0.4391	approved	0				AuxiliaryVerb of 'geschehen', by the parse of UDPipe's German-HDT model (Straka and Straková, ÚFAL, CC BY-NC-SA 4.0)
11:11	14	hast		13	שָׁמַ֨רְתָּ֙		attached-word	attached	0.3921	approved	0				AuxiliaryVerb of 'gehalten', by the parse of UDPipe's German-HDT model (Straka and Straková, ÚFAL, CC BY-NC-SA 4.0)
11:11	23	ich		18	צִוִּ֖יתִי		attached-word	attached	0.475	approved	0				SubjectPronoun of 'geboten', by the parse of UDPipe's German-HDT model (Straka and Straková, ÚFAL, CC BY-NC-SA 4.0)
11:11	26	habe		18	צִוִּ֖יתִי		attached-word	attached	0.475	approved	0				AuxiliaryVerb of 'geboten', by the parse of UDPipe's German-HDT model (Straka and Straková, ÚFAL, CC BY-NC-SA 4.0)
11:13	2	ich		7	אֶקְרָ֔ע		attached-word	attached	0.3143	approved	0				SubjectPronoun of 'abreißen', by the parse of UDPipe's German-HDT model (Straka and Straková, ÚFAL, CC BY-NC-SA 4.0)
11:13	12	ich		10	אֶתֵּ֣ן		attached-word	attached	0.6254	approved	0				SubjectPronoun of 'geben', by the parse of UDPipe's German-HDT model (Straka and Straková, ÚFAL, CC BY-NC-SA 4.0)
11:13	26	ich		20	בָּחָֽרְתִּי		attached-word	attached	0.6812	approved	0				SubjectPronoun of 'erwählt', by the parse of UDPipe's German-HDT model (Straka and Straková, ÚFAL, CC BY-NC-SA 4.0)
11:15	17	er		20	יַּ֥ךְ		attached-word	attached	0.6503	approved	0				SubjectPronoun of 'schlug', by the parse of UDPipe's German-HDT model (Straka and Straková, ÚFAL, CC BY-NC-SA 4.0)
11:16	12	er		11	הִכְרִ֥ית		attached-word	attached	0.7	approved	0				SubjectPronoun of 'ausrottete', by the parse of UDPipe's German-HDT model (Straka and Straková, ÚFAL, CC BY-NC-SA 4.0)
11:19	10	er		10	יִּתֶּן		attached-word	attached	0.617	approved	0				SubjectPronoun of 'gab', by the parse of UDPipe's German-HDT model (Straka and Straková, ÚFAL, CC BY-NC-SA 4.0)
11:21	22	er		19	יֹּ֤אמֶר		attached-word	attached	0.6899	approved	0				SubjectPronoun of 'sprach', by the parse of UDPipe's German-HDT model (Straka and Straková, ÚFAL, CC BY-NC-SA 4.0)
11:22	17	Er		18	יֹּ֣אמֶר		attached-word	attached	0.6899	approved	0				SubjectPronoun of 'sprach', by the parse of UDPipe's German-HDT model (Straka and Straková, ÚFAL, CC BY-NC-SA 4.0)
11:23	21	war		11	בָּרַ֗ח		attached-word	attached	0.49	approved	0				AuxiliaryVerb of 'geflohen', by the parse of UDPipe's German-HDT model (Straka and Straková, ÚFAL, CC BY-NC-SA 4.0)
11:24	17	sie		14	יֵּלְכ֤וּ		attached-word	attached	0.2815	approved	0				SubjectPronoun of 'zogen', by the parse of UDPipe's German-HDT model (Straka and Straková, ÚFAL, CC BY-NC-SA 4.0)
11:32	18	ich		17	בָּחַ֣רְתִּי		attached-word	attached	0.6812	approved	0				SubjectPronoun of 'erwählt', by the parse of UDPipe's German-HDT model (Straka and Straková, ÚFAL, CC BY-NC-SA 4.0)
11:33	3	sie		3	עֲזָב֗וּנִי		attached-word	attached	0.6009	approved	0				SubjectPronoun of 'verlassen', by the parse of UDPipe's German-HDT model (Straka and Straková, ÚFAL, CC BY-NC-SA 4.0)
11:33	8	haben		3	עֲזָב֗וּנִי		attached-word	attached	0.6009	approved	0				AuxiliaryVerb of 'verlassen', by the parse of UDPipe's German-HDT model (Straka and Straková, ÚFAL, CC BY-NC-SA 4.0)
11:34	1	Ich		3	אֶקַּ֥ח		attached-word	attached	0.5738	approved	0				SubjectPronoun of 'nehmen', by the parse of UDPipe's German-HDT model (Straka and Straková, ÚFAL, CC BY-NC-SA 4.0)
11:34	28	ich		20	בָּחַ֣רְתִּי		attached-word	attached	0.6812	approved	0				SubjectPronoun of 'erwählt', by the parse of UDPipe's German-HDT model (Straka and Straková, ÚFAL, CC BY-NC-SA 4.0)
11:34	37	hat		23	שָׁמַ֖ר		attached-word	attached	0.3921	approved	0				AuxiliaryVerb of 'gehalten', by the parse of UDPipe's German-HDT model (Straka and Straková, ÚFAL, CC BY-NC-SA 4.0)
11:35	7	ich		2	לָקַחְתִּ֥י		attached-word	attached	0.5738	approved	0				SubjectPronoun of 'nehmen', by the parse of UDPipe's German-HDT model (Straka and Straková, ÚFAL, CC BY-NC-SA 4.0)
11:36	23	ich		23	בָּחַ֣רְתִּי		attached-word	attached	0.6812	approved	0				SubjectPronoun of 'erwählt', by the parse of UDPipe's German-HDT model (Straka and Straková, ÚFAL, CC BY-NC-SA 4.0)
11:37	3	ich		3	אֶקַּ֔ח		attached-word	attached	0.5738	approved	0				SubjectPronoun of 'nehmen', by the parse of UDPipe's German-HDT model (Straka and Straková, ÚFAL, CC BY-NC-SA 4.0)
11:38	2	du		4	תִּשְׁמַע֮		attached-word	attached	0.6667	approved	0				SubjectPronoun of 'gehorchen', by the parse of UDPipe's German-HDT model (Straka and Straková, ÚFAL, CC BY-NC-SA 4.0)
11:38	7	ich		8	אֲצַוֶּךָ֒		attached-word	attached	0.7	approved	0				SubjectPronoun of 'gebieten', by the parse of UDPipe's German-HDT model (Straka and Straková, ÚFAL, CC BY-NC-SA 4.0)
11:38	10	werde		8	אֲצַוֶּךָ֒		attached-word	attached	0.7	approved	0				AuxiliaryVerb of 'gebieten', by the parse of UDPipe's German-HDT model (Straka and Straková, ÚFAL, CC BY-NC-SA 4.0)
11:38	33	hat		26	עָשָׂ֖ה		attached-word	attached	0.5611	approved	0				AuxiliaryVerb of 'getan', by the parse of UDPipe's German-HDT model (Straka and Straková, ÚFAL, CC BY-NC-SA 4.0)
11:38	47	ich		39	בָּנִ֣יתִי		attached-word	attached	0.625	approved	0				SubjectPronoun of 'gebaut', by the parse of UDPipe's German-HDT model (Straka and Straková, ÚFAL, CC BY-NC-SA 4.0)
11:38	50	habe		39	בָּנִ֣יתִי		attached-word	attached	0.625	approved	0				AuxiliaryVerb of 'gebaut', by the parse of UDPipe's German-HDT model (Straka and Straková, ÚFAL, CC BY-NC-SA 4.0)
11:41	11	er		8	עָשָׂ֖ה		attached-word	attached	0.5611	approved	0				SubjectPronoun of 'getan', by the parse of UDPipe's German-HDT model (Straka and Straková, ÚFAL, CC BY-NC-SA 4.0)
11:41	13	hat		8	עָשָׂ֖ה		attached-word	attached	0.5611	approved	0				AuxiliaryVerb of 'getan', by the parse of UDPipe's German-HDT model (Straka and Straková, ÚFAL, CC BY-NC-SA 4.0)
11:41	18	ist		14	כְּתֻבִ֔ים		attached-word	attached	0.6886	approved	0				AuxiliaryVerb of 'geschrieben', by the parse of UDPipe's German-HDT model (Straka and Straková, ÚFAL, CC BY-NC-SA 4.0)
12:1	10	war		7	בָּ֥א		attached-word	attached	0.5914	approved	0				AuxiliaryVerb of 'gekommen', by the parse of UDPipe's German-HDT model (Straka and Straková, ÚFAL, CC BY-NC-SA 4.0)
12:2	21	war		14	בָּרַ֔ח		attached-word	attached	0.475	approved	0				AuxiliaryVerb of 'geflohen', by the parse of UDPipe's German-HDT model (Straka and Straková, ÚFAL, CC BY-NC-SA 4.0)
12:3	2	sie		4	יִּקְרְאוּ		attached-word	attached	0.6189	approved	0				SubjectPronoun of 'rufen', by the parse of UDPipe's German-HDT model (Straka and Straková, ÚFAL, CC BY-NC-SA 4.0)
12:5	1	Er		2	יֹּ֣אמֶר		attached-word	attached	0.6899	approved	0				SubjectPronoun of 'sprach', by the parse of UDPipe's German-HDT model (Straka and Straková, ÚFAL, CC BY-NC-SA 4.0)
12:9	18	haben		19	אמֹ֔ר		attached-word	attached	0.5962	approved	0				AuxiliaryVerb of 'gesagt', by the parse of UDPipe's German-HDT model (Straka and Straková, ÚFAL, CC BY-NC-SA 4.0)
12:11	4	hat		4	הֶעְמִ֤יס		attached-word	attached	0.295	approved	0				AuxiliaryVerb of 'geladen', by the parse of UDPipe's German-HDT model (Straka and Straková, ÚFAL, CC BY-NC-SA 4.0)
12:11	22	hat		14	יִסַּ֤ר		attached-word	attached	0.61	approved	0				AuxiliaryVerb of 'gezüchtigt', by the parse of UDPipe's German-HDT model (Straka and Straková, ÚFAL, CC BY-NC-SA 4.0)
12:12	17	hatte		17	דִּבֶּ֤ר		attached-word	attached	0.2904	approved	0				AuxiliaryVerb of 'gesagt', by the parse of UDPipe's German-HDT model (Straka and Straková, ÚFAL, CC BY-NC-SA 4.0)
12:14	30	hat		20	יִסַּ֤ר		attached-word	attached	0.61	approved	0				AuxiliaryVerb of 'gezüchtigt', by the parse of UDPipe's German-HDT model (Straka and Straková, ÚFAL, CC BY-NC-SA 4.0)
12:15	23	er		20	דִּבֶּ֤ר		attached-word	attached	0.595	approved	0				SubjectPronoun of 'geredet', by the parse of UDPipe's German-HDT model (Straka and Straková, ÚFAL, CC BY-NC-SA 4.0)
12:15	29	hatte		20	דִּבֶּ֤ר		attached-word	attached	0.595	approved	0				AuxiliaryVerb of 'geredet', by the parse of UDPipe's German-HDT model (Straka and Straková, ÚFAL, CC BY-NC-SA 4.0)
12:20	8	war		8	שָׁ֣ב		attached-word	attached	0.7	approved	0				AuxiliaryVerb of 'wiedergekommen', by the parse of UDPipe's German-HDT model (Straka and Straková, ÚFAL, CC BY-NC-SA 4.0)
12:21	8	er		6	יַּקְהֵל֩		attached-word	attached	0.3029	approved	0				SubjectPronoun of 'sammelte', by the parse of UDPipe's German-HDT model (Straka and Straková, ÚFAL, CC BY-NC-SA 4.0)
12:24	5	Ihr		5	תַעֲלוּ֩		attached-word	attached	0.7	approved	0				SubjectPronoun of 'hinaufziehen', by the parse of UDPipe's German-HDT model (Straka and Straková, ÚFAL, CC BY-NC-SA 4.0)
12:24	28	sie		26	יִּשְׁמְעוּ֙		attached-word	attached	0.7	approved	0				SubjectPronoun of 'gehorchten', by the parse of UDPipe's German-HDT model (Straka and Straková, ÚFAL, CC BY-NC-SA 4.0)
12:24	44	hatte		2	אָמַ֣ר		attached-word	attached	0.5962	approved	0				AuxiliaryVerb of 'gesagt', by the parse of UDPipe's German-HDT model (Straka and Straková, ÚFAL, CC BY-NC-SA 4.0)
12:27	4	soll		2	יַעֲלֶ֣ה		attached-word	attached	0.7	approved	0				AuxiliaryVerb of 'hinaufgehen', by the parse of UDPipe's German-HDT model (Straka and Straková, ÚFAL, CC BY-NC-SA 4.0)
12:28	27	sind		22	הֶעֱל֖וּךָ		attached-word	attached	0.3694	approved	0				AuxiliaryVerb of 'geführt', by the parse of UDPipe's German-HDT model (Straka and Straková, ÚFAL, CC BY-NC-SA 4.0)
12:28	36	haben		22	הֶעֱל֖וּךָ		attached-word	attached	0.3694	approved	0				AuxiliaryVerb of 'geführt', by the parse of UDPipe's German-HDT model (Straka and Straková, ÚFAL, CC BY-NC-SA 4.0)
12:31	1	Er		2	יַּ֖עַשׂ		attached-word	attached	0.4995	approved	0				SubjectPronoun of 'machte', by the parse of UDPipe's German-HDT model (Straka and Straková, ÚFAL, CC BY-NC-SA 4.0)
12:32	2	er		2	יַּ֣עַשׂ		attached-word	attached	0.4995	approved	0				SubjectPronoun of 'machte', by the parse of UDPipe's German-HDT model (Straka and Straková, ÚFAL, CC BY-NC-SA 4.0)
12:32	24	er		29	עָשָׂה֙		attached-word	attached	0.5133	approved	0				SubjectPronoun of 'tat', by the parse of UDPipe's German-HDT model (Straka and Straková, ÚFAL, CC BY-NC-SA 4.0)
12:32	33	er		38	עָשָׂ֑ה		attached-word	attached	0.3876	approved	0				SubjectPronoun of 'gemacht', by the parse of UDPipe's German-HDT model (Straka and Straková, ÚFAL, CC BY-NC-SA 4.0)
12:32	35	hatte		38	עָשָׂ֑ה		attached-word	attached	0.3876	approved	0				AuxiliaryVerb of 'gemacht', by the parse of UDPipe's German-HDT model (Straka and Straková, ÚFAL, CC BY-NC-SA 4.0)
12:32	45	er		48	עָשָֽׂה		attached-word	attached	0.3876	approved	0				SubjectPronoun of 'gemacht', by the parse of UDPipe's German-HDT model (Straka and Straková, ÚFAL, CC BY-NC-SA 4.0)
12:32	47	hatte		48	עָשָֽׂה		attached-word	attached	0.3876	approved	0				AuxiliaryVerb of 'gemacht', by the parse of UDPipe's German-HDT model (Straka and Straková, ÚFAL, CC BY-NC-SA 4.0)
12:33	7	er		7	עָשָׂ֣ה		attached-word	attached	0.3876	approved	0				SubjectPronoun of 'gemacht', by the parse of UDPipe's German-HDT model (Straka and Straková, ÚFAL, CC BY-NC-SA 4.0)
12:33	9	hatte		7	עָשָׂ֣ה		attached-word	attached	0.3876	approved	0				AuxiliaryVerb of 'gemacht', by the parse of UDPipe's German-HDT model (Straka and Straková, ÚFAL, CC BY-NC-SA 4.0)
13:2	2	er		2	יִּקְרָ֤א		attached-word	attached	0.6634	approved	0				SubjectPronoun of 'rief', by the parse of UDPipe's German-HDT model (Straka and Straková, ÚFAL, CC BY-NC-SA 4.0)
13:2	22	wird		18	נֹולָ֤ד		attached-word	attached	0.5658	approved	0				AuxiliaryVerb of 'geboren', by the parse of UDPipe's German-HDT model (Straka and Straková, ÚFAL, CC BY-NC-SA 4.0)
13:2	29	werden		18	נֹולָ֤ד		attached-word	attached	0.5658	approved	0				AuxiliaryVerb of 'geboren', by the parse of UDPipe's German-HDT model (Straka and Straková, ÚFAL, CC BY-NC-SA 4.0)
13:3	19	hat		15	דִּבֶּ֣ר		attached-word	attached	0.5938	approved	0				AuxiliaryVerb of 'geredet', by the parse of UDPipe's German-HDT model (Straka and Straková, ÚFAL, CC BY-NC-SA 4.0)
13:3	23	wird		20	נִקְרָ֔ע		attached-word	attached	0.3447	approved	0				AuxiliaryVerb of 'reißen', by the parse of UDPipe's German-HDT model (Straka and Straková, ÚFAL, CC BY-NC-SA 4.0)
13:4	20	er		20	יִּשְׁלַ֨ח		attached-word	attached	0.475	approved	0				SubjectPronoun of 'reckte', by the parse of UDPipe's German-HDT model (Straka and Straková, ÚFAL, CC BY-NC-SA 4.0)
13:5	20	hatte		16	נָתַ֛ן		attached-word	attached	0.6443	approved	0				AuxiliaryVerb of 'gegeben', by the parse of UDPipe's German-HDT model (Straka and Straková, ÚFAL, CC BY-NC-SA 4.0)
13:7	16	ich		16	אֶתְּנָ֥ה		attached-word	attached	0.6261	approved	0				SubjectPronoun of 'geben', by the parse of UDPipe's German-HDT model (Straka and Straková, ÚFAL, CC BY-NC-SA 4.0)
13:8	18	ich		16	אָבֹ֖א		attached-word	attached	0.55	approved	0				SubjectPronoun of 'käme', by the parse of UDPipe's German-HDT model (Straka and Straková, ÚFAL, CC BY-NC-SA 4.0)
13:8	24	ich		20	אֹ֤כַל		attached-word	attached	0.6443	approved	0				SubjectPronoun of 'essen', by the parse of UDPipe's German-HDT model (Straka and Straková, ÚFAL, CC BY-NC-SA 4.0)
13:9	3	ist		3	צִוָּ֣ה		attached-word	attached	0.4722	approved	0				AuxiliaryVerb of 'geboten', by the parse of UDPipe's German-HDT model (Straka and Straková, ÚFAL, CC BY-NC-SA 4.0)
13:9	12	Du		11	תֹ֥אכַל		attached-word	attached	0.6443	approved	0				SubjectPronoun of 'essen', by the parse of UDPipe's German-HDT model (Straka and Straková, ÚFAL, CC BY-NC-SA 4.0)
13:10	15	er		13	בָּ֥א		attached-word	attached	0.5923	approved	0				SubjectPronoun of 'gekommen', by the parse of UDPipe's German-HDT model (Straka and Straková, ÚFAL, CC BY-NC-SA 4.0)
13:10	19	war		13	בָּ֥א		attached-word	attached	0.5923	approved	0				AuxiliaryVerb of 'gekommen', by the parse of UDPipe's German-HDT model (Straka and Straková, ÚFAL, CC BY-NC-SA 4.0)
13:11	24	hatte		19	עָשָׂה֩		attached-word	attached	0.5611	approved	0				AuxiliaryVerb of 'getan', by the parse of UDPipe's German-HDT model (Straka and Straková, ÚFAL, CC BY-NC-SA 4.0)
13:11	33	er		31	דִּבֶּ֣ר		attached-word	attached	0.5938	approved	0				SubjectPronoun of 'geredet', by the parse of UDPipe's German-HDT model (Straka and Straková, ÚFAL, CC BY-NC-SA 4.0)
13:11	37	hatte		31	דִּבֶּ֣ר		attached-word	attached	0.5938	approved	0				AuxiliaryVerb of 'geredet', by the parse of UDPipe's German-HDT model (Straka and Straková, ÚFAL, CC BY-NC-SA 4.0)
13:12	14	ist		9	הָלָ֑ךְ		attached-word	attached	0.3	approved	0				AuxiliaryVerb of 'gezogen', by the parse of UDPipe's German-HDT model (Straka and Straková, ÚFAL, CC BY-NC-SA 4.0)
13:12	27	war		17	הָלַךְ֙		attached-word	attached	0.3	approved	0				AuxiliaryVerb of 'gezogen', by the parse of UDPipe's German-HDT model (Straka and Straková, ÚFAL, CC BY-NC-SA 4.0)
13:12	32	war		22	בָּ֖א		attached-word	attached	0.5923	approved	0				AuxiliaryVerb of 'gekommen', by the parse of UDPipe's German-HDT model (Straka and Straková, ÚFAL, CC BY-NC-SA 4.0)
13:13	1	Er		2	יֹּ֨אמֶר֙		attached-word	attached	0.6902	approved	0				SubjectPronoun of 'sprach', by the parse of UDPipe's German-HDT model (Straka and Straková, ÚFAL, CC BY-NC-SA 4.0)
13:13	13	sie		10	יַּחְבְּשׁוּ		attached-word	attached	0.7	approved	0				SubjectPronoun of 'sattelten', by the parse of UDPipe's German-HDT model (Straka and Straková, ÚFAL, CC BY-NC-SA 4.0)
13:13	19	er		15	יִּרְכַּ֖ב		attached-word	attached	0.7	approved	0				SubjectPronoun of 'ritt', by the parse of UDPipe's German-HDT model (Straka and Straková, ÚFAL, CC BY-NC-SA 4.0)
13:14	25	ist		22	בָּ֥אתָ		attached-word	attached	0.5923	approved	0				AuxiliaryVerb of 'gekommen', by the parse of UDPipe's German-HDT model (Straka and Straková, ÚFAL, CC BY-NC-SA 4.0)
13:14	26	Er		26	יֹּ֥אמֶר		attached-word	attached	0.6902	approved	0				SubjectPronoun of 'sprach', by the parse of UDPipe's German-HDT model (Straka and Straková, ÚFAL, CC BY-NC-SA 4.0)
13:15	1	Er		2	יֹּ֣אמֶר		attached-word	attached	0.6902	approved	0				SubjectPronoun of 'sprach', by the parse of UDPipe's German-HDT model (Straka and Straková, ÚFAL, CC BY-NC-SA 4.0)
13:16	1	Er		2	יֹּ֗אמֶר		attached-word	attached	0.6902	approved	0				SubjectPronoun of 'sprach', by the parse of UDPipe's German-HDT model (Straka and Straková, ÚFAL, CC BY-NC-SA 4.0)
13:16	14	ich		14	אֹ֣כַל		attached-word	attached	0.6443	approved	0				SubjectPronoun of 'essen', by the parse of UDPipe's German-HDT model (Straka and Straková, ÚFAL, CC BY-NC-SA 4.0)
13:17	13	Du		8	תֹאכַ֣ל		attached-word	attached	0.6443	approved	0				SubjectPronoun of 'essen', by the parse of UDPipe's German-HDT model (Straka and Straková, ÚFAL, CC BY-NC-SA 4.0)
13:17	23	sollst		18	לֶ֔כֶת		attached-word	attached	0.3	approved	0				AuxiliaryVerb of 'gehen', by the parse of UDPipe's German-HDT model (Straka and Straková, ÚFAL, CC BY-NC-SA 4.0)
13:17	30	du		23	הָלַ֥כְתָּ		attached-word	attached	0.3	approved	0				SubjectPronoun of 'gegangen', by the parse of UDPipe's German-HDT model (Straka and Straková, ÚFAL, CC BY-NC-SA 4.0)
13:17	32	bist		23	הָלַ֥כְתָּ		attached-word	attached	0.3	approved	0				AuxiliaryVerb of 'gegangen', by the parse of UDPipe's German-HDT model (Straka and Straková, ÚFAL, CC BY-NC-SA 4.0)
13:18	1	Er		2	יֹּ֣אמֶר		attached-word	attached	0.6902	approved	0				SubjectPronoun of 'sprach', by the parse of UDPipe's German-HDT model (Straka and Straková, ÚFAL, CC BY-NC-SA 4.0)
13:18	32	er		22	יֹ֥אכַל		attached-word	attached	0.6386	approved	0				SubjectPronoun of 'esse', by the parse of UDPipe's German-HDT model (Straka and Straková, ÚFAL, CC BY-NC-SA 4.0)
13:19	7	er		5	יֹּ֥אכַל		attached-word	attached	0.6471	approved	0				SubjectPronoun of 'aß', by the parse of UDPipe's German-HDT model (Straka and Straková, ÚFAL, CC BY-NC-SA 4.0)
13:21	2	er		2	יִּקְרָ֞א		attached-word	attached	0.6634	approved	0				SubjectPronoun of 'rief', by the parse of UDPipe's German-HDT model (Straka and Straková, ÚFAL, CC BY-NC-SA 4.0)
13:21	13	war		8	בָּ֤א		attached-word	attached	0.5923	approved	0				AuxiliaryVerb of 'gekommen', by the parse of UDPipe's German-HDT model (Straka and Straková, ÚFAL, CC BY-NC-SA 4.0)
13:21	31	hast		23	שָׁמַ֨רְתָּ֙		attached-word	attached	0.4	approved	0				AuxiliaryVerb of 'gehalten', by the parse of UDPipe's German-HDT model (Straka and Straková, ÚFAL, CC BY-NC-SA 4.0)
13:22	4	hast		4	תֹּ֤אכַל		attached-word	attached	0.6882	approved	0				AuxiliaryVerb of 'gegessen', by the parse of UDPipe's German-HDT model (Straka and Straková, ÚFAL, CC BY-NC-SA 4.0)
13:22	17	Du		16	תֹּ֥אכַל		attached-word	attached	0.6443	approved	0				SubjectPronoun of 'essen', by the parse of UDPipe's German-HDT model (Straka and Straková, ÚFAL, CC BY-NC-SA 4.0)
13:23	3	er		4	אָכְלֹ֥ו		attached-word	attached	0.6882	approved	0				SubjectPronoun of 'gegessen', by the parse of UDPipe's German-HDT model (Straka and Straková, ÚFAL, CC BY-NC-SA 4.0)
13:23	8	hatte		8	שְׁתֹותֹ֑ו		attached-word	attached	0.6719	approved	0				AuxiliaryVerb of 'getrunken', by the parse of UDPipe's German-HDT model (Straka and Straková, ÚFAL, CC BY-NC-SA 4.0)
13:24	3	er		4	יִּמְצָאֵ֧הוּ		attached-word	attached	0.6713	approved	0				SubjectPronoun of 'fand', by the parse of UDPipe's German-HDT model (Straka and Straková, ÚFAL, CC BY-NC-SA 4.0)
13:25	6	sie		6	יִּרְא֤וּ		attached-word	attached	0.6772	approved	0				SubjectPronoun of 'sahen', by the parse of UDPipe's German-HDT model (Straka and Straková, ÚFAL, CC BY-NC-SA 4.0)
13:26	27	hat		22	יִּתְּנֵ֨הוּ		attached-word	attached	0.6443	approved	0				AuxiliaryVerb of 'gegeben', by the parse of UDPipe's German-HDT model (Straka and Straková, ÚFAL, CC BY-NC-SA 4.0)
13:26	48	hat		35	דִּבֶּר		attached-word	attached	0.2906	approved	0				AuxiliaryVerb of 'gesagt', by the parse of UDPipe's German-HDT model (Straka and Straková, ÚFAL, CC BY-NC-SA 4.0)
13:28	2	er		2	יֵּ֗לֶךְ		attached-word	attached	0.3102	approved	0				SubjectPronoun of 'zog', by the parse of UDPipe's German-HDT model (Straka and Straková, ÚFAL, CC BY-NC-SA 4.0)
13:28	24	hatte		21	אָכַ֤ל		attached-word	attached	0.6625	approved	0				AuxiliaryVerb of 'gefressen', by the parse of UDPipe's German-HDT model (Straka and Straková, ÚFAL, CC BY-NC-SA 4.0)
13:30	2	er		2	יַּנַּ֥ח		attached-word	attached	0.279	approved	0				SubjectPronoun of 'legte', by the parse of UDPipe's German-HDT model (Straka and Straková, ÚFAL, CC BY-NC-SA 4.0)
13:30	10	sie		8	יִּסְפְּד֥וּ		attached-word	attached	0.625	approved	0				SubjectPronoun of 'beklagten', by the parse of UDPipe's German-HDT model (Straka and Straková, ÚFAL, CC BY-NC-SA 4.0)
13:31	6	hatten		4	קָבְרֹ֣ו		attached-word	attached	0.655	approved	0				AuxiliaryVerb of 'begraben', by the parse of UDPipe's German-HDT model (Straka and Straková, ÚFAL, CC BY-NC-SA 4.0)
13:31	8	er		7	יֹּ֤אמֶר		attached-word	attached	0.6902	approved	0				SubjectPronoun of 'sprach', by the parse of UDPipe's German-HDT model (Straka and Straková, ÚFAL, CC BY-NC-SA 4.0)
13:31	26	ist		24	קָב֣וּר		attached-word	attached	0.655	approved	0				AuxiliaryVerb of 'begraben', by the parse of UDPipe's German-HDT model (Straka and Straková, ÚFAL, CC BY-NC-SA 4.0)
13:32	3	wird		3	יִהְיֶ֜ה		attached-word	attached	0.4353	approved	0				AuxiliaryVerb of 'geschehen', by the parse of UDPipe's German-HDT model (Straka and Straková, ÚFAL, CC BY-NC-SA 4.0)
13:33	29	er		25	יְמַלֵּ֣א		attached-word	attached	0.64	approved	0				SubjectPronoun of 'füllte', by the parse of UDPipe's German-HDT model (Straka and Straková, ÚFAL, CC BY-NC-SA 4.0)
13:34	17	ward		17	הַשְׁמִ֔יד		attached-word	attached	0.4429	approved	0				AuxiliaryVerb of 'vertilgt', by the parse of UDPipe's German-HDT model (Straka and Straková, ÚFAL, CC BY-NC-SA 4.0)
14:2	36	hat		26	דִבֶּ֥ר		attached-word	attached	0.5938	approved	0				AuxiliaryVerb of 'geredet', by the parse of UDPipe's German-HDT model (Straka and Straková, ÚFAL, CC BY-NC-SA 4.0)
14:6	26	bin		24	שָׁל֥וּחַ		attached-word	attached	0.6719	approved	0				AuxiliaryVerb of 'gesandt', by the parse of UDPipe's German-HDT model (Straka and Straková, ÚFAL, CC BY-NC-SA 4.0)
14:7	13	Ich		18	אֶתֶּנְךָ֣		attached-word	attached	0.3878	approved	0				SubjectPronoun of 'gesetzt', by the parse of UDPipe's German-HDT model (Straka and Straková, ÚFAL, CC BY-NC-SA 4.0)
14:7	14	habe		18	אֶתֶּנְךָ֣		attached-word	attached	0.3878	approved	0				AuxiliaryVerb of 'gesetzt', by the parse of UDPipe's German-HDT model (Straka and Straková, ÚFAL, CC BY-NC-SA 4.0)
14:8	2	habe		2	אֶקְרַ֤ע		attached-word	attached	0.35	approved	0				AuxiliaryVerb of 'gerissen', by the parse of UDPipe's German-HDT model (Straka and Straková, ÚFAL, CC BY-NC-SA 4.0)
14:9	2	hast		4	עֲשֹׂ֔ות		attached-word	attached	0.5629	approved	0				AuxiliaryVerb of 'getan', by the parse of UDPipe's German-HDT model (Straka and Straková, ÚFAL, CC BY-NC-SA 4.0)
14:9	12	bist		12	תֵּ֡לֶךְ		attached-word	attached	0.52	approved	0				AuxiliaryVerb of 'hingegangen', by the parse of UDPipe's German-HDT model (Straka and Straková, ÚFAL, CC BY-NC-SA 4.0)
14:9	15	hast		14	תַּעֲשֶׂה		attached-word	attached	0.3878	approved	0				AuxiliaryVerb of 'gemacht', by the parse of UDPipe's German-HDT model (Straka and Straková, ÚFAL, CC BY-NC-SA 4.0)
14:9	30	hast		24	הִשְׁלַ֖כְתָּ		attached-word	attached	0.4643	approved	0				AuxiliaryVerb of 'geworfen', by the parse of UDPipe's German-HDT model (Straka and Straková, ÚFAL, CC BY-NC-SA 4.0)
14:11	9	sollen		8	יֹאכְל֣וּ		attached-word	attached	0.6088	approved	0				AuxiliaryVerb of 'fressen', by the parse of UDPipe's German-HDT model (Straka and Straková, ÚFAL, CC BY-NC-SA 4.0)
14:11	20	sollen		17	יֹאכְל֖וּ		attached-word	attached	0.6088	approved	0				AuxiliaryVerb of 'fressen', by the parse of UDPipe's German-HDT model (Straka and Straková, ÚFAL, CC BY-NC-SA 4.0)
14:12	16	wird		13	מֵ֥ת		attached-word	attached	0.6889	approved	0				AuxiliaryVerb of 'sterben', by the parse of UDPipe's German-HDT model (Straka and Straková, ÚFAL, CC BY-NC-SA 4.0)
14:13	3	wird		2	סָֽפְדוּ		attached-word	attached	0.5875	approved	0				AuxiliaryVerb of 'beklagen', by the parse of UDPipe's German-HDT model (Straka and Straková, ÚFAL, CC BY-NC-SA 4.0)
14:13	10	werden		7	קָבְר֣וּ		attached-word	attached	0.6534	approved	0				AuxiliaryVerb of 'begraben', by the parse of UDPipe's German-HDT model (Straka and Straková, ÚFAL, CC BY-NC-SA 4.0)
14:13	29	ist		19	נִמְצָא		attached-word	attached	0.3625	approved	0				AuxiliaryVerb of 'erfunden', by the parse of UDPipe's German-HDT model (Straka and Straková, ÚFAL, CC BY-NC-SA 4.0)
14:14	4	wird		2	הֵקִים֩		attached-word	attached	0.5105	approved	0				AuxiliaryVerb of 'erwecken', by the parse of UDPipe's German-HDT model (Straka and Straková, ÚFAL, CC BY-NC-SA 4.0)
14:15	4	wird		2	הִכָּ֨ה		attached-word	attached	0.6087	approved	0				AuxiliaryVerb of 'schlagen', by the parse of UDPipe's German-HDT model (Straka and Straková, ÚFAL, CC BY-NC-SA 4.0)
14:15	28	hat		27	נָתַן֙		attached-word	attached	0.6443	approved	0				AuxiliaryVerb of 'gegeben', by the parse of UDPipe's German-HDT model (Straka and Straková, ÚFAL, CC BY-NC-SA 4.0)
14:15	38	sie		39	עָשׂוּ֙		attached-word	attached	0.3878	approved	0				SubjectPronoun of 'gemacht', by the parse of UDPipe's German-HDT model (Straka and Straková, ÚFAL, CC BY-NC-SA 4.0)
14:15	42	haben		39	עָשׂוּ֙		attached-word	attached	0.3878	approved	0				AuxiliaryVerb of 'gemacht', by the parse of UDPipe's German-HDT model (Straka and Straková, ÚFAL, CC BY-NC-SA 4.0)
14:16	2	er		2	יִתֵּ֖ן		attached-word	attached	0.5412	approved	0				SubjectPronoun of 'übergeben', by the parse of UDPipe's German-HDT model (Straka and Straková, ÚFAL, CC BY-NC-SA 4.0)
14:16	3	wird		2	יִתֵּ֖ן		attached-word	attached	0.5412	approved	0				AuxiliaryVerb of 'übergeben', by the parse of UDPipe's German-HDT model (Straka and Straková, ÚFAL, CC BY-NC-SA 4.0)
14:16	14	hat		10	חָטָ֔א		attached-word	attached	0.674	approved	0				AuxiliaryVerb of 'gesündigt', by the parse of UDPipe's German-HDT model (Straka and Straková, ÚFAL, CC BY-NC-SA 4.0)
14:18	2	sie		2	יִּקְבְּר֥וּ		attached-word	attached	0.7	approved	0				SubjectPronoun of 'begruben', by the parse of UDPipe's German-HDT model (Straka and Straková, ÚFAL, CC BY-NC-SA 4.0)
14:18	16	er		13	דִּבֶּ֔ר		attached-word	attached	0.5938	approved	0				SubjectPronoun of 'geredet', by the parse of UDPipe's German-HDT model (Straka and Straková, ÚFAL, CC BY-NC-SA 4.0)
14:18	18	hatte		13	דִּבֶּ֔ר		attached-word	attached	0.5938	approved	0				AuxiliaryVerb of 'geredet', by the parse of UDPipe's German-HDT model (Straka and Straková, ÚFAL, CC BY-NC-SA 4.0)
14:19	9	er		6	נִלְחַ֖ם		attached-word	attached	0.7	approved	0				SubjectPronoun of 'gestritten', by the parse of UDPipe's German-HDT model (Straka and Straková, ÚFAL, CC BY-NC-SA 4.0)
14:19	13	hat		6	נִלְחַ֖ם		attached-word	attached	0.7	approved	0				AuxiliaryVerb of 'gestritten', by the parse of UDPipe's German-HDT model (Straka and Straková, ÚFAL, CC BY-NC-SA 4.0)
14:19	16	ist		11	כְּתוּבִ֗ים		attached-word	attached	0.6885	approved	0				AuxiliaryVerb of 'geschrieben', by the parse of UDPipe's German-HDT model (Straka and Straková, ÚFAL, CC BY-NC-SA 4.0)
14:20	11	er		12	יִּשְׁכַּב֙		attached-word	attached	0.7	approved	0				SubjectPronoun of 'entschlief', by the parse of UDPipe's German-HDT model (Straka and Straková, ÚFAL, CC BY-NC-SA 4.0)
14:22	22	hatten		2	יַּ֧עַשׂ		attached-word	attached	0.5629	approved	0				AuxiliaryVerb of 'getan', by the parse of UDPipe's German-HDT model (Straka and Straková, ÚFAL, CC BY-NC-SA 4.0)
14:22	27	sie		15	עָשׂ֣וּ		attached-word	attached	0.537	approved	0				SubjectPronoun of 'taten', by the parse of UDPipe's German-HDT model (Straka and Straková, ÚFAL, CC BY-NC-SA 4.0)
14:24	8	sie		8	עָשׂ֗וּ		attached-word	attached	0.537	approved	0				SubjectPronoun of 'taten', by the parse of UDPipe's German-HDT model (Straka and Straková, ÚFAL, CC BY-NC-SA 4.0)
14:24	22	hatte		16	הֹורִ֣ישׁ		attached-word	attached	0.4955	approved	0				AuxiliaryVerb of 'vertrieben', by the parse of UDPipe's German-HDT model (Straka and Straková, ÚFAL, CC BY-NC-SA 4.0)
14:28	13	sie		10	יִשָּׂאוּם֙		attached-word	attached	0.61	approved	0				SubjectPronoun of 'trugen', by the parse of UDPipe's German-HDT model (Straka and Straková, ÚFAL, CC BY-NC-SA 4.0)
14:29	12	er		8	עָשָׂ֑ה		attached-word	attached	0.5629	approved	0				SubjectPronoun of 'getan', by the parse of UDPipe's German-HDT model (Straka and Straková, ÚFAL, CC BY-NC-SA 4.0)
14:29	14	hat		8	עָשָׂ֑ה		attached-word	attached	0.5629	approved	0				AuxiliaryVerb of 'getan', by the parse of UDPipe's German-HDT model (Straka and Straková, ÚFAL, CC BY-NC-SA 4.0)
14:29	17	ist		12	כְתוּבִ֗ים		attached-word	attached	0.6885	approved	0				AuxiliaryVerb of 'geschrieben', by the parse of UDPipe's German-HDT model (Straka and Straková, ÚFAL, CC BY-NC-SA 4.0)
15:3	2	er		2	יֵּ֕לֶךְ		attached-word	attached	0.5286	approved	0				SubjectPronoun of 'wandelte', by the parse of UDPipe's German-HDT model (Straka and Straková, ÚFAL, CC BY-NC-SA 4.0)
15:3	10	er		8	עָשָׂ֣ה		attached-word	attached	0.5611	approved	0				SubjectPronoun of 'getan', by the parse of UDPipe's German-HDT model (Straka and Straková, ÚFAL, CC BY-NC-SA 4.0)
15:3	14	hatte		8	עָשָׂ֣ה		attached-word	attached	0.5611	approved	0				AuxiliaryVerb of 'getan', by the parse of UDPipe's German-HDT model (Straka and Straková, ÚFAL, CC BY-NC-SA 4.0)
15:5	5	hatte		2	עָשָׂ֥ה		attached-word	attached	0.5611	approved	0				AuxiliaryVerb of 'getan', by the parse of UDPipe's German-HDT model (Straka and Straková, ÚFAL, CC BY-NC-SA 4.0)
15:5	14	war		12	סָ֞ר		attached-word	attached	0.5393	approved	0				AuxiliaryVerb of 'gewichen', by the parse of UDPipe's German-HDT model (Straka and Straková, ÚFAL, CC BY-NC-SA 4.0)
15:7	12	er		8	עָשָׂ֔ה		attached-word	attached	0.5611	approved	0				SubjectPronoun of 'getan', by the parse of UDPipe's German-HDT model (Straka and Straková, ÚFAL, CC BY-NC-SA 4.0)
15:7	14	hat		8	עָשָׂ֔ה		attached-word	attached	0.5611	approved	0				AuxiliaryVerb of 'getan', by the parse of UDPipe's German-HDT model (Straka and Straková, ÚFAL, CC BY-NC-SA 4.0)
15:7	17	ist		12	כְּתוּבִ֗ים		attached-word	attached	0.6883	approved	0				AuxiliaryVerb of 'geschrieben', by the parse of UDPipe's German-HDT model (Straka and Straková, ÚFAL, CC BY-NC-SA 4.0)
15:8	8	sie		7	יִּקְבְּר֥וּ		attached-word	attached	0.7	approved	0				SubjectPronoun of 'begruben', by the parse of UDPipe's German-HDT model (Straka and Straková, ÚFAL, CC BY-NC-SA 4.0)
15:13	16	sie		11	עָשְׂתָ֥ה		attached-word	attached	0.3885	approved	0				SubjectPronoun of 'gemacht', by the parse of UDPipe's German-HDT model (Straka and Straková, ÚFAL, CC BY-NC-SA 4.0)
15:13	20	hatte		11	עָשְׂתָ֥ה		attached-word	attached	0.3885	approved	0				AuxiliaryVerb of 'gemacht', by the parse of UDPipe's German-HDT model (Straka and Straková, ÚFAL, CC BY-NC-SA 4.0)
15:15	21	er		2	יָּבֵא֙		attached-word	attached	0.5058	approved	0				SubjectPronoun of 'brachte', by the parse of UDPipe's German-HDT model (Straka and Straková, ÚFAL, CC BY-NC-SA 4.0)
15:19	18	ich		11	שָׁלַ֨חְתִּֽי		attached-word	attached	0.5914	approved	0				SubjectPronoun of 'schicke', by the parse of UDPipe's German-HDT model (Straka and Straková, ÚFAL, CC BY-NC-SA 4.0)
15:19	40	er		26	יַעֲלֶ֖ה		attached-word	attached	0.475	approved	0				SubjectPronoun of 'abziehe', by the parse of UDPipe's German-HDT model (Straka and Straková, ÚFAL, CC BY-NC-SA 4.0)
15:22	13	sie		12	יִּשְׂא֞וּ		attached-word	attached	0.2968	approved	0				SubjectPronoun of 'nahmen', by the parse of UDPipe's German-HDT model (Straka and Straková, ÚFAL, CC BY-NC-SA 4.0)
15:22	26	hatte		21	בָּנָ֖ה		attached-word	attached	0.625	approved	0				AuxiliaryVerb of 'gebaut', by the parse of UDPipe's German-HDT model (Straka and Straková, ÚFAL, CC BY-NC-SA 4.0)
15:23	16	er		12	עָשָׂ֗ה		attached-word	attached	0.5611	approved	0				SubjectPronoun of 'getan', by the parse of UDPipe's German-HDT model (Straka and Straková, ÚFAL, CC BY-NC-SA 4.0)
15:23	18	hat		12	עָשָׂ֗ה		attached-word	attached	0.5611	approved	0				AuxiliaryVerb of 'getan', by the parse of UDPipe's German-HDT model (Straka and Straková, ÚFAL, CC BY-NC-SA 4.0)
15:23	23	er		17	בָּנָ֔ה		attached-word	attached	0.625	approved	0				SubjectPronoun of 'gebaut', by the parse of UDPipe's German-HDT model (Straka and Straková, ÚFAL, CC BY-NC-SA 4.0)
15:23	25	hat		17	בָּנָ֔ה		attached-word	attached	0.625	approved	0				AuxiliaryVerb of 'gebaut', by the parse of UDPipe's German-HDT model (Straka and Straková, ÚFAL, CC BY-NC-SA 4.0)
15:23	28	ist		21	כְתוּבִ֗ים		attached-word	attached	0.6883	approved	0				AuxiliaryVerb of 'geschrieben', by the parse of UDPipe's German-HDT model (Straka and Straková, ÚFAL, CC BY-NC-SA 4.0)
15:29	7	er		5	הִכָּה֙		attached-word	attached	0.65	approved	0				SubjectPronoun of 'schlug', by the parse of UDPipe's German-HDT model (Straka and Straková, ÚFAL, CC BY-NC-SA 4.0)
15:29	22	er		17	הִשְׁמִדֹ֑ו		attached-word	attached	0.4923	approved	0				SubjectPronoun of 'vertilgte', by the parse of UDPipe's German-HDT model (Straka and Straková, ÚFAL, CC BY-NC-SA 4.0)
15:29	31	er		22	דִּבֶּ֔ר		attached-word	attached	0.595	approved	0				SubjectPronoun of 'geredet', by the parse of UDPipe's German-HDT model (Straka and Straková, ÚFAL, CC BY-NC-SA 4.0)
15:29	33	hatte		22	דִּבֶּ֔ר		attached-word	attached	0.595	approved	0				AuxiliaryVerb of 'geredet', by the parse of UDPipe's German-HDT model (Straka and Straková, ÚFAL, CC BY-NC-SA 4.0)
15:30	21	er		14	הִכְעִ֔יס		attached-word	attached	0.4	approved	0				SubjectPronoun of 'erzürnte', by the parse of UDPipe's German-HDT model (Straka and Straková, ÚFAL, CC BY-NC-SA 4.0)
15:31	12	er		8	עָשָׂ֑ה		attached-word	attached	0.5611	approved	0				SubjectPronoun of 'getan', by the parse of UDPipe's German-HDT model (Straka and Straková, ÚFAL, CC BY-NC-SA 4.0)
15:31	14	hat		8	עָשָׂ֑ה		attached-word	attached	0.5611	approved	0				AuxiliaryVerb of 'getan', by the parse of UDPipe's German-HDT model (Straka and Straková, ÚFAL, CC BY-NC-SA 4.0)
15:31	17	ist		12	כְּתוּבִ֗ים		attached-word	attached	0.6883	approved	0				AuxiliaryVerb of 'geschrieben', by the parse of UDPipe's German-HDT model (Straka and Straková, ÚFAL, CC BY-NC-SA 4.0)
16:2	3	ich		3	הֲרִימֹתִ֨יךָ֙		attached-word	attached	0.4923	approved	0				SubjectPronoun of 'erhoben', by the parse of UDPipe's German-HDT model (Straka and Straková, ÚFAL, CC BY-NC-SA 4.0)
16:2	9	habe		3	הֲרִימֹתִ֨יךָ֙		attached-word	attached	0.4923	approved	0				AuxiliaryVerb of 'erhoben', by the parse of UDPipe's German-HDT model (Straka and Straková, ÚFAL, CC BY-NC-SA 4.0)
16:4	22	sollen		18	יֹאכְל֖וּ		attached-word	attached	0.6088	approved	0				AuxiliaryVerb of 'fressen', by the parse of UDPipe's German-HDT model (Straka and Straková, ÚFAL, CC BY-NC-SA 4.0)
16:5	11	er		7	עָשָׂ֖ה		attached-word	attached	0.5611	approved	0				SubjectPronoun of 'getan', by the parse of UDPipe's German-HDT model (Straka and Straková, ÚFAL, CC BY-NC-SA 4.0)
16:5	13	hat		7	עָשָׂ֖ה		attached-word	attached	0.5611	approved	0				AuxiliaryVerb of 'getan', by the parse of UDPipe's German-HDT model (Straka and Straková, ÚFAL, CC BY-NC-SA 4.0)
16:5	19	ist		13	כְּתוּבִ֗ים		attached-word	attached	0.6882	approved	0				AuxiliaryVerb of 'geschrieben', by the parse of UDPipe's German-HDT model (Straka and Straková, ÚFAL, CC BY-NC-SA 4.0)
16:7	25	er		24	עָשָׂ֣ה		attached-word	attached	0.5091	approved	0				SubjectPronoun of 'tat', by the parse of UDPipe's German-HDT model (Straka and Straková, ÚFAL, CC BY-NC-SA 4.0)
16:7	48	er		41	הִכָּ֖ה		attached-word	attached	0.5227	approved	0				SubjectPronoun of 'geschlagen', by the parse of UDPipe's German-HDT model (Straka and Straková, ÚFAL, CC BY-NC-SA 4.0)
16:7	51	hatte		41	הִכָּ֖ה		attached-word	attached	0.5227	approved	0				AuxiliaryVerb of 'geschlagen', by the parse of UDPipe's German-HDT model (Straka and Straková, ÚFAL, CC BY-NC-SA 4.0)
16:11	12	er		9	הִכָּה֙		attached-word	attached	0.65	approved	0				SubjectPronoun of 'schlug', by the parse of UDPipe's German-HDT model (Straka and Straková, ÚFAL, CC BY-NC-SA 4.0)
16:12	14	er		12	דִּבֶּ֣ר		attached-word	attached	0.595	approved	0				SubjectPronoun of 'geredet', by the parse of UDPipe's German-HDT model (Straka and Straková, ÚFAL, CC BY-NC-SA 4.0)
16:12	18	hatte		12	דִּבֶּ֣ר		attached-word	attached	0.595	approved	0				AuxiliaryVerb of 'geredet', by the parse of UDPipe's German-HDT model (Straka and Straková, ÚFAL, CC BY-NC-SA 4.0)
16:14	12	er		8	עָשָׂ֑ה		attached-word	attached	0.5611	approved	0				SubjectPronoun of 'getan', by the parse of UDPipe's German-HDT model (Straka and Straková, ÚFAL, CC BY-NC-SA 4.0)
16:14	14	hat		8	עָשָׂ֑ה		attached-word	attached	0.5611	approved	0				AuxiliaryVerb of 'getan', by the parse of UDPipe's German-HDT model (Straka and Straková, ÚFAL, CC BY-NC-SA 4.0)
16:14	17	ist		12	כְּתוּבִ֗ים		attached-word	attached	0.6882	approved	0				AuxiliaryVerb of 'geschrieben', by the parse of UDPipe's German-HDT model (Straka and Straková, ÚFAL, CC BY-NC-SA 4.0)
16:18	8	würde		7	נִלְכְּדָ֣ה		attached-word	attached	0.5105	approved	0				AuxiliaryVerb of 'gewonnen', by the parse of UDPipe's German-HDT model (Straka and Straková, ÚFAL, CC BY-NC-SA 4.0)
16:18	10	werden		7	נִלְכְּדָ֣ה		attached-word	attached	0.5105	approved	0				AuxiliaryVerb of 'gewonnen', by the parse of UDPipe's German-HDT model (Straka and Straková, ÚFAL, CC BY-NC-SA 4.0)
16:18	12	er		11	יָּבֹ֖א		attached-word	attached	0.3556	approved	0				SubjectPronoun of 'ging', by the parse of UDPipe's German-HDT model (Straka and Straková, ÚFAL, CC BY-NC-SA 4.0)
16:19	8	hatte		6	עֲשֹׂ֥ות		attached-word	attached	0.5611	approved	0				AuxiliaryVerb of 'getan', by the parse of UDPipe's German-HDT model (Straka and Straková, ÚFAL, CC BY-NC-SA 4.0)
16:19	27	er		21	עָשָׂ֔ה		attached-word	attached	0.5091	approved	0				SubjectPronoun of 'tat', by the parse of UDPipe's German-HDT model (Straka and Straková, ÚFAL, CC BY-NC-SA 4.0)
16:20	17	ist		12	כְּתוּבִ֗ים		attached-word	attached	0.6882	approved	0				AuxiliaryVerb of 'geschrieben', by the parse of UDPipe's German-HDT model (Straka and Straková, ÚFAL, CC BY-NC-SA 4.0)
16:24	1	Er		2	יִּ֜קֶן		attached-word	attached	0.7	approved	0				SubjectPronoun of 'kaufte', by the parse of UDPipe's German-HDT model (Straka and Straková, ÚFAL, CC BY-NC-SA 4.0)
16:24	22	er		25	בָּנָ֔ה		attached-word	attached	0.5857	approved	0				SubjectPronoun of 'baute', by the parse of UDPipe's German-HDT model (Straka and Straková, ÚFAL, CC BY-NC-SA 4.0)
16:27	12	er		10	עָשָׂ֑ה		attached-word	attached	0.5611	approved	0				SubjectPronoun of 'getan', by the parse of UDPipe's German-HDT model (Straka and Straková, ÚFAL, CC BY-NC-SA 4.0)
16:27	14	hat		10	עָשָׂ֑ה		attached-word	attached	0.5611	approved	0				AuxiliaryVerb of 'getan', by the parse of UDPipe's German-HDT model (Straka and Straková, ÚFAL, CC BY-NC-SA 4.0)
16:27	24	ist		14	כְּתוּבִ֗ים		attached-word	attached	0.6882	approved	0				AuxiliaryVerb of 'geschrieben', by the parse of UDPipe's German-HDT model (Straka and Straková, ÚFAL, CC BY-NC-SA 4.0)
16:31	8	er		5	לֶכְתֹּ֔ו		attached-word	attached	0.5286	approved	0				SubjectPronoun of 'wandelte', by the parse of UDPipe's German-HDT model (Straka and Straková, ÚFAL, CC BY-NC-SA 4.0)
16:32	11	er		11	בָּנָ֖ה		attached-word	attached	0.5857	approved	0				SubjectPronoun of 'baute', by the parse of UDPipe's German-HDT model (Straka and Straková, ÚFAL, CC BY-NC-SA 4.0)
16:34	37	er		24	דִּבֶּ֔ר		attached-word	attached	0.595	approved	0				SubjectPronoun of 'geredet', by the parse of UDPipe's German-HDT model (Straka and Straková, ÚFAL, CC BY-NC-SA 4.0)
16:34	39	hatte		24	דִּבֶּ֔ר		attached-word	attached	0.595	approved	0				AuxiliaryVerb of 'geredet', by the parse of UDPipe's German-HDT model (Straka and Straková, ÚFAL, CC BY-NC-SA 4.0)
17:1	23	ich		16	עָמַ֣דְתִּי		attached-word	attached	0.4857	approved	0				SubjectPronoun of 'stehe', by the parse of UDPipe's German-HDT model (Straka and Straková, ÚFAL, CC BY-NC-SA 4.0)
17:4	7	ich		11	צִוִּ֔יתִי		attached-word	attached	0.4692	approved	0				SubjectPronoun of 'geboten', by the parse of UDPipe's German-HDT model (Straka and Straková, ÚFAL, CC BY-NC-SA 4.0)
17:4	8	habe		11	צִוִּ֔יתִי		attached-word	attached	0.4692	approved	0				AuxiliaryVerb of 'geboten', by the parse of UDPipe's German-HDT model (Straka and Straková, ÚFAL, CC BY-NC-SA 4.0)
17:4	16	sollen		13	כַלְכֶּלְךָ֖		attached-word	attached	0.5875	approved	0				AuxiliaryVerb of 'versorgen', by the parse of UDPipe's German-HDT model (Straka and Straková, ÚFAL, CC BY-NC-SA 4.0)
17:9	16	ich		11	צִוִּ֥יתִי		attached-word	attached	0.4692	approved	0				SubjectPronoun of 'geboten', by the parse of UDPipe's German-HDT model (Straka and Straková, ÚFAL, CC BY-NC-SA 4.0)
17:9	17	habe		11	צִוִּ֥יתִי		attached-word	attached	0.4692	approved	0				AuxiliaryVerb of 'geboten', by the parse of UDPipe's German-HDT model (Straka and Straková, ÚFAL, CC BY-NC-SA 4.0)
17:10	12	er		7	יָּבֹא֙		attached-word	attached	0.5716	approved	0				SubjectPronoun of 'kam', by the parse of UDPipe's German-HDT model (Straka and Straková, ÚFAL, CC BY-NC-SA 4.0)
17:10	29	er		20	יִּקְרָ֤א		attached-word	attached	0.6634	approved	0				SubjectPronoun of 'rief', by the parse of UDPipe's German-HDT model (Straka and Straková, ÚFAL, CC BY-NC-SA 4.0)
17:11	2	sie		2	תֵּ֖לֶךְ		attached-word	attached	0.475	approved	0				SubjectPronoun of 'hinging', by the parse of UDPipe's German-HDT model (Straka and Straková, ÚFAL, CC BY-NC-SA 4.0)
17:11	8	er		6	יִּקְרָ֤א		attached-word	attached	0.6634	approved	0				SubjectPronoun of 'rief', by the parse of UDPipe's German-HDT model (Straka and Straková, ÚFAL, CC BY-NC-SA 4.0)
17:12	1	Sie		2	תֹּ֗אמֶר		attached-word	attached	0.6898	approved	0				SubjectPronoun of 'sprach', by the parse of UDPipe's German-HDT model (Straka and Straková, ÚFAL, CC BY-NC-SA 4.0)
17:12	46	wir		38	אֲכַלְנֻ֖הוּ		attached-word	attached	0.645	approved	0				SubjectPronoun of 'essen', by the parse of UDPipe's German-HDT model (Straka and Straková, ÚFAL, CC BY-NC-SA 4.0)
17:13	34	sollst		29	תַּעֲשִׂ֖י		attached-word	attached	0.4346	approved	0				AuxiliaryVerb of 'machen', by the parse of UDPipe's German-HDT model (Straka and Straková, ÚFAL, CC BY-NC-SA 4.0)
17:13	35	du		29	תַּעֲשִׂ֖י		attached-word	attached	0.4346	approved	0				SubjectPronoun of 'machen', by the parse of UDPipe's German-HDT model (Straka and Straková, ÚFAL, CC BY-NC-SA 4.0)
17:14	20	soll		17	תֶחְסָ֑ר		attached-word	attached	0.475	approved	0				AuxiliaryVerb of 'mangeln', by the parse of UDPipe's German-HDT model (Straka and Straková, ÚFAL, CC BY-NC-SA 4.0)
17:16	19	er		16	דִּבֶּ֖ר		attached-word	attached	0.595	approved	0				SubjectPronoun of 'geredet', by the parse of UDPipe's German-HDT model (Straka and Straková, ÚFAL, CC BY-NC-SA 4.0)
17:16	21	hatte		16	דִּבֶּ֖ר		attached-word	attached	0.595	approved	0				AuxiliaryVerb of 'geredet', by the parse of UDPipe's German-HDT model (Straka and Straková, ÚFAL, CC BY-NC-SA 4.0)
17:18	16	Bist		12	בָּ֧אתָ		attached-word	attached	0.5875	approved	0				AuxiliaryVerb of 'hereingekommen', by the parse of UDPipe's German-HDT model (Straka and Straková, ÚFAL, CC BY-NC-SA 4.0)
17:18	17	du		12	בָּ֧אתָ		attached-word	attached	0.5875	approved	0				SubjectPronoun of 'hereingekommen', by the parse of UDPipe's German-HDT model (Straka and Straková, ÚFAL, CC BY-NC-SA 4.0)
17:18	29	würde		15	הַזְכִּ֥יר		attached-word	attached	0.55	approved	0				AuxiliaryVerb of 'gedacht', by the parse of UDPipe's German-HDT model (Straka and Straková, ÚFAL, CC BY-NC-SA 4.0)
17:21	2	er		2	יִּתְמֹדֵ֤ד		attached-word	attached	0.4789	approved	0				SubjectPronoun of 'maß', by the parse of UDPipe's German-HDT model (Straka and Straková, ÚFAL, CC BY-NC-SA 4.0)
17:24	9	ich		9	יָדַ֔עְתִּי		attached-word	attached	0.7	approved	0				SubjectPronoun of 'erkenne', by the parse of UDPipe's German-HDT model (Straka and Straková, ÚFAL, CC BY-NC-SA 4.0)
18:5	16	wir		21	נִמְצָ֣א		attached-word	attached	0.6137	approved	0				SubjectPronoun of 'finden', by the parse of UDPipe's German-HDT model (Straka and Straková, ÚFAL, CC BY-NC-SA 4.0)
18:6	2	sie		2	יְחַלְּק֥וּ		attached-word	attached	0.4	approved	0				SubjectPronoun of 'teilten', by the parse of UDPipe's German-HDT model (Straka and Straková, ÚFAL, CC BY-NC-SA 4.0)
18:8	1	Er		2	יֹּ֥אמֶר		attached-word	attached	0.6898	approved	0				SubjectPronoun of 'sprach', by the parse of UDPipe's German-HDT model (Straka and Straková, ÚFAL, CC BY-NC-SA 4.0)
18:9	5	habe		4	חָטָ֑אתִי		attached-word	attached	0.6735	approved	0				AuxiliaryVerb of 'gesündigt', by the parse of UDPipe's German-HDT model (Straka and Straková, ÚFAL, CC BY-NC-SA 4.0)
18:9	6	ich		4	חָטָ֑אתִי		attached-word	attached	0.6735	approved	0				SubjectPronoun of 'gesündigt', by the parse of UDPipe's German-HDT model (Straka and Straková, ÚFAL, CC BY-NC-SA 4.0)
18:10	19	hat		11	שָׁלַ֨ח		attached-word	attached	0.6723	approved	0				AuxiliaryVerb of 'gesandt', by the parse of UDPipe's German-HDT model (Straka and Straková, ÚFAL, CC BY-NC-SA 4.0)
18:10	25	sie		17	אָמְר֖וּ		attached-word	attached	0.672	approved	0				SubjectPronoun of 'sprachen', by the parse of UDPipe's German-HDT model (Straka and Straková, ÚFAL, CC BY-NC-SA 4.0)
18:10	45	hätte		30	יִמְצָאֶֽכָּה		attached-word	attached	0.6795	approved	0				AuxiliaryVerb of 'gefunden', by the parse of UDPipe's German-HDT model (Straka and Straková, ÚFAL, CC BY-NC-SA 4.0)
18:12	29	er		23	יִֽמְצָאֲךָ֖		attached-word	attached	0.7	approved	0				SubjectPronoun of 'fände', by the parse of UDPipe's German-HDT model (Straka and Straková, ÚFAL, CC BY-NC-SA 4.0)
18:12	35	er		25	הֲרָגָ֑נִי		attached-word	attached	0.6289	approved	0				SubjectPronoun of 'erwürgte', by the parse of UDPipe's German-HDT model (Straka and Straková, ÚFAL, CC BY-NC-SA 4.0)
18:13	7	ich		8	עָשִׂ֔יתִי		attached-word	attached	0.5611	approved	0				SubjectPronoun of 'getan', by the parse of UDPipe's German-HDT model (Straka and Straková, ÚFAL, CC BY-NC-SA 4.0)
18:13	9	habe		8	עָשִׂ֔יתִי		attached-word	attached	0.5611	approved	0				AuxiliaryVerb of 'getan', by the parse of UDPipe's German-HDT model (Straka and Straková, ÚFAL, CC BY-NC-SA 4.0)
18:13	18	ich		16	אַחְבִּא֩		attached-word	attached	0.655	approved	0				SubjectPronoun of 'versteckte', by the parse of UDPipe's German-HDT model (Straka and Straková, ÚFAL, CC BY-NC-SA 4.0)
18:14	14	er		12	הֲרָגָֽנִי		attached-word	attached	0.61	approved	0				SubjectPronoun of 'erwürge', by the parse of UDPipe's German-HDT model (Straka and Straková, ÚFAL, CC BY-NC-SA 4.0)
18:15	11	ich		8	עָמַ֖דְתִּי		attached-word	attached	0.4857	approved	0				SubjectPronoun of 'stehe', by the parse of UDPipe's German-HDT model (Straka and Straková, ÚFAL, CC BY-NC-SA 4.0)
18:15	13	ich		14	אֵרָאֶ֥ה		attached-word	attached	0.4231	approved	0				SubjectPronoun of 'zeigen', by the parse of UDPipe's German-HDT model (Straka and Straková, ÚFAL, CC BY-NC-SA 4.0)
18:18	1	Er		2	יֹּ֗אמֶר		attached-word	attached	0.6898	approved	0				SubjectPronoun of 'sprach', by the parse of UDPipe's German-HDT model (Straka and Straková, ÚFAL, CC BY-NC-SA 4.0)
18:24	23	wird		17	יַעֲנֶ֥ה		attached-word	attached	0.5588	approved	0				AuxiliaryVerb of 'antworten', by the parse of UDPipe's German-HDT model (Straka and Straková, ÚFAL, CC BY-NC-SA 4.0)
18:26	2	sie		2	יִּקְחוּ		attached-word	attached	0.5188	approved	0				SubjectPronoun of 'nahmen', by the parse of UDPipe's German-HDT model (Straka and Straková, ÚFAL, CC BY-NC-SA 4.0)
18:26	47	hatten		41	עָשָֽׂה		attached-word	attached	0.3886	approved	0				AuxiliaryVerb of 'gemacht', by the parse of UDPipe's German-HDT model (Straka and Straková, ÚFAL, CC BY-NC-SA 4.0)
18:28	2	sie		2	יִּקְרְאוּ֙		attached-word	attached	0.5615	approved	0				SubjectPronoun of 'riefen', by the parse of UDPipe's German-HDT model (Straka and Straková, ÚFAL, CC BY-NC-SA 4.0)
18:29	5	war		4	עֲבֹ֣ר		attached-word	attached	0.4429	approved	0				AuxiliaryVerb of 'vergangen', by the parse of UDPipe's German-HDT model (Straka and Straková, ÚFAL, CC BY-NC-SA 4.0)
18:29	7	sie		8	יִּֽתְנַבְּא֔וּ		attached-word	attached	0.6156	approved	0				SubjectPronoun of 'weissagten', by the parse of UDPipe's German-HDT model (Straka and Straková, ÚFAL, CC BY-NC-SA 4.0)
18:30	30	war		22	הָרֽוּס		attached-word	attached	0.2829	approved	0				AuxiliaryVerb of 'zerbrochen', by the parse of UDPipe's German-HDT model (Straka and Straková, ÚFAL, CC BY-NC-SA 4.0)
18:34	28	er		22	יֹּ֥אמֶר		attached-word	attached	0.6898	approved	0				SubjectPronoun of 'sprach', by the parse of UDPipe's German-HDT model (Straka and Straková, ÚFAL, CC BY-NC-SA 4.0)
18:36	45	habe		34	עָשִׂ֔יתִי		attached-word	attached	0.5611	approved	0				AuxiliaryVerb of 'getan', by the parse of UDPipe's German-HDT model (Straka and Straková, ÚFAL, CC BY-NC-SA 4.0)
18:40	15	sie		15	יִּתְפְּשׂ֑וּם		attached-word	attached	0.55	approved	0				SubjectPronoun of 'griffen', by the parse of UDPipe's German-HDT model (Straka and Straková, ÚFAL, CC BY-NC-SA 4.0)
18:43	24	Er		19	יֹּ֕אמֶר		attached-word	attached	0.6898	approved	0				SubjectPronoun of 'sprach', by the parse of UDPipe's German-HDT model (Straka and Straková, ÚFAL, CC BY-NC-SA 4.0)
18:44	5	er		7	יֹּ֗אמֶר		attached-word	attached	0.6898	approved	0				SubjectPronoun of 'sprach', by the parse of UDPipe's German-HDT model (Straka and Straková, ÚFAL, CC BY-NC-SA 4.0)
18:44	20	Er		18	יֹּ֗אמֶר		attached-word	attached	0.6898	approved	0				SubjectPronoun of 'sprach', by the parse of UDPipe's German-HDT model (Straka and Straková, ÚFAL, CC BY-NC-SA 4.0)
19:1	10	hatte		9	עָשָׂ֖ה		attached-word	attached	0.5611	approved	0				AuxiliaryVerb of 'getan', by the parse of UDPipe's German-HDT model (Straka and Straková, ÚFAL, CC BY-NC-SA 4.0)
19:1	13	er		15	הָרַ֛ג		attached-word	attached	0.6518	approved	0				SubjectPronoun of 'erwürgt', by the parse of UDPipe's German-HDT model (Straka and Straková, ÚFAL, CC BY-NC-SA 4.0)
19:3	2	er		2	יַּ֗רְא		attached-word	attached	0.6516	approved	0				SubjectPronoun of 'sah', by the parse of UDPipe's German-HDT model (Straka and Straková, ÚFAL, CC BY-NC-SA 4.0)
19:6	22	er		12	יֹּ֣אכַל		attached-word	attached	0.6885	approved	0				SubjectPronoun of 'gegessen', by the parse of UDPipe's German-HDT model (Straka and Straková, ÚFAL, CC BY-NC-SA 4.0)
19:6	26	hatte		12	יֹּ֣אכַל		attached-word	attached	0.6885	approved	0				AuxiliaryVerb of 'gegessen', by the parse of UDPipe's German-HDT model (Straka and Straková, ÚFAL, CC BY-NC-SA 4.0)
19:8	1	Er		2	יָּ֖קָם		attached-word	attached	0.3243	approved	0				SubjectPronoun of 'stand', by the parse of UDPipe's German-HDT model (Straka and Straková, ÚFAL, CC BY-NC-SA 4.0)
19:10	1	Er		2	יֹּאמֶר֩		attached-word	attached	0.6898	approved	0				SubjectPronoun of 'sprach', by the parse of UDPipe's German-HDT model (Straka and Straková, ÚFAL, CC BY-NC-SA 4.0)
19:10	33	bin		25	אִוָּתֵ֤ר		attached-word	attached	0.3932	approved	0				AuxiliaryVerb of 'übriggeblieben', by the parse of UDPipe's German-HDT model (Straka and Straková, ÚFAL, CC BY-NC-SA 4.0)
19:10	37	sie		30	יְבַקְשׁ֥וּ		attached-word	attached	0.3159	approved	0				SubjectPronoun of 'stehen', by the parse of UDPipe's German-HDT model (Straka and Straková, ÚFAL, CC BY-NC-SA 4.0)
19:11	1	Er		2	יֹּ֗אמֶר		attached-word	attached	0.6898	approved	0				SubjectPronoun of 'sprach', by the parse of UDPipe's German-HDT model (Straka and Straková, ÚFAL, CC BY-NC-SA 4.0)
19:14	1	Er		2	יֹּאמֶר֩		attached-word	attached	0.6898	approved	0				SubjectPronoun of 'sprach', by the parse of UDPipe's German-HDT model (Straka and Straková, ÚFAL, CC BY-NC-SA 4.0)
19:14	4	habe		4	קִנֵּ֜אתִי		attached-word	attached	0.475	approved	0				AuxiliaryVerb of 'geeifert', by the parse of UDPipe's German-HDT model (Straka and Straková, ÚFAL, CC BY-NC-SA 4.0)
19:14	16	haben		10	עָזְב֤וּ		attached-word	attached	0.6	approved	0				AuxiliaryVerb of 'verlassen', by the parse of UDPipe's German-HDT model (Straka and Straková, ÚFAL, CC BY-NC-SA 4.0)
19:14	31	bin		25	אִוָּתֵ֤ר		attached-word	attached	0.3932	approved	0				AuxiliaryVerb of 'übriggeblieben', by the parse of UDPipe's German-HDT model (Straka and Straková, ÚFAL, CC BY-NC-SA 4.0)
19:14	35	sie		30	יְבַקְשׁ֥וּ		attached-word	attached	0.3159	approved	0				SubjectPronoun of 'stehen', by the parse of UDPipe's German-HDT model (Straka and Straková, ÚFAL, CC BY-NC-SA 4.0)
19:17	3	soll		2	הָיָ֗ה		attached-word	attached	0.4353	approved	0				AuxiliaryVerb of 'geschehen', by the parse of UDPipe's German-HDT model (Straka and Straková, ÚFAL, CC BY-NC-SA 4.0)
19:17	12	soll		16	יָמִ֥ית		attached-word	attached	0.5615	approved	0				AuxiliaryVerb of 'töten', by the parse of UDPipe's German-HDT model (Straka and Straková, ÚFAL, CC BY-NC-SA 4.0)
19:18	14	haben		12	כָֽרְעוּ֙		attached-word	attached	0.55	approved	0				AuxiliaryVerb of 'gebeugt', by the parse of UDPipe's German-HDT model (Straka and Straková, ÚFAL, CC BY-NC-SA 4.0)
19:20	1	Er		2	יַּעֲזֹ֣ב		attached-word	attached	0.2809	approved	0				SubjectPronoun of 'ließ', by the parse of UDPipe's German-HDT model (Straka and Straková, ÚFAL, CC BY-NC-SA 4.0)
19:20	25	Er		23	יֹּ֤אמֶר		attached-word	attached	0.6898	approved	0				SubjectPronoun of 'sprach', by the parse of UDPipe's German-HDT model (Straka and Straková, ÚFAL, CC BY-NC-SA 4.0)
19:20	36	ich		29	עָשִׂ֖יתִי		attached-word	attached	0.5611	approved	0				SubjectPronoun of 'getan', by the parse of UDPipe's German-HDT model (Straka and Straková, ÚFAL, CC BY-NC-SA 4.0)
19:20	39	habe		29	עָשִׂ֖יתִי		attached-word	attached	0.5611	approved	0				AuxiliaryVerb of 'getan', by the parse of UDPipe's German-HDT model (Straka and Straková, ÚFAL, CC BY-NC-SA 4.0)
19:21	30	sie		27	יֹּאכֵ֑לוּ		attached-word	attached	0.6893	approved	0				SubjectPronoun of 'aßen', by the parse of UDPipe's German-HDT model (Straka and Straková, ÚFAL, CC BY-NC-SA 4.0)
20:5	12	ich		13	שָׁלַ֤חְתִּי		attached-word	attached	0.6719	approved	0				SubjectPronoun of 'gesandt', by the parse of UDPipe's German-HDT model (Straka and Straková, ÚFAL, CC BY-NC-SA 4.0)
20:5	16	habe		13	שָׁלַ֤חְתִּי		attached-word	attached	0.6719	approved	0				AuxiliaryVerb of 'gesandt', by the parse of UDPipe's German-HDT model (Straka and Straková, ÚFAL, CC BY-NC-SA 4.0)
20:5	30	sollst		25	תִתֵּֽן		attached-word	attached	0.6259	approved	0				AuxiliaryVerb of 'geben', by the parse of UDPipe's German-HDT model (Straka and Straková, ÚFAL, CC BY-NC-SA 4.0)
20:5	31	du		25	תִתֵּֽן		attached-word	attached	0.6259	approved	0				SubjectPronoun of 'geben', by the parse of UDPipe's German-HDT model (Straka and Straková, ÚFAL, CC BY-NC-SA 4.0)
20:6	3	ich		7	אֶשְׁלַ֤ח		attached-word	attached	0.6888	approved	0				SubjectPronoun of 'senden', by the parse of UDPipe's German-HDT model (Straka and Straková, ÚFAL, CC BY-NC-SA 4.0)
20:6	27	sollen		28	לָקָֽחוּ		attached-word	attached	0.5769	approved	0				AuxiliaryVerb of 'nehmen', by the parse of UDPipe's German-HDT model (Straka and Straková, ÚFAL, CC BY-NC-SA 4.0)
20:7	20	hat		21	שָׁלַ֨ח		attached-word	attached	0.6719	approved	0				AuxiliaryVerb of 'gesandt', by the parse of UDPipe's German-HDT model (Straka and Straková, ÚFAL, CC BY-NC-SA 4.0)
20:9	2	er		2	יֹּ֜אמֶר		attached-word	attached	0.6898	approved	0				SubjectPronoun of 'sprach', by the parse of UDPipe's German-HDT model (Straka and Straková, ÚFAL, CC BY-NC-SA 4.0)
20:9	21	ich		19	אֶעֱשֶׂ֔ה		attached-word	attached	0.5155	approved	0				SubjectPronoun of 'tun', by the parse of UDPipe's German-HDT model (Straka and Straková, ÚFAL, CC BY-NC-SA 4.0)
20:11	13	soll		9	יִתְהַלֵּ֥ל		attached-word	attached	0.4488	approved	0				AuxiliaryVerb of 'rühmen', by the parse of UDPipe's German-HDT model (Straka and Straková, ÚFAL, CC BY-NC-SA 4.0)
20:12	23	sie		26	יָּשִׂ֖ימוּ		attached-word	attached	0.3625	approved	0				SubjectPronoun of 'schickten', by the parse of UDPipe's German-HDT model (Straka and Straková, ÚFAL, CC BY-NC-SA 4.0)
20:13	35	du		32	יָדַעְתָּ֖		attached-word	attached	0.6177	approved	0				SubjectPronoun of 'wissen', by the parse of UDPipe's German-HDT model (Straka and Straková, ÚFAL, CC BY-NC-SA 4.0)
20:13	37	sollst		32	יָדַעְתָּ֖		attached-word	attached	0.6177	approved	0				AuxiliaryVerb of 'wissen', by the parse of UDPipe's German-HDT model (Straka and Straková, ÚFAL, CC BY-NC-SA 4.0)
20:14	23	Er		23	יֹּ֥אמֶר		attached-word	attached	0.6898	approved	0				SubjectPronoun of 'sprach', by the parse of UDPipe's German-HDT model (Straka and Straková, ÚFAL, CC BY-NC-SA 4.0)
20:15	3	er		2	יִּפְקֹ֗ד		attached-word	attached	0.475	approved	0				SubjectPronoun of 'zählte', by the parse of UDPipe's German-HDT model (Straka and Straková, ÚFAL, CC BY-NC-SA 4.0)
20:18	1	Er		2	יֹּ֛אמֶר		attached-word	attached	0.6898	approved	0				SubjectPronoun of 'sprach', by the parse of UDPipe's German-HDT model (Straka and Straková, ÚFAL, CC BY-NC-SA 4.0)
20:18	6	sie		13	יָצָ֖אוּ		attached-word	attached	0.5071	approved	0				SubjectPronoun of 'ausgezogen', by the parse of UDPipe's German-HDT model (Straka and Straková, ÚFAL, CC BY-NC-SA 4.0)
20:18	7	seien		13	יָצָ֖אוּ		attached-word	attached	0.5071	approved	0				AuxiliaryVerb of 'ausgezogen', by the parse of UDPipe's German-HDT model (Straka and Straková, ÚFAL, CC BY-NC-SA 4.0)
20:19	7	waren		3	יָצְא֣וּ		attached-word	attached	0.5071	approved	0				AuxiliaryVerb of 'ausgezogen', by the parse of UDPipe's German-HDT model (Straka and Straková, ÚFAL, CC BY-NC-SA 4.0)
20:22	22	du		19	תַּעֲשֶׂ֑ה		attached-word	attached	0.5804	approved	0				SubjectPronoun of 'tust', by the parse of UDPipe's German-HDT model (Straka and Straková, ÚFAL, CC BY-NC-SA 4.0)
20:22	29	wird		27	עֹלֶ֥ה		attached-word	attached	0.7	approved	0				AuxiliaryVerb of 'heraufziehen', by the parse of UDPipe's German-HDT model (Straka and Straková, ÚFAL, CC BY-NC-SA 4.0)
20:23	22	wir		16	נִלָּחֵ֤ם		attached-word	attached	0.529	approved	0				SubjectPronoun of 'streiten', by the parse of UDPipe's German-HDT model (Straka and Straková, ÚFAL, CC BY-NC-SA 4.0)
20:25	36	Er		34	יִּשְׁמַ֥ע		attached-word	attached	0.6827	approved	0				SubjectPronoun of 'gehorchte', by the parse of UDPipe's German-HDT model (Straka and Straková, ÚFAL, CC BY-NC-SA 4.0)
20:28	21	haben		18	אָמְר֤וּ		attached-word	attached	0.5941	approved	0				AuxiliaryVerb of 'gesagt', by the parse of UDPipe's German-HDT model (Straka and Straková, ÚFAL, CC BY-NC-SA 4.0)
20:28	37	habe		29	נָתַתִּי		attached-word	attached	0.6443	approved	0				AuxiliaryVerb of 'gegeben', by the parse of UDPipe's German-HDT model (Straka and Straková, ÚFAL, CC BY-NC-SA 4.0)
20:28	48	ihr		41	ידַעְתֶּ֖ם		attached-word	attached	0.7	approved	0				SubjectPronoun of 'wisset', by the parse of UDPipe's German-HDT model (Straka and Straková, ÚFAL, CC BY-NC-SA 4.0)
20:31	8	wir		7	שָׁמַ֔עְנוּ		attached-word	attached	0.6486	approved	0				SubjectPronoun of 'gehört', by the parse of UDPipe's German-HDT model (Straka and Straková, ÚFAL, CC BY-NC-SA 4.0)
20:31	9	haben		7	שָׁמַ֔עְנוּ		attached-word	attached	0.6486	approved	0				AuxiliaryVerb of 'gehört', by the parse of UDPipe's German-HDT model (Straka and Straková, ÚFAL, CC BY-NC-SA 4.0)
20:32	2	sie		2	יַּחְגְּרוּ֩		attached-word	attached	0.5962	approved	0				SubjectPronoun of 'gürteten', by the parse of UDPipe's German-HDT model (Straka and Straková, ÚFAL, CC BY-NC-SA 4.0)
20:33	20	Er		16	יֹּ֖אמֶר		attached-word	attached	0.6898	approved	0				SubjectPronoun of 'sprach', by the parse of UDPipe's German-HDT model (Straka and Straková, ÚFAL, CC BY-NC-SA 4.0)
20:34	14	hat		7	לָֽקַח		attached-word	attached	0.4842	approved	0				AuxiliaryVerb of 'genommen', by the parse of UDPipe's German-HDT model (Straka and Straková, ÚFAL, CC BY-NC-SA 4.0)
20:35	21	Er		17	יְמָאֵ֥ן		attached-word	attached	0.7	approved	0				SubjectPronoun of 'weigerte', by the parse of UDPipe's German-HDT model (Straka and Straková, ÚFAL, CC BY-NC-SA 4.0)
20:36	3	er		2	יֹּ֣אמֶר		attached-word	attached	0.6898	approved	0				SubjectPronoun of 'sprach', by the parse of UDPipe's German-HDT model (Straka and Straková, ÚFAL, CC BY-NC-SA 4.0)
20:36	8	du		7	שָׁמַ֨עְתָּ֙		attached-word	attached	0.6769	approved	0				SubjectPronoun of 'gehorcht', by the parse of UDPipe's German-HDT model (Straka and Straková, ÚFAL, CC BY-NC-SA 4.0)
20:36	14	hast		7	שָׁמַ֨עְתָּ֙		attached-word	attached	0.6769	approved	0				AuxiliaryVerb of 'gehorcht', by the parse of UDPipe's German-HDT model (Straka and Straková, ÚFAL, CC BY-NC-SA 4.0)
20:36	18	wird		16	הִכְּךָ֖		attached-word	attached	0.6074	approved	0				AuxiliaryVerb of 'schlagen', by the parse of UDPipe's German-HDT model (Straka and Straková, ÚFAL, CC BY-NC-SA 4.0)
20:37	2	er		2	יִּמְצָא֙		attached-word	attached	0.6719	approved	0				SubjectPronoun of 'fand', by the parse of UDPipe's German-HDT model (Straka and Straková, ÚFAL, CC BY-NC-SA 4.0)
20:39	41	wird		37	הִפָּקֵד֙		attached-word	attached	0.475	approved	0				AuxiliaryVerb of 'vermissen', by the parse of UDPipe's German-HDT model (Straka and Straková, ÚFAL, CC BY-NC-SA 4.0)
20:39	52	du		47	תִּשְׁקֹֽול		attached-word	attached	0.7	approved	0				SubjectPronoun of 'darwägen', by the parse of UDPipe's German-HDT model (Straka and Straková, ÚFAL, CC BY-NC-SA 4.0)
20:39	53	sollst		47	תִּשְׁקֹֽול		attached-word	attached	0.7	approved	0				AuxiliaryVerb of 'darwägen', by the parse of UDPipe's German-HDT model (Straka and Straková, ÚFAL, CC BY-NC-SA 4.0)
20:42	2	er		2	יֹּ֣אמֶר		attached-word	attached	0.6898	approved	0				SubjectPronoun of 'sprach', by the parse of UDPipe's German-HDT model (Straka and Straková, ÚFAL, CC BY-NC-SA 4.0)
21:2	27	Ich		24	אֶתְּנָ֤ה		attached-word	attached	0.625	approved	0				SubjectPronoun of 'geben', by the parse of UDPipe's German-HDT model (Straka and Straková, ÚFAL, CC BY-NC-SA 4.0)
21:2	40	ich		34	אֶתְּנָה		attached-word	attached	0.625	approved	0				SubjectPronoun of 'geben', by the parse of UDPipe's German-HDT model (Straka and Straková, ÚFAL, CC BY-NC-SA 4.0)
21:3	15	ich		11	תִּתִּ֛י		attached-word	attached	0.625	approved	0				SubjectPronoun of 'geben', by the parse of UDPipe's German-HDT model (Straka and Straková, ÚFAL, CC BY-NC-SA 4.0)
21:3	20	sollte		11	תִּתִּ֛י		attached-word	attached	0.625	approved	0				AuxiliaryVerb of 'geben', by the parse of UDPipe's German-HDT model (Straka and Straková, ÚFAL, CC BY-NC-SA 4.0)
21:4	19	hatte		13	דִּבֶּ֣ר		attached-word	attached	0.2877	approved	0				AuxiliaryVerb of 'gesagt', by the parse of UDPipe's German-HDT model (Straka and Straková, ÚFAL, CC BY-NC-SA 4.0)
21:4	32	er		27	יִּשְׁכַּב֙		attached-word	attached	0.2835	approved	0				SubjectPronoun of 'legte', by the parse of UDPipe's German-HDT model (Straka and Straková, ÚFAL, CC BY-NC-SA 4.0)
21:6	5	Ich		5	אֲ֠דַבֵּר		attached-word	attached	0.5938	approved	0				SubjectPronoun of 'geredet', by the parse of UDPipe's German-HDT model (Straka and Straková, ÚFAL, CC BY-NC-SA 4.0)
21:6	6	habe		5	אֲ֠דַבֵּר		attached-word	attached	0.5938	approved	0				AuxiliaryVerb of 'geredet', by the parse of UDPipe's German-HDT model (Straka and Straková, ÚFAL, CC BY-NC-SA 4.0)
21:6	27	ich		23	אֶתְּנָה		attached-word	attached	0.625	approved	0				SubjectPronoun of 'geben', by the parse of UDPipe's German-HDT model (Straka and Straková, ÚFAL, CC BY-NC-SA 4.0)
21:6	33	Er		28	יֹּ֕אמֶר		attached-word	attached	0.69	approved	0				SubjectPronoun of 'sprach', by the parse of UDPipe's German-HDT model (Straka and Straková, ÚFAL, CC BY-NC-SA 4.0)
21:8	2	sie		2	תִּכְתֹּ֤ב		attached-word	attached	0.664	approved	0				SubjectPronoun of 'schrieb', by the parse of UDPipe's German-HDT model (Straka and Straková, ÚFAL, CC BY-NC-SA 4.0)
21:9	2	sie		2	תִּכְתֹּ֥ב		attached-word	attached	0.664	approved	0				SubjectPronoun of 'schrieb', by the parse of UDPipe's German-HDT model (Straka and Straková, ÚFAL, CC BY-NC-SA 4.0)
21:10	28	er		21	יָמֹֽת		attached-word	attached	0.6318	approved	0				SubjectPronoun of 'sterbe', by the parse of UDPipe's German-HDT model (Straka and Straková, ÚFAL, CC BY-NC-SA 4.0)
21:11	25	hatte		22	כָּתוּב֙		attached-word	attached	0.6888	approved	0				AuxiliaryVerb of 'geschrieben', by the parse of UDPipe's German-HDT model (Straka and Straková, ÚFAL, CC BY-NC-SA 4.0)
21:13	40	er		41	יָּמֹֽת		attached-word	attached	0.6702	approved	0				SubjectPronoun of 'starb', by the parse of UDPipe's German-HDT model (Straka and Straková, ÚFAL, CC BY-NC-SA 4.0)
21:15	12	sie		12	תֹּ֨אמֶר		attached-word	attached	0.69	approved	0				SubjectPronoun of 'sprach', by the parse of UDPipe's German-HDT model (Straka and Straková, ÚFAL, CC BY-NC-SA 4.0)
21:15	26	er		24	מֵאֵן֙		attached-word	attached	0.7	approved	0				SubjectPronoun of 'weigerte', by the parse of UDPipe's German-HDT model (Straka and Straková, ÚFAL, CC BY-NC-SA 4.0)
21:18	17	er		16	יָ֥רַד		attached-word	attached	0.7	approved	0				SubjectPronoun of 'hinabgegangen', by the parse of UDPipe's German-HDT model (Straka and Straková, ÚFAL, CC BY-NC-SA 4.0)
21:18	18	ist		16	יָ֥רַד		attached-word	attached	0.7	approved	0				AuxiliaryVerb of 'hinabgegangen', by the parse of UDPipe's German-HDT model (Straka and Straková, ÚFAL, CC BY-NC-SA 4.0)
21:18	23	er		16	יָ֥רַד		attached-word	attached	0.7	approved	0				SubjectPronoun of 'hinabgegangen', by the parse of UDPipe's German-HDT model (Straka and Straková, ÚFAL, CC BY-NC-SA 4.0)
21:18	24	ist		16	יָ֥רַד		attached-word	attached	0.7	approved	0				AuxiliaryVerb of 'hinabgegangen', by the parse of UDPipe's German-HDT model (Straka and Straková, ÚFAL, CC BY-NC-SA 4.0)
21:18	27	er		19	רִשְׁתֹּֽו		attached-word	attached	0.5875	approved	0				SubjectPronoun of 'einnehme', by the parse of UDPipe's German-HDT model (Straka and Straková, ÚFAL, CC BY-NC-SA 4.0)
21:19	20	sollst		15	דִבַּרְתָּ֨		attached-word	attached	0.5095	approved	0				AuxiliaryVerb of 'reden', by the parse of UDPipe's German-HDT model (Straka and Straková, ÚFAL, CC BY-NC-SA 4.0)
21:20	7	du		7	מְצָאתַ֖נִי		attached-word	attached	0.6791	approved	0				SubjectPronoun of 'gefunden', by the parse of UDPipe's German-HDT model (Straka and Straková, ÚFAL, CC BY-NC-SA 4.0)
21:20	12	Er		10	יֹּ֣אמֶר		attached-word	attached	0.69	approved	0				SubjectPronoun of 'sprach', by the parse of UDPipe's German-HDT model (Straka and Straková, ÚFAL, CC BY-NC-SA 4.0)
21:20	16	ich		11	מָצָ֔אתִי		attached-word	attached	0.6791	approved	0				SubjectPronoun of 'gefunden', by the parse of UDPipe's German-HDT model (Straka and Straková, ÚFAL, CC BY-NC-SA 4.0)
21:20	17	habe		11	מָצָ֔אתִי		attached-word	attached	0.6791	approved	0				AuxiliaryVerb of 'gefunden', by the parse of UDPipe's German-HDT model (Straka and Straková, ÚFAL, CC BY-NC-SA 4.0)
21:20	22	du		13	הִתְמַכֶּרְךָ֔		attached-word	attached	0.655	approved	0				SubjectPronoun of 'verkauft', by the parse of UDPipe's German-HDT model (Straka and Straková, ÚFAL, CC BY-NC-SA 4.0)
21:20	25	hast		13	הִתְמַכֶּרְךָ֔		attached-word	attached	0.655	approved	0				AuxiliaryVerb of 'verkauft', by the parse of UDPipe's German-HDT model (Straka and Straková, ÚFAL, CC BY-NC-SA 4.0)
21:22	27	du		20	הִכְעַ֔סְתָּ		attached-word	attached	0.4469	approved	0				SubjectPronoun of 'erzürnt', by the parse of UDPipe's German-HDT model (Straka and Straková, ÚFAL, CC BY-NC-SA 4.0)
21:24	20	sollen		17	יֹאכְל֖וּ		attached-word	attached	0.6075	approved	0				AuxiliaryVerb of 'fressen', by the parse of UDPipe's German-HDT model (Straka and Straková, ÚFAL, CC BY-NC-SA 4.0)
21:25	9	hätte		7	הִתְמַכֵּ֔ר		attached-word	attached	0.655	approved	0				AuxiliaryVerb of 'verkauft', by the parse of UDPipe's German-HDT model (Straka and Straková, ÚFAL, CC BY-NC-SA 4.0)
21:26	18	hatten		12	עָשׂ֣וּ		attached-word	attached	0.5611	approved	0				AuxiliaryVerb of 'getan', by the parse of UDPipe's German-HDT model (Straka and Straková, ÚFAL, CC BY-NC-SA 4.0)
21:26	27	hatte		16	הֹורִ֣ישׁ		attached-word	attached	0.4955	approved	0				AuxiliaryVerb of 'vertrieben', by the parse of UDPipe's German-HDT model (Straka and Straková, ÚFAL, CC BY-NC-SA 4.0)
21:29	1	Hast		2	רָאִ֔יתָ		attached-word	attached	0.6712	approved	0				AuxiliaryVerb of 'gesehen', by the parse of UDPipe's German-HDT model (Straka and Straková, ÚFAL, CC BY-NC-SA 4.0)
21:29	2	du		2	רָאִ֔יתָ		attached-word	attached	0.6712	approved	0				SubjectPronoun of 'gesehen', by the parse of UDPipe's German-HDT model (Straka and Straková, ÚFAL, CC BY-NC-SA 4.0)
22:3	10	ihr		8	יְדַעְתֶּ֕ם		attached-word	attached	0.625	approved	0				SubjectPronoun of 'Wißt', by the parse of UDPipe's German-HDT model (Straka and Straková, ÚFAL, CC BY-NC-SA 4.0)
22:6	14	Soll		16	אֵלֵ֞ךְ		attached-word	attached	0.3031	approved	0				AuxiliaryVerb of 'ziehen', by the parse of UDPipe's German-HDT model (Straka and Straková, ÚFAL, CC BY-NC-SA 4.0)
22:6	15	ich		16	אֵלֵ֞ךְ		attached-word	attached	0.3031	approved	0				SubjectPronoun of 'ziehen', by the parse of UDPipe's German-HDT model (Straka and Straková, ÚFAL, CC BY-NC-SA 4.0)
22:6	28	Sie		26	יֹּאמְר֣וּ		attached-word	attached	0.672	approved	0				SubjectPronoun of 'sprachen', by the parse of UDPipe's German-HDT model (Straka and Straková, ÚFAL, CC BY-NC-SA 4.0)
22:7	12	wir		12	נִדְרְשָׁ֖ה		attached-word	attached	0.4917	approved	0				SubjectPronoun of 'fragen', by the parse of UDPipe's German-HDT model (Straka and Straková, ÚFAL, CC BY-NC-SA 4.0)
22:8	29	er		21	יִתְנַבֵּ֨א		attached-word	attached	0.5773	approved	0				SubjectPronoun of 'weissagt', by the parse of UDPipe's German-HDT model (Straka and Straková, ÚFAL, CC BY-NC-SA 4.0)
22:11	6	hatte		2	יַּ֥עַשׂ		attached-word	attached	0.3871	approved	0				AuxiliaryVerb of 'gemacht', by the parse of UDPipe's German-HDT model (Straka and Straková, ÚFAL, CC BY-NC-SA 4.0)
22:11	18	wirst		16	תְּנַגַּ֥ח		attached-word	attached	0.3	approved	0				AuxiliaryVerb of 'stoßen', by the parse of UDPipe's German-HDT model (Straka and Straková, ÚFAL, CC BY-NC-SA 4.0)
22:11	19	du		16	תְּנַגַּ֥ח		attached-word	attached	0.3	approved	0				SubjectPronoun of 'stoßen', by the parse of UDPipe's German-HDT model (Straka and Straková, ÚFAL, CC BY-NC-SA 4.0)
22:13	6	war		5	הָלַ֣ךְ		attached-word	attached	0.52	approved	0				AuxiliaryVerb of 'hingegangen', by the parse of UDPipe's German-HDT model (Straka and Straková, ÚFAL, CC BY-NC-SA 4.0)
22:14	8	ich		13	אֲדַבֵּֽר		attached-word	attached	0.5106	approved	0				SubjectPronoun of 'reden', by the parse of UDPipe's German-HDT model (Straka and Straková, ÚFAL, CC BY-NC-SA 4.0)
22:14	16	wird		9	יֹאמַ֧ר		attached-word	attached	0.6386	approved	0				AuxiliaryVerb of 'sagen', by the parse of UDPipe's German-HDT model (Straka and Straková, ÚFAL, CC BY-NC-SA 4.0)
22:15	3	er		2	יָּבֹוא֮		attached-word	attached	0.5701	approved	0				SubjectPronoun of 'kam', by the parse of UDPipe's German-HDT model (Straka and Straková, ÚFAL, CC BY-NC-SA 4.0)
22:15	27	Er		23	יֹּ֤אמֶר		attached-word	attached	0.6899	approved	0				SubjectPronoun of 'sprach', by the parse of UDPipe's German-HDT model (Straka and Straková, ÚFAL, CC BY-NC-SA 4.0)
22:17	1	Er		2	יֹּ֗אמֶר		attached-word	attached	0.6899	approved	0				SubjectPronoun of 'sprach', by the parse of UDPipe's German-HDT model (Straka and Straková, ÚFAL, CC BY-NC-SA 4.0)
22:17	3	Ich		3	רָאִ֤יתִי		attached-word	attached	0.6514	approved	0				SubjectPronoun of 'sah', by the parse of UDPipe's German-HDT model (Straka and Straková, ÚFAL, CC BY-NC-SA 4.0)
22:18	8	Habe		9	אָמַ֣רְתִּי		attached-word	attached	0.5962	approved	0				AuxiliaryVerb of 'gesagt', by the parse of UDPipe's German-HDT model (Straka and Straková, ÚFAL, CC BY-NC-SA 4.0)
22:18	9	ich		9	אָמַ֣רְתִּי		attached-word	attached	0.5962	approved	0				SubjectPronoun of 'gesagt', by the parse of UDPipe's German-HDT model (Straka and Straková, ÚFAL, CC BY-NC-SA 4.0)
22:18	14	er		12	יִתְנַבֵּ֥א		attached-word	attached	0.5773	approved	0				SubjectPronoun of 'weissagt', by the parse of UDPipe's German-HDT model (Straka and Straková, ÚFAL, CC BY-NC-SA 4.0)
22:19	1	Er		2	יֹּ֕אמֶר		attached-word	attached	0.6899	approved	0				SubjectPronoun of 'sprach', by the parse of UDPipe's German-HDT model (Straka and Straková, ÚFAL, CC BY-NC-SA 4.0)
22:19	10	Ich		7	רָאִ֤יתִי		attached-word	attached	0.6514	approved	0				SubjectPronoun of 'sah', by the parse of UDPipe's German-HDT model (Straka and Straková, ÚFAL, CC BY-NC-SA 4.0)
22:22	1	Er		2	יֹּ֗אמֶר		attached-word	attached	0.6899	approved	0				SubjectPronoun of 'sprach', by the parse of UDPipe's German-HDT model (Straka and Straková, ÚFAL, CC BY-NC-SA 4.0)
22:22	3	Ich		3	אֵצֵא֙		attached-word	attached	0.6578	approved	0				SubjectPronoun of 'ausgehen', by the parse of UDPipe's German-HDT model (Straka and Straková, ÚFAL, CC BY-NC-SA 4.0)
22:22	16	Er		13	יֹּ֗אמֶר		attached-word	attached	0.6899	approved	0				SubjectPronoun of 'sprach', by the parse of UDPipe's German-HDT model (Straka and Straková, ÚFAL, CC BY-NC-SA 4.0)
22:22	18	Du		14	תְּפַתֶּה֙		attached-word	attached	0.61	approved	0				SubjectPronoun of 'überreden', by the parse of UDPipe's German-HDT model (Straka and Straková, ÚFAL, CC BY-NC-SA 4.0)
22:22	19	sollst		14	תְּפַתֶּה֙		attached-word	attached	0.61	approved	0				AuxiliaryVerb of 'überreden', by the parse of UDPipe's German-HDT model (Straka and Straková, ÚFAL, CC BY-NC-SA 4.0)
22:23	5	hat		4	נָתַ֤ן		attached-word	attached	0.6443	approved	0				AuxiliaryVerb of 'gegeben', by the parse of UDPipe's German-HDT model (Straka and Straková, ÚFAL, CC BY-NC-SA 4.0)
22:23	19	hat		15	דִּבֶּ֥ר		attached-word	attached	0.5926	approved	0				AuxiliaryVerb of 'geredet', by the parse of UDPipe's German-HDT model (Straka and Straková, ÚFAL, CC BY-NC-SA 4.0)
22:25	11	du		12	תָּבֹ֛א		attached-word	attached	0.306	approved	0				SubjectPronoun of 'gehen', by the parse of UDPipe's German-HDT model (Straka and Straková, ÚFAL, CC BY-NC-SA 4.0)
22:28	9	hat		10	דִבֶּ֥ר		attached-word	attached	0.5926	approved	0				AuxiliaryVerb of 'geredet', by the parse of UDPipe's German-HDT model (Straka and Straková, ÚFAL, CC BY-NC-SA 4.0)
22:31	17	Ihr		17	תִּלָּ֣חֲמ֔וּ		attached-word	attached	0.5318	approved	0				SubjectPronoun of 'streiten', by the parse of UDPipe's German-HDT model (Straka and Straková, ÚFAL, CC BY-NC-SA 4.0)
22:33	16	sie		14	יָּשׁ֖וּבוּ		attached-word	attached	0.34	approved	0				SubjectPronoun of 'wandten', by the parse of UDPipe's German-HDT model (Straka and Straková, ÚFAL, CC BY-NC-SA 4.0)
22:34	19	er		22	יֹּ֣אמֶר		attached-word	attached	0.6899	approved	0				SubjectPronoun of 'sprach', by the parse of UDPipe's German-HDT model (Straka and Straková, ÚFAL, CC BY-NC-SA 4.0)
22:37	6	ward		6	יָּבֹ֖וא		attached-word	attached	0.4167	approved	0				AuxiliaryVerb of 'gebracht', by the parse of UDPipe's German-HDT model (Straka and Straková, ÚFAL, CC BY-NC-SA 4.0)
22:37	11	sie		9	יִּקְבְּר֥וּ		attached-word	attached	0.7	approved	0				SubjectPronoun of 'begruben', by the parse of UDPipe's German-HDT model (Straka and Straková, ÚFAL, CC BY-NC-SA 4.0)
22:38	28	er		23	דִּבֵּֽר		attached-word	attached	0.5926	approved	0				SubjectPronoun of 'geredet', by the parse of UDPipe's German-HDT model (Straka and Straková, ÚFAL, CC BY-NC-SA 4.0)
22:38	30	hatte		23	דִּבֵּֽר		attached-word	attached	0.5926	approved	0				AuxiliaryVerb of 'geredet', by the parse of UDPipe's German-HDT model (Straka and Straková, ÚFAL, CC BY-NC-SA 4.0)
22:39	11	er		8	עָשָׂ֗ה		attached-word	attached	0.5603	approved	0				SubjectPronoun of 'getan', by the parse of UDPipe's German-HDT model (Straka and Straková, ÚFAL, CC BY-NC-SA 4.0)
22:39	13	hat		8	עָשָׂ֗ה		attached-word	attached	0.5603	approved	0				AuxiliaryVerb of 'getan', by the parse of UDPipe's German-HDT model (Straka and Straková, ÚFAL, CC BY-NC-SA 4.0)
22:39	19	er		14	בָּנָ֔ה		attached-word	attached	0.5884	approved	0				SubjectPronoun of 'baute', by the parse of UDPipe's German-HDT model (Straka and Straková, ÚFAL, CC BY-NC-SA 4.0)
22:39	25	er		20	בָּנָ֑ה		attached-word	attached	0.625	approved	0				SubjectPronoun of 'gebaut', by the parse of UDPipe's German-HDT model (Straka and Straková, ÚFAL, CC BY-NC-SA 4.0)
22:39	27	hat		20	בָּנָ֑ה		attached-word	attached	0.625	approved	0				AuxiliaryVerb of 'gebaut', by the parse of UDPipe's German-HDT model (Straka and Straková, ÚFAL, CC BY-NC-SA 4.0)
22:39	30	ist		24	כְּתוּבִ֗ים		attached-word	attached	0.6885	approved	0				AuxiliaryVerb of 'geschrieben', by the parse of UDPipe's German-HDT model (Straka and Straková, ÚFAL, CC BY-NC-SA 4.0)
22:45	13	er		8	עָשָׂ֖ה		attached-word	attached	0.5603	approved	0				SubjectPronoun of 'getan', by the parse of UDPipe's German-HDT model (Straka and Straková, ÚFAL, CC BY-NC-SA 4.0)
22:45	17	er		11	נִלְחָ֑ם		attached-word	attached	0.7	approved	0				SubjectPronoun of 'gestritten', by the parse of UDPipe's German-HDT model (Straka and Straková, ÚFAL, CC BY-NC-SA 4.0)
22:45	19	hat		8	עָשָׂ֖ה		attached-word	attached	0.5603	approved	0				AuxiliaryVerb of 'getan', by the parse of UDPipe's German-HDT model (Straka and Straková, ÚFAL, CC BY-NC-SA 4.0)
22:45	22	ist		15	כְּתוּבִ֗ים		attached-word	attached	0.6885	approved	0				AuxiliaryVerb of 'geschrieben', by the parse of UDPipe's German-HDT model (Straka and Straková, ÚFAL, CC BY-NC-SA 4.0)
22:46	19	waren		6	נִשְׁאַ֔ר		attached-word	attached	0.4261	approved	0				AuxiliaryVerb of 'übriggeblieben', by the parse of UDPipe's German-HDT model (Straka and Straková, ÚFAL, CC BY-NC-SA 4.0)
22:48	13	sollten		6	לֶ֧כֶת		attached-word	attached	0.3	approved	0				AuxiliaryVerb of 'gehen', by the parse of UDPipe's German-HDT model (Straka and Straková, ÚFAL, CC BY-NC-SA 4.0)
22:48	22	sie		15	נשׁברה		attached-word	attached	0.475	approved	0				SubjectPronoun of 'zerbrochen', by the parse of UDPipe's German-HDT model (Straka and Straková, ÚFAL, CC BY-NC-SA 4.0)
22:48	23	wurden		15	נשׁברה		attached-word	attached	0.475	approved	0				AuxiliaryVerb of 'zerbrochen', by the parse of UDPipe's German-HDT model (Straka and Straková, ÚFAL, CC BY-NC-SA 4.0)
22:52	2	er		2	יַּ֥עַשׂ		attached-word	attached	0.5129	approved	0				SubjectPronoun of 'tat', by the parse of UDPipe's German-HDT model (Straka and Straková, ÚFAL, CC BY-NC-SA 4.0)
