at	word	surface	target_at	target	target_surface	absence	rule	tier	confidence	verdict	review	corrected_at	corrected	corrected_surface	rationale
1:4	2	ich		2	אֵ֡רֶא		attached-word	attached	0.6512	approved	0				SubjectPronoun of 'sah', by the parse of UDPipe's German-HDT model (Straka and Straková, ÚFAL, CC BY-NC-SA 4.0)
1:9	15	sie		7	יִסַּ֣בּוּ		attached-word	attached	0.43	approved	0				SubjectPronoun of 'herumlenken', by the parse of UDPipe's German-HDT model (Straka and Straková, ÚFAL, CC BY-NC-SA 4.0)
1:15	2	ich		2	אֵ֖רֶא		attached-word	attached	0.6512	approved	0				SubjectPronoun of 'sah', by the parse of UDPipe's German-HDT model (Straka and Straková, ÚFAL, CC BY-NC-SA 4.0)
1:17	2	sie		5	לֶכְתָּ֣ם		attached-word	attached	0.3	approved	0				SubjectPronoun of 'gehen', by the parse of UDPipe's German-HDT model (Straka and Straková, ÚFAL, CC BY-NC-SA 4.0)
1:17	6	sie		6	יֵלֵ֑כוּ		attached-word	attached	0.3	approved	0				SubjectPronoun of 'gehen', by the parse of UDPipe's German-HDT model (Straka and Straková, ÚFAL, CC BY-NC-SA 4.0)
1:17	14	sie		8	יִסַּ֖בּוּ		attached-word	attached	0.43	approved	0				SubjectPronoun of 'herumlenken', by the parse of UDPipe's German-HDT model (Straka and Straková, ÚFAL, CC BY-NC-SA 4.0)
1:17	19	sie		10	לֶכְתָּֽן		attached-word	attached	0.3	approved	0				SubjectPronoun of 'gingen', by the parse of UDPipe's German-HDT model (Straka and Straková, ÚFAL, CC BY-NC-SA 4.0)
1:21	2	sie		2	לֶכְתָּ֣ם		attached-word	attached	0.3	approved	0				SubjectPronoun of 'gingen', by the parse of UDPipe's German-HDT model (Straka and Straková, ÚFAL, CC BY-NC-SA 4.0)
1:21	9	sie		6	עָמְדָ֖ם		attached-word	attached	0.5289	approved	0				SubjectPronoun of 'standen', by the parse of UDPipe's German-HDT model (Straka and Straková, ÚFAL, CC BY-NC-SA 4.0)
1:24	2	ich		2	אֶשְׁמַ֣ע		attached-word	attached	0.6676	approved	0				SubjectPronoun of 'hörte', by the parse of UDPipe's German-HDT model (Straka and Straková, ÚFAL, CC BY-NC-SA 4.0)
1:24	17	sie		14	לֶכְתָּ֔ם		attached-word	attached	0.3484	approved	0				SubjectPronoun of 'gingen', by the parse of UDPipe's German-HDT model (Straka and Straková, ÚFAL, CC BY-NC-SA 4.0)
1:24	27	sie		21	עָמְדָ֖ם		attached-word	attached	0.5289	approved	0				SubjectPronoun of 'standen', by the parse of UDPipe's German-HDT model (Straka and Straková, ÚFAL, CC BY-NC-SA 4.0)
1:27	2	ich		2	אֵ֣רֶא		attached-word	attached	0.6512	approved	0				SubjectPronoun of 'sah', by the parse of UDPipe's German-HDT model (Straka and Straková, ÚFAL, CC BY-NC-SA 4.0)
1:28	30	hatte		25	אֶרְאֶה֙		attached-word	attached	0.6715	approved	0				AuxiliaryVerb of 'gesehen', by the parse of UDPipe's German-HDT model (Straka and Straková, ÚFAL, CC BY-NC-SA 4.0)
1:28	32	ich		27	אֶפֹּ֣ל		attached-word	attached	0.5236	approved	0				SubjectPronoun of 'fiel', by the parse of UDPipe's German-HDT model (Straka and Straková, ÚFAL, CC BY-NC-SA 4.0)
2:1	2	er		2	יֹּ֖אמֶר		attached-word	attached	0.6899	approved	0				SubjectPronoun of 'sprach', by the parse of UDPipe's German-HDT model (Straka and Straková, ÚFAL, CC BY-NC-SA 4.0)
2:1	14	ich		10	אֲדַבֵּ֖ר		attached-word	attached	0.5095	approved	0				SubjectPronoun of 'reden', by the parse of UDPipe's German-HDT model (Straka and Straková, ÚFAL, CC BY-NC-SA 4.0)
2:2	3	er		7	דִּבֶּ֣ר		attached-word	attached	0.6681	approved	0				SubjectPronoun of 'redete', by the parse of UDPipe's German-HDT model (Straka and Straková, ÚFAL, CC BY-NC-SA 4.0)
2:3	2	er		2	יֹּ֣אמֶר		attached-word	attached	0.6899	approved	0				SubjectPronoun of 'sprach', by the parse of UDPipe's German-HDT model (Straka and Straková, ÚFAL, CC BY-NC-SA 4.0)
2:4	17	sollst		14	אָמַרְתָּ֣		attached-word	attached	0.6395	approved	0				AuxiliaryVerb of 'sagen', by the parse of UDPipe's German-HDT model (Straka and Straková, ÚFAL, CC BY-NC-SA 4.0)
2:4	18	du		14	אָמַרְתָּ֣		attached-word	attached	0.6395	approved	0				SubjectPronoun of 'sagen', by the parse of UDPipe's German-HDT model (Straka and Straková, ÚFAL, CC BY-NC-SA 4.0)
2:5	12	sollen		13	יָ֣דְע֔וּ		attached-word	attached	0.6177	approved	0				AuxiliaryVerb of 'wissen', by the parse of UDPipe's German-HDT model (Straka and Straková, ÚFAL, CC BY-NC-SA 4.0)
2:8	29	werde		25	נֹתֵ֥ן		attached-word	attached	0.6262	approved	0				AuxiliaryVerb of 'geben', by the parse of UDPipe's German-HDT model (Straka and Straková, ÚFAL, CC BY-NC-SA 4.0)
2:9	2	ich		2	אֶרְאֶ֕ה		attached-word	attached	0.6516	approved	0				SubjectPronoun of 'sah', by the parse of UDPipe's German-HDT model (Straka and Straková, ÚFAL, CC BY-NC-SA 4.0)
3:2	3	ich		2	אֶפְתַּ֖ח		attached-word	attached	0.2833	approved	0				SubjectPronoun of 'tat', by the parse of UDPipe's German-HDT model (Straka and Straková, ÚFAL, CC BY-NC-SA 4.0)
3:4	2	er		2	יֹּ֖אמֶר		attached-word	attached	0.6899	approved	0				SubjectPronoun of 'sprach', by the parse of UDPipe's German-HDT model (Straka and Straková, ÚFAL, CC BY-NC-SA 4.0)
3:6	16	du		12	תִשְׁמַ֖ע		attached-word	attached	0.3143	approved	0				SubjectPronoun of 'verstehen', by the parse of UDPipe's German-HDT model (Straka and Straková, ÚFAL, CC BY-NC-SA 4.0)
3:6	22	ich		17	שְׁלַחְתִּ֔יךָ		attached-word	attached	0.7	approved	0				SubjectPronoun of 'sendete', by the parse of UDPipe's German-HDT model (Straka and Straková, ÚFAL, CC BY-NC-SA 4.0)
3:6	28	würden		19	יִשְׁמְע֥וּ		attached-word	attached	0.6595	approved	0				AuxiliaryVerb of 'hören', by the parse of UDPipe's German-HDT model (Straka and Straková, ÚFAL, CC BY-NC-SA 4.0)
3:8	2	ich		2	נָתַ֧תִּי		attached-word	attached	0.2823	approved	0				SubjectPronoun of 'gemacht', by the parse of UDPipe's German-HDT model (Straka and Straková, ÚFAL, CC BY-NC-SA 4.0)
3:8	3	habe		2	נָתַ֧תִּי		attached-word	attached	0.2823	approved	0				AuxiliaryVerb of 'gemacht', by the parse of UDPipe's German-HDT model (Straka and Straková, ÚFAL, CC BY-NC-SA 4.0)
3:9	2	ich		6	נָתַ֣תִּי		attached-word	attached	0.2823	approved	0				SubjectPronoun of 'gemacht', by the parse of UDPipe's German-HDT model (Straka and Straková, ÚFAL, CC BY-NC-SA 4.0)
3:9	3	habe		6	נָתַ֣תִּי		attached-word	attached	0.2823	approved	0				AuxiliaryVerb of 'gemacht', by the parse of UDPipe's German-HDT model (Straka and Straková, ÚFAL, CC BY-NC-SA 4.0)
3:9	20	dich		9	תִירָ֤א		attached-word	attached	0.6419	approved	0				SubjectPronoun of 'fürchte', by the parse of UDPipe's German-HDT model (Straka and Straková, ÚFAL, CC BY-NC-SA 4.0)
3:10	2	er		2	יֹּ֖אמֶר		attached-word	attached	0.6899	approved	0				SubjectPronoun of 'sprach', by the parse of UDPipe's German-HDT model (Straka and Straková, ÚFAL, CC BY-NC-SA 4.0)
3:10	12	ich		10	אֲדַבֵּ֣ר		attached-word	attached	0.3541	approved	0				SubjectPronoun of 'sage', by the parse of UDPipe's German-HDT model (Straka and Straková, ÚFAL, CC BY-NC-SA 4.0)
3:12	8	ich		5	אֶשְׁמַ֣ע		attached-word	attached	0.6679	approved	0				SubjectPronoun of 'hörte', by the parse of UDPipe's German-HDT model (Straka and Straková, ÚFAL, CC BY-NC-SA 4.0)
3:12	19	sei		10	בָּר֥וּךְ		attached-word	attached	0.5297	approved	0				AuxiliaryVerb of 'Gelobt', by the parse of UDPipe's German-HDT model (Straka and Straková, ÚFAL, CC BY-NC-SA 4.0)
3:15	2	ich		2	אָבֹ֨וא		attached-word	attached	0.5708	approved	0				SubjectPronoun of 'kam', by the parse of UDPipe's German-HDT model (Straka and Straková, ÚFAL, CC BY-NC-SA 4.0)
3:17	1	Du		9	שָׁמַעְתָּ֤		attached-word	attached	0.6595	approved	0				SubjectPronoun of 'hören', by the parse of UDPipe's German-HDT model (Straka and Straková, ÚFAL, CC BY-NC-SA 4.0)
3:17	3	ich		4	נְתַתִּ֖יךָ		attached-word	attached	0.3878	approved	0				SubjectPronoun of 'gesetzt', by the parse of UDPipe's German-HDT model (Straka and Straková, ÚFAL, CC BY-NC-SA 4.0)
3:17	4	habe		4	נְתַתִּ֖יךָ		attached-word	attached	0.3878	approved	0				AuxiliaryVerb of 'gesetzt', by the parse of UDPipe's German-HDT model (Straka and Straková, ÚFAL, CC BY-NC-SA 4.0)
3:17	13	du		9	שָׁמַעְתָּ֤		attached-word	attached	0.6595	approved	0				SubjectPronoun of 'hören', by the parse of UDPipe's German-HDT model (Straka and Straková, ÚFAL, CC BY-NC-SA 4.0)
3:17	14	sollst		9	שָׁמַעְתָּ֤		attached-word	attached	0.6595	approved	0				AuxiliaryVerb of 'hören', by the parse of UDPipe's German-HDT model (Straka and Straková, ÚFAL, CC BY-NC-SA 4.0)
3:18	2	ich		2	אָמְרִ֤י		attached-word	attached	0.498	approved	0				SubjectPronoun of 'sage', by the parse of UDPipe's German-HDT model (Straka and Straková, ÚFAL, CC BY-NC-SA 4.0)
3:18	36	wird		27	יָמ֔וּת		attached-word	attached	0.6888	approved	0				AuxiliaryVerb of 'sterben', by the parse of UDPipe's German-HDT model (Straka and Straková, ÚFAL, CC BY-NC-SA 4.0)
3:18	48	ich		32	אֲבַקֵּֽשׁ		attached-word	attached	0.37	approved	0				SubjectPronoun of 'fordern', by the parse of UDPipe's German-HDT model (Straka and Straková, ÚFAL, CC BY-NC-SA 4.0)
3:19	19	wird		19	יָמ֔וּת		attached-word	attached	0.6888	approved	0				AuxiliaryVerb of 'sterben', by the parse of UDPipe's German-HDT model (Straka and Straková, ÚFAL, CC BY-NC-SA 4.0)
3:20	30	wird		22	יָמ֔וּת		attached-word	attached	0.6888	approved	0				AuxiliaryVerb of 'sterben', by the parse of UDPipe's German-HDT model (Straka and Straková, ÚFAL, CC BY-NC-SA 4.0)
3:20	52	ich		33	אֲבַקֵּֽשׁ		attached-word	attached	0.37	approved	0				SubjectPronoun of 'fordern', by the parse of UDPipe's German-HDT model (Straka and Straková, ÚFAL, CC BY-NC-SA 4.0)
3:21	11	soll		8	חֲטֹ֛א		attached-word	attached	0.6679	approved	0				AuxiliaryVerb of 'sündigen', by the parse of UDPipe's German-HDT model (Straka and Straková, ÚFAL, CC BY-NC-SA 4.0)
3:22	10	er		8	יֹּ֣אמֶר		attached-word	attached	0.6899	approved	0				SubjectPronoun of 'sprach', by the parse of UDPipe's German-HDT model (Straka and Straková, ÚFAL, CC BY-NC-SA 4.0)
3:22	24	ich		17	אֲדַבֵּ֥ר		attached-word	attached	0.5095	approved	0				SubjectPronoun of 'reden', by the parse of UDPipe's German-HDT model (Straka and Straková, ÚFAL, CC BY-NC-SA 4.0)
3:23	21	ich		18	רָאִ֖יתִי		attached-word	attached	0.6715	approved	0				SubjectPronoun of 'gesehen', by the parse of UDPipe's German-HDT model (Straka and Straková, ÚFAL, CC BY-NC-SA 4.0)
3:23	27	hatte		18	רָאִ֖יתִי		attached-word	attached	0.6715	approved	0				AuxiliaryVerb of 'gesehen', by the parse of UDPipe's German-HDT model (Straka and Straková, ÚFAL, CC BY-NC-SA 4.0)
3:23	29	ich		23	אֶפֹּ֖ל		attached-word	attached	0.5236	approved	0				SubjectPronoun of 'fiel', by the parse of UDPipe's German-HDT model (Straka and Straková, ÚFAL, CC BY-NC-SA 4.0)
3:24	11	er		10	יְדַבֵּ֤ר		attached-word	attached	0.6682	approved	0				SubjectPronoun of 'redete', by the parse of UDPipe's German-HDT model (Straka and Straková, ÚFAL, CC BY-NC-SA 4.0)
3:25	6	wird		6	נָתְנ֤וּ		attached-word	attached	0.325	approved	0				AuxiliaryVerb of 'anlegen', by the parse of UDPipe's German-HDT model (Straka and Straková, ÚFAL, CC BY-NC-SA 4.0)
3:25	18	sollst		14	תֵצֵ֖א		attached-word	attached	0.6578	approved	0				AuxiliaryVerb of 'ausgehen', by the parse of UDPipe's German-HDT model (Straka and Straková, ÚFAL, CC BY-NC-SA 4.0)
3:27	2	ich		3	דַבְּרִ֤י		attached-word	attached	0.5095	approved	0				SubjectPronoun of 'reden', by the parse of UDPipe's German-HDT model (Straka and Straková, ÚFAL, CC BY-NC-SA 4.0)
3:27	7	werde		3	דַבְּרִ֤י		attached-word	attached	0.5095	approved	0				AuxiliaryVerb of 'reden', by the parse of UDPipe's German-HDT model (Straka and Straková, ÚFAL, CC BY-NC-SA 4.0)
3:27	9	ich		5	אֶפְתַּ֣ח		attached-word	attached	0.6206	approved	0				SubjectPronoun of 'auftun', by the parse of UDPipe's German-HDT model (Straka and Straková, ÚFAL, CC BY-NC-SA 4.0)
3:27	15	du		9	אָמַרְתָּ֣		attached-word	attached	0.6388	approved	0				SubjectPronoun of 'sagen', by the parse of UDPipe's German-HDT model (Straka and Straková, ÚFAL, CC BY-NC-SA 4.0)
4:4	2	sollst		9	שַׂמְתָּ֛		attached-word	attached	0.351	approved	0				AuxiliaryVerb of 'legen', by the parse of UDPipe's German-HDT model (Straka and Straková, ÚFAL, CC BY-NC-SA 4.0)
4:5	19	sollst		17	נָשָׂ֖אתָ		attached-word	attached	0.5517	approved	0				AuxiliaryVerb of 'tragen', by the parse of UDPipe's German-HDT model (Straka and Straková, ÚFAL, CC BY-NC-SA 4.0)
4:5	20	du		17	נָשָׂ֖אתָ		attached-word	attached	0.5517	approved	0				SubjectPronoun of 'tragen', by the parse of UDPipe's German-HDT model (Straka and Straková, ÚFAL, CC BY-NC-SA 4.0)
4:6	3	du		2	כִלִּיתָ֣		attached-word	attached	0.4429	approved	0				SubjectPronoun of 'ausgerichtet', by the parse of UDPipe's German-HDT model (Straka and Straková, ÚFAL, CC BY-NC-SA 4.0)
4:6	6	hast		2	כִלִּיתָ֣		attached-word	attached	0.4429	approved	0				AuxiliaryVerb of 'ausgerichtet', by the parse of UDPipe's German-HDT model (Straka and Straková, ÚFAL, CC BY-NC-SA 4.0)
4:6	28	ich		28	נְתַתִּ֥יו		attached-word	attached	0.6088	approved	0				SubjectPronoun of 'gebe', by the parse of UDPipe's German-HDT model (Straka and Straková, ÚFAL, CC BY-NC-SA 4.0)
4:8	3	ich		3	נָתַ֥תִּי		attached-word	attached	0.325	approved	0				SubjectPronoun of 'anlegen', by the parse of UDPipe's German-HDT model (Straka and Straková, ÚFAL, CC BY-NC-SA 4.0)
4:8	26	hast		14	כַּלֹּותְךָ֖		attached-word	attached	0.4187	approved	0				AuxiliaryVerb of 'vollendet', by the parse of UDPipe's German-HDT model (Straka and Straková, ÚFAL, CC BY-NC-SA 4.0)
4:10	6	du		4	תֹּאכֲלֶ֔נּוּ		attached-word	attached	0.6443	approved	0				SubjectPronoun of 'essen', by the parse of UDPipe's German-HDT model (Straka and Straková, ÚFAL, CC BY-NC-SA 4.0)
4:10	9	sollst		4	תֹּאכֲלֶ֔נּוּ		attached-word	attached	0.6443	approved	0				AuxiliaryVerb of 'essen', by the parse of UDPipe's German-HDT model (Straka and Straková, ÚFAL, CC BY-NC-SA 4.0)
4:10	17	sollst		16	תֹּאכֲלֶֽנּוּ		attached-word	attached	0.6443	approved	0				AuxiliaryVerb of 'essen', by the parse of UDPipe's German-HDT model (Straka and Straková, ÚFAL, CC BY-NC-SA 4.0)
4:10	18	du		16	תֹּאכֲלֶֽנּוּ		attached-word	attached	0.6443	approved	0				SubjectPronoun of 'essen', by the parse of UDPipe's German-HDT model (Straka and Straková, ÚFAL, CC BY-NC-SA 4.0)
4:11	3	sollst		5	תִשְׁתֶּ֖ה		attached-word	attached	0.625	approved	0				AuxiliaryVerb of 'trinken', by the parse of UDPipe's German-HDT model (Straka and Straková, ÚFAL, CC BY-NC-SA 4.0)
4:11	4	du		5	תִשְׁתֶּ֖ה		attached-word	attached	0.625	approved	0				SubjectPronoun of 'trinken', by the parse of UDPipe's German-HDT model (Straka and Straková, ÚFAL, CC BY-NC-SA 4.0)
4:11	17	sollst		13	תִּשְׁתֶּֽה		attached-word	attached	0.625	approved	0				AuxiliaryVerb of 'trinken', by the parse of UDPipe's German-HDT model (Straka and Straková, ÚFAL, CC BY-NC-SA 4.0)
4:12	2	sollst		4	תֹּֽאכֲלֶ֑נָּה		attached-word	attached	0.6443	approved	0				AuxiliaryVerb of 'essen', by the parse of UDPipe's German-HDT model (Straka and Straková, ÚFAL, CC BY-NC-SA 4.0)
4:12	3	du		4	תֹּֽאכֲלֶ֑נָּה		attached-word	attached	0.6443	approved	0				SubjectPronoun of 'essen', by the parse of UDPipe's German-HDT model (Straka and Straková, ÚFAL, CC BY-NC-SA 4.0)
4:13	21	werde		15	אַדִּיחֵ֖ם		attached-word	attached	0.3357	approved	0				AuxiliaryVerb of 'verstoßen', by the parse of UDPipe's German-HDT model (Straka and Straková, ÚFAL, CC BY-NC-SA 4.0)
4:14	1	Ich		2	אֹמַ֗ר		attached-word	attached	0.6899	approved	0				SubjectPronoun of 'sprach', by the parse of UDPipe's German-HDT model (Straka and Straková, ÚFAL, CC BY-NC-SA 4.0)
4:14	16	ich		15	אָכַ֨לְתִּי֙		attached-word	attached	0.6885	approved	0				SubjectPronoun of 'gegessen', by the parse of UDPipe's German-HDT model (Straka and Straková, ÚFAL, CC BY-NC-SA 4.0)
4:14	17	habe		15	אָכַ֨לְתִּי֙		attached-word	attached	0.6885	approved	0				AuxiliaryVerb of 'gegessen', by the parse of UDPipe's German-HDT model (Straka and Straková, ÚFAL, CC BY-NC-SA 4.0)
4:14	32	ist		23	בָ֥א		attached-word	attached	0.5914	approved	0				AuxiliaryVerb of 'gekommen', by the parse of UDPipe's German-HDT model (Straka and Straková, ÚFAL, CC BY-NC-SA 4.0)
4:15	1	Er		2	יֹּ֣אמֶר		attached-word	attached	0.6899	approved	0				SubjectPronoun of 'sprach', by the parse of UDPipe's German-HDT model (Straka and Straková, ÚFAL, CC BY-NC-SA 4.0)
4:15	15	du		16	עָשִׂ֥יתָ		attached-word	attached	0.4357	approved	0				SubjectPronoun of 'machen', by the parse of UDPipe's German-HDT model (Straka and Straková, ÚFAL, CC BY-NC-SA 4.0)
4:15	19	sollst		16	עָשִׂ֥יתָ		attached-word	attached	0.4357	approved	0				AuxiliaryVerb of 'machen', by the parse of UDPipe's German-HDT model (Straka and Straková, ÚFAL, CC BY-NC-SA 4.0)
4:16	18	sie		13	אָכְלוּ		attached-word	attached	0.6443	approved	0				SubjectPronoun of 'essen', by the parse of UDPipe's German-HDT model (Straka and Straková, ÚFAL, CC BY-NC-SA 4.0)
5:5	10	ich		11	שַׂמְתִּ֑יהָ		attached-word	attached	0.412	approved	0				SubjectPronoun of 'gesetzt', by the parse of UDPipe's German-HDT model (Straka and Straková, ÚFAL, CC BY-NC-SA 4.0)
5:5	16	habe		11	שַׂמְתִּ֑יהָ		attached-word	attached	0.412	approved	0				AuxiliaryVerb of 'gesetzt', by the parse of UDPipe's German-HDT model (Straka and Straková, ÚFAL, CC BY-NC-SA 4.0)
5:6	18	sie		21	מָאָ֔סוּ		attached-word	attached	0.5714	approved	0				SubjectPronoun of 'verwerfen', by the parse of UDPipe's German-HDT model (Straka and Straková, ÚFAL, CC BY-NC-SA 4.0)
5:9	8	ich		7	עָשִׂ֔יתִי		attached-word	attached	0.5611	approved	0				SubjectPronoun of 'getan', by the parse of UDPipe's German-HDT model (Straka and Straková, ÚFAL, CC BY-NC-SA 4.0)
5:9	11	habe		7	עָשִׂ֔יתִי		attached-word	attached	0.5611	approved	0				AuxiliaryVerb of 'getan', by the parse of UDPipe's German-HDT model (Straka and Straková, ÚFAL, CC BY-NC-SA 4.0)
5:9	16	werde		12	אֶעֱשֶׂ֥ה		attached-word	attached	0.516	approved	0				AuxiliaryVerb of 'tun', by the parse of UDPipe's German-HDT model (Straka and Straková, ÚFAL, CC BY-NC-SA 4.0)
5:10	14	sollen		9	יֹאכְל֣וּ		attached-word	attached	0.6088	approved	0				AuxiliaryVerb of 'fressen', by the parse of UDPipe's German-HDT model (Straka and Straková, ÚFAL, CC BY-NC-SA 4.0)
5:10	32	werden		16	זֵרִיתִ֥י		attached-word	attached	0.2757	approved	0				AuxiliaryVerb of 'zerstreut', by the parse of UDPipe's German-HDT model (Straka and Straková, ÚFAL, CC BY-NC-SA 4.0)
5:11	12	du		12	טִמֵּ֔את		attached-word	attached	0.5667	approved	0				SubjectPronoun of 'verunreinigt', by the parse of UDPipe's German-HDT model (Straka and Straková, ÚFAL, CC BY-NC-SA 4.0)
5:12	2	soll		5	יָמ֗וּתוּ		attached-word	attached	0.6889	approved	0				AuxiliaryVerb of 'sterben', by the parse of UDPipe's German-HDT model (Straka and Straková, ÚFAL, CC BY-NC-SA 4.0)
5:12	35	ich		27	אֱזָרֶ֔ה		attached-word	attached	0.3932	approved	0				SubjectPronoun of 'zerstreuen', by the parse of UDPipe's German-HDT model (Straka and Straková, ÚFAL, CC BY-NC-SA 4.0)
5:13	19	sie		11	יָדְע֞וּ		attached-word	attached	0.6565	approved	0				SubjectPronoun of 'erfahren', by the parse of UDPipe's German-HDT model (Straka and Straková, ÚFAL, CC BY-NC-SA 4.0)
5:13	20	sollen		11	יָדְע֞וּ		attached-word	attached	0.6565	approved	0				AuxiliaryVerb of 'erfahren', by the parse of UDPipe's German-HDT model (Straka and Straková, ÚFAL, CC BY-NC-SA 4.0)
5:13	30	habe		15	דִּבַּ֨רְתִּי֙		attached-word	attached	0.595	approved	0				AuxiliaryVerb of 'geredet', by the parse of UDPipe's German-HDT model (Straka and Straková, ÚFAL, CC BY-NC-SA 4.0)
5:13	38	habe		19	כַלֹּותִ֥י		attached-word	attached	0.4429	approved	0				AuxiliaryVerb of 'ausgerichtet', by the parse of UDPipe's German-HDT model (Straka and Straková, ÚFAL, CC BY-NC-SA 4.0)
5:14	1	Ich		2	אֶתְּנֵךְ֙		attached-word	attached	0.358	approved	0				SubjectPronoun of 'setzen', by the parse of UDPipe's German-HDT model (Straka and Straková, ÚFAL, CC BY-NC-SA 4.0)
5:17	36	habe		22	דִּבַּֽרְתִּי		attached-word	attached	0.2875	approved	0				AuxiliaryVerb of 'gesagt', by the parse of UDPipe's German-HDT model (Straka and Straková, ÚFAL, CC BY-NC-SA 4.0)
6:4	9	werden		5	נִשְׁבְּר֖וּ		attached-word	attached	0.4805	approved	0				AuxiliaryVerb of 'zerbrochen', by the parse of UDPipe's German-HDT model (Straka and Straková, ÚFAL, CC BY-NC-SA 4.0)
6:7	2	sollen		2	נָפַ֥ל		attached-word	attached	0.55	approved	0				AuxiliaryVerb of 'daliegen', by the parse of UDPipe's German-HDT model (Straka and Straková, ÚFAL, CC BY-NC-SA 4.0)
6:8	23	habe		12	הִזָּרֹֽותֵיכֶ֖ם		attached-word	attached	0.2757	approved	0				AuxiliaryVerb of 'zerstreut', by the parse of UDPipe's German-HDT model (Straka and Straková, ÚFAL, CC BY-NC-SA 4.0)
6:9	18	ich		12	נִשְׁבַּ֜רְתִּי		attached-word	attached	0.3276	approved	0				SubjectPronoun of 'zerschlagen', by the parse of UDPipe's German-HDT model (Straka and Straková, ÚFAL, CC BY-NC-SA 4.0)
6:9	36	habe		12	נִשְׁבַּ֜רְתִּי		attached-word	attached	0.3276	approved	0				AuxiliaryVerb of 'zerschlagen', by the parse of UDPipe's German-HDT model (Straka and Straková, ÚFAL, CC BY-NC-SA 4.0)
6:9	45	sie		36	עָשׂ֔וּ		attached-word	attached	0.52	approved	0				SubjectPronoun of 'begangen', by the parse of UDPipe's German-HDT model (Straka and Straková, ÚFAL, CC BY-NC-SA 4.0)
6:9	51	haben		36	עָשׂ֔וּ		attached-word	attached	0.52	approved	0				AuxiliaryVerb of 'begangen', by the parse of UDPipe's German-HDT model (Straka and Straková, ÚFAL, CC BY-NC-SA 4.0)
6:10	2	sie		2	יָדְע֖וּ		attached-word	attached	0.656	approved	0				SubjectPronoun of 'erfahren', by the parse of UDPipe's German-HDT model (Straka and Straková, ÚFAL, CC BY-NC-SA 4.0)
6:10	3	sollen		2	יָדְע֖וּ		attached-word	attached	0.656	approved	0				AuxiliaryVerb of 'erfahren', by the parse of UDPipe's German-HDT model (Straka and Straková, ÚFAL, CC BY-NC-SA 4.0)
6:10	14	habe		9	דִּבַּ֔רְתִּי		attached-word	attached	0.595	approved	0				AuxiliaryVerb of 'geredet', by the parse of UDPipe's German-HDT model (Straka and Straková, ÚFAL, CC BY-NC-SA 4.0)
6:11	27	sie		32	יִפֹּֽלוּ		attached-word	attached	0.5076	approved	0				SubjectPronoun of 'fallen', by the parse of UDPipe's German-HDT model (Straka and Straková, ÚFAL, CC BY-NC-SA 4.0)
6:12	4	wird		6	יָמ֗וּת		attached-word	attached	0.6889	approved	0				AuxiliaryVerb of 'sterben', by the parse of UDPipe's German-HDT model (Straka and Straková, ÚFAL, CC BY-NC-SA 4.0)
6:12	13	wird		13	יִפֹּ֔ול		attached-word	attached	0.5076	approved	0				AuxiliaryVerb of 'fallen', by the parse of UDPipe's German-HDT model (Straka and Straková, ÚFAL, CC BY-NC-SA 4.0)
6:12	24	wird		23	יָמ֑וּת		attached-word	attached	0.6889	approved	0				AuxiliaryVerb of 'sterben', by the parse of UDPipe's German-HDT model (Straka and Straková, ÚFAL, CC BY-NC-SA 4.0)
6:13	4	sollt		2	ידַעְתֶּם֙		attached-word	attached	0.656	approved	0				AuxiliaryVerb of 'erfahren', by the parse of UDPipe's German-HDT model (Straka and Straková, ÚFAL, CC BY-NC-SA 4.0)
6:14	27	sie		21	יָדְע֖וּ		attached-word	attached	0.656	approved	0				SubjectPronoun of 'erfahren', by the parse of UDPipe's German-HDT model (Straka and Straková, ÚFAL, CC BY-NC-SA 4.0)
6:14	28	sollen		21	יָדְע֖וּ		attached-word	attached	0.656	approved	0				AuxiliaryVerb of 'erfahren', by the parse of UDPipe's German-HDT model (Straka and Straková, ÚFAL, CC BY-NC-SA 4.0)
7:3	8	ich		6	שִׁלַּחְתִּ֤י		attached-word	attached	0.6888	approved	0				SubjectPronoun of 'senden', by the parse of UDPipe's German-HDT model (Straka and Straková, ÚFAL, CC BY-NC-SA 4.0)
7:4	28	sollt		19	ידַעְתֶּ֖ם		attached-word	attached	0.6569	approved	0				AuxiliaryVerb of 'erfahren', by the parse of UDPipe's German-HDT model (Straka and Straková, ÚFAL, CC BY-NC-SA 4.0)
7:9	31	sollt		18	ידַעְתֶּ֕ם		attached-word	attached	0.6569	approved	0				AuxiliaryVerb of 'erfahren', by the parse of UDPipe's German-HDT model (Straka and Straková, ÚFAL, CC BY-NC-SA 4.0)
7:13	26	wird		21	יָשׁ֔וּב		attached-word	attached	0.3143	approved	0				AuxiliaryVerb of 'zurückkehren', by the parse of UDPipe's German-HDT model (Straka and Straková, ÚFAL, CC BY-NC-SA 4.0)
7:13	30	wird		28	יִתְחַזָּֽקוּ		attached-word	attached	0.275	approved	0				AuxiliaryVerb of 'erhalten', by the parse of UDPipe's German-HDT model (Straka and Straková, ÚFAL, CC BY-NC-SA 4.0)
7:15	16	wird		21	יָמ֔וּת		attached-word	attached	0.6889	approved	0				AuxiliaryVerb of 'sterben', by the parse of UDPipe's German-HDT model (Straka and Straková, ÚFAL, CC BY-NC-SA 4.0)
7:15	27	wird		30	יֹאכֲלֶֽנּוּ		attached-word	attached	0.61	approved	0				AuxiliaryVerb of 'fressen', by the parse of UDPipe's German-HDT model (Straka and Straková, ÚFAL, CC BY-NC-SA 4.0)
7:19	1	Sie		5	יַשְׁלִ֗יכוּ		attached-word	attached	0.3566	approved	0				SubjectPronoun of 'werfen', by the parse of UDPipe's German-HDT model (Straka and Straková, ÚFAL, CC BY-NC-SA 4.0)
7:19	2	werden		5	יַשְׁלִ֗יכוּ		attached-word	attached	0.3566	approved	0				AuxiliaryVerb of 'werfen', by the parse of UDPipe's German-HDT model (Straka and Straková, ÚFAL, CC BY-NC-SA 4.0)
7:19	32	sie		24	יְשַׂבֵּ֔עוּ		attached-word	attached	0.5125	approved	0				SubjectPronoun of 'sättigen', by the parse of UDPipe's German-HDT model (Straka and Straková, ÚFAL, CC BY-NC-SA 4.0)
7:20	1	Sie		11	עָ֣שׂוּ		attached-word	attached	0.4361	approved	0				SubjectPronoun of 'machen', by the parse of UDPipe's German-HDT model (Straka and Straková, ÚFAL, CC BY-NC-SA 4.0)
7:21	20	sie		17	חללה		attached-word	attached	0.7	approved	0				SubjectPronoun of 'entheiligen', by the parse of UDPipe's German-HDT model (Straka and Straková, ÚFAL, CC BY-NC-SA 4.0)
7:21	23	sollen		17	חללה		attached-word	attached	0.7	approved	0				AuxiliaryVerb of 'entheiligen', by the parse of UDPipe's German-HDT model (Straka and Straková, ÚFAL, CC BY-NC-SA 4.0)
7:22	8	sie		6	חִלְּל֖וּ		attached-word	attached	0.7	approved	0				SubjectPronoun of 'entheiligen', by the parse of UDPipe's German-HDT model (Straka and Straková, ÚFAL, CC BY-NC-SA 4.0)
7:22	14	sollen		10	בָאוּ		attached-word	attached	0.5285	approved	0				AuxiliaryVerb of 'kommen', by the parse of UDPipe's German-HDT model (Straka and Straková, ÚFAL, CC BY-NC-SA 4.0)
7:24	12	sie		6	יָרְשׁ֖וּ		attached-word	attached	0.563	approved	0				SubjectPronoun of 'einnehmen', by the parse of UDPipe's German-HDT model (Straka and Straková, ÚFAL, CC BY-NC-SA 4.0)
7:24	13	sollen		6	יָרְשׁ֖וּ		attached-word	attached	0.563	approved	0				AuxiliaryVerb of 'einnehmen', by the parse of UDPipe's German-HDT model (Straka and Straková, ÚFAL, CC BY-NC-SA 4.0)
7:25	6	sie		4	בִקְשׁ֥וּ		attached-word	attached	0.5022	approved	0				SubjectPronoun of 'suchen', by the parse of UDPipe's German-HDT model (Straka and Straková, ÚFAL, CC BY-NC-SA 4.0)
7:26	3	wird		4	תָּבֹ֔וא		attached-word	attached	0.5285	approved	0				AuxiliaryVerb of 'kommen', by the parse of UDPipe's German-HDT model (Straka and Straková, ÚFAL, CC BY-NC-SA 4.0)
7:26	14	werden		11	בִקְשׁ֤וּ		attached-word	attached	0.5022	approved	0				AuxiliaryVerb of 'suchen', by the parse of UDPipe's German-HDT model (Straka and Straková, ÚFAL, CC BY-NC-SA 4.0)
7:26	15	sie		11	בִקְשׁ֤וּ		attached-word	attached	0.5022	approved	0				SubjectPronoun of 'suchen', by the parse of UDPipe's German-HDT model (Straka and Straková, ÚFAL, CC BY-NC-SA 4.0)
7:27	3	wird		3	יִתְאַבָּ֗ל		attached-word	attached	0.2737	approved	0				AuxiliaryVerb of 'betrübt', by the parse of UDPipe's German-HDT model (Straka and Straková, ÚFAL, CC BY-NC-SA 4.0)
7:27	5	sein		3	יִתְאַבָּ֗ל		attached-word	attached	0.2737	approved	0				AuxiliaryVerb of 'betrübt', by the parse of UDPipe's German-HDT model (Straka and Straková, ÚFAL, CC BY-NC-SA 4.0)
7:27	9	werden		6	יִלְבַּ֣שׁ		attached-word	attached	0.4	approved	0				AuxiliaryVerb of 'gekleidet', by the parse of UDPipe's German-HDT model (Straka and Straková, ÚFAL, CC BY-NC-SA 4.0)
7:27	13	sein		6	יִלְבַּ֣שׁ		attached-word	attached	0.4	approved	0				AuxiliaryVerb of 'gekleidet', by the parse of UDPipe's German-HDT model (Straka and Straková, ÚFAL, CC BY-NC-SA 4.0)
7:27	42	sie		23	יָדְע֖וּ		attached-word	attached	0.6569	approved	0				SubjectPronoun of 'erfahren', by the parse of UDPipe's German-HDT model (Straka and Straková, ÚFAL, CC BY-NC-SA 4.0)
7:27	44	sollen		23	יָדְע֖וּ		attached-word	attached	0.6569	approved	0				AuxiliaryVerb of 'erfahren', by the parse of UDPipe's German-HDT model (Straka and Straková, ÚFAL, CC BY-NC-SA 4.0)
8:2	3	ich		2	אֶרְאֶ֗ה		attached-word	attached	0.6514	approved	0				SubjectPronoun of 'sah', by the parse of UDPipe's German-HDT model (Straka and Straková, ÚFAL, CC BY-NC-SA 4.0)
8:3	2	er		2	יִּשְׁלַח֙		attached-word	attached	0.5	approved	0				SubjectPronoun of 'reckte', by the parse of UDPipe's German-HDT model (Straka and Straková, ÚFAL, CC BY-NC-SA 4.0)
8:4	4	war		11	רָאִ֖יתִי		attached-word	attached	0.6715	approved	0				AuxiliaryVerb of 'gesehen', by the parse of UDPipe's German-HDT model (Straka and Straková, ÚFAL, CC BY-NC-SA 4.0)
8:4	11	ich		11	רָאִ֖יתִי		attached-word	attached	0.6715	approved	0				SubjectPronoun of 'gesehen', by the parse of UDPipe's German-HDT model (Straka and Straková, ÚFAL, CC BY-NC-SA 4.0)
8:4	15	hatte		11	רָאִ֖יתִי		attached-word	attached	0.6715	approved	0				AuxiliaryVerb of 'gesehen', by the parse of UDPipe's German-HDT model (Straka and Straková, ÚFAL, CC BY-NC-SA 4.0)
8:6	33	wirst		27	תִּרְאֶ֔ה		attached-word	attached	0.6426	approved	0				AuxiliaryVerb of 'sehen', by the parse of UDPipe's German-HDT model (Straka and Straková, ÚFAL, CC BY-NC-SA 4.0)
8:7	2	er		2	יָּבֵ֥א		attached-word	attached	0.3472	approved	0				SubjectPronoun of 'führte', by the parse of UDPipe's German-HDT model (Straka and Straková, ÚFAL, CC BY-NC-SA 4.0)
8:7	11	ich		9	אֶרְאֶ֕ה		attached-word	attached	0.6514	approved	0				SubjectPronoun of 'sah', by the parse of UDPipe's German-HDT model (Straka and Straková, ÚFAL, CC BY-NC-SA 4.0)
8:8	2	er		2	יֹּ֣אמֶר		attached-word	attached	0.6899	approved	0				SubjectPronoun of 'sprach', by the parse of UDPipe's German-HDT model (Straka and Straková, ÚFAL, CC BY-NC-SA 4.0)
8:9	2	er		2	יֹּ֖אמֶר		attached-word	attached	0.6899	approved	0				SubjectPronoun of 'sprach', by the parse of UDPipe's German-HDT model (Straka and Straková, ÚFAL, CC BY-NC-SA 4.0)
8:10	3	ich		2	אָבֹוא֮		attached-word	attached	0.65	approved	0				SubjectPronoun of 'hineinkam', by the parse of UDPipe's German-HDT model (Straka and Straková, ÚFAL, CC BY-NC-SA 4.0)
8:12	2	er		2	יֹּ֣אמֶר		attached-word	attached	0.6899	approved	0				SubjectPronoun of 'sprach', by the parse of UDPipe's German-HDT model (Straka and Straková, ÚFAL, CC BY-NC-SA 4.0)
8:13	2	er		2	יֹּ֖אמֶר		attached-word	attached	0.6899	approved	0				SubjectPronoun of 'sprach', by the parse of UDPipe's German-HDT model (Straka and Straková, ÚFAL, CC BY-NC-SA 4.0)
8:13	6	Du		6	תִּרְאֶ֛ה		attached-word	attached	0.6426	approved	0				SubjectPronoun of 'sehen', by the parse of UDPipe's German-HDT model (Straka and Straková, ÚFAL, CC BY-NC-SA 4.0)
8:15	2	er		2	יֹּ֥אמֶר		attached-word	attached	0.6899	approved	0				SubjectPronoun of 'sprach', by the parse of UDPipe's German-HDT model (Straka and Straková, ÚFAL, CC BY-NC-SA 4.0)
8:15	10	du		10	תִּרְאֶ֛ה		attached-word	attached	0.6426	approved	0				SubjectPronoun of 'sehen', by the parse of UDPipe's German-HDT model (Straka and Straková, ÚFAL, CC BY-NC-SA 4.0)
8:15	11	sollst		10	תִּרְאֶ֛ה		attached-word	attached	0.6426	approved	0				AuxiliaryVerb of 'sehen', by the parse of UDPipe's German-HDT model (Straka and Straková, ÚFAL, CC BY-NC-SA 4.0)
8:16	2	er		2	יָּבֵ֣א		attached-word	attached	0.3472	approved	0				SubjectPronoun of 'führte', by the parse of UDPipe's German-HDT model (Straka and Straková, ÚFAL, CC BY-NC-SA 4.0)
8:17	2	er		2	יֹּ֣אמֶר		attached-word	attached	0.6899	approved	0				SubjectPronoun of 'sprach', by the parse of UDPipe's German-HDT model (Straka and Straková, ÚFAL, CC BY-NC-SA 4.0)
8:18	13	soll		21	אֶשְׁמַ֖ע		attached-word	attached	0.6602	approved	0				AuxiliaryVerb of 'hören', by the parse of UDPipe's German-HDT model (Straka and Straková, ÚFAL, CC BY-NC-SA 4.0)
9:1	2	er		2	יִּקְרָ֣א		attached-word	attached	0.664	approved	0				SubjectPronoun of 'rief', by the parse of UDPipe's German-HDT model (Straka and Straková, ÚFAL, CC BY-NC-SA 4.0)
9:5	5	er		4	אָמַ֣ר		attached-word	attached	0.6899	approved	0				SubjectPronoun of 'sprach', by the parse of UDPipe's German-HDT model (Straka and Straková, ÚFAL, CC BY-NC-SA 4.0)
9:5	20	sollen		19	תַּחְמֹֽלוּ		attached-word	attached	0.3674	approved	0				AuxiliaryVerb of 'schonen', by the parse of UDPipe's German-HDT model (Straka and Straková, ÚFAL, CC BY-NC-SA 4.0)
9:6	18	sollt		21	תִּגַּ֔שׁוּ		attached-word	attached	0.295	approved	0				AuxiliaryVerb of 'anrühren', by the parse of UDPipe's German-HDT model (Straka and Straková, ÚFAL, CC BY-NC-SA 4.0)
9:6	19	ihr		21	תִּגַּ֔שׁוּ		attached-word	attached	0.295	approved	0				SubjectPronoun of 'anrühren', by the parse of UDPipe's German-HDT model (Straka and Straková, ÚFAL, CC BY-NC-SA 4.0)
9:7	2	er		2	יֹּ֨אמֶר		attached-word	attached	0.6899	approved	0				SubjectPronoun of 'sprach', by the parse of UDPipe's German-HDT model (Straka and Straková, ÚFAL, CC BY-NC-SA 4.0)
9:9	2	er		2	יֹּ֣אמֶר		attached-word	attached	0.6899	approved	0				SubjectPronoun of 'sprach', by the parse of UDPipe's German-HDT model (Straka and Straková, ÚFAL, CC BY-NC-SA 4.0)
9:9	29	sie		24	אָמְר֗וּ		attached-word	attached	0.6047	approved	0				SubjectPronoun of 'sprechen', by the parse of UDPipe's German-HDT model (Straka and Straková, ÚFAL, CC BY-NC-SA 4.0)
9:11	18	Ich		17	עָשִׂ֕יתִי		attached-word	attached	0.5603	approved	0				SubjectPronoun of 'getan', by the parse of UDPipe's German-HDT model (Straka and Straková, ÚFAL, CC BY-NC-SA 4.0)
9:11	19	habe		17	עָשִׂ֕יתִי		attached-word	attached	0.5603	approved	0				AuxiliaryVerb of 'getan', by the parse of UDPipe's German-HDT model (Straka and Straková, ÚFAL, CC BY-NC-SA 4.0)
9:11	22	du		21	צִוִּיתָֽנִי		attached-word	attached	0.475	approved	0				SubjectPronoun of 'geboten', by the parse of UDPipe's German-HDT model (Straka and Straková, ÚFAL, CC BY-NC-SA 4.0)
9:11	25	hast		21	צִוִּיתָֽנִי		attached-word	attached	0.475	approved	0				AuxiliaryVerb of 'geboten', by the parse of UDPipe's German-HDT model (Straka and Straková, ÚFAL, CC BY-NC-SA 4.0)
10:1	2	ich		2	אֶרְאֶ֗ה		attached-word	attached	0.6523	approved	0				SubjectPronoun of 'sah', by the parse of UDPipe's German-HDT model (Straka and Straková, ÚFAL, CC BY-NC-SA 4.0)
10:2	2	er		2	יֹּ֜אמֶר		attached-word	attached	0.6899	approved	0				SubjectPronoun of 'sprach', by the parse of UDPipe's German-HDT model (Straka and Straková, ÚFAL, CC BY-NC-SA 4.0)
10:5	22	er		17	דַבְּרֹֽו		attached-word	attached	0.5875	approved	0				SubjectPronoun of 'redet', by the parse of UDPipe's German-HDT model (Straka and Straková, ÚFAL, CC BY-NC-SA 4.0)
10:6	3	er		4	צַוֹּתֹו֙		attached-word	attached	0.475	approved	0				SubjectPronoun of 'geboten', by the parse of UDPipe's German-HDT model (Straka and Straková, ÚFAL, CC BY-NC-SA 4.0)
10:6	10	hatte		4	צַוֹּתֹו֙		attached-word	attached	0.475	approved	0				AuxiliaryVerb of 'geboten', by the parse of UDPipe's German-HDT model (Straka and Straková, ÚFAL, CC BY-NC-SA 4.0)
10:9	2	ich		2	אֶרְאֶ֗ה		attached-word	attached	0.6523	approved	0				SubjectPronoun of 'sah', by the parse of UDPipe's German-HDT model (Straka and Straková, ÚFAL, CC BY-NC-SA 4.0)
10:11	2	sie		2	לֶכְתָּ֗ם		attached-word	attached	0.3	approved	0				SubjectPronoun of 'gehen', by the parse of UDPipe's German-HDT model (Straka and Straková, ÚFAL, CC BY-NC-SA 4.0)
10:11	4	sollten		2	לֶכְתָּ֗ם		attached-word	attached	0.3	approved	0				AuxiliaryVerb of 'gehen', by the parse of UDPipe's German-HDT model (Straka and Straková, ÚFAL, CC BY-NC-SA 4.0)
10:11	7	sie		6	יֵלֵ֔כוּ		attached-word	attached	0.3	approved	0				SubjectPronoun of 'gehen', by the parse of UDPipe's German-HDT model (Straka and Straková, ÚFAL, CC BY-NC-SA 4.0)
10:11	19	sie		10	לֶכְתָּ֑ם		attached-word	attached	0.3	approved	0				SubjectPronoun of 'gingen', by the parse of UDPipe's German-HDT model (Straka and Straková, ÚFAL, CC BY-NC-SA 4.0)
10:11	28	sie		23	לֶכְתָּֽם		attached-word	attached	0.3	approved	0				SubjectPronoun of 'gingen', by the parse of UDPipe's German-HDT model (Straka and Straková, ÚFAL, CC BY-NC-SA 4.0)
10:13	4	wurden		5	קֹורָ֥א		attached-word	attached	0.5312	approved	0				AuxiliaryVerb of 'genannt', by the parse of UDPipe's German-HDT model (Straka and Straková, ÚFAL, CC BY-NC-SA 4.0)
10:15	12	ich		9	רָאִ֖יתִי		attached-word	attached	0.6523	approved	0				SubjectPronoun of 'sah', by the parse of UDPipe's German-HDT model (Straka and Straková, ÚFAL, CC BY-NC-SA 4.0)
10:19	18	sie		15	צֵאתָ֔ם		attached-word	attached	0.65	approved	0				SubjectPronoun of 'ausgingen', by the parse of UDPipe's German-HDT model (Straka and Straková, ÚFAL, CC BY-NC-SA 4.0)
10:20	6	ich		5	רָאִ֛יתִי		attached-word	attached	0.6523	approved	0				SubjectPronoun of 'sah', by the parse of UDPipe's German-HDT model (Straka and Straková, ÚFAL, CC BY-NC-SA 4.0)
10:20	16	ich		13	אֵדַ֕ע		attached-word	attached	0.52	approved	0				SubjectPronoun of 'merkte', by the parse of UDPipe's German-HDT model (Straka and Straková, ÚFAL, CC BY-NC-SA 4.0)
10:22	7	ich		8	רָאִ֨יתִי֙		attached-word	attached	0.6523	approved	0				SubjectPronoun of 'sah', by the parse of UDPipe's German-HDT model (Straka and Straková, ÚFAL, CC BY-NC-SA 4.0)
11:1	29	ich		28	אֶרְאֶ֨ה		attached-word	attached	0.6516	approved	0				SubjectPronoun of 'sah', by the parse of UDPipe's German-HDT model (Straka and Straková, ÚFAL, CC BY-NC-SA 4.0)
11:4	2	sollst		4	הִנָּבֵ֖א		attached-word	attached	0.5763	approved	0				AuxiliaryVerb of 'weissagen', by the parse of UDPipe's German-HDT model (Straka and Straková, ÚFAL, CC BY-NC-SA 4.0)
11:4	3	du		4	הִנָּבֵ֖א		attached-word	attached	0.5763	approved	0				SubjectPronoun of 'weissagen', by the parse of UDPipe's German-HDT model (Straka and Straková, ÚFAL, CC BY-NC-SA 4.0)
11:5	10	er		7	יֹּ֣אמֶר		attached-word	attached	0.6899	approved	0				SubjectPronoun of 'sprach', by the parse of UDPipe's German-HDT model (Straka and Straková, ÚFAL, CC BY-NC-SA 4.0)
11:10	1	Ihr		4	תִּפֹּ֔לוּ		attached-word	attached	0.5076	approved	0				SubjectPronoun of 'fallen', by the parse of UDPipe's German-HDT model (Straka and Straková, ÚFAL, CC BY-NC-SA 4.0)
11:10	2	sollt		4	תִּפֹּ֔לוּ		attached-word	attached	0.5076	approved	0				AuxiliaryVerb of 'fallen', by the parse of UDPipe's German-HDT model (Straka and Straková, ÚFAL, CC BY-NC-SA 4.0)
11:10	15	sollt		11	ידַעְתֶּ֖ם		attached-word	attached	0.656	approved	0				AuxiliaryVerb of 'erfahren', by the parse of UDPipe's German-HDT model (Straka and Straková, ÚFAL, CC BY-NC-SA 4.0)
11:11	20	ich		17	אֶשְׁפֹּ֥ט		attached-word	attached	0.5525	approved	0				SubjectPronoun of 'richten', by the parse of UDPipe's German-HDT model (Straka and Straková, ÚFAL, CC BY-NC-SA 4.0)
11:12	3	sollt		2	ידַעְתֶּם֙		attached-word	attached	0.656	approved	0				AuxiliaryVerb of 'erfahren', by the parse of UDPipe's German-HDT model (Straka and Straková, ÚFAL, CC BY-NC-SA 4.0)
11:12	19	habt		14	עֲשִׂיתֶ֑ם		attached-word	attached	0.3769	approved	0				AuxiliaryVerb of 'gehalten', by the parse of UDPipe's German-HDT model (Straka and Straková, ÚFAL, CC BY-NC-SA 4.0)
11:13	3	ich		4	הִנָּ֣בְאִ֔י		attached-word	attached	0.6036	approved	0				SubjectPronoun of 'weissagte', by the parse of UDPipe's German-HDT model (Straka and Straková, ÚFAL, CC BY-NC-SA 4.0)
11:13	13	ich		11	אֶפֹּ֨ל		attached-word	attached	0.5212	approved	0				SubjectPronoun of 'fiel', by the parse of UDPipe's German-HDT model (Straka and Straková, ÚFAL, CC BY-NC-SA 4.0)
11:16	3	du		2	אֱמֹ֗ר		attached-word	attached	0.6893	approved	0				SubjectPronoun of 'sprich', by the parse of UDPipe's German-HDT model (Straka and Straková, ÚFAL, CC BY-NC-SA 4.0)
11:16	36	sie		28	בָּ֥אוּ		attached-word	attached	0.5923	approved	0				SubjectPronoun of 'gekommen', by the parse of UDPipe's German-HDT model (Straka and Straková, ÚFAL, CC BY-NC-SA 4.0)
11:16	38	sind		28	בָּ֥אוּ		attached-word	attached	0.5923	approved	0				AuxiliaryVerb of 'gekommen', by the parse of UDPipe's German-HDT model (Straka and Straková, ÚFAL, CC BY-NC-SA 4.0)
11:17	8	Ich		8	קִבַּצְתִּ֤י		attached-word	attached	0.4441	approved	0				SubjectPronoun of 'sammeln', by the parse of UDPipe's German-HDT model (Straka and Straková, ÚFAL, CC BY-NC-SA 4.0)
11:17	25	seid		20	נְפֹצֹותֶ֖ם		attached-word	attached	0.4485	approved	0				AuxiliaryVerb of 'zerstreut', by the parse of UDPipe's German-HDT model (Straka and Straková, ÚFAL, CC BY-NC-SA 4.0)
11:18	2	sollen		2	בָ֖אוּ		attached-word	attached	0.5289	approved	0				AuxiliaryVerb of 'kommen', by the parse of UDPipe's German-HDT model (Straka and Straková, ÚFAL, CC BY-NC-SA 4.0)
11:18	3	sie		2	בָ֖אוּ		attached-word	attached	0.5289	approved	0				SubjectPronoun of 'kommen', by the parse of UDPipe's German-HDT model (Straka and Straková, ÚFAL, CC BY-NC-SA 4.0)
11:19	2	ich		2	נָתַתִּ֤י		attached-word	attached	0.6254	approved	0				SubjectPronoun of 'geben', by the parse of UDPipe's German-HDT model (Straka and Straková, ÚFAL, CC BY-NC-SA 4.0)
11:20	3	sie		4	יֵלֵ֔כוּ		attached-word	attached	0.5984	approved	0				SubjectPronoun of 'wandeln', by the parse of UDPipe's German-HDT model (Straka and Straková, ÚFAL, CC BY-NC-SA 4.0)
11:21	12	ich		12	נָתַ֔תִּי		attached-word	attached	0.3	approved	0				SubjectPronoun of 'werfen', by the parse of UDPipe's German-HDT model (Straka and Straková, ÚFAL, CC BY-NC-SA 4.0)
11:24	25	ich		23	רָאִֽיתִי		attached-word	attached	0.6715	approved	0				SubjectPronoun of 'gesehen', by the parse of UDPipe's German-HDT model (Straka and Straková, ÚFAL, CC BY-NC-SA 4.0)
11:24	27	hatte		23	רָאִֽיתִי		attached-word	attached	0.6715	approved	0				AuxiliaryVerb of 'gesehen', by the parse of UDPipe's German-HDT model (Straka and Straková, ÚFAL, CC BY-NC-SA 4.0)
11:25	2	ich		2	אֲדַבֵּ֖ר		attached-word	attached	0.3209	approved	0				SubjectPronoun of 'sagte', by the parse of UDPipe's German-HDT model (Straka and Straková, ÚFAL, CC BY-NC-SA 4.0)
11:25	11	er		11	הֶרְאָֽנִי		attached-word	attached	0.5312	approved	0				SubjectPronoun of 'gezeigt', by the parse of UDPipe's German-HDT model (Straka and Straková, ÚFAL, CC BY-NC-SA 4.0)
11:25	14	hatte		11	הֶרְאָֽנִי		attached-word	attached	0.5312	approved	0				AuxiliaryVerb of 'gezeigt', by the parse of UDPipe's German-HDT model (Straka and Straková, ÚFAL, CC BY-NC-SA 4.0)
12:4	16	sollst		2	הֹוצֵאתָ֨		attached-word	attached	0.5116	approved	0				AuxiliaryVerb of 'ausziehen', by the parse of UDPipe's German-HDT model (Straka and Straková, ÚFAL, CC BY-NC-SA 4.0)
12:6	21	sollst		11	תְכַסֶּ֔ה		attached-word	attached	0.325	approved	0				AuxiliaryVerb of 'verhüllen', by the parse of UDPipe's German-HDT model (Straka and Straková, ÚFAL, CC BY-NC-SA 4.0)
12:6	22	du		11	תְכַסֶּ֔ה		attached-word	attached	0.325	approved	0				SubjectPronoun of 'verhüllen', by the parse of UDPipe's German-HDT model (Straka and Straková, ÚFAL, CC BY-NC-SA 4.0)
12:6	31	ich		20	נְתַתִּ֖יךָ		attached-word	attached	0.3878	approved	0				SubjectPronoun of 'gesetzt', by the parse of UDPipe's German-HDT model (Straka and Straková, ÚFAL, CC BY-NC-SA 4.0)
12:6	32	habe		20	נְתַתִּ֖יךָ		attached-word	attached	0.3878	approved	0				AuxiliaryVerb of 'gesetzt', by the parse of UDPipe's German-HDT model (Straka and Straková, ÚFAL, CC BY-NC-SA 4.0)
12:7	2	ich		2	אַ֣עַשׂ		attached-word	attached	0.5126	approved	0				SubjectPronoun of 'tat', by the parse of UDPipe's German-HDT model (Straka and Straková, ÚFAL, CC BY-NC-SA 4.0)
12:7	7	war		6	צֻוֵּיתִי֒		attached-word	attached	0.3478	approved	0				AuxiliaryVerb of 'befohlen', by the parse of UDPipe's German-HDT model (Straka and Straková, ÚFAL, CC BY-NC-SA 4.0)
12:9	2	hat		5	אָמְר֥וּ		attached-word	attached	0.5962	approved	0				AuxiliaryVerb of 'gesagt', by the parse of UDPipe's German-HDT model (Straka and Straková, ÚFAL, CC BY-NC-SA 4.0)
12:11	9	habe		6	עָשִׂ֗יתִי		attached-word	attached	0.5611	approved	0				AuxiliaryVerb of 'getan', by the parse of UDPipe's German-HDT model (Straka and Straková, ÚFAL, CC BY-NC-SA 4.0)
12:12	28	wird		23	יְכַסֶּ֔ה		attached-word	attached	0.3625	approved	0				AuxiliaryVerb of 'verhüllt', by the parse of UDPipe's German-HDT model (Straka and Straková, ÚFAL, CC BY-NC-SA 4.0)
12:12	30	werden		23	יְכַסֶּ֔ה		attached-word	attached	0.3625	approved	0				AuxiliaryVerb of 'verhüllt', by the parse of UDPipe's German-HDT model (Straka and Straková, ÚFAL, CC BY-NC-SA 4.0)
12:13	27	er		19	יִרְאֶ֖ה		attached-word	attached	0.6426	approved	0				SubjectPronoun of 'sehen', by the parse of UDPipe's German-HDT model (Straka and Straková, ÚFAL, CC BY-NC-SA 4.0)
12:13	31	wird		19	יִרְאֶ֖ה		attached-word	attached	0.6426	approved	0				AuxiliaryVerb of 'sehen', by the parse of UDPipe's German-HDT model (Straka and Straková, ÚFAL, CC BY-NC-SA 4.0)
12:13	33	er		22	יָמֽוּת		attached-word	attached	0.6889	approved	0				SubjectPronoun of 'sterben', by the parse of UDPipe's German-HDT model (Straka and Straková, ÚFAL, CC BY-NC-SA 4.0)
12:13	34	soll		22	יָמֽוּת		attached-word	attached	0.6889	approved	0				AuxiliaryVerb of 'sterben', by the parse of UDPipe's German-HDT model (Straka and Straková, ÚFAL, CC BY-NC-SA 4.0)
12:14	15	ich		9	אֱזָרֶ֣ה		attached-word	attached	0.3932	approved	0				SubjectPronoun of 'zerstreuen', by the parse of UDPipe's German-HDT model (Straka and Straková, ÚFAL, CC BY-NC-SA 4.0)
12:15	2	sollen		2	יָדְע֖וּ		attached-word	attached	0.6555	approved	0				AuxiliaryVerb of 'erfahren', by the parse of UDPipe's German-HDT model (Straka and Straková, ÚFAL, CC BY-NC-SA 4.0)
12:15	3	sie		2	יָדְע֖וּ		attached-word	attached	0.6555	approved	0				SubjectPronoun of 'erfahren', by the parse of UDPipe's German-HDT model (Straka and Straková, ÚFAL, CC BY-NC-SA 4.0)
12:16	26	sie		22	בָּ֣אוּ		attached-word	attached	0.5293	approved	0				SubjectPronoun of 'kommen', by the parse of UDPipe's German-HDT model (Straka and Straková, ÚFAL, CC BY-NC-SA 4.0)
12:16	28	werden		22	בָּ֣אוּ		attached-word	attached	0.5293	approved	0				AuxiliaryVerb of 'kommen', by the parse of UDPipe's German-HDT model (Straka and Straková, ÚFAL, CC BY-NC-SA 4.0)
12:16	30	sie		25	יָדְע֖וּ		attached-word	attached	0.6555	approved	0				SubjectPronoun of 'erfahren', by the parse of UDPipe's German-HDT model (Straka and Straková, ÚFAL, CC BY-NC-SA 4.0)
12:16	31	sollen		25	יָדְע֖וּ		attached-word	attached	0.6555	approved	0				AuxiliaryVerb of 'erfahren', by the parse of UDPipe's German-HDT model (Straka and Straková, ÚFAL, CC BY-NC-SA 4.0)
12:18	1	Du		14	תִּשְׁתֶּֽה		attached-word	attached	0.627	approved	0				SubjectPronoun of 'trinken', by the parse of UDPipe's German-HDT model (Straka and Straková, ÚFAL, CC BY-NC-SA 4.0)
12:19	20	Sie		20	יֹאכֵ֔לוּ		attached-word	attached	0.6449	approved	0				SubjectPronoun of 'essen', by the parse of UDPipe's German-HDT model (Straka and Straková, ÚFAL, CC BY-NC-SA 4.0)
12:20	7	sind		5	נֹּֽושָׁבֹות֙		attached-word	attached	0.7	approved	0				AuxiliaryVerb of 'bewohnt', by the parse of UDPipe's German-HDT model (Straka and Straková, ÚFAL, CC BY-NC-SA 4.0)
12:20	16	sollt		13	ידַעְתֶּ֖ם		attached-word	attached	0.6555	approved	0				AuxiliaryVerb of 'erfahren', by the parse of UDPipe's German-HDT model (Straka and Straková, ÚFAL, CC BY-NC-SA 4.0)
12:20	17	ihr		13	ידַעְתֶּ֖ם		attached-word	attached	0.6555	approved	0				SubjectPronoun of 'erfahren', by the parse of UDPipe's German-HDT model (Straka and Straková, ÚFAL, CC BY-NC-SA 4.0)
12:28	11	ich		14	אֲדַבֵּ֤ר		attached-word	attached	0.436	approved	0				SubjectPronoun of 'rede', by the parse of UDPipe's German-HDT model (Straka and Straková, ÚFAL, CC BY-NC-SA 4.0)
13:6	24	hat		13	שְׁלָחָ֑ם		attached-word	attached	0.6723	approved	0				AuxiliaryVerb of 'gesandt', by the parse of UDPipe's German-HDT model (Straka and Straková, ÚFAL, CC BY-NC-SA 4.0)
13:7	28	habe		17	דִבַּֽרְתִּי		attached-word	attached	0.5989	approved	0				AuxiliaryVerb of 'geredet', by the parse of UDPipe's German-HDT model (Straka and Straková, ÚFAL, CC BY-NC-SA 4.0)
13:9	36	werden		25	יִכָּתֵ֔בוּ		attached-word	attached	0.6888	approved	0				AuxiliaryVerb of 'geschrieben', by the parse of UDPipe's German-HDT model (Straka and Straková, ÚFAL, CC BY-NC-SA 4.0)
13:9	44	sollt		33	ידַעְתֶּ֕ם		attached-word	attached	0.655	approved	0				AuxiliaryVerb of 'erfahren', by the parse of UDPipe's German-HDT model (Straka and Straková, ÚFAL, CC BY-NC-SA 4.0)
13:11	21	werden		14	תִּפֹּ֔לְנָה		attached-word	attached	0.5076	approved	0				AuxiliaryVerb of 'fallen', by the parse of UDPipe's German-HDT model (Straka and Straková, ÚFAL, CC BY-NC-SA 4.0)
13:11	28	wird		18	תְּבַקֵּֽעַ		attached-word	attached	0.2929	approved	0				AuxiliaryVerb of 'zerreißen', by the parse of UDPipe's German-HDT model (Straka and Straková, ÚFAL, CC BY-NC-SA 4.0)
13:12	10	wird		8	יֵאָמֵ֣ר		attached-word	attached	0.6384	approved	0				AuxiliaryVerb of 'sagen', by the parse of UDPipe's German-HDT model (Straka and Straková, ÚFAL, CC BY-NC-SA 4.0)
13:14	28	sie		18	נָֽפְלָה֙		attached-word	attached	0.525	approved	0				SubjectPronoun of 'fällt', by the parse of UDPipe's German-HDT model (Straka and Straková, ÚFAL, CC BY-NC-SA 4.0)
13:14	31	sollt		20	כְלִיתֶ֣ם		attached-word	attached	0.3049	approved	0				AuxiliaryVerb of 'umkommen', by the parse of UDPipe's German-HDT model (Straka and Straková, ÚFAL, CC BY-NC-SA 4.0)
13:19	26	sollten		18	תְמוּתֶ֔נָה		attached-word	attached	0.6889	approved	0				AuxiliaryVerb of 'sterben', by the parse of UDPipe's German-HDT model (Straka and Straková, ÚFAL, CC BY-NC-SA 4.0)
13:21	23	sollt		20	ידַעְתֶּ֖ן		attached-word	attached	0.655	approved	0				AuxiliaryVerb of 'erfahren', by the parse of UDPipe's German-HDT model (Straka and Straková, ÚFAL, CC BY-NC-SA 4.0)
14:6	2	sollst		2	אֱמֹ֣ר		attached-word	attached	0.6386	approved	0				AuxiliaryVerb of 'sagen', by the parse of UDPipe's German-HDT model (Straka and Straková, ÚFAL, CC BY-NC-SA 4.0)
14:6	3	du		2	אֱמֹ֣ר		attached-word	attached	0.6386	approved	0				SubjectPronoun of 'sagen', by the parse of UDPipe's German-HDT model (Straka and Straková, ÚFAL, CC BY-NC-SA 4.0)
14:8	29	sollt		22	ידַעְתֶּ֖ם		attached-word	attached	0.6565	approved	0				AuxiliaryVerb of 'erfahren', by the parse of UDPipe's German-HDT model (Straka and Straková, ÚFAL, CC BY-NC-SA 4.0)
14:10	2	sollen		2	נָשְׂא֖וּ		attached-word	attached	0.555	approved	0				AuxiliaryVerb of 'tragen', by the parse of UDPipe's German-HDT model (Straka and Straková, ÚFAL, CC BY-NC-SA 4.0)
14:13	15	ich		11	נָטִ֤יתִי		attached-word	attached	0.5071	approved	0				SubjectPronoun of 'ausstrecken', by the parse of UDPipe's German-HDT model (Straka and Straková, ÚFAL, CC BY-NC-SA 4.0)
14:13	32	ich		24	הִכְרַתִּ֥י		attached-word	attached	0.7	approved	0				SubjectPronoun of 'ausrotte', by the parse of UDPipe's German-HDT model (Straka and Straková, ÚFAL, CC BY-NC-SA 4.0)
14:17	19	würde		17	הִכְרַתִּ֥י		attached-word	attached	0.612	approved	0				AuxiliaryVerb of 'ausrotten', by the parse of UDPipe's German-HDT model (Straka and Straková, ÚFAL, CC BY-NC-SA 4.0)
14:18	25	würden		23	יִנָּצֵֽלוּ		attached-word	attached	0.5714	approved	0				AuxiliaryVerb of 'errettet', by the parse of UDPipe's German-HDT model (Straka and Straková, ÚFAL, CC BY-NC-SA 4.0)
14:18	27	sein		23	יִנָּצֵֽלוּ		attached-word	attached	0.5714	approved	0				AuxiliaryVerb of 'errettet', by the parse of UDPipe's German-HDT model (Straka and Straková, ÚFAL, CC BY-NC-SA 4.0)
14:19	3	ich		3	אֲשַׁלַּ֖ח		attached-word	attached	0.5833	approved	0				SubjectPronoun of 'schicken', by the parse of UDPipe's German-HDT model (Straka and Straková, ÚFAL, CC BY-NC-SA 4.0)
14:19	15	würde		10	שָׁפַכְתִּ֨י		attached-word	attached	0.4	approved	0				AuxiliaryVerb of 'ausschütten', by the parse of UDPipe's German-HDT model (Straka and Straková, ÚFAL, CC BY-NC-SA 4.0)
14:20	16	würden		21	יַצִּ֥ילוּ		attached-word	attached	0.5791	approved	0				AuxiliaryVerb of 'erretten', by the parse of UDPipe's German-HDT model (Straka and Straková, ÚFAL, CC BY-NC-SA 4.0)
14:21	23	werde		20	שִׁלַּ֖חְתִּי		attached-word	attached	0.5833	approved	0				AuxiliaryVerb of 'schicken', by the parse of UDPipe's German-HDT model (Straka and Straková, ÚFAL, CC BY-NC-SA 4.0)
14:23	7	ihr		5	תִרְא֥וּ		attached-word	attached	0.6429	approved	0				SubjectPronoun of 'sehen', by the parse of UDPipe's German-HDT model (Straka and Straková, ÚFAL, CC BY-NC-SA 4.0)
14:23	9	werdet		5	תִרְא֥וּ		attached-word	attached	0.6429	approved	0				AuxiliaryVerb of 'sehen', by the parse of UDPipe's German-HDT model (Straka and Straková, ÚFAL, CC BY-NC-SA 4.0)
14:23	15	ihr		12	ידַעְתֶּ֗ם		attached-word	attached	0.6565	approved	0				SubjectPronoun of 'erfahren', by the parse of UDPipe's German-HDT model (Straka and Straková, ÚFAL, CC BY-NC-SA 4.0)
14:23	16	werdet		12	ידַעְתֶּ֗ם		attached-word	attached	0.6565	approved	0				AuxiliaryVerb of 'erfahren', by the parse of UDPipe's German-HDT model (Straka and Straková, ÚFAL, CC BY-NC-SA 4.0)
14:23	19	ich		16	עָשִׂ֨יתִי֙		attached-word	attached	0.5611	approved	0				SubjectPronoun of 'getan', by the parse of UDPipe's German-HDT model (Straka and Straková, ÚFAL, CC BY-NC-SA 4.0)
14:23	24	habe		16	עָשִׂ֨יתִי֙		attached-word	attached	0.5611	approved	0				AuxiliaryVerb of 'getan', by the parse of UDPipe's German-HDT model (Straka and Straková, ÚFAL, CC BY-NC-SA 4.0)
14:23	26	ich		20	עָשִׂ֣יתִי		attached-word	attached	0.5611	approved	0				SubjectPronoun of 'getan', by the parse of UDPipe's German-HDT model (Straka and Straková, ÚFAL, CC BY-NC-SA 4.0)
14:23	29	habe		20	עָשִׂ֣יתִי		attached-word	attached	0.5611	approved	0				AuxiliaryVerb of 'getan', by the parse of UDPipe's German-HDT model (Straka and Straková, ÚFAL, CC BY-NC-SA 4.0)
15:5	21	werden		16	נַעֲשָׂ֥ה		attached-word	attached	0.3886	approved	0				AuxiliaryVerb of 'gemacht', by the parse of UDPipe's German-HDT model (Straka and Straková, ÚFAL, CC BY-NC-SA 4.0)
15:6	7	ich		16	נְתַתִּ֥יו		attached-word	attached	0.6075	approved	0				SubjectPronoun of 'gebe', by the parse of UDPipe's German-HDT model (Straka and Straková, ÚFAL, CC BY-NC-SA 4.0)
15:7	13	soll		13	תֹּֽאכְלֵ֑ם		attached-word	attached	0.6112	approved	0				AuxiliaryVerb of 'fressen', by the parse of UDPipe's German-HDT model (Straka and Straková, ÚFAL, CC BY-NC-SA 4.0)
16:4	3	ist		8	כָרַּ֣ת		attached-word	attached	0.4	approved	0				AuxiliaryVerb of 'verschnitten', by the parse of UDPipe's German-HDT model (Straka and Straková, ÚFAL, CC BY-NC-SA 4.0)
16:4	5	gewesen		8	כָרַּ֣ת		attached-word	attached	0.4	approved	0				AuxiliaryVerb of 'verschnitten', by the parse of UDPipe's German-HDT model (Straka and Straková, ÚFAL, CC BY-NC-SA 4.0)
16:4	12	ist		8	כָרַּ֣ת		attached-word	attached	0.4	approved	0				AuxiliaryVerb of 'verschnitten', by the parse of UDPipe's German-HDT model (Straka and Straková, ÚFAL, CC BY-NC-SA 4.0)
16:5	19	du		15	תֻּשְׁלְכִ֞י		attached-word	attached	0.475	approved	0				SubjectPronoun of 'geworfen', by the parse of UDPipe's German-HDT model (Straka and Straková, ÚFAL, CC BY-NC-SA 4.0)
16:7	2	habe		10	תִּגְדְּלִ֔י		attached-word	attached	0.7	approved	0				AuxiliaryVerb of 'erzogen', by the parse of UDPipe's German-HDT model (Straka and Straková, ÚFAL, CC BY-NC-SA 4.0)
16:7	26	waren		20	צִמֵּ֔חַ		attached-word	attached	0.55	approved	0				AuxiliaryVerb of 'gewachsen', by the parse of UDPipe's German-HDT model (Straka and Straková, ÚFAL, CC BY-NC-SA 4.0)
16:8	2	ich		22	אָבֹ֨וא		attached-word	attached	0.3561	approved	0				SubjectPronoun of 'ging', by the parse of UDPipe's German-HDT model (Straka and Straková, ÚFAL, CC BY-NC-SA 4.0)
16:16	20	ist		17	יִהְיֶֽה		attached-word	attached	0.4419	approved	0				AuxiliaryVerb of 'geschehen', by the parse of UDPipe's German-HDT model (Straka and Straková, ÚFAL, CC BY-NC-SA 4.0)
16:16	23	wird		17	יִהְיֶֽה		attached-word	attached	0.4419	approved	0				AuxiliaryVerb of 'geschehen', by the parse of UDPipe's German-HDT model (Straka and Straková, ÚFAL, CC BY-NC-SA 4.0)
16:17	1	Du		2	תִּקְחִ֞י		attached-word	attached	0.6165	approved	0				SubjectPronoun of 'nahmst', by the parse of UDPipe's German-HDT model (Straka and Straková, ÚFAL, CC BY-NC-SA 4.0)
16:17	8	ich		11	נָתַ֣תִּי		attached-word	attached	0.6446	approved	0				SubjectPronoun of 'gegeben', by the parse of UDPipe's German-HDT model (Straka and Straková, ÚFAL, CC BY-NC-SA 4.0)
16:17	16	hatte		11	נָתַ֣תִּי		attached-word	attached	0.6446	approved	0				AuxiliaryVerb of 'gegeben', by the parse of UDPipe's German-HDT model (Straka and Straková, ÚFAL, CC BY-NC-SA 4.0)
16:18	16	du		2	תִּקְחִ֛י		attached-word	attached	0.6165	approved	0				SubjectPronoun of 'nahmst', by the parse of UDPipe's German-HDT model (Straka and Straková, ÚFAL, CC BY-NC-SA 4.0)
16:19	4	ich		4	נָתַ֨תִּי		attached-word	attached	0.6173	approved	0				SubjectPronoun of 'gab', by the parse of UDPipe's German-HDT model (Straka and Straková, ÚFAL, CC BY-NC-SA 4.0)
16:20	2	du		2	תִּקְחִ֞י		attached-word	attached	0.6165	approved	0				SubjectPronoun of 'nahmst', by the parse of UDPipe's German-HDT model (Straka and Straková, ÚFAL, CC BY-NC-SA 4.0)
16:20	9	du		9	יָלַ֣דְתְּ		attached-word	attached	0.5658	approved	0				SubjectPronoun of 'geboren', by the parse of UDPipe's German-HDT model (Straka and Straková, ÚFAL, CC BY-NC-SA 4.0)
16:21	2	du		6	תִּתְּנִ֔ים		attached-word	attached	0.2765	approved	0				SubjectPronoun of 'läßt', by the parse of UDPipe's German-HDT model (Straka and Straková, ÚFAL, CC BY-NC-SA 4.0)
16:22	8	hast		8	זכרתי		attached-word	attached	0.55	approved	0				AuxiliaryVerb of 'gedacht', by the parse of UDPipe's German-HDT model (Straka and Straková, ÚFAL, CC BY-NC-SA 4.0)
16:22	9	du		8	זכרתי		attached-word	attached	0.55	approved	0				SubjectPronoun of 'gedacht', by the parse of UDPipe's German-HDT model (Straka and Straková, ÚFAL, CC BY-NC-SA 4.0)
16:28	17	du		10	תִּזְנִ֕ים		attached-word	attached	0.475	approved	0				SubjectPronoun of 'getrieben', by the parse of UDPipe's German-HDT model (Straka and Straková, ÚFAL, CC BY-NC-SA 4.0)
16:30	14	du		8	עֲשֹׂותֵךְ֙		attached-word	attached	0.5804	approved	0				SubjectPronoun of 'tust', by the parse of UDPipe's German-HDT model (Straka and Straková, ÚFAL, CC BY-NC-SA 4.0)
16:37	39	sie		30	רָא֖וּ		attached-word	attached	0.6435	approved	0				SubjectPronoun of 'sehen', by the parse of UDPipe's German-HDT model (Straka and Straková, ÚFAL, CC BY-NC-SA 4.0)
16:37	44	sollen		30	רָא֖וּ		attached-word	attached	0.6435	approved	0				AuxiliaryVerb of 'sehen', by the parse of UDPipe's German-HDT model (Straka and Straková, ÚFAL, CC BY-NC-SA 4.0)
16:39	9	sie		7	הָרְס֤וּ		attached-word	attached	0.4136	approved	0				SubjectPronoun of 'abbrechen', by the parse of UDPipe's German-HDT model (Straka and Straková, ÚFAL, CC BY-NC-SA 4.0)
16:42	15	ich		2	הֲנִחֹתִ֤י		attached-word	attached	0.351	approved	0				SubjectPronoun of 'ruhe', by the parse of UDPipe's German-HDT model (Straka and Straková, ÚFAL, CC BY-NC-SA 4.0)
16:43	3	du		4	זכרתי		attached-word	attached	0.55	approved	0				SubjectPronoun of 'gedacht', by the parse of UDPipe's German-HDT model (Straka and Straková, ÚFAL, CC BY-NC-SA 4.0)
16:43	6	hast		4	זכרתי		attached-word	attached	0.55	approved	0				AuxiliaryVerb of 'gedacht', by the parse of UDPipe's German-HDT model (Straka and Straková, ÚFAL, CC BY-NC-SA 4.0)
16:43	39	habe		27	עשׂיתי		attached-word	attached	0.5613	approved	0				AuxiliaryVerb of 'getan', by the parse of UDPipe's German-HDT model (Straka and Straková, ÚFAL, CC BY-NC-SA 4.0)
16:44	9	werden		8	אמֹ֑ר		attached-word	attached	0.6386	approved	0				AuxiliaryVerb of 'sagen', by the parse of UDPipe's German-HDT model (Straka and Straková, ÚFAL, CC BY-NC-SA 4.0)
16:47	2	du		9	עשׂיתי		attached-word	attached	0.5613	approved	0				SubjectPronoun of 'getan', by the parse of UDPipe's German-HDT model (Straka and Straková, ÚFAL, CC BY-NC-SA 4.0)
16:47	6	hast		9	עשׂיתי		attached-word	attached	0.5613	approved	0				AuxiliaryVerb of 'getan', by the parse of UDPipe's German-HDT model (Straka and Straková, ÚFAL, CC BY-NC-SA 4.0)
16:48	15	hat		15	עָשִׂ֔ית		attached-word	attached	0.5613	approved	0				AuxiliaryVerb of 'getan', by the parse of UDPipe's German-HDT model (Straka and Straková, ÚFAL, CC BY-NC-SA 4.0)
16:51	34	du		22	עשׂיתי		attached-word	attached	0.5613	approved	0				SubjectPronoun of 'getan', by the parse of UDPipe's German-HDT model (Straka and Straková, ÚFAL, CC BY-NC-SA 4.0)
16:51	36	hast		22	עשׂיתי		attached-word	attached	0.5613	approved	0				AuxiliaryVerb of 'getan', by the parse of UDPipe's German-HDT model (Straka and Straková, ÚFAL, CC BY-NC-SA 4.0)
16:53	1	Ich		2	שַׁבְתִּי֙		attached-word	attached	0.5159	approved	0				SubjectPronoun of 'wenden', by the parse of UDPipe's German-HDT model (Straka and Straková, ÚFAL, CC BY-NC-SA 4.0)
16:54	2	du		2	תִּשְׂאִ֣י		attached-word	attached	0.5534	approved	0				SubjectPronoun of 'tragen', by the parse of UDPipe's German-HDT model (Straka and Straková, ÚFAL, CC BY-NC-SA 4.0)
16:54	13	du		9	עָשִׂ֑ית		attached-word	attached	0.5613	approved	0				SubjectPronoun of 'getan', by the parse of UDPipe's German-HDT model (Straka and Straková, ÚFAL, CC BY-NC-SA 4.0)
16:54	15	hast		9	עָשִׂ֑ית		attached-word	attached	0.5613	approved	0				AuxiliaryVerb of 'getan', by the parse of UDPipe's German-HDT model (Straka and Straková, ÚFAL, CC BY-NC-SA 4.0)
16:57	7	war		3	תִּגָּלֶ֣ה		attached-word	attached	0.6	approved	0				AuxiliaryVerb of 'aufgedeckt', by the parse of UDPipe's German-HDT model (Straka and Straková, ÚFAL, CC BY-NC-SA 4.0)
16:59	7	Ich		7	עשׂית		attached-word	attached	0.5166	approved	0				SubjectPronoun of 'tun', by the parse of UDPipe's German-HDT model (Straka and Straková, ÚFAL, CC BY-NC-SA 4.0)
16:59	12	du		11	עָשִׂ֑ית		attached-word	attached	0.5613	approved	0				SubjectPronoun of 'getan', by the parse of UDPipe's German-HDT model (Straka and Straková, ÚFAL, CC BY-NC-SA 4.0)
16:59	14	hast		11	עָשִׂ֑ית		attached-word	attached	0.5613	approved	0				AuxiliaryVerb of 'getan', by the parse of UDPipe's German-HDT model (Straka and Straková, ÚFAL, CC BY-NC-SA 4.0)
16:61	2	wirst		2	זָכַ֣רְתְּ		attached-word	attached	0.5667	approved	0				AuxiliaryVerb of 'gedenken', by the parse of UDPipe's German-HDT model (Straka and Straková, ÚFAL, CC BY-NC-SA 4.0)
16:61	3	du		2	זָכַ֣רְתְּ		attached-word	attached	0.5667	approved	0				SubjectPronoun of 'gedenken', by the parse of UDPipe's German-HDT model (Straka and Straková, ÚFAL, CC BY-NC-SA 4.0)
16:61	12	du		8	קַחְתֵּ֗ךְ		attached-word	attached	0.5749	approved	0				SubjectPronoun of 'nehmen', by the parse of UDPipe's German-HDT model (Straka and Straková, ÚFAL, CC BY-NC-SA 4.0)
16:61	23	ich		19	נָתַתִּ֨י		attached-word	attached	0.6259	approved	0				SubjectPronoun of 'geben', by the parse of UDPipe's German-HDT model (Straka and Straková, ÚFAL, CC BY-NC-SA 4.0)
16:61	28	werde		19	נָתַתִּ֨י		attached-word	attached	0.6259	approved	0				AuxiliaryVerb of 'geben', by the parse of UDPipe's German-HDT model (Straka and Straková, ÚFAL, CC BY-NC-SA 4.0)
16:62	10	du		8	יָדַ֖עַתְּ		attached-word	attached	0.6569	approved	0				SubjectPronoun of 'erfahren', by the parse of UDPipe's German-HDT model (Straka and Straková, ÚFAL, CC BY-NC-SA 4.0)
16:62	12	sollst		8	יָדַ֖עַתְּ		attached-word	attached	0.6569	approved	0				AuxiliaryVerb of 'erfahren', by the parse of UDPipe's German-HDT model (Straka and Straková, ÚFAL, CC BY-NC-SA 4.0)
16:63	3	du		4	בֹ֔שְׁתְּ		attached-word	attached	0.4	approved	0				SubjectPronoun of 'schämst', by the parse of UDPipe's German-HDT model (Straka and Straková, ÚFAL, CC BY-NC-SA 4.0)
16:63	25	du		21	עָשִׂ֔ית		attached-word	attached	0.5613	approved	0				SubjectPronoun of 'getan', by the parse of UDPipe's German-HDT model (Straka and Straková, ÚFAL, CC BY-NC-SA 4.0)
16:63	27	hast		21	עָשִׂ֔ית		attached-word	attached	0.5613	approved	0				AuxiliaryVerb of 'getan', by the parse of UDPipe's German-HDT model (Straka and Straková, ÚFAL, CC BY-NC-SA 4.0)
17:5	1	Er		2	יִּקַּח֙		attached-word	attached	0.6433	approved	0				SubjectPronoun of 'nahm', by the parse of UDPipe's German-HDT model (Straka and Straková, ÚFAL, CC BY-NC-SA 4.0)
17:8	2	war		8	שְׁתוּלָ֑ה		attached-word	attached	0.4429	approved	0				AuxiliaryVerb of 'gepflanzt', by the parse of UDPipe's German-HDT model (Straka and Straková, ÚFAL, CC BY-NC-SA 4.0)
17:9	23	er		17	יָבֵ֗שׁ		attached-word	attached	0.61	approved	0				SubjectPronoun of 'verdorren', by the parse of UDPipe's German-HDT model (Straka and Straková, ÚFAL, CC BY-NC-SA 4.0)
17:9	24	wird		17	יָבֵ֗שׁ		attached-word	attached	0.61	approved	0				AuxiliaryVerb of 'verdorren', by the parse of UDPipe's German-HDT model (Straka and Straková, ÚFAL, CC BY-NC-SA 4.0)
17:9	32	werden		21	תִּיבָ֔שׁ		attached-word	attached	0.61	approved	0				AuxiliaryVerb of 'verdorren', by the parse of UDPipe's German-HDT model (Straka and Straková, ÚFAL, CC BY-NC-SA 4.0)
17:10	3	ist		3	שְׁתוּלָ֖ה		attached-word	attached	0.4429	approved	0				AuxiliaryVerb of 'gepflanzt', by the parse of UDPipe's German-HDT model (Straka and Straková, ÚFAL, CC BY-NC-SA 4.0)
17:10	7	sollte		5	תִצְלָ֑ח		attached-word	attached	0.325	approved	0				AuxiliaryVerb of 'geraten', by the parse of UDPipe's German-HDT model (Straka and Straková, ÚFAL, CC BY-NC-SA 4.0)
17:10	17	wird		9	גַ֨עַת		attached-word	attached	0.55	approved	0				AuxiliaryVerb of 'rühren', by the parse of UDPipe's German-HDT model (Straka and Straková, ÚFAL, CC BY-NC-SA 4.0)
17:10	18	wird		15	יָבֹ֔שׁ		attached-word	attached	0.61	approved	0				AuxiliaryVerb of 'verdorren', by the parse of UDPipe's German-HDT model (Straka and Straková, ÚFAL, CC BY-NC-SA 4.0)
17:12	8	ihr		9	יְדַעְתֶּ֖ם		attached-word	attached	0.625	approved	0				SubjectPronoun of 'Wißt', by the parse of UDPipe's German-HDT model (Straka and Straková, ÚFAL, CC BY-NC-SA 4.0)
17:14	15	würde		9	שְׁמֹ֥ר		attached-word	attached	0.4075	approved	0				AuxiliaryVerb of 'gehalten', by the parse of UDPipe's German-HDT model (Straka and Straková, ÚFAL, CC BY-NC-SA 4.0)
17:16	22	er		16	בָּזָה֙		attached-word	attached	0.4609	approved	0				SubjectPronoun of 'verachtet', by the parse of UDPipe's German-HDT model (Straka and Straková, ÚFAL, CC BY-NC-SA 4.0)
17:16	27	er		21	הֵפֵ֖ר		attached-word	attached	0.34	approved	0				SubjectPronoun of 'gebrochen', by the parse of UDPipe's German-HDT model (Straka and Straková, ÚFAL, CC BY-NC-SA 4.0)
17:16	29	hat		21	הֵפֵ֖ר		attached-word	attached	0.34	approved	0				AuxiliaryVerb of 'gebrochen', by the parse of UDPipe's German-HDT model (Straka and Straková, ÚFAL, CC BY-NC-SA 4.0)
17:16	31	soll		28	יָמֽוּת		attached-word	attached	0.6889	approved	0				AuxiliaryVerb of 'sterben', by the parse of UDPipe's German-HDT model (Straka and Straková, ÚFAL, CC BY-NC-SA 4.0)
17:16	32	er		28	יָמֽוּת		attached-word	attached	0.6889	approved	0				SubjectPronoun of 'sterben', by the parse of UDPipe's German-HDT model (Straka and Straková, ÚFAL, CC BY-NC-SA 4.0)
17:18	3	er		2	בָזָ֥ה		attached-word	attached	0.4609	approved	0				SubjectPronoun of 'verachtet', by the parse of UDPipe's German-HDT model (Straka and Straková, ÚFAL, CC BY-NC-SA 4.0)
17:18	11	hat		2	בָזָ֥ה		attached-word	attached	0.4609	approved	0				AuxiliaryVerb of 'verachtet', by the parse of UDPipe's German-HDT model (Straka and Straková, ÚFAL, CC BY-NC-SA 4.0)
17:18	13	er		9	נָתַ֥ן		attached-word	attached	0.6446	approved	0				SubjectPronoun of 'gegeben', by the parse of UDPipe's German-HDT model (Straka and Straková, ÚFAL, CC BY-NC-SA 4.0)
17:18	17	hat		9	נָתַ֥ן		attached-word	attached	0.6446	approved	0				AuxiliaryVerb of 'gegeben', by the parse of UDPipe's German-HDT model (Straka and Straková, ÚFAL, CC BY-NC-SA 4.0)
17:19	17	er		12	בָּזָ֔ה		attached-word	attached	0.4609	approved	0				SubjectPronoun of 'verachtet', by the parse of UDPipe's German-HDT model (Straka and Straková, ÚFAL, CC BY-NC-SA 4.0)
17:19	19	hat		12	בָּזָ֔ה		attached-word	attached	0.4609	approved	0				AuxiliaryVerb of 'verachtet', by the parse of UDPipe's German-HDT model (Straka and Straková, ÚFAL, CC BY-NC-SA 4.0)
17:20	2	ich		2	פָרַשְׂתִּ֤י		attached-word	attached	0.2737	approved	0				SubjectPronoun of 'werfen', by the parse of UDPipe's German-HDT model (Straka and Straková, ÚFAL, CC BY-NC-SA 4.0)
17:20	18	ich		10	הֲבִיאֹותִ֣יהוּ		attached-word	attached	0.4861	approved	0				SubjectPronoun of 'bringen', by the parse of UDPipe's German-HDT model (Straka and Straková, ÚFAL, CC BY-NC-SA 4.0)
17:21	31	habe		24	דִּבַּֽרְתִּי		attached-word	attached	0.595	approved	0				AuxiliaryVerb of 'geredet', by the parse of UDPipe's German-HDT model (Straka and Straková, ÚFAL, CC BY-NC-SA 4.0)
17:24	14	habe		10	הִשְׁפַּ֣לְתִּי		attached-word	attached	0.6357	approved	0				AuxiliaryVerb of 'erniedrigt', by the parse of UDPipe's German-HDT model (Straka and Straková, ÚFAL, CC BY-NC-SA 4.0)
18:2	15	haben		16	יֹ֣אכְלוּ		attached-word	attached	0.6885	approved	0				AuxiliaryVerb of 'gegessen', by the parse of UDPipe's German-HDT model (Straka and Straková, ÚFAL, CC BY-NC-SA 4.0)
18:4	21	soll		23	תָמֽוּת		attached-word	attached	0.6885	approved	0				AuxiliaryVerb of 'sterben', by the parse of UDPipe's German-HDT model (Straka and Straková, ÚFAL, CC BY-NC-SA 4.0)
18:10	2	er		2	הֹולִ֥יד		attached-word	attached	0.34	approved	0				SubjectPronoun of 'zeugt', by the parse of UDPipe's German-HDT model (Straka and Straková, ÚFAL, CC BY-NC-SA 4.0)
18:13	15	er		18	עָשָׂ֔ה		attached-word	attached	0.5595	approved	0				SubjectPronoun of 'getan', by the parse of UDPipe's German-HDT model (Straka and Straková, ÚFAL, CC BY-NC-SA 4.0)
18:13	20	hat		18	עָשָׂ֔ה		attached-word	attached	0.5595	approved	0				AuxiliaryVerb of 'getan', by the parse of UDPipe's German-HDT model (Straka and Straková, ÚFAL, CC BY-NC-SA 4.0)
18:13	22	er		20	יוּמָ֔ת		attached-word	attached	0.6885	approved	0				SubjectPronoun of 'sterben', by the parse of UDPipe's German-HDT model (Straka and Straková, ÚFAL, CC BY-NC-SA 4.0)
18:14	2	er		3	הֹולִ֣יד		attached-word	attached	0.34	approved	0				SubjectPronoun of 'zeugt', by the parse of UDPipe's German-HDT model (Straka and Straková, ÚFAL, CC BY-NC-SA 4.0)
18:18	15	hat		12	עָשָׂ֖ה		attached-word	attached	0.5595	approved	0				AuxiliaryVerb of 'getan', by the parse of UDPipe's German-HDT model (Straka and Straková, ÚFAL, CC BY-NC-SA 4.0)
18:18	21	soll		18	מֵ֖ת		attached-word	attached	0.6885	approved	0				AuxiliaryVerb of 'sterben', by the parse of UDPipe's German-HDT model (Straka and Straková, ÚFAL, CC BY-NC-SA 4.0)
18:19	16	er		18	עָשָׂ֗ה		attached-word	attached	0.5595	approved	0				SubjectPronoun of 'getan', by the parse of UDPipe's German-HDT model (Straka and Straková, ÚFAL, CC BY-NC-SA 4.0)
18:19	28	hat		18	עָשָׂ֗ה		attached-word	attached	0.5595	approved	0				AuxiliaryVerb of 'getan', by the parse of UDPipe's German-HDT model (Straka and Straková, ÚFAL, CC BY-NC-SA 4.0)
18:20	6	soll		6	תָמ֑וּת		attached-word	attached	0.6885	approved	0				AuxiliaryVerb of 'sterben', by the parse of UDPipe's German-HDT model (Straka and Straková, ÚFAL, CC BY-NC-SA 4.0)
18:21	12	er		10	עָשָׂ֔ה		attached-word	attached	0.5595	approved	0				SubjectPronoun of 'getan', by the parse of UDPipe's German-HDT model (Straka and Straková, ÚFAL, CC BY-NC-SA 4.0)
18:21	14	hat		10	עָשָׂ֔ה		attached-word	attached	0.5595	approved	0				AuxiliaryVerb of 'getan', by the parse of UDPipe's German-HDT model (Straka and Straková, ÚFAL, CC BY-NC-SA 4.0)
18:22	7	er		4	עָשָׂ֔ה		attached-word	attached	0.52	approved	0				SubjectPronoun of 'begangen', by the parse of UDPipe's German-HDT model (Straka and Straková, ÚFAL, CC BY-NC-SA 4.0)
18:22	9	hat		4	עָשָׂ֔ה		attached-word	attached	0.52	approved	0				AuxiliaryVerb of 'begangen', by the parse of UDPipe's German-HDT model (Straka and Straková, ÚFAL, CC BY-NC-SA 4.0)
18:22	12	werden		6	יִזָּכְר֖וּ		attached-word	attached	0.5594	approved	0				AuxiliaryVerb of 'gedacht', by the parse of UDPipe's German-HDT model (Straka and Straková, ÚFAL, CC BY-NC-SA 4.0)
18:22	14	er		12	יִֽחְיֶֽה		attached-word	attached	0.3403	approved	0				SubjectPronoun of 'leben', by the parse of UDPipe's German-HDT model (Straka and Straková, ÚFAL, CC BY-NC-SA 4.0)
18:22	22	er		11	עָשָׂ֖ה		attached-word	attached	0.5708	approved	0				SubjectPronoun of 'tut', by the parse of UDPipe's German-HDT model (Straka and Straková, ÚFAL, CC BY-NC-SA 4.0)
18:23	18	er		12	שׁוּבֹ֥ו		attached-word	attached	0.7	approved	0				SubjectPronoun of 'bekehre', by the parse of UDPipe's German-HDT model (Straka and Straková, ÚFAL, CC BY-NC-SA 4.0)
18:24	31	er		18	יַעֲשֶׂ֖ה		attached-word	attached	0.5595	approved	0				SubjectPronoun of 'getan', by the parse of UDPipe's German-HDT model (Straka and Straková, ÚFAL, CC BY-NC-SA 4.0)
18:24	33	hat		18	יַעֲשֶׂ֖ה		attached-word	attached	0.5595	approved	0				AuxiliaryVerb of 'getan', by the parse of UDPipe's German-HDT model (Straka and Straková, ÚFAL, CC BY-NC-SA 4.0)
18:24	37	werden		26	תִזָּכַ֔רְנָה		attached-word	attached	0.5594	approved	0				AuxiliaryVerb of 'gedacht', by the parse of UDPipe's German-HDT model (Straka and Straková, ÚFAL, CC BY-NC-SA 4.0)
18:24	45	er		24	עָשָׂה֙		attached-word	attached	0.5595	approved	0				SubjectPronoun of 'getan', by the parse of UDPipe's German-HDT model (Straka and Straková, ÚFAL, CC BY-NC-SA 4.0)
18:24	47	hat		24	עָשָׂה֙		attached-word	attached	0.5595	approved	0				AuxiliaryVerb of 'getan', by the parse of UDPipe's German-HDT model (Straka and Straková, ÚFAL, CC BY-NC-SA 4.0)
18:24	48	soll		37	יָמֽוּת		attached-word	attached	0.6885	approved	0				AuxiliaryVerb of 'sterben', by the parse of UDPipe's German-HDT model (Straka and Straková, ÚFAL, CC BY-NC-SA 4.0)
18:24	49	er		37	יָמֽוּת		attached-word	attached	0.6885	approved	0				SubjectPronoun of 'sterben', by the parse of UDPipe's German-HDT model (Straka and Straková, ÚFAL, CC BY-NC-SA 4.0)
18:26	15	er		10	מֵ֣ת		attached-word	attached	0.6885	approved	0				SubjectPronoun of 'sterben', by the parse of UDPipe's German-HDT model (Straka and Straková, ÚFAL, CC BY-NC-SA 4.0)
18:26	25	er		15	עָשָׂ֖ה		attached-word	attached	0.5595	approved	0				SubjectPronoun of 'getan', by the parse of UDPipe's German-HDT model (Straka and Straková, ÚFAL, CC BY-NC-SA 4.0)
18:26	27	hat		15	עָשָׂ֖ה		attached-word	attached	0.5595	approved	0				AuxiliaryVerb of 'getan', by the parse of UDPipe's German-HDT model (Straka and Straková, ÚFAL, CC BY-NC-SA 4.0)
18:27	12	hat		8	עָשָׂ֔ה		attached-word	attached	0.5595	approved	0				AuxiliaryVerb of 'getan', by the parse of UDPipe's German-HDT model (Straka and Straková, ÚFAL, CC BY-NC-SA 4.0)
18:27	20	wird		17	יְחַיֶּֽה		attached-word	attached	0.45	approved	0				AuxiliaryVerb of 'erhalten', by the parse of UDPipe's German-HDT model (Straka and Straková, ÚFAL, CC BY-NC-SA 4.0)
18:28	3	er		2	יִּרְאֶ֣ה		attached-word	attached	0.5784	approved	0				SubjectPronoun of 'sieht', by the parse of UDPipe's German-HDT model (Straka and Straková, ÚFAL, CC BY-NC-SA 4.0)
18:28	12	er		9	עָשָׂ֑ה		attached-word	attached	0.5595	approved	0				SubjectPronoun of 'getan', by the parse of UDPipe's German-HDT model (Straka and Straková, ÚFAL, CC BY-NC-SA 4.0)
18:28	14	hat		9	עָשָׂ֑ה		attached-word	attached	0.5595	approved	0				AuxiliaryVerb of 'getan', by the parse of UDPipe's German-HDT model (Straka and Straková, ÚFAL, CC BY-NC-SA 4.0)
18:30	3	ich		5	אֶשְׁפֹּ֤ט		attached-word	attached	0.5548	approved	0				SubjectPronoun of 'richten', by the parse of UDPipe's German-HDT model (Straka and Straková, ÚFAL, CC BY-NC-SA 4.0)
18:30	28	ihr		12	שׁ֤וּבוּ		attached-word	attached	0.2888	approved	0				SubjectPronoun of 'fallen', by the parse of UDPipe's German-HDT model (Straka and Straková, ÚFAL, CC BY-NC-SA 4.0)
18:31	24	du		20	תָמֻ֖תוּ		attached-word	attached	0.6885	approved	0				SubjectPronoun of 'sterben', by the parse of UDPipe's German-HDT model (Straka and Straková, ÚFAL, CC BY-NC-SA 4.0)
18:32	16	euch		12	הָשִׁ֖יבוּ		attached-word	attached	0.6775	approved	0				SubjectPronoun of 'bekehrt', by the parse of UDPipe's German-HDT model (Straka and Straková, ÚFAL, CC BY-NC-SA 4.0)
18:32	18	werdet		14	חְיֽוּ		attached-word	attached	0.3403	approved	0				AuxiliaryVerb of 'leben', by the parse of UDPipe's German-HDT model (Straka and Straková, ÚFAL, CC BY-NC-SA 4.0)
18:32	19	ihr		14	חְיֽוּ		attached-word	attached	0.3403	approved	0				SubjectPronoun of 'leben', by the parse of UDPipe's German-HDT model (Straka and Straková, ÚFAL, CC BY-NC-SA 4.0)
19:5	10	war		5	אָבְדָ֖ה		attached-word	attached	0.5875	approved	0				AuxiliaryVerb of 'verloren', by the parse of UDPipe's German-HDT model (Straka and Straková, ÚFAL, CC BY-NC-SA 4.0)
19:5	17	sie		8	תִּקַּ֛ח		attached-word	attached	0.643	approved	0				SubjectPronoun of 'nahm', by the parse of UDPipe's German-HDT model (Straka and Straková, ÚFAL, CC BY-NC-SA 4.0)
19:6	2	er		2	יִּתְהַלֵּ֥ךְ		attached-word	attached	0.52	approved	0				SubjectPronoun of 'wandelte', by the parse of UDPipe's German-HDT model (Straka and Straková, ÚFAL, CC BY-NC-SA 4.0)
19:7	1	Er		6	הֶחֱרִ֑יב		attached-word	attached	0.2875	approved	0				SubjectPronoun of 'verderbte', by the parse of UDPipe's German-HDT model (Straka and Straková, ÚFAL, CC BY-NC-SA 4.0)
19:9	26	würde		20	יִשָּׁמַ֥ע		attached-word	attached	0.6493	approved	0				AuxiliaryVerb of 'gehört', by the parse of UDPipe's German-HDT model (Straka and Straková, ÚFAL, CC BY-NC-SA 4.0)
19:12	22	sie		17	יָבֵ֛שׁוּ		attached-word	attached	0.55	approved	0				SubjectPronoun of 'verdorrten', by the parse of UDPipe's German-HDT model (Straka and Straková, ÚFAL, CC BY-NC-SA 4.0)
19:14	2	ist		2	תֵּצֵ֨א		attached-word	attached	0.7	approved	0				AuxiliaryVerb of 'ausgegangen', by the parse of UDPipe's German-HDT model (Straka and Straková, ÚFAL, CC BY-NC-SA 4.0)
20:4	3	du		2	תִשְׁפֹּ֣ט		attached-word	attached	0.3	approved	0				SubjectPronoun of 'strafen', by the parse of UDPipe's German-HDT model (Straka and Straková, ÚFAL, CC BY-NC-SA 4.0)
20:4	6	du		11	הֹודִיעֵֽם		attached-word	attached	0.3885	approved	0				SubjectPronoun of 'zeige', by the parse of UDPipe's German-HDT model (Straka and Straková, ÚFAL, CC BY-NC-SA 4.0)
20:6	1	Ich		6	נָשָׂ֤אתִי		attached-word	attached	0.3029	approved	0				SubjectPronoun of 'erhob', by the parse of UDPipe's German-HDT model (Straka and Straková, ÚFAL, CC BY-NC-SA 4.0)
20:8	28	ich		23	אֹמַ֞ר		attached-word	attached	0.5071	approved	0				SubjectPronoun of 'dachte', by the parse of UDPipe's German-HDT model (Straka and Straková, ÚFAL, CC BY-NC-SA 4.0)
20:9	13	würde		7	הֵחֵ֛ל		attached-word	attached	0.6625	approved	0				AuxiliaryVerb of 'entheiligt', by the parse of UDPipe's German-HDT model (Straka and Straková, ÚFAL, CC BY-NC-SA 4.0)
20:10	3	ich		2	אֹֽוצִיאֵ֖ם		attached-word	attached	0.4281	approved	0				SubjectPronoun of 'geführt', by the parse of UDPipe's German-HDT model (Straka and Straková, ÚFAL, CC BY-NC-SA 4.0)
20:10	8	hatte		2	אֹֽוצִיאֵ֖ם		attached-word	attached	0.4281	approved	0				AuxiliaryVerb of 'geführt', by the parse of UDPipe's German-HDT model (Straka and Straková, ÚFAL, CC BY-NC-SA 4.0)
20:11	2	ich		2	אֶתֵּ֤ן		attached-word	attached	0.6177	approved	0				SubjectPronoun of 'gab', by the parse of UDPipe's German-HDT model (Straka and Straková, ÚFAL, CC BY-NC-SA 4.0)
20:13	37	ich		31	אֹמַ֞ר		attached-word	attached	0.5263	approved	0				SubjectPronoun of 'gedachte', by the parse of UDPipe's German-HDT model (Straka and Straková, ÚFAL, CC BY-NC-SA 4.0)
20:14	2	ich		2	אֶעֱשֶׂ֖ה		attached-word	attached	0.2781	approved	0				SubjectPronoun of 'ließ', by the parse of UDPipe's German-HDT model (Straka and Straková, ÚFAL, CC BY-NC-SA 4.0)
20:14	14	würde		7	הֵחֵל֙		attached-word	attached	0.6625	approved	0				AuxiliaryVerb of 'entheiligt', by the parse of UDPipe's German-HDT model (Straka and Straková, ÚFAL, CC BY-NC-SA 4.0)
20:14	20	ich		13	הֹוצֵאתִ֖ים		attached-word	attached	0.6654	approved	0				SubjectPronoun of 'ausgeführt', by the parse of UDPipe's German-HDT model (Straka and Straková, ÚFAL, CC BY-NC-SA 4.0)
20:14	22	hatte		13	הֹוצֵאתִ֖ים		attached-word	attached	0.6654	approved	0				AuxiliaryVerb of 'ausgeführt', by the parse of UDPipe's German-HDT model (Straka and Straková, ÚFAL, CC BY-NC-SA 4.0)
20:15	26	hatte		18	נָתַ֗תִּי		attached-word	attached	0.6465	approved	0				AuxiliaryVerb of 'gegeben', by the parse of UDPipe's German-HDT model (Straka and Straková, ÚFAL, CC BY-NC-SA 4.0)
20:16	3	sie		4	מָאָ֗סוּ		attached-word	attached	0.2922	approved	0				SubjectPronoun of 'verachtet', by the parse of UDPipe's German-HDT model (Straka and Straková, ÚFAL, CC BY-NC-SA 4.0)
20:16	17	hatten		4	מָאָ֗סוּ		attached-word	attached	0.2922	approved	0				AuxiliaryVerb of 'verachtet', by the parse of UDPipe's German-HDT model (Straka and Straková, ÚFAL, CC BY-NC-SA 4.0)
20:18	2	ich		2	אֹמַ֤ר		attached-word	attached	0.6899	approved	0				SubjectPronoun of 'sprach', by the parse of UDPipe's German-HDT model (Straka and Straková, ÚFAL, CC BY-NC-SA 4.0)
20:19	17	sollt		10	שִׁמְר֖וּ		attached-word	attached	0.4367	approved	0				AuxiliaryVerb of 'halten', by the parse of UDPipe's German-HDT model (Straka and Straková, ÚFAL, CC BY-NC-SA 4.0)
20:19	18	ihr		10	שִׁמְר֖וּ		attached-word	attached	0.4367	approved	0				SubjectPronoun of 'halten', by the parse of UDPipe's German-HDT model (Straka and Straková, ÚFAL, CC BY-NC-SA 4.0)
20:20	4	sollt		4	קַדֵּ֑שׁוּ		attached-word	attached	0.2956	approved	0				AuxiliaryVerb of 'heiligen', by the parse of UDPipe's German-HDT model (Straka and Straková, ÚFAL, CC BY-NC-SA 4.0)
20:20	5	ihr		4	קַדֵּ֑שׁוּ		attached-word	attached	0.2956	approved	0				SubjectPronoun of 'heiligen', by the parse of UDPipe's German-HDT model (Straka and Straková, ÚFAL, CC BY-NC-SA 4.0)
20:22	1	Ich		2	הֲשִׁבֹ֨תִי֙		attached-word	attached	0.3431	approved	0				SubjectPronoun of 'wandte', by the parse of UDPipe's German-HDT model (Straka and Straková, ÚFAL, CC BY-NC-SA 4.0)
20:22	18	würde		11	הֵחֵל֙		attached-word	attached	0.6625	approved	0				AuxiliaryVerb of 'entheiligt', by the parse of UDPipe's German-HDT model (Straka and Straková, ÚFAL, CC BY-NC-SA 4.0)
20:22	24	ich		17	הֹוצֵ֥אתִי		attached-word	attached	0.6654	approved	0				SubjectPronoun of 'ausgeführt', by the parse of UDPipe's German-HDT model (Straka and Straková, ÚFAL, CC BY-NC-SA 4.0)
20:22	26	hatte		17	הֹוצֵ֥אתִי		attached-word	attached	0.6654	approved	0				AuxiliaryVerb of 'ausgeführt', by the parse of UDPipe's German-HDT model (Straka and Straková, ÚFAL, CC BY-NC-SA 4.0)
20:24	16	hatten		11	חִלֵּ֑לוּ		attached-word	attached	0.6625	approved	0				AuxiliaryVerb of 'entheiligt', by the parse of UDPipe's German-HDT model (Straka and Straková, ÚFAL, CC BY-NC-SA 4.0)
20:27	20	haben		17	גִּדְּפ֤וּ		attached-word	attached	0.4	approved	0				AuxiliaryVerb of 'gelästert', by the parse of UDPipe's German-HDT model (Straka and Straková, ÚFAL, CC BY-NC-SA 4.0)
20:28	12	ich		7	נָשָׂ֨אתִי֙		attached-word	attached	0.4	approved	0				SubjectPronoun of 'aufgehoben', by the parse of UDPipe's German-HDT model (Straka and Straková, ÚFAL, CC BY-NC-SA 4.0)
20:28	16	hatte		7	נָשָׂ֨אתִי֙		attached-word	attached	0.4	approved	0				AuxiliaryVerb of 'aufgehoben', by the parse of UDPipe's German-HDT model (Straka and Straková, ÚFAL, CC BY-NC-SA 4.0)
20:28	32	sie		24	יִּזְבְּחוּ		attached-word	attached	0.43	approved	0				SubjectPronoun of 'opferten', by the parse of UDPipe's German-HDT model (Straka and Straková, ÚFAL, CC BY-NC-SA 4.0)
20:29	1	Ich		2	אֹמַ֣ר		attached-word	attached	0.6899	approved	0				SubjectPronoun of 'sprach', by the parse of UDPipe's German-HDT model (Straka and Straková, ÚFAL, CC BY-NC-SA 4.0)
20:37	1	Ich		8	הֵבֵאתִ֥י		attached-word	attached	0.4851	approved	0				SubjectPronoun of 'bringen', by the parse of UDPipe's German-HDT model (Straka and Straková, ÚFAL, CC BY-NC-SA 4.0)
20:40	38	ich		25	אֶדְרֹ֣ושׁ		attached-word	attached	0.3625	approved	0				SubjectPronoun of 'fordern', by the parse of UDPipe's German-HDT model (Straka and Straková, ÚFAL, CC BY-NC-SA 4.0)
20:41	28	werde		22	נִקְדַּשְׁתִּ֥י		attached-word	attached	0.5312	approved	0				AuxiliaryVerb of 'geheiligt', by the parse of UDPipe's German-HDT model (Straka and Straková, ÚFAL, CC BY-NC-SA 4.0)
20:41	32	werden		22	נִקְדַּשְׁתִּ֥י		attached-word	attached	0.5312	approved	0				AuxiliaryVerb of 'geheiligt', by the parse of UDPipe's German-HDT model (Straka and Straková, ÚFAL, CC BY-NC-SA 4.0)
20:42	3	werdet		2	ידַעְתֶּם֙		attached-word	attached	0.656	approved	0				AuxiliaryVerb of 'erfahren', by the parse of UDPipe's German-HDT model (Straka and Straková, ÚFAL, CC BY-NC-SA 4.0)
20:42	17	habe		7	הֲבִיאִ֥י		attached-word	attached	0.4167	approved	0				AuxiliaryVerb of 'gebracht', by the parse of UDPipe's German-HDT model (Straka and Straková, ÚFAL, CC BY-NC-SA 4.0)
20:43	2	werdet		2	זְכַרְתֶּם		attached-word	attached	0.5691	approved	0				AuxiliaryVerb of 'gedenken', by the parse of UDPipe's German-HDT model (Straka and Straková, ÚFAL, CC BY-NC-SA 4.0)
20:43	3	ihr		2	זְכַרְתֶּם		attached-word	attached	0.5691	approved	0				SubjectPronoun of 'gedenken', by the parse of UDPipe's German-HDT model (Straka and Straková, ÚFAL, CC BY-NC-SA 4.0)
20:43	16	seid		11	נִטְמֵאתֶ֖ם		attached-word	attached	0.55	approved	0				AuxiliaryVerb of 'verunreinigt', by the parse of UDPipe's German-HDT model (Straka and Straková, ÚFAL, CC BY-NC-SA 4.0)
20:43	28	habt		21	עֲשִׂיתֶֽם		attached-word	attached	0.5611	approved	0				AuxiliaryVerb of 'getan', by the parse of UDPipe's German-HDT model (Straka and Straková, ÚFAL, CC BY-NC-SA 4.0)
20:46	1	Du		3	שִׂ֤ים		attached-word	attached	0.3268	approved	0				SubjectPronoun of 'richte', by the parse of UDPipe's German-HDT model (Straka and Straková, ÚFAL, CC BY-NC-SA 4.0)
20:47	25	soll		19	אָכְלָ֣ה		attached-word	attached	0.6743	approved	0				AuxiliaryVerb of 'verzehren', by the parse of UDPipe's German-HDT model (Straka and Straková, ÚFAL, CC BY-NC-SA 4.0)
20:47	37	wird		29	תִכְבֶּה֙		attached-word	attached	0.475	approved	0				AuxiliaryVerb of 'löschen', by the parse of UDPipe's German-HDT model (Straka and Straková, ÚFAL, CC BY-NC-SA 4.0)
20:48	4	soll		2	רָאוּ֙		attached-word	attached	0.6432	approved	0				AuxiliaryVerb of 'sehen', by the parse of UDPipe's German-HDT model (Straka and Straková, ÚFAL, CC BY-NC-SA 4.0)
20:48	12	habe		8	בִּֽעַרְתִּ֑יהָ		attached-word	attached	0.475	approved	0				AuxiliaryVerb of 'angezündet', by the parse of UDPipe's German-HDT model (Straka and Straková, ÚFAL, CC BY-NC-SA 4.0)
20:49	2	ich		2	אֹמַ֕ר		attached-word	attached	0.6899	approved	0				SubjectPronoun of 'sprach', by the parse of UDPipe's German-HDT model (Straka and Straková, ÚFAL, CC BY-NC-SA 4.0)
21:2	1	Du		3	שִׂ֤ים		attached-word	attached	0.3268	approved	0				SubjectPronoun of 'richte', by the parse of UDPipe's German-HDT model (Straka and Straková, ÚFAL, CC BY-NC-SA 4.0)
21:3	16	ich		12	הֹוצֵאתִ֥י		attached-word	attached	0.2857	approved	0				SubjectPronoun of 'ziehen', by the parse of UDPipe's German-HDT model (Straka and Straková, ÚFAL, CC BY-NC-SA 4.0)
21:4	2	ich		3	הִכְרַ֥תִּי		attached-word	attached	0.7	approved	0				SubjectPronoun of 'ausrotte', by the parse of UDPipe's German-HDT model (Straka and Straková, ÚFAL, CC BY-NC-SA 4.0)
21:5	2	soll		2	יָֽדְעוּ֙		attached-word	attached	0.6565	approved	0				AuxiliaryVerb of 'erfahren', by the parse of UDPipe's German-HDT model (Straka and Straková, ÚFAL, CC BY-NC-SA 4.0)
21:5	12	habe		8	הֹוצֵ֥אתִי		attached-word	attached	0.3727	approved	0				AuxiliaryVerb of 'gezogen', by the parse of UDPipe's German-HDT model (Straka and Straková, ÚFAL, CC BY-NC-SA 4.0)
21:6	4	sollst		5	הֵֽאָנַ֑ח		attached-word	attached	0.3	approved	0				AuxiliaryVerb of 'seufzen', by the parse of UDPipe's German-HDT model (Straka and Straková, ÚFAL, CC BY-NC-SA 4.0)
21:6	14	sollst		12	תֵּֽאָנַ֖ח		attached-word	attached	0.3	approved	0				AuxiliaryVerb of 'seufzen', by the parse of UDPipe's German-HDT model (Straka and Straková, ÚFAL, CC BY-NC-SA 4.0)
21:7	7	werden		4	יֹאמְר֣וּ		attached-word	attached	0.6395	approved	0				AuxiliaryVerb of 'sagen', by the parse of UDPipe's German-HDT model (Straka and Straková, ÚFAL, CC BY-NC-SA 4.0)
21:7	11	sollst		11	אָמַרְתָּ֡		attached-word	attached	0.6395	approved	0				AuxiliaryVerb of 'sagen', by the parse of UDPipe's German-HDT model (Straka and Straková, ÚFAL, CC BY-NC-SA 4.0)
21:7	46	wird		36	נִֽהְיָ֔תָה		attached-word	attached	0.4313	approved	0				AuxiliaryVerb of 'geschehen', by the parse of UDPipe's German-HDT model (Straka and Straková, ÚFAL, CC BY-NC-SA 4.0)
21:11	2	er		2	יִּתֵּ֥ן		attached-word	attached	0.6443	approved	0				SubjectPronoun of 'gegeben', by the parse of UDPipe's German-HDT model (Straka and Straková, ÚFAL, CC BY-NC-SA 4.0)
21:11	3	hat		2	יִּתֵּ֥ן		attached-word	attached	0.6443	approved	0				AuxiliaryVerb of 'gegeben', by the parse of UDPipe's German-HDT model (Straka and Straková, ÚFAL, CC BY-NC-SA 4.0)
21:19	9	soll		10	בֹוא֙		attached-word	attached	0.5289	approved	0				AuxiliaryVerb of 'kommen', by the parse of UDPipe's German-HDT model (Straka and Straková, ÚFAL, CC BY-NC-SA 4.0)
21:21	6	wird		2	עָמַ֨ד		attached-word	attached	0.4065	approved	0				AuxiliaryVerb of 'stellen', by the parse of UDPipe's German-HDT model (Straka and Straková, ÚFAL, CC BY-NC-SA 4.0)
21:23	17	wird		14	מַזְכִּ֥יר		attached-word	attached	0.295	approved	0				AuxiliaryVerb of 'denken', by the parse of UDPipe's German-HDT model (Straka and Straková, ÚFAL, CC BY-NC-SA 4.0)
21:24	11	wird		7	הַזְכַּרְכֶם֙		attached-word	attached	0.5594	approved	0				AuxiliaryVerb of 'gedacht', by the parse of UDPipe's German-HDT model (Straka and Straková, ÚFAL, CC BY-NC-SA 4.0)
21:24	19	ist		10	הִגָּלֹ֣ות		attached-word	attached	0.4618	approved	0				AuxiliaryVerb of 'offenbart', by the parse of UDPipe's German-HDT model (Straka and Straková, ÚFAL, CC BY-NC-SA 4.0)
21:24	34	wird		19	הִזָּ֣כֶרְכֶ֔ם		attached-word	attached	0.5594	approved	0				AuxiliaryVerb of 'gedacht', by the parse of UDPipe's German-HDT model (Straka and Straková, ÚFAL, CC BY-NC-SA 4.0)
21:24	35	werdet		19	הִזָּ֣כֶרְכֶ֔ם		attached-word	attached	0.5594	approved	0				AuxiliaryVerb of 'gedacht', by the parse of UDPipe's German-HDT model (Straka and Straková, ÚFAL, CC BY-NC-SA 4.0)
21:24	40	werden		19	הִזָּ֣כֶרְכֶ֔ם		attached-word	attached	0.5594	approved	0				AuxiliaryVerb of 'gedacht', by the parse of UDPipe's German-HDT model (Straka and Straková, ÚFAL, CC BY-NC-SA 4.0)
21:25	15	wird		8	בָּ֣א		attached-word	attached	0.7	approved	0				AuxiliaryVerb of 'daherkommen', by the parse of UDPipe's German-HDT model (Straka and Straková, ÚFAL, CC BY-NC-SA 4.0)
21:26	28	hat		9	הָרִ֖ים		attached-word	attached	0.5269	approved	0				AuxiliaryVerb of 'erhöht', by the parse of UDPipe's German-HDT model (Straka and Straková, ÚFAL, CC BY-NC-SA 4.0)
21:27	1	Ich		4	אֲשִׂימֶ֑נָּה		attached-word	attached	0.29	approved	0				SubjectPronoun of 'machen', by the parse of UDPipe's German-HDT model (Straka and Straková, ÚFAL, CC BY-NC-SA 4.0)
21:27	18	ich		16	נְתַתִּֽיו		attached-word	attached	0.6261	approved	0				SubjectPronoun of 'geben', by the parse of UDPipe's German-HDT model (Straka and Straková, ÚFAL, CC BY-NC-SA 4.0)
21:29	31	war		17	בָּ֣א		attached-word	attached	0.5923	approved	0				AuxiliaryVerb of 'gekommen', by the parse of UDPipe's German-HDT model (Straka and Straková, ÚFAL, CC BY-NC-SA 4.0)
21:30	12	ich		11	אֶשְׁפֹּ֥ט		attached-word	attached	0.5548	approved	0				SubjectPronoun of 'richten', by the parse of UDPipe's German-HDT model (Straka and Straková, ÚFAL, CC BY-NC-SA 4.0)
21:32	18	wird		14	תִזָּכֵ֔רִי		attached-word	attached	0.5714	approved	0				AuxiliaryVerb of 'gedenken', by the parse of UDPipe's German-HDT model (Straka and Straková, ÚFAL, CC BY-NC-SA 4.0)
21:32	27	habe		18	דִּבַּֽרְתִּי		attached-word	attached	0.5938	approved	0				AuxiliaryVerb of 'geredet', by the parse of UDPipe's German-HDT model (Straka and Straková, ÚFAL, CC BY-NC-SA 4.0)
22:4	1	Du		5	אָשַׁ֗מְתְּ		attached-word	attached	0.7	approved	0				SubjectPronoun of 'verschuldest', by the parse of UDPipe's German-HDT model (Straka and Straková, ÚFAL, CC BY-NC-SA 4.0)
22:4	8	du		4	שָׁפַ֜כְתְּ		attached-word	attached	0.625	approved	0				SubjectPronoun of 'vergießt', by the parse of UDPipe's German-HDT model (Straka and Straková, ÚFAL, CC BY-NC-SA 4.0)
22:5	8	sollen		7	יִתְקַלְּסוּ		attached-word	attached	0.2821	approved	0				AuxiliaryVerb of 'spotten', by the parse of UDPipe's German-HDT model (Straka and Straková, ÚFAL, CC BY-NC-SA 4.0)
22:5	9	sie		7	יִתְקַלְּסוּ		attached-word	attached	0.2821	approved	0				SubjectPronoun of 'spotten', by the parse of UDPipe's German-HDT model (Straka and Straková, ÚFAL, CC BY-NC-SA 4.0)
22:7	9	sie		9	עָשׂ֥וּ		attached-word	attached	0.5163	approved	0				SubjectPronoun of 'tun', by the parse of UDPipe's German-HDT model (Straka and Straková, ÚFAL, CC BY-NC-SA 4.0)
22:9	10	Sie		12	אָ֣כְלוּ		attached-word	attached	0.645	approved	0				SubjectPronoun of 'essen', by the parse of UDPipe's German-HDT model (Straka and Straková, ÚFAL, CC BY-NC-SA 4.0)
22:12	1	sie		2	לָֽקְחוּ		attached-word	attached	0.5743	approved	0				SubjectPronoun of 'nehmen', by the parse of UDPipe's German-HDT model (Straka and Straková, ÚFAL, CC BY-NC-SA 4.0)
22:13	2	ich		3	הִכֵּ֣יתִי		attached-word	attached	0.5977	approved	0				SubjectPronoun of 'schlage', by the parse of UDPipe's German-HDT model (Straka and Straková, ÚFAL, CC BY-NC-SA 4.0)
22:14	23	werde		12	עֹשֶׂ֣ה		attached-word	attached	0.475	approved	0				AuxiliaryVerb of 'handeln', by the parse of UDPipe's German-HDT model (Straka and Straková, ÚFAL, CC BY-NC-SA 4.0)
22:14	27	habe		16	דִּבַּ֥רְתִּי		attached-word	attached	0.5938	approved	0				AuxiliaryVerb of 'geredet', by the parse of UDPipe's German-HDT model (Straka and Straková, ÚFAL, CC BY-NC-SA 4.0)
22:22	8	sollt		8	תֻּתְּכ֣וּ		attached-word	attached	0.475	approved	0				AuxiliaryVerb of 'zerschmelzen', by the parse of UDPipe's German-HDT model (Straka and Straková, ÚFAL, CC BY-NC-SA 4.0)
22:22	9	ihr		8	תֻּתְּכ֣וּ		attached-word	attached	0.475	approved	0				SubjectPronoun of 'zerschmelzen', by the parse of UDPipe's German-HDT model (Straka and Straková, ÚFAL, CC BY-NC-SA 4.0)
22:22	24	habe		16	שָׁפַ֥כְתִּי		attached-word	attached	0.52	approved	0				AuxiliaryVerb of 'ausgeschüttet', by the parse of UDPipe's German-HDT model (Straka and Straková, ÚFAL, CC BY-NC-SA 4.0)
22:26	34	ich		27	אֵחַ֖ל		attached-word	attached	0.6625	approved	0				SubjectPronoun of 'entheiligt', by the parse of UDPipe's German-HDT model (Straka and Straková, ÚFAL, CC BY-NC-SA 4.0)
22:28	30	hat		20	דִבֵּֽר		attached-word	attached	0.5938	approved	0				AuxiliaryVerb of 'geredet', by the parse of UDPipe's German-HDT model (Straka and Straková, ÚFAL, CC BY-NC-SA 4.0)
22:30	1	Ich		2	אֲבַקֵּ֣שׁ		attached-word	attached	0.5138	approved	0				SubjectPronoun of 'suchte', by the parse of UDPipe's German-HDT model (Straka and Straková, ÚFAL, CC BY-NC-SA 4.0)
22:30	26	ich		22	מָצָֽאתִי		attached-word	attached	0.6724	approved	0				SubjectPronoun of 'fand', by the parse of UDPipe's German-HDT model (Straka and Straková, ÚFAL, CC BY-NC-SA 4.0)
22:31	3	ich		2	אֶשְׁפֹּ֤ךְ		attached-word	attached	0.4	approved	0				SubjectPronoun of 'schüttete', by the parse of UDPipe's German-HDT model (Straka and Straková, ÚFAL, CC BY-NC-SA 4.0)
23:8	14	hatten		10	שָׁכְב֣וּ		attached-word	attached	0.3786	approved	0				AuxiliaryVerb of 'gelegen', by the parse of UDPipe's German-HDT model (Straka and Straková, ÚFAL, CC BY-NC-SA 4.0)
23:9	3	ich		2	נְתַתִּ֖יהָ		attached-word	attached	0.5071	approved	0				SubjectPronoun of 'übergab', by the parse of UDPipe's German-HDT model (Straka and Straková, ÚFAL, CC BY-NC-SA 4.0)
23:13	3	ich		2	אֵ֖רֶא		attached-word	attached	0.6514	approved	0				SubjectPronoun of 'sah', by the parse of UDPipe's German-HDT model (Straka and Straková, ÚFAL, CC BY-NC-SA 4.0)
23:13	10	waren		4	נִטְמָ֑אָה		attached-word	attached	0.556	approved	0				AuxiliaryVerb of 'verunreinigt', by the parse of UDPipe's German-HDT model (Straka and Straková, ÚFAL, CC BY-NC-SA 4.0)
23:14	9	sie		6	תֵּ֗רֶא		attached-word	attached	0.6514	approved	0				SubjectPronoun of 'sah', by the parse of UDPipe's German-HDT model (Straka and Straková, ÚFAL, CC BY-NC-SA 4.0)
23:17	17	sie		10	יְטַמְּא֥וּ		attached-word	attached	0.7	approved	0				SubjectPronoun of 'verunreinigten', by the parse of UDPipe's German-HDT model (Straka and Straková, ÚFAL, CC BY-NC-SA 4.0)
23:19	21	hatte		11	זָנְתָ֖ה		attached-word	attached	0.55	approved	0				AuxiliaryVerb of 'getrieben', by the parse of UDPipe's German-HDT model (Straka and Straková, ÚFAL, CC BY-NC-SA 4.0)
23:24	2	sie		2	בָ֣אוּ		attached-word	attached	0.5285	approved	0				SubjectPronoun of 'kommen', by the parse of UDPipe's German-HDT model (Straka and Straková, ÚFAL, CC BY-NC-SA 4.0)
23:24	3	werden		2	בָ֣אוּ		attached-word	attached	0.5285	approved	0				AuxiliaryVerb of 'kommen', by the parse of UDPipe's German-HDT model (Straka and Straková, ÚFAL, CC BY-NC-SA 4.0)
23:24	36	sie		26	שְׁפָט֖וּךְ		attached-word	attached	0.5548	approved	0				SubjectPronoun of 'richten', by the parse of UDPipe's German-HDT model (Straka and Straková, ÚFAL, CC BY-NC-SA 4.0)
23:24	39	sollen		26	שְׁפָט֖וּךְ		attached-word	attached	0.5548	approved	0				AuxiliaryVerb of 'richten', by the parse of UDPipe's German-HDT model (Straka and Straková, ÚFAL, CC BY-NC-SA 4.0)
23:25	15	sollen		6	עָשׂ֤וּ		attached-word	attached	0.4882	approved	0				AuxiliaryVerb of 'handeln', by the parse of UDPipe's German-HDT model (Straka and Straková, ÚFAL, CC BY-NC-SA 4.0)
23:25	26	soll		19	תִּפֹּ֑ול		attached-word	attached	0.5076	approved	0				AuxiliaryVerb of 'fallen', by the parse of UDPipe's German-HDT model (Straka and Straková, ÚFAL, CC BY-NC-SA 4.0)
23:26	1	Sie		2	הִפְשִׁיט֖וּךְ		attached-word	attached	0.3087	approved	0				SubjectPronoun of 'ausziehen', by the parse of UDPipe's German-HDT model (Straka and Straková, ÚFAL, CC BY-NC-SA 4.0)
23:26	2	sollen		2	הִפְשִׁיט֖וּךְ		attached-word	attached	0.3087	approved	0				AuxiliaryVerb of 'ausziehen', by the parse of UDPipe's German-HDT model (Straka and Straková, ÚFAL, CC BY-NC-SA 4.0)
23:27	15	du		13	תִשְׂאִ֤י		attached-word	attached	0.5159	approved	0				SubjectPronoun of 'aufheben', by the parse of UDPipe's German-HDT model (Straka and Straková, ÚFAL, CC BY-NC-SA 4.0)
23:27	28	sollst		19	תִזְכְּרִי		attached-word	attached	0.5691	approved	0				AuxiliaryVerb of 'gedenken', by the parse of UDPipe's German-HDT model (Straka and Straková, ÚFAL, CC BY-NC-SA 4.0)
23:29	2	sollen		2	עָשׂ֨וּ		attached-word	attached	0.4	approved	0				AuxiliaryVerb of 'umgehen', by the parse of UDPipe's German-HDT model (Straka and Straková, ÚFAL, CC BY-NC-SA 4.0)
23:30	2	wird		1	עָשֹׂ֥ה		attached-word	attached	0.336	approved	0				AuxiliaryVerb of 'geschehen', by the parse of UDPipe's German-HDT model (Straka and Straková, ÚFAL, CC BY-NC-SA 4.0)
23:30	18	du		10	נִטְמֵ֖את		attached-word	attached	0.556	approved	0				SubjectPronoun of 'verunreinigt', by the parse of UDPipe's German-HDT model (Straka and Straková, ÚFAL, CC BY-NC-SA 4.0)
23:30	21	hast		10	נִטְמֵ֖את		attached-word	attached	0.556	approved	0				AuxiliaryVerb of 'verunreinigt', by the parse of UDPipe's German-HDT model (Straka and Straková, ÚFAL, CC BY-NC-SA 4.0)
23:31	1	Du		4	הָלָ֑כְתְּ		attached-word	attached	0.3318	approved	0				SubjectPronoun of 'gegangen', by the parse of UDPipe's German-HDT model (Straka and Straková, ÚFAL, CC BY-NC-SA 4.0)
23:31	2	bist		4	הָלָ֑כְתְּ		attached-word	attached	0.3318	approved	0				AuxiliaryVerb of 'gegangen', by the parse of UDPipe's German-HDT model (Straka and Straková, ÚFAL, CC BY-NC-SA 4.0)
23:31	11	ich		6	נָתַתִּ֥י		attached-word	attached	0.6075	approved	0				SubjectPronoun of 'gebe', by the parse of UDPipe's German-HDT model (Straka and Straková, ÚFAL, CC BY-NC-SA 4.0)
23:34	16	habe		15	דִבַּ֔רְתִּי		attached-word	attached	0.5938	approved	0				AuxiliaryVerb of 'geredet', by the parse of UDPipe's German-HDT model (Straka and Straková, ÚFAL, CC BY-NC-SA 4.0)
23:35	18	hast		10	תַּשְׁלִ֥יכִי		attached-word	attached	0.475	approved	0				AuxiliaryVerb of 'geworfen', by the parse of UDPipe's German-HDT model (Straka and Straková, ÚFAL, CC BY-NC-SA 4.0)
23:36	10	du		8	תִשְׁפֹּ֥וט		attached-word	attached	0.3063	approved	0				SubjectPronoun of 'strafen', by the parse of UDPipe's German-HDT model (Straka and Straková, ÚFAL, CC BY-NC-SA 4.0)
23:37	20	sie		16	יָֽלְדוּ		attached-word	attached	0.5658	approved	0				SubjectPronoun of 'geboren', by the parse of UDPipe's German-HDT model (Straka and Straková, ÚFAL, CC BY-NC-SA 4.0)
23:37	23	hatten		16	יָֽלְדוּ		attached-word	attached	0.5658	approved	0				AuxiliaryVerb of 'geboren', by the parse of UDPipe's German-HDT model (Straka and Straková, ÚFAL, CC BY-NC-SA 4.0)
23:38	2	haben		3	עָ֣שׂוּ		attached-word	attached	0.5603	approved	0				AuxiliaryVerb of 'getan', by the parse of UDPipe's German-HDT model (Straka and Straková, ÚFAL, CC BY-NC-SA 4.0)
23:38	3	sie		3	עָ֣שׂוּ		attached-word	attached	0.5603	approved	0				SubjectPronoun of 'getan', by the parse of UDPipe's German-HDT model (Straka and Straková, ÚFAL, CC BY-NC-SA 4.0)
23:38	7	sie		5	טִמְּא֤וּ		attached-word	attached	0.556	approved	0				SubjectPronoun of 'verunreinigt', by the parse of UDPipe's German-HDT model (Straka and Straková, ÚFAL, CC BY-NC-SA 4.0)
23:39	3	sie		3	שַׁחֲטָ֤ם		attached-word	attached	0.3625	approved	0				SubjectPronoun of 'geschlachtet', by the parse of UDPipe's German-HDT model (Straka and Straková, ÚFAL, CC BY-NC-SA 4.0)
23:39	9	hatten		3	שַׁחֲטָ֤ם		attached-word	attached	0.3625	approved	0				AuxiliaryVerb of 'geschlachtet', by the parse of UDPipe's German-HDT model (Straka and Straková, ÚFAL, CC BY-NC-SA 4.0)
23:39	11	sie		9	יָּבֹ֧אוּ		attached-word	attached	0.3474	approved	0				SubjectPronoun of 'gingen', by the parse of UDPipe's German-HDT model (Straka and Straková, ÚFAL, CC BY-NC-SA 4.0)
23:39	22	haben		22	עָשׂ֖וּ		attached-word	attached	0.475	approved	0				AuxiliaryVerb of 'begangen', by the parse of UDPipe's German-HDT model (Straka and Straková, ÚFAL, CC BY-NC-SA 4.0)
23:39	23	sie		22	עָשׂ֖וּ		attached-word	attached	0.475	approved	0				SubjectPronoun of 'begangen', by the parse of UDPipe's German-HDT model (Straka and Straková, ÚFAL, CC BY-NC-SA 4.0)
23:40	13	sollten		7	בָּאִ֖ים		attached-word	attached	0.5285	approved	0				AuxiliaryVerb of 'kommen', by the parse of UDPipe's German-HDT model (Straka and Straková, ÚFAL, CC BY-NC-SA 4.0)
23:40	17	sie		16	בָ֔אוּ		attached-word	attached	0.6381	approved	0				SubjectPronoun of 'kamen', by the parse of UDPipe's German-HDT model (Straka and Straková, ÚFAL, CC BY-NC-SA 4.0)
23:42	23	waren		12	מוּבָאִ֥ים		attached-word	attached	0.5914	approved	0				AuxiliaryVerb of 'gekommen', by the parse of UDPipe's German-HDT model (Straka and Straková, ÚFAL, CC BY-NC-SA 4.0)
23:43	1	Ich		2	אֹמַ֕ר		attached-word	attached	0.5282	approved	0				SubjectPronoun of 'gedachte', by the parse of UDPipe's German-HDT model (Straka and Straková, ÚFAL, CC BY-NC-SA 4.0)
23:49	3	soll		2	נָתְנ֤וּ		attached-word	attached	0.348	approved	0				AuxiliaryVerb of 'legen', by the parse of UDPipe's German-HDT model (Straka and Straková, ÚFAL, CC BY-NC-SA 4.0)
24:2	1	Du		3	כתוב		attached-word	attached	0.7	approved	0				SubjectPronoun of 'schreib', by the parse of UDPipe's German-HDT model (Straka and Straková, ÚFAL, CC BY-NC-SA 4.0)
24:7	18	hat		11	שְׁפָכַ֨תְהוּ֙		attached-word	attached	0.7	approved	0				AuxiliaryVerb of 'verschüttet', by the parse of UDPipe's German-HDT model (Straka and Straková, ÚFAL, CC BY-NC-SA 4.0)
24:8	30	würde		5	נְקֹ֣ם		attached-word	attached	0.3625	approved	0				AuxiliaryVerb of 'gerächt', by the parse of UDPipe's German-HDT model (Straka and Straková, ÚFAL, CC BY-NC-SA 4.0)
24:13	8	ich		5	טִֽהַרְתִּיךְ֙		attached-word	attached	0.7	approved	0				SubjectPronoun of 'reinigen', by the parse of UDPipe's German-HDT model (Straka and Straková, ÚFAL, CC BY-NC-SA 4.0)
24:14	4	habe		3	דִּבַּ֨רְתִּי֙		attached-word	attached	0.5926	approved	0				AuxiliaryVerb of 'geredet', by the parse of UDPipe's German-HDT model (Straka and Straková, ÚFAL, CC BY-NC-SA 4.0)
24:14	25	sie		20	שְׁפָט֔וּךְ		attached-word	attached	0.5548	approved	0				SubjectPronoun of 'richten', by the parse of UDPipe's German-HDT model (Straka and Straková, ÚFAL, CC BY-NC-SA 4.0)
24:14	26	sollen		20	שְׁפָט֔וּךְ		attached-word	attached	0.5548	approved	0				AuxiliaryVerb of 'richten', by the parse of UDPipe's German-HDT model (Straka and Straková, ÚFAL, CC BY-NC-SA 4.0)
24:17	3	du		1	הֵאָנֵ֣ק		attached-word	attached	0.2846	approved	0				SubjectPronoun of 'seufzen', by the parse of UDPipe's German-HDT model (Straka and Straková, ÚFAL, CC BY-NC-SA 4.0)
24:18	3	ich		2	אֲדַבֵּ֤ר		attached-word	attached	0.5926	approved	0				SubjectPronoun of 'geredet', by the parse of UDPipe's German-HDT model (Straka and Straková, ÚFAL, CC BY-NC-SA 4.0)
24:18	10	hatte		2	אֲדַבֵּ֤ר		attached-word	attached	0.5926	approved	0				AuxiliaryVerb of 'geredet', by the parse of UDPipe's German-HDT model (Straka and Straková, ÚFAL, CC BY-NC-SA 4.0)
24:18	18	ich		16	אַ֥עַשׂ		attached-word	attached	0.5126	approved	0				SubjectPronoun of 'tat', by the parse of UDPipe's German-HDT model (Straka and Straková, ÚFAL, CC BY-NC-SA 4.0)
24:18	26	war		22	צֻוֵּֽיתִי		attached-word	attached	0.3478	approved	0				AuxiliaryVerb of 'befohlen', by the parse of UDPipe's German-HDT model (Straka and Straková, ÚFAL, CC BY-NC-SA 4.0)
24:20	2	ich		2	אֹמַ֖ר		attached-word	attached	0.6899	approved	0				SubjectPronoun of 'sprach', by the parse of UDPipe's German-HDT model (Straka and Straková, ÚFAL, CC BY-NC-SA 4.0)
24:22	5	ich		5	עָשִׂ֑יתִי		attached-word	attached	0.5611	approved	0				SubjectPronoun of 'getan', by the parse of UDPipe's German-HDT model (Straka and Straková, ÚFAL, CC BY-NC-SA 4.0)
24:22	7	habe		5	עָשִׂ֑יתִי		attached-word	attached	0.5611	approved	0				AuxiliaryVerb of 'getan', by the parse of UDPipe's German-HDT model (Straka and Straková, ÚFAL, CC BY-NC-SA 4.0)
24:22	10	sollt		9	תַעְט֔וּ		attached-word	attached	0.34	approved	0				AuxiliaryVerb of 'verhüllen', by the parse of UDPipe's German-HDT model (Straka and Straková, ÚFAL, CC BY-NC-SA 4.0)
24:22	11	ihr		9	תַעְט֔וּ		attached-word	attached	0.34	approved	0				SubjectPronoun of 'verhüllen', by the parse of UDPipe's German-HDT model (Straka and Straková, ÚFAL, CC BY-NC-SA 4.0)
24:23	13	Ihr		10	תִסְפְּד֖וּ		attached-word	attached	0.376	approved	0				SubjectPronoun of 'klagen', by the parse of UDPipe's German-HDT model (Straka and Straková, ÚFAL, CC BY-NC-SA 4.0)
24:24	16	hat		11	תַּעֲשׂ֑וּ		attached-word	attached	0.5611	approved	0				AuxiliaryVerb of 'getan', by the parse of UDPipe's German-HDT model (Straka and Straková, ÚFAL, CC BY-NC-SA 4.0)
24:24	21	wird		13	בֹאָ֕הּ		attached-word	attached	0.5285	approved	0				AuxiliaryVerb of 'kommen', by the parse of UDPipe's German-HDT model (Straka and Straková, ÚFAL, CC BY-NC-SA 4.0)
24:25	8	ich		9	קַחְתִּ֤י		attached-word	attached	0.3571	approved	0				SubjectPronoun of 'wegnehmen', by the parse of UDPipe's German-HDT model (Straka and Straková, ÚFAL, CC BY-NC-SA 4.0)
24:25	10	werde		9	קַחְתִּ֤י		attached-word	attached	0.3571	approved	0				AuxiliaryVerb of 'wegnehmen', by the parse of UDPipe's German-HDT model (Straka and Straková, ÚFAL, CC BY-NC-SA 4.0)
24:27	4	wird		6	יִפָּ֤תַח		attached-word	attached	0.37	approved	0				AuxiliaryVerb of 'aufgetan', by the parse of UDPipe's German-HDT model (Straka and Straková, ÚFAL, CC BY-NC-SA 4.0)
24:27	8	werden		6	יִפָּ֤תַח		attached-word	attached	0.37	approved	0				AuxiliaryVerb of 'aufgetan', by the parse of UDPipe's German-HDT model (Straka and Straková, ÚFAL, CC BY-NC-SA 4.0)
24:27	15	du		12	תְדַבֵּ֕ר		attached-word	attached	0.5103	approved	0				SubjectPronoun of 'reden', by the parse of UDPipe's German-HDT model (Straka and Straková, ÚFAL, CC BY-NC-SA 4.0)
24:27	17	sollst		12	תְדַבֵּ֕ר		attached-word	attached	0.5103	approved	0				AuxiliaryVerb of 'reden', by the parse of UDPipe's German-HDT model (Straka and Straková, ÚFAL, CC BY-NC-SA 4.0)
24:27	29	sie		23	יָדְע֖וּ		attached-word	attached	0.6565	approved	0				SubjectPronoun of 'erfahren', by the parse of UDPipe's German-HDT model (Straka and Straková, ÚFAL, CC BY-NC-SA 4.0)
25:2	1	Du		3	שִׂ֥ים		attached-word	attached	0.3268	approved	0				SubjectPronoun of 'richte', by the parse of UDPipe's German-HDT model (Straka and Straková, ÚFAL, CC BY-NC-SA 4.0)
25:3	26	ist		20	נִחָ֗ל		attached-word	attached	0.6625	approved	0				AuxiliaryVerb of 'entheiligt', by the parse of UDPipe's German-HDT model (Straka and Straková, ÚFAL, CC BY-NC-SA 4.0)
25:3	34	ist		26	נָשַׁ֔מָּה		attached-word	attached	0.4469	approved	0				AuxiliaryVerb of 'verwüstet', by the parse of UDPipe's German-HDT model (Straka and Straková, ÚFAL, CC BY-NC-SA 4.0)
25:4	26	sollen		18	יֹאכְל֣וּ		attached-word	attached	0.645	approved	0				AuxiliaryVerb of 'essen', by the parse of UDPipe's German-HDT model (Straka and Straková, ÚFAL, CC BY-NC-SA 4.0)
25:5	18	sollt		16	ידַעְתֶּ֖ם		attached-word	attached	0.6555	approved	0				AuxiliaryVerb of 'erfahren', by the parse of UDPipe's German-HDT model (Straka and Straková, ÚFAL, CC BY-NC-SA 4.0)
25:6	29	dich		14	תִּשְׂמַ֤ח		attached-word	attached	0.5875	approved	0				SubjectPronoun of 'gefreut', by the parse of UDPipe's German-HDT model (Straka and Straková, ÚFAL, CC BY-NC-SA 4.0)
25:6	31	hast		14	תִּשְׂמַ֤ח		attached-word	attached	0.5875	approved	0				AuxiliaryVerb of 'gefreut', by the parse of UDPipe's German-HDT model (Straka and Straková, ÚFAL, CC BY-NC-SA 4.0)
25:7	32	sollst		26	יָדַעְתָּ֖		attached-word	attached	0.6555	approved	0				AuxiliaryVerb of 'erfahren', by the parse of UDPipe's German-HDT model (Straka and Straková, ÚFAL, CC BY-NC-SA 4.0)
25:10	25	soll		13	תִזָּכֵ֥ר		attached-word	attached	0.5714	approved	0				AuxiliaryVerb of 'gedenken', by the parse of UDPipe's German-HDT model (Straka and Straková, ÚFAL, CC BY-NC-SA 4.0)
25:11	10	sie		7	יָדְע֖וּ		attached-word	attached	0.6555	approved	0				SubjectPronoun of 'erfahren', by the parse of UDPipe's German-HDT model (Straka and Straková, ÚFAL, CC BY-NC-SA 4.0)
25:11	11	sollen		7	יָדְע֖וּ		attached-word	attached	0.6555	approved	0				AuxiliaryVerb of 'erfahren', by the parse of UDPipe's German-HDT model (Straka and Straková, ÚFAL, CC BY-NC-SA 4.0)
25:13	7	Ich		7	נָטִ֤תִי		attached-word	attached	0.4923	approved	0				SubjectPronoun of 'ausstrecken', by the parse of UDPipe's German-HDT model (Straka and Straková, ÚFAL, CC BY-NC-SA 4.0)
25:14	12	sie		12	עָשׂ֣וּ		attached-word	attached	0.4	approved	0				SubjectPronoun of 'umgehen', by the parse of UDPipe's German-HDT model (Straka and Straková, ÚFAL, CC BY-NC-SA 4.0)
25:14	23	sie		21	יָֽדְעוּ֙		attached-word	attached	0.6555	approved	0				SubjectPronoun of 'erfahren', by the parse of UDPipe's German-HDT model (Straka and Straková, ÚFAL, CC BY-NC-SA 4.0)
25:14	27	sollen		21	יָֽדְעוּ֙		attached-word	attached	0.6555	approved	0				AuxiliaryVerb of 'erfahren', by the parse of UDPipe's German-HDT model (Straka and Straková, ÚFAL, CC BY-NC-SA 4.0)
25:17	14	sie		10	יָֽדְעוּ֙		attached-word	attached	0.6555	approved	0				SubjectPronoun of 'erfahren', by the parse of UDPipe's German-HDT model (Straka and Straková, ÚFAL, CC BY-NC-SA 4.0)
25:17	16	sollen		10	יָֽדְעוּ֙		attached-word	attached	0.6555	approved	0				AuxiliaryVerb of 'erfahren', by the parse of UDPipe's German-HDT model (Straka and Straková, ÚFAL, CC BY-NC-SA 4.0)
26:2	14	ist		10	נִשְׁבְּרָ֛ה		attached-word	attached	0.475	approved	0				AuxiliaryVerb of 'zerbrochen', by the parse of UDPipe's German-HDT model (Straka and Straková, ÚFAL, CC BY-NC-SA 4.0)
26:2	17	ist		14	נָסֵ֣בָּה		attached-word	attached	0.3192	approved	0				AuxiliaryVerb of 'gewandt', by the parse of UDPipe's German-HDT model (Straka and Straková, ÚFAL, CC BY-NC-SA 4.0)
26:4	2	sollen		2	שִׁחֲת֞וּ		attached-word	attached	0.4435	approved	0				AuxiliaryVerb of 'verderben', by the parse of UDPipe's German-HDT model (Straka and Straková, ÚFAL, CC BY-NC-SA 4.0)
26:5	13	habe		10	דִבַּ֔רְתִּי		attached-word	attached	0.5938	approved	0				AuxiliaryVerb of 'geredet', by the parse of UDPipe's German-HDT model (Straka and Straková, ÚFAL, CC BY-NC-SA 4.0)
26:6	13	werden		10	תֵּהָרַ֑גְנָה		attached-word	attached	0.6565	approved	0				AuxiliaryVerb of 'erwürgt', by the parse of UDPipe's German-HDT model (Straka and Straková, ÚFAL, CC BY-NC-SA 4.0)
26:6	15	sollen		12	יָדְע֖וּ		attached-word	attached	0.6565	approved	0				AuxiliaryVerb of 'erfahren', by the parse of UDPipe's German-HDT model (Straka and Straková, ÚFAL, CC BY-NC-SA 4.0)
26:8	2	soll		8	יַהֲרֹ֑ג		attached-word	attached	0.6743	approved	0				AuxiliaryVerb of 'erwürgen', by the parse of UDPipe's German-HDT model (Straka and Straková, ÚFAL, CC BY-NC-SA 4.0)
26:8	17	wird		18	הֵקִ֥ים		attached-word	attached	0.3625	approved	0				AuxiliaryVerb of 'aufschlagen', by the parse of UDPipe's German-HDT model (Straka and Straková, ÚFAL, CC BY-NC-SA 4.0)
26:8	18	er		18	הֵקִ֥ים		attached-word	attached	0.3625	approved	0				SubjectPronoun of 'aufschlagen', by the parse of UDPipe's German-HDT model (Straka and Straková, ÚFAL, CC BY-NC-SA 4.0)
26:10	8	wird		4	יְכַסֵּ֣ךְ		attached-word	attached	0.64	approved	0				AuxiliaryVerb of 'bedecken', by the parse of UDPipe's German-HDT model (Straka and Straková, ÚFAL, CC BY-NC-SA 4.0)
26:10	26	er		16	בֹאֹו֙		attached-word	attached	0.7	approved	0				SubjectPronoun of 'einziehen', by the parse of UDPipe's German-HDT model (Straka and Straková, ÚFAL, CC BY-NC-SA 4.0)
26:10	31	wird		16	בֹאֹו֙		attached-word	attached	0.7	approved	0				AuxiliaryVerb of 'einziehen', by the parse of UDPipe's German-HDT model (Straka and Straková, ÚFAL, CC BY-NC-SA 4.0)
26:11	1	Er		4	יִרְמֹ֖ס		attached-word	attached	0.3143	approved	0				SubjectPronoun of 'zertreten', by the parse of UDPipe's German-HDT model (Straka and Straková, ÚFAL, CC BY-NC-SA 4.0)
26:11	2	wird		4	יִרְמֹ֖ס		attached-word	attached	0.3143	approved	0				AuxiliaryVerb of 'zertreten', by the parse of UDPipe's German-HDT model (Straka and Straková, ÚFAL, CC BY-NC-SA 4.0)
26:11	14	wird		12	יַהֲרֹ֔ג		attached-word	attached	0.6743	approved	0				AuxiliaryVerb of 'erwürgen', by the parse of UDPipe's German-HDT model (Straka and Straková, ÚFAL, CC BY-NC-SA 4.0)
26:11	15	er		12	יַהֲרֹ֔ג		attached-word	attached	0.6743	approved	0				SubjectPronoun of 'erwürgen', by the parse of UDPipe's German-HDT model (Straka and Straková, ÚFAL, CC BY-NC-SA 4.0)
26:12	1	Sie		2	שָׁלְל֣וּ		attached-word	attached	0.2737	approved	0				SubjectPronoun of 'rauben', by the parse of UDPipe's German-HDT model (Straka and Straková, ÚFAL, CC BY-NC-SA 4.0)
26:12	2	werden		2	שָׁלְל֣וּ		attached-word	attached	0.2737	approved	0				AuxiliaryVerb of 'rauben', by the parse of UDPipe's German-HDT model (Straka and Straková, ÚFAL, CC BY-NC-SA 4.0)
26:13	20	soll		9	יִשָּׁמַ֖ע		attached-word	attached	0.6604	approved	0				AuxiliaryVerb of 'hören', by the parse of UDPipe's German-HDT model (Straka and Straková, ÚFAL, CC BY-NC-SA 4.0)
26:14	22	wirst		10	תִבָּנֶ֖ה		attached-word	attached	0.625	approved	0				AuxiliaryVerb of 'gebaut', by the parse of UDPipe's German-HDT model (Straka and Straková, ÚFAL, CC BY-NC-SA 4.0)
26:15	12	werden		20	יִרְעֲשׁ֖וּ		attached-word	attached	0.475	approved	0				AuxiliaryVerb of 'erbeben', by the parse of UDPipe's German-HDT model (Straka and Straková, ÚFAL, CC BY-NC-SA 4.0)
26:20	12	sind		4	יֹ֨ורְדֵי		attached-word	attached	0.4	approved	0				AuxiliaryVerb of 'gefahren', by the parse of UDPipe's German-HDT model (Straka and Straková, ÚFAL, CC BY-NC-SA 4.0)
26:20	36	sind		19	יֹ֣ורְדֵי		attached-word	attached	0.4	approved	0				AuxiliaryVerb of 'gefahren', by the parse of UDPipe's German-HDT model (Straka and Straková, ÚFAL, CC BY-NC-SA 4.0)
26:21	5	ich		2	אֶתְּנֵ֖ךְ		attached-word	attached	0.2913	approved	0				SubjectPronoun of 'machen', by the parse of UDPipe's German-HDT model (Straka and Straková, ÚFAL, CC BY-NC-SA 4.0)
27:26	12	wird		11	שְׁבָרֵ֖ךְ		attached-word	attached	0.5337	approved	0				AuxiliaryVerb of 'zerbrechen', by the parse of UDPipe's German-HDT model (Straka and Straková, ÚFAL, CC BY-NC-SA 4.0)
27:27	38	werden		8	מַחֲזִיקֵ֣י		attached-word	attached	0.4923	approved	0				AuxiliaryVerb of 'bessern', by the parse of UDPipe's German-HDT model (Straka and Straková, ÚFAL, CC BY-NC-SA 4.0)
27:28	6	werden		5	יִרְעֲשׁ֖וּ		attached-word	attached	0.475	approved	0				AuxiliaryVerb of 'erbeben', by the parse of UDPipe's German-HDT model (Straka and Straková, ÚFAL, CC BY-NC-SA 4.0)
27:29	13	werden		16	יַעֲמֹֽדוּ		attached-word	attached	0.3	approved	0				AuxiliaryVerb of 'treten', by the parse of UDPipe's German-HDT model (Straka and Straková, ÚFAL, CC BY-NC-SA 4.0)
28:10	1	Du		3	תָּמ֖וּת		attached-word	attached	0.6889	approved	0				SubjectPronoun of 'sterben', by the parse of UDPipe's German-HDT model (Straka and Straková, ÚFAL, CC BY-NC-SA 4.0)
28:10	2	sollst		3	תָּמ֖וּת		attached-word	attached	0.6889	approved	0				AuxiliaryVerb of 'sterben', by the parse of UDPipe's German-HDT model (Straka and Straková, ÚFAL, CC BY-NC-SA 4.0)
28:10	14	habe		9	דִבַּ֔רְתִּי		attached-word	attached	0.5938	approved	0				AuxiliaryVerb of 'geredet', by the parse of UDPipe's German-HDT model (Straka and Straková, ÚFAL, CC BY-NC-SA 4.0)
28:13	26	du		31	הִבָּרַאֲךָ֖		attached-word	attached	0.6182	approved	0				SubjectPronoun of 'geschaffen', by the parse of UDPipe's German-HDT model (Straka and Straková, ÚFAL, CC BY-NC-SA 4.0)
28:14	14	habe		7	נְתַתִּ֗יךָ		attached-word	attached	0.3878	approved	0				AuxiliaryVerb of 'gesetzt', by the parse of UDPipe's German-HDT model (Straka and Straková, ÚFAL, CC BY-NC-SA 4.0)
28:15	21	hat		9	נִמְצָ֥א		attached-word	attached	0.6795	approved	0				AuxiliaryVerb of 'gefunden', by the parse of UDPipe's German-HDT model (Straka and Straková, ÚFAL, CC BY-NC-SA 4.0)
28:16	13	hast		8	תֶּחֱטָ֑א		attached-word	attached	0.5875	approved	0				AuxiliaryVerb of 'versündigt', by the parse of UDPipe's German-HDT model (Straka and Straková, ÚFAL, CC BY-NC-SA 4.0)
28:16	18	ich		10	אֶחַלֶּלְךָ֩		attached-word	attached	0.7	approved	0				SubjectPronoun of 'entheiligen', by the parse of UDPipe's German-HDT model (Straka and Straková, ÚFAL, CC BY-NC-SA 4.0)
28:18	25	soll		15	אֲכָלַ֔תְךָ		attached-word	attached	0.6743	approved	0				AuxiliaryVerb of 'verzehren', by the parse of UDPipe's German-HDT model (Straka and Straková, ÚFAL, CC BY-NC-SA 4.0)
28:18	40	soll		26	רֹאֶֽיךָ		attached-word	attached	0.5312	approved	0				AuxiliaryVerb of 'zusehen', by the parse of UDPipe's German-HDT model (Straka and Straková, ÚFAL, CC BY-NC-SA 4.0)
28:19	8	werden		6	שָׁמְמ֖וּ		attached-word	attached	0.46	approved	0				AuxiliaryVerb of 'entsetzen', by the parse of UDPipe's German-HDT model (Straka and Straková, ÚFAL, CC BY-NC-SA 4.0)
28:21	1	Du		3	שִׂ֥ים		attached-word	attached	0.3268	approved	0				SubjectPronoun of 'richte', by the parse of UDPipe's German-HDT model (Straka and Straková, ÚFAL, CC BY-NC-SA 4.0)
28:22	23	soll		15	יָדְע֞וּ		attached-word	attached	0.6555	approved	0				AuxiliaryVerb of 'erfahren', by the parse of UDPipe's German-HDT model (Straka and Straková, ÚFAL, CC BY-NC-SA 4.0)
28:23	29	sollen		20	יָדְע֖וּ		attached-word	attached	0.6555	approved	0				AuxiliaryVerb of 'erfahren', by the parse of UDPipe's German-HDT model (Straka and Straková, ÚFAL, CC BY-NC-SA 4.0)
28:24	26	sie		20	יָ֣דְע֔וּ		attached-word	attached	0.6555	approved	0				SubjectPronoun of 'erfahren', by the parse of UDPipe's German-HDT model (Straka and Straková, ÚFAL, CC BY-NC-SA 4.0)
28:25	7	ich		6	קַבְּצִ֣י		attached-word	attached	0.3932	approved	0				SubjectPronoun of 'versammeln', by the parse of UDPipe's German-HDT model (Straka and Straková, ÚFAL, CC BY-NC-SA 4.0)
28:25	13	werde		6	קַבְּצִ֣י		attached-word	attached	0.3932	approved	0				AuxiliaryVerb of 'versammeln', by the parse of UDPipe's German-HDT model (Straka and Straková, ÚFAL, CC BY-NC-SA 4.0)
28:25	18	sie		14	נָפֹ֣צוּ		attached-word	attached	0.4557	approved	0				SubjectPronoun of 'zerstreut', by the parse of UDPipe's German-HDT model (Straka and Straková, ÚFAL, CC BY-NC-SA 4.0)
28:25	20	sind		14	נָפֹ֣צוּ		attached-word	attached	0.4557	approved	0				AuxiliaryVerb of 'zerstreut', by the parse of UDPipe's German-HDT model (Straka and Straková, ÚFAL, CC BY-NC-SA 4.0)
28:25	42	ich		28	נָתַ֖תִּי		attached-word	attached	0.6446	approved	0				SubjectPronoun of 'gegeben', by the parse of UDPipe's German-HDT model (Straka and Straková, ÚFAL, CC BY-NC-SA 4.0)
28:25	47	habe		28	נָתַ֖תִּי		attached-word	attached	0.6446	approved	0				AuxiliaryVerb of 'gegeben', by the parse of UDPipe's German-HDT model (Straka and Straková, ÚFAL, CC BY-NC-SA 4.0)
28:26	2	sollen		2	יָשְׁב֣וּ		attached-word	attached	0.5556	approved	0				AuxiliaryVerb of 'wohnen', by the parse of UDPipe's German-HDT model (Straka and Straková, ÚFAL, CC BY-NC-SA 4.0)
28:26	14	sollen		13	יָשְׁב֖וּ		attached-word	attached	0.5556	approved	0				AuxiliaryVerb of 'wohnen', by the parse of UDPipe's German-HDT model (Straka and Straková, ÚFAL, CC BY-NC-SA 4.0)
28:26	15	sie		13	יָשְׁב֖וּ		attached-word	attached	0.5556	approved	0				SubjectPronoun of 'wohnen', by the parse of UDPipe's German-HDT model (Straka and Straková, ÚFAL, CC BY-NC-SA 4.0)
28:26	31	sollen		27	יָ֣דְע֔וּ		attached-word	attached	0.6555	approved	0				AuxiliaryVerb of 'erfahren', by the parse of UDPipe's German-HDT model (Straka and Straková, ÚFAL, CC BY-NC-SA 4.0)
29:2	1	Du		3	שִׂ֣ים		attached-word	attached	0.3268	approved	0				SubjectPronoun of 'richte', by the parse of UDPipe's German-HDT model (Straka and Straková, ÚFAL, CC BY-NC-SA 4.0)
29:3	36	habe		28	עֲשִׂיתִֽנִי		attached-word	attached	0.3871	approved	0				AuxiliaryVerb of 'gemacht', by the parse of UDPipe's German-HDT model (Straka and Straková, ÚFAL, CC BY-NC-SA 4.0)
29:5	1	Ich		2	נְטַשְׁתִּ֣יךָ		attached-word	attached	0.3143	approved	0				SubjectPronoun of 'wegwerfen', by the parse of UDPipe's German-HDT model (Straka and Straková, ÚFAL, CC BY-NC-SA 4.0)
29:5	14	du		15	תִּפֹּ֔ול		attached-word	attached	0.5076	approved	0				SubjectPronoun of 'fallen', by the parse of UDPipe's German-HDT model (Straka and Straková, ÚFAL, CC BY-NC-SA 4.0)
29:5	15	wirst		15	תִּפֹּ֔ול		attached-word	attached	0.5076	approved	0				AuxiliaryVerb of 'fallen', by the parse of UDPipe's German-HDT model (Straka and Straková, ÚFAL, CC BY-NC-SA 4.0)
29:6	7	sollen		2	יָֽדְעוּ֙		attached-word	attached	0.655	approved	0				AuxiliaryVerb of 'erfahren', by the parse of UDPipe's German-HDT model (Straka and Straková, ÚFAL, CC BY-NC-SA 4.0)
29:7	2	sie		2	תָפְשָׂ֨ם		attached-word	attached	0.275	approved	0				SubjectPronoun of 'faßten', by the parse of UDPipe's German-HDT model (Straka and Straková, ÚFAL, CC BY-NC-SA 4.0)
29:9	10	sie		10	יָדְע֖וּ		attached-word	attached	0.655	approved	0				SubjectPronoun of 'erfahren', by the parse of UDPipe's German-HDT model (Straka and Straková, ÚFAL, CC BY-NC-SA 4.0)
29:9	11	sollen		10	יָדְע֖וּ		attached-word	attached	0.655	approved	0				AuxiliaryVerb of 'erfahren', by the parse of UDPipe's German-HDT model (Straka and Straková, ÚFAL, CC BY-NC-SA 4.0)
29:12	37	ich		29	זֵרִיתִ֖ים		attached-word	attached	0.4	approved	0				SubjectPronoun of 'verjagen', by the parse of UDPipe's German-HDT model (Straka and Straková, ÚFAL, CC BY-NC-SA 4.0)
29:13	15	ich		10	אֲקַבֵּ֣ץ		attached-word	attached	0.4404	approved	0				SubjectPronoun of 'sammeln', by the parse of UDPipe's German-HDT model (Straka and Straková, ÚFAL, CC BY-NC-SA 4.0)
29:15	30	sollen		17	רְדֹ֥ות		attached-word	attached	0.3488	approved	0				AuxiliaryVerb of 'herrschen', by the parse of UDPipe's German-HDT model (Straka and Straková, ÚFAL, CC BY-NC-SA 4.0)
29:16	16	sie		13	פְנֹותָ֖ם		attached-word	attached	0.2846	approved	0				SubjectPronoun of 'hängen', by the parse of UDPipe's German-HDT model (Straka and Straková, ÚFAL, CC BY-NC-SA 4.0)
29:16	22	sie		16	יָ֣דְע֔וּ		attached-word	attached	0.655	approved	0				SubjectPronoun of 'erfahren', by the parse of UDPipe's German-HDT model (Straka and Straková, ÚFAL, CC BY-NC-SA 4.0)
29:16	23	sollen		16	יָ֣דְע֔וּ		attached-word	attached	0.655	approved	0				AuxiliaryVerb of 'erfahren', by the parse of UDPipe's German-HDT model (Straka and Straková, ÚFAL, CC BY-NC-SA 4.0)
29:19	28	soll		22	בָזַ֣ז		attached-word	attached	0.4187	approved	0				AuxiliaryVerb of 'plündern', by the parse of UDPipe's German-HDT model (Straka and Straková, ÚFAL, CC BY-NC-SA 4.0)
29:20	9	hat		11	עָ֣שׂוּ		attached-word	attached	0.5611	approved	0				AuxiliaryVerb of 'getan', by the parse of UDPipe's German-HDT model (Straka and Straková, ÚFAL, CC BY-NC-SA 4.0)
29:20	11	ich		5	נָתַ֥תִּי		attached-word	attached	0.6259	approved	0				SubjectPronoun of 'geben', by the parse of UDPipe's German-HDT model (Straka and Straková, ÚFAL, CC BY-NC-SA 4.0)
29:20	19	haben		3	עָ֣בַד		attached-word	attached	0.6438	approved	0				AuxiliaryVerb of 'gedient', by the parse of UDPipe's German-HDT model (Straka and Straková, ÚFAL, CC BY-NC-SA 4.0)
29:21	21	sie		19	יָדְע֖וּ		attached-word	attached	0.655	approved	0				SubjectPronoun of 'erfahren', by the parse of UDPipe's German-HDT model (Straka and Straková, ÚFAL, CC BY-NC-SA 4.0)
30:4	4	soll		2	בָאָ֥ה		attached-word	attached	0.5289	approved	0				AuxiliaryVerb of 'kommen', by the parse of UDPipe's German-HDT model (Straka and Straková, ÚFAL, CC BY-NC-SA 4.0)
30:4	18	werden		12	נְפֹ֥ל		attached-word	attached	0.5062	approved	0				AuxiliaryVerb of 'fallen', by the parse of UDPipe's German-HDT model (Straka and Straková, ÚFAL, CC BY-NC-SA 4.0)
30:5	19	sollen		21	יִפֹּֽלוּ		attached-word	attached	0.5062	approved	0				AuxiliaryVerb of 'fallen', by the parse of UDPipe's German-HDT model (Straka and Straková, ÚFAL, CC BY-NC-SA 4.0)
30:6	23	sie		17	יִפְּלוּ		attached-word	attached	0.5062	approved	0				SubjectPronoun of 'fallen', by the parse of UDPipe's German-HDT model (Straka and Straková, ÚFAL, CC BY-NC-SA 4.0)
30:8	2	sie		2	יָדְע֖וּ		attached-word	attached	0.655	approved	0				SubjectPronoun of 'erfahren', by the parse of UDPipe's German-HDT model (Straka and Straková, ÚFAL, CC BY-NC-SA 4.0)
30:12	28	habe		23	דִּבַּֽרְתִּי		attached-word	attached	0.5938	approved	0				AuxiliaryVerb of 'geredet', by the parse of UDPipe's German-HDT model (Straka and Straková, ÚFAL, CC BY-NC-SA 4.0)
30:14	1	Ich		11	עָשִׂ֥יתִי		attached-word	attached	0.4361	approved	0				SubjectPronoun of 'machen', by the parse of UDPipe's German-HDT model (Straka and Straková, ÚFAL, CC BY-NC-SA 4.0)
30:17	8	sollen		8	יִפֹּ֑לוּ		attached-word	attached	0.5062	approved	0				AuxiliaryVerb of 'fallen', by the parse of UDPipe's German-HDT model (Straka and Straková, ÚFAL, CC BY-NC-SA 4.0)
30:18	8	ich		8	שִׁבְרִי		attached-word	attached	0.53	approved	0				SubjectPronoun of 'zerbrechen', by the parse of UDPipe's German-HDT model (Straka and Straková, ÚFAL, CC BY-NC-SA 4.0)
30:18	14	werde		8	שִׁבְרִי		attached-word	attached	0.53	approved	0				AuxiliaryVerb of 'zerbrechen', by the parse of UDPipe's German-HDT model (Straka and Straková, ÚFAL, CC BY-NC-SA 4.0)
30:18	25	wird		20	יְכַסֶּ֔נָּה		attached-word	attached	0.65	approved	0				AuxiliaryVerb of 'bedeckt', by the parse of UDPipe's German-HDT model (Straka and Straková, ÚFAL, CC BY-NC-SA 4.0)
30:18	29	werden		20	יְכַסֶּ֔נָּה		attached-word	attached	0.65	approved	0				AuxiliaryVerb of 'bedeckt', by the parse of UDPipe's German-HDT model (Straka and Straková, ÚFAL, CC BY-NC-SA 4.0)
30:19	11	sie		7	יָדְע֖וּ		attached-word	attached	0.655	approved	0				SubjectPronoun of 'erfahren', by the parse of UDPipe's German-HDT model (Straka and Straková, ÚFAL, CC BY-NC-SA 4.0)
30:21	3	ich		8	שָׁבָ֑רְתִּי		attached-word	attached	0.475	approved	0				SubjectPronoun of 'zerbrochen', by the parse of UDPipe's German-HDT model (Straka and Straková, ÚFAL, CC BY-NC-SA 4.0)
30:21	4	habe		8	שָׁבָ֑רְתִּי		attached-word	attached	0.475	approved	0				AuxiliaryVerb of 'zerbrochen', by the parse of UDPipe's German-HDT model (Straka and Straková, ÚFAL, CC BY-NC-SA 4.0)
30:21	19	werden		12	חֻ֠בְּשָׁה		attached-word	attached	0.475	approved	0				AuxiliaryVerb of 'verbunden', by the parse of UDPipe's German-HDT model (Straka and Straková, ÚFAL, CC BY-NC-SA 4.0)
30:23	2	ich		2	הֲפִצֹותִ֥י		attached-word	attached	0.4545	approved	0				SubjectPronoun of 'zerstreuen', by the parse of UDPipe's German-HDT model (Straka and Straková, ÚFAL, CC BY-NC-SA 4.0)
30:24	9	ich		2	חִזַּקְתִּ֗י		attached-word	attached	0.2875	approved	0				SubjectPronoun of 'stärken', by the parse of UDPipe's German-HDT model (Straka and Straková, ÚFAL, CC BY-NC-SA 4.0)
30:25	18	sie		12	יָדְע֞וּ		attached-word	attached	0.655	approved	0				SubjectPronoun of 'erfahren', by the parse of UDPipe's German-HDT model (Straka and Straková, ÚFAL, CC BY-NC-SA 4.0)
30:26	15	sie		15	יָדְע֖וּ		attached-word	attached	0.655	approved	0				SubjectPronoun of 'erfahren', by the parse of UDPipe's German-HDT model (Straka and Straková, ÚFAL, CC BY-NC-SA 4.0)
31:2	1	Du		3	אֱמֹ֛ר		attached-word	attached	0.4963	approved	0				SubjectPronoun of 'sage', by the parse of UDPipe's German-HDT model (Straka and Straková, ÚFAL, CC BY-NC-SA 4.0)
31:11	3	ich		2	אֶ֨תְּנֵ֔הוּ		attached-word	attached	0.6177	approved	0				SubjectPronoun of 'gab', by the parse of UDPipe's German-HDT model (Straka and Straková, ÚFAL, CC BY-NC-SA 4.0)
31:12	5	sollten		2	יִּכְרְתֻ֧הוּ		attached-word	attached	0.6062	approved	0				AuxiliaryVerb of 'ausrotten', by the parse of UDPipe's German-HDT model (Straka and Straková, ÚFAL, CC BY-NC-SA 4.0)
31:14	41	werden		29	נִתְּנ֨וּ		attached-word	attached	0.55	approved	0				AuxiliaryVerb of 'übergeben', by the parse of UDPipe's German-HDT model (Straka and Straková, ÚFAL, CC BY-NC-SA 4.0)
31:16	23	sind		11	יֹ֣ורְדֵי		attached-word	attached	0.4	approved	0				AuxiliaryVerb of 'gefahren', by the parse of UDPipe's German-HDT model (Straka and Straková, ÚFAL, CC BY-NC-SA 4.0)
31:17	24	hatten		11	יָשְׁב֥וּ		attached-word	attached	0.6438	approved	0				AuxiliaryVerb of 'gewohnt', by the parse of UDPipe's German-HDT model (Straka and Straková, ÚFAL, CC BY-NC-SA 4.0)
32:7	27	soll		18	יָאִ֥יר		attached-word	attached	0.4	approved	0				AuxiliaryVerb of 'scheinen', by the parse of UDPipe's German-HDT model (Straka and Straková, ÚFAL, CC BY-NC-SA 4.0)
32:9	21	du		16	יְדַעְתָּֽם		attached-word	attached	0.7	approved	0				SubjectPronoun of 'kennst', by the parse of UDPipe's German-HDT model (Straka and Straková, ÚFAL, CC BY-NC-SA 4.0)
32:10	3	sollen		2	הֲשִׁמֹּותִ֨י		attached-word	attached	0.46	approved	0				AuxiliaryVerb of 'entsetzen', by the parse of UDPipe's German-HDT model (Straka and Straková, ÚFAL, CC BY-NC-SA 4.0)
32:11	13	soll		9	תְּבֹואֶֽךָ		attached-word	attached	0.2875	approved	0				AuxiliaryVerb of 'treffen', by the parse of UDPipe's German-HDT model (Straka and Straková, ÚFAL, CC BY-NC-SA 4.0)
32:12	28	werde		15	נִשְׁמַ֖ד		attached-word	attached	0.4517	approved	0				AuxiliaryVerb of 'vertilgt', by the parse of UDPipe's German-HDT model (Straka and Straková, ÚFAL, CC BY-NC-SA 4.0)
32:13	2	ich		2	הַֽאֲבַדְתִּי֙		attached-word	attached	0.55	approved	0				SubjectPronoun of 'umbringen', by the parse of UDPipe's German-HDT model (Straka and Straková, ÚFAL, CC BY-NC-SA 4.0)
32:15	12	ist		2	תִתִּי֩		attached-word	attached	0.2863	approved	0				AuxiliaryVerb of 'gemacht', by the parse of UDPipe's German-HDT model (Straka and Straková, ÚFAL, CC BY-NC-SA 4.0)
32:15	21	habe		13	הַכֹּותִ֖י		attached-word	attached	0.385	approved	0				AuxiliaryVerb of 'erschlagen', by the parse of UDPipe's German-HDT model (Straka and Straková, ÚFAL, CC BY-NC-SA 4.0)
32:15	23	sie		19	יָדְע֖וּ		attached-word	attached	0.6565	approved	0				SubjectPronoun of 'erfahren', by the parse of UDPipe's German-HDT model (Straka and Straková, ÚFAL, CC BY-NC-SA 4.0)
32:18	1	Du		8	הֹורִדֵ֑הוּ		attached-word	attached	0.6895	approved	0				SubjectPronoun of 'hinab', by the parse of UDPipe's German-HDT model (Straka and Straková, ÚFAL, CC BY-NC-SA 4.0)
32:20	1	Sie		5	יִפֹּ֑לוּ		attached-word	attached	0.5076	approved	0				SubjectPronoun of 'fallen', by the parse of UDPipe's German-HDT model (Straka and Straková, ÚFAL, CC BY-NC-SA 4.0)
32:22	17	sind		11	נֹּפְלִ֖ים		attached-word	attached	0.4341	approved	0				AuxiliaryVerb of 'gefallen', by the parse of UDPipe's German-HDT model (Straka and Straková, ÚFAL, CC BY-NC-SA 4.0)
32:27	17	sind		6	נֹפְלִ֖ים		attached-word	attached	0.4341	approved	0				AuxiliaryVerb of 'gefallen', by the parse of UDPipe's German-HDT model (Straka and Straková, ÚFAL, CC BY-NC-SA 4.0)
32:28	10	werden		6	תִּשָּׁבַ֥ר		attached-word	attached	0.3063	approved	0				AuxiliaryVerb of 'zerschmettert', by the parse of UDPipe's German-HDT model (Straka and Straková, ÚFAL, CC BY-NC-SA 4.0)
32:29	26	sind		20	יֹ֥רְדֵי		attached-word	attached	0.34	approved	0				AuxiliaryVerb of 'gefahren', by the parse of UDPipe's German-HDT model (Straka and Straková, ÚFAL, CC BY-NC-SA 4.0)
32:31	2	wird		2	יִרְאֶ֣ה		attached-word	attached	0.6432	approved	0				AuxiliaryVerb of 'sehen', by the parse of UDPipe's German-HDT model (Straka and Straková, ÚFAL, CC BY-NC-SA 4.0)
33:2	13	ich		12	אָבִ֥יא		attached-word	attached	0.3116	approved	0				SubjectPronoun of 'führen', by the parse of UDPipe's German-HDT model (Straka and Straková, ÚFAL, CC BY-NC-SA 4.0)
33:2	20	würde		12	אָבִ֥יא		attached-word	attached	0.3116	approved	0				AuxiliaryVerb of 'führen', by the parse of UDPipe's German-HDT model (Straka and Straková, ÚFAL, CC BY-NC-SA 4.0)
33:3	2	er		2	רָאָ֥ה		attached-word	attached	0.6438	approved	0				SubjectPronoun of 'sähe', by the parse of UDPipe's German-HDT model (Straka and Straková, ÚFAL, CC BY-NC-SA 4.0)
33:6	27	würden		31	נִלְקָ֔ח		attached-word	attached	0.2846	approved	0				AuxiliaryVerb of 'weggenommen', by the parse of UDPipe's German-HDT model (Straka and Straková, ÚFAL, CC BY-NC-SA 4.0)
33:6	38	ich		38	אֶדְרֹֽשׁ		attached-word	attached	0.37	approved	0				SubjectPronoun of 'fordern', by the parse of UDPipe's German-HDT model (Straka and Straková, ÚFAL, CC BY-NC-SA 4.0)
33:7	5	ich		6	נְתַתִּ֖יךָ		attached-word	attached	0.3878	approved	0				SubjectPronoun of 'gesetzt', by the parse of UDPipe's German-HDT model (Straka and Straková, ÚFAL, CC BY-NC-SA 4.0)
33:7	6	habe		6	נְתַתִּ֖יךָ		attached-word	attached	0.3878	approved	0				AuxiliaryVerb of 'gesetzt', by the parse of UDPipe's German-HDT model (Straka and Straková, ÚFAL, CC BY-NC-SA 4.0)
33:8	2	ich		2	אָמְרִ֣י		attached-word	attached	0.4966	approved	0				SubjectPronoun of 'sage', by the parse of UDPipe's German-HDT model (Straka and Straková, ÚFAL, CC BY-NC-SA 4.0)
33:8	30	wird		21	יָמ֔וּת		attached-word	attached	0.6886	approved	0				AuxiliaryVerb of 'sterben', by the parse of UDPipe's German-HDT model (Straka and Straková, ÚFAL, CC BY-NC-SA 4.0)
33:8	44	ich		26	אֲבַקֵּֽשׁ		attached-word	attached	0.4	approved	0				SubjectPronoun of 'fordern', by the parse of UDPipe's German-HDT model (Straka and Straková, ÚFAL, CC BY-NC-SA 4.0)
33:9	24	wird		19	יָמ֔וּת		attached-word	attached	0.6886	approved	0				AuxiliaryVerb of 'sterben', by the parse of UDPipe's German-HDT model (Straka and Straková, ÚFAL, CC BY-NC-SA 4.0)
33:11	44	ihr		31	תָמ֖וּתוּ		attached-word	attached	0.6886	approved	0				SubjectPronoun of 'sterben', by the parse of UDPipe's German-HDT model (Straka and Straková, ÚFAL, CC BY-NC-SA 4.0)
33:12	47	er		38	חֲטֹאתֹֽו		attached-word	attached	0.6719	approved	0				SubjectPronoun of 'sündigt', by the parse of UDPipe's German-HDT model (Straka and Straková, ÚFAL, CC BY-NC-SA 4.0)
33:13	3	ich		2	אָמְרִ֤י		attached-word	attached	0.6625	approved	0				SubjectPronoun of 'spreche', by the parse of UDPipe's German-HDT model (Straka and Straková, ÚFAL, CC BY-NC-SA 4.0)
33:13	28	werden		19	תִזָּכַ֔רְנָה		attached-word	attached	0.5594	approved	0				AuxiliaryVerb of 'gedacht', by the parse of UDPipe's German-HDT model (Straka and Straková, ÚFAL, CC BY-NC-SA 4.0)
33:14	3	ich		3	אָמְרִ֥י		attached-word	attached	0.6625	approved	0				SubjectPronoun of 'spreche', by the parse of UDPipe's German-HDT model (Straka and Straková, ÚFAL, CC BY-NC-SA 4.0)
33:14	8	soll		8	תָּמ֑וּת		attached-word	attached	0.6886	approved	0				AuxiliaryVerb of 'sterben', by the parse of UDPipe's German-HDT model (Straka and Straková, ÚFAL, CC BY-NC-SA 4.0)
33:14	11	er		10	שָׁב֙		attached-word	attached	0.6775	approved	0				SubjectPronoun of 'bekehrt', by the parse of UDPipe's German-HDT model (Straka and Straková, ÚFAL, CC BY-NC-SA 4.0)
33:16	12	werden		6	תִזָּכַ֖רְנָה		attached-word	attached	0.5594	approved	0				AuxiliaryVerb of 'gedacht', by the parse of UDPipe's German-HDT model (Straka and Straková, ÚFAL, CC BY-NC-SA 4.0)
33:16	14	er		11	עָשָׂ֖ה		attached-word	attached	0.5734	approved	0				SubjectPronoun of 'tut', by the parse of UDPipe's German-HDT model (Straka and Straková, ÚFAL, CC BY-NC-SA 4.0)
33:18	15	er		10	מֵ֖ת		attached-word	attached	0.6289	approved	0				SubjectPronoun of 'stirbt', by the parse of UDPipe's German-HDT model (Straka and Straková, ÚFAL, CC BY-NC-SA 4.0)
33:19	19	soll		14	יִֽחְיֶֽה		attached-word	attached	0.3421	approved	0				AuxiliaryVerb of 'leben', by the parse of UDPipe's German-HDT model (Straka and Straková, ÚFAL, CC BY-NC-SA 4.0)
33:20	10	ich		10	אֶשְׁפֹּ֥וט		attached-word	attached	0.3817	approved	0				SubjectPronoun of 'richte', by the parse of UDPipe's German-HDT model (Straka and Straková, ÚFAL, CC BY-NC-SA 4.0)
33:21	27	ist		25	הֻכְּתָ֥ה		attached-word	attached	0.52	approved	0				AuxiliaryVerb of 'geschlagen', by the parse of UDPipe's German-HDT model (Straka and Straková, ÚFAL, CC BY-NC-SA 4.0)
33:22	36	ich		29	נֶאֱלַ֖מְתִּי		attached-word	attached	0.3029	approved	0				SubjectPronoun of 'schweigen', by the parse of UDPipe's German-HDT model (Straka and Straková, ÚFAL, CC BY-NC-SA 4.0)
33:25	10	Ihr		11	תֹּאכֵ֛לוּ		attached-word	attached	0.6885	approved	0				SubjectPronoun of 'gegessen', by the parse of UDPipe's German-HDT model (Straka and Straková, ÚFAL, CC BY-NC-SA 4.0)
33:25	11	habt		11	תֹּאכֵ֛לוּ		attached-word	attached	0.6885	approved	0				AuxiliaryVerb of 'gegessen', by the parse of UDPipe's German-HDT model (Straka and Straková, ÚFAL, CC BY-NC-SA 4.0)
33:27	14	sollen		29	נְתַתִּ֖יו		attached-word	attached	0.6261	approved	0				AuxiliaryVerb of 'geben', by the parse of UDPipe's German-HDT model (Straka and Straková, ÚFAL, CC BY-NC-SA 4.0)
33:27	45	sollen		44	יָמֽוּתוּ		attached-word	attached	0.6886	approved	0				AuxiliaryVerb of 'sterben', by the parse of UDPipe's German-HDT model (Straka and Straková, ÚFAL, CC BY-NC-SA 4.0)
33:29	2	sie		2	יָדְע֖וּ		attached-word	attached	0.656	approved	0				SubjectPronoun of 'erfahren', by the parse of UDPipe's German-HDT model (Straka and Straková, ÚFAL, CC BY-NC-SA 4.0)
33:29	3	sollen		2	יָדְע֖וּ		attached-word	attached	0.656	approved	0				AuxiliaryVerb of 'erfahren', by the parse of UDPipe's German-HDT model (Straka and Straková, ÚFAL, CC BY-NC-SA 4.0)
33:29	23	sie		18	עָשֽׂוּ		attached-word	attached	0.4429	approved	0				SubjectPronoun of 'üben', by the parse of UDPipe's German-HDT model (Straka and Straková, ÚFAL, CC BY-NC-SA 4.0)
33:31	18	werden		13	שָֽׁמְעוּ֙		attached-word	attached	0.6597	approved	0				AuxiliaryVerb of 'hören', by the parse of UDPipe's German-HDT model (Straka and Straková, ÚFAL, CC BY-NC-SA 4.0)
33:32	23	werden		13	שָֽׁמְעוּ֙		attached-word	attached	0.6597	approved	0				AuxiliaryVerb of 'hören', by the parse of UDPipe's German-HDT model (Straka and Straková, ÚFAL, CC BY-NC-SA 4.0)
33:32	24	sie		13	שָֽׁמְעוּ֙		attached-word	attached	0.6597	approved	0				SubjectPronoun of 'hören', by the parse of UDPipe's German-HDT model (Straka and Straková, ÚFAL, CC BY-NC-SA 4.0)
33:33	7	soll		5	בָאָ֔ה		attached-word	attached	0.528	approved	0				AuxiliaryVerb of 'kommen', by the parse of UDPipe's German-HDT model (Straka and Straková, ÚFAL, CC BY-NC-SA 4.0)
33:33	10	werden		7	יָ֣דְע֔וּ		attached-word	attached	0.656	approved	0				AuxiliaryVerb of 'erfahren', by the parse of UDPipe's German-HDT model (Straka and Straková, ÚFAL, CC BY-NC-SA 4.0)
33:33	11	sie		7	יָ֣דְע֔וּ		attached-word	attached	0.656	approved	0				SubjectPronoun of 'erfahren', by the parse of UDPipe's German-HDT model (Straka and Straková, ÚFAL, CC BY-NC-SA 4.0)
34:2	1	Du		3	הִנָּבֵ֖א		attached-word	attached	0.671	approved	0				SubjectPronoun of 'weissage', by the parse of UDPipe's German-HDT model (Straka and Straková, ÚFAL, CC BY-NC-SA 4.0)
34:2	26	Sollen		31	רֹעִֽים		attached-word	attached	0.6318	approved	0				AuxiliaryVerb of 'weiden', by the parse of UDPipe's German-HDT model (Straka and Straková, ÚFAL, CC BY-NC-SA 4.0)
34:3	2	ihr		4	תֹּאכֵ֨לוּ֙		attached-word	attached	0.5875	approved	0				SubjectPronoun of 'fresset', by the parse of UDPipe's German-HDT model (Straka and Straková, ÚFAL, CC BY-NC-SA 4.0)
34:5	4	sind		2	תְּפוּצֶ֖ינָה		attached-word	attached	0.4242	approved	0				AuxiliaryVerb of 'zerstreut', by the parse of UDPipe's German-HDT model (Straka and Straková, ÚFAL, CC BY-NC-SA 4.0)
34:6	16	sind		18	נָפֹ֣צוּ		attached-word	attached	0.4242	approved	0				AuxiliaryVerb of 'zerstreut', by the parse of UDPipe's German-HDT model (Straka and Straková, ÚFAL, CC BY-NC-SA 4.0)
34:8	50	sie		41	רָעֽוּ		attached-word	attached	0.6318	approved	0				SubjectPronoun of 'weiden', by the parse of UDPipe's German-HDT model (Straka and Straková, ÚFAL, CC BY-NC-SA 4.0)
34:10	7	ich		10	דָרַשְׁתִּ֧י		attached-word	attached	0.3625	approved	0				SubjectPronoun of 'fordern', by the parse of UDPipe's German-HDT model (Straka and Straková, ÚFAL, CC BY-NC-SA 4.0)
34:10	35	sollen		25	רֹעִ֖ים		attached-word	attached	0.6318	approved	0				AuxiliaryVerb of 'weiden', by the parse of UDPipe's German-HDT model (Straka and Straková, ÚFAL, CC BY-NC-SA 4.0)
34:10	41	Ich		28	הִצַּלְתִּ֤י		attached-word	attached	0.5843	approved	0				SubjectPronoun of 'erretten', by the parse of UDPipe's German-HDT model (Straka and Straková, ÚFAL, CC BY-NC-SA 4.0)
34:12	28	sie		24	נָפֹ֣צוּ		attached-word	attached	0.4242	approved	0				SubjectPronoun of 'zerstreut', by the parse of UDPipe's German-HDT model (Straka and Straková, ÚFAL, CC BY-NC-SA 4.0)
34:12	30	waren		24	נָפֹ֣צוּ		attached-word	attached	0.4242	approved	0				AuxiliaryVerb of 'zerstreut', by the parse of UDPipe's German-HDT model (Straka and Straková, ÚFAL, CC BY-NC-SA 4.0)
34:13	1	Ich		2	הֹוצֵאתִ֣ים		attached-word	attached	0.45	approved	0				SubjectPronoun of 'ausführen', by the parse of UDPipe's German-HDT model (Straka and Straková, ÚFAL, CC BY-NC-SA 4.0)
34:14	22	sie		14	תִּרְבַּ֨צְנָה֙		attached-word	attached	0.2781	approved	0				SubjectPronoun of 'liegen', by the parse of UDPipe's German-HDT model (Straka and Straková, ÚFAL, CC BY-NC-SA 4.0)
34:16	1	Ich		4	אֲבַקֵּשׁ֙		attached-word	attached	0.51	approved	0				SubjectPronoun of 'suchen', by the parse of UDPipe's German-HDT model (Straka and Straková, ÚFAL, CC BY-NC-SA 4.0)
34:16	26	ich		28	אַשְׁמִ֖יד		attached-word	attached	0.55	approved	0				SubjectPronoun of 'vertilgen', by the parse of UDPipe's German-HDT model (Straka and Straková, ÚFAL, CC BY-NC-SA 4.0)
34:22	2	ich		2	הֹושַׁעְתִּ֣י		attached-word	attached	0.4611	approved	0				SubjectPronoun of 'helfen', by the parse of UDPipe's German-HDT model (Straka and Straková, ÚFAL, CC BY-NC-SA 4.0)
34:23	2	ich		2	הֲקִמֹתִ֨י		attached-word	attached	0.5105	approved	0				SubjectPronoun of 'erwecken', by the parse of UDPipe's German-HDT model (Straka and Straková, ÚFAL, CC BY-NC-SA 4.0)
34:23	12	soll		7	רָעָ֣ה		attached-word	attached	0.6318	approved	0				AuxiliaryVerb of 'weiden', by the parse of UDPipe's German-HDT model (Straka and Straková, ÚFAL, CC BY-NC-SA 4.0)
34:23	18	wird		13	יִרְעֶ֣ה		attached-word	attached	0.6318	approved	0				AuxiliaryVerb of 'weiden', by the parse of UDPipe's German-HDT model (Straka and Straková, ÚFAL, CC BY-NC-SA 4.0)
34:25	20	sie		14	יָשְׁב֤וּ		attached-word	attached	0.5562	approved	0				SubjectPronoun of 'wohnen', by the parse of UDPipe's German-HDT model (Straka and Straková, ÚFAL, CC BY-NC-SA 4.0)
34:25	31	sollen		14	יָשְׁב֤וּ		attached-word	attached	0.5562	approved	0				AuxiliaryVerb of 'wohnen', by the parse of UDPipe's German-HDT model (Straka and Straková, ÚFAL, CC BY-NC-SA 4.0)
34:27	16	wird		11	תִּתֵּ֣ן		attached-word	attached	0.6261	approved	0				AuxiliaryVerb of 'geben', by the parse of UDPipe's German-HDT model (Straka and Straková, ÚFAL, CC BY-NC-SA 4.0)
34:27	26	sollen		20	יָדְע֞וּ		attached-word	attached	0.656	approved	0				AuxiliaryVerb of 'erfahren', by the parse of UDPipe's German-HDT model (Straka and Straková, ÚFAL, CC BY-NC-SA 4.0)
34:27	41	habe		25	שִׁבְרִי֙		attached-word	attached	0.475	approved	0				AuxiliaryVerb of 'zerbrochen', by the parse of UDPipe's German-HDT model (Straka and Straková, ÚFAL, CC BY-NC-SA 4.0)
34:28	16	soll		14	תֹאכְלֵ֑ם		attached-word	attached	0.6149	approved	0				AuxiliaryVerb of 'fressen', by the parse of UDPipe's German-HDT model (Straka and Straková, ÚFAL, CC BY-NC-SA 4.0)
34:28	17	sie		14	תֹאכְלֵ֑ם		attached-word	attached	0.6149	approved	0				SubjectPronoun of 'fressen', by the parse of UDPipe's German-HDT model (Straka and Straková, ÚFAL, CC BY-NC-SA 4.0)
34:30	3	sollen		2	יָדְע֗וּ		attached-word	attached	0.656	approved	0				AuxiliaryVerb of 'erfahren', by the parse of UDPipe's German-HDT model (Straka and Straková, ÚFAL, CC BY-NC-SA 4.0)
35:2	1	Du		3	שִׂ֥ים		attached-word	attached	0.3268	approved	0				SubjectPronoun of 'richte', by the parse of UDPipe's German-HDT model (Straka and Straková, ÚFAL, CC BY-NC-SA 4.0)
35:8	18	sollen		14	יִפְּל֥וּ		attached-word	attached	0.55	approved	0				AuxiliaryVerb of 'daliegen', by the parse of UDPipe's German-HDT model (Straka and Straková, ÚFAL, CC BY-NC-SA 4.0)
35:9	16	soll		7	תישׁבנה		attached-word	attached	0.5576	approved	0				AuxiliaryVerb of 'wohnen', by the parse of UDPipe's German-HDT model (Straka and Straková, ÚFAL, CC BY-NC-SA 4.0)
35:9	19	sollt		9	ידַעְתֶּ֖ם		attached-word	attached	0.655	approved	0				AuxiliaryVerb of 'erfahren', by the parse of UDPipe's German-HDT model (Straka and Straková, ÚFAL, CC BY-NC-SA 4.0)
35:12	2	du		2	יָדַעְתָּ֮		attached-word	attached	0.655	approved	0				SubjectPronoun of 'erfahren', by the parse of UDPipe's German-HDT model (Straka and Straková, ÚFAL, CC BY-NC-SA 4.0)
35:12	3	sollst		2	יָדַעְתָּ֮		attached-word	attached	0.655	approved	0				AuxiliaryVerb of 'erfahren', by the parse of UDPipe's German-HDT model (Straka and Straková, ÚFAL, CC BY-NC-SA 4.0)
35:12	13	habe		6	שָׁמַ֣עְתִּי		attached-word	attached	0.6486	approved	0				AuxiliaryVerb of 'gehört', by the parse of UDPipe's German-HDT model (Straka and Straková, ÚFAL, CC BY-NC-SA 4.0)
35:12	15	du		11	אָמַ֛רְתָּ		attached-word	attached	0.3157	approved	0				SubjectPronoun of 'geredet', by the parse of UDPipe's German-HDT model (Straka and Straková, ÚFAL, CC BY-NC-SA 4.0)
35:12	17	hast		11	אָמַ֛רְתָּ		attached-word	attached	0.3157	approved	0				AuxiliaryVerb of 'geredet', by the parse of UDPipe's German-HDT model (Straka and Straková, ÚFAL, CC BY-NC-SA 4.0)
35:13	14	habe		11	שָׁמָֽעְתִּי		attached-word	attached	0.6486	approved	0				AuxiliaryVerb of 'gehört', by the parse of UDPipe's German-HDT model (Straka and Straková, ÚFAL, CC BY-NC-SA 4.0)
35:14	7	Ich		11	אֶעֱשֶׂה		attached-word	attached	0.4366	approved	0				SubjectPronoun of 'machen', by the parse of UDPipe's German-HDT model (Straka and Straková, ÚFAL, CC BY-NC-SA 4.0)
35:14	18	soll		6	שְׂמֹ֨חַ֙		attached-word	attached	0.48	approved	0				AuxiliaryVerb of 'freuen', by the parse of UDPipe's German-HDT model (Straka and Straková, ÚFAL, CC BY-NC-SA 4.0)
35:15	36	sie		22	יָדְע֖וּ		attached-word	attached	0.655	approved	0				SubjectPronoun of 'erfahren', by the parse of UDPipe's German-HDT model (Straka and Straková, ÚFAL, CC BY-NC-SA 4.0)
35:15	37	sollen		22	יָדְע֖וּ		attached-word	attached	0.655	approved	0				AuxiliaryVerb of 'erfahren', by the parse of UDPipe's German-HDT model (Straka and Straková, ÚFAL, CC BY-NC-SA 4.0)
36:6	25	ich		32	דִּבַּ֔רְתִּי		attached-word	attached	0.5926	approved	0				SubjectPronoun of 'geredet', by the parse of UDPipe's German-HDT model (Straka and Straková, ÚFAL, CC BY-NC-SA 4.0)
36:6	26	habe		32	דִּבַּ֔רְתִּי		attached-word	attached	0.5926	approved	0				AuxiliaryVerb of 'geredet', by the parse of UDPipe's German-HDT model (Straka and Straková, ÚFAL, CC BY-NC-SA 4.0)
36:7	21	sollen		20	יִשָּֽׂאוּ		attached-word	attached	0.555	approved	0				AuxiliaryVerb of 'tragen', by the parse of UDPipe's German-HDT model (Straka and Straková, ÚFAL, CC BY-NC-SA 4.0)
36:11	14	sie		8	רָב֣וּ		attached-word	attached	0.6571	approved	0				SubjectPronoun of 'mehren', by the parse of UDPipe's German-HDT model (Straka and Straková, ÚFAL, CC BY-NC-SA 4.0)
36:12	10	werden		9	ירֵשׁ֔וּךָ		attached-word	attached	0.5224	approved	0				AuxiliaryVerb of 'besitzen', by the parse of UDPipe's German-HDT model (Straka and Straková, ÚFAL, CC BY-NC-SA 4.0)
36:13	13	hast		8	אֹכֶ֥לֶת		attached-word	attached	0.6625	approved	0				AuxiliaryVerb of 'gefressen', by the parse of UDPipe's German-HDT model (Straka and Straková, ÚFAL, CC BY-NC-SA 4.0)
36:14	3	du		4	תֹ֣אכְלִי		attached-word	attached	0.61	approved	0				SubjectPronoun of 'fressen', by the parse of UDPipe's German-HDT model (Straka and Straková, ÚFAL, CC BY-NC-SA 4.0)
36:15	2	ich		3	אַשְׁמִ֨יעַ		attached-word	attached	0.6602	approved	0				SubjectPronoun of 'hören', by the parse of UDPipe's German-HDT model (Straka and Straková, ÚFAL, CC BY-NC-SA 4.0)
36:18	3	ich		2	אֶשְׁפֹּ֤ךְ		attached-word	attached	0.4	approved	0				SubjectPronoun of 'schüttete', by the parse of UDPipe's German-HDT model (Straka and Straková, ÚFAL, CC BY-NC-SA 4.0)
36:18	14	sie		9	שָׁפְכ֣וּ		attached-word	attached	0.655	approved	0				SubjectPronoun of 'vergossen', by the parse of UDPipe's German-HDT model (Straka and Straková, ÚFAL, CC BY-NC-SA 4.0)
36:18	20	sie		16	טִמְּאֽוּהָ		attached-word	attached	0.5667	approved	0				SubjectPronoun of 'verunreinigt', by the parse of UDPipe's German-HDT model (Straka and Straková, ÚFAL, CC BY-NC-SA 4.0)
36:18	23	hatten		16	טִמְּאֽוּהָ		attached-word	attached	0.5667	approved	0				AuxiliaryVerb of 'verunreinigt', by the parse of UDPipe's German-HDT model (Straka and Straková, ÚFAL, CC BY-NC-SA 4.0)
36:19	2	ich		2	אָפִ֤יץ		attached-word	attached	0.4545	approved	0				SubjectPronoun of 'zerstreute', by the parse of UDPipe's German-HDT model (Straka and Straková, ÚFAL, CC BY-NC-SA 4.0)
36:21	2	ich		2	אֶחְמֹ֖ל		attached-word	attached	0.4	approved	0				SubjectPronoun of 'schonte', by the parse of UDPipe's German-HDT model (Straka and Straková, ÚFAL, CC BY-NC-SA 4.0)
36:21	16	sie		14	בָּ֥אוּ		attached-word	attached	0.6381	approved	0				SubjectPronoun of 'kamen', by the parse of UDPipe's German-HDT model (Straka and Straková, ÚFAL, CC BY-NC-SA 4.0)
36:22	2	sollst		2	אֱמֹ֣ר		attached-word	attached	0.6385	approved	0				AuxiliaryVerb of 'sagen', by the parse of UDPipe's German-HDT model (Straka and Straková, ÚFAL, CC BY-NC-SA 4.0)
36:22	3	du		2	אֱמֹ֣ר		attached-word	attached	0.6385	approved	0				SubjectPronoun of 'sagen', by the parse of UDPipe's German-HDT model (Straka and Straková, ÚFAL, CC BY-NC-SA 4.0)
36:22	40	seid		27	בָּ֥אתֶם		attached-word	attached	0.5953	approved	0				AuxiliaryVerb of 'gekommen', by the parse of UDPipe's German-HDT model (Straka and Straková, ÚFAL, CC BY-NC-SA 4.0)
36:23	12	ist		8	מְחֻלָּל֙		attached-word	attached	0.6654	approved	0				AuxiliaryVerb of 'entheiligt', by the parse of UDPipe's German-HDT model (Straka and Straková, ÚFAL, CC BY-NC-SA 4.0)
36:23	14	ihr		13	חִלַּלְתֶּ֖ם		attached-word	attached	0.6654	approved	0				SubjectPronoun of 'entheiligt', by the parse of UDPipe's German-HDT model (Straka and Straková, ÚFAL, CC BY-NC-SA 4.0)
36:23	18	habt		13	חִלַּלְתֶּ֖ם		attached-word	attached	0.6654	approved	0				AuxiliaryVerb of 'entheiligt', by the parse of UDPipe's German-HDT model (Straka and Straková, ÚFAL, CC BY-NC-SA 4.0)
36:23	24	sollen		17	יָדְע֨וּ		attached-word	attached	0.655	approved	0				AuxiliaryVerb of 'erfahren', by the parse of UDPipe's German-HDT model (Straka and Straková, ÚFAL, CC BY-NC-SA 4.0)
36:24	2	ich		2	לָקַחְתִּ֤י		attached-word	attached	0.4833	approved	0				SubjectPronoun of 'holen', by the parse of UDPipe's German-HDT model (Straka and Straková, ÚFAL, CC BY-NC-SA 4.0)
36:25	22	ich		15	אֲטַהֵ֥ר		attached-word	attached	0.7	approved	0				SubjectPronoun of 'reinigen', by the parse of UDPipe's German-HDT model (Straka and Straková, ÚFAL, CC BY-NC-SA 4.0)
36:26	2	ich		9	אֶתֵּ֣ן		attached-word	attached	0.625	approved	0				SubjectPronoun of 'geben', by the parse of UDPipe's German-HDT model (Straka and Straková, ÚFAL, CC BY-NC-SA 4.0)
36:27	1	ich		4	אֶתֵּ֣ן		attached-word	attached	0.625	approved	0				SubjectPronoun of 'geben', by the parse of UDPipe's German-HDT model (Straka and Straková, ÚFAL, CC BY-NC-SA 4.0)
36:28	12	habe		7	נָתַ֖תִּי		attached-word	attached	0.6446	approved	0				AuxiliaryVerb of 'gegeben', by the parse of UDPipe's German-HDT model (Straka and Straková, ÚFAL, CC BY-NC-SA 4.0)
36:30	1	Ich		2	הִרְבֵּיתִי֙		attached-word	attached	0.6571	approved	0				SubjectPronoun of 'mehren', by the parse of UDPipe's German-HDT model (Straka and Straková, ÚFAL, CC BY-NC-SA 4.0)
36:31	2	werdet		2	זְכַרְתֶּם֙		attached-word	attached	0.5691	approved	0				AuxiliaryVerb of 'gedenken', by the parse of UDPipe's German-HDT model (Straka and Straková, ÚFAL, CC BY-NC-SA 4.0)
36:31	18	wird		13	נְקֹֽטֹתֶם֙		attached-word	attached	0.3143	approved	0				AuxiliaryVerb of 'gereuen', by the parse of UDPipe's German-HDT model (Straka and Straková, ÚFAL, CC BY-NC-SA 4.0)
36:33	10	ich		7	טַהֲרִ֣י		attached-word	attached	0.7	approved	0				SubjectPronoun of 'reinigen', by the parse of UDPipe's German-HDT model (Straka and Straková, ÚFAL, CC BY-NC-SA 4.0)
36:33	13	werde		7	טַהֲרִ֣י		attached-word	attached	0.7	approved	0				AuxiliaryVerb of 'reinigen', by the parse of UDPipe's German-HDT model (Straka and Straková, ÚFAL, CC BY-NC-SA 4.0)
36:33	31	werden		18	נִבְנ֖וּ		attached-word	attached	0.6591	approved	0				AuxiliaryVerb of 'gebaut', by the parse of UDPipe's German-HDT model (Straka and Straková, ÚFAL, CC BY-NC-SA 4.0)
36:36	9	werden		6	יִֽשָּׁאֲרוּ֮		attached-word	attached	0.445	approved	0				AuxiliaryVerb of 'übrigbleiben', by the parse of UDPipe's German-HDT model (Straka and Straková, ÚFAL, CC BY-NC-SA 4.0)
36:36	10	sollen		2	יָדְע֣וּ		attached-word	attached	0.655	approved	0				AuxiliaryVerb of 'erfahren', by the parse of UDPipe's German-HDT model (Straka and Straková, ÚFAL, CC BY-NC-SA 4.0)
36:38	22	sollen		19	יָדְע֖וּ		attached-word	attached	0.655	approved	0				AuxiliaryVerb of 'erfahren', by the parse of UDPipe's German-HDT model (Straka and Straková, ÚFAL, CC BY-NC-SA 4.0)
37:2	2	er		2	הֶעֱבִירַ֥נִי		attached-word	attached	0.275	approved	0				SubjectPronoun of 'führte', by the parse of UDPipe's German-HDT model (Straka and Straková, ÚFAL, CC BY-NC-SA 4.0)
37:3	2	er		2	יֹּ֣אמֶר		attached-word	attached	0.6899	approved	0				SubjectPronoun of 'sprach', by the parse of UDPipe's German-HDT model (Straka and Straková, ÚFAL, CC BY-NC-SA 4.0)
37:3	18	ich		13	אֹמַ֕ר		attached-word	attached	0.6899	approved	0				SubjectPronoun of 'sprach', by the parse of UDPipe's German-HDT model (Straka and Straková, ÚFAL, CC BY-NC-SA 4.0)
37:4	2	er		2	יֹּ֣אמֶר		attached-word	attached	0.6899	approved	0				SubjectPronoun of 'sprach', by the parse of UDPipe's German-HDT model (Straka and Straková, ÚFAL, CC BY-NC-SA 4.0)
37:6	29	sollt		20	ידַעְתֶּ֖ם		attached-word	attached	0.655	approved	0				AuxiliaryVerb of 'erfahren', by the parse of UDPipe's German-HDT model (Straka and Straková, ÚFAL, CC BY-NC-SA 4.0)
37:7	2	ich		2	נִבֵּ֖אתִי		attached-word	attached	0.5875	approved	0				SubjectPronoun of 'weissagte', by the parse of UDPipe's German-HDT model (Straka and Straková, ÚFAL, CC BY-NC-SA 4.0)
37:7	14	ich		10	הִנָּֽבְאִי֙		attached-word	attached	0.5875	approved	0				SubjectPronoun of 'weissagte', by the parse of UDPipe's German-HDT model (Straka and Straková, ÚFAL, CC BY-NC-SA 4.0)
37:8	2	ich		2	רָאִ֜יתִי		attached-word	attached	0.6516	approved	0				SubjectPronoun of 'sah', by the parse of UDPipe's German-HDT model (Straka and Straková, ÚFAL, CC BY-NC-SA 4.0)
37:9	2	er		2	יֹּ֣אמֶר		attached-word	attached	0.6899	approved	0				SubjectPronoun of 'sprach', by the parse of UDPipe's German-HDT model (Straka and Straková, ÚFAL, CC BY-NC-SA 4.0)
37:10	2	ich		2	הִנַּבֵּ֖אתִי		attached-word	attached	0.5875	approved	0				SubjectPronoun of 'weissagte', by the parse of UDPipe's German-HDT model (Straka and Straková, ÚFAL, CC BY-NC-SA 4.0)
37:10	5	er		5	צִוָּ֑נִי		attached-word	attached	0.3478	approved	0				SubjectPronoun of 'befohlen', by the parse of UDPipe's German-HDT model (Straka and Straková, ÚFAL, CC BY-NC-SA 4.0)
37:10	8	hatte		5	צִוָּ֑נִי		attached-word	attached	0.3478	approved	0				AuxiliaryVerb of 'befohlen', by the parse of UDPipe's German-HDT model (Straka and Straková, ÚFAL, CC BY-NC-SA 4.0)
37:11	2	er		2	יֹּאמֶר֮		attached-word	attached	0.6899	approved	0				SubjectPronoun of 'sprach', by the parse of UDPipe's German-HDT model (Straka and Straková, ÚFAL, CC BY-NC-SA 4.0)
37:13	3	sollt		2	ידַעְתֶּ֖ם		attached-word	attached	0.655	approved	0				AuxiliaryVerb of 'erfahren', by the parse of UDPipe's German-HDT model (Straka and Straková, ÚFAL, CC BY-NC-SA 4.0)
37:14	10	ihr		6	חְיִיתֶ֔ם		attached-word	attached	0.3471	approved	0				SubjectPronoun of 'leben', by the parse of UDPipe's German-HDT model (Straka and Straková, ÚFAL, CC BY-NC-SA 4.0)
37:14	13	sollt		6	חְיִיתֶ֔ם		attached-word	attached	0.3471	approved	0				AuxiliaryVerb of 'leben', by the parse of UDPipe's German-HDT model (Straka and Straková, ÚFAL, CC BY-NC-SA 4.0)
37:14	22	sollt		13	ידַעְתֶּ֞ם		attached-word	attached	0.655	approved	0				AuxiliaryVerb of 'erfahren', by the parse of UDPipe's German-HDT model (Straka and Straková, ÚFAL, CC BY-NC-SA 4.0)
37:18	7	wird		4	יֹאמְר֣וּ		attached-word	attached	0.6395	approved	0				AuxiliaryVerb of 'sagen', by the parse of UDPipe's German-HDT model (Straka and Straková, ÚFAL, CC BY-NC-SA 4.0)
37:18	12	du		12	תַגִּ֥יד		attached-word	attached	0.2846	approved	0				SubjectPronoun of 'zeigen', by the parse of UDPipe's German-HDT model (Straka and Straková, ÚFAL, CC BY-NC-SA 4.0)
37:20	7	du		6	תִּכְתֹּ֧ב		attached-word	attached	0.6888	approved	0				SubjectPronoun of 'geschrieben', by the parse of UDPipe's German-HDT model (Straka and Straková, ÚFAL, CC BY-NC-SA 4.0)
37:20	9	hast		6	תִּכְתֹּ֧ב		attached-word	attached	0.6888	approved	0				AuxiliaryVerb of 'geschrieben', by the parse of UDPipe's German-HDT model (Straka and Straková, ÚFAL, CC BY-NC-SA 4.0)
37:21	22	sie		19	הָֽלְכוּ		attached-word	attached	0.3283	approved	0				SubjectPronoun of 'gezogen', by the parse of UDPipe's German-HDT model (Straka and Straková, ÚFAL, CC BY-NC-SA 4.0)
37:21	24	sind		19	הָֽלְכוּ		attached-word	attached	0.3283	approved	0				AuxiliaryVerb of 'gezogen', by the parse of UDPipe's German-HDT model (Straka and Straková, ÚFAL, CC BY-NC-SA 4.0)
37:23	23	sie		21	חָטְא֣וּ		attached-word	attached	0.6735	approved	0				SubjectPronoun of 'gesündigt', by the parse of UDPipe's German-HDT model (Straka and Straková, ÚFAL, CC BY-NC-SA 4.0)
37:23	25	haben		21	חָטְא֣וּ		attached-word	attached	0.6735	approved	0				AuxiliaryVerb of 'gesündigt', by the parse of UDPipe's German-HDT model (Straka and Straková, ÚFAL, CC BY-NC-SA 4.0)
37:24	15	sie		15	יֵלֵ֔כוּ		attached-word	attached	0.6016	approved	0				SubjectPronoun of 'wandeln', by the parse of UDPipe's German-HDT model (Straka and Straková, ÚFAL, CC BY-NC-SA 4.0)
37:24	16	sollen		15	יֵלֵ֔כוּ		attached-word	attached	0.6016	approved	0				AuxiliaryVerb of 'wandeln', by the parse of UDPipe's German-HDT model (Straka and Straková, ÚFAL, CC BY-NC-SA 4.0)
37:25	10	ich		7	נָתַ֨תִּי֙		attached-word	attached	0.6446	approved	0				SubjectPronoun of 'gegeben', by the parse of UDPipe's German-HDT model (Straka and Straková, ÚFAL, CC BY-NC-SA 4.0)
37:25	15	habe		7	נָתַ֨תִּי֙		attached-word	attached	0.6446	approved	0				AuxiliaryVerb of 'gegeben', by the parse of UDPipe's German-HDT model (Straka and Straková, ÚFAL, CC BY-NC-SA 4.0)
37:25	20	haben		13	יָֽשְׁבוּ		attached-word	attached	0.6438	approved	0				AuxiliaryVerb of 'gewohnt', by the parse of UDPipe's German-HDT model (Straka and Straková, ÚFAL, CC BY-NC-SA 4.0)
37:28	5	sollen		2	יָֽדְעוּ֙		attached-word	attached	0.655	approved	0				AuxiliaryVerb of 'erfahren', by the parse of UDPipe's German-HDT model (Straka and Straková, ÚFAL, CC BY-NC-SA 4.0)
38:4	2	ich		2	שֹׁ֣ובַבְתִּ֔יךָ		attached-word	attached	0.3786	approved	0				SubjectPronoun of 'herumlenken', by the parse of UDPipe's German-HDT model (Straka and Straková, ÚFAL, CC BY-NC-SA 4.0)
38:8	5	du		4	תִּפָּקֵד֒		attached-word	attached	0.61	approved	0				SubjectPronoun of 'heimgesucht', by the parse of UDPipe's German-HDT model (Straka and Straková, ÚFAL, CC BY-NC-SA 4.0)
38:8	7	werden		4	תִּפָּקֵד֒		attached-word	attached	0.61	approved	0				AuxiliaryVerb of 'heimgesucht', by the parse of UDPipe's German-HDT model (Straka and Straková, ÚFAL, CC BY-NC-SA 4.0)
38:8	11	wirst		9	תָּבֹ֣וא		attached-word	attached	0.5276	approved	0				AuxiliaryVerb of 'kommen', by the parse of UDPipe's German-HDT model (Straka and Straková, ÚFAL, CC BY-NC-SA 4.0)
38:8	12	du		9	תָּבֹ֣וא		attached-word	attached	0.5276	approved	0				SubjectPronoun of 'kommen', by the parse of UDPipe's German-HDT model (Straka and Straková, ÚFAL, CC BY-NC-SA 4.0)
38:8	26	ist		12	מְשֹׁובֶ֣בֶת		attached-word	attached	0.7	approved	0				AuxiliaryVerb of 'wiedergebracht', by the parse of UDPipe's German-HDT model (Straka and Straková, ÚFAL, CC BY-NC-SA 4.0)
38:8	40	ist		31	הוּצָ֔אָה		attached-word	attached	0.6679	approved	0				AuxiliaryVerb of 'ausgeführt', by the parse of UDPipe's German-HDT model (Straka and Straková, ÚFAL, CC BY-NC-SA 4.0)
38:9	2	wirst		2	עָלִ֨יתָ֙		attached-word	attached	0.7	approved	0				AuxiliaryVerb of 'heraufziehen', by the parse of UDPipe's German-HDT model (Straka and Straková, ÚFAL, CC BY-NC-SA 4.0)
38:13	16	werden		10	יֹאמְר֣וּ		attached-word	attached	0.6386	approved	0				AuxiliaryVerb of 'sagen', by the parse of UDPipe's German-HDT model (Straka and Straková, ÚFAL, CC BY-NC-SA 4.0)
38:14	28	wird		21	שֶׁ֨בֶת		attached-word	attached	0.5556	approved	0				AuxiliaryVerb of 'wohnen', by the parse of UDPipe's German-HDT model (Straka and Straková, ÚFAL, CC BY-NC-SA 4.0)
38:16	2	wirst		2	עָלִ֨יתָ֙		attached-word	attached	0.7	approved	0				AuxiliaryVerb of 'heraufziehen', by the parse of UDPipe's German-HDT model (Straka and Straková, ÚFAL, CC BY-NC-SA 4.0)
38:16	16	wird		17	תִּֽהְיֶ֗ה		attached-word	attached	0.4419	approved	0				AuxiliaryVerb of 'geschehen', by the parse of UDPipe's German-HDT model (Straka and Straková, ÚFAL, CC BY-NC-SA 4.0)
38:16	38	ich		28	הִקָּדְשִׁ֥י		attached-word	attached	0.5312	approved	0				SubjectPronoun of 'geheiligt', by the parse of UDPipe's German-HDT model (Straka and Straková, ÚFAL, CC BY-NC-SA 4.0)
38:16	44	werde		28	הִקָּדְשִׁ֥י		attached-word	attached	0.5312	approved	0				AuxiliaryVerb of 'geheiligt', by the parse of UDPipe's German-HDT model (Straka and Straková, ÚFAL, CC BY-NC-SA 4.0)
38:17	13	habe		2	אָמַ֞ר		attached-word	attached	0.5968	approved	0				AuxiliaryVerb of 'gesagt', by the parse of UDPipe's German-HDT model (Straka and Straková, ÚFAL, CC BY-NC-SA 4.0)
38:18	3	wird		2	הָיָ֣ה		attached-word	attached	0.4419	approved	0				AuxiliaryVerb of 'geschehen', by the parse of UDPipe's German-HDT model (Straka and Straková, ÚFAL, CC BY-NC-SA 4.0)
38:18	11	wird		10	בֹּ֥וא		attached-word	attached	0.5276	approved	0				AuxiliaryVerb of 'kommen', by the parse of UDPipe's German-HDT model (Straka and Straková, ÚFAL, CC BY-NC-SA 4.0)
38:18	20	wird		18	תַּעֲלֶ֥ה		attached-word	attached	0.7	approved	0				AuxiliaryVerb of 'heraufziehen', by the parse of UDPipe's German-HDT model (Straka and Straková, ÚFAL, CC BY-NC-SA 4.0)
38:19	2	ich		7	דִּבַּ֑רְתִּי		attached-word	attached	0.4379	approved	0				SubjectPronoun of 'rede', by the parse of UDPipe's German-HDT model (Straka and Straková, ÚFAL, CC BY-NC-SA 4.0)
38:22	2	ich		2	נִשְׁפַּטְתִּ֥י		attached-word	attached	0.5548	approved	0				SubjectPronoun of 'richten', by the parse of UDPipe's German-HDT model (Straka and Straková, ÚFAL, CC BY-NC-SA 4.0)
38:23	14	sie		12	יָדְע֖וּ		attached-word	attached	0.6569	approved	0				SubjectPronoun of 'erfahren', by the parse of UDPipe's German-HDT model (Straka and Straková, ÚFAL, CC BY-NC-SA 4.0)
38:23	16	sollen		12	יָדְע֖וּ		attached-word	attached	0.6569	approved	0				AuxiliaryVerb of 'erfahren', by the parse of UDPipe's German-HDT model (Straka and Straková, ÚFAL, CC BY-NC-SA 4.0)
39:2	2	ich		2	שֹׁבַבְתִּ֨יךָ֙		attached-word	attached	0.3786	approved	0				SubjectPronoun of 'herumlenken', by the parse of UDPipe's German-HDT model (Straka and Straková, ÚFAL, CC BY-NC-SA 4.0)
39:3	2	ich		2	הִכֵּיתִ֥י		attached-word	attached	0.6087	approved	0				SubjectPronoun of 'schlagen', by the parse of UDPipe's German-HDT model (Straka and Straková, ÚFAL, CC BY-NC-SA 4.0)
39:4	8	werden		4	תִּפֹּ֗ול		attached-word	attached	0.475	approved	0				AuxiliaryVerb of 'niedergelegt', by the parse of UDPipe's German-HDT model (Straka and Straková, ÚFAL, CC BY-NC-SA 4.0)
39:5	1	Du		5	תִּפֹּ֑ול		attached-word	attached	0.4	approved	0				SubjectPronoun of 'darniederliegen', by the parse of UDPipe's German-HDT model (Straka and Straková, ÚFAL, CC BY-NC-SA 4.0)
39:5	2	sollst		5	תִּפֹּ֑ול		attached-word	attached	0.4	approved	0				AuxiliaryVerb of 'darniederliegen', by the parse of UDPipe's German-HDT model (Straka and Straková, ÚFAL, CC BY-NC-SA 4.0)
39:7	24	sollen		18	יָדְע֤וּ		attached-word	attached	0.655	approved	0				AuxiliaryVerb of 'erfahren', by the parse of UDPipe's German-HDT model (Straka and Straková, ÚFAL, CC BY-NC-SA 4.0)
39:8	3	ist		2	בָאָה֙		attached-word	attached	0.5914	approved	0				AuxiliaryVerb of 'gekommen', by the parse of UDPipe's German-HDT model (Straka and Straková, ÚFAL, CC BY-NC-SA 4.0)
39:8	6	ist		4	נִֽהְיָ֔תָה		attached-word	attached	0.4353	approved	0				AuxiliaryVerb of 'geschehen', by the parse of UDPipe's German-HDT model (Straka and Straková, ÚFAL, CC BY-NC-SA 4.0)
39:8	17	ich		12	דִּבַּֽרְתִּי		attached-word	attached	0.595	approved	0				SubjectPronoun of 'geredet', by the parse of UDPipe's German-HDT model (Straka and Straková, ÚFAL, CC BY-NC-SA 4.0)
39:8	19	habe		12	דִּבַּֽרְתִּי		attached-word	attached	0.595	approved	0				AuxiliaryVerb of 'geredet', by the parse of UDPipe's German-HDT model (Straka and Straková, ÚFAL, CC BY-NC-SA 4.0)
39:9	8	werden		2	יָצְא֞וּ		attached-word	attached	0.7	approved	0				AuxiliaryVerb of 'herausgehen', by the parse of UDPipe's German-HDT model (Straka and Straková, ÚFAL, CC BY-NC-SA 4.0)
39:10	2	sie		10	יַחְטְבוּ֙		attached-word	attached	0.325	approved	0				SubjectPronoun of 'hauen', by the parse of UDPipe's German-HDT model (Straka and Straková, ÚFAL, CC BY-NC-SA 4.0)
39:11	9	ich		8	אֶתֵּ֣ן		attached-word	attached	0.6259	approved	0				SubjectPronoun of 'geben', by the parse of UDPipe's German-HDT model (Straka and Straková, ÚFAL, CC BY-NC-SA 4.0)
39:11	45	hat		29	קָ֣בְרוּ		attached-word	attached	0.6526	approved	0				AuxiliaryVerb of 'begraben', by the parse of UDPipe's German-HDT model (Straka and Straková, ÚFAL, CC BY-NC-SA 4.0)
39:12	16	werde		6	טַהֵ֣ר		attached-word	attached	0.475	approved	0				AuxiliaryVerb of 'gereinigt', by the parse of UDPipe's German-HDT model (Straka and Straková, ÚFAL, CC BY-NC-SA 4.0)
39:13	6	wird		2	קָֽבְרוּ֙		attached-word	attached	0.6526	approved	0				AuxiliaryVerb of 'begraben', by the parse of UDPipe's German-HDT model (Straka and Straková, ÚFAL, CC BY-NC-SA 4.0)
39:14	2	sie		4	יַבְדִּ֨ילוּ֙		attached-word	attached	0.4	approved	0				SubjectPronoun of 'aussondern', by the parse of UDPipe's German-HDT model (Straka and Straková, ÚFAL, CC BY-NC-SA 4.0)
39:14	3	werden		4	יַבְדִּ֨ילוּ֙		attached-word	attached	0.4	approved	0				AuxiliaryVerb of 'aussondern', by the parse of UDPipe's German-HDT model (Straka and Straková, ÚFAL, CC BY-NC-SA 4.0)
39:14	26	werde		21	טַֽהֲרָ֑הּ		attached-word	attached	0.475	approved	0				AuxiliaryVerb of 'gereinigt', by the parse of UDPipe's German-HDT model (Straka and Straková, ÚFAL, CC BY-NC-SA 4.0)
39:14	30	werden		26	יַחְקֹֽרוּ		attached-word	attached	0.3625	approved	0				AuxiliaryVerb of 'forschen', by the parse of UDPipe's German-HDT model (Straka and Straková, ÚFAL, CC BY-NC-SA 4.0)
39:14	31	sie		26	יַחְקֹֽרוּ		attached-word	attached	0.3625	approved	0				SubjectPronoun of 'forschen', by the parse of UDPipe's German-HDT model (Straka and Straková, ÚFAL, CC BY-NC-SA 4.0)
39:16	9	werden		7	טִהֲר֥וּ		attached-word	attached	0.7	approved	0				AuxiliaryVerb of 'reinigen', by the parse of UDPipe's German-HDT model (Straka and Straková, ÚFAL, CC BY-NC-SA 4.0)
39:16	10	sie		7	טִהֲר֥וּ		attached-word	attached	0.7	approved	0				SubjectPronoun of 'reinigen', by the parse of UDPipe's German-HDT model (Straka and Straková, ÚFAL, CC BY-NC-SA 4.0)
39:18	4	sollt		3	תֹּאכֵ֔לוּ		attached-word	attached	0.6137	approved	0				AuxiliaryVerb of 'fressen', by the parse of UDPipe's German-HDT model (Straka and Straková, ÚFAL, CC BY-NC-SA 4.0)
39:18	5	ihr		3	תֹּאכֵ֔לוּ		attached-word	attached	0.6137	approved	0				SubjectPronoun of 'fressen', by the parse of UDPipe's German-HDT model (Straka and Straková, ÚFAL, CC BY-NC-SA 4.0)
39:18	13	sollt		9	תִּשְׁתּ֑וּ		attached-word	attached	0.55	approved	0				AuxiliaryVerb of 'saufen', by the parse of UDPipe's German-HDT model (Straka and Straková, ÚFAL, CC BY-NC-SA 4.0)
39:18	14	ihr		9	תִּשְׁתּ֑וּ		attached-word	attached	0.55	approved	0				SubjectPronoun of 'saufen', by the parse of UDPipe's German-HDT model (Straka and Straková, ÚFAL, CC BY-NC-SA 4.0)
39:19	22	ich		14	זָבַ֥חְתִּי		attached-word	attached	0.3625	approved	0				SubjectPronoun of 'schlachte', by the parse of UDPipe's German-HDT model (Straka and Straková, ÚFAL, CC BY-NC-SA 4.0)
39:20	2	euch		2	שְׂבַעְתֶּ֤ם		attached-word	attached	0.7	approved	0				SubjectPronoun of 'Sättigt', by the parse of UDPipe's German-HDT model (Straka and Straková, ÚFAL, CC BY-NC-SA 4.0)
39:21	14	sollen		9	רָא֣וּ		attached-word	attached	0.6429	approved	0				AuxiliaryVerb of 'sehen', by the parse of UDPipe's German-HDT model (Straka and Straková, ÚFAL, CC BY-NC-SA 4.0)
39:23	13	sei		8	גָּל֣וּ		attached-word	attached	0.4828	approved	0				AuxiliaryVerb of 'weggeführt', by the parse of UDPipe's German-HDT model (Straka and Straková, ÚFAL, CC BY-NC-SA 4.0)
39:23	16	sie		13	מָֽעֲלוּ		attached-word	attached	0.3294	approved	0				SubjectPronoun of 'versündigt', by the parse of UDPipe's German-HDT model (Straka and Straková, ÚFAL, CC BY-NC-SA 4.0)
39:23	21	hatten		13	מָֽעֲלוּ		attached-word	attached	0.3294	approved	0				AuxiliaryVerb of 'versündigt', by the parse of UDPipe's German-HDT model (Straka and Straková, ÚFAL, CC BY-NC-SA 4.0)
39:23	23	habe		16	אַסְתִּ֥ר		attached-word	attached	0.4125	approved	0				AuxiliaryVerb of 'verborgen', by the parse of UDPipe's German-HDT model (Straka and Straková, ÚFAL, CC BY-NC-SA 4.0)
39:23	24	ich		16	אַסְתִּ֥ר		attached-word	attached	0.4125	approved	0				SubjectPronoun of 'verborgen', by the parse of UDPipe's German-HDT model (Straka and Straková, ÚFAL, CC BY-NC-SA 4.0)
39:23	40	sie		25	יִּפְּל֥וּ		attached-word	attached	0.509	approved	0				SubjectPronoun of 'fallen', by the parse of UDPipe's German-HDT model (Straka and Straková, ÚFAL, CC BY-NC-SA 4.0)
39:24	1	Ich		6	עָשִׂ֣יתִי		attached-word	attached	0.5603	approved	0				SubjectPronoun of 'getan', by the parse of UDPipe's German-HDT model (Straka and Straková, ÚFAL, CC BY-NC-SA 4.0)
39:24	2	habe		6	עָשִׂ֣יתִי		attached-word	attached	0.5603	approved	0				AuxiliaryVerb of 'getan', by the parse of UDPipe's German-HDT model (Straka and Straková, ÚFAL, CC BY-NC-SA 4.0)
39:25	9	ich		7	אָשִׁיב֙		attached-word	attached	0.5159	approved	0				SubjectPronoun of 'wenden', by the parse of UDPipe's German-HDT model (Straka and Straková, ÚFAL, CC BY-NC-SA 4.0)
39:26	1	Sie		2	נָשׂוּ֙		attached-word	attached	0.555	approved	0				SubjectPronoun of 'tragen', by the parse of UDPipe's German-HDT model (Straka and Straková, ÚFAL, CC BY-NC-SA 4.0)
39:26	3	werden		2	נָשׂוּ֙		attached-word	attached	0.555	approved	0				AuxiliaryVerb of 'tragen', by the parse of UDPipe's German-HDT model (Straka and Straková, ÚFAL, CC BY-NC-SA 4.0)
39:26	19	sie		13	שִׁבְתָּ֧ם		attached-word	attached	0.5562	approved	0				SubjectPronoun of 'wohnen', by the parse of UDPipe's German-HDT model (Straka and Straková, ÚFAL, CC BY-NC-SA 4.0)
39:27	18	ich		14	נִקְדַּ֣שְׁתִּי		attached-word	attached	0.5312	approved	0				SubjectPronoun of 'geheiligt', by the parse of UDPipe's German-HDT model (Straka and Straková, ÚFAL, CC BY-NC-SA 4.0)
39:27	22	worden		14	נִקְדַּ֣שְׁתִּי		attached-word	attached	0.5312	approved	0				AuxiliaryVerb of 'geheiligt', by the parse of UDPipe's German-HDT model (Straka and Straková, ÚFAL, CC BY-NC-SA 4.0)
39:27	23	bin		14	נִקְדַּ֣שְׁתִּי		attached-word	attached	0.5312	approved	0				AuxiliaryVerb of 'geheiligt', by the parse of UDPipe's German-HDT model (Straka and Straková, ÚFAL, CC BY-NC-SA 4.0)
39:28	2	werden		2	יָדְע֗וּ		attached-word	attached	0.655	approved	0				AuxiliaryVerb of 'erfahren', by the parse of UDPipe's German-HDT model (Straka and Straková, ÚFAL, CC BY-NC-SA 4.0)
39:28	3	sie		2	יָדְע֗וּ		attached-word	attached	0.655	approved	0				SubjectPronoun of 'erfahren', by the parse of UDPipe's German-HDT model (Straka and Straková, ÚFAL, CC BY-NC-SA 4.0)
39:29	2	ich		3	אַסְתִּ֥יר		attached-word	attached	0.4955	approved	0				SubjectPronoun of 'verbergen', by the parse of UDPipe's German-HDT model (Straka and Straková, ÚFAL, CC BY-NC-SA 4.0)
40:1	22	war		24	הֻכְּתָ֖ה		attached-word	attached	0.5227	approved	0				AuxiliaryVerb of 'geschlagen', by the parse of UDPipe's German-HDT model (Straka and Straková, ÚFAL, CC BY-NC-SA 4.0)
40:2	5	er		4	הֱבִיאַ֖נִי		attached-word	attached	0.3431	approved	0				SubjectPronoun of 'führte', by the parse of UDPipe's German-HDT model (Straka and Straková, ÚFAL, CC BY-NC-SA 4.0)
40:5	38	er		27	יָּ֜מָד		attached-word	attached	0.4136	approved	0				SubjectPronoun of 'maß', by the parse of UDPipe's German-HDT model (Straka and Straková, ÚFAL, CC BY-NC-SA 4.0)
40:6	2	er		2	יָּבֹ֗וא		attached-word	attached	0.354	approved	0				SubjectPronoun of 'ging', by the parse of UDPipe's German-HDT model (Straka and Straková, ÚFAL, CC BY-NC-SA 4.0)
40:8	2	er		2	יָּ֜מָד		attached-word	attached	0.4136	approved	0				SubjectPronoun of 'maß', by the parse of UDPipe's German-HDT model (Straka and Straková, ÚFAL, CC BY-NC-SA 4.0)
40:11	3	er		2	יָּ֛מָד		attached-word	attached	0.4136	approved	0				SubjectPronoun of 'maß', by the parse of UDPipe's German-HDT model (Straka and Straková, ÚFAL, CC BY-NC-SA 4.0)
40:13	3	er		2	יָּ֣מָד		attached-word	attached	0.4136	approved	0				SubjectPronoun of 'maß', by the parse of UDPipe's German-HDT model (Straka and Straková, ÚFAL, CC BY-NC-SA 4.0)
40:14	2	er		2	יַּ֥עַשׂ		attached-word	attached	0.503	approved	0				SubjectPronoun of 'machte', by the parse of UDPipe's German-HDT model (Straka and Straková, ÚFAL, CC BY-NC-SA 4.0)
40:17	2	er		2	יְבִיאֵ֗נִי		attached-word	attached	0.3431	approved	0				SubjectPronoun of 'führte', by the parse of UDPipe's German-HDT model (Straka and Straková, ÚFAL, CC BY-NC-SA 4.0)
40:19	2	er		2	יָּ֣מָד		attached-word	attached	0.4136	approved	0				SubjectPronoun of 'maß', by the parse of UDPipe's German-HDT model (Straka and Straková, ÚFAL, CC BY-NC-SA 4.0)
40:20	1	Er		14	מָדַ֥ד		attached-word	attached	0.4136	approved	0				SubjectPronoun of 'maß', by the parse of UDPipe's German-HDT model (Straka and Straková, ÚFAL, CC BY-NC-SA 4.0)
40:24	17	er		13	מָדַ֤ד		attached-word	attached	0.4136	approved	0				SubjectPronoun of 'maß', by the parse of UDPipe's German-HDT model (Straka and Straková, ÚFAL, CC BY-NC-SA 4.0)
40:27	13	er		12	יָּ֨מָד		attached-word	attached	0.4136	approved	0				SubjectPronoun of 'maß', by the parse of UDPipe's German-HDT model (Straka and Straková, ÚFAL, CC BY-NC-SA 4.0)
40:28	2	er		2	יְבִיאֵ֛נִי		attached-word	attached	0.3431	approved	0				SubjectPronoun of 'führte', by the parse of UDPipe's German-HDT model (Straka and Straková, ÚFAL, CC BY-NC-SA 4.0)
40:32	3	er		2	יְבִיאֵ֛נִי		attached-word	attached	0.3431	approved	0				SubjectPronoun of 'führte', by the parse of UDPipe's German-HDT model (Straka and Straková, ÚFAL, CC BY-NC-SA 4.0)
40:35	3	er		2	יְבִיאֵ֖נִי		attached-word	attached	0.3431	approved	0				SubjectPronoun of 'führte', by the parse of UDPipe's German-HDT model (Straka and Straková, ÚFAL, CC BY-NC-SA 4.0)
40:35	11	er		8	מָדַ֖ד		attached-word	attached	0.4136	approved	0				SubjectPronoun of 'maß', by the parse of UDPipe's German-HDT model (Straka and Straková, ÚFAL, CC BY-NC-SA 4.0)
40:39	21	sollte		16	שְׁחֹ֤וט		attached-word	attached	0.5697	approved	0				AuxiliaryVerb of 'schlachten', by the parse of UDPipe's German-HDT model (Straka and Straková, ÚFAL, CC BY-NC-SA 4.0)
40:47	2	er		2	יָּ֨מָד		attached-word	attached	0.4136	approved	0				SubjectPronoun of 'maß', by the parse of UDPipe's German-HDT model (Straka and Straková, ÚFAL, CC BY-NC-SA 4.0)
41:2	23	er		21	יָּ֤מָד		attached-word	attached	0.448	approved	0				SubjectPronoun of 'maß', by the parse of UDPipe's German-HDT model (Straka and Straková, ÚFAL, CC BY-NC-SA 4.0)
41:4	2	er		2	יָּ֨מָד		attached-word	attached	0.448	approved	0				SubjectPronoun of 'maß', by the parse of UDPipe's German-HDT model (Straka and Straková, ÚFAL, CC BY-NC-SA 4.0)
41:5	2	er		2	יָּ֥מָד		attached-word	attached	0.448	approved	0				SubjectPronoun of 'maß', by the parse of UDPipe's German-HDT model (Straka and Straková, ÚFAL, CC BY-NC-SA 4.0)
41:8	2	ich		2	רָאִ֧יתִי		attached-word	attached	0.6516	approved	0				SubjectPronoun of 'sah', by the parse of UDPipe's German-HDT model (Straka and Straková, ÚFAL, CC BY-NC-SA 4.0)
41:13	2	er		2	מָדַ֣ד		attached-word	attached	0.448	approved	0				SubjectPronoun of 'maß', by the parse of UDPipe's German-HDT model (Straka and Straková, ÚFAL, CC BY-NC-SA 4.0)
41:15	2	er		2	מָדַ֣ד		attached-word	attached	0.448	approved	0				SubjectPronoun of 'maß', by the parse of UDPipe's German-HDT model (Straka and Straková, ÚFAL, CC BY-NC-SA 4.0)
41:18	6	waren		2	עָשׂ֥וּי		attached-word	attached	0.3871	approved	0				AuxiliaryVerb of 'gemacht', by the parse of UDPipe's German-HDT model (Straka and Straková, ÚFAL, CC BY-NC-SA 4.0)
42:13	2	er		2	יֹּ֣אמֶר		attached-word	attached	0.6899	approved	0				SubjectPronoun of 'sprach', by the parse of UDPipe's German-HDT model (Straka and Straková, ÚFAL, CC BY-NC-SA 4.0)
42:14	26	haben		21	יְשָׁרְת֥וּ		attached-word	attached	0.2765	approved	0				AuxiliaryVerb of 'gedient', by the parse of UDPipe's German-HDT model (Straka and Straková, ÚFAL, CC BY-NC-SA 4.0)
42:14	36	sollen		27	לבשׁו		attached-word	attached	0.4	approved	0				AuxiliaryVerb of 'anlegen', by the parse of UDPipe's German-HDT model (Straka and Straková, ÚFAL, CC BY-NC-SA 4.0)
42:16	4	er		1	מָדַ֛ד		attached-word	attached	0.4623	approved	0				SubjectPronoun of 'maß', by the parse of UDPipe's German-HDT model (Straka and Straková, ÚFAL, CC BY-NC-SA 4.0)
42:17	5	er		1	מָדַ֖ד		attached-word	attached	0.4623	approved	0				SubjectPronoun of 'maß', by the parse of UDPipe's German-HDT model (Straka and Straková, ÚFAL, CC BY-NC-SA 4.0)
42:20	23	wäre		17	הַבְדִּ֕יל		attached-word	attached	0.475	approved	0				AuxiliaryVerb of 'unterschieden', by the parse of UDPipe's German-HDT model (Straka and Straková, ÚFAL, CC BY-NC-SA 4.0)
43:3	9	ich		12	רָאִ֨יתִי֙		attached-word	attached	0.6512	approved	0				SubjectPronoun of 'sah', by the parse of UDPipe's German-HDT model (Straka and Straková, ÚFAL, CC BY-NC-SA 4.0)
43:3	12	ich		14	בֹאִי֙		attached-word	attached	0.5695	approved	0				SubjectPronoun of 'kam', by the parse of UDPipe's German-HDT model (Straka and Straková, ÚFAL, CC BY-NC-SA 4.0)
43:3	25	ich		26	רָאִ֖יתִי		attached-word	attached	0.6715	approved	0				SubjectPronoun of 'gesehen', by the parse of UDPipe's German-HDT model (Straka and Straková, ÚFAL, CC BY-NC-SA 4.0)
43:3	27	hatte		26	רָאִ֖יתִי		attached-word	attached	0.6715	approved	0				AuxiliaryVerb of 'gesehen', by the parse of UDPipe's German-HDT model (Straka and Straková, ÚFAL, CC BY-NC-SA 4.0)
43:3	33	ich		31	אֶפֹּ֖ל		attached-word	attached	0.5212	approved	0				SubjectPronoun of 'fiel', by the parse of UDPipe's German-HDT model (Straka and Straková, ÚFAL, CC BY-NC-SA 4.0)
43:6	2	ich		2	אֶשְׁמַ֛ע		attached-word	attached	0.6679	approved	0				SubjectPronoun of 'hörte', by the parse of UDPipe's German-HDT model (Straka and Straková, ÚFAL, CC BY-NC-SA 4.0)
43:8	14	haben		2	תִתָּ֨ם		attached-word	attached	0.394	approved	0				AuxiliaryVerb of 'gesetzt', by the parse of UDPipe's German-HDT model (Straka and Straková, ÚFAL, CC BY-NC-SA 4.0)
43:8	35	sie		24	עָשׂ֔וּ		attached-word	attached	0.5348	approved	0				SubjectPronoun of 'taten', by the parse of UDPipe's German-HDT model (Straka and Straková, ÚFAL, CC BY-NC-SA 4.0)
43:8	38	ich		26	אֲכַ֥ל		attached-word	attached	0.565	approved	0				SubjectPronoun of 'verzehrt', by the parse of UDPipe's German-HDT model (Straka and Straková, ÚFAL, CC BY-NC-SA 4.0)
43:8	45	habe		26	אֲכַ֥ל		attached-word	attached	0.565	approved	0				AuxiliaryVerb of 'verzehrt', by the parse of UDPipe's German-HDT model (Straka and Straková, ÚFAL, CC BY-NC-SA 4.0)
43:9	17	ich		10	שָׁכַנְתִּ֥י		attached-word	attached	0.3313	approved	0				SubjectPronoun of 'wohnen', by the parse of UDPipe's German-HDT model (Straka and Straková, ÚFAL, CC BY-NC-SA 4.0)
43:10	12	sie		12	יִכָּלְמ֖וּ		attached-word	attached	0.375	approved	0				SubjectPronoun of 'schämen', by the parse of UDPipe's German-HDT model (Straka and Straková, ÚFAL, CC BY-NC-SA 4.0)
43:11	3	sie		3	נִכְלְמ֞וּ		attached-word	attached	0.375	approved	0				SubjectPronoun of 'schämen', by the parse of UDPipe's German-HDT model (Straka and Straková, ÚFAL, CC BY-NC-SA 4.0)
43:11	47	sie		37	יִשְׁמְר֞וּ		attached-word	attached	0.4381	approved	0				SubjectPronoun of 'halten', by the parse of UDPipe's German-HDT model (Straka and Straková, ÚFAL, CC BY-NC-SA 4.0)
43:18	2	er		2	יֹּ֣אמֶר		attached-word	attached	0.6899	approved	0				SubjectPronoun of 'sprach', by the parse of UDPipe's German-HDT model (Straka and Straková, ÚFAL, CC BY-NC-SA 4.0)
43:19	24	du		2	נָתַתָּ֣ה		attached-word	attached	0.6261	approved	0				SubjectPronoun of 'geben', by the parse of UDPipe's German-HDT model (Straka and Straková, ÚFAL, CC BY-NC-SA 4.0)
43:20	5	sollst		2	לָקַחְתָּ֣		attached-word	attached	0.5758	approved	0				AuxiliaryVerb of 'nehmen', by the parse of UDPipe's German-HDT model (Straka and Straková, ÚFAL, CC BY-NC-SA 4.0)
43:20	6	du		2	לָקַחְתָּ֣		attached-word	attached	0.5758	approved	0				SubjectPronoun of 'nehmen', by the parse of UDPipe's German-HDT model (Straka and Straková, ÚFAL, CC BY-NC-SA 4.0)
43:20	28	sollst		22	חִטֵּאתָ֥		attached-word	attached	0.625	approved	0				AuxiliaryVerb of 'entsündigen', by the parse of UDPipe's German-HDT model (Straka and Straková, ÚFAL, CC BY-NC-SA 4.0)
43:20	29	du		22	חִטֵּאתָ֥		attached-word	attached	0.625	approved	0				SubjectPronoun of 'entsündigen', by the parse of UDPipe's German-HDT model (Straka and Straková, ÚFAL, CC BY-NC-SA 4.0)
43:21	2	sollst		2	לָ֣קַחְתָּ֔		attached-word	attached	0.5758	approved	0				AuxiliaryVerb of 'nehmen', by the parse of UDPipe's German-HDT model (Straka and Straková, ÚFAL, CC BY-NC-SA 4.0)
43:22	5	sollst		7	תַּקְרִ֛יב		attached-word	attached	0.3633	approved	0				AuxiliaryVerb of 'opfern', by the parse of UDPipe's German-HDT model (Straka and Straková, ÚFAL, CC BY-NC-SA 4.0)
43:22	6	du		7	תַּקְרִ֛יב		attached-word	attached	0.3633	approved	0				SubjectPronoun of 'opfern', by the parse of UDPipe's German-HDT model (Straka and Straková, ÚFAL, CC BY-NC-SA 4.0)
43:22	28	ist		20	חִטְּא֖וּ		attached-word	attached	0.55	approved	0				AuxiliaryVerb of 'entsündigt', by the parse of UDPipe's German-HDT model (Straka and Straková, ÚFAL, CC BY-NC-SA 4.0)
43:23	6	ist		2	כַלֹּותְךָ֖		attached-word	attached	0.4187	approved	0				AuxiliaryVerb of 'vollendet', by the parse of UDPipe's German-HDT model (Straka and Straková, ÚFAL, CC BY-NC-SA 4.0)
43:23	8	du		5	תַּקְרִיב֙		attached-word	attached	0.3633	approved	0				SubjectPronoun of 'opfern', by the parse of UDPipe's German-HDT model (Straka and Straková, ÚFAL, CC BY-NC-SA 4.0)
43:24	2	sollst		2	הִקְרַבְתָּ֖ם		attached-word	attached	0.3633	approved	0				AuxiliaryVerb of 'opfern', by the parse of UDPipe's German-HDT model (Straka and Straková, ÚFAL, CC BY-NC-SA 4.0)
43:24	18	sie		13	הֶעֱל֥וּ		attached-word	attached	0.2967	approved	0				SubjectPronoun of 'opfern', by the parse of UDPipe's German-HDT model (Straka and Straková, ÚFAL, CC BY-NC-SA 4.0)
43:25	2	sollst		3	תַּעֲשֶׂ֥ה		attached-word	attached	0.3	approved	0				AuxiliaryVerb of 'opfern', by the parse of UDPipe's German-HDT model (Straka and Straková, ÚFAL, CC BY-NC-SA 4.0)
43:25	3	du		3	תַּעֲשֶׂ֥ה		attached-word	attached	0.3	approved	0				SubjectPronoun of 'opfern', by the parse of UDPipe's German-HDT model (Straka and Straková, ÚFAL, CC BY-NC-SA 4.0)
43:25	14	sie		19	יַעֲשֽׂוּ		attached-word	attached	0.3	approved	0				SubjectPronoun of 'opfern', by the parse of UDPipe's German-HDT model (Straka and Straková, ÚFAL, CC BY-NC-SA 4.0)
43:26	2	sollen		3	יְכַפְּרוּ֙		attached-word	attached	0.6654	approved	0				AuxiliaryVerb of 'versöhnen', by the parse of UDPipe's German-HDT model (Straka and Straková, ÚFAL, CC BY-NC-SA 4.0)
44:2	9	soll		10	יִהְיֶ֜ה		attached-word	attached	0.3	approved	0				AuxiliaryVerb of 'bleiben', by the parse of UDPipe's German-HDT model (Straka and Straková, ÚFAL, CC BY-NC-SA 4.0)
44:2	15	werden		12	יִפָּתֵ֗חַ		attached-word	attached	0.3906	approved	0				AuxiliaryVerb of 'aufgetan', by the parse of UDPipe's German-HDT model (Straka and Straková, ÚFAL, CC BY-NC-SA 4.0)
44:2	30	soll		25	הָיָ֖ה		attached-word	attached	0.3	approved	0				AuxiliaryVerb of 'bleiben', by the parse of UDPipe's German-HDT model (Straka and Straková, ÚFAL, CC BY-NC-SA 4.0)
44:3	22	soll		19	יָבֹ֔וא		attached-word	attached	0.6786	approved	0				AuxiliaryVerb of 'hineingehen', by the parse of UDPipe's German-HDT model (Straka and Straková, ÚFAL, CC BY-NC-SA 4.0)
44:3	23	er		19	יָבֹ֔וא		attached-word	attached	0.6786	approved	0				SubjectPronoun of 'hineingehen', by the parse of UDPipe's German-HDT model (Straka and Straková, ÚFAL, CC BY-NC-SA 4.0)
44:4	3	er		2	יְבִיאֵ֜נִי		attached-word	attached	0.3588	approved	0				SubjectPronoun of 'führte', by the parse of UDPipe's German-HDT model (Straka and Straková, ÚFAL, CC BY-NC-SA 4.0)
44:4	13	ich		12	אֵ֕רֶא		attached-word	attached	0.6516	approved	0				SubjectPronoun of 'sah', by the parse of UDPipe's German-HDT model (Straka and Straková, ÚFAL, CC BY-NC-SA 4.0)
44:4	27	ich		22	אֶפֹּ֖ל		attached-word	attached	0.5212	approved	0				SubjectPronoun of 'fiel', by the parse of UDPipe's German-HDT model (Straka and Straková, ÚFAL, CC BY-NC-SA 4.0)
44:7	2	ihr		2	הֲבִיאֲכֶ֣ם		attached-word	attached	0.3538	approved	0				SubjectPronoun of 'führt', by the parse of UDPipe's German-HDT model (Straka and Straková, ÚFAL, CC BY-NC-SA 4.0)
44:11	2	sollen		5	מְשָׁ֣רְתִ֔ים		attached-word	attached	0.3616	approved	0				AuxiliaryVerb of 'dienen', by the parse of UDPipe's German-HDT model (Straka and Straková, ÚFAL, CC BY-NC-SA 4.0)
44:12	32	sie		25	נָשְׂא֖וּ		attached-word	attached	0.5517	approved	0				SubjectPronoun of 'tragen', by the parse of UDPipe's German-HDT model (Straka and Straková, ÚFAL, CC BY-NC-SA 4.0)
44:13	2	sie		3	יִגְּשׁ֤וּ		attached-word	attached	0.4	approved	0				SubjectPronoun of 'nahen', by the parse of UDPipe's German-HDT model (Straka and Straková, ÚFAL, CC BY-NC-SA 4.0)
44:13	22	sie		19	נָֽשְׂאוּ֙		attached-word	attached	0.5517	approved	0				SubjectPronoun of 'tragen', by the parse of UDPipe's German-HDT model (Straka and Straková, ÚFAL, CC BY-NC-SA 4.0)
44:14	2	habe		2	נָתַתִּ֣י		attached-word	attached	0.2843	approved	0				AuxiliaryVerb of 'gemacht', by the parse of UDPipe's German-HDT model (Straka and Straková, ÚFAL, CC BY-NC-SA 4.0)
44:14	3	ich		2	נָתַתִּ֣י		attached-word	attached	0.2843	approved	0				SubjectPronoun of 'gemacht', by the parse of UDPipe's German-HDT model (Straka and Straková, ÚFAL, CC BY-NC-SA 4.0)
44:14	20	soll		15	יֵעָשֶׂ֖ה		attached-word	attached	0.516	approved	0				AuxiliaryVerb of 'tun', by the parse of UDPipe's German-HDT model (Straka and Straková, ÚFAL, CC BY-NC-SA 4.0)
44:15	16	haben		9	שָׁמְר֜וּ		attached-word	attached	0.4075	approved	0				AuxiliaryVerb of 'gehalten', by the parse of UDPipe's German-HDT model (Straka and Straková, ÚFAL, CC BY-NC-SA 4.0)
44:16	3	sollen		2	יָבֹ֣אוּ		attached-word	attached	0.6786	approved	0				AuxiliaryVerb of 'hineingehen', by the parse of UDPipe's German-HDT model (Straka and Straková, ÚFAL, CC BY-NC-SA 4.0)
44:17	12	sollen		13	יִלְבָּ֑שׁוּ		attached-word	attached	0.6206	approved	0				AuxiliaryVerb of 'anziehen', by the parse of UDPipe's German-HDT model (Straka and Straková, ÚFAL, CC BY-NC-SA 4.0)
44:17	13	sie		13	יִלְבָּ֑שׁוּ		attached-word	attached	0.6206	approved	0				SubjectPronoun of 'anziehen', by the parse of UDPipe's German-HDT model (Straka and Straková, ÚFAL, CC BY-NC-SA 4.0)
44:17	22	sie		20	שָֽׁרְתָ֗ם		attached-word	attached	0.3616	approved	0				SubjectPronoun of 'dienen', by the parse of UDPipe's German-HDT model (Straka and Straková, ÚFAL, CC BY-NC-SA 4.0)
44:19	11	sollen		17	יִפְשְׁט֣וּ		attached-word	attached	0.3087	approved	0				AuxiliaryVerb of 'ausziehen', by the parse of UDPipe's German-HDT model (Straka and Straková, ÚFAL, CC BY-NC-SA 4.0)
44:20	4	sie		4	יְגַלֵּ֔חוּ		attached-word	attached	0.4375	approved	0				SubjectPronoun of 'scheren', by the parse of UDPipe's German-HDT model (Straka and Straková, ÚFAL, CC BY-NC-SA 4.0)
44:20	9	sollen		8	יְשַׁלֵּ֑חוּ		attached-word	attached	0.2862	approved	0				AuxiliaryVerb of 'lassen', by the parse of UDPipe's German-HDT model (Straka and Straková, ÚFAL, CC BY-NC-SA 4.0)
44:21	2	soll		4	יִשְׁתּ֖וּ		attached-word	attached	0.6277	approved	0				AuxiliaryVerb of 'trinken', by the parse of UDPipe's German-HDT model (Straka and Straková, ÚFAL, CC BY-NC-SA 4.0)
44:21	9	sie		8	בֹואָ֖ם		attached-word	attached	0.306	approved	0				SubjectPronoun of 'gehen', by the parse of UDPipe's German-HDT model (Straka and Straková, ÚFAL, CC BY-NC-SA 4.0)
44:21	15	sollen		8	בֹואָ֖ם		attached-word	attached	0.306	approved	0				AuxiliaryVerb of 'gehen', by the parse of UDPipe's German-HDT model (Straka and Straková, ÚFAL, CC BY-NC-SA 4.0)
44:22	2	sollen		6	יִקְח֥וּ		attached-word	attached	0.5743	approved	0				AuxiliaryVerb of 'nehmen', by the parse of UDPipe's German-HDT model (Straka and Straková, ÚFAL, CC BY-NC-SA 4.0)
44:23	2	sie		4	יֹור֔וּ		attached-word	attached	0.407	approved	0				SubjectPronoun of 'lehren', by the parse of UDPipe's German-HDT model (Straka and Straková, ÚFAL, CC BY-NC-SA 4.0)
44:23	3	sollen		4	יֹור֔וּ		attached-word	attached	0.407	approved	0				AuxiliaryVerb of 'lehren', by the parse of UDPipe's German-HDT model (Straka and Straková, ÚFAL, CC BY-NC-SA 4.0)
44:23	8	sie		14	יֹודִעֻֽם		attached-word	attached	0.6187	approved	0				SubjectPronoun of 'wissen', by the parse of UDPipe's German-HDT model (Straka and Straková, ÚFAL, CC BY-NC-SA 4.0)
44:24	8	sollen		5	יַעַמְד֣וּ		attached-word	attached	0.4574	approved	0				AuxiliaryVerb of 'stehen', by the parse of UDPipe's German-HDT model (Straka and Straková, ÚFAL, CC BY-NC-SA 4.0)
44:25	31	sie		32	יִטַּמָּֽאוּ		attached-word	attached	0.6679	approved	0				SubjectPronoun of 'verunreinigen', by the parse of UDPipe's German-HDT model (Straka and Straková, ÚFAL, CC BY-NC-SA 4.0)
44:26	5	soll		6	יִסְפְּרוּ		attached-word	attached	0.475	approved	0				AuxiliaryVerb of 'zählen', by the parse of UDPipe's German-HDT model (Straka and Straková, ÚFAL, CC BY-NC-SA 4.0)
44:27	20	er		18	יַקְרִ֖יב		attached-word	attached	0.3625	approved	0				SubjectPronoun of 'opfern', by the parse of UDPipe's German-HDT model (Straka and Straková, ÚFAL, CC BY-NC-SA 4.0)
44:29	16	soll		17	יִהְיֶֽה		attached-word	attached	0.4	approved	0				AuxiliaryVerb of 'gehören', by the parse of UDPipe's German-HDT model (Straka and Straková, ÚFAL, CC BY-NC-SA 4.0)
44:30	19	sollt		20	תִּתְּנ֣וּ		attached-word	attached	0.6259	approved	0				AuxiliaryVerb of 'geben', by the parse of UDPipe's German-HDT model (Straka and Straková, ÚFAL, CC BY-NC-SA 4.0)
44:31	15	sollen		13	יֹאכְל֖וּ		attached-word	attached	0.6447	approved	0				AuxiliaryVerb of 'essen', by the parse of UDPipe's German-HDT model (Straka and Straková, ÚFAL, CC BY-NC-SA 4.0)
45:1	10	sollt		9	תָּרִימוּ֩		attached-word	attached	0.475	approved	0				AuxiliaryVerb of 'absondern', by the parse of UDPipe's German-HDT model (Straka and Straková, ÚFAL, CC BY-NC-SA 4.0)
45:4	7	soll		12	יִֽהְיֶ֔ה		attached-word	attached	0.475	approved	0				AuxiliaryVerb of 'gehören', by the parse of UDPipe's German-HDT model (Straka and Straková, ÚFAL, CC BY-NC-SA 4.0)
45:6	5	ihr		5	תִּתְּנ֗וּ		attached-word	attached	0.2766	approved	0				SubjectPronoun of 'lassen', by the parse of UDPipe's German-HDT model (Straka and Straková, ÚFAL, CC BY-NC-SA 4.0)
45:13	10	sollt		5	תָּרִ֑ימוּ		attached-word	attached	0.35	approved	0				AuxiliaryVerb of 'heben', by the parse of UDPipe's German-HDT model (Straka and Straková, ÚFAL, CC BY-NC-SA 4.0)
45:18	13	du		13	תִּקַּ֥ח		attached-word	attached	0.5758	approved	0				SubjectPronoun of 'nehmen', by the parse of UDPipe's German-HDT model (Straka and Straková, ÚFAL, CC BY-NC-SA 4.0)
45:19	4	soll		2	לָקַ֨ח		attached-word	attached	0.5758	approved	0				AuxiliaryVerb of 'nehmen', by the parse of UDPipe's German-HDT model (Straka and Straková, ÚFAL, CC BY-NC-SA 4.0)
45:20	3	du		3	תַּֽעֲשֶׂה֙		attached-word	attached	0.5151	approved	0				SubjectPronoun of 'tun', by the parse of UDPipe's German-HDT model (Straka and Straková, ÚFAL, CC BY-NC-SA 4.0)
45:23	7	soll		6	יַעֲשֶׂ֧ה		attached-word	attached	0.5151	approved	0				AuxiliaryVerb of 'tun', by the parse of UDPipe's German-HDT model (Straka and Straková, ÚFAL, CC BY-NC-SA 4.0)
45:23	8	er		6	יַעֲשֶׂ֧ה		attached-word	attached	0.5151	approved	0				SubjectPronoun of 'tun', by the parse of UDPipe's German-HDT model (Straka and Straková, ÚFAL, CC BY-NC-SA 4.0)
45:24	4	soll		12	יַֽעֲשֶׂ֑ה		attached-word	attached	0.295	approved	0				AuxiliaryVerb of 'opfern', by the parse of UDPipe's German-HDT model (Straka and Straková, ÚFAL, CC BY-NC-SA 4.0)
45:24	5	er		12	יַֽעֲשֶׂ֑ה		attached-word	attached	0.295	approved	0				SubjectPronoun of 'opfern', by the parse of UDPipe's German-HDT model (Straka and Straková, ÚFAL, CC BY-NC-SA 4.0)
46:1	24	soll		30	יִפָּתֵֽחַ		attached-word	attached	0.61	approved	0				AuxiliaryVerb of 'auftun', by the parse of UDPipe's German-HDT model (Straka and Straková, ÚFAL, CC BY-NC-SA 4.0)
46:2	29	er		27	הִֽשְׁתַּחֲוָ֛ה		attached-word	attached	0.6156	approved	0				SubjectPronoun of 'anbeten', by the parse of UDPipe's German-HDT model (Straka and Straková, ÚFAL, CC BY-NC-SA 4.0)
46:4	11	soll		5	יַקְרִ֥ב		attached-word	attached	0.3724	approved	0				AuxiliaryVerb of 'opfern', by the parse of UDPipe's German-HDT model (Straka and Straková, ÚFAL, CC BY-NC-SA 4.0)
46:8	7	er		10	יָבֹ֔וא		attached-word	attached	0.6786	approved	0				SubjectPronoun of 'hineingehen', by the parse of UDPipe's German-HDT model (Straka and Straková, ÚFAL, CC BY-NC-SA 4.0)
46:9	23	soll		20	יֵצֵא֙		attached-word	attached	0.7	approved	0				AuxiliaryVerb of 'herausgehen', by the parse of UDPipe's German-HDT model (Straka and Straková, ÚFAL, CC BY-NC-SA 4.0)
46:9	39	sollen		30	יֵצֵ֖א		attached-word	attached	0.7	approved	0				AuxiliaryVerb of 'herausgehen', by the parse of UDPipe's German-HDT model (Straka and Straková, ÚFAL, CC BY-NC-SA 4.0)
46:12	40	er		37	יָצָ֛א		attached-word	attached	0.475	approved	0				SubjectPronoun of 'herausgeht', by the parse of UDPipe's German-HDT model (Straka and Straková, ÚFAL, CC BY-NC-SA 4.0)
46:12	43	soll		39	סָגַ֥ר		attached-word	attached	0.7	approved	0				AuxiliaryVerb of 'zuschließen', by the parse of UDPipe's German-HDT model (Straka and Straková, ÚFAL, CC BY-NC-SA 4.0)
46:13	3	soll		6	תַּעֲשֶׂ֥ה		attached-word	attached	0.5157	approved	0				AuxiliaryVerb of 'tun', by the parse of UDPipe's German-HDT model (Straka and Straková, ÚFAL, CC BY-NC-SA 4.0)
46:13	17	soll		19	תַּעֲשֶׂ֥ה		attached-word	attached	0.2831	approved	0				AuxiliaryVerb of 'opfern', by the parse of UDPipe's German-HDT model (Straka and Straková, ÚFAL, CC BY-NC-SA 4.0)
46:18	38	werde		22	יָפֻ֣צוּ		attached-word	attached	0.4557	approved	0				AuxiliaryVerb of 'zerstreut', by the parse of UDPipe's German-HDT model (Straka and Straková, ÚFAL, CC BY-NC-SA 4.0)
46:19	2	er		2	יְבִיאֵ֣נִי		attached-word	attached	0.355	approved	0				SubjectPronoun of 'führte', by the parse of UDPipe's German-HDT model (Straka and Straková, ÚFAL, CC BY-NC-SA 4.0)
46:23	12	waren		10	עָשׂ֔וּי		attached-word	attached	0.3871	approved	0				AuxiliaryVerb of 'gemacht', by the parse of UDPipe's German-HDT model (Straka and Straková, ÚFAL, CC BY-NC-SA 4.0)
46:24	2	er		2	יֹּ֖אמֶר		attached-word	attached	0.6899	approved	0				SubjectPronoun of 'sprach', by the parse of UDPipe's German-HDT model (Straka and Straková, ÚFAL, CC BY-NC-SA 4.0)
47:3	16	er		11	יָּ֤מָד		attached-word	attached	0.4667	approved	0				SubjectPronoun of 'maß', by the parse of UDPipe's German-HDT model (Straka and Straková, ÚFAL, CC BY-NC-SA 4.0)
47:5	3	er		2	יָּ֣מָד		attached-word	attached	0.4667	approved	0				SubjectPronoun of 'maß', by the parse of UDPipe's German-HDT model (Straka and Straková, ÚFAL, CC BY-NC-SA 4.0)
47:6	2	er		2	יֹּ֥אמֶר		attached-word	attached	0.6899	approved	0				SubjectPronoun of 'sprach', by the parse of UDPipe's German-HDT model (Straka and Straková, ÚFAL, CC BY-NC-SA 4.0)
47:8	2	er		2	יֹּ֣אמֶר		attached-word	attached	0.6899	approved	0				SubjectPronoun of 'sprach', by the parse of UDPipe's German-HDT model (Straka and Straková, ÚFAL, CC BY-NC-SA 4.0)
47:10	3	werden		3	יעמדו		attached-word	attached	0.4615	approved	0				AuxiliaryVerb of 'stehen', by the parse of UDPipe's German-HDT model (Straka and Straková, ÚFAL, CC BY-NC-SA 4.0)
47:12	10	werden		5	יַעֲלֶ֣ה		attached-word	attached	0.394	approved	0				AuxiliaryVerb of 'wachsen', by the parse of UDPipe's German-HDT model (Straka and Straková, ÚFAL, CC BY-NC-SA 4.0)
47:12	18	werden		32	יֹֽוצְאִ֑ים		attached-word	attached	0.671	approved	0				AuxiliaryVerb of 'ausgehen', by the parse of UDPipe's German-HDT model (Straka and Straková, ÚFAL, CC BY-NC-SA 4.0)
47:14	11	ich		8	נָשָׂ֨אתִי֙		attached-word	attached	0.3625	approved	0				SubjectPronoun of 'aufgehoben', by the parse of UDPipe's German-HDT model (Straka and Straková, ÚFAL, CC BY-NC-SA 4.0)
47:14	12	habe		8	נָשָׂ֨אתִי֙		attached-word	attached	0.3625	approved	0				AuxiliaryVerb of 'aufgehoben', by the parse of UDPipe's German-HDT model (Straka and Straková, ÚFAL, CC BY-NC-SA 4.0)
47:18	6	sollt		30	תָּמֹ֑דּוּ		attached-word	attached	0.3885	approved	0				AuxiliaryVerb of 'messen', by the parse of UDPipe's German-HDT model (Straka and Straková, ÚFAL, CC BY-NC-SA 4.0)
47:18	7	ihr		30	תָּמֹ֑דּוּ		attached-word	attached	0.3885	approved	0				SubjectPronoun of 'messen', by the parse of UDPipe's German-HDT model (Straka and Straková, ÚFAL, CC BY-NC-SA 4.0)
47:23	16	er		7	גָּ֥ר		attached-word	attached	0.3294	approved	0				SubjectPronoun of 'wohnt', by the parse of UDPipe's German-HDT model (Straka and Straková, ÚFAL, CC BY-NC-SA 4.0)
48:8	4	sollt		15	תָּרִ֡ימוּ		attached-word	attached	0.4	approved	0				AuxiliaryVerb of 'absondern', by the parse of UDPipe's German-HDT model (Straka and Straková, ÚFAL, CC BY-NC-SA 4.0)
48:8	5	ihr		15	תָּרִ֡ימוּ		attached-word	attached	0.4	approved	0				SubjectPronoun of 'absondern', by the parse of UDPipe's German-HDT model (Straka and Straková, ÚFAL, CC BY-NC-SA 4.0)
48:9	3	sollt		4	תָּרִ֖ימוּ		attached-word	attached	0.4	approved	0				AuxiliaryVerb of 'absondern', by the parse of UDPipe's German-HDT model (Straka and Straková, ÚFAL, CC BY-NC-SA 4.0)
48:11	4	sein		5	מְקֻדָּשׁ֙		attached-word	attached	0.5435	approved	0				AuxiliaryVerb of 'geheiligt', by the parse of UDPipe's German-HDT model (Straka and Straková, ÚFAL, CC BY-NC-SA 4.0)
48:11	14	haben		10	שָׁמְר֖וּ		attached-word	attached	0.4075	approved	0				AuxiliaryVerb of 'gehalten', by the parse of UDPipe's German-HDT model (Straka and Straková, ÚFAL, CC BY-NC-SA 4.0)
48:21	33	soll		49	הָֽיְתָה֙		attached-word	attached	0.4	approved	0				AuxiliaryVerb of 'gehören', by the parse of UDPipe's German-HDT model (Straka and Straková, ÚFAL, CC BY-NC-SA 4.0)
