at	word	surface	target_at	target	target_surface	absence	rule	tier	confidence	verdict	review	corrected_at	corrected	corrected_surface	rationale
1:18	2	sie		6	הִקְהִ֗ילוּ		attached-word	attached	0.325	approved	0				SubjectPronoun of 'versammelten', by the parse of UDPipe's German-HDT model (Straka and Straková, ÚFAL, CC BY-NC-SA 4.0)
1:19	6	hatte		3	צִוָּ֥ה		attached-word	attached	0.475	approved	0				AuxiliaryVerb of 'geboten', by the parse of UDPipe's German-HDT model (Straka and Straková, ÚFAL, CC BY-NC-SA 4.0)
1:19	10	er		8	יִּפְקְדֵ֖ם		attached-word	attached	0.7	approved	0				SubjectPronoun of 'musterte', by the parse of UDPipe's German-HDT model (Straka and Straková, ÚFAL, CC BY-NC-SA 4.0)
1:48	3	hatte		2	יְדַבֵּ֥ר		attached-word	attached	0.595	approved	0				AuxiliaryVerb of 'geredet', by the parse of UDPipe's German-HDT model (Straka and Straková, ÚFAL, CC BY-NC-SA 4.0)
1:51	6	sollen		6	יֹורִ֤ידוּ		attached-word	attached	0.475	approved	0				AuxiliaryVerb of 'abnehmen', by the parse of UDPipe's German-HDT model (Straka and Straková, ÚFAL, CC BY-NC-SA 4.0)
1:51	29	werden		24	יוּמָֽת		attached-word	attached	0.5875	approved	0				AuxiliaryVerb of 'getötet', by the parse of UDPipe's German-HDT model (Straka and Straková, ÚFAL, CC BY-NC-SA 4.0)
1:52	5	sollen		2	חָנ֖וּ		attached-word	attached	0.4517	approved	0				AuxiliaryVerb of 'lagern', by the parse of UDPipe's German-HDT model (Straka and Straková, ÚFAL, CC BY-NC-SA 4.0)
1:53	27	sollen		19	שָׁמְרוּ֙		attached-word	attached	0.4429	approved	0				AuxiliaryVerb of 'warten', by the parse of UDPipe's German-HDT model (Straka and Straková, ÚFAL, CC BY-NC-SA 4.0)
1:54	13	hatte		8	צִוָּ֧ה		attached-word	attached	0.475	approved	0				AuxiliaryVerb of 'geboten', by the parse of UDPipe's German-HDT model (Straka and Straková, ÚFAL, CC BY-NC-SA 4.0)
1:54	16	sie		13	עָשֽׂוּ		attached-word	attached	0.5335	approved	0				SubjectPronoun of 'taten', by the parse of UDPipe's German-HDT model (Straka and Straková, ÚFAL, CC BY-NC-SA 4.0)
2:2	4	sollen		9	יַחֲנ֖וּ		attached-word	attached	0.4375	approved	0				AuxiliaryVerb of 'lagern', by the parse of UDPipe's German-HDT model (Straka and Straková, ÚFAL, CC BY-NC-SA 4.0)
2:9	11	sie		21	יִסָּֽעוּ		attached-word	attached	0.55	approved	0				SubjectPronoun of 'aufbrechen', by the parse of UDPipe's German-HDT model (Straka and Straková, ÚFAL, CC BY-NC-SA 4.0)
2:9	12	sollen		21	יִסָּֽעוּ		attached-word	attached	0.55	approved	0				AuxiliaryVerb of 'aufbrechen', by the parse of UDPipe's German-HDT model (Straka and Straková, ÚFAL, CC BY-NC-SA 4.0)
2:16	15	sollen		23	יִסָּֽעוּ		attached-word	attached	0.55	approved	0				AuxiliaryVerb of 'aufbrechen', by the parse of UDPipe's German-HDT model (Straka and Straková, ÚFAL, CC BY-NC-SA 4.0)
2:16	16	sie		23	יִסָּֽעוּ		attached-word	attached	0.55	approved	0				SubjectPronoun of 'aufbrechen', by the parse of UDPipe's German-HDT model (Straka and Straková, ÚFAL, CC BY-NC-SA 4.0)
2:17	3	soll		2	נָסַ֧ע		attached-word	attached	0.55	approved	0				AuxiliaryVerb of 'aufbrechen', by the parse of UDPipe's German-HDT model (Straka and Straková, ÚFAL, CC BY-NC-SA 4.0)
2:17	20	sie		14	יַחֲנוּ֙		attached-word	attached	0.4375	approved	0				SubjectPronoun of 'lagern', by the parse of UDPipe's German-HDT model (Straka and Straková, ÚFAL, CC BY-NC-SA 4.0)
2:17	23	sollen		16	יִסָּ֔עוּ		attached-word	attached	0.55	approved	0				AuxiliaryVerb of 'aufbrechen', by the parse of UDPipe's German-HDT model (Straka and Straková, ÚFAL, CC BY-NC-SA 4.0)
2:17	24	sie		16	יִסָּ֔עוּ		attached-word	attached	0.55	approved	0				SubjectPronoun of 'aufbrechen', by the parse of UDPipe's German-HDT model (Straka and Straková, ÚFAL, CC BY-NC-SA 4.0)
2:24	15	sollen		18	יִסָּֽעוּ		attached-word	attached	0.55	approved	0				AuxiliaryVerb of 'aufbrechen', by the parse of UDPipe's German-HDT model (Straka and Straková, ÚFAL, CC BY-NC-SA 4.0)
2:24	16	sie		18	יִסָּֽעוּ		attached-word	attached	0.55	approved	0				SubjectPronoun of 'aufbrechen', by the parse of UDPipe's German-HDT model (Straka and Straková, ÚFAL, CC BY-NC-SA 4.0)
2:33	17	hatte		12	צִוָּ֥ה		attached-word	attached	0.475	approved	0				AuxiliaryVerb of 'geboten', by the parse of UDPipe's German-HDT model (Straka and Straková, ÚFAL, CC BY-NC-SA 4.0)
2:34	13	hatte		8	צִוָּ֨ה		attached-word	attached	0.475	approved	0				AuxiliaryVerb of 'geboten', by the parse of UDPipe's German-HDT model (Straka and Straková, ÚFAL, CC BY-NC-SA 4.0)
2:34	16	sie		13	חָנ֤וּ		attached-word	attached	0.475	approved	0				SubjectPronoun of 'lagerten', by the parse of UDPipe's German-HDT model (Straka and Straková, ÚFAL, CC BY-NC-SA 4.0)
2:34	24	sie		18	נָסָ֔עוּ		attached-word	attached	0.34	approved	0				SubjectPronoun of 'brachen', by the parse of UDPipe's German-HDT model (Straka and Straková, ÚFAL, CC BY-NC-SA 4.0)
3:3	13	worden		8	מְּשֻׁחִ֑ים		attached-word	attached	0.3625	approved	0				AuxiliaryVerb of 'geweiht', by the parse of UDPipe's German-HDT model (Straka and Straková, ÚFAL, CC BY-NC-SA 4.0)
3:3	14	waren		8	מְּשֻׁחִ֑ים		attached-word	attached	0.3625	approved	0				AuxiliaryVerb of 'geweiht', by the parse of UDPipe's German-HDT model (Straka and Straková, ÚFAL, CC BY-NC-SA 4.0)
3:6	14	sie		14	שֵׁרְת֖וּ		attached-word	attached	0.3717	approved	0				SubjectPronoun of 'dienen', by the parse of UDPipe's German-HDT model (Straka and Straková, ÚFAL, CC BY-NC-SA 4.0)
3:7	2	sie		2	שָׁמְר֣וּ		attached-word	attached	0.4167	approved	0				SubjectPronoun of 'warten', by the parse of UDPipe's German-HDT model (Straka and Straková, ÚFAL, CC BY-NC-SA 4.0)
3:7	3	sollen		2	שָׁמְר֣וּ		attached-word	attached	0.4167	approved	0				AuxiliaryVerb of 'warten', by the parse of UDPipe's German-HDT model (Straka and Straková, ÚFAL, CC BY-NC-SA 4.0)
3:9	3	sollst		11	נְתוּנִ֨ם		attached-word	attached	0.6261	approved	0				AuxiliaryVerb of 'geben', by the parse of UDPipe's German-HDT model (Straka and Straková, ÚFAL, CC BY-NC-SA 4.0)
3:10	6	sollst		7	תִּפְקֹ֔ד		attached-word	attached	0.4	approved	0				AuxiliaryVerb of 'bestellen', by the parse of UDPipe's German-HDT model (Straka and Straková, ÚFAL, CC BY-NC-SA 4.0)
3:10	7	du		7	תִּפְקֹ֔ד		attached-word	attached	0.4	approved	0				SubjectPronoun of 'bestellen', by the parse of UDPipe's German-HDT model (Straka and Straková, ÚFAL, CC BY-NC-SA 4.0)
3:10	10	sie		9	שָׁמְר֖וּ		attached-word	attached	0.4167	approved	0				SubjectPronoun of 'warten', by the parse of UDPipe's German-HDT model (Straka and Straková, ÚFAL, CC BY-NC-SA 4.0)
3:10	21	werden		17	יוּמָֽת		attached-word	attached	0.5875	approved	0				AuxiliaryVerb of 'getötet', by the parse of UDPipe's German-HDT model (Straka and Straková, ÚFAL, CC BY-NC-SA 4.0)
3:12	5	habe		4	לָקַ֣חְתִּי		attached-word	attached	0.4812	approved	0				AuxiliaryVerb of 'genommen', by the parse of UDPipe's German-HDT model (Straka and Straková, ÚFAL, CC BY-NC-SA 4.0)
3:12	29	sollen		21	הָ֥יוּ		attached-word	attached	0.4	approved	0				AuxiliaryVerb of 'gehören', by the parse of UDPipe's German-HDT model (Straka and Straková, ÚFAL, CC BY-NC-SA 4.0)
3:13	32	sie		24	יִהְי֖וּ		attached-word	attached	0.4	approved	0				SubjectPronoun of 'gehören', by the parse of UDPipe's German-HDT model (Straka and Straková, ÚFAL, CC BY-NC-SA 4.0)
3:16	13	war		10	צֻוָּֽה		attached-word	attached	0.475	approved	0				AuxiliaryVerb of 'geboten', by the parse of UDPipe's German-HDT model (Straka and Straková, ÚFAL, CC BY-NC-SA 4.0)
3:35	14	Sie		15	יַחֲנ֖וּ		attached-word	attached	0.475	approved	0				SubjectPronoun of 'lagerten', by the parse of UDPipe's German-HDT model (Straka and Straková, ÚFAL, CC BY-NC-SA 4.0)
3:38	43	werden		32	יוּמָֽת		attached-word	attached	0.5875	approved	0				AuxiliaryVerb of 'getötet', by the parse of UDPipe's German-HDT model (Straka and Straková, ÚFAL, CC BY-NC-SA 4.0)
3:41	2	du		2	לָקַחְתָּ֨		attached-word	attached	0.5743	approved	0				SubjectPronoun of 'nehmen', by the parse of UDPipe's German-HDT model (Straka and Straková, ÚFAL, CC BY-NC-SA 4.0)
3:41	3	sollst		2	לָקַחְתָּ֨		attached-word	attached	0.5743	approved	0				AuxiliaryVerb of 'nehmen', by the parse of UDPipe's German-HDT model (Straka and Straková, ÚFAL, CC BY-NC-SA 4.0)
3:42	9	hatte		6	צִוָּ֥ה		attached-word	attached	0.475	approved	0				AuxiliaryVerb of 'geboten', by the parse of UDPipe's German-HDT model (Straka and Straková, ÚFAL, CC BY-NC-SA 4.0)
3:47	2	sollst		2	לָקַחְתָּ֗		attached-word	attached	0.5743	approved	0				AuxiliaryVerb of 'nehmen', by the parse of UDPipe's German-HDT model (Straka and Straková, ÚFAL, CC BY-NC-SA 4.0)
3:47	3	du		2	לָקַחְתָּ֗		attached-word	attached	0.5743	approved	0				SubjectPronoun of 'nehmen', by the parse of UDPipe's German-HDT model (Straka and Straková, ÚFAL, CC BY-NC-SA 4.0)
3:47	16	sollst		13	תִּקָּ֔ח		attached-word	attached	0.5743	approved	0				AuxiliaryVerb of 'nehmen', by the parse of UDPipe's German-HDT model (Straka and Straková, ÚFAL, CC BY-NC-SA 4.0)
3:47	17	du		13	תִּקָּ֔ח		attached-word	attached	0.5743	approved	0				SubjectPronoun of 'nehmen', by the parse of UDPipe's German-HDT model (Straka and Straková, ÚFAL, CC BY-NC-SA 4.0)
3:48	4	sollst		2	נָתַתָּ֣ה		attached-word	attached	0.6261	approved	0				AuxiliaryVerb of 'geben', by the parse of UDPipe's German-HDT model (Straka and Straková, ÚFAL, CC BY-NC-SA 4.0)
3:48	5	du		2	נָתַתָּ֣ה		attached-word	attached	0.6261	approved	0				SubjectPronoun of 'geben', by the parse of UDPipe's German-HDT model (Straka and Straková, ÚFAL, CC BY-NC-SA 4.0)
3:50	8	er		6	לָקַ֣ח		attached-word	attached	0.6428	approved	0				SubjectPronoun of 'nahm', by the parse of UDPipe's German-HDT model (Straka and Straková, ÚFAL, CC BY-NC-SA 4.0)
3:51	22	hatte		18	צִוָּ֥ה		attached-word	attached	0.475	approved	0				AuxiliaryVerb of 'geboten', by the parse of UDPipe's German-HDT model (Straka and Straková, ÚFAL, CC BY-NC-SA 4.0)
4:5	6	sollen		2	בָ֨א		attached-word	attached	0.6763	approved	0				AuxiliaryVerb of 'hineingehen', by the parse of UDPipe's German-HDT model (Straka and Straková, ÚFAL, CC BY-NC-SA 4.0)
4:7	7	sollen		6	יִפְרְשׂוּ֮		attached-word	attached	0.475	approved	0				AuxiliaryVerb of 'breiten', by the parse of UDPipe's German-HDT model (Straka and Straková, ÚFAL, CC BY-NC-SA 4.0)
4:7	8	sie		6	יִפְרְשׂוּ֮		attached-word	attached	0.475	approved	0				SubjectPronoun of 'breiten', by the parse of UDPipe's German-HDT model (Straka and Straková, ÚFAL, CC BY-NC-SA 4.0)
4:8	3	sollen		2	פָרְשׂ֣וּ		attached-word	attached	0.475	approved	0				AuxiliaryVerb of 'breiten', by the parse of UDPipe's German-HDT model (Straka and Straková, ÚFAL, CC BY-NC-SA 4.0)
4:8	4	sie		2	פָרְשׂ֣וּ		attached-word	attached	0.475	approved	0				SubjectPronoun of 'breiten', by the parse of UDPipe's German-HDT model (Straka and Straková, ÚFAL, CC BY-NC-SA 4.0)
4:9	2	sie		2	לָקְח֣וּ		attached-word	attached	0.5743	approved	0				SubjectPronoun of 'nehmen', by the parse of UDPipe's German-HDT model (Straka and Straková, ÚFAL, CC BY-NC-SA 4.0)
4:9	3	sollen		2	לָקְח֣וּ		attached-word	attached	0.5743	approved	0				AuxiliaryVerb of 'nehmen', by the parse of UDPipe's German-HDT model (Straka and Straková, ÚFAL, CC BY-NC-SA 4.0)
4:11	6	sollen		6	יִפְרְשׂוּ֙		attached-word	attached	0.475	approved	0				AuxiliaryVerb of 'breiten', by the parse of UDPipe's German-HDT model (Straka and Straková, ÚFAL, CC BY-NC-SA 4.0)
4:11	7	sie		6	יִפְרְשׂוּ֙		attached-word	attached	0.475	approved	0				SubjectPronoun of 'breiten', by the parse of UDPipe's German-HDT model (Straka and Straková, ÚFAL, CC BY-NC-SA 4.0)
4:12	2	sie		2	לָקְחוּ֩		attached-word	attached	0.5743	approved	0				SubjectPronoun of 'nehmen', by the parse of UDPipe's German-HDT model (Straka and Straková, ÚFAL, CC BY-NC-SA 4.0)
4:12	3	sollen		2	לָקְחוּ֩		attached-word	attached	0.5743	approved	0				AuxiliaryVerb of 'nehmen', by the parse of UDPipe's German-HDT model (Straka and Straková, ÚFAL, CC BY-NC-SA 4.0)
4:15	21	haben		2	כִלָּ֣ה		attached-word	attached	0.4187	approved	0				AuxiliaryVerb of 'vollendet', by the parse of UDPipe's German-HDT model (Straka and Straková, ÚFAL, CC BY-NC-SA 4.0)
4:15	23	sollen		24	יָבֹ֤אוּ		attached-word	attached	0.5293	approved	0				AuxiliaryVerb of 'kommen', by the parse of UDPipe's German-HDT model (Straka and Straková, ÚFAL, CC BY-NC-SA 4.0)
4:18	11	werden		2	תַּכְרִ֕יתוּ		attached-word	attached	0.6386	approved	0				AuxiliaryVerb of 'ausgerottet', by the parse of UDPipe's German-HDT model (Straka and Straková, ÚFAL, CC BY-NC-SA 4.0)
4:19	3	sollt		3	עֲשׂ֣וּ		attached-word	attached	0.5176	approved	0				AuxiliaryVerb of 'tun', by the parse of UDPipe's German-HDT model (Straka and Straková, ÚFAL, CC BY-NC-SA 4.0)
4:19	8	sie		6	חָיוּ֙		attached-word	attached	0.3471	approved	0				SubjectPronoun of 'leben', by the parse of UDPipe's German-HDT model (Straka and Straková, ÚFAL, CC BY-NC-SA 4.0)
4:19	14	sie		11	גִשְׁתָּ֖ם		attached-word	attached	0.4158	approved	0				SubjectPronoun of 'nahen', by the parse of UDPipe's German-HDT model (Straka and Straková, ÚFAL, CC BY-NC-SA 4.0)
4:19	22	sollen		19	יָבֹ֔אוּ		attached-word	attached	0.6763	approved	0				AuxiliaryVerb of 'hineingehen', by the parse of UDPipe's German-HDT model (Straka and Straková, ÚFAL, CC BY-NC-SA 4.0)
4:20	2	sie		3	יָבֹ֧אוּ		attached-word	attached	0.6763	approved	0				SubjectPronoun of 'hineingehen', by the parse of UDPipe's German-HDT model (Straka and Straková, ÚFAL, CC BY-NC-SA 4.0)
4:20	3	sollen		3	יָבֹ֧אוּ		attached-word	attached	0.6763	approved	0				AuxiliaryVerb of 'hineingehen', by the parse of UDPipe's German-HDT model (Straka and Straková, ÚFAL, CC BY-NC-SA 4.0)
4:25	1	Sie		2	נָ֨שְׂא֜וּ		attached-word	attached	0.5714	approved	0				SubjectPronoun of 'tragen', by the parse of UDPipe's German-HDT model (Straka and Straková, ÚFAL, CC BY-NC-SA 4.0)
4:25	2	sollen		2	נָ֨שְׂא֜וּ		attached-word	attached	0.5714	approved	0				AuxiliaryVerb of 'tragen', by the parse of UDPipe's German-HDT model (Straka and Straková, ÚFAL, CC BY-NC-SA 4.0)
4:49	30	hatte		19	צִוָּ֥ה		attached-word	attached	0.475	approved	0				AuxiliaryVerb of 'geboten', by the parse of UDPipe's German-HDT model (Straka and Straková, ÚFAL, CC BY-NC-SA 4.0)
5:3	16	sie		15	יְטַמְּאוּ֙		attached-word	attached	0.67	approved	0				SubjectPronoun of 'verunreinigen', by the parse of UDPipe's German-HDT model (Straka and Straková, ÚFAL, CC BY-NC-SA 4.0)
5:4	20	hatte		17	דִּבֶּ֤ר		attached-word	attached	0.595	approved	0				AuxiliaryVerb of 'geredet', by the parse of UDPipe's German-HDT model (Straka and Straková, ÚFAL, CC BY-NC-SA 4.0)
5:7	2	sollen		2	הִתְוַדּ֗וּ		attached-word	attached	0.65	approved	0				AuxiliaryVerb of 'bekennen', by the parse of UDPipe's German-HDT model (Straka and Straková, ÚFAL, CC BY-NC-SA 4.0)
5:7	3	sie		2	הִתְוַדּ֗וּ		attached-word	attached	0.65	approved	0				SubjectPronoun of 'bekennen', by the parse of UDPipe's German-HDT model (Straka and Straková, ÚFAL, CC BY-NC-SA 4.0)
5:7	8	sie		6	עָשׂוּ֒		attached-word	attached	0.5611	approved	0				SubjectPronoun of 'getan', by the parse of UDPipe's German-HDT model (Straka and Straková, ÚFAL, CC BY-NC-SA 4.0)
5:7	10	haben		6	עָשׂוּ֒		attached-word	attached	0.5611	approved	0				AuxiliaryVerb of 'getan', by the parse of UDPipe's German-HDT model (Straka and Straková, ÚFAL, CC BY-NC-SA 4.0)
5:7	34	er		21	אָשַׁ֥ם		attached-word	attached	0.6308	approved	0				SubjectPronoun of 'verschuldet', by the parse of UDPipe's German-HDT model (Straka and Straková, ÚFAL, CC BY-NC-SA 4.0)
5:7	37	hat		21	אָשַׁ֥ם		attached-word	attached	0.6308	approved	0				AuxiliaryVerb of 'verschuldet', by the parse of UDPipe's German-HDT model (Straka and Straková, ÚFAL, CC BY-NC-SA 4.0)
5:8	21	wird		16	מּוּשָׁ֥ב		attached-word	attached	0.7	approved	0				AuxiliaryVerb of 'erstattet', by the parse of UDPipe's German-HDT model (Straka and Straková, ÚFAL, CC BY-NC-SA 4.0)
5:9	16	soll		15	יִהְיֶֽה		attached-word	attached	0.4	approved	0				AuxiliaryVerb of 'gehören', by the parse of UDPipe's German-HDT model (Straka and Straková, ÚFAL, CC BY-NC-SA 4.0)
5:10	3	sollen		6	יִהְי֑וּ		attached-word	attached	0.3	approved	0				AuxiliaryVerb of 'gehören', by the parse of UDPipe's German-HDT model (Straka and Straková, ÚFAL, CC BY-NC-SA 4.0)
5:10	14	soll		14	יִהְיֶֽה		attached-word	attached	0.3	approved	0				AuxiliaryVerb of 'gehören', by the parse of UDPipe's German-HDT model (Straka and Straková, ÚFAL, CC BY-NC-SA 4.0)
5:14	18	hat		12	נִטְמָ֑אָה		attached-word	attached	0.574	approved	0				AuxiliaryVerb of 'verunreinigt', by the parse of UDPipe's German-HDT model (Straka and Straková, ÚFAL, CC BY-NC-SA 4.0)
5:14	38	hat		25	נִטְמָֽאָה		attached-word	attached	0.574	approved	0				AuxiliaryVerb of 'verunreinigt', by the parse of UDPipe's German-HDT model (Straka and Straková, ÚFAL, CC BY-NC-SA 4.0)
5:15	2	soll		2	הֵבִ֨יא		attached-word	attached	0.4828	approved	0				AuxiliaryVerb of 'bringen', by the parse of UDPipe's German-HDT model (Straka and Straková, ÚFAL, CC BY-NC-SA 4.0)
5:15	21	soll		21	יִצֹ֨ק		attached-word	attached	0.4882	approved	0				AuxiliaryVerb of 'gießen', by the parse of UDPipe's German-HDT model (Straka and Straková, ÚFAL, CC BY-NC-SA 4.0)
5:19	18	hat		13	שָׁכַ֥ב		attached-word	attached	0.4	approved	0				AuxiliaryVerb of 'gelegen', by the parse of UDPipe's German-HDT model (Straka and Straková, ÚFAL, CC BY-NC-SA 4.0)
5:22	23	soll		19	אָמְרָ֥ה		attached-word	attached	0.6384	approved	0				AuxiliaryVerb of 'sagen', by the parse of UDPipe's German-HDT model (Straka and Straková, ÚFAL, CC BY-NC-SA 4.0)
5:23	4	soll		2	כָתַב		attached-word	attached	0.6357	approved	0				AuxiliaryVerb of 'schreiben', by the parse of UDPipe's German-HDT model (Straka and Straková, ÚFAL, CC BY-NC-SA 4.0)
5:27	10	wird		7	הָיְתָ֣ה		attached-word	attached	0.4391	approved	0				AuxiliaryVerb of 'geschehen', by the parse of UDPipe's German-HDT model (Straka and Straková, ÚFAL, CC BY-NC-SA 4.0)
5:27	31	wird		16	בָ֨אוּ		attached-word	attached	0.5293	approved	0				AuxiliaryVerb of 'kommen', by the parse of UDPipe's German-HDT model (Straka and Straková, ÚFAL, CC BY-NC-SA 4.0)
5:28	8	hat		4	נִטְמְאָה֙		attached-word	attached	0.574	approved	0				AuxiliaryVerb of 'verunreinigt', by the parse of UDPipe's German-HDT model (Straka and Straková, ÚFAL, CC BY-NC-SA 4.0)
5:31	12	soll		12	תִּשָּׂ֖א		attached-word	attached	0.555	approved	0				AuxiliaryVerb of 'tragen', by the parse of UDPipe's German-HDT model (Straka and Straková, ÚFAL, CC BY-NC-SA 4.0)
6:3	3	er		5	יַזִּ֔יר		attached-word	attached	0.3786	approved	0				SubjectPronoun of 'enthalten', by the parse of UDPipe's German-HDT model (Straka and Straková, ÚFAL, CC BY-NC-SA 4.0)
6:3	20	soll		12	יִשְׁתֶּ֑ה		attached-word	attached	0.6264	approved	0				AuxiliaryVerb of 'trinken', by the parse of UDPipe's German-HDT model (Straka and Straková, ÚFAL, CC BY-NC-SA 4.0)
6:3	21	er		12	יִשְׁתֶּ֑ה		attached-word	attached	0.6264	approved	0				SubjectPronoun of 'trinken', by the parse of UDPipe's German-HDT model (Straka and Straková, ÚFAL, CC BY-NC-SA 4.0)
6:3	27	soll		18	יִשְׁתֶּ֔ה		attached-word	attached	0.6264	approved	0				AuxiliaryVerb of 'trinken', by the parse of UDPipe's German-HDT model (Straka and Straková, ÚFAL, CC BY-NC-SA 4.0)
6:3	28	er		18	יִשְׁתֶּ֔ה		attached-word	attached	0.6264	approved	0				SubjectPronoun of 'trinken', by the parse of UDPipe's German-HDT model (Straka and Straková, ÚFAL, CC BY-NC-SA 4.0)
6:3	35	soll		25	יֹאכֵֽל		attached-word	attached	0.6449	approved	0				AuxiliaryVerb of 'essen', by the parse of UDPipe's German-HDT model (Straka and Straková, ÚFAL, CC BY-NC-SA 4.0)
6:3	36	er		25	יֹאכֵֽל		attached-word	attached	0.6449	approved	0				SubjectPronoun of 'essen', by the parse of UDPipe's German-HDT model (Straka and Straková, ÚFAL, CC BY-NC-SA 4.0)
6:4	6	soll		18	יֹאכֵֽל		attached-word	attached	0.6449	approved	0				AuxiliaryVerb of 'essen', by the parse of UDPipe's German-HDT model (Straka and Straková, ÚFAL, CC BY-NC-SA 4.0)
6:4	7	er		18	יֹאכֵֽל		attached-word	attached	0.6449	approved	0				SubjectPronoun of 'essen', by the parse of UDPipe's German-HDT model (Straka and Straková, ÚFAL, CC BY-NC-SA 4.0)
6:5	19	sind		11	מְלֹ֨את		attached-word	attached	0.525	approved	0				AuxiliaryVerb of 'erfüllt', by the parse of UDPipe's German-HDT model (Straka and Straková, ÚFAL, CC BY-NC-SA 4.0)
6:6	10	soll		10	יָבֹֽא		attached-word	attached	0.5293	approved	0				AuxiliaryVerb of 'kommen', by the parse of UDPipe's German-HDT model (Straka and Straková, ÚFAL, CC BY-NC-SA 4.0)
6:6	11	er		10	יָבֹֽא		attached-word	attached	0.5293	approved	0				SubjectPronoun of 'kommen', by the parse of UDPipe's German-HDT model (Straka and Straková, ÚFAL, CC BY-NC-SA 4.0)
6:9	10	er		10	טִמֵּ֖א		attached-word	attached	0.5615	approved	0				SubjectPronoun of 'verunreinigt', by the parse of UDPipe's German-HDT model (Straka and Straková, ÚFAL, CC BY-NC-SA 4.0)
6:9	17	soll		14	גִלַּ֤ח		attached-word	attached	0.385	approved	0				AuxiliaryVerb of 'scheren', by the parse of UDPipe's German-HDT model (Straka and Straková, ÚFAL, CC BY-NC-SA 4.0)
6:9	18	er		14	גִלַּ֤ח		attached-word	attached	0.385	approved	0				SubjectPronoun of 'scheren', by the parse of UDPipe's German-HDT model (Straka and Straková, ÚFAL, CC BY-NC-SA 4.0)
6:9	30	soll		24	יְגַלְּחֶֽנּוּ		attached-word	attached	0.385	approved	0				AuxiliaryVerb of 'scheren', by the parse of UDPipe's German-HDT model (Straka and Straková, ÚFAL, CC BY-NC-SA 4.0)
6:9	31	er		24	יְגַלְּחֶֽנּוּ		attached-word	attached	0.385	approved	0				SubjectPronoun of 'scheren', by the parse of UDPipe's German-HDT model (Straka and Straková, ÚFAL, CC BY-NC-SA 4.0)
6:10	6	er		7	יָבִא֙		attached-word	attached	0.484	approved	0				SubjectPronoun of 'bringen', by the parse of UDPipe's German-HDT model (Straka and Straková, ÚFAL, CC BY-NC-SA 4.0)
6:11	26	hat		17	חָטָ֖א		attached-word	attached	0.5941	approved	0				AuxiliaryVerb of 'versündigt', by the parse of UDPipe's German-HDT model (Straka and Straková, ÚFAL, CC BY-NC-SA 4.0)
6:11	29	soll		22	קִדַּ֥שׁ		attached-word	attached	0.295	approved	0				AuxiliaryVerb of 'heiligen', by the parse of UDPipe's German-HDT model (Straka and Straková, ÚFAL, CC BY-NC-SA 4.0)
6:12	28	ist		22	טָמֵ֖א		attached-word	attached	0.5615	approved	0				AuxiliaryVerb of 'verunreinigt', by the parse of UDPipe's German-HDT model (Straka and Straková, ÚFAL, CC BY-NC-SA 4.0)
6:12	30	worden		22	טָמֵ֖א		attached-word	attached	0.5615	approved	0				AuxiliaryVerb of 'verunreinigt', by the parse of UDPipe's German-HDT model (Straka and Straková, ÚFAL, CC BY-NC-SA 4.0)
6:13	18	sind		8	מְלֹאת֙		attached-word	attached	0.525	approved	0				AuxiliaryVerb of 'erfüllt', by the parse of UDPipe's German-HDT model (Straka and Straková, ÚFAL, CC BY-NC-SA 4.0)
6:13	19	soll		11	יָבִ֣יא		attached-word	attached	0.484	approved	0				AuxiliaryVerb of 'bringen', by the parse of UDPipe's German-HDT model (Straka and Straková, ÚFAL, CC BY-NC-SA 4.0)
6:14	2	er		2	הִקְרִ֣יב		attached-word	attached	0.3625	approved	0				SubjectPronoun of 'darbringen', by the parse of UDPipe's German-HDT model (Straka and Straková, ÚFAL, CC BY-NC-SA 4.0)
6:14	3	soll		2	הִקְרִ֣יב		attached-word	attached	0.3625	approved	0				AuxiliaryVerb of 'darbringen', by the parse of UDPipe's German-HDT model (Straka and Straková, ÚFAL, CC BY-NC-SA 4.0)
6:17	5	er		5	יַעֲשֶׂ֨ה		attached-word	attached	0.3	approved	0				SubjectPronoun of 'opfern', by the parse of UDPipe's German-HDT model (Straka and Straková, ÚFAL, CC BY-NC-SA 4.0)
6:18	4	soll		2	גִלַּ֣ח		attached-word	attached	0.385	approved	0				AuxiliaryVerb of 'scheren', by the parse of UDPipe's German-HDT model (Straka and Straková, ÚFAL, CC BY-NC-SA 4.0)
6:23	11	sollt		10	תְבָרֲכ֖וּ		attached-word	attached	0.689	approved	0				AuxiliaryVerb of 'segnen', by the parse of UDPipe's German-HDT model (Straka and Straková, ÚFAL, CC BY-NC-SA 4.0)
6:23	12	ihr		10	תְבָרֲכ֖וּ		attached-word	attached	0.689	approved	0				SubjectPronoun of 'segnen', by the parse of UDPipe's German-HDT model (Straka and Straková, ÚFAL, CC BY-NC-SA 4.0)
6:27	14	werde		10	אֲבָרֲכֵֽם		attached-word	attached	0.689	approved	0				AuxiliaryVerb of 'segnen', by the parse of UDPipe's German-HDT model (Straka and Straková, ÚFAL, CC BY-NC-SA 4.0)
7:1	20	hatte		5	כַּלֹּ֨ות		attached-word	attached	0.4187	approved	0				AuxiliaryVerb of 'vollendet', by the parse of UDPipe's German-HDT model (Straka and Straková, ÚFAL, CC BY-NC-SA 4.0)
7:7	7	er		10	נָתַ֖ן		attached-word	attached	0.6173	approved	0				SubjectPronoun of 'gab', by the parse of UDPipe's German-HDT model (Straka and Straková, ÚFAL, CC BY-NC-SA 4.0)
7:8	8	er		11	נָתַ֖ן		attached-word	attached	0.6173	approved	0				SubjectPronoun of 'gab', by the parse of UDPipe's German-HDT model (Straka and Straková, ÚFAL, CC BY-NC-SA 4.0)
7:9	6	er		6	נָתָ֑ן		attached-word	attached	0.6173	approved	0				SubjectPronoun of 'gab', by the parse of UDPipe's German-HDT model (Straka and Straková, ÚFAL, CC BY-NC-SA 4.0)
7:9	20	sie		15	יִשָּֽׂאוּ		attached-word	attached	0.6122	approved	0				SubjectPronoun of 'trugen', by the parse of UDPipe's German-HDT model (Straka and Straková, ÚFAL, CC BY-NC-SA 4.0)
7:19	1	er		1	הִקְרִ֨ב		attached-word	attached	0.2781	approved	0				SubjectPronoun of 'brachte', by the parse of UDPipe's German-HDT model (Straka and Straková, ÚFAL, CC BY-NC-SA 4.0)
7:84	17	wurde		7	הִמָּשַׁ֣ח		attached-word	attached	0.5714	approved	0				AuxiliaryVerb of 'gesalbt', by the parse of UDPipe's German-HDT model (Straka and Straková, ÚFAL, CC BY-NC-SA 4.0)
7:88	26	worden		24	הִמָּשַׁ֥ח		attached-word	attached	0.5714	approved	0				AuxiliaryVerb of 'gesalbt', by the parse of UDPipe's German-HDT model (Straka and Straková, ÚFAL, CC BY-NC-SA 4.0)
7:88	27	war		24	הִמָּשַׁ֥ח		attached-word	attached	0.5714	approved	0				AuxiliaryVerb of 'gesalbt', by the parse of UDPipe's German-HDT model (Straka and Straková, ÚFAL, CC BY-NC-SA 4.0)
7:89	17	er		12	יִּשְׁמַ֨ע		attached-word	attached	0.6679	approved	0				SubjectPronoun of 'hörte', by the parse of UDPipe's German-HDT model (Straka and Straková, ÚFAL, CC BY-NC-SA 4.0)
7:89	40	er		33	יְדַבֵּ֖ר		attached-word	attached	0.6684	approved	0				SubjectPronoun of 'redete', by the parse of UDPipe's German-HDT model (Straka and Straková, ÚFAL, CC BY-NC-SA 4.0)
8:3	24	hatte		14	צִוָּ֥ה		attached-word	attached	0.475	approved	0				AuxiliaryVerb of 'geboten', by the parse of UDPipe's German-HDT model (Straka and Straková, ÚFAL, CC BY-NC-SA 4.0)
8:4	32	hatte		23	עָשָׂ֖ה		attached-word	attached	0.3886	approved	0				AuxiliaryVerb of 'gemacht', by the parse of UDPipe's German-HDT model (Straka and Straková, ÚFAL, CC BY-NC-SA 4.0)
8:7	3	sollst		3	תַעֲשֶׂ֤ה		attached-word	attached	0.5154	approved	0				AuxiliaryVerb of 'tun', by the parse of UDPipe's German-HDT model (Straka and Straková, ÚFAL, CC BY-NC-SA 4.0)
8:7	4	du		3	תַעֲשֶׂ֤ה		attached-word	attached	0.5154	approved	0				SubjectPronoun of 'tun', by the parse of UDPipe's German-HDT model (Straka and Straková, ÚFAL, CC BY-NC-SA 4.0)
8:8	2	sie		2	לָֽקְחוּ֙		attached-word	attached	0.5743	approved	0				SubjectPronoun of 'nehmen', by the parse of UDPipe's German-HDT model (Straka and Straková, ÚFAL, CC BY-NC-SA 4.0)
8:8	3	sollen		2	לָֽקְחוּ֙		attached-word	attached	0.5743	approved	0				AuxiliaryVerb of 'nehmen', by the parse of UDPipe's German-HDT model (Straka and Straková, ÚFAL, CC BY-NC-SA 4.0)
8:8	21	du		18	תִּקַּ֥ח		attached-word	attached	0.5743	approved	0				SubjectPronoun of 'nehmen', by the parse of UDPipe's German-HDT model (Straka and Straková, ÚFAL, CC BY-NC-SA 4.0)
8:10	14	sollen		10	סָמְכ֧וּ		attached-word	attached	0.304	approved	0				AuxiliaryVerb of 'legen', by the parse of UDPipe's German-HDT model (Straka and Straková, ÚFAL, CC BY-NC-SA 4.0)
8:11	3	soll		2	הֵנִיף֩		attached-word	attached	0.475	approved	0				AuxiliaryVerb of 'weben', by the parse of UDPipe's German-HDT model (Straka and Straková, ÚFAL, CC BY-NC-SA 4.0)
8:12	4	sollen		4	יִסְמְכ֣וּ		attached-word	attached	0.304	approved	0				AuxiliaryVerb of 'legen', by the parse of UDPipe's German-HDT model (Straka and Straková, ÚFAL, CC BY-NC-SA 4.0)
8:13	3	sollst		2	הַֽעֲמַדְתָּ֙		attached-word	attached	0.4065	approved	0				AuxiliaryVerb of 'stellen', by the parse of UDPipe's German-HDT model (Straka and Straková, ÚFAL, CC BY-NC-SA 4.0)
8:13	4	du		2	הַֽעֲמַדְתָּ֙		attached-word	attached	0.4065	approved	0				SubjectPronoun of 'stellen', by the parse of UDPipe's German-HDT model (Straka and Straková, ÚFAL, CC BY-NC-SA 4.0)
8:14	2	du		2	הִבְדַּלְתָּ֙		attached-word	attached	0.4	approved	0				SubjectPronoun of 'aussondern', by the parse of UDPipe's German-HDT model (Straka and Straková, ÚFAL, CC BY-NC-SA 4.0)
8:14	3	sollst		2	הִבְדַּלְתָּ֙		attached-word	attached	0.4	approved	0				AuxiliaryVerb of 'aussondern', by the parse of UDPipe's German-HDT model (Straka and Straková, ÚFAL, CC BY-NC-SA 4.0)
8:15	3	sollen		4	יָבֹ֣אוּ		attached-word	attached	0.5293	approved	0				AuxiliaryVerb of 'kommen', by the parse of UDPipe's German-HDT model (Straka and Straková, ÚFAL, CC BY-NC-SA 4.0)
8:15	15	sollst		13	טִֽהַרְתָּ֣		attached-word	attached	0.7	approved	0				AuxiliaryVerb of 'reinigen', by the parse of UDPipe's German-HDT model (Straka and Straková, ÚFAL, CC BY-NC-SA 4.0)
8:15	16	du		13	טִֽהַרְתָּ֣		attached-word	attached	0.7	approved	0				SubjectPronoun of 'reinigen', by the parse of UDPipe's German-HDT model (Straka and Straková, ÚFAL, CC BY-NC-SA 4.0)
8:16	3	sind		3	נְתֻנִ֥ים		attached-word	attached	0.6446	approved	0				AuxiliaryVerb of 'gegeben', by the parse of UDPipe's German-HDT model (Straka and Straková, ÚFAL, CC BY-NC-SA 4.0)
8:16	29	habe		19	לָקַ֥חְתִּי		attached-word	attached	0.4812	approved	0				AuxiliaryVerb of 'genommen', by the parse of UDPipe's German-HDT model (Straka and Straková, ÚFAL, CC BY-NC-SA 4.0)
8:16	30	ich		19	לָקַ֥חְתִּי		attached-word	attached	0.4812	approved	0				SubjectPronoun of 'genommen', by the parse of UDPipe's German-HDT model (Straka and Straková, ÚFAL, CC BY-NC-SA 4.0)
8:17	19	ich		17	הַכֹּתִ֤י		attached-word	attached	0.6503	approved	0				SubjectPronoun of 'schlug', by the parse of UDPipe's German-HDT model (Straka and Straková, ÚFAL, CC BY-NC-SA 4.0)
8:18	2	ich		2	אֶקַּח֙		attached-word	attached	0.4812	approved	0				SubjectPronoun of 'genommen', by the parse of UDPipe's German-HDT model (Straka and Straková, ÚFAL, CC BY-NC-SA 4.0)
8:18	3	habe		2	אֶקַּח֙		attached-word	attached	0.4812	approved	0				AuxiliaryVerb of 'genommen', by the parse of UDPipe's German-HDT model (Straka and Straková, ÚFAL, CC BY-NC-SA 4.0)
8:19	3	habe		6	נְתֻנִ֣ים		attached-word	attached	0.6446	approved	0				AuxiliaryVerb of 'gegeben', by the parse of UDPipe's German-HDT model (Straka and Straková, ÚFAL, CC BY-NC-SA 4.0)
8:20	24	hatte		17	צִוָּ֨ה		attached-word	attached	0.475	approved	0				AuxiliaryVerb of 'geboten', by the parse of UDPipe's German-HDT model (Straka and Straková, ÚFAL, CC BY-NC-SA 4.0)
8:22	30	hatte		23	צִוָּ֨ה		attached-word	attached	0.475	approved	0				AuxiliaryVerb of 'geboten', by the parse of UDPipe's German-HDT model (Straka and Straková, ÚFAL, CC BY-NC-SA 4.0)
8:22	33	sie		31	עָשׂ֥וּ		attached-word	attached	0.5335	approved	0				SubjectPronoun of 'taten', by the parse of UDPipe's German-HDT model (Straka and Straková, ÚFAL, CC BY-NC-SA 4.0)
8:26	17	soll		16	תַּעֲשֶׂ֥ה		attached-word	attached	0.5154	approved	0				AuxiliaryVerb of 'tun', by the parse of UDPipe's German-HDT model (Straka and Straková, ÚFAL, CC BY-NC-SA 4.0)
9:5	29	hatte		25	צִוָּ֤ה		attached-word	attached	0.475	approved	0				AuxiliaryVerb of 'geboten', by the parse of UDPipe's German-HDT model (Straka and Straková, ÚFAL, CC BY-NC-SA 4.0)
9:8	9	ich		7	אֶשְׁמְעָ֔ה		attached-word	attached	0.6602	approved	0				SubjectPronoun of 'hören', by the parse of UDPipe's German-HDT model (Straka and Straková, ÚFAL, CC BY-NC-SA 4.0)
9:8	16	wird		9	יְצַוֶּ֥ה		attached-word	attached	0.7	approved	0				AuxiliaryVerb of 'gebieten', by the parse of UDPipe's German-HDT model (Straka and Straková, ÚFAL, CC BY-NC-SA 4.0)
9:11	21	sie		19	יֹאכְלֻֽהוּ		attached-word	attached	0.645	approved	0				SubjectPronoun of 'essen', by the parse of UDPipe's German-HDT model (Straka and Straková, ÚFAL, CC BY-NC-SA 4.0)
9:12	12	sollen		9	יִשְׁבְּרוּ		attached-word	attached	0.5337	approved	0				AuxiliaryVerb of 'zerbrechen', by the parse of UDPipe's German-HDT model (Straka and Straková, ÚFAL, CC BY-NC-SA 4.0)
9:13	23	werden		19	נִכְרְתָ֛ה		attached-word	attached	0.6386	approved	0				AuxiliaryVerb of 'ausgerottet', by the parse of UDPipe's German-HDT model (Straka and Straková, ÚFAL, CC BY-NC-SA 4.0)
9:13	40	soll		34	יִשָּׂ֖א		attached-word	attached	0.555	approved	0				AuxiliaryVerb of 'tragen', by the parse of UDPipe's German-HDT model (Straka and Straková, ÚFAL, CC BY-NC-SA 4.0)
9:15	9	wurde		4	הָקִ֣ים		attached-word	attached	0.475	approved	0				AuxiliaryVerb of 'aufgerichtet', by the parse of UDPipe's German-HDT model (Straka and Straková, ÚFAL, CC BY-NC-SA 4.0)
9:18	16	sie		11	יַחֲנ֑וּ		attached-word	attached	0.475	approved	0				SubjectPronoun of 'lagerten', by the parse of UDPipe's German-HDT model (Straka and Straková, ÚFAL, CC BY-NC-SA 4.0)
9:18	29	sie		21	יַחֲנֽוּ		attached-word	attached	0.475	approved	0				SubjectPronoun of 'lagerten', by the parse of UDPipe's German-HDT model (Straka and Straková, ÚFAL, CC BY-NC-SA 4.0)
9:20	26	sie		20	יִסָּֽעוּ		attached-word	attached	0.34	approved	0				SubjectPronoun of 'brachen', by the parse of UDPipe's German-HDT model (Straka and Straková, ÚFAL, CC BY-NC-SA 4.0)
9:23	6	sie		4	יַחֲנ֔וּ		attached-word	attached	0.475	approved	0				SubjectPronoun of 'lagerten', by the parse of UDPipe's German-HDT model (Straka and Straková, ÚFAL, CC BY-NC-SA 4.0)
9:23	14	sie		9	יִסָּ֑עוּ		attached-word	attached	0.34	approved	0				SubjectPronoun of 'brachen', by the parse of UDPipe's German-HDT model (Straka and Straková, ÚFAL, CC BY-NC-SA 4.0)
9:23	16	sie		13	שָׁמָ֔רוּ		attached-word	attached	0.475	approved	0				SubjectPronoun of 'warteten', by the parse of UDPipe's German-HDT model (Straka and Straková, ÚFAL, CC BY-NC-SA 4.0)
10:2	10	sollst		7	תַּעֲשֶׂ֣ה		attached-word	attached	0.4352	approved	0				AuxiliaryVerb of 'machen', by the parse of UDPipe's German-HDT model (Straka and Straková, ÚFAL, CC BY-NC-SA 4.0)
10:2	11	du		7	תַּעֲשֶׂ֣ה		attached-word	attached	0.4352	approved	0				SubjectPronoun of 'machen', by the parse of UDPipe's German-HDT model (Straka and Straková, ÚFAL, CC BY-NC-SA 4.0)
10:6	21	sie		13	יִתְקְע֖וּ		attached-word	attached	0.5364	approved	0				SubjectPronoun of 'blasen', by the parse of UDPipe's German-HDT model (Straka and Straková, ÚFAL, CC BY-NC-SA 4.0)
10:9	27	wird		18	נִזְכַּרְתֶּ֗ם		attached-word	attached	0.5594	approved	0				AuxiliaryVerb of 'gedacht', by the parse of UDPipe's German-HDT model (Straka and Straková, ÚFAL, CC BY-NC-SA 4.0)
10:9	30	werden		18	נִזְכַּרְתֶּ֗ם		attached-word	attached	0.5594	approved	0				AuxiliaryVerb of 'gedacht', by the parse of UDPipe's German-HDT model (Straka and Straková, ÚFAL, CC BY-NC-SA 4.0)
10:29	24	hat		18	אָמַ֣ר		attached-word	attached	0.5968	approved	0				AuxiliaryVerb of 'gesagt', by the parse of UDPipe's German-HDT model (Straka and Straková, ÚFAL, CC BY-NC-SA 4.0)
10:29	25	Ich		21	אֶתֵּ֣ן		attached-word	attached	0.6261	approved	0				SubjectPronoun of 'geben', by the parse of UDPipe's German-HDT model (Straka and Straková, ÚFAL, CC BY-NC-SA 4.0)
10:29	41	hat		30	דִּבֶּר		attached-word	attached	0.595	approved	0				AuxiliaryVerb of 'geredet', by the parse of UDPipe's German-HDT model (Straka and Straková, ÚFAL, CC BY-NC-SA 4.0)
10:30	2	er		2	יֹּ֥אמֶר		attached-word	attached	0.6899	approved	0				SubjectPronoun of 'sprach', by the parse of UDPipe's German-HDT model (Straka and Straková, ÚFAL, CC BY-NC-SA 4.0)
10:31	2	er		2	יֹּ֕אמֶר		attached-word	attached	0.6899	approved	0				SubjectPronoun of 'sprach', by the parse of UDPipe's German-HDT model (Straka and Straková, ÚFAL, CC BY-NC-SA 4.0)
10:31	9	du		10	יָדַ֗עְתָּ		attached-word	attached	0.6635	approved	0				SubjectPronoun of 'weißt', by the parse of UDPipe's German-HDT model (Straka and Straková, ÚFAL, CC BY-NC-SA 4.0)
10:31	13	wir		11	חֲנֹתֵ֨נוּ֙		attached-word	attached	0.475	approved	0				SubjectPronoun of 'lagern', by the parse of UDPipe's German-HDT model (Straka and Straková, ÚFAL, CC BY-NC-SA 4.0)
10:31	18	sollen		11	חֲנֹתֵ֨נוּ֙		attached-word	attached	0.475	approved	0				AuxiliaryVerb of 'lagern', by the parse of UDPipe's German-HDT model (Straka and Straková, ÚFAL, CC BY-NC-SA 4.0)
10:32	3	soll		2	הָיָ֖ה		attached-word	attached	0.4391	approved	0				AuxiliaryVerb of 'geschehen', by the parse of UDPipe's German-HDT model (Straka and Straková, ÚFAL, CC BY-NC-SA 4.0)
10:34	11	sie		7	נָסְעָ֖ם		attached-word	attached	0.3116	approved	0				SubjectPronoun of 'zogen', by the parse of UDPipe's German-HDT model (Straka and Straková, ÚFAL, CC BY-NC-SA 4.0)
10:36	7	er		4	יֹאמַ֑ר		attached-word	attached	0.6899	approved	0				SubjectPronoun of 'sprach', by the parse of UDPipe's German-HDT model (Straka and Straková, ÚFAL, CC BY-NC-SA 4.0)
11:4	9	wurde		7	הִתְאַוּ֖וּ		attached-word	attached	0.55	approved	0				AuxiliaryVerb of 'lüstern', by the parse of UDPipe's German-HDT model (Straka and Straková, ÚFAL, CC BY-NC-SA 4.0)
11:4	21	wird		19	יַאֲכִלֵ֖נוּ		attached-word	attached	0.6449	approved	0				AuxiliaryVerb of 'essen', by the parse of UDPipe's German-HDT model (Straka and Straková, ÚFAL, CC BY-NC-SA 4.0)
11:5	1	Wir		1	זָכַ֨רְנוּ֙		attached-word	attached	0.5691	approved	0				SubjectPronoun of 'gedenken', by the parse of UDPipe's German-HDT model (Straka and Straková, ÚFAL, CC BY-NC-SA 4.0)
11:5	6	wir		6	נֹאכַ֥ל		attached-word	attached	0.6893	approved	0				SubjectPronoun of 'aßen', by the parse of UDPipe's German-HDT model (Straka and Straková, ÚFAL, CC BY-NC-SA 4.0)
11:8	6	sie		5	לָֽקְט֜וּ		attached-word	attached	0.3786	approved	0				SubjectPronoun of 'sammelten', by the parse of UDPipe's German-HDT model (Straka and Straková, ÚFAL, CC BY-NC-SA 4.0)
11:8	19	sie		17	בִשְּׁלוּ֙		attached-word	attached	0.7	approved	0				SubjectPronoun of 'kochten', by the parse of UDPipe's German-HDT model (Straka and Straková, ÚFAL, CC BY-NC-SA 4.0)
11:8	26	sie		22	עָשׂ֥וּ		attached-word	attached	0.4152	approved	0				SubjectPronoun of 'machten', by the parse of UDPipe's German-HDT model (Straka and Straková, ÚFAL, CC BY-NC-SA 4.0)
11:11	16	habe		13	מָצָ֥תִי		attached-word	attached	0.6793	approved	0				AuxiliaryVerb of 'gefunden', by the parse of UDPipe's German-HDT model (Straka and Straková, ÚFAL, CC BY-NC-SA 4.0)
11:11	17	ich		13	מָצָ֥תִי		attached-word	attached	0.6793	approved	0				SubjectPronoun of 'gefunden', by the parse of UDPipe's German-HDT model (Straka and Straková, ÚFAL, CC BY-NC-SA 4.0)
11:12	10	habe		12	יְלִדְתִּ֑יהוּ		attached-word	attached	0.5634	approved	0				AuxiliaryVerb of 'geboren', by the parse of UDPipe's German-HDT model (Straka and Straková, ÚFAL, CC BY-NC-SA 4.0)
11:13	14	sie		14	יִבְכּ֤וּ		attached-word	attached	0.4618	approved	0				SubjectPronoun of 'weinen', by the parse of UDPipe's German-HDT model (Straka and Straková, ÚFAL, CC BY-NC-SA 4.0)
11:13	24	wir		22	נֹאכֵֽלָה		attached-word	attached	0.6449	approved	0				SubjectPronoun of 'essen', by the parse of UDPipe's German-HDT model (Straka and Straková, ÚFAL, CC BY-NC-SA 4.0)
11:15	14	ich		11	מָצָ֥אתִי		attached-word	attached	0.6793	approved	0				SubjectPronoun of 'gefunden', by the parse of UDPipe's German-HDT model (Straka and Straková, ÚFAL, CC BY-NC-SA 4.0)
11:15	17	habe		11	מָצָ֥אתִי		attached-word	attached	0.6793	approved	0				AuxiliaryVerb of 'gefunden', by the parse of UDPipe's German-HDT model (Straka and Straková, ÚFAL, CC BY-NC-SA 4.0)
11:15	22	ich		17	אֶרְאֶ֖ה		attached-word	attached	0.5875	approved	0				SubjectPronoun of 'ansehe', by the parse of UDPipe's German-HDT model (Straka and Straková, ÚFAL, CC BY-NC-SA 4.0)
11:16	16	du		14	יָדַ֔עְתָּ		attached-word	attached	0.6635	approved	0				SubjectPronoun of 'weißt', by the parse of UDPipe's German-HDT model (Straka and Straková, ÚFAL, CC BY-NC-SA 4.0)
11:17	26	sie		18	נָשְׂא֤וּ		attached-word	attached	0.555	approved	0				SubjectPronoun of 'tragen', by the parse of UDPipe's German-HDT model (Straka and Straková, ÚFAL, CC BY-NC-SA 4.0)
11:18	5	sollst		5	תֹּאמַ֜ר		attached-word	attached	0.6386	approved	0				AuxiliaryVerb of 'sagen', by the parse of UDPipe's German-HDT model (Straka and Straková, ÚFAL, CC BY-NC-SA 4.0)
11:18	6	du		5	תֹּאמַ֜ר		attached-word	attached	0.6386	approved	0				SubjectPronoun of 'sagen', by the parse of UDPipe's German-HDT model (Straka and Straková, ÚFAL, CC BY-NC-SA 4.0)
11:18	13	ihr		10	אֲכַלְתֶּ֣ם		attached-word	attached	0.6449	approved	0				SubjectPronoun of 'essen', by the parse of UDPipe's German-HDT model (Straka and Straková, ÚFAL, CC BY-NC-SA 4.0)
11:18	14	werdet		10	אֲכַלְתֶּ֣ם		attached-word	attached	0.6449	approved	0				AuxiliaryVerb of 'essen', by the parse of UDPipe's German-HDT model (Straka and Straková, ÚFAL, CC BY-NC-SA 4.0)
11:18	19	habt		13	בְּכִיתֶם֩		attached-word	attached	0.7	approved	0				AuxiliaryVerb of 'geweint', by the parse of UDPipe's German-HDT model (Straka and Straková, ÚFAL, CC BY-NC-SA 4.0)
11:18	43	wird		28	נָתַ֨ן		attached-word	attached	0.6268	approved	0				AuxiliaryVerb of 'geben', by the parse of UDPipe's German-HDT model (Straka and Straková, ÚFAL, CC BY-NC-SA 4.0)
11:18	48	ihr		33	אֲכַלְתֶּֽם		attached-word	attached	0.6449	approved	0				SubjectPronoun of 'essen', by the parse of UDPipe's German-HDT model (Straka and Straková, ÚFAL, CC BY-NC-SA 4.0)
11:18	49	werdet		33	אֲכַלְתֶּֽם		attached-word	attached	0.6449	approved	0				AuxiliaryVerb of 'essen', by the parse of UDPipe's German-HDT model (Straka and Straková, ÚFAL, CC BY-NC-SA 4.0)
11:19	4	sollt		4	תֹּאכְל֖וּן		attached-word	attached	0.6449	approved	0				AuxiliaryVerb of 'essen', by the parse of UDPipe's German-HDT model (Straka and Straková, ÚFAL, CC BY-NC-SA 4.0)
11:19	5	ihr		4	תֹּאכְל֖וּן		attached-word	attached	0.6449	approved	0				SubjectPronoun of 'essen', by the parse of UDPipe's German-HDT model (Straka and Straková, ÚFAL, CC BY-NC-SA 4.0)
11:20	25	ist		16	מְאַסְתֶּ֤ם		attached-word	attached	0.3162	approved	0				AuxiliaryVerb of 'verachtet', by the parse of UDPipe's German-HDT model (Straka and Straková, ÚFAL, CC BY-NC-SA 4.0)
11:20	33	habt		16	מְאַסְתֶּ֤ם		attached-word	attached	0.3162	approved	0				AuxiliaryVerb of 'verachtet', by the parse of UDPipe's German-HDT model (Straka and Straková, ÚFAL, CC BY-NC-SA 4.0)
11:21	25	sie		21	אָכְל֖וּ		attached-word	attached	0.6449	approved	0				SubjectPronoun of 'essen', by the parse of UDPipe's German-HDT model (Straka and Straková, ÚFAL, CC BY-NC-SA 4.0)
11:22	7	werden		5	יִשָּׁחֵ֥ט		attached-word	attached	0.3625	approved	0				AuxiliaryVerb of 'geschlachtet', by the parse of UDPipe's German-HDT model (Straka and Straková, ÚFAL, CC BY-NC-SA 4.0)
11:22	22	werden		16	יֵאָסֵ֥ף		attached-word	attached	0.475	approved	0				AuxiliaryVerb of 'gesammelt', by the parse of UDPipe's German-HDT model (Straka and Straková, ÚFAL, CC BY-NC-SA 4.0)
11:23	13	sollst		11	תִרְאֶ֛ה		attached-word	attached	0.6432	approved	0				AuxiliaryVerb of 'sehen', by the parse of UDPipe's German-HDT model (Straka and Straková, ÚFAL, CC BY-NC-SA 4.0)
11:23	14	du		11	תִרְאֶ֛ה		attached-word	attached	0.6432	approved	0				SubjectPronoun of 'sehen', by the parse of UDPipe's German-HDT model (Straka and Straková, ÚFAL, CC BY-NC-SA 4.0)
11:24	14	er		13	יֶּאֱסֹ֞ף		attached-word	attached	0.3276	approved	0				SubjectPronoun of 'versammelte', by the parse of UDPipe's German-HDT model (Straka and Straková, ÚFAL, CC BY-NC-SA 4.0)
11:25	40	sie		32	יִּֽתְנַבְּא֖וּ		attached-word	attached	0.61	approved	0				SubjectPronoun of 'weissagten', by the parse of UDPipe's German-HDT model (Straka and Straková, ÚFAL, CC BY-NC-SA 4.0)
11:32	27	hatte		26	אָסַ֖ף		attached-word	attached	0.475	approved	0				AuxiliaryVerb of 'gesammelt', by the parse of UDPipe's German-HDT model (Straka and Straková, ÚFAL, CC BY-NC-SA 4.0)
12:1	13	er		15	לָקָ֑ח		attached-word	attached	0.4842	approved	0				SubjectPronoun of 'genommen', by the parse of UDPipe's German-HDT model (Straka and Straková, ÚFAL, CC BY-NC-SA 4.0)
12:1	15	hatte		15	לָקָ֑ח		attached-word	attached	0.4842	approved	0				AuxiliaryVerb of 'genommen', by the parse of UDPipe's German-HDT model (Straka and Straková, ÚFAL, CC BY-NC-SA 4.0)
12:1	17	er		19	לָקָֽח		attached-word	attached	0.4842	approved	0				SubjectPronoun of 'genommen', by the parse of UDPipe's German-HDT model (Straka and Straková, ÚFAL, CC BY-NC-SA 4.0)
12:1	18	hatte		19	לָקָֽח		attached-word	attached	0.4842	approved	0				AuxiliaryVerb of 'genommen', by the parse of UDPipe's German-HDT model (Straka and Straková, ÚFAL, CC BY-NC-SA 4.0)
12:2	2	sie		2	יֹּאמְר֗וּ		attached-word	attached	0.672	approved	0				SubjectPronoun of 'sprachen', by the parse of UDPipe's German-HDT model (Straka and Straková, ÚFAL, CC BY-NC-SA 4.0)
12:2	11	Hat		14	דִבֵּ֑ר		attached-word	attached	0.595	approved	0				AuxiliaryVerb of 'geredet', by the parse of UDPipe's German-HDT model (Straka and Straková, ÚFAL, CC BY-NC-SA 4.0)
12:2	12	er		14	דִבֵּ֑ר		attached-word	attached	0.595	approved	0				SubjectPronoun of 'geredet', by the parse of UDPipe's German-HDT model (Straka and Straková, ÚFAL, CC BY-NC-SA 4.0)
12:5	16	er		13	יִּקְרָא֙		attached-word	attached	0.664	approved	0				SubjectPronoun of 'rief', by the parse of UDPipe's German-HDT model (Straka and Straková, ÚFAL, CC BY-NC-SA 4.0)
12:6	2	er		2	יֹּ֖אמֶר		attached-word	attached	0.6899	approved	0				SubjectPronoun of 'sprach', by the parse of UDPipe's German-HDT model (Straka and Straková, ÚFAL, CC BY-NC-SA 4.0)
12:6	16	ich		14	אֶתְוַדָּ֔ע		attached-word	attached	0.4955	approved	0				SubjectPronoun of 'kundtun', by the parse of UDPipe's German-HDT model (Straka and Straková, ÚFAL, CC BY-NC-SA 4.0)
12:6	27	ich		18	אֲדַבֶּר		attached-word	attached	0.5086	approved	0				SubjectPronoun of 'reden', by the parse of UDPipe's German-HDT model (Straka and Straková, ÚFAL, CC BY-NC-SA 4.0)
12:8	4	ich		4	אֲדַבֶּר		attached-word	attached	0.4393	approved	0				SubjectPronoun of 'rede', by the parse of UDPipe's German-HDT model (Straka and Straková, ÚFAL, CC BY-NC-SA 4.0)
12:8	20	er		15	יַבִּ֑יט		attached-word	attached	0.3464	approved	0				SubjectPronoun of 'schaut', by the parse of UDPipe's German-HDT model (Straka and Straková, ÚFAL, CC BY-NC-SA 4.0)
12:8	23	habt		19	יְרֵאתֶ֔ם		attached-word	attached	0.7	approved	0				AuxiliaryVerb of 'gefürchtet', by the parse of UDPipe's German-HDT model (Straka and Straková, ÚFAL, CC BY-NC-SA 4.0)
12:9	9	er		7	יֵּלַֽךְ		attached-word	attached	0.3113	approved	0				SubjectPronoun of 'ging', by the parse of UDPipe's German-HDT model (Straka and Straková, ÚFAL, CC BY-NC-SA 4.0)
12:16	10	sie		9	יַּחֲנ֖וּ		attached-word	attached	0.475	approved	0				SubjectPronoun of 'lagerten', by the parse of UDPipe's German-HDT model (Straka and Straková, ÚFAL, CC BY-NC-SA 4.0)
13:23	2	sie		2	יָּבֹ֜אוּ		attached-word	attached	0.6378	approved	0				SubjectPronoun of 'kamen', by the parse of UDPipe's German-HDT model (Straka and Straková, ÚFAL, CC BY-NC-SA 4.0)
13:24	16	hatten		14	כָּרְת֥וּ		attached-word	attached	0.4	approved	0				AuxiliaryVerb of 'abgeschnitten', by the parse of UDPipe's German-HDT model (Straka and Straková, ÚFAL, CC BY-NC-SA 4.0)
13:25	2	sie		2	יָּשֻׁ֖בוּ		attached-word	attached	0.5125	approved	0				SubjectPronoun of 'kehrten', by the parse of UDPipe's German-HDT model (Straka and Straková, ÚFAL, CC BY-NC-SA 4.0)
13:26	2	sie		2	יֵּלְכ֡וּ		attached-word	attached	0.3474	approved	0				SubjectPronoun of 'gingen', by the parse of UDPipe's German-HDT model (Straka and Straková, ÚFAL, CC BY-NC-SA 4.0)
13:27	2	sie		2	יְסַפְּרוּ		attached-word	attached	0.7	approved	0				SubjectPronoun of 'erzählten', by the parse of UDPipe's German-HDT model (Straka and Straková, ÚFAL, CC BY-NC-SA 4.0)
13:27	7	Wir		6	בָּ֕אנוּ		attached-word	attached	0.5914	approved	0				SubjectPronoun of 'gekommen', by the parse of UDPipe's German-HDT model (Straka and Straková, ÚFAL, CC BY-NC-SA 4.0)
13:27	8	sind		6	בָּ֕אנוּ		attached-word	attached	0.5914	approved	0				AuxiliaryVerb of 'gekommen', by the parse of UDPipe's German-HDT model (Straka and Straková, ÚFAL, CC BY-NC-SA 4.0)
13:27	14	du		11	שְׁלַחְתָּ֑נוּ		attached-word	attached	0.6723	approved	0				SubjectPronoun of 'gesandt', by the parse of UDPipe's German-HDT model (Straka and Straková, ÚFAL, CC BY-NC-SA 4.0)
13:27	17	hast		11	שְׁלַחְתָּ֑נוּ		attached-word	attached	0.6723	approved	0				AuxiliaryVerb of 'gesandt', by the parse of UDPipe's German-HDT model (Straka and Straková, ÚFAL, CC BY-NC-SA 4.0)
13:28	23	haben		22	רָאִ֥ינוּ		attached-word	attached	0.6715	approved	0				AuxiliaryVerb of 'gesehen', by the parse of UDPipe's German-HDT model (Straka and Straková, ÚFAL, CC BY-NC-SA 4.0)
13:28	24	wir		22	רָאִ֥ינוּ		attached-word	attached	0.6715	approved	0				SubjectPronoun of 'gesehen', by the parse of UDPipe's German-HDT model (Straka and Straková, ÚFAL, CC BY-NC-SA 4.0)
13:32	41	wir		31	רָאִ֥ינוּ		attached-word	attached	0.6715	approved	0				SubjectPronoun of 'gesehen', by the parse of UDPipe's German-HDT model (Straka and Straková, ÚFAL, CC BY-NC-SA 4.0)
13:32	44	haben		31	רָאִ֥ינוּ		attached-word	attached	0.6715	approved	0				AuxiliaryVerb of 'gesehen', by the parse of UDPipe's German-HDT model (Straka and Straková, ÚFAL, CC BY-NC-SA 4.0)
14:2	19	wären		18	מַ֨תְנוּ֙		attached-word	attached	0.6735	approved	0				AuxiliaryVerb of 'gestorben', by the parse of UDPipe's German-HDT model (Straka and Straková, ÚFAL, CC BY-NC-SA 4.0)
14:2	20	wir		18	מַ֨תְנוּ֙		attached-word	attached	0.6735	approved	0				SubjectPronoun of 'gestorben', by the parse of UDPipe's German-HDT model (Straka and Straková, ÚFAL, CC BY-NC-SA 4.0)
14:2	27	wären		29	מָֽתְנוּ		attached-word	attached	0.6735	approved	0				AuxiliaryVerb of 'gestorben', by the parse of UDPipe's German-HDT model (Straka and Straková, ÚFAL, CC BY-NC-SA 4.0)
14:2	28	wir		29	מָֽתְנוּ		attached-word	attached	0.6735	approved	0				SubjectPronoun of 'gestorben', by the parse of UDPipe's German-HDT model (Straka and Straková, ÚFAL, CC BY-NC-SA 4.0)
14:4	2	sie		2	יֹּאמְר֖וּ		attached-word	attached	0.6719	approved	0				SubjectPronoun of 'sprachen', by the parse of UDPipe's German-HDT model (Straka and Straková, ÚFAL, CC BY-NC-SA 4.0)
14:7	2	sie		2	יֹּ֣אמְר֔וּ		attached-word	attached	0.6719	approved	0				SubjectPronoun of 'sprachen', by the parse of UDPipe's German-HDT model (Straka and Straková, ÚFAL, CC BY-NC-SA 4.0)
14:7	16	wir		13	עָבַ֤רְנוּ		attached-word	attached	0.3318	approved	0				SubjectPronoun of 'durchzogen', by the parse of UDPipe's German-HDT model (Straka and Straková, ÚFAL, CC BY-NC-SA 4.0)
14:7	18	haben		13	עָבַ֤רְנוּ		attached-word	attached	0.3318	approved	0				AuxiliaryVerb of 'durchzogen', by the parse of UDPipe's German-HDT model (Straka and Straková, ÚFAL, CC BY-NC-SA 4.0)
14:8	8	wird		6	הֵבִ֤יא		attached-word	attached	0.4817	approved	0				AuxiliaryVerb of 'bringen', by the parse of UDPipe's German-HDT model (Straka and Straková, ÚFAL, CC BY-NC-SA 4.0)
14:8	9	er		6	הֵבִ֤יא		attached-word	attached	0.4817	approved	0				SubjectPronoun of 'bringen', by the parse of UDPipe's German-HDT model (Straka and Straková, ÚFAL, CC BY-NC-SA 4.0)
14:9	23	ist		17	סָ֣ר		attached-word	attached	0.5269	approved	0				AuxiliaryVerb of 'gewichen', by the parse of UDPipe's German-HDT model (Straka and Straková, ÚFAL, CC BY-NC-SA 4.0)
14:10	10	solle		7	רְגֹּ֥ום		attached-word	attached	0.3921	approved	0				AuxiliaryVerb of 'steinigen', by the parse of UDPipe's German-HDT model (Straka and Straková, ÚFAL, CC BY-NC-SA 4.0)
14:11	17	sie		17	יַאֲמִ֣ינוּ		attached-word	attached	0.43	approved	0				SubjectPronoun of 'glauben', by the parse of UDPipe's German-HDT model (Straka and Straková, ÚFAL, CC BY-NC-SA 4.0)
14:11	26	ich		24	עָשִׂ֖יתִי		attached-word	attached	0.5611	approved	0				SubjectPronoun of 'getan', by the parse of UDPipe's German-HDT model (Straka and Straková, ÚFAL, CC BY-NC-SA 4.0)
14:11	31	habe		24	עָשִׂ֖יתִי		attached-word	attached	0.5611	approved	0				AuxiliaryVerb of 'getan', by the parse of UDPipe's German-HDT model (Straka and Straková, ÚFAL, CC BY-NC-SA 4.0)
14:12	1	Ich		1	אַכֶּ֥נּוּ		attached-word	attached	0.6087	approved	0				SubjectPronoun of 'schlagen', by the parse of UDPipe's German-HDT model (Straka and Straková, ÚFAL, CC BY-NC-SA 4.0)
14:12	12	ich		8	אֶֽעֱשֶׂה֙		attached-word	attached	0.4346	approved	0				SubjectPronoun of 'machen', by the parse of UDPipe's German-HDT model (Straka and Straková, ÚFAL, CC BY-NC-SA 4.0)
14:13	7	werden		7	שָׁמְע֣וּ		attached-word	attached	0.6599	approved	0				AuxiliaryVerb of 'hören', by the parse of UDPipe's German-HDT model (Straka and Straková, ÚFAL, CC BY-NC-SA 4.0)
14:13	17	du		10	הֶעֱלִ֧יתָ		attached-word	attached	0.7	approved	0				SubjectPronoun of 'heraufgeführt', by the parse of UDPipe's German-HDT model (Straka and Straková, ÚFAL, CC BY-NC-SA 4.0)
14:14	3	wird		2	אָמְר֗וּ		attached-word	attached	0.6385	approved	0				AuxiliaryVerb of 'sagen', by the parse of UDPipe's German-HDT model (Straka and Straková, ÚFAL, CC BY-NC-SA 4.0)
14:14	12	haben		9	שָֽׁמְעוּ֙		attached-word	attached	0.6486	approved	0				AuxiliaryVerb of 'gehört', by the parse of UDPipe's German-HDT model (Straka and Straková, ÚFAL, CC BY-NC-SA 4.0)
14:15	17	haben		16	שָׁמְע֥וּ		attached-word	attached	0.6486	approved	0				AuxiliaryVerb of 'gehört', by the parse of UDPipe's German-HDT model (Straka and Straková, ÚFAL, CC BY-NC-SA 4.0)
14:17	14	du		9	דִּבַּ֖רְתָּ		attached-word	attached	0.595	approved	0				SubjectPronoun of 'geredet', by the parse of UDPipe's German-HDT model (Straka and Straková, ÚFAL, CC BY-NC-SA 4.0)
14:17	16	hast		9	דִּבַּ֖רְתָּ		attached-word	attached	0.595	approved	0				AuxiliaryVerb of 'geredet', by the parse of UDPipe's German-HDT model (Straka and Straková, ÚFAL, CC BY-NC-SA 4.0)
14:21	13	werden		6	יִמָּלֵ֥א		attached-word	attached	0.525	approved	0				AuxiliaryVerb of 'erfüllt', by the parse of UDPipe's German-HDT model (Straka and Straková, ÚFAL, CC BY-NC-SA 4.0)
14:22	12	haben		6	רֹאִ֤ים		attached-word	attached	0.6715	approved	0				AuxiliaryVerb of 'gesehen', by the parse of UDPipe's German-HDT model (Straka and Straková, ÚFAL, CC BY-NC-SA 4.0)
14:22	14	ich		13	עָשִׂ֥יתִי		attached-word	attached	0.5611	approved	0				SubjectPronoun of 'getan', by the parse of UDPipe's German-HDT model (Straka and Straková, ÚFAL, CC BY-NC-SA 4.0)
14:22	30	haben		28	שָׁמְע֖וּ		attached-word	attached	0.6486	approved	0				AuxiliaryVerb of 'gehört', by the parse of UDPipe's German-HDT model (Straka and Straková, ÚFAL, CC BY-NC-SA 4.0)
14:23	2	sie		2	יִרְאוּ֙		attached-word	attached	0.6429	approved	0				SubjectPronoun of 'sehen', by the parse of UDPipe's German-HDT model (Straka and Straková, ÚFAL, CC BY-NC-SA 4.0)
14:23	6	werden		2	יִרְאוּ֙		attached-word	attached	0.6429	approved	0				AuxiliaryVerb of 'sehen', by the parse of UDPipe's German-HDT model (Straka and Straková, ÚFAL, CC BY-NC-SA 4.0)
14:23	19	sollen		14	יִרְאֽוּהָ		attached-word	attached	0.6429	approved	0				AuxiliaryVerb of 'sehen', by the parse of UDPipe's German-HDT model (Straka and Straková, ÚFAL, CC BY-NC-SA 4.0)
14:24	19	werde		13	הֲבִֽיאֹתִ֗יו		attached-word	attached	0.4817	approved	0				AuxiliaryVerb of 'bringen', by the parse of UDPipe's German-HDT model (Straka and Straková, ÚFAL, CC BY-NC-SA 4.0)
14:24	20	ich		13	הֲבִֽיאֹתִ֗יו		attached-word	attached	0.4817	approved	0				SubjectPronoun of 'bringen', by the parse of UDPipe's German-HDT model (Straka and Straková, ÚFAL, CC BY-NC-SA 4.0)
14:24	27	er		18	בָּ֣א		attached-word	attached	0.5923	approved	0				SubjectPronoun of 'gekommen', by the parse of UDPipe's German-HDT model (Straka and Straková, ÚFAL, CC BY-NC-SA 4.0)
14:24	29	ist		18	בָּ֣א		attached-word	attached	0.5923	approved	0				AuxiliaryVerb of 'gekommen', by the parse of UDPipe's German-HDT model (Straka and Straková, ÚFAL, CC BY-NC-SA 4.0)
14:24	33	soll		22	יֹורִשֶֽׁנָּה		attached-word	attached	0.5269	approved	0				AuxiliaryVerb of 'besitzen', by the parse of UDPipe's German-HDT model (Straka and Straková, ÚFAL, CC BY-NC-SA 4.0)
14:27	26	ich		22	שָׁמָֽעְתִּי		attached-word	attached	0.6486	approved	0				SubjectPronoun of 'gehört', by the parse of UDPipe's German-HDT model (Straka and Straková, ÚFAL, CC BY-NC-SA 4.0)
14:28	16	werde		15	אֶֽעֱשֶׂ֥ה		attached-word	attached	0.5154	approved	0				AuxiliaryVerb of 'tun', by the parse of UDPipe's German-HDT model (Straka and Straková, ÚFAL, CC BY-NC-SA 4.0)
14:28	23	habt		11	דִּבַּרְתֶּ֖ם		attached-word	attached	0.595	approved	0				AuxiliaryVerb of 'geredet', by the parse of UDPipe's German-HDT model (Straka and Straková, ÚFAL, CC BY-NC-SA 4.0)
14:29	4	sollen		6	יִפְּל֨וּ		attached-word	attached	0.5062	approved	0				AuxiliaryVerb of 'fallen', by the parse of UDPipe's German-HDT model (Straka and Straková, ÚFAL, CC BY-NC-SA 4.0)
14:30	7	werdet		3	תָּבֹ֣אוּ		attached-word	attached	0.5289	approved	0				AuxiliaryVerb of 'kommen', by the parse of UDPipe's German-HDT model (Straka and Straková, ÚFAL, CC BY-NC-SA 4.0)
14:31	8	habt		4	אֲמַרְתֶּ֖ם		attached-word	attached	0.599	approved	0				AuxiliaryVerb of 'gesagt', by the parse of UDPipe's German-HDT model (Straka and Straková, ÚFAL, CC BY-NC-SA 4.0)
14:32	5	sollen		4	יִפְּל֖וּ		attached-word	attached	0.5062	approved	0				AuxiliaryVerb of 'fallen', by the parse of UDPipe's German-HDT model (Straka and Straková, ÚFAL, CC BY-NC-SA 4.0)
14:33	4	sollen		3	יִהְי֨וּ		attached-word	attached	0.6477	approved	0				AuxiliaryVerb of 'weiden', by the parse of UDPipe's German-HDT model (Straka and Straková, ÚFAL, CC BY-NC-SA 4.0)
14:35	3	habe		3	דִּבַּרְתִּי֒		attached-word	attached	0.595	approved	0				AuxiliaryVerb of 'geredet', by the parse of UDPipe's German-HDT model (Straka and Straková, ÚFAL, CC BY-NC-SA 4.0)
14:35	11	werde		7	אֶֽעֱשֶׂ֗ה		attached-word	attached	0.5154	approved	0				AuxiliaryVerb of 'tun', by the parse of UDPipe's German-HDT model (Straka and Straková, ÚFAL, CC BY-NC-SA 4.0)
14:35	32	sollen		27	יָמֻֽתוּ		attached-word	attached	0.6889	approved	0				AuxiliaryVerb of 'sterben', by the parse of UDPipe's German-HDT model (Straka and Straková, ÚFAL, CC BY-NC-SA 4.0)
14:35	33	sie		27	יָמֻֽתוּ		attached-word	attached	0.6889	approved	0				SubjectPronoun of 'sterben', by the parse of UDPipe's German-HDT model (Straka and Straková, ÚFAL, CC BY-NC-SA 4.0)
14:36	7	hatte		5	שָׁלַ֥ח		attached-word	attached	0.7	approved	0				AuxiliaryVerb of 'ausgesandt', by the parse of UDPipe's German-HDT model (Straka and Straková, ÚFAL, CC BY-NC-SA 4.0)
14:40	20	wir		16	עָלִ֛ינוּ		attached-word	attached	0.7	approved	0				SubjectPronoun of 'hinaufziehen', by the parse of UDPipe's German-HDT model (Straka and Straková, ÚFAL, CC BY-NC-SA 4.0)
14:40	31	hat		21	אָמַ֥ר		attached-word	attached	0.315	approved	0				AuxiliaryVerb of 'geredet', by the parse of UDPipe's German-HDT model (Straka and Straková, ÚFAL, CC BY-NC-SA 4.0)
14:40	33	wir		24	חָטָֽאנוּ		attached-word	attached	0.6735	approved	0				SubjectPronoun of 'gesündigt', by the parse of UDPipe's German-HDT model (Straka and Straková, ÚFAL, CC BY-NC-SA 4.0)
14:40	34	haben		24	חָטָֽאנוּ		attached-word	attached	0.6735	approved	0				AuxiliaryVerb of 'gesündigt', by the parse of UDPipe's German-HDT model (Straka and Straková, ÚFAL, CC BY-NC-SA 4.0)
14:41	12	wird		14	תִצְלָֽח		attached-word	attached	0.6143	approved	0				AuxiliaryVerb of 'gelingen', by the parse of UDPipe's German-HDT model (Straka and Straková, ÚFAL, CC BY-NC-SA 4.0)
14:42	18	werdet		10	תִּנָּ֣גְפ֔וּ		attached-word	attached	0.3182	approved	0				AuxiliaryVerb of 'geschlagen', by the parse of UDPipe's German-HDT model (Straka and Straková, ÚFAL, CC BY-NC-SA 4.0)
14:43	13	werdet		11	נְפַלְתֶּ֖ם		attached-word	attached	0.5062	approved	0				AuxiliaryVerb of 'fallen', by the parse of UDPipe's German-HDT model (Straka and Straková, ÚFAL, CC BY-NC-SA 4.0)
14:43	25	habt		18	שַׁבְתֶּם֙		attached-word	attached	0.34	approved	0				AuxiliaryVerb of 'abgewandt', by the parse of UDPipe's German-HDT model (Straka and Straková, ÚFAL, CC BY-NC-SA 4.0)
15:2	11	ihr		9	תָבֹ֗אוּ		attached-word	attached	0.475	approved	0				SubjectPronoun of 'kommet', by the parse of UDPipe's German-HDT model (Straka and Straková, ÚFAL, CC BY-NC-SA 4.0)
15:2	22	werde		15	נֹתֵ֥ן		attached-word	attached	0.6288	approved	0				AuxiliaryVerb of 'geben', by the parse of UDPipe's German-HDT model (Straka and Straková, ÚFAL, CC BY-NC-SA 4.0)
15:5	5	du		9	תַּעֲשֶׂ֥ה		attached-word	attached	0.3011	approved	0				SubjectPronoun of 'opfern', by the parse of UDPipe's German-HDT model (Straka and Straková, ÚFAL, CC BY-NC-SA 4.0)
15:6	6	du		5	תַּעֲשֶׂ֣ה		attached-word	attached	0.3011	approved	0				SubjectPronoun of 'opfern', by the parse of UDPipe's German-HDT model (Straka and Straková, ÚFAL, CC BY-NC-SA 4.0)
15:7	4	sollst		9	תַּקְרִ֥יב		attached-word	attached	0.3625	approved	0				AuxiliaryVerb of 'darbringen', by the parse of UDPipe's German-HDT model (Straka and Straková, ÚFAL, CC BY-NC-SA 4.0)
15:7	5	du		9	תַּקְרִ֥יב		attached-word	attached	0.3625	approved	0				SubjectPronoun of 'darbringen', by the parse of UDPipe's German-HDT model (Straka and Straková, ÚFAL, CC BY-NC-SA 4.0)
15:10	4	sollst		3	תַּקְרִ֥יב		attached-word	attached	0.3625	approved	0				AuxiliaryVerb of 'darbringen', by the parse of UDPipe's German-HDT model (Straka and Straková, ÚFAL, CC BY-NC-SA 4.0)
15:10	5	du		3	תַּקְרִ֥יב		attached-word	attached	0.3625	approved	0				SubjectPronoun of 'darbringen', by the parse of UDPipe's German-HDT model (Straka and Straková, ÚFAL, CC BY-NC-SA 4.0)
15:11	4	werden		2	יֵעָשֶׂ֗ה		attached-word	attached	0.5611	approved	0				AuxiliaryVerb of 'getan', by the parse of UDPipe's German-HDT model (Straka and Straková, ÚFAL, CC BY-NC-SA 4.0)
15:13	3	soll		4	יַעֲשֶׂה		attached-word	attached	0.5155	approved	0				AuxiliaryVerb of 'tun', by the parse of UDPipe's German-HDT model (Straka and Straková, ÚFAL, CC BY-NC-SA 4.0)
15:14	27	soll		21	תַּעֲשׂ֖וּ		attached-word	attached	0.5155	approved	0				AuxiliaryVerb of 'tun', by the parse of UDPipe's German-HDT model (Straka and Straková, ÚFAL, CC BY-NC-SA 4.0)
15:18	11	ihr		9	בֹֽאֲכֶם֙		attached-word	attached	0.475	approved	0				SubjectPronoun of 'kommet', by the parse of UDPipe's German-HDT model (Straka and Straková, ÚFAL, CC BY-NC-SA 4.0)
15:18	20	werde		15	מֵבִ֥יא		attached-word	attached	0.485	approved	0				AuxiliaryVerb of 'bringen', by the parse of UDPipe's German-HDT model (Straka and Straková, ÚFAL, CC BY-NC-SA 4.0)
15:19	2	soll		2	הָיָ֕ה		attached-word	attached	0.4391	approved	0				AuxiliaryVerb of 'geschehen', by the parse of UDPipe's German-HDT model (Straka and Straková, ÚFAL, CC BY-NC-SA 4.0)
15:19	6	ihr		4	אֲכָלְכֶ֖ם		attached-word	attached	0.7	approved	0				SubjectPronoun of 'esset', by the parse of UDPipe's German-HDT model (Straka and Straková, ÚFAL, CC BY-NC-SA 4.0)
15:19	14	sollt		9	תָּרִ֥ימוּ		attached-word	attached	0.35	approved	0				AuxiliaryVerb of 'heben', by the parse of UDPipe's German-HDT model (Straka and Straková, ÚFAL, CC BY-NC-SA 4.0)
15:21	16	sollt		4	תִּתְּנ֥וּ		attached-word	attached	0.6288	approved	0				AuxiliaryVerb of 'geben', by the parse of UDPipe's German-HDT model (Straka and Straková, ÚFAL, CC BY-NC-SA 4.0)
15:22	3	ihr		6	תַעֲשׂ֔וּ		attached-word	attached	0.5752	approved	0				SubjectPronoun of 'tut', by the parse of UDPipe's German-HDT model (Straka and Straková, ÚFAL, CC BY-NC-SA 4.0)
15:22	18	hat		14	דִּבֶּ֥ר		attached-word	attached	0.595	approved	0				AuxiliaryVerb of 'geredet', by the parse of UDPipe's German-HDT model (Straka and Straková, ÚFAL, CC BY-NC-SA 4.0)
15:23	8	hat		4	צִוָּ֧ה		attached-word	attached	0.475	approved	0				AuxiliaryVerb of 'geboten', by the parse of UDPipe's German-HDT model (Straka and Straková, ÚFAL, CC BY-NC-SA 4.0)
15:24	2	soll		2	הָיָ֗ה		attached-word	attached	0.4391	approved	0				AuxiliaryVerb of 'geschehen', by the parse of UDPipe's German-HDT model (Straka and Straková, ÚFAL, CC BY-NC-SA 4.0)
15:25	16	wird		11	נִסְלַ֣ח		attached-word	attached	0.55	approved	0				AuxiliaryVerb of 'vergeben', by the parse of UDPipe's German-HDT model (Straka and Straková, ÚFAL, CC BY-NC-SA 4.0)
15:25	19	werden		11	נִסְלַ֣ח		attached-word	attached	0.55	approved	0				AuxiliaryVerb of 'vergeben', by the parse of UDPipe's German-HDT model (Straka and Straková, ÚFAL, CC BY-NC-SA 4.0)
15:26	3	wird		2	נִסְלַ֗ח		attached-word	attached	0.55	approved	0				AuxiliaryVerb of 'vergeben', by the parse of UDPipe's German-HDT model (Straka and Straková, ÚFAL, CC BY-NC-SA 4.0)
15:26	11	werden		2	נִסְלַ֗ח		attached-word	attached	0.55	approved	0				AuxiliaryVerb of 'vergeben', by the parse of UDPipe's German-HDT model (Straka and Straková, ÚFAL, CC BY-NC-SA 4.0)
15:27	10	soll		9	הִקְרִ֛יבָה		attached-word	attached	0.3625	approved	0				AuxiliaryVerb of 'darbringen', by the parse of UDPipe's German-HDT model (Straka and Straková, ÚFAL, CC BY-NC-SA 4.0)
15:27	11	sie		9	הִקְרִ֛יבָה		attached-word	attached	0.3625	approved	0				SubjectPronoun of 'darbringen', by the parse of UDPipe's German-HDT model (Straka and Straková, ÚFAL, CC BY-NC-SA 4.0)
15:28	4	soll		2	כִפֶּ֣ר		attached-word	attached	0.3	approved	0				AuxiliaryVerb of 'tun', by the parse of UDPipe's German-HDT model (Straka and Straková, ÚFAL, CC BY-NC-SA 4.0)
15:28	30	wird		21	נִסְלַ֥ח		attached-word	attached	0.55	approved	0				AuxiliaryVerb of 'vergeben', by the parse of UDPipe's German-HDT model (Straka and Straková, ÚFAL, CC BY-NC-SA 4.0)
15:28	33	werden		21	נִסְלַ֥ח		attached-word	attached	0.55	approved	0				AuxiliaryVerb of 'vergeben', by the parse of UDPipe's German-HDT model (Straka and Straková, ÚFAL, CC BY-NC-SA 4.0)
15:30	25	werden		21	נִכְרְתָ֛ה		attached-word	attached	0.6386	approved	0				AuxiliaryVerb of 'ausgerottet', by the parse of UDPipe's German-HDT model (Straka and Straková, ÚFAL, CC BY-NC-SA 4.0)
15:31	5	hat		4	בָּזָ֔ה		attached-word	attached	0.4682	approved	0				AuxiliaryVerb of 'verachtet', by the parse of UDPipe's German-HDT model (Straka and Straková, ÚFAL, CC BY-NC-SA 4.0)
15:31	17	werden		10	תִּכָּרֵ֛ת		attached-word	attached	0.6386	approved	0				AuxiliaryVerb of 'ausgerottet', by the parse of UDPipe's German-HDT model (Straka and Straková, ÚFAL, CC BY-NC-SA 4.0)
15:32	12	sie		9	יִּמְצְא֗וּ		attached-word	attached	0.6719	approved	0				SubjectPronoun of 'fanden', by the parse of UDPipe's German-HDT model (Straka and Straková, ÚFAL, CC BY-NC-SA 4.0)
15:33	7	hatten		5	מֹּצְאִ֥ים		attached-word	attached	0.6795	approved	0				AuxiliaryVerb of 'gefunden', by the parse of UDPipe's German-HDT model (Straka and Straková, ÚFAL, CC BY-NC-SA 4.0)
15:34	16	werden		11	יֵּעָשֶׂ֖ה		attached-word	attached	0.5611	approved	0				AuxiliaryVerb of 'getan', by the parse of UDPipe's German-HDT model (Straka and Straková, ÚFAL, CC BY-NC-SA 4.0)
15:35	11	werden		7	יוּמַ֖ת		attached-word	attached	0.5875	approved	0				AuxiliaryVerb of 'getötet', by the parse of UDPipe's German-HDT model (Straka and Straková, ÚFAL, CC BY-NC-SA 4.0)
15:35	15	soll		10	רָגֹ֨ום		attached-word	attached	0.3921	approved	0				AuxiliaryVerb of 'steinigen', by the parse of UDPipe's German-HDT model (Straka and Straková, ÚFAL, CC BY-NC-SA 4.0)
15:36	12	sie		14	יִּרְגְּמ֥וּ		attached-word	attached	0.5875	approved	0				SubjectPronoun of 'steinigten', by the parse of UDPipe's German-HDT model (Straka and Straková, ÚFAL, CC BY-NC-SA 4.0)
15:36	16	er		20	יָּמֹ֑ת		attached-word	attached	0.6702	approved	0				SubjectPronoun of 'starb', by the parse of UDPipe's German-HDT model (Straka and Straková, ÚFAL, CC BY-NC-SA 4.0)
15:36	24	hatte		23	צִוָּ֥ה		attached-word	attached	0.475	approved	0				AuxiliaryVerb of 'geboten', by the parse of UDPipe's German-HDT model (Straka and Straková, ÚFAL, CC BY-NC-SA 4.0)
15:38	11	sie		9	עָשׂ֨וּ		attached-word	attached	0.4321	approved	0				SubjectPronoun of 'machen', by the parse of UDPipe's German-HDT model (Straka and Straková, ÚFAL, CC BY-NC-SA 4.0)
16:3	2	sie		2	יִּֽקָּהֲל֞וּ		attached-word	attached	0.325	approved	0				SubjectPronoun of 'versammelten', by the parse of UDPipe's German-HDT model (Straka and Straková, ÚFAL, CC BY-NC-SA 4.0)
16:4	6	er		5	יִּפֹּ֖ל		attached-word	attached	0.5236	approved	0				SubjectPronoun of 'fiel', by the parse of UDPipe's German-HDT model (Straka and Straková, ÚFAL, CC BY-NC-SA 4.0)
16:5	2	er		2	יְדַבֵּ֨ר		attached-word	attached	0.6677	approved	0				SubjectPronoun of 'redete', by the parse of UDPipe's German-HDT model (Straka and Straková, ÚFAL, CC BY-NC-SA 4.0)
16:5	34	er		28	יִבְחַר		attached-word	attached	0.6809	approved	0				SubjectPronoun of 'erwählt', by the parse of UDPipe's German-HDT model (Straka and Straková, ÚFAL, CC BY-NC-SA 4.0)
16:7	14	soll		14	הָיָ֗ה		attached-word	attached	0.4391	approved	0				AuxiliaryVerb of 'geschehen', by the parse of UDPipe's German-HDT model (Straka and Straková, ÚFAL, CC BY-NC-SA 4.0)
16:7	21	wird		18	יִבְחַ֥ר		attached-word	attached	0.7	approved	0				AuxiliaryVerb of 'erwählen', by the parse of UDPipe's German-HDT model (Straka and Straková, ÚFAL, CC BY-NC-SA 4.0)
16:12	15	sie		14	יֹּאמְר֖וּ		attached-word	attached	0.6717	approved	0				SubjectPronoun of 'sprachen', by the parse of UDPipe's German-HDT model (Straka and Straková, ÚFAL, CC BY-NC-SA 4.0)
16:13	6	du		4	הֶֽעֱלִיתָ֨נוּ֙		attached-word	attached	0.7	approved	0				SubjectPronoun of 'heraufgeführt', by the parse of UDPipe's German-HDT model (Straka and Straková, ÚFAL, CC BY-NC-SA 4.0)
16:15	18	habe		18	נָשָׂ֔אתִי		attached-word	attached	0.2754	approved	0				AuxiliaryVerb of 'genommen', by the parse of UDPipe's German-HDT model (Straka and Straková, ÚFAL, CC BY-NC-SA 4.0)
16:15	19	ich		18	נָשָׂ֔אתִי		attached-word	attached	0.2754	approved	0				SubjectPronoun of 'genommen', by the parse of UDPipe's German-HDT model (Straka and Straková, ÚFAL, CC BY-NC-SA 4.0)
16:18	2	sie		2	יִּקְח֞וּ		attached-word	attached	0.5212	approved	0				SubjectPronoun of 'nahmen', by the parse of UDPipe's German-HDT model (Straka and Straková, ÚFAL, CC BY-NC-SA 4.0)
16:18	17	sie		14	יַּעַמְד֗וּ		attached-word	attached	0.475	approved	0				SubjectPronoun of 'traten', by the parse of UDPipe's German-HDT model (Straka and Straková, ÚFAL, CC BY-NC-SA 4.0)
16:21	2	euch		1	הִבָּ֣דְל֔וּ		attached-word	attached	0.61	approved	0				SubjectPronoun of 'Sondert', by the parse of UDPipe's German-HDT model (Straka and Straková, ÚFAL, CC BY-NC-SA 4.0)
16:22	2	sie		2	יִּפְּל֤וּ		attached-word	attached	0.5575	approved	0				SubjectPronoun of 'fielen', by the parse of UDPipe's German-HDT model (Straka and Straková, ÚFAL, CC BY-NC-SA 4.0)
16:22	21	du		23	תִּקְצֹֽף		attached-word	attached	0.3727	approved	0				SubjectPronoun of 'zürnen', by the parse of UDPipe's German-HDT model (Straka and Straková, ÚFAL, CC BY-NC-SA 4.0)
16:26	2	er		2	יְדַבֵּ֨ר		attached-word	attached	0.6677	approved	0				SubjectPronoun of 'redete', by the parse of UDPipe's German-HDT model (Straka and Straková, ÚFAL, CC BY-NC-SA 4.0)
16:28	5	sollt		6	תֵּֽדְע֔וּן		attached-word	attached	0.5977	approved	0				AuxiliaryVerb of 'erkennen', by the parse of UDPipe's German-HDT model (Straka and Straková, ÚFAL, CC BY-NC-SA 4.0)
16:28	6	ihr		6	תֵּֽדְע֔וּן		attached-word	attached	0.5977	approved	0				SubjectPronoun of 'erkennen', by the parse of UDPipe's German-HDT model (Straka and Straková, ÚFAL, CC BY-NC-SA 4.0)
16:28	12	hat		9	שְׁלָחַ֔נִי		attached-word	attached	0.6719	approved	0				AuxiliaryVerb of 'gesandt', by the parse of UDPipe's German-HDT model (Straka and Straková, ÚFAL, CC BY-NC-SA 4.0)
16:29	15	werden		14	יִפָּקֵ֖ד		attached-word	attached	0.6	approved	0				AuxiliaryVerb of 'heimgesucht', by the parse of UDPipe's German-HDT model (Straka and Straková, ÚFAL, CC BY-NC-SA 4.0)
16:29	17	hat		18	שְׁלָחָֽנִי		attached-word	attached	0.6719	approved	0				AuxiliaryVerb of 'gesandt', by the parse of UDPipe's German-HDT model (Straka and Straková, ÚFAL, CC BY-NC-SA 4.0)
16:30	14	sie		13	בָלְעָ֤ה		attached-word	attached	0.61	approved	0				SubjectPronoun of 'verschlingt', by the parse of UDPipe's German-HDT model (Straka and Straková, ÚFAL, CC BY-NC-SA 4.0)
16:30	29	werdet		25	ידַעְתֶּ֕ם		attached-word	attached	0.5977	approved	0				AuxiliaryVerb of 'erkennen', by the parse of UDPipe's German-HDT model (Straka and Straková, ÚFAL, CC BY-NC-SA 4.0)
16:30	30	ihr		25	ידַעְתֶּ֕ם		attached-word	attached	0.5977	approved	0				SubjectPronoun of 'erkennen', by the parse of UDPipe's German-HDT model (Straka and Straková, ÚFAL, CC BY-NC-SA 4.0)
16:31	10	hatte		6	דַבֵּ֕ר		attached-word	attached	0.65	approved	0				AuxiliaryVerb of 'ausgeredet', by the parse of UDPipe's German-HDT model (Straka and Straková, ÚFAL, CC BY-NC-SA 4.0)
16:34	15	sie		10	אָֽמְר֔וּ		attached-word	attached	0.6717	approved	0				SubjectPronoun of 'sprachen', by the parse of UDPipe's German-HDT model (Straka and Straková, ÚFAL, CC BY-NC-SA 4.0)
16:40	43	hatte		33	דִּבֶּ֧ר		attached-word	attached	0.595	approved	0				AuxiliaryVerb of 'geredet', by the parse of UDPipe's German-HDT model (Straka and Straková, ÚFAL, CC BY-NC-SA 4.0)
16:42	16	sie		13	יִּפְנוּ֙		attached-word	attached	0.4	approved	0				SubjectPronoun of 'wandten', by the parse of UDPipe's German-HDT model (Straka and Straková, ÚFAL, CC BY-NC-SA 4.0)
16:45	19	sie		14	יִּפְּל֖וּ		attached-word	attached	0.5575	approved	0				SubjectPronoun of 'fielen', by the parse of UDPipe's German-HDT model (Straka and Straková, ÚFAL, CC BY-NC-SA 4.0)
16:46	34	ist		31	יָצָ֥א		attached-word	attached	0.7	approved	0				AuxiliaryVerb of 'ausgegangen', by the parse of UDPipe's German-HDT model (Straka and Straková, ÚFAL, CC BY-NC-SA 4.0)
16:47	10	hatte		6	דִּבֶּ֣ר		attached-word	attached	0.595	approved	0				AuxiliaryVerb of 'geredet', by the parse of UDPipe's German-HDT model (Straka and Straková, ÚFAL, CC BY-NC-SA 4.0)
16:48	2	er		2	יַּעֲמֹ֥ד		attached-word	attached	0.4875	approved	0				SubjectPronoun of 'stand', by the parse of UDPipe's German-HDT model (Straka and Straková, ÚFAL, CC BY-NC-SA 4.0)
16:49	18	waren		18	מֵּתִ֖ים		attached-word	attached	0.6735	approved	0				AuxiliaryVerb of 'gestorben', by the parse of UDPipe's German-HDT model (Straka and Straková, ÚFAL, CC BY-NC-SA 4.0)
17:2	25	du		27	תִּכְתֹּ֖ב		attached-word	attached	0.6357	approved	0				SubjectPronoun of 'schreiben', by the parse of UDPipe's German-HDT model (Straka and Straková, ÚFAL, CC BY-NC-SA 4.0)
17:2	26	sollst		27	תִּכְתֹּ֖ב		attached-word	attached	0.6357	approved	0				AuxiliaryVerb of 'schreiben', by the parse of UDPipe's German-HDT model (Straka and Straková, ÚFAL, CC BY-NC-SA 4.0)
17:3	5	sollst		5	תִּכְתֹּ֖ב		attached-word	attached	0.6357	approved	0				AuxiliaryVerb of 'schreiben', by the parse of UDPipe's German-HDT model (Straka and Straková, ÚFAL, CC BY-NC-SA 4.0)
17:3	6	du		5	תִּכְתֹּ֖ב		attached-word	attached	0.6357	approved	0				SubjectPronoun of 'schreiben', by the parse of UDPipe's German-HDT model (Straka and Straková, ÚFAL, CC BY-NC-SA 4.0)
17:4	15	ich		11	אִוָּעֵ֥ד		attached-word	attached	0.35	approved	0				SubjectPronoun of 'zusammenkomme', by the parse of UDPipe's German-HDT model (Straka and Straková, ÚFAL, CC BY-NC-SA 4.0)
17:5	3	wird		2	הָיָ֗ה		attached-word	attached	0.4391	approved	0				AuxiliaryVerb of 'geschehen', by the parse of UDPipe's German-HDT model (Straka and Straková, ÚFAL, CC BY-NC-SA 4.0)
17:5	8	ich		6	אֶבְחַר		attached-word	attached	0.7	approved	0				SubjectPronoun of 'erwählen', by the parse of UDPipe's German-HDT model (Straka and Straková, ÚFAL, CC BY-NC-SA 4.0)
17:5	10	werde		6	אֶבְחַר		attached-word	attached	0.7	approved	0				AuxiliaryVerb of 'erwählen', by the parse of UDPipe's German-HDT model (Straka and Straková, ÚFAL, CC BY-NC-SA 4.0)
17:5	13	wird		9	יִפְרָ֑ח		attached-word	attached	0.475	approved	0				AuxiliaryVerb of 'sprossen', by the parse of UDPipe's German-HDT model (Straka and Straková, ÚFAL, CC BY-NC-SA 4.0)
17:9	16	sie		17	יִּרְא֥וּ		attached-word	attached	0.6772	approved	0				SubjectPronoun of 'sahen', by the parse of UDPipe's German-HDT model (Straka and Straková, ÚFAL, CC BY-NC-SA 4.0)
17:11	10	hatte		6	צִוָּ֧ה		attached-word	attached	0.475	approved	0				AuxiliaryVerb of 'geboten', by the parse of UDPipe's German-HDT model (Straka and Straková, ÚFAL, CC BY-NC-SA 4.0)
17:11	13	er		10	עָשָֽׂה		attached-word	attached	0.5119	approved	0				SubjectPronoun of 'tat', by the parse of UDPipe's German-HDT model (Straka and Straková, ÚFAL, CC BY-NC-SA 4.0)
18:3	3	sollen		2	שָֽׁמְרוּ֙		attached-word	attached	0.4273	approved	0				AuxiliaryVerb of 'warten', by the parse of UDPipe's German-HDT model (Straka and Straková, ÚFAL, CC BY-NC-SA 4.0)
18:5	3	sollt		2	שְׁמַרְתֶּ֗ם		attached-word	attached	0.4273	approved	0				AuxiliaryVerb of 'warten', by the parse of UDPipe's German-HDT model (Straka and Straková, ÚFAL, CC BY-NC-SA 4.0)
18:6	20	sind		15	נְתֻנִים֙		attached-word	attached	0.6423	approved	0				AuxiliaryVerb of 'gegeben', by the parse of UDPipe's German-HDT model (Straka and Straková, ÚFAL, CC BY-NC-SA 4.0)
18:7	33	ich		25	אֶתֵּן֙		attached-word	attached	0.6075	approved	0				SubjectPronoun of 'gebe', by the parse of UDPipe's German-HDT model (Straka and Straková, ÚFAL, CC BY-NC-SA 4.0)
18:7	44	werden		33	יוּמָֽת		attached-word	attached	0.5875	approved	0				AuxiliaryVerb of 'getötet', by the parse of UDPipe's German-HDT model (Straka and Straková, ÚFAL, CC BY-NC-SA 4.0)
18:8	10	habe		9	נָתַ֣תִּֽי		attached-word	attached	0.6423	approved	0				AuxiliaryVerb of 'gegeben', by the parse of UDPipe's German-HDT model (Straka and Straková, ÚFAL, CC BY-NC-SA 4.0)
18:9	2	soll		2	יִהְיֶ֥ה		attached-word	attached	0.4	approved	0				AuxiliaryVerb of 'gehören', by the parse of UDPipe's German-HDT model (Straka and Straková, ÚFAL, CC BY-NC-SA 4.0)
18:10	4	sollst		5	תֹּאכֲלֶ֑נּוּ		attached-word	attached	0.6443	approved	0				AuxiliaryVerb of 'essen', by the parse of UDPipe's German-HDT model (Straka and Straková, ÚFAL, CC BY-NC-SA 4.0)
18:10	5	du		5	תֹּאכֲלֶ֑נּוּ		attached-word	attached	0.6443	approved	0				SubjectPronoun of 'essen', by the parse of UDPipe's German-HDT model (Straka and Straková, ÚFAL, CC BY-NC-SA 4.0)
18:10	10	soll		8	יֹאכַ֣ל		attached-word	attached	0.6443	approved	0				AuxiliaryVerb of 'essen', by the parse of UDPipe's German-HDT model (Straka and Straková, ÚFAL, CC BY-NC-SA 4.0)
18:11	25	habe		12	נְתַתִּ֗ים		attached-word	attached	0.6423	approved	0				AuxiliaryVerb of 'gegeben', by the parse of UDPipe's German-HDT model (Straka and Straková, ÚFAL, CC BY-NC-SA 4.0)
18:11	26	ich		12	נְתַתִּ֗ים		attached-word	attached	0.6423	approved	0				SubjectPronoun of 'gegeben', by the parse of UDPipe's German-HDT model (Straka and Straková, ÚFAL, CC BY-NC-SA 4.0)
18:11	38	soll		27	יֹאכַ֥ל		attached-word	attached	0.6443	approved	0				AuxiliaryVerb of 'essen', by the parse of UDPipe's German-HDT model (Straka and Straková, ÚFAL, CC BY-NC-SA 4.0)
18:12	15	sie		12	יִתְּנ֥וּ		attached-word	attached	0.6306	approved	0				SubjectPronoun of 'geben', by the parse of UDPipe's German-HDT model (Straka and Straková, ÚFAL, CC BY-NC-SA 4.0)
18:12	19	habe		16	נְתַתִּֽים		attached-word	attached	0.6423	approved	0				AuxiliaryVerb of 'gegeben', by the parse of UDPipe's German-HDT model (Straka and Straková, ÚFAL, CC BY-NC-SA 4.0)
18:12	20	ich		16	נְתַתִּֽים		attached-word	attached	0.6423	approved	0				SubjectPronoun of 'gegeben', by the parse of UDPipe's German-HDT model (Straka and Straková, ÚFAL, CC BY-NC-SA 4.0)
18:13	12	sie		7	יָבִ֥יאוּ		attached-word	attached	0.485	approved	0				SubjectPronoun of 'bringen', by the parse of UDPipe's German-HDT model (Straka and Straková, ÚFAL, CC BY-NC-SA 4.0)
18:13	15	sollen		11	יִהְיֶ֑ה		attached-word	attached	0.4	approved	0				AuxiliaryVerb of 'gehören', by the parse of UDPipe's German-HDT model (Straka and Straková, ÚFAL, CC BY-NC-SA 4.0)
18:13	23	soll		16	יֹאכֲלֶֽנּוּ		attached-word	attached	0.6443	approved	0				AuxiliaryVerb of 'essen', by the parse of UDPipe's German-HDT model (Straka and Straková, ÚFAL, CC BY-NC-SA 4.0)
18:14	5	soll		6	יִהְיֶֽה		attached-word	attached	0.4	approved	0				AuxiliaryVerb of 'gehören', by the parse of UDPipe's German-HDT model (Straka and Straková, ÚFAL, CC BY-NC-SA 4.0)
18:15	18	soll		18	יִֽהְיֶה		attached-word	attached	0.4	approved	0				AuxiliaryVerb of 'gehören', by the parse of UDPipe's German-HDT model (Straka and Straková, ÚFAL, CC BY-NC-SA 4.0)
18:15	22	sollst		22	תִפְדֶּ֗ה		attached-word	attached	0.358	approved	0				AuxiliaryVerb of 'lösen', by the parse of UDPipe's German-HDT model (Straka and Straková, ÚFAL, CC BY-NC-SA 4.0)
18:15	23	du		22	תִפְדֶּ֗ה		attached-word	attached	0.358	approved	0				SubjectPronoun of 'lösen', by the parse of UDPipe's German-HDT model (Straka and Straková, ÚFAL, CC BY-NC-SA 4.0)
18:15	36	sollst		34	תִּפְדֶּֽה		attached-word	attached	0.358	approved	0				AuxiliaryVerb of 'lösen', by the parse of UDPipe's German-HDT model (Straka and Straková, ÚFAL, CC BY-NC-SA 4.0)
18:15	37	du		34	תִּפְדֶּֽה		attached-word	attached	0.358	approved	0				SubjectPronoun of 'lösen', by the parse of UDPipe's German-HDT model (Straka and Straková, ÚFAL, CC BY-NC-SA 4.0)
18:16	7	sollst		6	תִּפְדֶּ֔ה		attached-word	attached	0.358	approved	0				AuxiliaryVerb of 'lösen', by the parse of UDPipe's German-HDT model (Straka and Straková, ÚFAL, CC BY-NC-SA 4.0)
18:16	8	du		6	תִּפְדֶּ֔ה		attached-word	attached	0.358	approved	0				SubjectPronoun of 'lösen', by the parse of UDPipe's German-HDT model (Straka and Straková, ÚFAL, CC BY-NC-SA 4.0)
18:17	18	sollst		11	תִפְדֶּ֖ה		attached-word	attached	0.358	approved	0				AuxiliaryVerb of 'lösen', by the parse of UDPipe's German-HDT model (Straka and Straková, ÚFAL, CC BY-NC-SA 4.0)
18:17	19	du		11	תִפְדֶּ֖ה		attached-word	attached	0.358	approved	0				SubjectPronoun of 'lösen', by the parse of UDPipe's German-HDT model (Straka and Straková, ÚFAL, CC BY-NC-SA 4.0)
18:17	27	sollst		16	תִּזְרֹ֤ק		attached-word	attached	0.4088	approved	0				AuxiliaryVerb of 'sprengen', by the parse of UDPipe's German-HDT model (Straka and Straková, ÚFAL, CC BY-NC-SA 4.0)
18:17	28	du		16	תִּזְרֹ֤ק		attached-word	attached	0.4088	approved	0				SubjectPronoun of 'sprengen', by the parse of UDPipe's German-HDT model (Straka and Straková, ÚFAL, CC BY-NC-SA 4.0)
18:17	37	du		23	תַּקְטִ֔יר		attached-word	attached	0.682	approved	0				SubjectPronoun of 'räuchern', by the parse of UDPipe's German-HDT model (Straka and Straková, ÚFAL, CC BY-NC-SA 4.0)
18:18	4	soll		3	יִהְיֶה		attached-word	attached	0.4	approved	0				AuxiliaryVerb of 'gehören', by the parse of UDPipe's German-HDT model (Straka and Straková, ÚFAL, CC BY-NC-SA 4.0)
18:18	17	soll		15	יִהְיֶֽה		attached-word	attached	0.4	approved	0				AuxiliaryVerb of 'gehören', by the parse of UDPipe's German-HDT model (Straka and Straková, ÚFAL, CC BY-NC-SA 4.0)
18:19	13	habe		11	נָתַ֣תִּֽי		attached-word	attached	0.6423	approved	0				AuxiliaryVerb of 'gegeben', by the parse of UDPipe's German-HDT model (Straka and Straková, ÚFAL, CC BY-NC-SA 4.0)
18:19	14	ich		11	נָתַ֣תִּֽי		attached-word	attached	0.6423	approved	0				SubjectPronoun of 'gegeben', by the parse of UDPipe's German-HDT model (Straka and Straková, ÚFAL, CC BY-NC-SA 4.0)
18:20	9	sollst		9	תִנְחָ֔ל		attached-word	attached	0.3812	approved	0				AuxiliaryVerb of 'erben', by the parse of UDPipe's German-HDT model (Straka and Straková, ÚFAL, CC BY-NC-SA 4.0)
18:20	10	du		9	תִנְחָ֔ל		attached-word	attached	0.3812	approved	0				SubjectPronoun of 'erben', by the parse of UDPipe's German-HDT model (Straka and Straková, ÚFAL, CC BY-NC-SA 4.0)
18:21	6	habe		6	נָתַ֛תִּי		attached-word	attached	0.6423	approved	0				AuxiliaryVerb of 'gegeben', by the parse of UDPipe's German-HDT model (Straka and Straková, ÚFAL, CC BY-NC-SA 4.0)
18:21	7	ich		6	נָתַ֛תִּי		attached-word	attached	0.6423	approved	0				SubjectPronoun of 'gegeben', by the parse of UDPipe's German-HDT model (Straka and Straková, ÚFAL, CC BY-NC-SA 4.0)
18:23	14	sollen		12	יִשְׂא֣וּ		attached-word	attached	0.5517	approved	0				AuxiliaryVerb of 'tragen', by the parse of UDPipe's German-HDT model (Straka and Straková, ÚFAL, CC BY-NC-SA 4.0)
18:23	29	sollen		24	יִנְחֲל֖וּ		attached-word	attached	0.2743	approved	0				AuxiliaryVerb of 'besitzen', by the parse of UDPipe's German-HDT model (Straka and Straková, ÚFAL, CC BY-NC-SA 4.0)
18:24	8	sie		7	יָרִ֤ימוּ		attached-word	attached	0.3625	approved	0				SubjectPronoun of 'heben', by the parse of UDPipe's German-HDT model (Straka and Straková, ÚFAL, CC BY-NC-SA 4.0)
18:24	13	habe		11	נָתַ֥תִּי		attached-word	attached	0.6423	approved	0				AuxiliaryVerb of 'gegeben', by the parse of UDPipe's German-HDT model (Straka and Straková, ÚFAL, CC BY-NC-SA 4.0)
18:24	14	ich		11	נָתַ֥תִּי		attached-word	attached	0.6423	approved	0				SubjectPronoun of 'gegeben', by the parse of UDPipe's German-HDT model (Straka and Straková, ÚFAL, CC BY-NC-SA 4.0)
18:24	21	habe		19	אָמַ֣רְתִּי		attached-word	attached	0.5962	approved	0				AuxiliaryVerb of 'gesagt', by the parse of UDPipe's German-HDT model (Straka and Straková, ÚFAL, CC BY-NC-SA 4.0)
18:24	22	ich		19	אָמַ֣רְתִּי		attached-word	attached	0.5962	approved	0				SubjectPronoun of 'gesagt', by the parse of UDPipe's German-HDT model (Straka and Straková, ÚFAL, CC BY-NC-SA 4.0)
18:24	35	sollen		26	יִנְחֲל֖וּ		attached-word	attached	0.2743	approved	0				AuxiliaryVerb of 'besitzen', by the parse of UDPipe's German-HDT model (Straka and Straková, ÚFAL, CC BY-NC-SA 4.0)
18:26	5	sollst		5	תְּדַבֵּר֮		attached-word	attached	0.5103	approved	0				AuxiliaryVerb of 'reden', by the parse of UDPipe's German-HDT model (Straka and Straková, ÚFAL, CC BY-NC-SA 4.0)
18:26	6	du		5	תְּדַבֵּר֮		attached-word	attached	0.5103	approved	0				SubjectPronoun of 'reden', by the parse of UDPipe's German-HDT model (Straka and Straková, ÚFAL, CC BY-NC-SA 4.0)
18:26	13	ihr		10	תִ֠קְחוּ		attached-word	attached	0.6143	approved	0				SubjectPronoun of 'nehmet', by the parse of UDPipe's German-HDT model (Straka and Straková, ÚFAL, CC BY-NC-SA 4.0)
18:26	22	ich		19	נָתַ֧תִּי		attached-word	attached	0.6423	approved	0				SubjectPronoun of 'gegeben', by the parse of UDPipe's German-HDT model (Straka and Straková, ÚFAL, CC BY-NC-SA 4.0)
18:26	30	habe		19	נָתַ֧תִּי		attached-word	attached	0.6423	approved	0				AuxiliaryVerb of 'gegeben', by the parse of UDPipe's German-HDT model (Straka and Straková, ÚFAL, CC BY-NC-SA 4.0)
18:26	32	sollt		26	הֲרֵמֹתֶ֤ם		attached-word	attached	0.3625	approved	0				AuxiliaryVerb of 'heben', by the parse of UDPipe's German-HDT model (Straka and Straková, ÚFAL, CC BY-NC-SA 4.0)
18:26	33	ihr		26	הֲרֵמֹתֶ֤ם		attached-word	attached	0.3625	approved	0				SubjectPronoun of 'heben', by the parse of UDPipe's German-HDT model (Straka and Straková, ÚFAL, CC BY-NC-SA 4.0)
18:27	4	wird		2	נֶחְשַׁ֥ב		attached-word	attached	0.5714	approved	0				AuxiliaryVerb of 'gerechnet', by the parse of UDPipe's German-HDT model (Straka and Straková, ÚFAL, CC BY-NC-SA 4.0)
18:27	7	werden		2	נֶחְשַׁ֥ב		attached-word	attached	0.5714	approved	0				AuxiliaryVerb of 'gerechnet', by the parse of UDPipe's German-HDT model (Straka and Straková, ÚFAL, CC BY-NC-SA 4.0)
18:29	5	sollt		4	תָּרִ֕ימוּ		attached-word	attached	0.3625	approved	0				AuxiliaryVerb of 'heben', by the parse of UDPipe's German-HDT model (Straka and Straková, ÚFAL, CC BY-NC-SA 4.0)
18:30	2	du		2	אָמַרְתָּ֖		attached-word	attached	0.6388	approved	0				SubjectPronoun of 'sagen', by the parse of UDPipe's German-HDT model (Straka and Straková, ÚFAL, CC BY-NC-SA 4.0)
18:30	3	sollst		2	אָמַרְתָּ֖		attached-word	attached	0.6388	approved	0				AuxiliaryVerb of 'sagen', by the parse of UDPipe's German-HDT model (Straka and Straková, ÚFAL, CC BY-NC-SA 4.0)
18:30	8	ihr		5	הֲרִֽימְכֶ֤ם		attached-word	attached	0.34	approved	0				SubjectPronoun of 'hebet', by the parse of UDPipe's German-HDT model (Straka and Straková, ÚFAL, CC BY-NC-SA 4.0)
18:30	19	werden		10	נֶחְשַׁב֙		attached-word	attached	0.5714	approved	0				AuxiliaryVerb of 'gerechnet', by the parse of UDPipe's German-HDT model (Straka and Straková, ÚFAL, CC BY-NC-SA 4.0)
18:32	11	ihr		3	תִשְׂא֤וּ		attached-word	attached	0.52	approved	0				SubjectPronoun of 'hebet', by the parse of UDPipe's German-HDT model (Straka and Straková, ÚFAL, CC BY-NC-SA 4.0)
19:2	10	hat		6	צִוָּ֥ה		attached-word	attached	0.475	approved	0				AuxiliaryVerb of 'geboten', by the parse of UDPipe's German-HDT model (Straka and Straková, ÚFAL, CC BY-NC-SA 4.0)
19:3	3	sollt		2	נְתַתֶּ֣ם		attached-word	attached	0.6262	approved	0				AuxiliaryVerb of 'geben', by the parse of UDPipe's German-HDT model (Straka and Straková, ÚFAL, CC BY-NC-SA 4.0)
19:5	3	soll		2	שָׂרַ֥ף		attached-word	attached	0.6182	approved	0				AuxiliaryVerb of 'verbrennen', by the parse of UDPipe's German-HDT model (Straka and Straková, ÚFAL, CC BY-NC-SA 4.0)
19:5	22	soll		18	יִשְׂרֹֽף		attached-word	attached	0.6182	approved	0				AuxiliaryVerb of 'verbrennen', by the parse of UDPipe's German-HDT model (Straka and Straková, ÚFAL, CC BY-NC-SA 4.0)
19:6	4	soll		2	לָקַ֣ח		attached-word	attached	0.5732	approved	0				AuxiliaryVerb of 'nehmen', by the parse of UDPipe's German-HDT model (Straka and Straková, ÚFAL, CC BY-NC-SA 4.0)
19:7	4	soll		2	כִבֶּ֨ס		attached-word	attached	0.5372	approved	0				AuxiliaryVerb of 'waschen', by the parse of UDPipe's German-HDT model (Straka and Straková, ÚFAL, CC BY-NC-SA 4.0)
19:7	16	soll		14	יָבֹ֣וא		attached-word	attached	0.306	approved	0				AuxiliaryVerb of 'gehen', by the parse of UDPipe's German-HDT model (Straka and Straková, ÚFAL, CC BY-NC-SA 4.0)
19:7	17	er		14	יָבֹ֣וא		attached-word	attached	0.306	approved	0				SubjectPronoun of 'gehen', by the parse of UDPipe's German-HDT model (Straka and Straková, ÚFAL, CC BY-NC-SA 4.0)
19:8	5	soll		5	יְכַבֵּ֤ס		attached-word	attached	0.5372	approved	0				AuxiliaryVerb of 'waschen', by the parse of UDPipe's German-HDT model (Straka and Straková, ÚFAL, CC BY-NC-SA 4.0)
19:9	5	soll		2	אָסַ֣ף		attached-word	attached	0.3519	approved	0				AuxiliaryVerb of 'sammeln', by the parse of UDPipe's German-HDT model (Straka and Straková, ÚFAL, CC BY-NC-SA 4.0)
19:10	9	hat		4	אֹסֵ֨ף		attached-word	attached	0.475	approved	0				AuxiliaryVerb of 'gesammelt', by the parse of UDPipe's German-HDT model (Straka and Straková, ÚFAL, CC BY-NC-SA 4.0)
19:10	10	soll		2	כִבֶּס		attached-word	attached	0.5372	approved	0				AuxiliaryVerb of 'waschen', by the parse of UDPipe's German-HDT model (Straka and Straková, ÚFAL, CC BY-NC-SA 4.0)
19:12	2	soll		2	יִתְחַטָּא		attached-word	attached	0.7	approved	0				AuxiliaryVerb of 'entsündigen', by the parse of UDPipe's German-HDT model (Straka and Straková, ÚFAL, CC BY-NC-SA 4.0)
19:13	13	ist		11	יָמ֜וּת		attached-word	attached	0.6735	approved	0				AuxiliaryVerb of 'gestorben', by the parse of UDPipe's German-HDT model (Straka and Straková, ÚFAL, CC BY-NC-SA 4.0)
19:13	28	werden		20	נִכְרְתָ֛ה		attached-word	attached	0.6386	approved	0				AuxiliaryVerb of 'ausgerottet', by the parse of UDPipe's German-HDT model (Straka and Straková, ÚFAL, CC BY-NC-SA 4.0)
19:17	3	soll		2	לָֽקְחוּ֙		attached-word	attached	0.5732	approved	0				AuxiliaryVerb of 'nehmen', by the parse of UDPipe's German-HDT model (Straka and Straková, ÚFAL, CC BY-NC-SA 4.0)
19:18	5	soll		2	לָקַ֨ח		attached-word	attached	0.5732	approved	0				AuxiliaryVerb of 'nehmen', by the parse of UDPipe's German-HDT model (Straka and Straková, ÚFAL, CC BY-NC-SA 4.0)
19:18	15	soll		12	הִזָּ֤ה		attached-word	attached	0.4618	approved	0				AuxiliaryVerb of 'sprengen', by the parse of UDPipe's German-HDT model (Straka and Straková, ÚFAL, CC BY-NC-SA 4.0)
19:19	3	soll		2	הִזָּ֤ה		attached-word	attached	0.4618	approved	0				AuxiliaryVerb of 'sprengen', by the parse of UDPipe's German-HDT model (Straka and Straková, ÚFAL, CC BY-NC-SA 4.0)
19:19	24	er		27	כִבֶּ֧ס		attached-word	attached	0.5372	approved	0				SubjectPronoun of 'waschen', by the parse of UDPipe's German-HDT model (Straka and Straková, ÚFAL, CC BY-NC-SA 4.0)
19:19	25	soll		27	כִבֶּ֧ס		attached-word	attached	0.5372	approved	0				AuxiliaryVerb of 'waschen', by the parse of UDPipe's German-HDT model (Straka and Straková, ÚFAL, CC BY-NC-SA 4.0)
19:20	14	werden		9	נִכְרְתָ֛ה		attached-word	attached	0.6386	approved	0				AuxiliaryVerb of 'ausgerottet', by the parse of UDPipe's German-HDT model (Straka and Straková, ÚFAL, CC BY-NC-SA 4.0)
19:21	16	soll		12	יְכַבֵּ֣ס		attached-word	attached	0.5372	approved	0				AuxiliaryVerb of 'waschen', by the parse of UDPipe's German-HDT model (Straka and Straková, ÚFAL, CC BY-NC-SA 4.0)
20:1	27	wurde		26	תִּקָּבֵ֖ר		attached-word	attached	0.6542	approved	0				AuxiliaryVerb of 'begraben', by the parse of UDPipe's German-HDT model (Straka and Straková, ÚFAL, CC BY-NC-SA 4.0)
20:2	11	sie		9	יִּקָּ֣הֲל֔וּ		attached-word	attached	0.2781	approved	0				SubjectPronoun of 'versammelten', by the parse of UDPipe's German-HDT model (Straka and Straková, ÚFAL, CC BY-NC-SA 4.0)
20:3	8	sie		8	יֹּאמְר֣וּ		attached-word	attached	0.672	approved	0				SubjectPronoun of 'sprachen', by the parse of UDPipe's German-HDT model (Straka and Straková, ÚFAL, CC BY-NC-SA 4.0)
20:4	3	habt		3	הֲבֵאתֶם֙		attached-word	attached	0.4167	approved	0				AuxiliaryVerb of 'gebracht', by the parse of UDPipe's German-HDT model (Straka and Straková, ÚFAL, CC BY-NC-SA 4.0)
20:5	3	habt		3	הֶֽעֱלִיתֻ֨נוּ֙		attached-word	attached	0.7	approved	0				AuxiliaryVerb of 'heraufgeführt', by the parse of UDPipe's German-HDT model (Straka and Straková, ÚFAL, CC BY-NC-SA 4.0)
20:8	22	wird		22	נָתַ֣ן		attached-word	attached	0.6261	approved	0				AuxiliaryVerb of 'geben', by the parse of UDPipe's German-HDT model (Straka and Straková, ÚFAL, CC BY-NC-SA 4.0)
20:8	23	er		22	נָתַ֣ן		attached-word	attached	0.6261	approved	0				SubjectPronoun of 'geben', by the parse of UDPipe's German-HDT model (Straka and Straková, ÚFAL, CC BY-NC-SA 4.0)
20:8	29	wirst		25	הֹוצֵאתָ֙		attached-word	attached	0.7	approved	0				AuxiliaryVerb of 'hervorbringen', by the parse of UDPipe's German-HDT model (Straka and Straková, ÚFAL, CC BY-NC-SA 4.0)
20:9	11	er		13	צִוָּֽהוּ		attached-word	attached	0.475	approved	0				SubjectPronoun of 'geboten', by the parse of UDPipe's German-HDT model (Straka and Straková, ÚFAL, CC BY-NC-SA 4.0)
20:9	14	hatte		13	צִוָּֽהוּ		attached-word	attached	0.475	approved	0				AuxiliaryVerb of 'geboten', by the parse of UDPipe's German-HDT model (Straka and Straková, ÚFAL, CC BY-NC-SA 4.0)
20:10	12	er		14	יֹּ֣אמֶר		attached-word	attached	0.6898	approved	0				SubjectPronoun of 'sprach', by the parse of UDPipe's German-HDT model (Straka and Straková, ÚFAL, CC BY-NC-SA 4.0)
20:10	20	Werden		26	נֹוצִ֥יא		attached-word	attached	0.7	approved	0				AuxiliaryVerb of 'hervorbringen', by the parse of UDPipe's German-HDT model (Straka and Straková, ÚFAL, CC BY-NC-SA 4.0)
20:10	21	wir		26	נֹוצִ֥יא		attached-word	attached	0.7	approved	0				SubjectPronoun of 'hervorbringen', by the parse of UDPipe's German-HDT model (Straka and Straková, ÚFAL, CC BY-NC-SA 4.0)
20:12	25	sollt		21	תָבִ֨יאוּ֙		attached-word	attached	0.4861	approved	0				AuxiliaryVerb of 'bringen', by the parse of UDPipe's German-HDT model (Straka and Straková, ÚFAL, CC BY-NC-SA 4.0)
20:12	26	ihr		21	תָבִ֨יאוּ֙		attached-word	attached	0.4861	approved	0				SubjectPronoun of 'bringen', by the parse of UDPipe's German-HDT model (Straka and Straková, ÚFAL, CC BY-NC-SA 4.0)
20:12	35	ich		31	נָתַ֥תִּי		attached-word	attached	0.6446	approved	0				SubjectPronoun of 'gegeben', by the parse of UDPipe's German-HDT model (Straka and Straková, ÚFAL, CC BY-NC-SA 4.0)
20:12	38	habe		31	נָתַ֥תִּי		attached-word	attached	0.6446	approved	0				AuxiliaryVerb of 'gegeben', by the parse of UDPipe's German-HDT model (Straka and Straková, ÚFAL, CC BY-NC-SA 4.0)
20:13	15	er		11	יִּקָּדֵ֖שׁ		attached-word	attached	0.7	approved	0				SubjectPronoun of 'heiligte', by the parse of UDPipe's German-HDT model (Straka and Straková, ÚFAL, CC BY-NC-SA 4.0)
20:16	7	er		6	יִּשְׁמַ֣ע		attached-word	attached	0.6493	approved	0				SubjectPronoun of 'gehört', by the parse of UDPipe's German-HDT model (Straka and Straková, ÚFAL, CC BY-NC-SA 4.0)
20:18	6	Du		6	תַעֲבֹ֖ר		attached-word	attached	0.475	approved	0				SubjectPronoun of 'durchziehen', by the parse of UDPipe's German-HDT model (Straka and Straková, ÚFAL, CC BY-NC-SA 4.0)
20:18	7	sollst		6	תַעֲבֹ֖ר		attached-word	attached	0.475	approved	0				AuxiliaryVerb of 'durchziehen', by the parse of UDPipe's German-HDT model (Straka and Straková, ÚFAL, CC BY-NC-SA 4.0)
20:19	12	wir		9	נַעֲלֶה֒		attached-word	attached	0.7	approved	0				SubjectPronoun of 'hinaufziehen', by the parse of UDPipe's German-HDT model (Straka and Straková, ÚFAL, CC BY-NC-SA 4.0)
20:19	16	wir		13	נִשְׁתֶּה֙		attached-word	attached	0.6264	approved	0				SubjectPronoun of 'trinken', by the parse of UDPipe's German-HDT model (Straka and Straková, ÚFAL, CC BY-NC-SA 4.0)
20:20	2	er		2	יֹּ֖אמֶר		attached-word	attached	0.6898	approved	0				SubjectPronoun of 'sprach', by the parse of UDPipe's German-HDT model (Straka and Straková, ÚFAL, CC BY-NC-SA 4.0)
20:20	4	Du		4	תַעֲבֹ֑ר		attached-word	attached	0.475	approved	0				SubjectPronoun of 'durchziehen', by the parse of UDPipe's German-HDT model (Straka and Straková, ÚFAL, CC BY-NC-SA 4.0)
20:20	5	sollst		4	תַעֲבֹ֑ר		attached-word	attached	0.475	approved	0				AuxiliaryVerb of 'durchziehen', by the parse of UDPipe's German-HDT model (Straka and Straková, ÚFAL, CC BY-NC-SA 4.0)
20:22	2	sie		2	יִּסְע֖וּ		attached-word	attached	0.34	approved	0				SubjectPronoun of 'brachen', by the parse of UDPipe's German-HDT model (Straka and Straková, ÚFAL, CC BY-NC-SA 4.0)
20:24	7	werden		1	יֵאָסֵ֤ף		attached-word	attached	0.4214	approved	0				AuxiliaryVerb of 'versammelt', by the parse of UDPipe's German-HDT model (Straka and Straková, ÚFAL, CC BY-NC-SA 4.0)
20:24	9	er		7	יָבֹא֙		attached-word	attached	0.531	approved	0				SubjectPronoun of 'kommen', by the parse of UDPipe's German-HDT model (Straka and Straková, ÚFAL, CC BY-NC-SA 4.0)
20:24	10	soll		7	יָבֹא֙		attached-word	attached	0.531	approved	0				AuxiliaryVerb of 'kommen', by the parse of UDPipe's German-HDT model (Straka and Straková, ÚFAL, CC BY-NC-SA 4.0)
20:24	17	ich		12	נָתַ֖תִּי		attached-word	attached	0.6446	approved	0				SubjectPronoun of 'gegeben', by the parse of UDPipe's German-HDT model (Straka and Straková, ÚFAL, CC BY-NC-SA 4.0)
20:24	22	habe		12	נָתַ֖תִּי		attached-word	attached	0.6446	approved	0				AuxiliaryVerb of 'gegeben', by the parse of UDPipe's German-HDT model (Straka and Straková, ÚFAL, CC BY-NC-SA 4.0)
20:26	18	werden		14	יֵאָסֵ֖ף		attached-word	attached	0.4214	approved	0				AuxiliaryVerb of 'versammelt', by the parse of UDPipe's German-HDT model (Straka and Straková, ÚFAL, CC BY-NC-SA 4.0)
20:27	8	hatte		6	צִוָּ֣ה		attached-word	attached	0.475	approved	0				AuxiliaryVerb of 'geboten', by the parse of UDPipe's German-HDT model (Straka and Straková, ÚFAL, CC BY-NC-SA 4.0)
20:27	10	sie		9	יַּעֲלוּ֙		attached-word	attached	0.5071	approved	0				SubjectPronoun of 'stiegen', by the parse of UDPipe's German-HDT model (Straka and Straková, ÚFAL, CC BY-NC-SA 4.0)
20:29	10	war		7	גָוַ֖ע		attached-word	attached	0.7	approved	0				AuxiliaryVerb of 'verschieden', by the parse of UDPipe's German-HDT model (Straka and Straková, ÚFAL, CC BY-NC-SA 4.0)
21:1	21	er		17	יִּלָּ֨חֶם֙		attached-word	attached	0.682	approved	0				SubjectPronoun of 'stritt', by the parse of UDPipe's German-HDT model (Straka and Straková, ÚFAL, CC BY-NC-SA 4.0)
21:2	10	du		11	תִּתֵּ֜ן		attached-word	attached	0.65	approved	0				SubjectPronoun of 'gibst', by the parse of UDPipe's German-HDT model (Straka and Straková, ÚFAL, CC BY-NC-SA 4.0)
21:2	19	werde		20	הַֽחֲרַמְתִּ֖י		attached-word	attached	0.7	approved	0				AuxiliaryVerb of 'verbannen', by the parse of UDPipe's German-HDT model (Straka and Straková, ÚFAL, CC BY-NC-SA 4.0)
21:2	20	ich		20	הַֽחֲרַמְתִּ֖י		attached-word	attached	0.7	approved	0				SubjectPronoun of 'verbannen', by the parse of UDPipe's German-HDT model (Straka and Straková, ÚFAL, CC BY-NC-SA 4.0)
21:4	2	sie		2	יִּסְע֞וּ		attached-word	attached	0.34	approved	0				SubjectPronoun of 'brachen', by the parse of UDPipe's German-HDT model (Straka and Straková, ÚFAL, CC BY-NC-SA 4.0)
21:7	8	sie		8	יֹּאמְר֣וּ		attached-word	attached	0.672	approved	0				SubjectPronoun of 'sprachen', by the parse of UDPipe's German-HDT model (Straka and Straková, ÚFAL, CC BY-NC-SA 4.0)
21:7	10	Wir		9	חָטָ֗אנוּ		attached-word	attached	0.6735	approved	0				SubjectPronoun of 'gesündigt', by the parse of UDPipe's German-HDT model (Straka and Straková, ÚFAL, CC BY-NC-SA 4.0)
21:7	11	haben		9	חָטָ֗אנוּ		attached-word	attached	0.6735	approved	0				AuxiliaryVerb of 'gesündigt', by the parse of UDPipe's German-HDT model (Straka and Straková, ÚFAL, CC BY-NC-SA 4.0)
21:7	14	wir		11	דִבַּ֤רְנוּ		attached-word	attached	0.595	approved	0				SubjectPronoun of 'geredet', by the parse of UDPipe's German-HDT model (Straka and Straková, ÚFAL, CC BY-NC-SA 4.0)
21:7	21	haben		11	דִבַּ֤רְנוּ		attached-word	attached	0.595	approved	0				AuxiliaryVerb of 'geredet', by the parse of UDPipe's German-HDT model (Straka and Straková, ÚFAL, CC BY-NC-SA 4.0)
21:7	26	er		20	יָסֵ֥ר		attached-word	attached	0.475	approved	0				SubjectPronoun of 'wegnehme', by the parse of UDPipe's German-HDT model (Straka and Straková, ÚFAL, CC BY-NC-SA 4.0)
21:8	19	wird		15	הָיָה֙		attached-word	attached	0.4391	approved	0				AuxiliaryVerb of 'geschehen', by the parse of UDPipe's German-HDT model (Straka and Straková, ÚFAL, CC BY-NC-SA 4.0)
21:9	24	er		20	הִבִּ֛יט		attached-word	attached	0.3	approved	0				SubjectPronoun of 'schaute', by the parse of UDPipe's German-HDT model (Straka and Straková, ÚFAL, CC BY-NC-SA 4.0)
21:11	2	sie		2	יִּסְע֖וּ		attached-word	attached	0.34	approved	0				SubjectPronoun of 'brachen', by the parse of UDPipe's German-HDT model (Straka and Straková, ÚFAL, CC BY-NC-SA 4.0)
21:12	4	sie		3	נָסָ֑עוּ		attached-word	attached	0.34	approved	0				SubjectPronoun of 'brachen', by the parse of UDPipe's German-HDT model (Straka and Straková, ÚFAL, CC BY-NC-SA 4.0)
21:13	4	sie		3	נָסָעוּ֒		attached-word	attached	0.34	approved	0				SubjectPronoun of 'brachen', by the parse of UDPipe's German-HDT model (Straka and Straková, ÚFAL, CC BY-NC-SA 4.0)
21:16	22	ich		18	אֶתְּנָ֥ה		attached-word	attached	0.6261	approved	0				SubjectPronoun of 'geben', by the parse of UDPipe's German-HDT model (Straka and Straková, ÚFAL, CC BY-NC-SA 4.0)
21:22	18	wir		12	נִשְׁתֶּ֖ה		attached-word	attached	0.6277	approved	0				SubjectPronoun of 'trinken', by the parse of UDPipe's German-HDT model (Straka and Straková, ÚFAL, CC BY-NC-SA 4.0)
21:26	13	hatte		11	נִלְחַ֗ם		attached-word	attached	0.7	approved	0				AuxiliaryVerb of 'gestritten', by the parse of UDPipe's German-HDT model (Straka and Straková, ÚFAL, CC BY-NC-SA 4.0)
21:26	22	hatte		18	יִּקַּ֧ח		attached-word	attached	0.4842	approved	0				AuxiliaryVerb of 'genommen', by the parse of UDPipe's German-HDT model (Straka and Straková, ÚFAL, CC BY-NC-SA 4.0)
21:29	4	du		4	אָבַ֖דְתָּ		attached-word	attached	0.5773	approved	0				SubjectPronoun of 'verloren', by the parse of UDPipe's German-HDT model (Straka and Straková, ÚFAL, CC BY-NC-SA 4.0)
21:29	5	bist		4	אָבַ֖דְתָּ		attached-word	attached	0.5773	approved	0				AuxiliaryVerb of 'verloren', by the parse of UDPipe's German-HDT model (Straka and Straková, ÚFAL, CC BY-NC-SA 4.0)
21:29	10	Er		7	נָתַ֨ן		attached-word	attached	0.2863	approved	0				SubjectPronoun of 'gemacht', by the parse of UDPipe's German-HDT model (Straka and Straková, ÚFAL, CC BY-NC-SA 4.0)
21:29	11	hat		7	נָתַ֨ן		attached-word	attached	0.2863	approved	0				AuxiliaryVerb of 'gemacht', by the parse of UDPipe's German-HDT model (Straka and Straková, ÚFAL, CC BY-NC-SA 4.0)
21:30	2	haben		2	נִּירָ֛ם		attached-word	attached	0.3625	approved	0				AuxiliaryVerb of 'geschossen', by the parse of UDPipe's German-HDT model (Straka and Straková, ÚFAL, CC BY-NC-SA 4.0)
21:30	3	wir		2	נִּירָ֛ם		attached-word	attached	0.3625	approved	0				SubjectPronoun of 'geschossen', by the parse of UDPipe's German-HDT model (Straka and Straková, ÚFAL, CC BY-NC-SA 4.0)
21:30	14	wir		8	נַּשִּׁ֣ים		attached-word	attached	0.4618	approved	0				SubjectPronoun of 'verwüstet', by the parse of UDPipe's German-HDT model (Straka and Straková, ÚFAL, CC BY-NC-SA 4.0)
21:33	2	sie		2	יִּפְנוּ֙		attached-word	attached	0.4	approved	0				SubjectPronoun of 'wandten', by the parse of UDPipe's German-HDT model (Straka and Straková, ÚFAL, CC BY-NC-SA 4.0)
21:34	13	habe		12	נָתַ֧תִּי		attached-word	attached	0.6443	approved	0				AuxiliaryVerb of 'gegeben', by the parse of UDPipe's German-HDT model (Straka and Straková, ÚFAL, CC BY-NC-SA 4.0)
21:34	14	ich		12	נָתַ֧תִּי		attached-word	attached	0.6443	approved	0				SubjectPronoun of 'gegeben', by the parse of UDPipe's German-HDT model (Straka and Straková, ÚFAL, CC BY-NC-SA 4.0)
21:34	36	hast		26	עָשִׂ֗יתָ		attached-word	attached	0.5611	approved	0				AuxiliaryVerb of 'getan', by the parse of UDPipe's German-HDT model (Straka and Straková, ÚFAL, CC BY-NC-SA 4.0)
21:35	2	sie		2	יַּכּ֨וּ		attached-word	attached	0.6574	approved	0				SubjectPronoun of 'schlugen', by the parse of UDPipe's German-HDT model (Straka and Straková, ÚFAL, CC BY-NC-SA 4.0)
22:2	13	hatte		9	עָשָׂ֥ה		attached-word	attached	0.5603	approved	0				AuxiliaryVerb of 'getan', by the parse of UDPipe's German-HDT model (Straka and Straková, ÚFAL, CC BY-NC-SA 4.0)
22:5	35	ist		23	יָצָ֤א		attached-word	attached	0.3571	approved	0				AuxiliaryVerb of 'gezogen', by the parse of UDPipe's German-HDT model (Straka and Straková, ÚFAL, CC BY-NC-SA 4.0)
22:6	20	wir		18	נַכֶּה		attached-word	attached	0.6087	approved	0				SubjectPronoun of 'schlagen', by the parse of UDPipe's German-HDT model (Straka and Straková, ÚFAL, CC BY-NC-SA 4.0)
22:6	31	ich		26	יָדַ֗עְתִּי		attached-word	attached	0.5943	approved	0				SubjectPronoun of 'weiß', by the parse of UDPipe's German-HDT model (Straka and Straková, ÚFAL, CC BY-NC-SA 4.0)
22:6	44	ist		34	יוּאָֽר		attached-word	attached	0.6662	approved	0				AuxiliaryVerb of 'verflucht', by the parse of UDPipe's German-HDT model (Straka and Straková, ÚFAL, CC BY-NC-SA 4.0)
22:7	20	sie		13	יָּבֹ֨אוּ֙		attached-word	attached	0.6376	approved	0				SubjectPronoun of 'kamen', by the parse of UDPipe's German-HDT model (Straka and Straková, ÚFAL, CC BY-NC-SA 4.0)
22:8	2	er		2	יֹּ֣אמֶר		attached-word	attached	0.6898	approved	0				SubjectPronoun of 'sprach', by the parse of UDPipe's German-HDT model (Straka and Straková, ÚFAL, CC BY-NC-SA 4.0)
22:8	22	wird		14	יְדַבֵּ֥ר		attached-word	attached	0.5077	approved	0				AuxiliaryVerb of 'reden', by the parse of UDPipe's German-HDT model (Straka and Straková, ÚFAL, CC BY-NC-SA 4.0)
22:10	14	hat		12	שָׁלַ֥ח		attached-word	attached	0.6719	approved	0				AuxiliaryVerb of 'gesandt', by the parse of UDPipe's German-HDT model (Straka and Straková, ÚFAL, CC BY-NC-SA 4.0)
22:12	6	Du		7	תֵלֵ֖ךְ		attached-word	attached	0.3172	approved	0				SubjectPronoun of 'gehen', by the parse of UDPipe's German-HDT model (Straka and Straková, ÚFAL, CC BY-NC-SA 4.0)
22:12	7	sollst		7	תֵלֵ֖ךְ		attached-word	attached	0.3172	approved	0				AuxiliaryVerb of 'gehen', by the parse of UDPipe's German-HDT model (Straka and Straková, ÚFAL, CC BY-NC-SA 4.0)
22:12	13	sollst		10	תָאֹר֙		attached-word	attached	0.475	approved	0				AuxiliaryVerb of 'verfluchen', by the parse of UDPipe's German-HDT model (Straka and Straková, ÚFAL, CC BY-NC-SA 4.0)
22:16	2	sie		2	יָּבֹ֖אוּ		attached-word	attached	0.6376	approved	0				SubjectPronoun of 'kamen', by the parse of UDPipe's German-HDT model (Straka and Straková, ÚFAL, CC BY-NC-SA 4.0)
22:17	5	ich		3	אֲכַבֶּדְךָ֙		attached-word	attached	0.36	approved	0				SubjectPronoun of 'ehren', by the parse of UDPipe's German-HDT model (Straka and Straková, ÚFAL, CC BY-NC-SA 4.0)
22:17	11	du		8	תֹּאמַ֥ר		attached-word	attached	0.6394	approved	0				SubjectPronoun of 'sagen', by the parse of UDPipe's German-HDT model (Straka and Straková, ÚFAL, CC BY-NC-SA 4.0)
22:17	14	wirst		8	תֹּאמַ֥ר		attached-word	attached	0.6394	approved	0				AuxiliaryVerb of 'sagen', by the parse of UDPipe's German-HDT model (Straka and Straková, ÚFAL, CC BY-NC-SA 4.0)
22:17	16	ich		10	אֶֽעֱשֶׂ֑ה		attached-word	attached	0.5148	approved	0				SubjectPronoun of 'tun', by the parse of UDPipe's German-HDT model (Straka and Straková, ÚFAL, CC BY-NC-SA 4.0)
22:18	22	ich		19	אוּכַ֗ל		attached-word	attached	0.475	approved	0				SubjectPronoun of 'vermöchte', by the parse of UDPipe's German-HDT model (Straka and Straková, ÚFAL, CC BY-NC-SA 4.0)
22:19	12	werde		12	אֵ֣דְעָ֔ה		attached-word	attached	0.6569	approved	0				AuxiliaryVerb of 'erfahren', by the parse of UDPipe's German-HDT model (Straka and Straková, ÚFAL, CC BY-NC-SA 4.0)
22:19	20	wird		16	דַּבֵּ֥ר		attached-word	attached	0.5077	approved	0				AuxiliaryVerb of 'reden', by the parse of UDPipe's German-HDT model (Straka and Straková, ÚFAL, CC BY-NC-SA 4.0)
22:20	16	sind		14	בָּ֣אוּ		attached-word	attached	0.5934	approved	0				AuxiliaryVerb of 'gekommen', by the parse of UDPipe's German-HDT model (Straka and Straková, ÚFAL, CC BY-NC-SA 4.0)
22:20	36	sollst		29	תַעֲשֶֽׂה		attached-word	attached	0.5148	approved	0				AuxiliaryVerb of 'tun', by the parse of UDPipe's German-HDT model (Straka and Straková, ÚFAL, CC BY-NC-SA 4.0)
22:20	37	du		29	תַעֲשֶֽׂה		attached-word	attached	0.5148	approved	0				SubjectPronoun of 'tun', by the parse of UDPipe's German-HDT model (Straka and Straková, ÚFAL, CC BY-NC-SA 4.0)
22:27	22	er		17	יַּ֥ךְ		attached-word	attached	0.6497	approved	0				SubjectPronoun of 'schlug', by the parse of UDPipe's German-HDT model (Straka and Straková, ÚFAL, CC BY-NC-SA 4.0)
22:28	15	habe		13	עָשִׂ֣יתִֽי		attached-word	attached	0.5603	approved	0				AuxiliaryVerb of 'getan', by the parse of UDPipe's German-HDT model (Straka and Straková, ÚFAL, CC BY-NC-SA 4.0)
22:28	16	ich		13	עָשִׂ֣יתִֽי		attached-word	attached	0.5603	approved	0				SubjectPronoun of 'getan', by the parse of UDPipe's German-HDT model (Straka and Straková, ÚFAL, CC BY-NC-SA 4.0)
22:28	20	du		16	הִכִּיתַ֔נִי		attached-word	attached	0.52	approved	0				SubjectPronoun of 'geschlagen', by the parse of UDPipe's German-HDT model (Straka and Straková, ÚFAL, CC BY-NC-SA 4.0)
22:28	25	hast		16	הִכִּיתַ֔נִי		attached-word	attached	0.52	approved	0				AuxiliaryVerb of 'geschlagen', by the parse of UDPipe's German-HDT model (Straka and Straková, ÚFAL, CC BY-NC-SA 4.0)
22:30	32	er		29	יֹּ֖אמֶר		attached-word	attached	0.6898	approved	0				SubjectPronoun of 'sprach', by the parse of UDPipe's German-HDT model (Straka and Straková, ÚFAL, CC BY-NC-SA 4.0)
22:31	8	er		8	יַּ֞רְא		attached-word	attached	0.6509	approved	0				SubjectPronoun of 'sah', by the parse of UDPipe's German-HDT model (Straka and Straková, ÚFAL, CC BY-NC-SA 4.0)
22:31	25	er		22	יִּקֹּ֥ד		attached-word	attached	0.3625	approved	0				SubjectPronoun of 'neigte', by the parse of UDPipe's German-HDT model (Straka and Straková, ÚFAL, CC BY-NC-SA 4.0)
22:32	9	hast		8	הִכִּ֨יתָ֙		attached-word	attached	0.52	approved	0				AuxiliaryVerb of 'geschlagen', by the parse of UDPipe's German-HDT model (Straka and Straková, ÚFAL, CC BY-NC-SA 4.0)
22:32	10	du		8	הִכִּ֨יתָ֙		attached-word	attached	0.52	approved	0				SubjectPronoun of 'geschlagen', by the parse of UDPipe's German-HDT model (Straka and Straková, ÚFAL, CC BY-NC-SA 4.0)
22:32	18	bin		16	יָצָ֣אתִי		attached-word	attached	0.7	approved	0				AuxiliaryVerb of 'ausgegangen', by the parse of UDPipe's German-HDT model (Straka and Straková, ÚFAL, CC BY-NC-SA 4.0)
22:34	8	Ich		7	חָטָ֔אתִי		attached-word	attached	0.6735	approved	0				SubjectPronoun of 'gesündigt', by the parse of UDPipe's German-HDT model (Straka and Straková, ÚFAL, CC BY-NC-SA 4.0)
22:34	9	habe		7	חָטָ֔אתִי		attached-word	attached	0.6735	approved	0				AuxiliaryVerb of 'gesündigt', by the parse of UDPipe's German-HDT model (Straka and Straková, ÚFAL, CC BY-NC-SA 4.0)
22:34	33	ich		25	אָשׁ֥וּבָה		attached-word	attached	0.6471	approved	0				SubjectPronoun of 'umkehren', by the parse of UDPipe's German-HDT model (Straka and Straková, ÚFAL, CC BY-NC-SA 4.0)
22:35	20	sollst		20	תְדַבֵּ֑ר		attached-word	attached	0.5077	approved	0				AuxiliaryVerb of 'reden', by the parse of UDPipe's German-HDT model (Straka and Straková, ÚFAL, CC BY-NC-SA 4.0)
22:35	21	du		20	תְדַבֵּ֑ר		attached-word	attached	0.5077	approved	0				SubjectPronoun of 'reden', by the parse of UDPipe's German-HDT model (Straka and Straková, ÚFAL, CC BY-NC-SA 4.0)
22:36	10	er		8	יֵּצֵ֨א		attached-word	attached	0.3561	approved	0				SubjectPronoun of 'ging', by the parse of UDPipe's German-HDT model (Straka and Straková, ÚFAL, CC BY-NC-SA 4.0)
22:37	7	ich		9	שָׁלַ֤חְתִּי		attached-word	attached	0.6719	approved	0				SubjectPronoun of 'gesandt', by the parse of UDPipe's German-HDT model (Straka and Straková, ÚFAL, CC BY-NC-SA 4.0)
22:38	7	ich		7	בָ֨אתִי֙		attached-word	attached	0.5934	approved	0				SubjectPronoun of 'gekommen', by the parse of UDPipe's German-HDT model (Straka and Straková, ÚFAL, CC BY-NC-SA 4.0)
22:38	8	bin		7	בָ֨אתִי֙		attached-word	attached	0.5934	approved	0				AuxiliaryVerb of 'gekommen', by the parse of UDPipe's German-HDT model (Straka and Straková, ÚFAL, CC BY-NC-SA 4.0)
22:38	30	werde		23	אֲדַבֵּֽר		attached-word	attached	0.5077	approved	0				AuxiliaryVerb of 'reden', by the parse of UDPipe's German-HDT model (Straka and Straková, ÚFAL, CC BY-NC-SA 4.0)
22:38	31	ich		23	אֲדַבֵּֽר		attached-word	attached	0.5077	approved	0				SubjectPronoun of 'reden', by the parse of UDPipe's German-HDT model (Straka and Straková, ÚFAL, CC BY-NC-SA 4.0)
22:39	7	sie		7	יָּבֹ֖אוּ		attached-word	attached	0.6376	approved	0				SubjectPronoun of 'kamen', by the parse of UDPipe's German-HDT model (Straka and Straková, ÚFAL, CC BY-NC-SA 4.0)
22:41	21	er		15	יַּ֥רְא		attached-word	attached	0.6509	approved	0				SubjectPronoun of 'sah', by the parse of UDPipe's German-HDT model (Straka and Straková, ÚFAL, CC BY-NC-SA 4.0)
23:2	8	hatte		6	דִּבֶּ֣ר		attached-word	attached	0.2851	approved	0				AuxiliaryVerb of 'gesagt', by the parse of UDPipe's German-HDT model (Straka and Straková, ÚFAL, CC BY-NC-SA 4.0)
23:3	12	ich		10	אֵֽלְכָ֗ה		attached-word	attached	0.3	approved	0				SubjectPronoun of 'gehen', by the parse of UDPipe's German-HDT model (Straka and Straková, ÚFAL, CC BY-NC-SA 4.0)
23:3	28	werde		21	הִגַּ֣דְתִּי		attached-word	attached	0.2909	approved	0				AuxiliaryVerb of 'kundtun', by the parse of UDPipe's German-HDT model (Straka and Straková, ÚFAL, CC BY-NC-SA 4.0)
23:3	29	ich		21	הִגַּ֣דְתִּי		attached-word	attached	0.2909	approved	0				SubjectPronoun of 'kundtun', by the parse of UDPipe's German-HDT model (Straka and Straková, ÚFAL, CC BY-NC-SA 4.0)
23:3	33	er		24	יֵּ֖לֶךְ		attached-word	attached	0.3	approved	0				SubjectPronoun of 'ging', by the parse of UDPipe's German-HDT model (Straka and Straková, ÚFAL, CC BY-NC-SA 4.0)
23:4	15	habe		13	עָרַ֔כְתִּי		attached-word	attached	0.3087	approved	0				AuxiliaryVerb of 'zugerichtet', by the parse of UDPipe's German-HDT model (Straka and Straková, ÚFAL, CC BY-NC-SA 4.0)
23:4	16	ich		13	עָרַ֔כְתִּי		attached-word	attached	0.3087	approved	0				SubjectPronoun of 'zugerichtet', by the parse of UDPipe's German-HDT model (Straka and Straková, ÚFAL, CC BY-NC-SA 4.0)
23:5	18	sollst		15	תְדַבֵּֽר		attached-word	attached	0.5086	approved	0				AuxiliaryVerb of 'reden', by the parse of UDPipe's German-HDT model (Straka and Straková, ÚFAL, CC BY-NC-SA 4.0)
23:5	19	du		15	תְדַבֵּֽר		attached-word	attached	0.5086	approved	0				SubjectPronoun of 'reden', by the parse of UDPipe's German-HDT model (Straka and Straková, ÚFAL, CC BY-NC-SA 4.0)
23:7	3	er		2	יִּשָּׂ֥א		attached-word	attached	0.5875	approved	0				SubjectPronoun of 'hob', by the parse of UDPipe's German-HDT model (Straka and Straková, ÚFAL, CC BY-NC-SA 4.0)
23:8	2	soll		2	אֶקֹּ֔ב		attached-word	attached	0.325	approved	0				AuxiliaryVerb of 'verfluchen', by the parse of UDPipe's German-HDT model (Straka and Straková, ÚFAL, CC BY-NC-SA 4.0)
23:8	3	ich		2	אֶקֹּ֔ב		attached-word	attached	0.325	approved	0				SubjectPronoun of 'verfluchen', by the parse of UDPipe's German-HDT model (Straka and Straková, ÚFAL, CC BY-NC-SA 4.0)
23:9	7	ich		5	אֶרְאֶ֔נּוּ		attached-word	attached	0.6449	approved	0				SubjectPronoun of 'sehe', by the parse of UDPipe's German-HDT model (Straka and Straková, ÚFAL, CC BY-NC-SA 4.0)
23:9	29	wird		20	יִתְחַשָּֽׁב		attached-word	attached	0.5714	approved	0				AuxiliaryVerb of 'gerechnet', by the parse of UDPipe's German-HDT model (Straka and Straková, ÚFAL, CC BY-NC-SA 4.0)
23:12	2	er		2	יַּ֖עַן		attached-word	attached	0.5187	approved	0				SubjectPronoun of 'antwortete', by the parse of UDPipe's German-HDT model (Straka and Straková, ÚFAL, CC BY-NC-SA 4.0)
23:13	20	wirst		12	תִּרְאֶ֣נּוּ		attached-word	attached	0.6435	approved	0				AuxiliaryVerb of 'sehen', by the parse of UDPipe's German-HDT model (Straka and Straková, ÚFAL, CC BY-NC-SA 4.0)
23:13	24	wirst		17	תִרְאֶ֔ה		attached-word	attached	0.6435	approved	0				AuxiliaryVerb of 'sehen', by the parse of UDPipe's German-HDT model (Straka and Straková, ÚFAL, CC BY-NC-SA 4.0)
23:13	25	du		17	תִרְאֶ֔ה		attached-word	attached	0.6435	approved	0				SubjectPronoun of 'sehen', by the parse of UDPipe's German-HDT model (Straka and Straková, ÚFAL, CC BY-NC-SA 4.0)
23:13	29	wirst		21	תִרְאֶ֑ה		attached-word	attached	0.6435	approved	0				AuxiliaryVerb of 'sehen', by the parse of UDPipe's German-HDT model (Straka and Straková, ÚFAL, CC BY-NC-SA 4.0)
23:14	2	er		2	יִּקָּחֵ֨הוּ֙		attached-word	attached	0.643	approved	0				SubjectPronoun of 'nahm', by the parse of UDPipe's German-HDT model (Straka and Straková, ÚFAL, CC BY-NC-SA 4.0)
23:15	2	er		2	יֹּ֨אמֶר֙		attached-word	attached	0.6898	approved	0				SubjectPronoun of 'sprach', by the parse of UDPipe's German-HDT model (Straka and Straková, ÚFAL, CC BY-NC-SA 4.0)
23:16	22	sollst		18	תְדַבֵּֽר		attached-word	attached	0.5086	approved	0				AuxiliaryVerb of 'reden', by the parse of UDPipe's German-HDT model (Straka and Straková, ÚFAL, CC BY-NC-SA 4.0)
23:16	23	du		18	תְדַבֵּֽר		attached-word	attached	0.5086	approved	0				SubjectPronoun of 'reden', by the parse of UDPipe's German-HDT model (Straka and Straková, ÚFAL, CC BY-NC-SA 4.0)
23:17	2	er		2	יָּבֹ֣א		attached-word	attached	0.5708	approved	0				SubjectPronoun of 'kam', by the parse of UDPipe's German-HDT model (Straka and Straková, ÚFAL, CC BY-NC-SA 4.0)
23:18	3	er		2	יִּשָּׂ֥א		attached-word	attached	0.5875	approved	0				SubjectPronoun of 'hob', by the parse of UDPipe's German-HDT model (Straka and Straková, ÚFAL, CC BY-NC-SA 4.0)
23:19	18	haben		13	אָמַר֙		attached-word	attached	0.655	approved	0				AuxiliaryVerb of 'gesprochen', by the parse of UDPipe's German-HDT model (Straka and Straková, ÚFAL, CC BY-NC-SA 4.0)
23:19	25	haben		18	דִבֶּ֖ר		attached-word	attached	0.595	approved	0				AuxiliaryVerb of 'geredet', by the parse of UDPipe's German-HDT model (Straka and Straková, ÚFAL, CC BY-NC-SA 4.0)
23:23	16	wird		14	יֵאָמֵ֤ר		attached-word	attached	0.6006	approved	0				AuxiliaryVerb of 'gesagt', by the parse of UDPipe's German-HDT model (Straka and Straková, ÚFAL, CC BY-NC-SA 4.0)
23:23	23	werden		14	יֵאָמֵ֤ר		attached-word	attached	0.6006	approved	0				AuxiliaryVerb of 'gesagt', by the parse of UDPipe's German-HDT model (Straka and Straková, ÚFAL, CC BY-NC-SA 4.0)
23:24	33	hat		18	יִשְׁתֶּֽה		attached-word	attached	0.6735	approved	0				AuxiliaryVerb of 'getrunken', by the parse of UDPipe's German-HDT model (Straka and Straková, ÚFAL, CC BY-NC-SA 4.0)
23:25	14	sollst		13	תְבָרֲכֶֽנּוּ		attached-word	attached	0.6882	approved	0				AuxiliaryVerb of 'segnen', by the parse of UDPipe's German-HDT model (Straka and Straková, ÚFAL, CC BY-NC-SA 4.0)
23:26	9	ich		10	דִּבַּ֤רְתִּי		attached-word	attached	0.595	approved	0				SubjectPronoun of 'geredet', by the parse of UDPipe's German-HDT model (Straka and Straková, ÚFAL, CC BY-NC-SA 4.0)
23:26	20	wird		16	יְדַבֵּ֥ר		attached-word	attached	0.5086	approved	0				AuxiliaryVerb of 'reden', by the parse of UDPipe's German-HDT model (Straka and Straková, ÚFAL, CC BY-NC-SA 4.0)
23:26	22	werde		19	אֶֽעֱשֶֽׂה		attached-word	attached	0.5154	approved	0				AuxiliaryVerb of 'tun', by the parse of UDPipe's German-HDT model (Straka and Straková, ÚFAL, CC BY-NC-SA 4.0)
23:26	23	ich		19	אֶֽעֱשֶֽׂה		attached-word	attached	0.5154	approved	0				SubjectPronoun of 'tun', by the parse of UDPipe's German-HDT model (Straka and Straková, ÚFAL, CC BY-NC-SA 4.0)
23:30	8	hatte		6	אָמַ֣ר		attached-word	attached	0.6006	approved	0				AuxiliaryVerb of 'gesagt', by the parse of UDPipe's German-HDT model (Straka and Straková, ÚFAL, CC BY-NC-SA 4.0)
23:30	10	er		9	יַּ֛עַל		attached-word	attached	0.4538	approved	0				SubjectPronoun of 'opferte', by the parse of UDPipe's German-HDT model (Straka and Straková, ÚFAL, CC BY-NC-SA 4.0)
24:1	18	er		15	הָלַ֥ךְ		attached-word	attached	0.3113	approved	0				SubjectPronoun of 'ging', by the parse of UDPipe's German-HDT model (Straka and Straková, ÚFAL, CC BY-NC-SA 4.0)
24:3	2	er		2	יִּשָּׂ֥א		attached-word	attached	0.5833	approved	0				SubjectPronoun of 'hob', by the parse of UDPipe's German-HDT model (Straka and Straková, ÚFAL, CC BY-NC-SA 4.0)
24:6	16	hat		10	נָטַ֣ע		attached-word	attached	0.4469	approved	0				AuxiliaryVerb of 'gepflanzt', by the parse of UDPipe's German-HDT model (Straka and Straková, ÚFAL, CC BY-NC-SA 4.0)
24:9	4	er		2	שָׁכַ֧ב		attached-word	attached	0.322	approved	0				SubjectPronoun of 'legt', by the parse of UDPipe's German-HDT model (Straka and Straková, ÚFAL, CC BY-NC-SA 4.0)
24:9	28	sind		14	אָרֽוּר		attached-word	attached	0.6662	approved	0				AuxiliaryVerb of 'verflucht', by the parse of UDPipe's German-HDT model (Straka and Straková, ÚFAL, CC BY-NC-SA 4.0)
24:10	23	habe		19	קְרָאתִ֔יךָ		attached-word	attached	0.574	approved	0				AuxiliaryVerb of 'gerufen', by the parse of UDPipe's German-HDT model (Straka and Straková, ÚFAL, CC BY-NC-SA 4.0)
24:10	24	ich		19	קְרָאתִ֔יךָ		attached-word	attached	0.574	approved	0				SubjectPronoun of 'gerufen', by the parse of UDPipe's German-HDT model (Straka and Straková, ÚFAL, CC BY-NC-SA 4.0)
24:10	30	hast		23	בָרֵ֔ךְ		attached-word	attached	0.6804	approved	0				AuxiliaryVerb of 'gesegnet', by the parse of UDPipe's German-HDT model (Straka and Straková, ÚFAL, CC BY-NC-SA 4.0)
24:11	7	Ich		7	אָמַ֨רְתִּי֙		attached-word	attached	0.599	approved	0				SubjectPronoun of 'gesagt', by the parse of UDPipe's German-HDT model (Straka and Straková, ÚFAL, CC BY-NC-SA 4.0)
24:11	8	hatte		7	אָמַ֨רְתִּי֙		attached-word	attached	0.599	approved	0				AuxiliaryVerb of 'gesagt', by the parse of UDPipe's German-HDT model (Straka and Straková, ÚFAL, CC BY-NC-SA 4.0)
24:12	7	ich		14	דִּבַּ֥רְתִּי		attached-word	attached	0.595	approved	0				SubjectPronoun of 'geredet', by the parse of UDPipe's German-HDT model (Straka and Straková, ÚFAL, CC BY-NC-SA 4.0)
24:12	14	du		12	שָׁלַ֥חְתָּ		attached-word	attached	0.6723	approved	0				SubjectPronoun of 'gesandt', by the parse of UDPipe's German-HDT model (Straka and Straková, ÚFAL, CC BY-NC-SA 4.0)
24:12	18	hast		12	שָׁלַ֥חְתָּ		attached-word	attached	0.6723	approved	0				AuxiliaryVerb of 'gesandt', by the parse of UDPipe's German-HDT model (Straka and Straková, ÚFAL, CC BY-NC-SA 4.0)
24:13	13	ich		11	אוּכַ֗ל		attached-word	attached	0.475	approved	0				SubjectPronoun of 'vermöchte', by the parse of UDPipe's German-HDT model (Straka and Straková, ÚFAL, CC BY-NC-SA 4.0)
24:13	33	wird		25	יְדַבֵּ֥ר		attached-word	attached	0.5095	approved	0				AuxiliaryVerb of 'reden', by the parse of UDPipe's German-HDT model (Straka and Straková, ÚFAL, CC BY-NC-SA 4.0)
24:13	35	werde		28	אֲדַבֵּֽר		attached-word	attached	0.5095	approved	0				AuxiliaryVerb of 'reden', by the parse of UDPipe's German-HDT model (Straka and Straková, ÚFAL, CC BY-NC-SA 4.0)
24:13	36	ich		28	אֲדַבֵּֽר		attached-word	attached	0.5095	approved	0				SubjectPronoun of 'reden', by the parse of UDPipe's German-HDT model (Straka and Straková, ÚFAL, CC BY-NC-SA 4.0)
24:14	20	wird		10	יַעֲשֶׂ֜ה		attached-word	attached	0.5157	approved	0				AuxiliaryVerb of 'tun', by the parse of UDPipe's German-HDT model (Straka and Straková, ÚFAL, CC BY-NC-SA 4.0)
24:15	2	er		2	יִּשָּׂ֥א		attached-word	attached	0.5833	approved	0				SubjectPronoun of 'hob', by the parse of UDPipe's German-HDT model (Straka and Straková, ÚFAL, CC BY-NC-SA 4.0)
24:17	1	Ich		1	אֶרְאֶ֨נּוּ֙		attached-word	attached	0.6438	approved	0				SubjectPronoun of 'sehe', by the parse of UDPipe's German-HDT model (Straka and Straková, ÚFAL, CC BY-NC-SA 4.0)
24:18	16	wird		12	עֹ֥שֶׂה		attached-word	attached	0.5157	approved	0				AuxiliaryVerb of 'tun', by the parse of UDPipe's German-HDT model (Straka and Straková, ÚFAL, CC BY-NC-SA 4.0)
24:19	5	wird		2	יֵ֖רְדְּ		attached-word	attached	0.3571	approved	0				AuxiliaryVerb of 'herrschen', by the parse of UDPipe's German-HDT model (Straka and Straková, ÚFAL, CC BY-NC-SA 4.0)
24:20	2	er		2	יַּרְא֙		attached-word	attached	0.6511	approved	0				SubjectPronoun of 'sah', by the parse of UDPipe's German-HDT model (Straka and Straková, ÚFAL, CC BY-NC-SA 4.0)
24:21	2	er		2	יַּרְא֙		attached-word	attached	0.6511	approved	0				SubjectPronoun of 'sah', by the parse of UDPipe's German-HDT model (Straka and Straková, ÚFAL, CC BY-NC-SA 4.0)
24:23	2	er		2	יִּשָּׂ֥א		attached-word	attached	0.5833	approved	0				SubjectPronoun of 'hob', by the parse of UDPipe's German-HDT model (Straka and Straková, ÚFAL, CC BY-NC-SA 4.0)
24:24	11	werden		7	עִנּ֥וּ		attached-word	attached	0.3786	approved	0				AuxiliaryVerb of 'demütigen', by the parse of UDPipe's German-HDT model (Straka and Straková, ÚFAL, CC BY-NC-SA 4.0)
25:7	16	er		11	יָּ֨קָם֙		attached-word	attached	0.3243	approved	0				SubjectPronoun of 'stand', by the parse of UDPipe's German-HDT model (Straka and Straková, ÚFAL, CC BY-NC-SA 4.0)
25:8	2	er		2	יָּבֹא		attached-word	attached	0.354	approved	0				SubjectPronoun of 'ging', by the parse of UDPipe's German-HDT model (Straka and Straková, ÚFAL, CC BY-NC-SA 4.0)
25:13	2	er		13	קִנֵּא֙		attached-word	attached	0.55	approved	0				SubjectPronoun of 'geeifert', by the parse of UDPipe's German-HDT model (Straka and Straková, ÚFAL, CC BY-NC-SA 4.0)
25:13	3	wird		13	קִנֵּא֙		attached-word	attached	0.55	approved	0				AuxiliaryVerb of 'geeifert', by the parse of UDPipe's German-HDT model (Straka and Straková, ÚFAL, CC BY-NC-SA 4.0)
25:13	17	er		13	קִנֵּא֙		attached-word	attached	0.55	approved	0				SubjectPronoun of 'geeifert', by the parse of UDPipe's German-HDT model (Straka and Straková, ÚFAL, CC BY-NC-SA 4.0)
25:13	29	hat		13	קִנֵּא֙		attached-word	attached	0.55	approved	0				AuxiliaryVerb of 'geeifert', by the parse of UDPipe's German-HDT model (Straka and Straková, ÚFAL, CC BY-NC-SA 4.0)
25:14	13	wurde		8	הֻכָּה֙		attached-word	attached	0.35	approved	0				AuxiliaryVerb of 'erschlagen', by the parse of UDPipe's German-HDT model (Straka and Straková, ÚFAL, CC BY-NC-SA 4.0)
25:18	42	wurde		22	מֻּכָּ֥ה		attached-word	attached	0.35	approved	0				AuxiliaryVerb of 'erschlagen', by the parse of UDPipe's German-HDT model (Straka and Straková, ÚFAL, CC BY-NC-SA 4.0)
26:4	12	hatte		9	צִוָּ֨ה		attached-word	attached	0.475	approved	0				AuxiliaryVerb of 'geboten', by the parse of UDPipe's German-HDT model (Straka and Straková, ÚFAL, CC BY-NC-SA 4.0)
26:4	25	waren		17	יֹּצְאִ֖ים		attached-word	attached	0.525	approved	0				AuxiliaryVerb of 'ausgezogen', by the parse of UDPipe's German-HDT model (Straka and Straková, ÚFAL, CC BY-NC-SA 4.0)
26:54	3	sollst		4	תַּרְבֶּה֙		attached-word	attached	0.664	approved	0				AuxiliaryVerb of 'mehren', by the parse of UDPipe's German-HDT model (Straka and Straková, ÚFAL, CC BY-NC-SA 4.0)
26:54	4	du		4	תַּרְבֶּה֙		attached-word	attached	0.664	approved	0				SubjectPronoun of 'mehren', by the parse of UDPipe's German-HDT model (Straka and Straková, ÚFAL, CC BY-NC-SA 4.0)
26:54	24	werden		16	יֻתַּ֖ן		attached-word	attached	0.6446	approved	0				AuxiliaryVerb of 'gegeben', by the parse of UDPipe's German-HDT model (Straka and Straková, ÚFAL, CC BY-NC-SA 4.0)
26:55	16	sollen		12	יִנְחָֽלוּ		attached-word	attached	0.3812	approved	0				AuxiliaryVerb of 'erben', by the parse of UDPipe's German-HDT model (Straka and Straková, ÚFAL, CC BY-NC-SA 4.0)
26:55	17	sie		12	יִנְחָֽלוּ		attached-word	attached	0.3812	approved	0				SubjectPronoun of 'erben', by the parse of UDPipe's German-HDT model (Straka and Straková, ÚFAL, CC BY-NC-SA 4.0)
26:56	12	werden		5	תֵּחָלֵ֖ק		attached-word	attached	0.475	approved	0				AuxiliaryVerb of 'zugeteilt', by the parse of UDPipe's German-HDT model (Straka and Straková, ÚFAL, CC BY-NC-SA 4.0)
26:59	18	wurde		9	יָלְדָ֥ה		attached-word	attached	0.5634	approved	0				AuxiliaryVerb of 'geboren', by the parse of UDPipe's German-HDT model (Straka and Straková, ÚFAL, CC BY-NC-SA 4.0)
26:60	4	wurden		2	יִּוָּלֵ֣ד		attached-word	attached	0.5634	approved	0				AuxiliaryVerb of 'geboren', by the parse of UDPipe's German-HDT model (Straka and Straková, ÚFAL, CC BY-NC-SA 4.0)
26:62	31	wurde		24	נִתַּ֤ן		attached-word	attached	0.6446	approved	0				AuxiliaryVerb of 'gegeben', by the parse of UDPipe's German-HDT model (Straka and Straková, ÚFAL, CC BY-NC-SA 4.0)
26:65	3	hatte		2	אָמַ֤ר		attached-word	attached	0.5962	approved	0				AuxiliaryVerb of 'gesagt', by the parse of UDPipe's German-HDT model (Straka and Straková, ÚFAL, CC BY-NC-SA 4.0)
26:65	7	Sie		6	יָמֻ֖תוּ		attached-word	attached	0.6889	approved	0				SubjectPronoun of 'sterben', by the parse of UDPipe's German-HDT model (Straka and Straková, ÚFAL, CC BY-NC-SA 4.0)
26:65	8	sollen		6	יָמֻ֖תוּ		attached-word	attached	0.6889	approved	0				AuxiliaryVerb of 'sterben', by the parse of UDPipe's German-HDT model (Straka and Straková, ÚFAL, CC BY-NC-SA 4.0)
27:2	2	sie		2	תַּעֲמֹ֜דְנָה		attached-word	attached	0.4667	approved	0				SubjectPronoun of 'traten', by the parse of UDPipe's German-HDT model (Straka and Straková, ÚFAL, CC BY-NC-SA 4.0)
27:3	3	ist		2	מֵ֣ת		attached-word	attached	0.67	approved	0				AuxiliaryVerb of 'gestorben', by the parse of UDPipe's German-HDT model (Straka and Straková, ÚFAL, CC BY-NC-SA 4.0)
27:3	27	ist		24	מֵ֔ת		attached-word	attached	0.67	approved	0				AuxiliaryVerb of 'gestorben', by the parse of UDPipe's German-HDT model (Straka and Straková, ÚFAL, CC BY-NC-SA 4.0)
27:7	6	du		6	תִּתֵּ֤ן		attached-word	attached	0.6255	approved	0				SubjectPronoun of 'geben', by the parse of UDPipe's German-HDT model (Straka and Straková, ÚFAL, CC BY-NC-SA 4.0)
27:8	6	sollst		5	תְּדַבֵּ֣ר		attached-word	attached	0.5103	approved	0				AuxiliaryVerb of 'reden', by the parse of UDPipe's German-HDT model (Straka and Straková, ÚFAL, CC BY-NC-SA 4.0)
27:8	7	du		5	תְּדַבֵּ֣ר		attached-word	attached	0.5103	approved	0				SubjectPronoun of 'reden', by the parse of UDPipe's German-HDT model (Straka and Straková, ÚFAL, CC BY-NC-SA 4.0)
27:9	8	sollt		7	נְתַתֶּ֥ם		attached-word	attached	0.6255	approved	0				AuxiliaryVerb of 'geben', by the parse of UDPipe's German-HDT model (Straka and Straková, ÚFAL, CC BY-NC-SA 4.0)
27:10	8	sollt		7	נְתַתֶּ֥ם		attached-word	attached	0.6255	approved	0				AuxiliaryVerb of 'geben', by the parse of UDPipe's German-HDT model (Straka and Straková, ÚFAL, CC BY-NC-SA 4.0)
27:10	9	ihr		7	נְתַתֶּ֥ם		attached-word	attached	0.6255	approved	0				SubjectPronoun of 'geben', by the parse of UDPipe's German-HDT model (Straka and Straková, ÚFAL, CC BY-NC-SA 4.0)
27:11	9	sollt		8	נְתַתֶּ֣ם		attached-word	attached	0.6255	approved	0				AuxiliaryVerb of 'geben', by the parse of UDPipe's German-HDT model (Straka and Straková, ÚFAL, CC BY-NC-SA 4.0)
27:11	10	ihr		8	נְתַתֶּ֣ם		attached-word	attached	0.6255	approved	0				SubjectPronoun of 'geben', by the parse of UDPipe's German-HDT model (Straka and Straková, ÚFAL, CC BY-NC-SA 4.0)
27:11	44	hat		31	צִוָּ֥ה		attached-word	attached	0.475	approved	0				AuxiliaryVerb of 'geboten', by the parse of UDPipe's German-HDT model (Straka and Straková, ÚFAL, CC BY-NC-SA 4.0)
27:12	16	ich		19	נָתַ֖תִּי		attached-word	attached	0.6446	approved	0				SubjectPronoun of 'gegeben', by the parse of UDPipe's German-HDT model (Straka and Straková, ÚFAL, CC BY-NC-SA 4.0)
27:12	21	habe		19	נָתַ֖תִּי		attached-word	attached	0.6446	approved	0				AuxiliaryVerb of 'gegeben', by the parse of UDPipe's German-HDT model (Straka and Straková, ÚFAL, CC BY-NC-SA 4.0)
27:13	2	hast		2	רָאִ֣יתָה		attached-word	attached	0.6715	approved	0				AuxiliaryVerb of 'gesehen', by the parse of UDPipe's German-HDT model (Straka and Straková, ÚFAL, CC BY-NC-SA 4.0)
27:13	7	wirst		5	נֶאֱסַפְתָּ֥		attached-word	attached	0.4214	approved	0				AuxiliaryVerb of 'versammelt', by the parse of UDPipe's German-HDT model (Straka and Straková, ÚFAL, CC BY-NC-SA 4.0)
27:13	14	werden		5	נֶאֱסַפְתָּ֥		attached-word	attached	0.4214	approved	0				AuxiliaryVerb of 'versammelt', by the parse of UDPipe's German-HDT model (Straka and Straková, ÚFAL, CC BY-NC-SA 4.0)
27:13	21	worden		12	נֶאֱסַ֖ף		attached-word	attached	0.4214	approved	0				AuxiliaryVerb of 'versammelt', by the parse of UDPipe's German-HDT model (Straka and Straková, ÚFAL, CC BY-NC-SA 4.0)
27:13	22	ist		12	נֶאֱסַ֖ף		attached-word	attached	0.4214	approved	0				AuxiliaryVerb of 'versammelt', by the parse of UDPipe's German-HDT model (Straka and Straková, ÚFAL, CC BY-NC-SA 4.0)
27:21	3	soll		7	יַעֲמֹ֔ד		attached-word	attached	0.2833	approved	0				AuxiliaryVerb of 'treten', by the parse of UDPipe's German-HDT model (Straka and Straková, ÚFAL, CC BY-NC-SA 4.0)
27:21	24	sollen		20	יֵצְא֜וּ		attached-word	attached	0.5181	approved	0				AuxiliaryVerb of 'ausziehen', by the parse of UDPipe's German-HDT model (Straka and Straková, ÚFAL, CC BY-NC-SA 4.0)
27:21	25	sie		20	יֵצְא֜וּ		attached-word	attached	0.5181	approved	0				SubjectPronoun of 'ausziehen', by the parse of UDPipe's German-HDT model (Straka and Straková, ÚFAL, CC BY-NC-SA 4.0)
27:21	31	sollen		24	יָבֹ֗אוּ		attached-word	attached	0.7	approved	0				AuxiliaryVerb of 'einziehen', by the parse of UDPipe's German-HDT model (Straka and Straková, ÚFAL, CC BY-NC-SA 4.0)
27:21	32	sie		24	יָבֹ֗אוּ		attached-word	attached	0.7	approved	0				SubjectPronoun of 'einziehen', by the parse of UDPipe's German-HDT model (Straka and Straková, ÚFAL, CC BY-NC-SA 4.0)
27:22	9	hatte		6	צִוָּ֥ה		attached-word	attached	0.475	approved	0				AuxiliaryVerb of 'geboten', by the parse of UDPipe's German-HDT model (Straka and Straková, ÚFAL, CC BY-NC-SA 4.0)
27:23	18	hatte		10	דִּבֶּ֥ר		attached-word	attached	0.5938	approved	0				AuxiliaryVerb of 'geredet', by the parse of UDPipe's German-HDT model (Straka and Straková, ÚFAL, CC BY-NC-SA 4.0)
28:3	13	sollt		8	תַּקְרִ֖יבוּ		attached-word	attached	0.3625	approved	0				AuxiliaryVerb of 'darbringen', by the parse of UDPipe's German-HDT model (Straka and Straková, ÚFAL, CC BY-NC-SA 4.0)
28:11	6	sollt		5	תַּקְרִ֥יבוּ		attached-word	attached	0.3625	approved	0				AuxiliaryVerb of 'darbringen', by the parse of UDPipe's German-HDT model (Straka and Straková, ÚFAL, CC BY-NC-SA 4.0)
28:17	15	werden		15	יֵאָכֵֽל		attached-word	attached	0.6888	approved	0				AuxiliaryVerb of 'gegessen', by the parse of UDPipe's German-HDT model (Straka and Straková, ÚFAL, CC BY-NC-SA 4.0)
28:18	11	sollt		12	תַעֲשֽׂוּ		attached-word	attached	0.5154	approved	0				AuxiliaryVerb of 'tun', by the parse of UDPipe's German-HDT model (Straka and Straková, ÚFAL, CC BY-NC-SA 4.0)
28:18	12	ihr		12	תַעֲשֽׂוּ		attached-word	attached	0.5154	approved	0				SubjectPronoun of 'tun', by the parse of UDPipe's German-HDT model (Straka and Straková, ÚFAL, CC BY-NC-SA 4.0)
28:19	3	sollt		2	הִקְרַבְתֶּ֨ם		attached-word	attached	0.3625	approved	0				AuxiliaryVerb of 'darbringen', by the parse of UDPipe's German-HDT model (Straka and Straková, ÚFAL, CC BY-NC-SA 4.0)
28:21	5	du		3	תַּעֲשֶׂ֔ה		attached-word	attached	0.2957	approved	0				SubjectPronoun of 'opfern', by the parse of UDPipe's German-HDT model (Straka and Straková, ÚFAL, CC BY-NC-SA 4.0)
28:23	9	sollt		12	תַּעֲשׂ֖וּ		attached-word	attached	0.2957	approved	0				AuxiliaryVerb of 'opfern', by the parse of UDPipe's German-HDT model (Straka and Straková, ÚFAL, CC BY-NC-SA 4.0)
28:23	10	ihr		12	תַּעֲשׂ֖וּ		attached-word	attached	0.2957	approved	0				SubjectPronoun of 'opfern', by the parse of UDPipe's German-HDT model (Straka and Straková, ÚFAL, CC BY-NC-SA 4.0)
28:25	13	sollt		15	תַעֲשֽׂוּ		attached-word	attached	0.5154	approved	0				AuxiliaryVerb of 'tun', by the parse of UDPipe's German-HDT model (Straka and Straková, ÚFAL, CC BY-NC-SA 4.0)
28:25	14	ihr		15	תַעֲשֽׂוּ		attached-word	attached	0.5154	approved	0				SubjectPronoun of 'tun', by the parse of UDPipe's German-HDT model (Straka and Straková, ÚFAL, CC BY-NC-SA 4.0)
28:26	25	sollt		22	תַעֲשֽׂוּ		attached-word	attached	0.5154	approved	0				AuxiliaryVerb of 'tun', by the parse of UDPipe's German-HDT model (Straka and Straková, ÚFAL, CC BY-NC-SA 4.0)
28:26	26	ihr		22	תַעֲשֽׂוּ		attached-word	attached	0.5154	approved	0				SubjectPronoun of 'tun', by the parse of UDPipe's German-HDT model (Straka and Straková, ÚFAL, CC BY-NC-SA 4.0)
29:1	17	sollt		20	תַעֲשׂ֑וּ		attached-word	attached	0.5149	approved	0				AuxiliaryVerb of 'tun', by the parse of UDPipe's German-HDT model (Straka and Straková, ÚFAL, CC BY-NC-SA 4.0)
29:1	18	ihr		20	תַעֲשׂ֑וּ		attached-word	attached	0.5149	approved	0				SubjectPronoun of 'tun', by the parse of UDPipe's German-HDT model (Straka and Straková, ÚFAL, CC BY-NC-SA 4.0)
29:7	15	sollt		17	עִנִּיתֶ֖ם		attached-word	attached	0.7	approved	0				AuxiliaryVerb of 'kasteien', by the parse of UDPipe's German-HDT model (Straka and Straková, ÚFAL, CC BY-NC-SA 4.0)
29:7	21	sollt		23	תַעֲשֽׂוּ		attached-word	attached	0.5149	approved	0				AuxiliaryVerb of 'tun', by the parse of UDPipe's German-HDT model (Straka and Straková, ÚFAL, CC BY-NC-SA 4.0)
29:7	22	ihr		23	תַעֲשֽׂוּ		attached-word	attached	0.5149	approved	0				SubjectPronoun of 'tun', by the parse of UDPipe's German-HDT model (Straka and Straková, ÚFAL, CC BY-NC-SA 4.0)
29:8	3	sollt		2	הִקְרַבְתֶּ֨ם		attached-word	attached	0.3625	approved	0				AuxiliaryVerb of 'darbringen', by the parse of UDPipe's German-HDT model (Straka and Straková, ÚFAL, CC BY-NC-SA 4.0)
29:12	16	sollt		19	תַעֲשׂ֑וּ		attached-word	attached	0.5149	approved	0				AuxiliaryVerb of 'tun', by the parse of UDPipe's German-HDT model (Straka and Straková, ÚFAL, CC BY-NC-SA 4.0)
29:12	17	ihr		19	תַעֲשׂ֑וּ		attached-word	attached	0.5149	approved	0				SubjectPronoun of 'tun', by the parse of UDPipe's German-HDT model (Straka and Straková, ÚFAL, CC BY-NC-SA 4.0)
29:13	3	sollt		2	הִקְרַבְתֶּ֨ם		attached-word	attached	0.3625	approved	0				AuxiliaryVerb of 'darbringen', by the parse of UDPipe's German-HDT model (Straka and Straková, ÚFAL, CC BY-NC-SA 4.0)
29:35	11	sollt		13	תַעֲשֽׂוּ		attached-word	attached	0.5149	approved	0				AuxiliaryVerb of 'tun', by the parse of UDPipe's German-HDT model (Straka and Straková, ÚFAL, CC BY-NC-SA 4.0)
29:35	12	ihr		13	תַעֲשֽׂוּ		attached-word	attached	0.5149	approved	0				SubjectPronoun of 'tun', by the parse of UDPipe's German-HDT model (Straka and Straková, ÚFAL, CC BY-NC-SA 4.0)
29:36	3	sollt		2	הִקְרַבְתֶּ֨ם		attached-word	attached	0.3625	approved	0				AuxiliaryVerb of 'darbringen', by the parse of UDPipe's German-HDT model (Straka and Straková, ÚFAL, CC BY-NC-SA 4.0)
29:39	2	sollt		2	תַּעֲשׂ֥וּ		attached-word	attached	0.3014	approved	0				AuxiliaryVerb of 'opfern', by the parse of UDPipe's German-HDT model (Straka and Straková, ÚFAL, CC BY-NC-SA 4.0)
29:40	15	hatte		10	צִוָּ֥ה		attached-word	attached	0.475	approved	0				AuxiliaryVerb of 'geboten', by the parse of UDPipe's German-HDT model (Straka and Straková, ÚFAL, CC BY-NC-SA 4.0)
30:1	20	hat		17	צִוָּ֥ה		attached-word	attached	0.475	approved	0				AuxiliaryVerb of 'geboten', by the parse of UDPipe's German-HDT model (Straka and Straková, ÚFAL, CC BY-NC-SA 4.0)
30:4	39	soll		27	יָקֽוּם		attached-word	attached	0.3	approved	0				AuxiliaryVerb of 'bestehen', by the parse of UDPipe's German-HDT model (Straka and Straková, ÚFAL, CC BY-NC-SA 4.0)
30:5	12	er		8	שָׁמְעֹו֒		attached-word	attached	0.6679	approved	0				SubjectPronoun of 'hörte', by the parse of UDPipe's German-HDT model (Straka and Straková, ÚFAL, CC BY-NC-SA 4.0)
30:5	16	sollen		18	יָק֑וּם		attached-word	attached	0.3226	approved	0				AuxiliaryVerb of 'bestehen', by the parse of UDPipe's German-HDT model (Straka and Straková, ÚFAL, CC BY-NC-SA 4.0)
30:5	35	wird		21	יִֽסְלַח		attached-word	attached	0.5568	approved	0				AuxiliaryVerb of 'vergeben', by the parse of UDPipe's German-HDT model (Straka and Straková, ÚFAL, CC BY-NC-SA 4.0)
30:7	14	er		6	שָׁמְעֹ֖ו		attached-word	attached	0.6614	approved	0				SubjectPronoun of 'hört', by the parse of UDPipe's German-HDT model (Straka and Straková, ÚFAL, CC BY-NC-SA 4.0)
30:7	32	sollen		19	יָקֻֽמוּ		attached-word	attached	0.3	approved	0				AuxiliaryVerb of 'bestehen', by the parse of UDPipe's German-HDT model (Straka and Straková, ÚFAL, CC BY-NC-SA 4.0)
30:8	38	wird		25	יִֽסְלַֽח		attached-word	attached	0.5568	approved	0				AuxiliaryVerb of 'vergeben', by the parse of UDPipe's German-HDT model (Straka and Straková, ÚFAL, CC BY-NC-SA 4.0)
30:11	4	hat		2	שָׁמַ֤ע		attached-word	attached	0.6493	approved	0				AuxiliaryVerb of 'gehört', by the parse of UDPipe's German-HDT model (Straka and Straková, ÚFAL, CC BY-NC-SA 4.0)
30:11	32	soll		21	יָקֽוּם		attached-word	attached	0.3	approved	0				AuxiliaryVerb of 'bestehen', by the parse of UDPipe's German-HDT model (Straka and Straková, ÚFAL, CC BY-NC-SA 4.0)
30:12	13	er		9	שָׁמְעֹו֒		attached-word	attached	0.6679	approved	0				SubjectPronoun of 'hörte', by the parse of UDPipe's German-HDT model (Straka and Straková, ÚFAL, CC BY-NC-SA 4.0)
30:12	17	soll		20	יָק֑וּם		attached-word	attached	0.3226	approved	0				AuxiliaryVerb of 'bestehen', by the parse of UDPipe's German-HDT model (Straka and Straková, ÚFAL, CC BY-NC-SA 4.0)
30:12	41	wird		25	יִֽסְלַֽח		attached-word	attached	0.5568	approved	0				AuxiliaryVerb of 'vergeben', by the parse of UDPipe's German-HDT model (Straka and Straková, ÚFAL, CC BY-NC-SA 4.0)
30:14	15	er		12	הֵקִים֙		attached-word	attached	0.5714	approved	0				SubjectPronoun of 'bestätigt', by the parse of UDPipe's German-HDT model (Straka and Straková, ÚFAL, CC BY-NC-SA 4.0)
30:14	27	er		22	הֵקִ֣ים		attached-word	attached	0.5714	approved	0				SubjectPronoun of 'bestätigt', by the parse of UDPipe's German-HDT model (Straka and Straková, ÚFAL, CC BY-NC-SA 4.0)
30:14	28	hat		22	הֵקִ֣ים		attached-word	attached	0.5714	approved	0				AuxiliaryVerb of 'bestätigt', by the parse of UDPipe's German-HDT model (Straka and Straková, ÚFAL, CC BY-NC-SA 4.0)
30:14	41	er		29	שָׁמְעֹֽו		attached-word	attached	0.6679	approved	0				SubjectPronoun of 'hörte', by the parse of UDPipe's German-HDT model (Straka and Straková, ÚFAL, CC BY-NC-SA 4.0)
30:15	2	er		9	נָשָׂ֖א		attached-word	attached	0.7	approved	0				SubjectPronoun of 'aufhebt', by the parse of UDPipe's German-HDT model (Straka and Straková, ÚFAL, CC BY-NC-SA 4.0)
30:15	8	er		7	שָׁמְעֹ֑ו		attached-word	attached	0.6493	approved	0				SubjectPronoun of 'gehört', by the parse of UDPipe's German-HDT model (Straka and Straková, ÚFAL, CC BY-NC-SA 4.0)
30:15	11	hat		7	שָׁמְעֹ֑ו		attached-word	attached	0.6493	approved	0				AuxiliaryVerb of 'gehört', by the parse of UDPipe's German-HDT model (Straka and Straková, ÚFAL, CC BY-NC-SA 4.0)
30:16	10	hat		5	צִוָּ֤ה		attached-word	attached	0.475	approved	0				AuxiliaryVerb of 'geboten', by the parse of UDPipe's German-HDT model (Straka and Straková, ÚFAL, CC BY-NC-SA 4.0)
31:2	12	du		10	תֵּאָסֵ֥ף		attached-word	attached	0.4214	approved	0				SubjectPronoun of 'versammelt', by the parse of UDPipe's German-HDT model (Straka and Straková, ÚFAL, CC BY-NC-SA 4.0)
31:2	17	werden		10	תֵּאָסֵ֥ף		attached-word	attached	0.4214	approved	0				AuxiliaryVerb of 'versammelt', by the parse of UDPipe's German-HDT model (Straka and Straková, ÚFAL, CC BY-NC-SA 4.0)
31:7	12	hatte		7	צִוָּ֥ה		attached-word	attached	0.475	approved	0				AuxiliaryVerb of 'geboten', by the parse of UDPipe's German-HDT model (Straka and Straková, ÚFAL, CC BY-NC-SA 4.0)
31:11	2	sie		2	יִּקְחוּ֙		attached-word	attached	0.5224	approved	0				SubjectPronoun of 'nahmen', by the parse of UDPipe's German-HDT model (Straka and Straková, ÚFAL, CC BY-NC-SA 4.0)
31:17	19	haben		12	יֹדַ֥עַת		attached-word	attached	0.7	approved	0				AuxiliaryVerb of 'erkannt', by the parse of UDPipe's German-HDT model (Straka and Straková, ÚFAL, CC BY-NC-SA 4.0)
31:18	13	haben		10	יָדְע֖וּ		attached-word	attached	0.7	approved	0				AuxiliaryVerb of 'gekannt', by the parse of UDPipe's German-HDT model (Straka and Straková, ÚFAL, CC BY-NC-SA 4.0)
31:20	19	sollt		16	תִּתְחַטָּֽאוּ		attached-word	attached	0.65	approved	0				AuxiliaryVerb of 'entsündigen', by the parse of UDPipe's German-HDT model (Straka and Straková, ÚFAL, CC BY-NC-SA 4.0)
31:20	20	ihr		16	תִּתְחַטָּֽאוּ		attached-word	attached	0.65	approved	0				SubjectPronoun of 'entsündigen', by the parse of UDPipe's German-HDT model (Straka and Straková, ÚFAL, CC BY-NC-SA 4.0)
31:21	26	hat		20	צִוָּ֥ה		attached-word	attached	0.475	approved	0				AuxiliaryVerb of 'geboten', by the parse of UDPipe's German-HDT model (Straka and Straková, ÚFAL, CC BY-NC-SA 4.0)
31:23	26	werden		18	יִתְחַטָּ֑א		attached-word	attached	0.475	approved	0				AuxiliaryVerb of 'entsündigt', by the parse of UDPipe's German-HDT model (Straka and Straková, ÚFAL, CC BY-NC-SA 4.0)
31:24	5	sollt		2	כִבַּסְתֶּ֧ם		attached-word	attached	0.55	approved	0				AuxiliaryVerb of 'waschen', by the parse of UDPipe's German-HDT model (Straka and Straková, ÚFAL, CC BY-NC-SA 4.0)
31:24	6	ihr		2	כִבַּסְתֶּ֧ם		attached-word	attached	0.55	approved	0				SubjectPronoun of 'waschen', by the parse of UDPipe's German-HDT model (Straka and Straková, ÚFAL, CC BY-NC-SA 4.0)
31:27	13	haben		11	יֹּצְאִ֖ים		attached-word	attached	0.4337	approved	0				AuxiliaryVerb of 'geführt', by the parse of UDPipe's German-HDT model (Straka and Straková, ÚFAL, CC BY-NC-SA 4.0)
31:28	10	sind		12	יֹּצְאִ֣ים		attached-word	attached	0.387	approved	0				AuxiliaryVerb of 'gezogen', by the parse of UDPipe's German-HDT model (Straka and Straková, ÚFAL, CC BY-NC-SA 4.0)
31:30	8	sollst		6	תִּקַּ֣ח		attached-word	attached	0.5743	approved	0				AuxiliaryVerb of 'nehmen', by the parse of UDPipe's German-HDT model (Straka and Straková, ÚFAL, CC BY-NC-SA 4.0)
31:30	9	du		6	תִּקַּ֣ח		attached-word	attached	0.5743	approved	0				SubjectPronoun of 'nehmen', by the parse of UDPipe's German-HDT model (Straka and Straková, ÚFAL, CC BY-NC-SA 4.0)
31:30	32	sollst		30	נָתַתָּ֤ה		attached-word	attached	0.6259	approved	0				AuxiliaryVerb of 'geben', by the parse of UDPipe's German-HDT model (Straka and Straková, ÚFAL, CC BY-NC-SA 4.0)
31:31	14	hatte		10	צִוָּ֥ה		attached-word	attached	0.475	approved	0				AuxiliaryVerb of 'geboten', by the parse of UDPipe's German-HDT model (Straka and Straková, ÚFAL, CC BY-NC-SA 4.0)
31:35	17	hatten		9	יָדְע֖וּ		attached-word	attached	0.7	approved	0				AuxiliaryVerb of 'gekannt', by the parse of UDPipe's German-HDT model (Straka and Straková, ÚFAL, CC BY-NC-SA 4.0)
31:36	11	waren		7	יֹּצְאִ֖ים		attached-word	attached	0.525	approved	0				AuxiliaryVerb of 'ausgezogen', by the parse of UDPipe's German-HDT model (Straka and Straková, ÚFAL, CC BY-NC-SA 4.0)
31:41	18	hatte		14	צִוָּ֥ה		attached-word	attached	0.475	approved	0				AuxiliaryVerb of 'geboten', by the parse of UDPipe's German-HDT model (Straka and Straková, ÚFAL, CC BY-NC-SA 4.0)
31:47	40	hatte		34	צִוָּ֥ה		attached-word	attached	0.475	approved	0				AuxiliaryVerb of 'geboten', by the parse of UDPipe's German-HDT model (Straka and Straková, ÚFAL, CC BY-NC-SA 4.0)
31:50	13	er		8	מָצָ֤א		attached-word	attached	0.6795	approved	0				SubjectPronoun of 'gefunden', by the parse of UDPipe's German-HDT model (Straka and Straková, ÚFAL, CC BY-NC-SA 4.0)
31:50	18	hat		8	מָצָ֤א		attached-word	attached	0.6795	approved	0				AuxiliaryVerb of 'gefunden', by the parse of UDPipe's German-HDT model (Straka and Straková, ÚFAL, CC BY-NC-SA 4.0)
32:1	16	sie		15	יִּרְא֞וּ		attached-word	attached	0.6769	approved	0				SubjectPronoun of 'sahen', by the parse of UDPipe's German-HDT model (Straka and Straková, ÚFAL, CC BY-NC-SA 4.0)
32:4	10	hat		4	הִכָּ֤ה		attached-word	attached	0.5227	approved	0				AuxiliaryVerb of 'geschlagen', by the parse of UDPipe's German-HDT model (Straka and Straková, ÚFAL, CC BY-NC-SA 4.0)
32:5	2	sie		2	יֹּאמְר֗וּ		attached-word	attached	0.6716	approved	0				SubjectPronoun of 'sprachen', by the parse of UDPipe's German-HDT model (Straka and Straková, ÚFAL, CC BY-NC-SA 4.0)
32:5	11	haben		4	מָצָ֤אנוּ		attached-word	attached	0.6793	approved	0				AuxiliaryVerb of 'gefunden', by the parse of UDPipe's German-HDT model (Straka and Straková, ÚFAL, CC BY-NC-SA 4.0)
32:5	21	werden		8	יֻתַּ֞ן		attached-word	attached	0.6446	approved	0				AuxiliaryVerb of 'gegeben', by the parse of UDPipe's German-HDT model (Straka and Straková, ÚFAL, CC BY-NC-SA 4.0)
32:7	23	hat		14	נָתַ֥ן		attached-word	attached	0.6446	approved	0				AuxiliaryVerb of 'gegeben', by the parse of UDPipe's German-HDT model (Straka and Straková, ÚFAL, CC BY-NC-SA 4.0)
32:8	2	haben		2	עָשׂ֖וּ		attached-word	attached	0.5611	approved	0				AuxiliaryVerb of 'getan', by the parse of UDPipe's German-HDT model (Straka and Straková, ÚFAL, CC BY-NC-SA 4.0)
32:8	7	ich		5	שָׁלְחִ֥י		attached-word	attached	0.7	approved	0				SubjectPronoun of 'aussandte', by the parse of UDPipe's German-HDT model (Straka and Straková, ÚFAL, CC BY-NC-SA 4.0)
32:9	32	hatte		24	נָתַ֥ן		attached-word	attached	0.6446	approved	0				AuxiliaryVerb of 'gegeben', by the parse of UDPipe's German-HDT model (Straka and Straková, ÚFAL, CC BY-NC-SA 4.0)
32:11	17	werden		2	יִרְא֨וּ		attached-word	attached	0.6432	approved	0				AuxiliaryVerb of 'sehen', by the parse of UDPipe's German-HDT model (Straka and Straková, ÚFAL, CC BY-NC-SA 4.0)
32:13	27	hatte		20	עֹשֶׂ֥ה		attached-word	attached	0.5611	approved	0				AuxiliaryVerb of 'getan', by the parse of UDPipe's German-HDT model (Straka and Straková, ÚFAL, CC BY-NC-SA 4.0)
32:15	19	werdet		14	שִֽׁחַתֶּ֖ם		attached-word	attached	0.4435	approved	0				AuxiliaryVerb of 'verderben', by the parse of UDPipe's German-HDT model (Straka and Straková, ÚFAL, CC BY-NC-SA 4.0)
32:16	2	sie		2	יִּגְּשׁ֤וּ		attached-word	attached	0.2821	approved	0				SubjectPronoun of 'traten', by the parse of UDPipe's German-HDT model (Straka and Straková, ÚFAL, CC BY-NC-SA 4.0)
32:16	10	wir		8	נִבְנֶ֥ה		attached-word	attached	0.6311	approved	0				SubjectPronoun of 'bauen', by the parse of UDPipe's German-HDT model (Straka and Straková, ÚFAL, CC BY-NC-SA 4.0)
32:17	20	haben		12	הֲבִֽיאֹנֻ֖ם		attached-word	attached	0.4218	approved	0				AuxiliaryVerb of 'gebracht', by the parse of UDPipe's German-HDT model (Straka and Straková, ÚFAL, CC BY-NC-SA 4.0)
32:18	1	Wir		2	נָשׁ֖וּב		attached-word	attached	0.3625	approved	0				SubjectPronoun of 'zurückkehren', by the parse of UDPipe's German-HDT model (Straka and Straková, ÚFAL, CC BY-NC-SA 4.0)
32:19	2	wir		3	נִנְחַל֙		attached-word	attached	0.3727	approved	0				SubjectPronoun of 'erben', by the parse of UDPipe's German-HDT model (Straka and Straková, ÚFAL, CC BY-NC-SA 4.0)
32:21	7	sind		5	חָל֛וּץ		attached-word	attached	0.322	approved	0				AuxiliaryVerb of 'gerüstet', by the parse of UDPipe's German-HDT model (Straka and Straková, ÚFAL, CC BY-NC-SA 4.0)
32:23	2	ihr		4	תַעֲשׂוּן֙		attached-word	attached	0.5771	approved	0				SubjectPronoun of 'tut', by the parse of UDPipe's German-HDT model (Straka and Straková, ÚFAL, CC BY-NC-SA 4.0)
32:23	9	habt		7	חֲטָאתֶ֖ם		attached-word	attached	0.674	approved	0				AuxiliaryVerb of 'gesündigt', by the parse of UDPipe's German-HDT model (Straka and Straková, ÚFAL, CC BY-NC-SA 4.0)
32:23	10	ihr		7	חֲטָאתֶ֖ם		attached-word	attached	0.674	approved	0				SubjectPronoun of 'gesündigt', by the parse of UDPipe's German-HDT model (Straka and Straková, ÚFAL, CC BY-NC-SA 4.0)
32:23	21	wird		14	תִּמְצָ֖א		attached-word	attached	0.6149	approved	0				AuxiliaryVerb of 'finden', by the parse of UDPipe's German-HDT model (Straka and Straková, ÚFAL, CC BY-NC-SA 4.0)
32:25	16	werden		13	יַעֲשׂ֔וּ		attached-word	attached	0.5154	approved	0				AuxiliaryVerb of 'tun', by the parse of UDPipe's German-HDT model (Straka and Straková, ÚFAL, CC BY-NC-SA 4.0)
32:29	35	sollt		31	נְתַתֶּ֥ם		attached-word	attached	0.6262	approved	0				AuxiliaryVerb of 'geben', by the parse of UDPipe's German-HDT model (Straka and Straková, ÚFAL, CC BY-NC-SA 4.0)
32:31	18	hat		12	דִּבֶּ֧ר		attached-word	attached	0.595	approved	0				AuxiliaryVerb of 'geredet', by the parse of UDPipe's German-HDT model (Straka and Straková, ÚFAL, CC BY-NC-SA 4.0)
32:31	21	wir		17	נַעֲשֶֽׂה		attached-word	attached	0.5154	approved	0				SubjectPronoun of 'tun', by the parse of UDPipe's German-HDT model (Straka and Straková, ÚFAL, CC BY-NC-SA 4.0)
32:38	17	sie		21	בָּנֽוּ		attached-word	attached	0.52	approved	0				SubjectPronoun of 'bauten', by the parse of UDPipe's German-HDT model (Straka and Straková, ÚFAL, CC BY-NC-SA 4.0)
32:40	11	er		12	יֵּ֖שֶׁב		attached-word	attached	0.6474	approved	0				SubjectPronoun of 'wohnte', by the parse of UDPipe's German-HDT model (Straka and Straková, ÚFAL, CC BY-NC-SA 4.0)
33:1	14	sind		6	יָצְא֛וּ		attached-word	attached	0.525	approved	0				AuxiliaryVerb of 'ausgezogen', by the parse of UDPipe's German-HDT model (Straka and Straková, ÚFAL, CC BY-NC-SA 4.0)
33:4	11	hatte		6	הִכָּ֧ה		attached-word	attached	0.5227	approved	0				AuxiliaryVerb of 'geschlagen', by the parse of UDPipe's German-HDT model (Straka and Straková, ÚFAL, CC BY-NC-SA 4.0)
33:6	2	sie		2	יִּסְע֖וּ		attached-word	attached	0.34	approved	0				SubjectPronoun of 'brachen', by the parse of UDPipe's German-HDT model (Straka and Straková, ÚFAL, CC BY-NC-SA 4.0)
33:7	2	sie		2	יִּסְעוּ֙		attached-word	attached	0.34	approved	0				SubjectPronoun of 'brachen', by the parse of UDPipe's German-HDT model (Straka and Straková, ÚFAL, CC BY-NC-SA 4.0)
33:9	2	sie		2	יִּסְעוּ֙		attached-word	attached	0.34	approved	0				SubjectPronoun of 'brachen', by the parse of UDPipe's German-HDT model (Straka and Straková, ÚFAL, CC BY-NC-SA 4.0)
33:9	21	sie		19	יַּחֲנוּ		attached-word	attached	0.475	approved	0				SubjectPronoun of 'lagerten', by the parse of UDPipe's German-HDT model (Straka and Straková, ÚFAL, CC BY-NC-SA 4.0)
33:10	2	sie		2	יִּסְע֖וּ		attached-word	attached	0.34	approved	0				SubjectPronoun of 'brachen', by the parse of UDPipe's German-HDT model (Straka and Straková, ÚFAL, CC BY-NC-SA 4.0)
33:11	2	sie		2	יִּסְע֖וּ		attached-word	attached	0.34	approved	0				SubjectPronoun of 'brachen', by the parse of UDPipe's German-HDT model (Straka and Straková, ÚFAL, CC BY-NC-SA 4.0)
33:12	2	sie		2	יִּסְע֖וּ		attached-word	attached	0.34	approved	0				SubjectPronoun of 'brachen', by the parse of UDPipe's German-HDT model (Straka and Straková, ÚFAL, CC BY-NC-SA 4.0)
33:13	2	sie		2	יִּסְע֖וּ		attached-word	attached	0.34	approved	0				SubjectPronoun of 'brachen', by the parse of UDPipe's German-HDT model (Straka and Straková, ÚFAL, CC BY-NC-SA 4.0)
33:14	2	sie		2	יִּסְע֖וּ		attached-word	attached	0.34	approved	0				SubjectPronoun of 'brachen', by the parse of UDPipe's German-HDT model (Straka and Straková, ÚFAL, CC BY-NC-SA 4.0)
33:15	2	sie		2	יִּסְע֖וּ		attached-word	attached	0.34	approved	0				SubjectPronoun of 'brachen', by the parse of UDPipe's German-HDT model (Straka and Straková, ÚFAL, CC BY-NC-SA 4.0)
33:16	2	sie		2	יִּסְע֖וּ		attached-word	attached	0.34	approved	0				SubjectPronoun of 'brachen', by the parse of UDPipe's German-HDT model (Straka and Straková, ÚFAL, CC BY-NC-SA 4.0)
33:17	2	sie		2	יִּסְע֖וּ		attached-word	attached	0.34	approved	0				SubjectPronoun of 'brachen', by the parse of UDPipe's German-HDT model (Straka and Straková, ÚFAL, CC BY-NC-SA 4.0)
33:18	2	sie		2	יִּסְע֖וּ		attached-word	attached	0.34	approved	0				SubjectPronoun of 'brachen', by the parse of UDPipe's German-HDT model (Straka and Straková, ÚFAL, CC BY-NC-SA 4.0)
33:19	2	sie		2	יִּסְע֖וּ		attached-word	attached	0.34	approved	0				SubjectPronoun of 'brachen', by the parse of UDPipe's German-HDT model (Straka and Straková, ÚFAL, CC BY-NC-SA 4.0)
33:20	2	sie		2	יִּסְע֖וּ		attached-word	attached	0.34	approved	0				SubjectPronoun of 'brachen', by the parse of UDPipe's German-HDT model (Straka and Straková, ÚFAL, CC BY-NC-SA 4.0)
33:21	2	sie		2	יִּסְע֖וּ		attached-word	attached	0.34	approved	0				SubjectPronoun of 'brachen', by the parse of UDPipe's German-HDT model (Straka and Straková, ÚFAL, CC BY-NC-SA 4.0)
33:22	2	sie		2	יִּסְע֖וּ		attached-word	attached	0.34	approved	0				SubjectPronoun of 'brachen', by the parse of UDPipe's German-HDT model (Straka and Straková, ÚFAL, CC BY-NC-SA 4.0)
33:23	2	sie		2	יִּסְע֖וּ		attached-word	attached	0.34	approved	0				SubjectPronoun of 'brachen', by the parse of UDPipe's German-HDT model (Straka and Straková, ÚFAL, CC BY-NC-SA 4.0)
33:24	2	sie		2	יִּסְע֖וּ		attached-word	attached	0.34	approved	0				SubjectPronoun of 'brachen', by the parse of UDPipe's German-HDT model (Straka and Straková, ÚFAL, CC BY-NC-SA 4.0)
33:25	2	sie		2	יִּסְע֖וּ		attached-word	attached	0.34	approved	0				SubjectPronoun of 'brachen', by the parse of UDPipe's German-HDT model (Straka and Straková, ÚFAL, CC BY-NC-SA 4.0)
33:26	2	sie		2	יִּסְע֖וּ		attached-word	attached	0.34	approved	0				SubjectPronoun of 'brachen', by the parse of UDPipe's German-HDT model (Straka and Straková, ÚFAL, CC BY-NC-SA 4.0)
33:27	2	sie		2	יִּסְע֖וּ		attached-word	attached	0.34	approved	0				SubjectPronoun of 'brachen', by the parse of UDPipe's German-HDT model (Straka and Straková, ÚFAL, CC BY-NC-SA 4.0)
33:28	2	sie		2	יִּסְע֖וּ		attached-word	attached	0.34	approved	0				SubjectPronoun of 'brachen', by the parse of UDPipe's German-HDT model (Straka and Straková, ÚFAL, CC BY-NC-SA 4.0)
33:29	2	sie		2	יִּסְע֖וּ		attached-word	attached	0.34	approved	0				SubjectPronoun of 'brachen', by the parse of UDPipe's German-HDT model (Straka and Straková, ÚFAL, CC BY-NC-SA 4.0)
33:30	2	sie		2	יִּסְע֖וּ		attached-word	attached	0.34	approved	0				SubjectPronoun of 'brachen', by the parse of UDPipe's German-HDT model (Straka and Straková, ÚFAL, CC BY-NC-SA 4.0)
33:31	2	sie		2	יִּסְע֖וּ		attached-word	attached	0.34	approved	0				SubjectPronoun of 'brachen', by the parse of UDPipe's German-HDT model (Straka and Straková, ÚFAL, CC BY-NC-SA 4.0)
33:32	2	sie		2	יִּסְע֖וּ		attached-word	attached	0.34	approved	0				SubjectPronoun of 'brachen', by the parse of UDPipe's German-HDT model (Straka and Straková, ÚFAL, CC BY-NC-SA 4.0)
33:33	2	sie		2	יִּסְע֖וּ		attached-word	attached	0.34	approved	0				SubjectPronoun of 'brachen', by the parse of UDPipe's German-HDT model (Straka and Straková, ÚFAL, CC BY-NC-SA 4.0)
33:34	2	sie		2	יִּסְע֖וּ		attached-word	attached	0.34	approved	0				SubjectPronoun of 'brachen', by the parse of UDPipe's German-HDT model (Straka and Straková, ÚFAL, CC BY-NC-SA 4.0)
33:35	2	sie		2	יִּסְע֖וּ		attached-word	attached	0.34	approved	0				SubjectPronoun of 'brachen', by the parse of UDPipe's German-HDT model (Straka and Straková, ÚFAL, CC BY-NC-SA 4.0)
33:36	2	sie		2	יִּסְע֖וּ		attached-word	attached	0.34	approved	0				SubjectPronoun of 'brachen', by the parse of UDPipe's German-HDT model (Straka and Straková, ÚFAL, CC BY-NC-SA 4.0)
33:37	2	sie		2	יִּסְע֖וּ		attached-word	attached	0.34	approved	0				SubjectPronoun of 'brachen', by the parse of UDPipe's German-HDT model (Straka and Straková, ÚFAL, CC BY-NC-SA 4.0)
33:38	15	er		14	יָּ֣מָת		attached-word	attached	0.6702	approved	0				SubjectPronoun of 'starb', by the parse of UDPipe's German-HDT model (Straka and Straková, ÚFAL, CC BY-NC-SA 4.0)
33:41	2	sie		2	יִּסְע֖וּ		attached-word	attached	0.34	approved	0				SubjectPronoun of 'brachen', by the parse of UDPipe's German-HDT model (Straka and Straková, ÚFAL, CC BY-NC-SA 4.0)
33:42	2	sie		2	יִּסְע֖וּ		attached-word	attached	0.34	approved	0				SubjectPronoun of 'brachen', by the parse of UDPipe's German-HDT model (Straka and Straková, ÚFAL, CC BY-NC-SA 4.0)
33:43	2	sie		2	יִּסְע֖וּ		attached-word	attached	0.34	approved	0				SubjectPronoun of 'brachen', by the parse of UDPipe's German-HDT model (Straka and Straková, ÚFAL, CC BY-NC-SA 4.0)
33:44	2	sie		2	יִּסְע֖וּ		attached-word	attached	0.34	approved	0				SubjectPronoun of 'brachen', by the parse of UDPipe's German-HDT model (Straka and Straková, ÚFAL, CC BY-NC-SA 4.0)
33:45	2	sie		2	יִּסְע֖וּ		attached-word	attached	0.34	approved	0				SubjectPronoun of 'brachen', by the parse of UDPipe's German-HDT model (Straka and Straková, ÚFAL, CC BY-NC-SA 4.0)
33:46	2	sie		2	יִּסְע֖וּ		attached-word	attached	0.34	approved	0				SubjectPronoun of 'brachen', by the parse of UDPipe's German-HDT model (Straka and Straková, ÚFAL, CC BY-NC-SA 4.0)
33:47	2	sie		2	יִּסְע֖וּ		attached-word	attached	0.34	approved	0				SubjectPronoun of 'brachen', by the parse of UDPipe's German-HDT model (Straka and Straková, ÚFAL, CC BY-NC-SA 4.0)
33:48	2	sie		2	יִּסְע֖וּ		attached-word	attached	0.34	approved	0				SubjectPronoun of 'brachen', by the parse of UDPipe's German-HDT model (Straka and Straková, ÚFAL, CC BY-NC-SA 4.0)
33:49	2	sie		2	יַּחֲנ֤וּ		attached-word	attached	0.475	approved	0				SubjectPronoun of 'lagerten', by the parse of UDPipe's German-HDT model (Straka and Straková, ÚFAL, CC BY-NC-SA 4.0)
33:52	2	sollt		2	הֹ֨ורַשְׁתֶּ֜ם		attached-word	attached	0.4	approved	0				AuxiliaryVerb of 'austreiben', by the parse of UDPipe's German-HDT model (Straka and Straková, ÚFAL, CC BY-NC-SA 4.0)
33:52	3	ihr		2	הֹ֨ורַשְׁתֶּ֜ם		attached-word	attached	0.4	approved	0				SubjectPronoun of 'austreiben', by the parse of UDPipe's German-HDT model (Straka and Straková, ÚFAL, CC BY-NC-SA 4.0)
33:52	21	sollt		20	תְּאַבֵּ֔דוּ		attached-word	attached	0.3	approved	0				AuxiliaryVerb of 'zerstören', by the parse of UDPipe's German-HDT model (Straka and Straková, ÚFAL, CC BY-NC-SA 4.0)
33:52	22	ihr		20	תְּאַבֵּ֔דוּ		attached-word	attached	0.3	approved	0				SubjectPronoun of 'zerstören', by the parse of UDPipe's German-HDT model (Straka and Straková, ÚFAL, CC BY-NC-SA 4.0)
33:52	28	sollt		25	תַּשְׁמִֽידוּ		attached-word	attached	0.55	approved	0				AuxiliaryVerb of 'vertilgen', by the parse of UDPipe's German-HDT model (Straka and Straková, ÚFAL, CC BY-NC-SA 4.0)
33:52	29	ihr		25	תַּשְׁמִֽידוּ		attached-word	attached	0.55	approved	0				SubjectPronoun of 'vertilgen', by the parse of UDPipe's German-HDT model (Straka and Straková, ÚFAL, CC BY-NC-SA 4.0)
33:53	14	habe		11	נָתַ֥תִּי		attached-word	attached	0.6443	approved	0				AuxiliaryVerb of 'gegeben', by the parse of UDPipe's German-HDT model (Straka and Straková, ÚFAL, CC BY-NC-SA 4.0)
33:53	15	ich		11	נָתַ֥תִּי		attached-word	attached	0.6443	approved	0				SubjectPronoun of 'gegeben', by the parse of UDPipe's German-HDT model (Straka and Straková, ÚFAL, CC BY-NC-SA 4.0)
33:54	17	ihr		13	תַּרְבּ֤וּ		attached-word	attached	0.664	approved	0				SubjectPronoun of 'mehren', by the parse of UDPipe's German-HDT model (Straka and Straková, ÚFAL, CC BY-NC-SA 4.0)
33:54	24	sollt		20	תַּמְעִ֣יט		attached-word	attached	0.3625	approved	0				AuxiliaryVerb of 'mindern', by the parse of UDPipe's German-HDT model (Straka and Straková, ÚFAL, CC BY-NC-SA 4.0)
33:54	35	soll		31	יִהְיֶ֑ה		attached-word	attached	0.4	approved	0				AuxiliaryVerb of 'gehören', by the parse of UDPipe's German-HDT model (Straka and Straková, ÚFAL, CC BY-NC-SA 4.0)
33:54	43	sollt		35	תִּתְנֶחָֽלוּ		attached-word	attached	0.3812	approved	0				AuxiliaryVerb of 'erben', by the parse of UDPipe's German-HDT model (Straka and Straková, ÚFAL, CC BY-NC-SA 4.0)
33:54	44	ihr		35	תִּתְנֶחָֽלוּ		attached-word	attached	0.3812	approved	0				SubjectPronoun of 'erben', by the parse of UDPipe's German-HDT model (Straka and Straková, ÚFAL, CC BY-NC-SA 4.0)
33:55	33	sie		26	צָרֲר֣וּ		attached-word	attached	0.34	approved	0				SubjectPronoun of 'bedrängen', by the parse of UDPipe's German-HDT model (Straka and Straková, ÚFAL, CC BY-NC-SA 4.0)
33:56	3	wird		2	הָיָ֗ה		attached-word	attached	0.4391	approved	0				AuxiliaryVerb of 'geschehen', by the parse of UDPipe's German-HDT model (Straka and Straková, ÚFAL, CC BY-NC-SA 4.0)
33:56	12	werde		9	אֶֽעֱשֶׂ֥ה		attached-word	attached	0.5157	approved	0				AuxiliaryVerb of 'tun', by the parse of UDPipe's German-HDT model (Straka and Straková, ÚFAL, CC BY-NC-SA 4.0)
33:56	13	ich		9	אֶֽעֱשֶׂ֥ה		attached-word	attached	0.5157	approved	0				SubjectPronoun of 'tun', by the parse of UDPipe's German-HDT model (Straka and Straková, ÚFAL, CC BY-NC-SA 4.0)
34:13	33	hat		18	צִוָּ֣ה		attached-word	attached	0.475	approved	0				AuxiliaryVerb of 'geboten', by the parse of UDPipe's German-HDT model (Straka and Straková, ÚFAL, CC BY-NC-SA 4.0)
34:17	14	sollen		6	יִנְחֲל֥וּ		attached-word	attached	0.4261	approved	0				AuxiliaryVerb of 'austeilen', by the parse of UDPipe's German-HDT model (Straka and Straková, ÚFAL, CC BY-NC-SA 4.0)
34:18	7	sollt		8	תִּקְח֖וּ		attached-word	attached	0.5749	approved	0				AuxiliaryVerb of 'nehmen', by the parse of UDPipe's German-HDT model (Straka and Straková, ÚFAL, CC BY-NC-SA 4.0)
34:18	8	ihr		8	תִּקְח֖וּ		attached-word	attached	0.5749	approved	0				SubjectPronoun of 'nehmen', by the parse of UDPipe's German-HDT model (Straka and Straková, ÚFAL, CC BY-NC-SA 4.0)
35:2	6	sie		6	נָתְנ֣וּ		attached-word	attached	0.6241	approved	0				SubjectPronoun of 'geben', by the parse of UDPipe's German-HDT model (Straka and Straková, ÚFAL, CC BY-NC-SA 4.0)
35:2	20	sollt		22	תִּתְּנ֖וּ		attached-word	attached	0.6241	approved	0				AuxiliaryVerb of 'geben', by the parse of UDPipe's German-HDT model (Straka and Straková, ÚFAL, CC BY-NC-SA 4.0)
35:4	11	sollt		6	תִּתְּנ֖וּ		attached-word	attached	0.6241	approved	0				AuxiliaryVerb of 'geben', by the parse of UDPipe's German-HDT model (Straka and Straková, ÚFAL, CC BY-NC-SA 4.0)
35:5	3	sollt		2	מַדֹּתֶ֞ם		attached-word	attached	0.7	approved	0				AuxiliaryVerb of 'abmessen', by the parse of UDPipe's German-HDT model (Straka and Straková, ÚFAL, CC BY-NC-SA 4.0)
35:6	9	sollt		6	תִּתְּנוּ֙		attached-word	attached	0.6241	approved	0				AuxiliaryVerb of 'geben', by the parse of UDPipe's German-HDT model (Straka and Straková, ÚFAL, CC BY-NC-SA 4.0)
35:6	18	sollt		16	תִּתְּנ֔וּ		attached-word	attached	0.6241	approved	0				AuxiliaryVerb of 'geben', by the parse of UDPipe's German-HDT model (Straka and Straková, ÚFAL, CC BY-NC-SA 4.0)
35:6	31	sollt		24	תִּתְּנ֔וּ		attached-word	attached	0.6241	approved	0				AuxiliaryVerb of 'geben', by the parse of UDPipe's German-HDT model (Straka and Straková, ÚFAL, CC BY-NC-SA 4.0)
35:6	32	ihr		24	תִּתְּנ֔וּ		attached-word	attached	0.6241	approved	0				SubjectPronoun of 'geben', by the parse of UDPipe's German-HDT model (Straka and Straková, ÚFAL, CC BY-NC-SA 4.0)
35:7	9	sollt		5	תִּתְּנוּ֙		attached-word	attached	0.6241	approved	0				AuxiliaryVerb of 'geben', by the parse of UDPipe's German-HDT model (Straka and Straková, ÚFAL, CC BY-NC-SA 4.0)
35:8	15	sollt		5	תִּתְּנוּ֙		attached-word	attached	0.6241	approved	0				AuxiliaryVerb of 'geben', by the parse of UDPipe's German-HDT model (Straka and Straková, ÚFAL, CC BY-NC-SA 4.0)
35:8	38	soll		27	יִתֵּ֥ן		attached-word	attached	0.6241	approved	0				AuxiliaryVerb of 'geben', by the parse of UDPipe's German-HDT model (Straka and Straková, ÚFAL, CC BY-NC-SA 4.0)
35:8	46	wird		26	יִנְחָ֔לוּ		attached-word	attached	0.3812	approved	0				AuxiliaryVerb of 'erben', by the parse of UDPipe's German-HDT model (Straka and Straková, ÚFAL, CC BY-NC-SA 4.0)
35:11	24	hat		13	מַכֵּה		attached-word	attached	0.35	approved	0				AuxiliaryVerb of 'erschlagen', by the parse of UDPipe's German-HDT model (Straka and Straková, ÚFAL, CC BY-NC-SA 4.0)
35:12	18	er		16	עָמְדֹ֛ו		attached-word	attached	0.5875	approved	0				SubjectPronoun of 'gestanden', by the parse of UDPipe's German-HDT model (Straka and Straková, ÚFAL, CC BY-NC-SA 4.0)
35:12	23	hat		16	עָמְדֹ֛ו		attached-word	attached	0.5875	approved	0				AuxiliaryVerb of 'gestanden', by the parse of UDPipe's German-HDT model (Straka and Straková, ÚFAL, CC BY-NC-SA 4.0)
35:13	7	sollt		5	תִּתֵּ֑נוּ		attached-word	attached	0.6241	approved	0				AuxiliaryVerb of 'geben', by the parse of UDPipe's German-HDT model (Straka and Straková, ÚFAL, CC BY-NC-SA 4.0)
35:14	3	sollt		5	תִּתְּנוּ֙		attached-word	attached	0.6241	approved	0				AuxiliaryVerb of 'geben', by the parse of UDPipe's German-HDT model (Straka and Straková, ÚFAL, CC BY-NC-SA 4.0)
35:14	4	ihr		5	תִּתְּנוּ֙		attached-word	attached	0.6241	approved	0				SubjectPronoun of 'geben', by the parse of UDPipe's German-HDT model (Straka and Straková, ÚFAL, CC BY-NC-SA 4.0)
35:14	12	sollt		16	תִּתְּנ֖וּ		attached-word	attached	0.6241	approved	0				AuxiliaryVerb of 'geben', by the parse of UDPipe's German-HDT model (Straka and Straková, ÚFAL, CC BY-NC-SA 4.0)
35:14	13	ihr		16	תִּתְּנ֖וּ		attached-word	attached	0.6241	approved	0				SubjectPronoun of 'geben', by the parse of UDPipe's German-HDT model (Straka and Straková, ÚFAL, CC BY-NC-SA 4.0)
35:15	31	hat		26	מַכֵּה		attached-word	attached	0.35	approved	0				AuxiliaryVerb of 'erschlagen', by the parse of UDPipe's German-HDT model (Straka and Straková, ÚFAL, CC BY-NC-SA 4.0)
35:16	10	hat		6	הִכָּ֛הוּ		attached-word	attached	0.5227	approved	0				AuxiliaryVerb of 'geschlagen', by the parse of UDPipe's German-HDT model (Straka and Straková, ÚFAL, CC BY-NC-SA 4.0)
35:16	14	ist		8	יָּמֹ֖ת		attached-word	attached	0.6735	approved	0				AuxiliaryVerb of 'gestorben', by the parse of UDPipe's German-HDT model (Straka and Straková, ÚFAL, CC BY-NC-SA 4.0)
35:16	25	werden		12	יוּמַ֖ת		attached-word	attached	0.5875	approved	0				AuxiliaryVerb of 'getötet', by the parse of UDPipe's German-HDT model (Straka and Straková, ÚFAL, CC BY-NC-SA 4.0)
35:17	19	hat		9	הִכָּ֛הוּ		attached-word	attached	0.5227	approved	0				AuxiliaryVerb of 'geschlagen', by the parse of UDPipe's German-HDT model (Straka and Straková, ÚFAL, CC BY-NC-SA 4.0)
35:17	23	ist		11	יָּמֹ֖ת		attached-word	attached	0.6735	approved	0				AuxiliaryVerb of 'gestorben', by the parse of UDPipe's German-HDT model (Straka and Straková, ÚFAL, CC BY-NC-SA 4.0)
35:17	34	werden		15	יוּמַ֖ת		attached-word	attached	0.5875	approved	0				AuxiliaryVerb of 'getötet', by the parse of UDPipe's German-HDT model (Straka and Straková, ÚFAL, CC BY-NC-SA 4.0)
35:18	20	hat		9	הִכָּ֛הוּ		attached-word	attached	0.5227	approved	0				AuxiliaryVerb of 'geschlagen', by the parse of UDPipe's German-HDT model (Straka and Straková, ÚFAL, CC BY-NC-SA 4.0)
35:18	24	ist		11	יָּמֹ֖ת		attached-word	attached	0.6735	approved	0				AuxiliaryVerb of 'gestorben', by the parse of UDPipe's German-HDT model (Straka and Straková, ÚFAL, CC BY-NC-SA 4.0)
35:18	35	werden		15	יוּמַ֖ת		attached-word	attached	0.5875	approved	0				AuxiliaryVerb of 'getötet', by the parse of UDPipe's German-HDT model (Straka and Straková, ÚFAL, CC BY-NC-SA 4.0)
35:19	4	soll		5	יָמִ֖ית		attached-word	attached	0.5702	approved	0				AuxiliaryVerb of 'töten', by the parse of UDPipe's German-HDT model (Straka and Straková, ÚFAL, CC BY-NC-SA 4.0)
35:19	12	soll		13	יְמִיתֶֽנּוּ		attached-word	attached	0.5702	approved	0				AuxiliaryVerb of 'töten', by the parse of UDPipe's German-HDT model (Straka and Straková, ÚFAL, CC BY-NC-SA 4.0)
35:20	14	hat		7	הִשְׁלִ֥יךְ		attached-word	attached	0.475	approved	0				AuxiliaryVerb of 'geworfen', by the parse of UDPipe's German-HDT model (Straka and Straková, ÚFAL, CC BY-NC-SA 4.0)
35:20	16	er		12	יָּמֹֽת		attached-word	attached	0.6735	approved	0				SubjectPronoun of 'gestorben', by the parse of UDPipe's German-HDT model (Straka and Straková, ÚFAL, CC BY-NC-SA 4.0)
35:20	18	ist		12	יָּמֹֽת		attached-word	attached	0.6735	approved	0				AuxiliaryVerb of 'gestorben', by the parse of UDPipe's German-HDT model (Straka and Straková, ÚFAL, CC BY-NC-SA 4.0)
35:21	9	hat		4	הִכָּ֤הוּ		attached-word	attached	0.5227	approved	0				AuxiliaryVerb of 'geschlagen', by the parse of UDPipe's German-HDT model (Straka and Straková, ÚFAL, CC BY-NC-SA 4.0)
35:21	13	ist		8	יָּמֹ֔ת		attached-word	attached	0.6735	approved	0				AuxiliaryVerb of 'gestorben', by the parse of UDPipe's German-HDT model (Straka and Straková, ÚFAL, CC BY-NC-SA 4.0)
35:21	20	werden		10	יוּמַ֥ת		attached-word	attached	0.5875	approved	0				AuxiliaryVerb of 'getötet', by the parse of UDPipe's German-HDT model (Straka and Straková, ÚFAL, CC BY-NC-SA 4.0)
35:21	27	soll		18	יָמִ֛ית		attached-word	attached	0.5702	approved	0				AuxiliaryVerb of 'töten', by the parse of UDPipe's German-HDT model (Straka and Straková, ÚFAL, CC BY-NC-SA 4.0)
35:22	19	hat		10	הִשְׁלִ֥יךְ		attached-word	attached	0.475	approved	0				AuxiliaryVerb of 'geworfen', by the parse of UDPipe's German-HDT model (Straka and Straková, ÚFAL, CC BY-NC-SA 4.0)
35:23	21	ist		15	יָּמֹ֑ת		attached-word	attached	0.6735	approved	0				AuxiliaryVerb of 'gestorben', by the parse of UDPipe's German-HDT model (Straka and Straková, ÚFAL, CC BY-NC-SA 4.0)
35:24	2	soll		2	שָֽׁפְטוּ֙		attached-word	attached	0.5548	approved	0				AuxiliaryVerb of 'richten', by the parse of UDPipe's German-HDT model (Straka and Straková, ÚFAL, CC BY-NC-SA 4.0)
35:25	4	soll		2	הִצִּ֨ילוּ		attached-word	attached	0.5859	approved	0				AuxiliaryVerb of 'erretten', by the parse of UDPipe's German-HDT model (Straka and Straková, ÚFAL, CC BY-NC-SA 4.0)
35:25	23	er		22	נָ֣ס		attached-word	attached	0.4	approved	0				SubjectPronoun of 'geflohen', by the parse of UDPipe's German-HDT model (Straka and Straková, ÚFAL, CC BY-NC-SA 4.0)
35:25	25	ist		22	נָ֣ס		attached-word	attached	0.4	approved	0				AuxiliaryVerb of 'geflohen', by the parse of UDPipe's German-HDT model (Straka and Straková, ÚFAL, CC BY-NC-SA 4.0)
35:25	43	hat		34	מָשַׁ֥ח		attached-word	attached	0.5875	approved	0				AuxiliaryVerb of 'gesalbt', by the parse of UDPipe's German-HDT model (Straka and Straková, ÚFAL, CC BY-NC-SA 4.0)
35:26	11	er		12	יָנ֖וּס		attached-word	attached	0.4	approved	0				SubjectPronoun of 'geflohen', by the parse of UDPipe's German-HDT model (Straka and Straková, ÚFAL, CC BY-NC-SA 4.0)
35:26	13	ist		12	יָנ֖וּס		attached-word	attached	0.4	approved	0				AuxiliaryVerb of 'geflohen', by the parse of UDPipe's German-HDT model (Straka and Straková, ÚFAL, CC BY-NC-SA 4.0)
35:28	2	er		5	יֵשֵׁ֔ב		attached-word	attached	0.3352	approved	0				SubjectPronoun of 'bleiben', by the parse of UDPipe's German-HDT model (Straka and Straková, ÚFAL, CC BY-NC-SA 4.0)
35:31	22	werden		15	יוּמָֽת		attached-word	attached	0.5875	approved	0				AuxiliaryVerb of 'getötet', by the parse of UDPipe's German-HDT model (Straka and Straková, ÚFAL, CC BY-NC-SA 4.0)
35:32	3	ihr		3	תִקְח֣וּ		attached-word	attached	0.3625	approved	0				SubjectPronoun of 'annehmen', by the parse of UDPipe's German-HDT model (Straka and Straková, ÚFAL, CC BY-NC-SA 4.0)
35:33	34	worden		28	שֻׁפַּךְ		attached-word	attached	0.6591	approved	0				AuxiliaryVerb of 'vergossen', by the parse of UDPipe's German-HDT model (Straka and Straková, ÚFAL, CC BY-NC-SA 4.0)
35:34	3	sollst		3	תְטַמֵּ֣א		attached-word	attached	0.6719	approved	0				AuxiliaryVerb of 'verunreinigen', by the parse of UDPipe's German-HDT model (Straka and Straková, ÚFAL, CC BY-NC-SA 4.0)
36:1	27	sie		19	יְדַבְּר֞וּ		attached-word	attached	0.6438	approved	0				SubjectPronoun of 'redeten', by the parse of UDPipe's German-HDT model (Straka and Straková, ÚFAL, CC BY-NC-SA 4.0)
36:2	2	hat		5	צִוָּ֣ה		attached-word	attached	0.4692	approved	0				AuxiliaryVerb of 'geboten', by the parse of UDPipe's German-HDT model (Straka and Straková, ÚFAL, CC BY-NC-SA 4.0)
36:2	20	ist		21	צֻוָּ֣ה		attached-word	attached	0.4692	approved	0				AuxiliaryVerb of 'geboten', by the parse of UDPipe's German-HDT model (Straka and Straková, ÚFAL, CC BY-NC-SA 4.0)
36:2	24	worden		21	צֻוָּ֣ה		attached-word	attached	0.4692	approved	0				AuxiliaryVerb of 'geboten', by the parse of UDPipe's German-HDT model (Straka and Straková, ÚFAL, CC BY-NC-SA 4.0)
36:6	12	hat		5	צִוָּ֣ה		attached-word	attached	0.4692	approved	0				AuxiliaryVerb of 'geboten', by the parse of UDPipe's German-HDT model (Straka and Straková, ÚFAL, CC BY-NC-SA 4.0)
36:7	17	sollen		18	יִדְבְּק֖וּ		attached-word	attached	0.5071	approved	0				AuxiliaryVerb of 'anhangen', by the parse of UDPipe's German-HDT model (Straka and Straková, ÚFAL, CC BY-NC-SA 4.0)
36:9	19	sollen		14	יִדְבְּק֕וּ		attached-word	attached	0.5071	approved	0				AuxiliaryVerb of 'anhangen', by the parse of UDPipe's German-HDT model (Straka and Straková, ÚFAL, CC BY-NC-SA 4.0)
36:10	7	hatte		3	צִוָּ֥ה		attached-word	attached	0.4692	approved	0				AuxiliaryVerb of 'geboten', by the parse of UDPipe's German-HDT model (Straka and Straková, ÚFAL, CC BY-NC-SA 4.0)
36:13	24	hat		8	צִוָּ֧ה		attached-word	attached	0.4692	approved	0				AuxiliaryVerb of 'geboten', by the parse of UDPipe's German-HDT model (Straka and Straková, ÚFAL, CC BY-NC-SA 4.0)
