at	word	surface	target_at	target	target_surface	absence	rule	tier	confidence	verdict	review	corrected_at	corrected	corrected_surface	rationale
1:2	3	los				expands	supplied-article-spa	safe	0.7923	approved	0				article the original does not write, read as one by UDPipe's Spanish-AnCora model (Straka and Straková, ÚFAL, CC BY-NC-SA 4.0); rests on 'hijos' → 'בְּנֵ֤י'
1:4	6	la				expands	supplied-article-spa	safe	0.7854	approved	0				article the original does not write, read as one by UDPipe's Spanish-AnCora model (Straka and Straková, ÚFAL, CC BY-NC-SA 4.0); rests on 'cabeza' → 'רֹ֣אשׁ'
1:5	6	la				expands	supplied-article-spa	safe	0.6818	approved	0				article the original does not write, read as one by UDPipe's Spanish-AnCora model (Straka and Straková, ÚFAL, CC BY-NC-SA 4.0); rests on 'presencia' → 'פְנֵ֣י'
1:7	2	los				expands	supplied-article-spa	safe	0.7923	approved	0				article the original does not write, read as one by UDPipe's Spanish-AnCora model (Straka and Straková, ÚFAL, CC BY-NC-SA 4.0); rests on 'hijos' → 'בְּנֵ֨י'
1:7	14	la				expands	supplied-article-spa	safe	0.8	approved	0				article the original does not write, read as one by UDPipe's Spanish-AnCora model (Straka and Straková, ÚFAL, CC BY-NC-SA 4.0); rests on 'leña' → 'עֵצִ֖ים'
1:14	3	el				expands	supplied-article-spa	safe	0.7955	approved	0				article the original does not write, read as one by UDPipe's Spanish-AnCora model (Straka and Straková, ÚFAL, CC BY-NC-SA 4.0); rests on 'holocausto' → 'עֹלָ֥ה'
1:15	13	la				expands	supplied-article-spa	safe	0.7854	approved	0				article the original does not write, read as one by UDPipe's Spanish-AnCora model (Straka and Straková, ÚFAL, CC BY-NC-SA 4.0); rests on 'cabeza' → 'רֹאשֹׁ֔ו'
1:15	28	la				expands	supplied-article-spa	safe	0.7386	approved	0				article the original does not write, read as one by UDPipe's Spanish-AnCora model (Straka and Straková, ÚFAL, CC BY-NC-SA 4.0); rests on 'pared' → 'קִ֥יר'
1:16	21	el				expands	supplied-article-spa	safe	0.6353	approved	0				article the original does not write, read as one by UDPipe's Spanish-AnCora model (Straka and Straková, ÚFAL, CC BY-NC-SA 4.0); rests on 'lugar' → 'מְקֹ֖ום'
2:12	5	las				expands	supplied-article-spa	safe	0.65	approved	0				article the original does not write, read as one by UDPipe's Spanish-AnCora model (Straka and Straková, ÚFAL, CC BY-NC-SA 4.0); rests on 'primicias' → 'רֵאשִׁ֛ית'
2:13	22	la				expands	supplied-article-spa	safe	0.755	approved	0				article the original does not write, read as one by UDPipe's Spanish-AnCora model (Straka and Straková, ÚFAL, CC BY-NC-SA 4.0); rests on 'alianza' → 'בְּרִ֣ית'
3:2	6	la				expands	supplied-article-spa	safe	0.7854	approved	0				article the original does not write, read as one by UDPipe's Spanish-AnCora model (Straka and Straková, ÚFAL, CC BY-NC-SA 4.0); rests on 'cabeza' → 'רֹ֣אשׁ'
3:5	2	los				expands	supplied-article-spa	safe	0.7923	approved	0				article the original does not write, read as one by UDPipe's Spanish-AnCora model (Straka and Straková, ÚFAL, CC BY-NC-SA 4.0); rests on 'hijos' → 'בְנֵֽי'
3:8	6	la				expands	supplied-article-spa	safe	0.7854	approved	0				article the original does not write, read as one by UDPipe's Spanish-AnCora model (Straka and Straková, ÚFAL, CC BY-NC-SA 4.0); rests on 'cabeza' → 'רֹ֣אשׁ'
3:8	21	los				expands	supplied-article-spa	safe	0.7923	approved	0				article the original does not write, read as one by UDPipe's Spanish-AnCora model (Straka and Straková, ÚFAL, CC BY-NC-SA 4.0); rests on 'hijos' → 'בְּנֵ֨י'
3:13	6	la				expands	supplied-article-spa	safe	0.7854	approved	0				article the original does not write, read as one by UDPipe's Spanish-AnCora model (Straka and Straková, ÚFAL, CC BY-NC-SA 4.0); rests on 'cabeza' → 'רֹאשֹׁ֔ו'
3:13	19	los				expands	supplied-article-spa	safe	0.7923	approved	0				article the original does not write, read as one by UDPipe's Spanish-AnCora model (Straka and Straková, ÚFAL, CC BY-NC-SA 4.0); rests on 'hijos' → 'בְּנֵ֨י'
3:16	23	el				expands	supplied-article-spa	safe	0.8	approved	0				article the original does not write, read as one by UDPipe's Spanish-AnCora model (Straka and Straková, ÚFAL, CC BY-NC-SA 4.0); rests on 'sebo' → 'חֵ֖לֶב'
4:2	3	los				expands	supplied-article-spa	safe	0.7923	approved	0				article the original does not write, read as one by UDPipe's Spanish-AnCora model (Straka and Straková, ÚFAL, CC BY-NC-SA 4.0); rests on 'hijos' → 'בְּנֵ֣י'
4:2	17	los				expands	supplied-article-spa	safe	0.7153	approved	0				article the original does not write, read as one by UDPipe's Spanish-AnCora model (Straka and Straková, ÚFAL, CC BY-NC-SA 4.0); rests on 'mandamientos' → 'מִצְוֹ֣ת'
4:3	19	un				expands	supplied-indefinite-article-spa	safe	0.6738	approved	0				indefinite article, read as one by UDPipe's Spanish-AnCora model (Straka and Straková, ÚFAL, CC BY-NC-SA 4.0); rests on 'becerro' → 'פַּ֣ר'
4:4	20	la				expands	supplied-article-spa	safe	0.7852	approved	0				article the original does not write, read as one by UDPipe's Spanish-AnCora model (Straka and Straková, ÚFAL, CC BY-NC-SA 4.0); rests on 'cabeza' → 'רֹ֣אשׁ'
4:5	7	la				expands	supplied-article-spa	safe	0.7906	approved	0				article the original does not write, read as one by UDPipe's Spanish-AnCora model (Straka and Straková, ÚFAL, CC BY-NC-SA 4.0); rests on 'sangre' → 'דַּ֣ם'
4:6	21	el				expands	supplied-article-spa	safe	0.6457	approved	0				article the original does not write, read as one by UDPipe's Spanish-AnCora model (Straka and Straková, ÚFAL, CC BY-NC-SA 4.0); rests on 'velo' → 'פָּרֹ֥כֶת'
4:7	9	los				expands	supplied-article-spa	safe	0.7149	approved	0				article the original does not write, read as one by UDPipe's Spanish-AnCora model (Straka and Straková, ÚFAL, CC BY-NC-SA 4.0); rests on 'cuernos' → 'קַ֠רְנֹות'
4:7	29	la				expands	supplied-article-spa	safe	0.7906	approved	0				article the original does not write, read as one by UDPipe's Spanish-AnCora model (Straka and Straková, ÚFAL, CC BY-NC-SA 4.0); rests on 'sangre' → 'דַּ֣ם'
4:10	21	el				expands	supplied-article-spa	safe	0.7945	approved	0				article the original does not write, read as one by UDPipe's Spanish-AnCora model (Straka and Straková, ÚFAL, CC BY-NC-SA 4.0); rests on 'altar' → 'מִזְבַּ֥ח'
4:12	11	un				expands	supplied-indefinite-article-spa	safe	0.6343	approved	0				indefinite article, read as one by UDPipe's Spanish-AnCora model (Straka and Straková, ÚFAL, CC BY-NC-SA 4.0); rests on 'lugar' → 'מָקֹ֤ום'
4:12	25	la				expands	supplied-article-spa	safe	0.8	approved	0				article the original does not write, read as one by UDPipe's Spanish-AnCora model (Straka and Straková, ÚFAL, CC BY-NC-SA 4.0); rests on 'leña' → 'עֵצִ֖ים'
4:13	4	la				expands	supplied-article-spa	safe	0.6322	approved	0				article the original does not write, read as one by UDPipe's Spanish-AnCora model (Straka and Straková, ÚFAL, CC BY-NC-SA 4.0); rests on 'congregación' → 'עֲדַ֤ת'
4:13	11	el				expands	supplied-article-spa	safe	0.6929	approved	0				article the original does not write, read as one by UDPipe's Spanish-AnCora model (Straka and Straková, ÚFAL, CC BY-NC-SA 4.0); rests on 'negocio' → 'דָּבָ֔ר'
4:13	16	los				expands	supplied-article-spa	safe	0.7877	approved	0				article the original does not write, read as one by UDPipe's Spanish-AnCora model (Straka and Straková, ÚFAL, CC BY-NC-SA 4.0); rests on 'ojos' → 'עֵינֵ֖י'
4:13	27	los				expands	supplied-article-spa	safe	0.7153	approved	0				article the original does not write, read as one by UDPipe's Spanish-AnCora model (Straka and Straková, ÚFAL, CC BY-NC-SA 4.0); rests on 'mandamientos' → 'מִצְוֹ֧ת'
4:14	13	un				expands	supplied-indefinite-article-spa	safe	0.6738	approved	0				indefinite article, read as one by UDPipe's Spanish-AnCora model (Straka and Straková, ÚFAL, CC BY-NC-SA 4.0); rests on 'becerro' → 'פַּ֤ר'
4:15	2	los				expands	supplied-article-spa	safe	0.8	approved	0				article the original does not write, read as one by UDPipe's Spanish-AnCora model (Straka and Straková, ÚFAL, CC BY-NC-SA 4.0); rests on 'ancianos' → 'זִקְנֵ֨י'
4:15	11	la				expands	supplied-article-spa	safe	0.7852	approved	0				article the original does not write, read as one by UDPipe's Spanish-AnCora model (Straka and Straková, ÚFAL, CC BY-NC-SA 4.0); rests on 'cabeza' → 'רֹ֥אשׁ'
4:16	7	la				expands	supplied-article-spa	safe	0.7906	approved	0				article the original does not write, read as one by UDPipe's Spanish-AnCora model (Straka and Straková, ÚFAL, CC BY-NC-SA 4.0); rests on 'sangre' → 'דַּ֣ם'
4:18	7	los				expands	supplied-article-spa	safe	0.7149	approved	0				article the original does not write, read as one by UDPipe's Spanish-AnCora model (Straka and Straková, ÚFAL, CC BY-NC-SA 4.0); rests on 'cuernos' → 'קַרְנֹ֣ת'
4:19	5	el				expands	supplied-article-spa	safe	0.8	approved	0				article the original does not write, read as one by UDPipe's Spanish-AnCora model (Straka and Straková, ÚFAL, CC BY-NC-SA 4.0); rests on 'sebo' → 'חֶלְבֹּ֖ו'
4:20	9	el				expands	supplied-article-spa	safe	0.6738	approved	0				article the original does not write, read as one by UDPipe's Spanish-AnCora model (Straka and Straková, ÚFAL, CC BY-NC-SA 4.0); rests on 'becerro' → 'פַ֣ר'
4:22	15	los				expands	supplied-article-spa	safe	0.7153	approved	0				article the original does not write, read as one by UDPipe's Spanish-AnCora model (Straka and Straková, ÚFAL, CC BY-NC-SA 4.0); rests on 'mandamientos' → 'מִצְוֹת֩'
4:23	16	un				expands	supplied-indefinite-article-spa	safe	0.699	approved	0				indefinite article, read as one by UDPipe's Spanish-AnCora model (Straka and Straková, ÚFAL, CC BY-NC-SA 4.0); rests on 'cabrío' → 'שְׂעִ֥יר'
4:24	6	la				expands	supplied-article-spa	safe	0.7852	approved	0				article the original does not write, read as one by UDPipe's Spanish-AnCora model (Straka and Straková, ÚFAL, CC BY-NC-SA 4.0); rests on 'cabeza' → 'רֹ֣אשׁ'
4:24	15	el				expands	supplied-article-spa	safe	0.6343	approved	0				article the original does not write, read as one by UDPipe's Spanish-AnCora model (Straka and Straková, ÚFAL, CC BY-NC-SA 4.0); rests on 'lugar' → 'מְקֹ֛ום'
4:25	9	la				expands	supplied-article-spa	safe	0.7906	approved	0				article the original does not write, read as one by UDPipe's Spanish-AnCora model (Straka and Straková, ÚFAL, CC BY-NC-SA 4.0); rests on 'sangre' → 'דַּ֤ם'
4:25	17	los				expands	supplied-article-spa	safe	0.7149	approved	0				article the original does not write, read as one by UDPipe's Spanish-AnCora model (Straka and Straková, ÚFAL, CC BY-NC-SA 4.0); rests on 'cuernos' → 'קַרְנֹ֖ת'
4:25	25	la				expands	supplied-article-spa	safe	0.7906	approved	0				article the original does not write, read as one by UDPipe's Spanish-AnCora model (Straka and Straková, ÚFAL, CC BY-NC-SA 4.0); rests on 'sangre' → 'דָּמֹ֣ו'
4:26	10	el				expands	supplied-article-spa	safe	0.8	approved	0				article the original does not write, read as one by UDPipe's Spanish-AnCora model (Straka and Straková, ÚFAL, CC BY-NC-SA 4.0); rests on 'sebo' → 'חֵ֖לֶב'
4:26	23	la				expands	supplied-article-spa	safe	0.6239	approved	0				article the original does not write, read as one by UDPipe's Spanish-AnCora model (Straka and Straková, ÚFAL, CC BY-NC-SA 4.0); rests on 'expiación' → 'חַטָּאתֹ֖ו'
4:27	17	los				expands	supplied-article-spa	safe	0.7153	approved	0				article the original does not write, read as one by UDPipe's Spanish-AnCora model (Straka and Straková, ÚFAL, CC BY-NC-SA 4.0); rests on 'mandamientos' → 'מִּצְוֹ֧ת'
4:28	14	una				expands	supplied-indefinite-article-spa	safe	0.725	approved	0				indefinite article, read as one by UDPipe's Spanish-AnCora model (Straka and Straková, ÚFAL, CC BY-NC-SA 4.0); rests on 'hembra' → 'נְקֵבָ֔ה'
4:28	17	las				expands	supplied-article-spa	safe	0.8	approved	0				article the original does not write, read as one by UDPipe's Spanish-AnCora model (Straka and Straková, ÚFAL, CC BY-NC-SA 4.0); rests on 'cabras' → 'עִזִּים֙'
4:29	6	la				expands	supplied-article-spa	safe	0.7852	approved	0				article the original does not write, read as one by UDPipe's Spanish-AnCora model (Straka and Straková, ÚFAL, CC BY-NC-SA 4.0); rests on 'cabeza' → 'רֹ֣אשׁ'
4:29	15	el				expands	supplied-article-spa	safe	0.6343	approved	0				article the original does not write, read as one by UDPipe's Spanish-AnCora model (Straka and Straková, ÚFAL, CC BY-NC-SA 4.0); rests on 'lugar' → 'מְקֹ֖ום'
4:30	14	los				expands	supplied-article-spa	safe	0.7149	approved	0				article the original does not write, read as one by UDPipe's Spanish-AnCora model (Straka and Straková, ÚFAL, CC BY-NC-SA 4.0); rests on 'cuernos' → 'קַרְנֹ֖ת'
4:31	13	el				expands	supplied-article-spa	safe	0.8	approved	0				article the original does not write, read as one by UDPipe's Spanish-AnCora model (Straka and Straková, ÚFAL, CC BY-NC-SA 4.0); rests on 'sebo' → 'חֵלֶב֮'
4:32	9	el				expands	supplied-article-spa	safe	0.5633	approved	0				article the original does not write, read as one by UDPipe's Spanish-AnCora model (Straka and Straková, ÚFAL, CC BY-NC-SA 4.0); rests on 'pecado' → 'חַטָּ֑את'
4:33	6	la				expands	supplied-article-spa	safe	0.7852	approved	0				article the original does not write, read as one by UDPipe's Spanish-AnCora model (Straka and Straková, ÚFAL, CC BY-NC-SA 4.0); rests on 'cabeza' → 'רֹ֣אשׁ'
4:33	17	el				expands	supplied-article-spa	safe	0.6343	approved	0				article the original does not write, read as one by UDPipe's Spanish-AnCora model (Straka and Straková, ÚFAL, CC BY-NC-SA 4.0); rests on 'lugar' → 'מְקֹ֕ום'
4:34	9	la				expands	supplied-article-spa	safe	0.7906	approved	0				article the original does not write, read as one by UDPipe's Spanish-AnCora model (Straka and Straková, ÚFAL, CC BY-NC-SA 4.0); rests on 'sangre' → 'דַּ֤ם'
4:34	17	los				expands	supplied-article-spa	safe	0.7149	approved	0				article the original does not write, read as one by UDPipe's Spanish-AnCora model (Straka and Straková, ÚFAL, CC BY-NC-SA 4.0); rests on 'cuernos' → 'קַרְנֹ֖ת'
4:34	26	la				expands	supplied-article-spa	safe	0.7906	approved	0				article the original does not write, read as one by UDPipe's Spanish-AnCora model (Straka and Straková, ÚFAL, CC BY-NC-SA 4.0); rests on 'sangre' → 'דָּמָ֣הּ'
4:35	10	el				expands	supplied-article-spa	safe	0.8	approved	0				article the original does not write, read as one by UDPipe's Spanish-AnCora model (Straka and Straková, ÚFAL, CC BY-NC-SA 4.0); rests on 'sebo' → 'חֵֽלֶב'
5:1	9	la				expands	supplied-article-spa	safe	0.7935	approved	0				article the original does not write, read as one by UDPipe's Spanish-AnCora model (Straka and Straková, ÚFAL, CC BY-NC-SA 4.0); rests on 'voz' → 'קֹ֣ול'
5:2	2	la				expands	supplied-article-spa	safe	0.7357	approved	0				article the original does not write, read as one by UDPipe's Spanish-AnCora model (Straka and Straková, ÚFAL, CC BY-NC-SA 4.0); rests on 'persona' → 'נֶ֗פֶשׁ'
5:4	2	la				expands	supplied-article-spa	safe	0.7357	approved	0				article the original does not write, read as one by UDPipe's Spanish-AnCora model (Straka and Straková, ÚFAL, CC BY-NC-SA 4.0); rests on 'persona' → 'נֶ֡פֶשׁ'
5:6	14	una				expands	supplied-indefinite-article-spa	safe	0.725	approved	0				indefinite article, read as one by UDPipe's Spanish-AnCora model (Straka and Straková, ÚFAL, CC BY-NC-SA 4.0); rests on 'hembra' → 'נְקֵבָ֨ה'
5:6	22	una				expands	supplied-indefinite-article-spa	safe	0.6962	approved	0				indefinite article, read as one by UDPipe's Spanish-AnCora model (Straka and Straková, ÚFAL, CC BY-NC-SA 4.0); rests on 'cabra' → 'עִזִּ֖ים'
5:9	4	la				expands	supplied-article-spa	safe	0.7879	approved	0				article the original does not write, read as one by UDPipe's Spanish-AnCora model (Straka and Straková, ÚFAL, CC BY-NC-SA 4.0); rests on 'sangre' → 'דַּ֤ם'
5:9	10	la				expands	supplied-article-spa	safe	0.7386	approved	0				article the original does not write, read as one by UDPipe's Spanish-AnCora model (Straka and Straková, ÚFAL, CC BY-NC-SA 4.0); rests on 'pared' → 'קִ֣יר'
5:15	21	un				expands	supplied-indefinite-article-spa	safe	0.7795	approved	0				indefinite article, read as one by UDPipe's Spanish-AnCora model (Straka and Straková, ÚFAL, CC BY-NC-SA 4.0); rests on 'carnero' → 'אַ֧יִל'
5:16	16	el				expands	supplied-article-spa	safe	0.7719	approved	0				article the original does not write, read as one by UDPipe's Spanish-AnCora model (Straka and Straková, ÚFAL, CC BY-NC-SA 4.0); rests on 'quinto' → 'חֲמִֽישִׁתֹו֙'
5:16	31	el				expands	supplied-article-spa	safe	0.7795	approved	0				article the original does not write, read as one by UDPipe's Spanish-AnCora model (Straka and Straková, ÚFAL, CC BY-NC-SA 4.0); rests on 'carnero' → 'אֵ֥יל'
5:18	11	un				expands	supplied-indefinite-article-spa	safe	0.7795	approved	0				indefinite article, read as one by UDPipe's Spanish-AnCora model (Straka and Straková, ÚFAL, CC BY-NC-SA 4.0); rests on 'carnero' → 'אַ֣יִל'
6:2	2	una				expands	supplied-indefinite-article-spa	safe	0.7382	approved	0				indefinite article, read as one by UDPipe's Spanish-AnCora model (Straka and Straková, ÚFAL, CC BY-NC-SA 4.0); rests on 'persona' → 'נֶ֚פֶשׁ'
6:5	31	el				expands	supplied-article-spa	safe	0.7597	approved	0				article the original does not write, read as one by UDPipe's Spanish-AnCora model (Straka and Straková, ÚFAL, CC BY-NC-SA 4.0); rests on 'día' → 'יֹ֥ום'
6:6	8	un				expands	supplied-indefinite-article-spa	safe	0.78	approved	0				indefinite article, read as one by UDPipe's Spanish-AnCora model (Straka and Straková, ÚFAL, CC BY-NC-SA 4.0); rests on 'carnero' → 'אַ֣יִל'
6:9	11	la				expands	supplied-article-spa	safe	0.7403	approved	0				article the original does not write, read as one by UDPipe's Spanish-AnCora model (Straka and Straková, ÚFAL, CC BY-NC-SA 4.0); rests on 'ley' → 'תֹּורַ֖ת'
6:9	30	el				expands	supplied-article-spa	safe	0.7676	approved	0				article the original does not write, read as one by UDPipe's Spanish-AnCora model (Straka and Straková, ÚFAL, CC BY-NC-SA 4.0); rests on 'fuego' → 'אֵ֥שׁ'
6:13	1	El				expands	supplied-article-spa	safe	0.7676	approved	0				article the original does not write, read as one by UDPipe's Spanish-AnCora model (Straka and Straková, ÚFAL, CC BY-NC-SA 4.0); rests on 'fuego' → 'אֵ֗שׁ'
6:14	4	la				expands	supplied-article-spa	safe	0.7403	approved	0				article the original does not write, read as one by UDPipe's Spanish-AnCora model (Straka and Straková, ÚFAL, CC BY-NC-SA 4.0); rests on 'ley' → 'תֹּורַ֖ת'
6:14	11	los				expands	supplied-article-spa	safe	0.7923	approved	0				article the original does not write, read as one by UDPipe's Spanish-AnCora model (Straka and Straková, ÚFAL, CC BY-NC-SA 4.0); rests on 'hijos' → 'בְּנֵֽי'
6:16	17	el				expands	supplied-article-spa	safe	0.6345	approved	0				article the original does not write, read as one by UDPipe's Spanish-AnCora model (Straka and Straková, ÚFAL, CC BY-NC-SA 4.0); rests on 'lugar' → 'מָקֹ֣ום'
6:16	21	el				expands	supplied-article-spa	safe	0.7758	approved	0				article the original does not write, read as one by UDPipe's Spanish-AnCora model (Straka and Straková, ÚFAL, CC BY-NC-SA 4.0); rests on 'atrio' → 'חֲצַ֥ר'
6:18	5	los				expands	supplied-article-spa	safe	0.7923	approved	0				article the original does not write, read as one by UDPipe's Spanish-AnCora model (Straka and Straková, ÚFAL, CC BY-NC-SA 4.0); rests on 'hijos' → 'בְנֵ֤י'
6:20	15	el				expands	supplied-article-spa	safe	0.7597	approved	0				article the original does not write, read as one by UDPipe's Spanish-AnCora model (Straka and Straková, ÚFAL, CC BY-NC-SA 4.0); rests on 'día' → 'יֹום֙'
6:25	11	la				expands	supplied-article-spa	safe	0.7403	approved	0				article the original does not write, read as one by UDPipe's Spanish-AnCora model (Straka and Straková, ÚFAL, CC BY-NC-SA 4.0); rests on 'ley' → 'תֹּורַ֖ת'
6:25	17	el				expands	supplied-article-spa	safe	0.6345	approved	0				article the original does not write, read as one by UDPipe's Spanish-AnCora model (Straka and Straková, ÚFAL, CC BY-NC-SA 4.0); rests on 'lugar' → 'מְקֹ֡ום'
6:26	11	el				expands	supplied-article-spa	safe	0.6345	approved	0				article the original does not write, read as one by UDPipe's Spanish-AnCora model (Straka and Straková, ÚFAL, CC BY-NC-SA 4.0); rests on 'lugar' → 'מָקֹ֤ום'
6:26	17	el				expands	supplied-article-spa	safe	0.7758	approved	0				article the original does not write, read as one by UDPipe's Spanish-AnCora model (Straka and Straková, ÚFAL, CC BY-NC-SA 4.0); rests on 'atrio' → 'חֲצַ֖ר'
6:27	25	el				expands	supplied-article-spa	safe	0.6345	approved	0				article the original does not write, read as one by UDPipe's Spanish-AnCora model (Straka and Straková, ÚFAL, CC BY-NC-SA 4.0); rests on 'lugar' → 'מָקֹ֥ום'
7:1	4	la				expands	supplied-article-spa	safe	0.74	approved	0				article the original does not write, read as one by UDPipe's Spanish-AnCora model (Straka and Straková, ÚFAL, CC BY-NC-SA 4.0); rests on 'ley' → 'תֹּורַ֖ת'
7:2	2	el				expands	supplied-article-spa	safe	0.6349	approved	0				article the original does not write, read as one by UDPipe's Spanish-AnCora model (Straka and Straková, ÚFAL, CC BY-NC-SA 4.0); rests on 'lugar' → 'מְקֹ֗ום'
7:5	17	la				expands	supplied-article-spa	safe	0.6286	approved	0				article the original does not write, read as one by UDPipe's Spanish-AnCora model (Straka and Straková, ÚFAL, CC BY-NC-SA 4.0); rests on 'culpa' → 'אָשָׁ֖ם'
7:6	12	el				expands	supplied-article-spa	safe	0.6349	approved	0				article the original does not write, read as one by UDPipe's Spanish-AnCora model (Straka and Straková, ÚFAL, CC BY-NC-SA 4.0); rests on 'lugar' → 'מָקֹ֤ום'
7:10	12	los				expands	supplied-article-spa	safe	0.7923	approved	0				article the original does not write, read as one by UDPipe's Spanish-AnCora model (Straka and Straková, ÚFAL, CC BY-NC-SA 4.0); rests on 'hijos' → 'בְּנֵ֧י'
7:11	4	la				expands	supplied-article-spa	safe	0.74	approved	0				article the original does not write, read as one by UDPipe's Spanish-AnCora model (Straka and Straková, ÚFAL, CC BY-NC-SA 4.0); rests on 'ley' → 'תֹּורַ֖ת'
7:13	10	el				expands	supplied-article-spa	safe	0.6747	approved	0				article the original does not write, read as one by UDPipe's Spanish-AnCora model (Straka and Straková, ÚFAL, CC BY-NC-SA 4.0); rests on 'sacrificio' → 'זֶ֖בַח'
7:14	20	la				expands	supplied-article-spa	safe	0.7878	approved	0				article the original does not write, read as one by UDPipe's Spanish-AnCora model (Straka and Straková, ÚFAL, CC BY-NC-SA 4.0); rests on 'sangre' → 'דַּ֥ם'
7:15	2	la				expands	supplied-article-spa	safe	0.7782	approved	0				article the original does not write, read as one by UDPipe's Spanish-AnCora model (Straka and Straková, ÚFAL, CC BY-NC-SA 4.0); rests on 'carne' → 'בְשַׂ֗ר'
7:15	16	el				expands	supplied-article-spa	safe	0.7599	approved	0				article the original does not write, read as one by UDPipe's Spanish-AnCora model (Straka and Straková, ÚFAL, CC BY-NC-SA 4.0); rests on 'día' → 'יֹ֥ום'
7:16	3	el				expands	supplied-article-spa	safe	0.6747	approved	0				article the original does not write, read as one by UDPipe's Spanish-AnCora model (Straka and Straková, ÚFAL, CC BY-NC-SA 4.0); rests on 'sacrificio' → 'זֶ֚בַח'
7:16	12	el				expands	supplied-article-spa	safe	0.7599	approved	0				article the original does not write, read as one by UDPipe's Spanish-AnCora model (Straka and Straková, ÚFAL, CC BY-NC-SA 4.0); rests on 'día' → 'יֹ֛ום'
7:17	10	la				expands	supplied-article-spa	safe	0.7782	approved	0				article the original does not write, read as one by UDPipe's Spanish-AnCora model (Straka and Straková, ÚFAL, CC BY-NC-SA 4.0); rests on 'carne' → 'בְּשַׂ֣ר'
7:18	6	la				expands	supplied-article-spa	safe	0.7782	approved	0				article the original does not write, read as one by UDPipe's Spanish-AnCora model (Straka and Straková, ÚFAL, CC BY-NC-SA 4.0); rests on 'carne' → 'בְּשַׂר'
7:20	6	la				expands	supplied-article-spa	safe	0.7782	approved	0				article the original does not write, read as one by UDPipe's Spanish-AnCora model (Straka and Straková, ÚFAL, CC BY-NC-SA 4.0); rests on 'carne' → 'בָּשָׂ֗ר'
7:21	2	la				expands	supplied-article-spa	safe	0.73	approved	0				article the original does not write, read as one by UDPipe's Spanish-AnCora model (Straka and Straková, ÚFAL, CC BY-NC-SA 4.0); rests on 'persona' → 'נֶ֜פֶשׁ'
7:21	24	la				expands	supplied-article-spa	safe	0.7782	approved	0				article the original does not write, read as one by UDPipe's Spanish-AnCora model (Straka and Straková, ÚFAL, CC BY-NC-SA 4.0); rests on 'carne' → 'בְּשַׂר'
7:23	3	los				expands	supplied-article-spa	safe	0.7923	approved	0				article the original does not write, read as one by UDPipe's Spanish-AnCora model (Straka and Straková, ÚFAL, CC BY-NC-SA 4.0); rests on 'hijos' → 'בְּנֵ֥י'
7:24	1	El				expands	supplied-article-spa	safe	0.8	approved	0				article the original does not write, read as one by UDPipe's Spanish-AnCora model (Straka and Straková, ÚFAL, CC BY-NC-SA 4.0); rests on 'sebo' → 'חֵ֤לֶב'
7:24	7	el				expands	supplied-article-spa	safe	0.8	approved	0				article the original does not write, read as one by UDPipe's Spanish-AnCora model (Straka and Straková, ÚFAL, CC BY-NC-SA 4.0); rests on 'sebo' → 'חֵ֣לֶב'
7:29	3	los				expands	supplied-article-spa	safe	0.7923	approved	0				article the original does not write, read as one by UDPipe's Spanish-AnCora model (Straka and Straková, ÚFAL, CC BY-NC-SA 4.0); rests on 'hijos' → 'בְּנֵ֥י'
7:32	10	la				expands	supplied-article-spa	safe	0.7591	approved	0				article the original does not write, read as one by UDPipe's Spanish-AnCora model (Straka and Straková, ÚFAL, CC BY-NC-SA 4.0); rests on 'espaldilla' → 'שֹׁ֣וק'
7:32	14	los				expands	supplied-article-spa	safe	0.7491	approved	0				article the original does not write, read as one by UDPipe's Spanish-AnCora model (Straka and Straková, ÚFAL, CC BY-NC-SA 4.0); rests on 'sacrificios' → 'זִּבְחֵ֖י'
7:33	4	los				expands	supplied-article-spa	safe	0.7923	approved	0				article the original does not write, read as one by UDPipe's Spanish-AnCora model (Straka and Straková, ÚFAL, CC BY-NC-SA 4.0); rests on 'hijos' → 'בְּנֵ֣י'
7:33	9	la				expands	supplied-article-spa	safe	0.7878	approved	0				article the original does not write, read as one by UDPipe's Spanish-AnCora model (Straka and Straková, ÚFAL, CC BY-NC-SA 4.0); rests on 'sangre' → 'דַּ֧ם'
7:33	22	la				expands	supplied-article-spa	safe	0.7591	approved	0				article the original does not write, read as one by UDPipe's Spanish-AnCora model (Straka and Straková, ÚFAL, CC BY-NC-SA 4.0); rests on 'espaldilla' → 'שֹׁ֥וק'
7:34	5	los				expands	supplied-article-spa	safe	0.7923	approved	0				article the original does not write, read as one by UDPipe's Spanish-AnCora model (Straka and Straková, ÚFAL, CC BY-NC-SA 4.0); rests on 'hijos' → 'בְּנֵֽי'
7:34	10	los				expands	supplied-article-spa	safe	0.7491	approved	0				article the original does not write, read as one by UDPipe's Spanish-AnCora model (Straka and Straková, ÚFAL, CC BY-NC-SA 4.0); rests on 'sacrificios' → 'זִּבְחֵ֖י'
7:34	15	el				expands	supplied-article-spa	safe	0.5923	approved	0				article the original does not write, read as one by UDPipe's Spanish-AnCora model (Straka and Straková, ÚFAL, CC BY-NC-SA 4.0); rests on 'pecho' → 'חֲזֵ֨ה'
7:34	21	la				expands	supplied-article-spa	safe	0.7591	approved	0				article the original does not write, read as one by UDPipe's Spanish-AnCora model (Straka and Straková, ÚFAL, CC BY-NC-SA 4.0); rests on 'espaldilla' → 'שֹׁ֣וק'
7:34	42	los				expands	supplied-article-spa	safe	0.7923	approved	0				article the original does not write, read as one by UDPipe's Spanish-AnCora model (Straka and Straková, ÚFAL, CC BY-NC-SA 4.0); rests on 'hijos' → 'בְּנֵ֥י'
7:35	4	la				expands	supplied-article-spa	safe	0.7812	approved	0				article the original does not write, read as one by UDPipe's Spanish-AnCora model (Straka and Straková, ÚFAL, CC BY-NC-SA 4.0); rests on 'unción' → 'מִשְׁחַ֤ת'
7:35	9	la				expands	supplied-article-spa	safe	0.7812	approved	0				article the original does not write, read as one by UDPipe's Spanish-AnCora model (Straka and Straková, ÚFAL, CC BY-NC-SA 4.0); rests on 'unción' → 'מִשְׁחַ֣ת'
7:35	25	el				expands	supplied-article-spa	safe	0.7599	approved	0				article the original does not write, read as one by UDPipe's Spanish-AnCora model (Straka and Straková, ÚFAL, CC BY-NC-SA 4.0); rests on 'día' → 'יֹום֙'
7:36	9	el				expands	supplied-article-spa	safe	0.7599	approved	0				article the original does not write, read as one by UDPipe's Spanish-AnCora model (Straka and Straková, ÚFAL, CC BY-NC-SA 4.0); rests on 'día' → 'יֹום֙'
7:36	17	los				expands	supplied-article-spa	safe	0.7923	approved	0				article the original does not write, read as one by UDPipe's Spanish-AnCora model (Straka and Straková, ÚFAL, CC BY-NC-SA 4.0); rests on 'hijos' → 'בְּנֵ֣י'
7:38	8	el				expands	supplied-article-spa	safe	0.7697	approved	0				article the original does not write, read as one by UDPipe's Spanish-AnCora model (Straka and Straková, ÚFAL, CC BY-NC-SA 4.0); rests on 'monte' → 'הַ֣ר'
7:38	12	el				expands	supplied-article-spa	safe	0.7599	approved	0				article the original does not write, read as one by UDPipe's Spanish-AnCora model (Straka and Straková, ÚFAL, CC BY-NC-SA 4.0); rests on 'día' → 'יֹ֨ום'
7:38	17	los				expands	supplied-article-spa	safe	0.7923	approved	0				article the original does not write, read as one by UDPipe's Spanish-AnCora model (Straka and Straková, ÚFAL, CC BY-NC-SA 4.0); rests on 'hijos' → 'בְּנֵ֣י'
7:38	28	el				expands	supplied-article-spa	safe	0.7751	approved	0				article the original does not write, read as one by UDPipe's Spanish-AnCora model (Straka and Straková, ÚFAL, CC BY-NC-SA 4.0); rests on 'desierto' → 'מִדְבַּ֥ר'
8:2	14	el				expands	supplied-article-spa	safe	0.7335	approved	0				article the original does not write, read as one by UDPipe's Spanish-AnCora model (Straka and Straková, ÚFAL, CC BY-NC-SA 4.0); rests on 'aceite' → 'שֶׁ֣מֶן'
8:2	20	el				expands	supplied-article-spa	safe	0.6899	approved	0				article the original does not write, read as one by UDPipe's Spanish-AnCora model (Straka and Straková, ÚFAL, CC BY-NC-SA 4.0); rests on 'becerro' → 'פַּ֣ר'
8:2	30	el				expands	supplied-article-spa	safe	0.725	approved	0				article the original does not write, read as one by UDPipe's Spanish-AnCora model (Straka and Straková, ÚFAL, CC BY-NC-SA 4.0); rests on 'canastillo' → 'סַ֥ל'
8:9	21	la				expands	supplied-article-spa	safe	0.575	approved	0				article the original does not write, read as one by UDPipe's Spanish-AnCora model (Straka and Straková, ÚFAL, CC BY-NC-SA 4.0); rests on 'diadema' → 'נֵ֣זֶר'
8:10	4	el				expands	supplied-article-spa	safe	0.7335	approved	0				article the original does not write, read as one by UDPipe's Spanish-AnCora model (Straka and Straková, ÚFAL, CC BY-NC-SA 4.0); rests on 'aceite' → 'שֶׁ֣מֶן'
8:12	9	la				expands	supplied-article-spa	safe	0.7852	approved	0				article the original does not write, read as one by UDPipe's Spanish-AnCora model (Straka and Straková, ÚFAL, CC BY-NC-SA 4.0); rests on 'cabeza' → 'רֹ֣אשׁ'
8:13	5	los				expands	supplied-article-spa	safe	0.7923	approved	0				article the original does not write, read as one by UDPipe's Spanish-AnCora model (Straka and Straková, ÚFAL, CC BY-NC-SA 4.0); rests on 'hijos' → 'בְּנֵ֣י'
8:13	11	las				expands	supplied-article-spa	safe	0.8	approved	0				article the original does not write, read as one by UDPipe's Spanish-AnCora model (Straka and Straková, ÚFAL, CC BY-NC-SA 4.0); rests on 'túnicas' → 'כֻּתֳּנֹת֙'
8:14	4	el				expands	supplied-article-spa	safe	0.6899	approved	0				article the original does not write, read as one by UDPipe's Spanish-AnCora model (Straka and Straková, ÚFAL, CC BY-NC-SA 4.0); rests on 'becerro' → 'פַּ֣ר'
8:14	18	la				expands	supplied-article-spa	safe	0.7852	approved	0				article the original does not write, read as one by UDPipe's Spanish-AnCora model (Straka and Straková, ÚFAL, CC BY-NC-SA 4.0); rests on 'cabeza' → 'רֹ֖אשׁ'
8:15	14	los				expands	supplied-article-spa	safe	0.7232	approved	0				article the original does not write, read as one by UDPipe's Spanish-AnCora model (Straka and Straková, ÚFAL, CC BY-NC-SA 4.0); rests on 'cuernos' → 'קַרְנֹ֨ות'
8:16	21	el				expands	supplied-article-spa	safe	0.8	approved	0				article the original does not write, read as one by UDPipe's Spanish-AnCora model (Straka and Straková, ÚFAL, CC BY-NC-SA 4.0); rests on 'sebo' → 'חֶלְבְּהֶ֑ן'
8:18	4	el				expands	supplied-article-spa	safe	0.7783	approved	0				article the original does not write, read as one by UDPipe's Spanish-AnCora model (Straka and Straková, ÚFAL, CC BY-NC-SA 4.0); rests on 'carnero' → 'אֵ֣יל'
8:18	17	la				expands	supplied-article-spa	safe	0.7852	approved	0				article the original does not write, read as one by UDPipe's Spanish-AnCora model (Straka and Straková, ÚFAL, CC BY-NC-SA 4.0); rests on 'cabeza' → 'רֹ֥אשׁ'
8:22	7	el				expands	supplied-article-spa	safe	0.7783	approved	0				article the original does not write, read as one by UDPipe's Spanish-AnCora model (Straka and Straková, ÚFAL, CC BY-NC-SA 4.0); rests on 'carnero' → 'אֵ֖יל'
8:22	21	la				expands	supplied-article-spa	safe	0.7852	approved	0				article the original does not write, read as one by UDPipe's Spanish-AnCora model (Straka and Straková, ÚFAL, CC BY-NC-SA 4.0); rests on 'cabeza' → 'רֹ֥אשׁ'
8:23	15	la				expands	supplied-article-spa	safe	0.8	approved	0				article the original does not write, read as one by UDPipe's Spanish-AnCora model (Straka and Straková, ÚFAL, CC BY-NC-SA 4.0); rests on 'oreja' → 'אֹֽזֶן'
8:24	4	los				expands	supplied-article-spa	safe	0.7923	approved	0				article the original does not write, read as one by UDPipe's Spanish-AnCora model (Straka and Straková, ÚFAL, CC BY-NC-SA 4.0); rests on 'hijos' → 'בְּנֵ֣י'
8:25	28	el				expands	supplied-article-spa	safe	0.8	approved	0				article the original does not write, read as one by UDPipe's Spanish-AnCora model (Straka and Straková, ÚFAL, CC BY-NC-SA 4.0); rests on 'sebo' → 'חֶלְבְּהֶ֑ן'
8:25	33	la				expands	supplied-article-spa	safe	0.7625	approved	0				article the original does not write, read as one by UDPipe's Spanish-AnCora model (Straka and Straková, ÚFAL, CC BY-NC-SA 4.0); rests on 'espaldilla' → 'שֹׁ֥וק'
8:26	34	la				expands	supplied-article-spa	safe	0.7625	approved	0				article the original does not write, read as one by UDPipe's Spanish-AnCora model (Straka and Straková, ÚFAL, CC BY-NC-SA 4.0); rests on 'espaldilla' → 'שֹׁ֥וק'
8:28	20	las				expands	supplied-article-spa	safe	0.8	approved	0				article the original does not write, read as one by UDPipe's Spanish-AnCora model (Straka and Straková, ÚFAL, CC BY-NC-SA 4.0); rests on 'consagraciones' → 'מִלֻּאִ֥ים'
8:30	31	las				expands	supplied-article-spa	safe	0.6687	approved	0				article the original does not write, read as one by UDPipe's Spanish-AnCora model (Straka and Straková, ÚFAL, CC BY-NC-SA 4.0); rests on 'vestiduras' → 'בִּגְדֵ֥י'
8:30	50	las				expands	supplied-article-spa	safe	0.6687	approved	0				article the original does not write, read as one by UDPipe's Spanish-AnCora model (Straka and Straková, ÚFAL, CC BY-NC-SA 4.0); rests on 'vestiduras' → 'בִּגְדֵ֥י'
8:31	29	el				expands	supplied-article-spa	safe	0.725	approved	0				article the original does not write, read as one by UDPipe's Spanish-AnCora model (Straka and Straková, ÚFAL, CC BY-NC-SA 4.0); rests on 'canastillo' → 'סַ֣ל'
8:33	14	el				expands	supplied-article-spa	safe	0.7601	approved	0				article the original does not write, read as one by UDPipe's Spanish-AnCora model (Straka and Straková, ÚFAL, CC BY-NC-SA 4.0); rests on 'día' → 'יֹ֣ום'
8:33	19	los				expands	supplied-article-spa	safe	0.7848	approved	0				article the original does not write, read as one by UDPipe's Spanish-AnCora model (Straka and Straková, ÚFAL, CC BY-NC-SA 4.0); rests on 'días' → 'יְמֵ֖י'
9:1	18	los				expands	supplied-article-spa	safe	0.8	approved	0				article the original does not write, read as one by UDPipe's Spanish-AnCora model (Straka and Straková, ÚFAL, CC BY-NC-SA 4.0); rests on 'ancianos' → 'זִקְנֵ֖י'
9:2	14	un				expands	supplied-indefinite-article-spa	safe	0.7793	approved	0				indefinite article, read as one by UDPipe's Spanish-AnCora model (Straka and Straková, ÚFAL, CC BY-NC-SA 4.0); rests on 'carnero' → 'אַ֥יִל'
9:3	3	los				expands	supplied-article-spa	safe	0.7923	approved	0				article the original does not write, read as one by UDPipe's Spanish-AnCora model (Straka and Straková, ÚFAL, CC BY-NC-SA 4.0); rests on 'hijos' → 'בְּנֵ֥י'
9:3	10	un				expands	supplied-indefinite-article-spa	safe	0.699	approved	0				indefinite article, read as one by UDPipe's Spanish-AnCora model (Straka and Straková, ÚFAL, CC BY-NC-SA 4.0); rests on 'cabrío' → 'שְׂעִיר'
9:3	19	un				expands	supplied-indefinite-article-spa	safe	0.6275	approved	0				indefinite article, read as one by UDPipe's Spanish-AnCora model (Straka and Straková, ÚFAL, CC BY-NC-SA 4.0); rests on 'cordero' → 'כֶ֧בֶשׂ'
9:3	22	un				expands	supplied-indefinite-article-spa	safe	0.7664	approved	0				indefinite article, read as one by UDPipe's Spanish-AnCora model (Straka and Straková, ÚFAL, CC BY-NC-SA 4.0); rests on 'año' → 'שָׁנָ֛ה'
9:4	2	un				expands	supplied-indefinite-article-spa	safe	0.7625	approved	0				indefinite article, read as one by UDPipe's Spanish-AnCora model (Straka and Straková, ÚFAL, CC BY-NC-SA 4.0); rests on 'buey' → 'שֹׁ֨ור'
9:4	5	un				expands	supplied-indefinite-article-spa	safe	0.7793	approved	0				indefinite article, read as one by UDPipe's Spanish-AnCora model (Straka and Straková, ÚFAL, CC BY-NC-SA 4.0); rests on 'carnero' → 'אַ֜יִל'
9:4	17	un				expands	supplied-indefinite-article-spa	safe	0.71	approved	0				indefinite article, read as one by UDPipe's Spanish-AnCora model (Straka and Straková, ÚFAL, CC BY-NC-SA 4.0); rests on 'presente' → 'מִנְחָ֖ה'
9:6	12	la				expands	supplied-article-spa	safe	0.6783	approved	0				article the original does not write, read as one by UDPipe's Spanish-AnCora model (Straka and Straková, ÚFAL, CC BY-NC-SA 4.0); rests on 'gloria' → 'כְּבֹ֥וד'
9:9	2	los				expands	supplied-article-spa	safe	0.7923	approved	0				article the original does not write, read as one by UDPipe's Spanish-AnCora model (Straka and Straková, ÚFAL, CC BY-NC-SA 4.0); rests on 'hijos' → 'בְּנֵ֨י'
9:9	21	los				expands	supplied-article-spa	safe	0.7232	approved	0				article the original does not write, read as one by UDPipe's Spanish-AnCora model (Straka and Straková, ÚFAL, CC BY-NC-SA 4.0); rests on 'cuernos' → 'קַרְנֹ֣ות'
9:12	6	los				expands	supplied-article-spa	safe	0.7923	approved	0				article the original does not write, read as one by UDPipe's Spanish-AnCora model (Straka and Straková, ÚFAL, CC BY-NC-SA 4.0); rests on 'hijos' → 'בְּנֵ֨י'
9:15	9	el				expands	supplied-article-spa	safe	0.699	approved	0				article the original does not write, read as one by UDPipe's Spanish-AnCora model (Straka and Straková, ÚFAL, CC BY-NC-SA 4.0); rests on 'cabrío' → 'שְׂעִ֤יר'
9:18	17	los				expands	supplied-article-spa	safe	0.7923	approved	0				article the original does not write, read as one by UDPipe's Spanish-AnCora model (Straka and Straková, ÚFAL, CC BY-NC-SA 4.0); rests on 'hijos' → 'בְּנֵ֨י'
9:21	5	la				expands	supplied-article-spa	safe	0.7654	approved	0				article the original does not write, read as one by UDPipe's Spanish-AnCora model (Straka and Straková, ÚFAL, CC BY-NC-SA 4.0); rests on 'espaldilla' → 'שֹׁ֣וק'
9:23	18	la				expands	supplied-article-spa	safe	0.6783	approved	0				article the original does not write, read as one by UDPipe's Spanish-AnCora model (Straka and Straková, ÚFAL, CC BY-NC-SA 4.0); rests on 'gloria' → 'כְבֹוד'
10:1	2	LOS				expands	supplied-article-spa	safe	0.7923	approved	0				article the original does not write, read as one by UDPipe's Spanish-AnCora model (Straka and Straková, ÚFAL, CC BY-NC-SA 4.0); rests on 'hijos' → 'בְנֵֽי'
10:6	38	la				expands	supplied-article-spa	safe	0.7913	approved	0				article the original does not write, read as one by UDPipe's Spanish-AnCora model (Straka and Straková, ÚFAL, CC BY-NC-SA 4.0); rests on 'casa' → 'בֵּ֣ית'
10:7	14	el				expands	supplied-article-spa	safe	0.735	approved	0				article the original does not write, read as one by UDPipe's Spanish-AnCora model (Straka and Straková, ÚFAL, CC BY-NC-SA 4.0); rests on 'aceite' → 'שֶׁ֛מֶן'
10:7	17	la				expands	supplied-article-spa	safe	0.7804	approved	0				article the original does not write, read as one by UDPipe's Spanish-AnCora model (Straka and Straková, ÚFAL, CC BY-NC-SA 4.0); rests on 'unción' → 'מִשְׁחַ֥ת'
10:11	5	los				expands	supplied-article-spa	safe	0.7923	approved	0				article the original does not write, read as one by UDPipe's Spanish-AnCora model (Straka and Straková, ÚFAL, CC BY-NC-SA 4.0); rests on 'hijos' → 'בְּנֵ֣י'
10:13	6	el				expands	supplied-article-spa	safe	0.6346	approved	0				article the original does not write, read as one by UDPipe's Spanish-AnCora model (Straka and Straková, ÚFAL, CC BY-NC-SA 4.0); rests on 'lugar' → 'מָקֹ֣ום'
10:14	14	el				expands	supplied-article-spa	safe	0.62	approved	0				article the original does not write, read as one by UDPipe's Spanish-AnCora model (Straka and Straková, ÚFAL, CC BY-NC-SA 4.0); rests on 'pecho' → 'חֲזֵ֨ה'
10:14	20	la				expands	supplied-article-spa	safe	0.7625	approved	0				article the original does not write, read as one by UDPipe's Spanish-AnCora model (Straka and Straková, ÚFAL, CC BY-NC-SA 4.0); rests on 'espaldilla' → 'שֹׁ֣וק'
10:14	36	los				expands	supplied-article-spa	safe	0.75	approved	0				article the original does not write, read as one by UDPipe's Spanish-AnCora model (Straka and Straková, ÚFAL, CC BY-NC-SA 4.0); rests on 'sacrificios' → 'זִּבְחֵ֥י'
10:14	42	los				expands	supplied-article-spa	safe	0.7923	approved	0				article the original does not write, read as one by UDPipe's Spanish-AnCora model (Straka and Straková, ÚFAL, CC BY-NC-SA 4.0); rests on 'hijos' → 'בְּנֵ֥י'
10:15	13	la				expands	supplied-article-spa	safe	0.7625	approved	0				article the original does not write, read as one by UDPipe's Spanish-AnCora model (Straka and Straková, ÚFAL, CC BY-NC-SA 4.0); rests on 'espaldilla' → 'שֹׁ֣וק'
10:15	21	el				expands	supplied-article-spa	safe	0.62	approved	0				article the original does not write, read as one by UDPipe's Spanish-AnCora model (Straka and Straková, ÚFAL, CC BY-NC-SA 4.0); rests on 'pecho' → 'חֲזֵ֣ה'
10:16	4	el				expands	supplied-article-spa	safe	0.701	approved	0				article the original does not write, read as one by UDPipe's Spanish-AnCora model (Straka and Straková, ÚFAL, CC BY-NC-SA 4.0); rests on 'cabrío' → 'שְׂעִ֣יר'
10:16	21	los				expands	supplied-article-spa	safe	0.7923	approved	0				article the original does not write, read as one by UDPipe's Spanish-AnCora model (Straka and Straková, ÚFAL, CC BY-NC-SA 4.0); rests on 'hijos' → 'בְּנֵ֣י'
10:17	8	el				expands	supplied-article-spa	safe	0.6346	approved	0				article the original does not write, read as one by UDPipe's Spanish-AnCora model (Straka and Straková, ÚFAL, CC BY-NC-SA 4.0); rests on 'lugar' → 'מְקֹ֣ום'
10:19	31	la				expands	supplied-article-spa	safe	0.6248	approved	0				article the original does not write, read as one by UDPipe's Spanish-AnCora model (Straka and Straková, ÚFAL, CC BY-NC-SA 4.0); rests on 'expiación' → 'חַטָּאת֙'
11:2	3	los				expands	supplied-article-spa	safe	0.7923	approved	0				article the original does not write, read as one by UDPipe's Spanish-AnCora model (Straka and Straková, ÚFAL, CC BY-NC-SA 4.0); rests on 'hijos' → 'בְּנֵ֥י'
11:8	2	la				expands	supplied-article-spa	safe	0.7787	approved	0				article the original does not write, read as one by UDPipe's Spanish-AnCora model (Straka and Straková, ÚFAL, CC BY-NC-SA 4.0); rests on 'carne' → 'בְּשָׂרָם֙'
11:36	6	la				expands	supplied-article-spa	safe	0.8	approved	0				article the original does not write, read as one by UDPipe's Spanish-AnCora model (Straka and Straková, ÚFAL, CC BY-NC-SA 4.0); rests on 'cisterna' → 'בֹ֛ור'
11:38	8	la				expands	supplied-article-spa	safe	0.771	approved	0				article the original does not write, read as one by UDPipe's Spanish-AnCora model (Straka and Straková, ÚFAL, CC BY-NC-SA 4.0); rests on 'simiente' → 'זֶ֔רַע'
11:45	10	la				expands	supplied-article-spa	safe	0.7519	approved	0				article the original does not write, read as one by UDPipe's Spanish-AnCora model (Straka and Straková, ÚFAL, CC BY-NC-SA 4.0); rests on 'tierra' → 'אֶ֣רֶץ'
11:46	3	la				expands	supplied-article-spa	safe	0.7408	approved	0				article the original does not write, read as one by UDPipe's Spanish-AnCora model (Straka and Straková, ÚFAL, CC BY-NC-SA 4.0); rests on 'ley' → 'תֹּורַ֤ת'
12:2	3	los				expands	supplied-article-spa	safe	0.7923	approved	0				article the original does not write, read as one by UDPipe's Spanish-AnCora model (Straka and Straková, ÚFAL, CC BY-NC-SA 4.0); rests on 'hijos' → 'בְּנֵ֤י'
12:2	8	La				expands	supplied-article-spa	safe	0.7929	approved	0				article the original does not write, read as one by UDPipe's Spanish-AnCora model (Straka and Straková, ÚFAL, CC BY-NC-SA 4.0); rests on 'mujer' → 'אִשָּׁה֙'
12:2	21	los				expands	supplied-article-spa	safe	0.7848	approved	0				article the original does not write, read as one by UDPipe's Spanish-AnCora model (Straka and Straková, ÚFAL, CC BY-NC-SA 4.0); rests on 'días' → 'ימֵ֛י'
12:3	6	la				expands	supplied-article-spa	safe	0.7789	approved	0				article the original does not write, read as one by UDPipe's Spanish-AnCora model (Straka and Straková, ÚFAL, CC BY-NC-SA 4.0); rests on 'carne' → 'בְּשַׂ֥ר'
12:4	9	la				expands	supplied-article-spa	safe	0.7879	approved	0				article the original does not write, read as one by UDPipe's Spanish-AnCora model (Straka and Straková, ÚFAL, CC BY-NC-SA 4.0); rests on 'sangre' → 'דְמֵ֣י'
12:4	26	los				expands	supplied-article-spa	safe	0.7848	approved	0				article the original does not write, read as one by UDPipe's Spanish-AnCora model (Straka and Straková, ÚFAL, CC BY-NC-SA 4.0); rests on 'días' → 'יְמֵ֥י'
12:6	3	los				expands	supplied-article-spa	safe	0.7848	approved	0				article the original does not write, read as one by UDPipe's Spanish-AnCora model (Straka and Straková, ÚFAL, CC BY-NC-SA 4.0); rests on 'días' → 'יְמֵ֣י'
12:6	16	un				expands	supplied-indefinite-article-spa	safe	0.6322	approved	0				indefinite article, read as one by UDPipe's Spanish-AnCora model (Straka and Straková, ÚFAL, CC BY-NC-SA 4.0); rests on 'cordero' → 'כֶּ֤בֶשׂ'
12:6	19	un				expands	supplied-indefinite-article-spa	safe	0.7664	approved	0				indefinite article, read as one by UDPipe's Spanish-AnCora model (Straka and Straková, ÚFAL, CC BY-NC-SA 4.0); rests on 'año' → 'שְׁנָתֹו֙'
12:6	24	un				expands	supplied-indefinite-article-spa	safe	0.75	approved	0				indefinite article, read as one by UDPipe's Spanish-AnCora model (Straka and Straková, ÚFAL, CC BY-NC-SA 4.0); rests on 'palomino' → 'בֶן'
12:6	27	una				expands	supplied-indefinite-article-spa	safe	0.8	approved	0				indefinite article, read as one by UDPipe's Spanish-AnCora model (Straka and Straková, ÚFAL, CC BY-NC-SA 4.0); rests on 'tórtola' → 'תֹ֖ר'
12:7	22	la				expands	supplied-article-spa	safe	0.7408	approved	0				article the original does not write, read as one by UDPipe's Spanish-AnCora model (Straka and Straková, ÚFAL, CC BY-NC-SA 4.0); rests on 'ley' → 'תֹּורַת֙'
13:2	6	la				expands	supplied-article-spa	safe	0.775	approved	0				article the original does not write, read as one by UDPipe's Spanish-AnCora model (Straka and Straková, ÚFAL, CC BY-NC-SA 4.0); rests on 'piel' → 'עֹור'
13:2	20	la				expands	supplied-article-spa	safe	0.775	approved	0				article the original does not write, read as one by UDPipe's Spanish-AnCora model (Straka and Straková, ÚFAL, CC BY-NC-SA 4.0); rests on 'piel' → 'עֹור'
13:3	8	la				expands	supplied-article-spa	safe	0.775	approved	0				article the original does not write, read as one by UDPipe's Spanish-AnCora model (Straka and Straková, ÚFAL, CC BY-NC-SA 4.0); rests on 'piel' → 'עֹֽור'
13:3	33	la				expands	supplied-article-spa	safe	0.78	approved	0				article the original does not write, read as one by UDPipe's Spanish-AnCora model (Straka and Straková, ÚFAL, CC BY-NC-SA 4.0); rests on 'carne' → 'בְּשָׂרֹ֔ו'
13:4	4	la				expands	supplied-article-spa	safe	0.775	approved	0				article the original does not write, read as one by UDPipe's Spanish-AnCora model (Straka and Straková, ÚFAL, CC BY-NC-SA 4.0); rests on 'piel' → 'עֹ֣ור'
13:10	25	la				expands	supplied-article-spa	safe	0.78	approved	0				article the original does not write, read as one by UDPipe's Spanish-AnCora model (Straka and Straková, ÚFAL, CC BY-NC-SA 4.0); rests on 'carne' → 'בָּשָׂ֥ר'
13:11	5	la				expands	supplied-article-spa	safe	0.775	approved	0				article the original does not write, read as one by UDPipe's Spanish-AnCora model (Straka and Straková, ÚFAL, CC BY-NC-SA 4.0); rests on 'piel' → 'עֹ֣ור'
13:12	14	la				expands	supplied-article-spa	safe	0.775	approved	0				article the original does not write, read as one by UDPipe's Spanish-AnCora model (Straka and Straková, ÚFAL, CC BY-NC-SA 4.0); rests on 'piel' → 'עֹ֣ור'
13:14	2	el				expands	supplied-article-spa	safe	0.7595	approved	0				article the original does not write, read as one by UDPipe's Spanish-AnCora model (Straka and Straková, ÚFAL, CC BY-NC-SA 4.0); rests on 'día' → 'יֹ֨ום'
13:14	8	la				expands	supplied-article-spa	safe	0.78	approved	0				article the original does not write, read as one by UDPipe's Spanish-AnCora model (Straka and Straková, ÚFAL, CC BY-NC-SA 4.0); rests on 'carne' → 'בָּשָׂ֥ר'
13:18	4	la				expands	supplied-article-spa	safe	0.78	approved	0				article the original does not write, read as one by UDPipe's Spanish-AnCora model (Straka and Straková, ÚFAL, CC BY-NC-SA 4.0); rests on 'carne' → 'בָשָׂ֕ר'
13:19	4	el				expands	supplied-article-spa	safe	0.6364	approved	0				article the original does not write, read as one by UDPipe's Spanish-AnCora model (Straka and Straková, ÚFAL, CC BY-NC-SA 4.0); rests on 'lugar' → 'מְקֹ֤ום'
13:24	3	la				expands	supplied-article-spa	safe	0.78	approved	0				article the original does not write, read as one by UDPipe's Spanish-AnCora model (Straka and Straková, ÚFAL, CC BY-NC-SA 4.0); rests on 'carne' → 'בָשָׂ֔ר'
13:29	11	la				expands	supplied-article-spa	safe	0.7853	approved	0				article the original does not write, read as one by UDPipe's Spanish-AnCora model (Straka and Straková, ÚFAL, CC BY-NC-SA 4.0); rests on 'cabeza' → 'רֹ֖אשׁ'
13:29	15	la				expands	supplied-article-spa	safe	0.7735	approved	0				article the original does not write, read as one by UDPipe's Spanish-AnCora model (Straka and Straková, ÚFAL, CC BY-NC-SA 4.0); rests on 'barba' → 'זָקָֽן'
13:38	8	la				expands	supplied-article-spa	safe	0.775	approved	0				article the original does not write, read as one by UDPipe's Spanish-AnCora model (Straka and Straková, ÚFAL, CC BY-NC-SA 4.0); rests on 'piel' → 'עֹור'
13:39	7	la				expands	supplied-article-spa	safe	0.775	approved	0				article the original does not write, read as one by UDPipe's Spanish-AnCora model (Straka and Straková, ÚFAL, CC BY-NC-SA 4.0); rests on 'piel' → 'עֹור'
13:40	8	la				expands	supplied-article-spa	safe	0.7853	approved	0				article the original does not write, read as one by UDPipe's Spanish-AnCora model (Straka and Straková, ÚFAL, CC BY-NC-SA 4.0); rests on 'cabeza' → 'רֹאשֹׁ֑ו'
13:41	12	la				expands	supplied-article-spa	safe	0.7853	approved	0				article the original does not write, read as one by UDPipe's Spanish-AnCora model (Straka and Straková, ÚFAL, CC BY-NC-SA 4.0); rests on 'cabeza' → 'רֹאשֹׁ֑ו'
13:43	24	el				expands	supplied-article-spa	safe	0.6579	approved	0				article the original does not write, read as one by UDPipe's Spanish-AnCora model (Straka and Straková, ÚFAL, CC BY-NC-SA 4.0); rests on 'parecer' → 'מַרְאֵ֥ה'
13:43	27	la				expands	supplied-article-spa	safe	0.7437	approved	0				article the original does not write, read as one by UDPipe's Spanish-AnCora model (Straka and Straková, ÚFAL, CC BY-NC-SA 4.0); rests on 'lepra' → 'צָרַ֖עַת'
13:43	33	la				expands	supplied-article-spa	safe	0.78	approved	0				article the original does not write, read as one by UDPipe's Spanish-AnCora model (Straka and Straková, ÚFAL, CC BY-NC-SA 4.0); rests on 'carne' → 'בָּשָֽׂר'
13:59	3	la				expands	supplied-article-spa	safe	0.7408	approved	0				article the original does not write, read as one by UDPipe's Spanish-AnCora model (Straka and Straková, ÚFAL, CC BY-NC-SA 4.0); rests on 'ley' → 'תֹּורַ֨ת'
13:59	6	la				expands	supplied-article-spa	safe	0.6071	approved	0				article the original does not write, read as one by UDPipe's Spanish-AnCora model (Straka and Straková, ÚFAL, CC BY-NC-SA 4.0); rests on 'plaga' → 'נֶֽגַע'
13:59	9	la				expands	supplied-article-spa	safe	0.7437	approved	0				article the original does not write, read as one by UDPipe's Spanish-AnCora model (Straka and Straková, ÚFAL, CC BY-NC-SA 4.0); rests on 'lepra' → 'צָרַ֜עַת'
14:2	3	la				expands	supplied-article-spa	safe	0.74	approved	0				article the original does not write, read as one by UDPipe's Spanish-AnCora model (Straka and Straková, ÚFAL, CC BY-NC-SA 4.0); rests on 'ley' → 'תֹּורַ֣ת'
14:3	17	la				expands	supplied-article-spa	safe	0.6269	approved	0				article the original does not write, read as one by UDPipe's Spanish-AnCora model (Straka and Straková, ÚFAL, CC BY-NC-SA 4.0); rests on 'plaga' → 'נֶֽגַע'
14:6	7	el				expands	supplied-article-spa	safe	0.6676	approved	0				article the original does not write, read as one by UDPipe's Spanish-AnCora model (Straka and Straková, ÚFAL, CC BY-NC-SA 4.0); rests on 'palo' → 'עֵ֥ץ'
14:6	12	la				expands	supplied-article-spa	safe	0.665	approved	0				article the original does not write, read as one by UDPipe's Spanish-AnCora model (Straka and Straková, ÚFAL, CC BY-NC-SA 4.0); rests on 'grana' → 'שְׁנִ֥י'
14:6	25	la				expands	supplied-article-spa	safe	0.7877	approved	0				article the original does not write, read as one by UDPipe's Spanish-AnCora model (Straka and Straková, ÚFAL, CC BY-NC-SA 4.0); rests on 'sangre' → 'דַם֙'
14:12	11	la				expands	supplied-article-spa	safe	0.5882	approved	0				article the original does not write, read as one by UDPipe's Spanish-AnCora model (Straka and Straková, ÚFAL, CC BY-NC-SA 4.0); rests on 'culpa' → 'אָשָׁ֖ם'
14:13	6	el				expands	supplied-article-spa	safe	0.6342	approved	0				article the original does not write, read as one by UDPipe's Spanish-AnCora model (Straka and Straková, ÚFAL, CC BY-NC-SA 4.0); rests on 'lugar' → 'מְקֹום'
14:13	19	el				expands	supplied-article-spa	safe	0.6342	approved	0				article the original does not write, read as one by UDPipe's Spanish-AnCora model (Straka and Straková, ÚFAL, CC BY-NC-SA 4.0); rests on 'lugar' → 'מְקֹ֣ום'
14:14	6	la				expands	supplied-article-spa	safe	0.7877	approved	0				article the original does not write, read as one by UDPipe's Spanish-AnCora model (Straka and Straková, ÚFAL, CC BY-NC-SA 4.0); rests on 'sangre' → 'דַּ֣ם'
14:14	22	la				expands	supplied-article-spa	safe	0.8	approved	0				article the original does not write, read as one by UDPipe's Spanish-AnCora model (Straka and Straková, ÚFAL, CC BY-NC-SA 4.0); rests on 'oreja' → 'אֹ֥זֶן'
14:14	31	el				expands	supplied-article-spa	safe	0.8	approved	0				article the original does not write, read as one by UDPipe's Spanish-AnCora model (Straka and Straková, ÚFAL, CC BY-NC-SA 4.0); rests on 'pulgar' → 'בֹּ֤הֶן'
14:14	39	el				expands	supplied-article-spa	safe	0.8	approved	0				article the original does not write, read as one by UDPipe's Spanish-AnCora model (Straka and Straková, ÚFAL, CC BY-NC-SA 4.0); rests on 'pulgar' → 'בֹּ֥הֶן'
14:17	20	la				expands	supplied-article-spa	safe	0.8	approved	0				article the original does not write, read as one by UDPipe's Spanish-AnCora model (Straka and Straková, ÚFAL, CC BY-NC-SA 4.0); rests on 'oreja' → 'אֹ֤זֶן'
14:17	29	el				expands	supplied-article-spa	safe	0.8	approved	0				article the original does not write, read as one by UDPipe's Spanish-AnCora model (Straka and Straková, ÚFAL, CC BY-NC-SA 4.0); rests on 'pulgar' → 'בֹּ֤הֶן'
14:17	37	el				expands	supplied-article-spa	safe	0.8	approved	0				article the original does not write, read as one by UDPipe's Spanish-AnCora model (Straka and Straková, ÚFAL, CC BY-NC-SA 4.0); rests on 'pulgar' → 'בֹּ֥הֶן'
14:17	44	la				expands	supplied-article-spa	safe	0.7877	approved	0				article the original does not write, read as one by UDPipe's Spanish-AnCora model (Straka and Straková, ÚFAL, CC BY-NC-SA 4.0); rests on 'sangre' → 'דַּ֥ם'
14:18	14	la				expands	supplied-article-spa	safe	0.7854	approved	0				article the original does not write, read as one by UDPipe's Spanish-AnCora model (Straka and Straková, ÚFAL, CC BY-NC-SA 4.0); rests on 'cabeza' → 'רֹ֣אשׁ'
14:21	23	la				expands	supplied-article-spa	safe	0.5882	approved	0				article the original does not write, read as one by UDPipe's Spanish-AnCora model (Straka and Straková, ÚFAL, CC BY-NC-SA 4.0); rests on 'culpa' → 'אָשָׁ֛ם'
14:24	5	el				expands	supplied-article-spa	safe	0.6152	approved	0				article the original does not write, read as one by UDPipe's Spanish-AnCora model (Straka and Straková, ÚFAL, CC BY-NC-SA 4.0); rests on 'cordero' → 'כֶּ֥בֶשׂ'
14:25	3	el				expands	supplied-article-spa	safe	0.6152	approved	0				article the original does not write, read as one by UDPipe's Spanish-AnCora model (Straka and Straková, ÚFAL, CC BY-NC-SA 4.0); rests on 'cordero' → 'כֶּ֣בֶשׂ'
14:25	13	la				expands	supplied-article-spa	safe	0.7877	approved	0				article the original does not write, read as one by UDPipe's Spanish-AnCora model (Straka and Straková, ÚFAL, CC BY-NC-SA 4.0); rests on 'sangre' → 'דַּ֣ם'
14:25	24	la				expands	supplied-article-spa	safe	0.8	approved	0				article the original does not write, read as one by UDPipe's Spanish-AnCora model (Straka and Straková, ÚFAL, CC BY-NC-SA 4.0); rests on 'oreja' → 'אֹֽזֶן'
14:25	33	el				expands	supplied-article-spa	safe	0.8	approved	0				article the original does not write, read as one by UDPipe's Spanish-AnCora model (Straka and Straková, ÚFAL, CC BY-NC-SA 4.0); rests on 'pulgar' → 'בֹּ֤הֶן'
14:25	41	el				expands	supplied-article-spa	safe	0.8	approved	0				article the original does not write, read as one by UDPipe's Spanish-AnCora model (Straka and Straková, ÚFAL, CC BY-NC-SA 4.0); rests on 'pulgar' → 'בֹּ֥הֶן'
14:28	16	la				expands	supplied-article-spa	safe	0.8	approved	0				article the original does not write, read as one by UDPipe's Spanish-AnCora model (Straka and Straková, ÚFAL, CC BY-NC-SA 4.0); rests on 'oreja' → 'אֹ֤זֶן'
14:28	25	el				expands	supplied-article-spa	safe	0.8	approved	0				article the original does not write, read as one by UDPipe's Spanish-AnCora model (Straka and Straková, ÚFAL, CC BY-NC-SA 4.0); rests on 'pulgar' → 'בֹּ֤הֶן'
14:28	33	el				expands	supplied-article-spa	safe	0.8	approved	0				article the original does not write, read as one by UDPipe's Spanish-AnCora model (Straka and Straková, ÚFAL, CC BY-NC-SA 4.0); rests on 'pulgar' → 'בֹּ֥הֶן'
14:28	40	el				expands	supplied-article-spa	safe	0.6342	approved	0				article the original does not write, read as one by UDPipe's Spanish-AnCora model (Straka and Straková, ÚFAL, CC BY-NC-SA 4.0); rests on 'lugar' → 'מְקֹ֖ום'
14:28	43	la				expands	supplied-article-spa	safe	0.7877	approved	0				article the original does not write, read as one by UDPipe's Spanish-AnCora model (Straka and Straková, ÚFAL, CC BY-NC-SA 4.0); rests on 'sangre' → 'דַּ֥ם'
14:29	16	la				expands	supplied-article-spa	safe	0.7854	approved	0				article the original does not write, read as one by UDPipe's Spanish-AnCora model (Straka and Straková, ÚFAL, CC BY-NC-SA 4.0); rests on 'cabeza' → 'רֹ֣אשׁ'
14:30	10	los				expands	supplied-article-spa	safe	0.8	approved	0				article the original does not write, read as one by UDPipe's Spanish-AnCora model (Straka and Straková, ÚFAL, CC BY-NC-SA 4.0); rests on 'palominos' → 'בְּנֵ֣י'
14:32	3	la				expands	supplied-article-spa	safe	0.74	approved	0				article the original does not write, read as one by UDPipe's Spanish-AnCora model (Straka and Straková, ÚFAL, CC BY-NC-SA 4.0); rests on 'ley' → 'תֹּורַ֔ת'
14:34	5	la				expands	supplied-article-spa	safe	0.752	approved	0				article the original does not write, read as one by UDPipe's Spanish-AnCora model (Straka and Straková, ÚFAL, CC BY-NC-SA 4.0); rests on 'tierra' → 'אֶ֣רֶץ'
14:34	26	la				expands	supplied-article-spa	safe	0.752	approved	0				article the original does not write, read as one by UDPipe's Spanish-AnCora model (Straka and Straková, ÚFAL, CC BY-NC-SA 4.0); rests on 'tierra' → 'אֶ֥רֶץ'
14:37	11	las				expands	supplied-article-spa	safe	0.7437	approved	0				article the original does not write, read as one by UDPipe's Spanish-AnCora model (Straka and Straková, ÚFAL, CC BY-NC-SA 4.0); rests on 'paredes' → 'קִירֹ֣ת'
14:39	17	las				expands	supplied-article-spa	safe	0.7437	approved	0				article the original does not write, read as one by UDPipe's Spanish-AnCora model (Straka and Straková, ÚFAL, CC BY-NC-SA 4.0); rests on 'paredes' → 'קִירֹ֥ת'
14:46	9	los				expands	supplied-article-spa	safe	0.7849	approved	0				article the original does not write, read as one by UDPipe's Spanish-AnCora model (Straka and Straková, ÚFAL, CC BY-NC-SA 4.0); rests on 'días' → 'יְמֵ֖י'
14:51	3	el				expands	supplied-article-spa	safe	0.6676	approved	0				article the original does not write, read as one by UDPipe's Spanish-AnCora model (Straka and Straková, ÚFAL, CC BY-NC-SA 4.0); rests on 'palo' → 'עֵֽץ'
14:51	11	la				expands	supplied-article-spa	safe	0.665	approved	0				article the original does not write, read as one by UDPipe's Spanish-AnCora model (Straka and Straková, ÚFAL, CC BY-NC-SA 4.0); rests on 'grana' → 'שְׁנִ֣י'
14:51	20	la				expands	supplied-article-spa	safe	0.7877	approved	0				article the original does not write, read as one by UDPipe's Spanish-AnCora model (Straka and Straková, ÚFAL, CC BY-NC-SA 4.0); rests on 'sangre' → 'דַם֙'
14:52	6	la				expands	supplied-article-spa	safe	0.7877	approved	0				article the original does not write, read as one by UDPipe's Spanish-AnCora model (Straka and Straková, ÚFAL, CC BY-NC-SA 4.0); rests on 'sangre' → 'דַם֙'
14:52	22	el				expands	supplied-article-spa	safe	0.6676	approved	0				article the original does not write, read as one by UDPipe's Spanish-AnCora model (Straka and Straková, ÚFAL, CC BY-NC-SA 4.0); rests on 'palo' → 'עֵ֥ץ'
14:52	30	la				expands	supplied-article-spa	safe	0.665	approved	0				article the original does not write, read as one by UDPipe's Spanish-AnCora model (Straka and Straková, ÚFAL, CC BY-NC-SA 4.0); rests on 'grana' → 'שְׁנִ֥י'
14:55	3	la				expands	supplied-article-spa	safe	0.7679	approved	0				article the original does not write, read as one by UDPipe's Spanish-AnCora model (Straka and Straková, ÚFAL, CC BY-NC-SA 4.0); rests on 'lepra' → 'צָרַ֥עַת'
14:57	11	la				expands	supplied-article-spa	safe	0.74	approved	0				article the original does not write, read as one by UDPipe's Spanish-AnCora model (Straka and Straková, ÚFAL, CC BY-NC-SA 4.0); rests on 'ley' → 'תֹּורַ֖ת'
15:2	3	los				expands	supplied-article-spa	safe	0.7923	approved	0				article the original does not write, read as one by UDPipe's Spanish-AnCora model (Straka and Straková, ÚFAL, CC BY-NC-SA 4.0); rests on 'hijos' → 'בְּנֵ֣י'
15:7	5	la				expands	supplied-article-spa	safe	0.7789	approved	0				article the original does not write, read as one by UDPipe's Spanish-AnCora model (Straka and Straková, ÚFAL, CC BY-NC-SA 4.0); rests on 'carne' → 'בְשַׂ֣ר'
15:15	9	el				expands	supplied-article-spa	safe	0.5684	approved	0				article the original does not write, read as one by UDPipe's Spanish-AnCora model (Straka and Straková, ÚFAL, CC BY-NC-SA 4.0); rests on 'pecado' → 'חַטָּ֔את'
15:15	12	el				expands	supplied-article-spa	safe	0.7956	approved	0				article the original does not write, read as one by UDPipe's Spanish-AnCora model (Straka and Straková, ÚFAL, CC BY-NC-SA 4.0); rests on 'holocausto' → 'עֹלָ֑ה'
15:18	2	la				expands	supplied-article-spa	safe	0.7938	approved	0				article the original does not write, read as one by UDPipe's Spanish-AnCora model (Straka and Straková, ÚFAL, CC BY-NC-SA 4.0); rests on 'mujer' → 'אִשָּׁ֕ה'
15:18	6	el				expands	supplied-article-spa	safe	0.7241	approved	0				article the original does not write, read as one by UDPipe's Spanish-AnCora model (Straka and Straková, ÚFAL, CC BY-NC-SA 4.0); rests on 'varón' → 'אִ֛ישׁ'
15:19	3	la				expands	supplied-article-spa	safe	0.7938	approved	0				article the original does not write, read as one by UDPipe's Spanish-AnCora model (Straka and Straková, ÚFAL, CC BY-NC-SA 4.0); rests on 'mujer' → 'אִשָּׁה֙'
15:25	2	la				expands	supplied-article-spa	safe	0.7938	approved	0				article the original does not write, read as one by UDPipe's Spanish-AnCora model (Straka and Straková, ÚFAL, CC BY-NC-SA 4.0); rests on 'mujer' → 'אִשָּׁ֡ה'
15:25	42	los				expands	supplied-article-spa	safe	0.7848	approved	0				article the original does not write, read as one by UDPipe's Spanish-AnCora model (Straka and Straková, ÚFAL, CC BY-NC-SA 4.0); rests on 'días' → 'ימֵ֧י'
15:26	30	la				expands	supplied-article-spa	safe	0.675	approved	0				article the original does not write, read as one by UDPipe's Spanish-AnCora model (Straka and Straková, ÚFAL, CC BY-NC-SA 4.0); rests on 'inmundicia' → 'טֻמְאַ֖ת'
15:30	9	el				expands	supplied-article-spa	safe	0.5684	approved	0				article the original does not write, read as one by UDPipe's Spanish-AnCora model (Straka and Straková, ÚFAL, CC BY-NC-SA 4.0); rests on 'pecado' → 'חַטָּ֔את'
15:30	12	el				expands	supplied-article-spa	safe	0.7956	approved	0				article the original does not write, read as one by UDPipe's Spanish-AnCora model (Straka and Straková, ÚFAL, CC BY-NC-SA 4.0); rests on 'holocausto' → 'עֹלָ֑ה'
15:31	3	los				expands	supplied-article-spa	safe	0.7923	approved	0				article the original does not write, read as one by UDPipe's Spanish-AnCora model (Straka and Straková, ÚFAL, CC BY-NC-SA 4.0); rests on 'hijos' → 'בְּנֵי'
15:32	3	la				expands	supplied-article-spa	safe	0.7408	approved	0				article the original does not write, read as one by UDPipe's Spanish-AnCora model (Straka and Straková, ÚFAL, CC BY-NC-SA 4.0); rests on 'ley' → 'תֹּורַ֖ת'
16:1	9	los				expands	supplied-article-spa	safe	0.7923	approved	0				article the original does not write, read as one by UDPipe's Spanish-AnCora model (Straka and Straková, ÚFAL, CC BY-NC-SA 4.0); rests on 'hijos' → 'בְּנֵ֣י'
16:3	9	un				expands	supplied-indefinite-article-spa	safe	0.685	approved	0				indefinite article, read as one by UDPipe's Spanish-AnCora model (Straka and Straková, ÚFAL, CC BY-NC-SA 4.0); rests on 'becerro' → 'פַ֧ר'
16:3	14	un				expands	supplied-indefinite-article-spa	safe	0.7798	approved	0				indefinite article, read as one by UDPipe's Spanish-AnCora model (Straka and Straková, ÚFAL, CC BY-NC-SA 4.0); rests on 'carnero' → 'אַ֥יִל'
16:4	1	La				expands	supplied-article-spa	safe	0.725	approved	0				article the original does not write, read as one by UDPipe's Spanish-AnCora model (Straka and Straková, ÚFAL, CC BY-NC-SA 4.0); rests on 'túnica' → 'כְּתֹֽנֶת'
16:4	24	la				expands	supplied-article-spa	safe	0.725	approved	0				article the original does not write, read as one by UDPipe's Spanish-AnCora model (Straka and Straková, ÚFAL, CC BY-NC-SA 4.0); rests on 'mitra' → 'מִצְנֶ֥פֶת'
16:4	31	las				expands	supplied-article-spa	safe	0.6788	approved	0				article the original does not write, read as one by UDPipe's Spanish-AnCora model (Straka and Straková, ÚFAL, CC BY-NC-SA 4.0); rests on 'vestiduras' → 'בִּגְדֵי'
16:5	3	la				expands	supplied-article-spa	safe	0.6331	approved	0				article the original does not write, read as one by UDPipe's Spanish-AnCora model (Straka and Straková, ÚFAL, CC BY-NC-SA 4.0); rests on 'congregación' → 'עֲדַת֙'
16:5	6	los				expands	supplied-article-spa	safe	0.7923	approved	0				article the original does not write, read as one by UDPipe's Spanish-AnCora model (Straka and Straková, ÚFAL, CC BY-NC-SA 4.0); rests on 'hijos' → 'בְּנֵ֣י'
16:6	5	el				expands	supplied-article-spa	safe	0.685	approved	0				article the original does not write, read as one by UDPipe's Spanish-AnCora model (Straka and Straková, ÚFAL, CC BY-NC-SA 4.0); rests on 'becerro' → 'פַּ֥ר'
16:8	11	la				expands	supplied-article-spa	safe	0.6962	approved	0				article the original does not write, read as one by UDPipe's Spanish-AnCora model (Straka and Straková, ÚFAL, CC BY-NC-SA 4.0); rests on 'suerte' → 'גֹּורָ֤ל'
16:8	17	la				expands	supplied-article-spa	safe	0.6962	approved	0				article the original does not write, read as one by UDPipe's Spanish-AnCora model (Straka and Straková, ÚFAL, CC BY-NC-SA 4.0); rests on 'suerte' → 'גֹורָ֥ל'
16:11	5	el				expands	supplied-article-spa	safe	0.685	approved	0				article the original does not write, read as one by UDPipe's Spanish-AnCora model (Straka and Straková, ÚFAL, CC BY-NC-SA 4.0); rests on 'becerro' → 'פַּ֤ר'
16:11	26	el				expands	supplied-article-spa	safe	0.685	approved	0				article the original does not write, read as one by UDPipe's Spanish-AnCora model (Straka and Straková, ÚFAL, CC BY-NC-SA 4.0); rests on 'becerro' → 'פַּ֥ר'
16:13	12	la				expands	supplied-article-spa	safe	0.7453	approved	0				article the original does not write, read as one by UDPipe's Spanish-AnCora model (Straka and Straková, ÚFAL, CC BY-NC-SA 4.0); rests on 'nube' → 'עֲנַ֣ן'
16:14	4	la				expands	supplied-article-spa	safe	0.7876	approved	0				article the original does not write, read as one by UDPipe's Spanish-AnCora model (Straka and Straková, ÚFAL, CC BY-NC-SA 4.0); rests on 'sangre' → 'דַּ֣ם'
16:15	5	el				expands	supplied-article-spa	safe	0.6762	approved	0				article the original does not write, read as one by UDPipe's Spanish-AnCora model (Straka and Straková, ÚFAL, CC BY-NC-SA 4.0); rests on 'cabrío' → 'שְׂעִ֤יר'
16:15	14	la				expands	supplied-article-spa	safe	0.7876	approved	0				article the original does not write, read as one by UDPipe's Spanish-AnCora model (Straka and Straková, ÚFAL, CC BY-NC-SA 4.0); rests on 'sangre' → 'דָּמֹ֔ו'
16:15	29	la				expands	supplied-article-spa	safe	0.7876	approved	0				article the original does not write, read as one by UDPipe's Spanish-AnCora model (Straka and Straková, ÚFAL, CC BY-NC-SA 4.0); rests on 'sangre' → 'דַ֣ם'
16:16	9	los				expands	supplied-article-spa	safe	0.7923	approved	0				article the original does not write, read as one by UDPipe's Spanish-AnCora model (Straka and Straková, ÚFAL, CC BY-NC-SA 4.0); rests on 'hijos' → 'בְּנֵ֣י'
16:18	16	la				expands	supplied-article-spa	safe	0.7876	approved	0				article the original does not write, read as one by UDPipe's Spanish-AnCora model (Straka and Straková, ÚFAL, CC BY-NC-SA 4.0); rests on 'sangre' → 'דַּ֤ם'
16:18	22	la				expands	supplied-article-spa	safe	0.7876	approved	0				article the original does not write, read as one by UDPipe's Spanish-AnCora model (Straka and Straková, ÚFAL, CC BY-NC-SA 4.0); rests on 'sangre' → 'דַּ֣ם'
16:18	30	los				expands	supplied-article-spa	safe	0.7232	approved	0				article the original does not write, read as one by UDPipe's Spanish-AnCora model (Straka and Straková, ÚFAL, CC BY-NC-SA 4.0); rests on 'cuernos' → 'קַרְנֹ֥ות'
16:19	23	los				expands	supplied-article-spa	safe	0.7923	approved	0				article the original does not write, read as one by UDPipe's Spanish-AnCora model (Straka and Straková, ÚFAL, CC BY-NC-SA 4.0); rests on 'hijos' → 'בְּנֵ֥י'
16:21	8	la				expands	supplied-article-spa	safe	0.7855	approved	0				article the original does not write, read as one by UDPipe's Spanish-AnCora model (Straka and Straková, ÚFAL, CC BY-NC-SA 4.0); rests on 'cabeza' → 'רֹ֣אשׁ'
16:21	19	las				expands	supplied-article-spa	safe	0.65	approved	0				article the original does not write, read as one by UDPipe's Spanish-AnCora model (Straka and Straková, ÚFAL, CC BY-NC-SA 4.0); rests on 'iniquidades' → 'עֲוֹנֹת֙'
16:21	22	los				expands	supplied-article-spa	safe	0.7923	approved	0				article the original does not write, read as one by UDPipe's Spanish-AnCora model (Straka and Straková, ÚFAL, CC BY-NC-SA 4.0); rests on 'hijos' → 'בְּנֵ֣י'
16:21	37	la				expands	supplied-article-spa	safe	0.7855	approved	0				article the original does not write, read as one by UDPipe's Spanish-AnCora model (Straka and Straková, ÚFAL, CC BY-NC-SA 4.0); rests on 'cabeza' → 'רֹ֣אשׁ'
16:22	9	las				expands	supplied-article-spa	safe	0.65	approved	0				article the original does not write, read as one by UDPipe's Spanish-AnCora model (Straka and Straková, ÚFAL, CC BY-NC-SA 4.0); rests on 'iniquidades' → 'עֲוֹנֹתָ֖ם'
16:24	8	el				expands	supplied-article-spa	safe	0.6358	approved	0				article the original does not write, read as one by UDPipe's Spanish-AnCora model (Straka and Straková, ÚFAL, CC BY-NC-SA 4.0); rests on 'lugar' → 'מָקֹ֣ום'
16:24	24	el				expands	supplied-article-spa	safe	0.7955	approved	0				article the original does not write, read as one by UDPipe's Spanish-AnCora model (Straka and Straková, ÚFAL, CC BY-NC-SA 4.0); rests on 'holocausto' → 'עֹלַ֣ת'
16:25	3	el				expands	supplied-article-spa	safe	0.8	approved	0				article the original does not write, read as one by UDPipe's Spanish-AnCora model (Straka and Straková, ÚFAL, CC BY-NC-SA 4.0); rests on 'sebo' → 'חֵ֥לֶב'
16:27	6	el				expands	supplied-article-spa	safe	0.685	approved	0				article the original does not write, read as one by UDPipe's Spanish-AnCora model (Straka and Straková, ÚFAL, CC BY-NC-SA 4.0); rests on 'becerro' → 'פַּ֨ר'
16:27	11	el				expands	supplied-article-spa	safe	0.6762	approved	0				article the original does not write, read as one by UDPipe's Spanish-AnCora model (Straka and Straková, ÚFAL, CC BY-NC-SA 4.0); rests on 'cabrío' → 'שְׂעִ֣יר'
16:27	17	la				expands	supplied-article-spa	safe	0.7876	approved	0				article the original does not write, read as one by UDPipe's Spanish-AnCora model (Straka and Straková, ÚFAL, CC BY-NC-SA 4.0); rests on 'sangre' → 'דָּמָם֙'
16:32	31	las				expands	supplied-article-spa	safe	0.6788	approved	0				article the original does not write, read as one by UDPipe's Spanish-AnCora model (Straka and Straková, ÚFAL, CC BY-NC-SA 4.0); rests on 'vestiduras' → 'בִּגְדֵ֥י'
16:33	22	el				expands	supplied-article-spa	safe	0.79	approved	0				article the original does not write, read as one by UDPipe's Spanish-AnCora model (Straka and Straková, ÚFAL, CC BY-NC-SA 4.0); rests on 'pueblo' → 'עַ֥ם'
16:34	10	los				expands	supplied-article-spa	safe	0.7923	approved	0				article the original does not write, read as one by UDPipe's Spanish-AnCora model (Straka and Straková, ÚFAL, CC BY-NC-SA 4.0); rests on 'hijos' → 'בְּנֵ֤י'
17:2	11	los				expands	supplied-article-spa	safe	0.7923	approved	0				article the original does not write, read as one by UDPipe's Spanish-AnCora model (Straka and Straková, ÚFAL, CC BY-NC-SA 4.0); rests on 'hijos' → 'בְּנֵ֣י'
17:3	4	la				expands	supplied-article-spa	safe	0.7913	approved	0				article the original does not write, read as one by UDPipe's Spanish-AnCora model (Straka and Straková, ÚFAL, CC BY-NC-SA 4.0); rests on 'casa' → 'בֵּ֣ית'
17:5	6	los				expands	supplied-article-spa	safe	0.7923	approved	0				article the original does not write, read as one by UDPipe's Spanish-AnCora model (Straka and Straková, ÚFAL, CC BY-NC-SA 4.0); rests on 'hijos' → 'בְּנֵ֣י'
17:6	8	el				expands	supplied-article-spa	safe	0.7948	approved	0				article the original does not write, read as one by UDPipe's Spanish-AnCora model (Straka and Straková, ÚFAL, CC BY-NC-SA 4.0); rests on 'altar' → 'מִזְבַּ֣ח'
17:8	7	la				expands	supplied-article-spa	safe	0.7913	approved	0				article the original does not write, read as one by UDPipe's Spanish-AnCora model (Straka and Straková, ÚFAL, CC BY-NC-SA 4.0); rests on 'casa' → 'בֵּ֣ית'
17:10	5	la				expands	supplied-article-spa	safe	0.7913	approved	0				article the original does not write, read as one by UDPipe's Spanish-AnCora model (Straka and Straková, ÚFAL, CC BY-NC-SA 4.0); rests on 'casa' → 'בֵּ֣ית'
17:12	6	los				expands	supplied-article-spa	safe	0.7923	approved	0				article the original does not write, read as one by UDPipe's Spanish-AnCora model (Straka and Straková, ÚFAL, CC BY-NC-SA 4.0); rests on 'hijos' → 'בְנֵ֣י'
17:13	5	los				expands	supplied-article-spa	safe	0.7923	approved	0				article the original does not write, read as one by UDPipe's Spanish-AnCora model (Straka and Straková, ÚFAL, CC BY-NC-SA 4.0); rests on 'hijos' → 'בְּנֵ֣י'
17:14	18	los				expands	supplied-article-spa	safe	0.7923	approved	0				article the original does not write, read as one by UDPipe's Spanish-AnCora model (Straka and Straková, ÚFAL, CC BY-NC-SA 4.0); rests on 'hijos' → 'בְנֵ֣י'
17:14	24	la				expands	supplied-article-spa	safe	0.7875	approved	0				article the original does not write, read as one by UDPipe's Spanish-AnCora model (Straka and Straková, ÚFAL, CC BY-NC-SA 4.0); rests on 'sangre' → 'דַּ֥ם'
18:2	3	los				expands	supplied-article-spa	safe	0.7923	approved	0				article the original does not write, read as one by UDPipe's Spanish-AnCora model (Straka and Straková, ÚFAL, CC BY-NC-SA 4.0); rests on 'hijos' → 'בְּנֵ֣י'
18:3	6	la				expands	supplied-article-spa	safe	0.7519	approved	0				article the original does not write, read as one by UDPipe's Spanish-AnCora model (Straka and Straková, ÚFAL, CC BY-NC-SA 4.0); rests on 'tierra' → 'אֶֽרֶץ'
18:3	19	la				expands	supplied-article-spa	safe	0.7519	approved	0				article the original does not write, read as one by UDPipe's Spanish-AnCora model (Straka and Straková, ÚFAL, CC BY-NC-SA 4.0); rests on 'tierra' → 'אֶֽרֶץ'
18:7	1	La				expands	supplied-article-spa	safe	0.7156	approved	0				article the original does not write, read as one by UDPipe's Spanish-AnCora model (Straka and Straková, ÚFAL, CC BY-NC-SA 4.0); rests on 'desnudez' → 'עֶרְוַ֥ת'
18:7	7	la				expands	supplied-article-spa	safe	0.7156	approved	0				article the original does not write, read as one by UDPipe's Spanish-AnCora model (Straka and Straková, ÚFAL, CC BY-NC-SA 4.0); rests on 'desnudez' → 'עֶרְוַ֥ת'
18:8	1	La				expands	supplied-article-spa	safe	0.7156	approved	0				article the original does not write, read as one by UDPipe's Spanish-AnCora model (Straka and Straková, ÚFAL, CC BY-NC-SA 4.0); rests on 'desnudez' → 'עֶרְוַ֥ת'
18:8	4	la				expands	supplied-article-spa	safe	0.7937	approved	0				article the original does not write, read as one by UDPipe's Spanish-AnCora model (Straka and Straková, ÚFAL, CC BY-NC-SA 4.0); rests on 'mujer' → 'אֵֽשֶׁת'
18:8	12	la				expands	supplied-article-spa	safe	0.7156	approved	0				article the original does not write, read as one by UDPipe's Spanish-AnCora model (Straka and Straková, ÚFAL, CC BY-NC-SA 4.0); rests on 'desnudez' → 'עֶרְוַ֥ת'
18:9	1	La				expands	supplied-article-spa	safe	0.7156	approved	0				article the original does not write, read as one by UDPipe's Spanish-AnCora model (Straka and Straková, ÚFAL, CC BY-NC-SA 4.0); rests on 'desnudez' → 'עֶרְוַ֨ת'
18:10	1	La				expands	supplied-article-spa	safe	0.7156	approved	0				article the original does not write, read as one by UDPipe's Spanish-AnCora model (Straka and Straková, ÚFAL, CC BY-NC-SA 4.0); rests on 'desnudez' → 'עֶרְוַ֤ת'
18:10	4	la				expands	supplied-article-spa	safe	0.7948	approved	0				article the original does not write, read as one by UDPipe's Spanish-AnCora model (Straka and Straková, ÚFAL, CC BY-NC-SA 4.0); rests on 'hija' → 'בַּת'
18:10	11	la				expands	supplied-article-spa	safe	0.7948	approved	0				article the original does not write, read as one by UDPipe's Spanish-AnCora model (Straka and Straková, ÚFAL, CC BY-NC-SA 4.0); rests on 'hija' → 'בַֽת'
18:10	22	la				expands	supplied-article-spa	safe	0.7156	approved	0				article the original does not write, read as one by UDPipe's Spanish-AnCora model (Straka and Straková, ÚFAL, CC BY-NC-SA 4.0); rests on 'desnudez' → 'עֶרְוָתְךָ֖'
18:11	1	La				expands	supplied-article-spa	safe	0.7156	approved	0				article the original does not write, read as one by UDPipe's Spanish-AnCora model (Straka and Straková, ÚFAL, CC BY-NC-SA 4.0); rests on 'desnudez' → 'עֶרְוַ֨ת'
18:11	4	la				expands	supplied-article-spa	safe	0.7948	approved	0				article the original does not write, read as one by UDPipe's Spanish-AnCora model (Straka and Straková, ÚFAL, CC BY-NC-SA 4.0); rests on 'hija' → 'בַּת'
18:11	7	la				expands	supplied-article-spa	safe	0.7937	approved	0				article the original does not write, read as one by UDPipe's Spanish-AnCora model (Straka and Straková, ÚFAL, CC BY-NC-SA 4.0); rests on 'mujer' → 'אֵ֤שֶׁת'
18:12	1	La				expands	supplied-article-spa	safe	0.7156	approved	0				article the original does not write, read as one by UDPipe's Spanish-AnCora model (Straka and Straková, ÚFAL, CC BY-NC-SA 4.0); rests on 'desnudez' → 'עֶרְוַ֥ת'
18:12	4	la				expands	supplied-article-spa	safe	0.7949	approved	0				article the original does not write, read as one by UDPipe's Spanish-AnCora model (Straka and Straková, ÚFAL, CC BY-NC-SA 4.0); rests on 'hermana' → 'אֲחֹות'
18:13	1	La				expands	supplied-article-spa	safe	0.7156	approved	0				article the original does not write, read as one by UDPipe's Spanish-AnCora model (Straka and Straková, ÚFAL, CC BY-NC-SA 4.0); rests on 'desnudez' → 'עֶרְוַ֥ת'
18:13	4	la				expands	supplied-article-spa	safe	0.7949	approved	0				article the original does not write, read as one by UDPipe's Spanish-AnCora model (Straka and Straková, ÚFAL, CC BY-NC-SA 4.0); rests on 'hermana' → 'אֲחֹֽות'
18:14	1	La				expands	supplied-article-spa	safe	0.7156	approved	0				article the original does not write, read as one by UDPipe's Spanish-AnCora model (Straka and Straková, ÚFAL, CC BY-NC-SA 4.0); rests on 'desnudez' → 'עֶרְוַ֥ת'
18:15	1	La				expands	supplied-article-spa	safe	0.7156	approved	0				article the original does not write, read as one by UDPipe's Spanish-AnCora model (Straka and Straková, ÚFAL, CC BY-NC-SA 4.0); rests on 'desnudez' → 'עֶרְוַ֥ת'
18:16	1	La				expands	supplied-article-spa	safe	0.7156	approved	0				article the original does not write, read as one by UDPipe's Spanish-AnCora model (Straka and Straková, ÚFAL, CC BY-NC-SA 4.0); rests on 'desnudez' → 'עֶרְוַ֥ת'
18:16	4	la				expands	supplied-article-spa	safe	0.7937	approved	0				article the original does not write, read as one by UDPipe's Spanish-AnCora model (Straka and Straková, ÚFAL, CC BY-NC-SA 4.0); rests on 'mujer' → 'אֵֽשֶׁת'
18:16	12	la				expands	supplied-article-spa	safe	0.7156	approved	0				article the original does not write, read as one by UDPipe's Spanish-AnCora model (Straka and Straková, ÚFAL, CC BY-NC-SA 4.0); rests on 'desnudez' → 'עֶרְוַ֥ת'
18:17	1	La				expands	supplied-article-spa	safe	0.7156	approved	0				article the original does not write, read as one by UDPipe's Spanish-AnCora model (Straka and Straková, ÚFAL, CC BY-NC-SA 4.0); rests on 'desnudez' → 'עֶרְוַ֥ת'
18:17	4	la				expands	supplied-article-spa	safe	0.7937	approved	0				article the original does not write, read as one by UDPipe's Spanish-AnCora model (Straka and Straková, ÚFAL, CC BY-NC-SA 4.0); rests on 'mujer' → 'אִשָּׁ֛ה'
18:17	14	la				expands	supplied-article-spa	safe	0.7948	approved	0				article the original does not write, read as one by UDPipe's Spanish-AnCora model (Straka and Straková, ÚFAL, CC BY-NC-SA 4.0); rests on 'hija' → 'בַּת'
18:17	20	la				expands	supplied-article-spa	safe	0.7948	approved	0				article the original does not write, read as one by UDPipe's Spanish-AnCora model (Straka and Straková, ÚFAL, CC BY-NC-SA 4.0); rests on 'hija' → 'בַּת'
18:19	5	la				expands	supplied-article-spa	safe	0.7937	approved	0				article the original does not write, read as one by UDPipe's Spanish-AnCora model (Straka and Straková, ÚFAL, CC BY-NC-SA 4.0); rests on 'mujer' → 'אִשָּׁ֖ה'
18:20	7	la				expands	supplied-article-spa	safe	0.7937	approved	0				article the original does not write, read as one by UDPipe's Spanish-AnCora model (Straka and Straková, ÚFAL, CC BY-NC-SA 4.0); rests on 'mujer' → 'אֵ֨שֶׁת֙'
18:21	17	el				expands	supplied-article-spa	safe	0.7864	approved	0				article the original does not write, read as one by UDPipe's Spanish-AnCora model (Straka and Straková, ÚFAL, CC BY-NC-SA 4.0); rests on 'nombre' → 'שֵׁ֥ם'
19:2	7	los				expands	supplied-article-spa	safe	0.7923	approved	0				article the original does not write, read as one by UDPipe's Spanish-AnCora model (Straka and Straková, ÚFAL, CC BY-NC-SA 4.0); rests on 'hijos' → 'בְּנֵי'
19:6	3	el				expands	supplied-article-spa	safe	0.7597	approved	0				article the original does not write, read as one by UDPipe's Spanish-AnCora model (Straka and Straková, ÚFAL, CC BY-NC-SA 4.0); rests on 'día' → 'יֹ֧ום'
19:9	12	el				expands	supplied-article-spa	safe	0.55	approved	0				article the original does not write, read as one by UDPipe's Spanish-AnCora model (Straka and Straková, ÚFAL, CC BY-NC-SA 4.0); rests on 'rincón' → 'פְּאַ֥ת'
19:12	11	el				expands	supplied-article-spa	safe	0.7864	approved	0				article the original does not write, read as one by UDPipe's Spanish-AnCora model (Straka and Straková, ÚFAL, CC BY-NC-SA 4.0); rests on 'nombre' → 'שֵׁ֥ם'
19:13	20	la				expands	supplied-article-spa	safe	0.6637	approved	0				article the original does not write, read as one by UDPipe's Spanish-AnCora model (Straka and Straková, ÚFAL, CC BY-NC-SA 4.0); rests on 'mañana' → 'בֹּֽקֶר'
19:15	14	la				expands	supplied-article-spa	safe	0.7679	approved	0				article the original does not write, read as one by UDPipe's Spanish-AnCora model (Straka and Straková, ÚFAL, CC BY-NC-SA 4.0); rests on 'cara' → 'פְּנֵ֣י'
19:16	11	la				expands	supplied-article-spa	safe	0.788	approved	0				article the original does not write, read as one by UDPipe's Spanish-AnCora model (Straka and Straková, ÚFAL, CC BY-NC-SA 4.0); rests on 'sangre' → 'דַּ֣ם'
19:18	8	los				expands	supplied-article-spa	safe	0.7923	approved	0				article the original does not write, read as one by UDPipe's Spanish-AnCora model (Straka and Straková, ÚFAL, CC BY-NC-SA 4.0); rests on 'hijos' → 'בְּנֵ֣י'
19:21	13	un				expands	supplied-indefinite-article-spa	safe	0.7798	approved	0				indefinite article, read as one by UDPipe's Spanish-AnCora model (Straka and Straková, ÚFAL, CC BY-NC-SA 4.0); rests on 'carnero' → 'אֵ֖יל'
19:22	3	el				expands	supplied-article-spa	safe	0.7798	approved	0				article the original does not write, read as one by UDPipe's Spanish-AnCora model (Straka and Straková, ÚFAL, CC BY-NC-SA 4.0); rests on 'carnero' → 'אֵ֤יל'
19:22	6	la				expands	supplied-article-spa	safe	0.6331	approved	0				article the original does not write, read as one by UDPipe's Spanish-AnCora model (Straka and Straková, ÚFAL, CC BY-NC-SA 4.0); rests on 'expiación' → 'חַטָּאתֹ֖ו'
19:25	6	el				expands	supplied-article-spa	safe	0.6956	approved	0				article the original does not write, read as one by UDPipe's Spanish-AnCora model (Straka and Straková, ÚFAL, CC BY-NC-SA 4.0); rests on 'fruto' → 'פִּרְיֹ֔ו'
19:32	3	las				expands	supplied-article-spa	safe	0.8	approved	0				article the original does not write, read as one by UDPipe's Spanish-AnCora model (Straka and Straková, ÚFAL, CC BY-NC-SA 4.0); rests on 'canas' → 'שֵׂיבָה֙'
19:32	9	el				expands	supplied-article-spa	safe	0.7571	approved	0				article the original does not write, read as one by UDPipe's Spanish-AnCora model (Straka and Straková, ÚFAL, CC BY-NC-SA 4.0); rests on 'rostro' → 'פְּנֵ֣י'
19:33	3	el				expands	supplied-article-spa	safe	0.6338	approved	0				article the original does not write, read as one by UDPipe's Spanish-AnCora model (Straka and Straková, ÚFAL, CC BY-NC-SA 4.0); rests on 'extranjero' → 'גֵּ֖ר'
19:34	3	un				expands	supplied-indefinite-article-spa	safe	0.8	approved	0				indefinite article, read as one by UDPipe's Spanish-AnCora model (Straka and Straková, ÚFAL, CC BY-NC-SA 4.0); rests on 'natural' → 'אֶזְרָ֣ח'
19:34	24	la				expands	supplied-article-spa	safe	0.7519	approved	0				article the original does not write, read as one by UDPipe's Spanish-AnCora model (Straka and Straková, ÚFAL, CC BY-NC-SA 4.0); rests on 'tierra' → 'אֶ֣רֶץ'
19:36	19	la				expands	supplied-article-spa	safe	0.7519	approved	0				article the original does not write, read as one by UDPipe's Spanish-AnCora model (Straka and Straková, ÚFAL, CC BY-NC-SA 4.0); rests on 'tierra' → 'אֶ֥רֶץ'
20:2	4	los				expands	supplied-article-spa	safe	0.7928	approved	0				article the original does not write, read as one by UDPipe's Spanish-AnCora model (Straka and Straková, ÚFAL, CC BY-NC-SA 4.0); rests on 'hijos' → 'בְּנֵ֣י'
20:2	11	los				expands	supplied-article-spa	safe	0.7928	approved	0				article the original does not write, read as one by UDPipe's Spanish-AnCora model (Straka and Straková, ÚFAL, CC BY-NC-SA 4.0); rests on 'hijos' → 'בְּנֵ֨י'
20:2	33	el				expands	supplied-article-spa	safe	0.79	approved	0				article the original does not write, read as one by UDPipe's Spanish-AnCora model (Straka and Straková, ÚFAL, CC BY-NC-SA 4.0); rests on 'pueblo' → 'עַ֥ם'
20:4	4	el				expands	supplied-article-spa	safe	0.79	approved	0				article the original does not write, read as one by UDPipe's Spanish-AnCora model (Straka and Straková, ÚFAL, CC BY-NC-SA 4.0); rests on 'pueblo' → 'עַ֨ם'
20:10	7	la				expands	supplied-article-spa	safe	0.7937	approved	0				article the original does not write, read as one by UDPipe's Spanish-AnCora model (Straka and Straková, ÚFAL, CC BY-NC-SA 4.0); rests on 'mujer' → 'אֵ֣שֶׁת'
20:10	16	la				expands	supplied-article-spa	safe	0.7937	approved	0				article the original does not write, read as one by UDPipe's Spanish-AnCora model (Straka and Straková, ÚFAL, CC BY-NC-SA 4.0); rests on 'mujer' → 'אֵ֣שֶׁת'
20:11	7	la				expands	supplied-article-spa	safe	0.7937	approved	0				article the original does not write, read as one by UDPipe's Spanish-AnCora model (Straka and Straková, ÚFAL, CC BY-NC-SA 4.0); rests on 'mujer' → 'אֵ֣שֶׁת'
20:11	12	la				expands	supplied-article-spa	safe	0.7727	approved	0				article the original does not write, read as one by UDPipe's Spanish-AnCora model (Straka and Straková, ÚFAL, CC BY-NC-SA 4.0); rests on 'desnudez' → 'עֶרְוַ֥ת'
20:14	8	la				expands	supplied-article-spa	safe	0.7914	approved	0				article the original does not write, read as one by UDPipe's Spanish-AnCora model (Straka and Straková, ÚFAL, CC BY-NC-SA 4.0); rests on 'madre' → 'אִמָּ֖הּ'
20:16	2	la				expands	supplied-article-spa	safe	0.7937	approved	0				article the original does not write, read as one by UDPipe's Spanish-AnCora model (Straka and Straková, ÚFAL, CC BY-NC-SA 4.0); rests on 'mujer' → 'אִשָּׁ֗ה'
20:17	36	los				expands	supplied-article-spa	safe	0.7928	approved	0				article the original does not write, read as one by UDPipe's Spanish-AnCora model (Straka and Straková, ÚFAL, CC BY-NC-SA 4.0); rests on 'hijos' → 'בְּנֵ֣י'
20:17	42	la				expands	supplied-article-spa	safe	0.7727	approved	0				article the original does not write, read as one by UDPipe's Spanish-AnCora model (Straka and Straková, ÚFAL, CC BY-NC-SA 4.0); rests on 'desnudez' → 'עֶרְוַ֧ת'
20:19	1	La				expands	supplied-article-spa	safe	0.7727	approved	0				article the original does not write, read as one by UDPipe's Spanish-AnCora model (Straka and Straková, ÚFAL, CC BY-NC-SA 4.0); rests on 'desnudez' → 'עֶרְוַ֨ת'
20:19	4	la				expands	supplied-article-spa	safe	0.7899	approved	0				article the original does not write, read as one by UDPipe's Spanish-AnCora model (Straka and Straková, ÚFAL, CC BY-NC-SA 4.0); rests on 'hermana' → 'אֲחֹ֧ות'
20:19	11	la				expands	supplied-article-spa	safe	0.7899	approved	0				article the original does not write, read as one by UDPipe's Spanish-AnCora model (Straka and Straková, ÚFAL, CC BY-NC-SA 4.0); rests on 'hermana' → 'אֲחֹ֥ות'
20:20	13	la				expands	supplied-article-spa	safe	0.7727	approved	0				article the original does not write, read as one by UDPipe's Spanish-AnCora model (Straka and Straková, ÚFAL, CC BY-NC-SA 4.0); rests on 'desnudez' → 'עֶרְוַ֥ת'
20:21	5	la				expands	supplied-article-spa	safe	0.7937	approved	0				article the original does not write, read as one by UDPipe's Spanish-AnCora model (Straka and Straková, ÚFAL, CC BY-NC-SA 4.0); rests on 'mujer' → 'אֵ֥שֶׁת'
20:21	12	la				expands	supplied-article-spa	safe	0.7727	approved	0				article the original does not write, read as one by UDPipe's Spanish-AnCora model (Straka and Straková, ÚFAL, CC BY-NC-SA 4.0); rests on 'desnudez' → 'עֶרְוַ֥ת'
20:24	20	la				expands	supplied-article-spa	safe	0.8	approved	0				article the original does not write, read as one by UDPipe's Spanish-AnCora model (Straka and Straková, ÚFAL, CC BY-NC-SA 4.0); rests on 'poseáis' → 'רֶ֣שֶׁת'
20:27	5	la				expands	supplied-article-spa	safe	0.7937	approved	0				article the original does not write, read as one by UDPipe's Spanish-AnCora model (Straka and Straková, ÚFAL, CC BY-NC-SA 4.0); rests on 'mujer' → 'אִשָּׁ֗ה'
21:1	8	los				expands	supplied-article-spa	safe	0.7923	approved	0				article the original does not write, read as one by UDPipe's Spanish-AnCora model (Straka and Straková, ÚFAL, CC BY-NC-SA 4.0); rests on 'hijos' → 'בְּנֵ֣י'
21:6	9	el				expands	supplied-article-spa	safe	0.7864	approved	0				article the original does not write, read as one by UDPipe's Spanish-AnCora model (Straka and Straková, ÚFAL, CC BY-NC-SA 4.0); rests on 'nombre' → 'שֵׁ֖ם'
21:6	20	el				expands	supplied-article-spa	safe	0.7677	approved	0				article the original does not write, read as one by UDPipe's Spanish-AnCora model (Straka and Straková, ÚFAL, CC BY-NC-SA 4.0); rests on 'pan' → 'לֶ֧חֶם'
21:8	6	el				expands	supplied-article-spa	safe	0.7677	approved	0				article the original does not write, read as one by UDPipe's Spanish-AnCora model (Straka and Straková, ÚFAL, CC BY-NC-SA 4.0); rests on 'pan' → 'לֶ֥חֶם'
21:9	2	la				expands	supplied-article-spa	safe	0.795	approved	0				article the original does not write, read as one by UDPipe's Spanish-AnCora model (Straka and Straková, ÚFAL, CC BY-NC-SA 4.0); rests on 'hija' → 'בַת֙'
21:10	13	el				expands	supplied-article-spa	safe	0.7346	approved	0				article the original does not write, read as one by UDPipe's Spanish-AnCora model (Straka and Straková, ÚFAL, CC BY-NC-SA 4.0); rests on 'aceite' → 'שֶׁ֤מֶן'
21:12	18	la				expands	supplied-article-spa	safe	0.7795	approved	0				article the original does not write, read as one by UDPipe's Spanish-AnCora model (Straka and Straková, ÚFAL, CC BY-NC-SA 4.0); rests on 'unción' → 'מִשְׁחַ֧ת'
21:15	15	los				expands	supplied-article-spa	safe	0.8	approved	0				article the original does not write, read as one by UDPipe's Spanish-AnCora model (Straka and Straková, ÚFAL, CC BY-NC-SA 4.0); rests on 'santifico' → 'מְקַדְּשֹֽׁו'
21:17	6	El				expands	supplied-article-spa	safe	0.7222	approved	0				article the original does not write, read as one by UDPipe's Spanish-AnCora model (Straka and Straková, ÚFAL, CC BY-NC-SA 4.0); rests on 'varón' → 'אִ֣ישׁ'
21:17	24	el				expands	supplied-article-spa	safe	0.7677	approved	0				article the original does not write, read as one by UDPipe's Spanish-AnCora model (Straka and Straková, ÚFAL, CC BY-NC-SA 4.0); rests on 'pan' → 'לֶ֥חֶם'
21:20	10	el				expands	supplied-article-spa	safe	0.7625	approved	0				article the original does not write, read as one by UDPipe's Spanish-AnCora model (Straka and Straková, ÚFAL, CC BY-NC-SA 4.0); rests on 'ojo' → 'עֵינֹ֑ו'
21:21	4	la				expands	supplied-article-spa	safe	0.7719	approved	0				article the original does not write, read as one by UDPipe's Spanish-AnCora model (Straka and Straková, ÚFAL, CC BY-NC-SA 4.0); rests on 'simiente' → 'זֶּ֨רַע֙'
21:21	32	el				expands	supplied-article-spa	safe	0.7677	approved	0				article the original does not write, read as one by UDPipe's Spanish-AnCora model (Straka and Straková, ÚFAL, CC BY-NC-SA 4.0); rests on 'pan' → 'לֶ֣חֶם'
21:22	1	El				expands	supplied-article-spa	safe	0.7677	approved	0				article the original does not write, read as one by UDPipe's Spanish-AnCora model (Straka and Straková, ÚFAL, CC BY-NC-SA 4.0); rests on 'pan' → 'לֶ֣חֶם'
21:23	29	los				expands	supplied-article-spa	safe	0.8	approved	0				article the original does not write, read as one by UDPipe's Spanish-AnCora model (Straka and Straková, ÚFAL, CC BY-NC-SA 4.0); rests on 'santifico' → 'מְקַדְּשָֽׁם'
21:24	14	los				expands	supplied-article-spa	safe	0.7923	approved	0				article the original does not write, read as one by UDPipe's Spanish-AnCora model (Straka and Straková, ÚFAL, CC BY-NC-SA 4.0); rests on 'hijos' → 'בְּנֵ֖י'
22:2	15	los				expands	supplied-article-spa	safe	0.7923	approved	0				article the original does not write, read as one by UDPipe's Spanish-AnCora model (Straka and Straková, ÚFAL, CC BY-NC-SA 4.0); rests on 'hijos' → 'בְנֵֽי'
22:3	18	los				expands	supplied-article-spa	safe	0.7923	approved	0				article the original does not write, read as one by UDPipe's Spanish-AnCora model (Straka and Straková, ÚFAL, CC BY-NC-SA 4.0); rests on 'hijos' → 'בְנֵֽי'
22:4	4	la				expands	supplied-article-spa	safe	0.7719	approved	0				article the original does not write, read as one by UDPipe's Spanish-AnCora model (Straka and Straková, ÚFAL, CC BY-NC-SA 4.0); rests on 'simiente' → 'זֶּ֣רַע'
22:4	34	el				expands	supplied-article-spa	safe	0.7217	approved	0				article the original does not write, read as one by UDPipe's Spanish-AnCora model (Straka and Straková, ÚFAL, CC BY-NC-SA 4.0); rests on 'varón' → 'אִ֔ישׁ'
22:5	2	el				expands	supplied-article-spa	safe	0.7217	approved	0				article the original does not write, read as one by UDPipe's Spanish-AnCora model (Straka and Straková, ÚFAL, CC BY-NC-SA 4.0); rests on 'varón' → 'אִישׁ֙'
22:6	1	La				expands	supplied-article-spa	safe	0.737	approved	0				article the original does not write, read as one by UDPipe's Spanish-AnCora model (Straka and Straková, ÚFAL, CC BY-NC-SA 4.0); rests on 'persona' → 'נֶ֚פֶשׁ'
22:9	22	los				expands	supplied-article-spa	safe	0.8	approved	0				article the original does not write, read as one by UDPipe's Spanish-AnCora model (Straka and Straková, ÚFAL, CC BY-NC-SA 4.0); rests on 'santifico' → 'מְקַדְּשָֽׁם'
22:10	11	el				expands	supplied-article-spa	safe	0.8	approved	0				article the original does not write, read as one by UDPipe's Spanish-AnCora model (Straka and Straková, ÚFAL, CC BY-NC-SA 4.0); rests on 'jornalero' → 'שָׂכִ֖יר'
22:11	2	el				expands	supplied-article-spa	safe	0.7935	approved	0				article the original does not write, read as one by UDPipe's Spanish-AnCora model (Straka and Straková, ÚFAL, CC BY-NC-SA 4.0); rests on 'sacerdote' → 'כֹהֵ֗ן'
22:12	2	la				expands	supplied-article-spa	safe	0.795	approved	0				article the original does not write, read as one by UDPipe's Spanish-AnCora model (Straka and Straková, ÚFAL, CC BY-NC-SA 4.0); rests on 'hija' → 'בַת'
22:13	3	la				expands	supplied-article-spa	safe	0.795	approved	0				article the original does not write, read as one by UDPipe's Spanish-AnCora model (Straka and Straková, ÚFAL, CC BY-NC-SA 4.0); rests on 'hija' → 'בַת'
22:13	20	la				expands	supplied-article-spa	safe	0.7913	approved	0				article the original does not write, read as one by UDPipe's Spanish-AnCora model (Straka and Straková, ÚFAL, CC BY-NC-SA 4.0); rests on 'casa' → 'בֵּ֤ית'
22:15	8	los				expands	supplied-article-spa	safe	0.7923	approved	0				article the original does not write, read as one by UDPipe's Spanish-AnCora model (Straka and Straková, ÚFAL, CC BY-NC-SA 4.0); rests on 'hijos' → 'בְּנֵ֣י'
22:16	22	los				expands	supplied-article-spa	safe	0.8	approved	0				article the original does not write, read as one by UDPipe's Spanish-AnCora model (Straka and Straková, ÚFAL, CC BY-NC-SA 4.0); rests on 'santifico' → 'מְקַדְּשָֽׁם'
22:18	11	los				expands	supplied-article-spa	safe	0.7923	approved	0				article the original does not write, read as one by UDPipe's Spanish-AnCora model (Straka and Straková, ÚFAL, CC BY-NC-SA 4.0); rests on 'hijos' → 'בְּנֵ֣י'
22:18	20	la				expands	supplied-article-spa	safe	0.7913	approved	0				article the original does not write, read as one by UDPipe's Spanish-AnCora model (Straka and Straková, ÚFAL, CC BY-NC-SA 4.0); rests on 'casa' → 'בֵּ֨ית'
22:25	10	el				expands	supplied-article-spa	safe	0.7681	approved	0				article the original does not write, read as one by UDPipe's Spanish-AnCora model (Straka and Straková, ÚFAL, CC BY-NC-SA 4.0); rests on 'pan' → 'לֶ֥חֶם'
22:27	1	El				expands	supplied-article-spa	safe	0.7637	approved	0				article the original does not write, read as one by UDPipe's Spanish-AnCora model (Straka and Straková, ÚFAL, CC BY-NC-SA 4.0); rests on 'buey' → 'שֹׁ֣ור'
22:27	7	la				expands	supplied-article-spa	safe	0.6615	approved	0				article the original does not write, read as one by UDPipe's Spanish-AnCora model (Straka and Straková, ÚFAL, CC BY-NC-SA 4.0); rests on 'cabra' → 'עֵז֙'
22:32	14	los				expands	supplied-article-spa	safe	0.7923	approved	0				article the original does not write, read as one by UDPipe's Spanish-AnCora model (Straka and Straková, ÚFAL, CC BY-NC-SA 4.0); rests on 'hijos' → 'בְּנֵ֣י'
22:33	5	la				expands	supplied-article-spa	safe	0.752	approved	0				article the original does not write, read as one by UDPipe's Spanish-AnCora model (Straka and Straková, ÚFAL, CC BY-NC-SA 4.0); rests on 'tierra' → 'אֶ֣רֶץ'
23:2	3	los				expands	supplied-article-spa	safe	0.7923	approved	0				article the original does not write, read as one by UDPipe's Spanish-AnCora model (Straka and Straková, ÚFAL, CC BY-NC-SA 4.0); rests on 'hijos' → 'בְּנֵ֤י'
23:6	3	los				expands	supplied-article-spa	safe	0.7847	approved	0				article the original does not write, read as one by UDPipe's Spanish-AnCora model (Straka and Straková, ÚFAL, CC BY-NC-SA 4.0); rests on 'días' → 'יֹום֙'
23:10	3	los				expands	supplied-article-spa	safe	0.7923	approved	0				article the original does not write, read as one by UDPipe's Spanish-AnCora model (Straka and Straková, ÚFAL, CC BY-NC-SA 4.0); rests on 'hijos' → 'בְּנֵ֤י'
23:12	2	el				expands	supplied-article-spa	safe	0.7608	approved	0				article the original does not write, read as one by UDPipe's Spanish-AnCora model (Straka and Straková, ÚFAL, CC BY-NC-SA 4.0); rests on 'día' → 'יֹ֥ום'
23:12	9	un				expands	supplied-indefinite-article-spa	safe	0.6275	approved	0				indefinite article, read as one by UDPipe's Spanish-AnCora model (Straka and Straková, ÚFAL, CC BY-NC-SA 4.0); rests on 'cordero' → 'כֶּ֣בֶשׂ'
23:12	12	un				expands	supplied-indefinite-article-spa	safe	0.7661	approved	0				indefinite article, read as one by UDPipe's Spanish-AnCora model (Straka and Straková, ÚFAL, CC BY-NC-SA 4.0); rests on 'año' → 'שְׁנָתֹ֛ו'
23:15	13	el				expands	supplied-article-spa	safe	0.7608	approved	0				article the original does not write, read as one by UDPipe's Spanish-AnCora model (Straka and Straková, ÚFAL, CC BY-NC-SA 4.0); rests on 'día' → 'יֹּום֙'
23:18	17	la				expands	supplied-article-spa	safe	0.74	approved	0				article the original does not write, read as one by UDPipe's Spanish-AnCora model (Straka and Straková, ÚFAL, CC BY-NC-SA 4.0); rests on 'vacada' → 'בֶּן'
23:20	13	el				expands	supplied-article-spa	safe	0.768	approved	0				article the original does not write, read as one by UDPipe's Spanish-AnCora model (Straka and Straková, ÚFAL, CC BY-NC-SA 4.0); rests on 'pan' → 'לֶ֨חֶם'
23:20	19	los				expands	supplied-article-spa	safe	0.7182	approved	0				article the original does not write, read as one by UDPipe's Spanish-AnCora model (Straka and Straková, ÚFAL, CC BY-NC-SA 4.0); rests on 'corderos' → 'כְּבָשִׂ֑ים'
23:22	13	el				expands	supplied-article-spa	safe	0.55	approved	0				article the original does not write, read as one by UDPipe's Spanish-AnCora model (Straka and Straková, ÚFAL, CC BY-NC-SA 4.0); rests on 'rincón' → 'פְּאַ֤ת'
23:24	3	los				expands	supplied-article-spa	safe	0.7923	approved	0				article the original does not write, read as one by UDPipe's Spanish-AnCora model (Straka and Straková, ÚFAL, CC BY-NC-SA 4.0); rests on 'hijos' → 'בְּנֵ֥י'
23:24	26	una				expands	supplied-indefinite-article-spa	safe	0.75	approved	0				indefinite article, read as one by UDPipe's Spanish-AnCora model (Straka and Straková, ÚFAL, CC BY-NC-SA 4.0); rests on 'convocación' → 'מִקְרָא'
23:27	10	el				expands	supplied-article-spa	safe	0.7608	approved	0				article the original does not write, read as one by UDPipe's Spanish-AnCora model (Straka and Straková, ÚFAL, CC BY-NC-SA 4.0); rests on 'día' → 'יֹ֧ום'
23:32	13	los				expands	supplied-article-spa	safe	0.7357	approved	0				article the original does not write, read as one by UDPipe's Spanish-AnCora model (Straka and Straková, ÚFAL, CC BY-NC-SA 4.0); rests on 'nueve' → 'תִשְׁעָ֤ה'
23:34	3	los				expands	supplied-article-spa	safe	0.7923	approved	0				article the original does not write, read as one by UDPipe's Spanish-AnCora model (Straka and Straková, ÚFAL, CC BY-NC-SA 4.0); rests on 'hijos' → 'בְּנֵ֥י'
23:34	10	los				expands	supplied-article-spa	safe	0.7847	approved	0				article the original does not write, read as one by UDPipe's Spanish-AnCora model (Straka and Straková, ÚFAL, CC BY-NC-SA 4.0); rests on 'días' → 'יֹ֗ום'
23:39	3	los				expands	supplied-article-spa	safe	0.7833	approved	0				article the original does not write, read as one by UDPipe's Spanish-AnCora model (Straka and Straková, ÚFAL, CC BY-NC-SA 4.0); rests on 'quince' → 'חֲמִשָּׁה֩'
23:43	13	los				expands	supplied-article-spa	safe	0.7923	approved	0				article the original does not write, read as one by UDPipe's Spanish-AnCora model (Straka and Straková, ÚFAL, CC BY-NC-SA 4.0); rests on 'hijos' → 'בְּנֵ֣י'
23:43	21	la				expands	supplied-article-spa	safe	0.752	approved	0				article the original does not write, read as one by UDPipe's Spanish-AnCora model (Straka and Straková, ÚFAL, CC BY-NC-SA 4.0); rests on 'tierra' → 'אֶ֣רֶץ'
23:44	5	los				expands	supplied-article-spa	safe	0.7923	approved	0				article the original does not write, read as one by UDPipe's Spanish-AnCora model (Straka and Straková, ÚFAL, CC BY-NC-SA 4.0); rests on 'hijos' → 'בְּנֵ֖י'
24:2	3	los				expands	supplied-article-spa	safe	0.7923	approved	0				article the original does not write, read as one by UDPipe's Spanish-AnCora model (Straka and Straková, ÚFAL, CC BY-NC-SA 4.0); rests on 'hijos' → 'בְּנֵ֣י'
24:3	15	la				expands	supplied-article-spa	safe	0.7763	approved	0				article the original does not write, read as one by UDPipe's Spanish-AnCora model (Straka and Straková, ÚFAL, CC BY-NC-SA 4.0); rests on 'tarde' → 'עֶ֧רֶב'
24:3	18	la				expands	supplied-article-spa	safe	0.6637	approved	0				article the original does not write, read as one by UDPipe's Spanish-AnCora model (Straka and Straková, ÚFAL, CC BY-NC-SA 4.0); rests on 'mañana' → 'בֹּ֛קֶר'
24:8	15	los				expands	supplied-article-spa	safe	0.7923	approved	0				article the original does not write, read as one by UDPipe's Spanish-AnCora model (Straka and Straková, ÚFAL, CC BY-NC-SA 4.0); rests on 'hijos' → 'בְּנֵֽי'
24:9	14	el				expands	supplied-article-spa	safe	0.6353	approved	0				article the original does not write, read as one by UDPipe's Spanish-AnCora model (Straka and Straková, ÚFAL, CC BY-NC-SA 4.0); rests on 'lugar' → 'מָקֹ֣ום'
24:10	4	el				expands	supplied-article-spa	safe	0.7928	approved	0				article the original does not write, read as one by UDPipe's Spanish-AnCora model (Straka and Straková, ÚFAL, CC BY-NC-SA 4.0); rests on 'hijo' → 'בֶּן'
24:10	7	una				expands	supplied-indefinite-article-spa	safe	0.7929	approved	0				indefinite article, read as one by UDPipe's Spanish-AnCora model (Straka and Straková, ÚFAL, CC BY-NC-SA 4.0); rests on 'mujer' → 'אִשָּׁ֣ה'
24:10	15	un				expands	supplied-indefinite-article-spa	safe	0.8	approved	0				indefinite article, read as one by UDPipe's Spanish-AnCora model (Straka and Straková, ÚFAL, CC BY-NC-SA 4.0); rests on 'Egipcio' → 'מִצְרִ֔י'
24:10	19	los				expands	supplied-article-spa	safe	0.7923	approved	0				article the original does not write, read as one by UDPipe's Spanish-AnCora model (Straka and Straková, ÚFAL, CC BY-NC-SA 4.0); rests on 'hijos' → 'בְּנֵ֣י'
24:11	2	el				expands	supplied-article-spa	safe	0.7928	approved	0				article the original does not write, read as one by UDPipe's Spanish-AnCora model (Straka and Straková, ÚFAL, CC BY-NC-SA 4.0); rests on 'hijo' → 'בֶּן'
24:11	28	la				expands	supplied-article-spa	safe	0.6595	approved	0				article the original does not write, read as one by UDPipe's Spanish-AnCora model (Straka and Straková, ÚFAL, CC BY-NC-SA 4.0); rests on 'tribu' → 'מַטֵּה'
24:14	17	la				expands	supplied-article-spa	safe	0.7855	approved	0				article the original does not write, read as one by UDPipe's Spanish-AnCora model (Straka and Straková, ÚFAL, CC BY-NC-SA 4.0); rests on 'cabeza' → 'רֹאשֹׁ֑ו'
24:15	3	los				expands	supplied-article-spa	safe	0.7923	approved	0				article the original does not write, read as one by UDPipe's Spanish-AnCora model (Straka and Straková, ÚFAL, CC BY-NC-SA 4.0); rests on 'hijos' → 'בְּנֵ֥י'
24:16	5	el				expands	supplied-article-spa	safe	0.7864	approved	0				article the original does not write, read as one by UDPipe's Spanish-AnCora model (Straka and Straková, ÚFAL, CC BY-NC-SA 4.0); rests on 'nombre' → 'שֵׁם'
24:16	26	el				expands	supplied-article-spa	safe	0.7864	approved	0				article the original does not write, read as one by UDPipe's Spanish-AnCora model (Straka and Straková, ÚFAL, CC BY-NC-SA 4.0); rests on 'Nombre' → 'שֵׁ֖ם'
24:23	5	los				expands	supplied-article-spa	safe	0.7923	approved	0				article the original does not write, read as one by UDPipe's Spanish-AnCora model (Straka and Straková, ÚFAL, CC BY-NC-SA 4.0); rests on 'hijos' → 'בְּנֵ֣י'
24:23	22	los				expands	supplied-article-spa	safe	0.7923	approved	0				article the original does not write, read as one by UDPipe's Spanish-AnCora model (Straka and Straková, ÚFAL, CC BY-NC-SA 4.0); rests on 'hijos' → 'בְנֵֽי'
25:1	7	el				expands	supplied-article-spa	safe	0.7697	approved	0				article the original does not write, read as one by UDPipe's Spanish-AnCora model (Straka and Straková, ÚFAL, CC BY-NC-SA 4.0); rests on 'monte' → 'הַ֥ר'
25:2	3	los				expands	supplied-article-spa	safe	0.7923	approved	0				article the original does not write, read as one by UDPipe's Spanish-AnCora model (Straka and Straková, ÚFAL, CC BY-NC-SA 4.0); rests on 'hijos' → 'בְּנֵ֤י'
25:5	15	las				expands	supplied-article-spa	safe	0.7	approved	0				article the original does not write, read as one by UDPipe's Spanish-AnCora model (Straka and Straková, ÚFAL, CC BY-NC-SA 4.0); rests on 'uvas' → 'עִנְּבֵ֥י'
25:6	2	el				expands	supplied-article-spa	safe	0.7437	approved	0				article the original does not write, read as one by UDPipe's Spanish-AnCora model (Straka and Straková, ÚFAL, CC BY-NC-SA 4.0); rests on 'sábado' → 'שַׁבַּ֨ת'
25:8	17	los				expands	supplied-article-spa	safe	0.7849	approved	0				article the original does not write, read as one by UDPipe's Spanish-AnCora model (Straka and Straková, ÚFAL, CC BY-NC-SA 4.0); rests on 'días' → 'יְמֵי֙'
25:9	4	la				expands	supplied-article-spa	safe	0.7654	approved	0				article the original does not write, read as one by UDPipe's Spanish-AnCora model (Straka and Straková, ÚFAL, CC BY-NC-SA 4.0); rests on 'trompeta' → 'שֹׁופַ֤ר'
25:9	17	el				expands	supplied-article-spa	safe	0.7598	approved	0				article the original does not write, read as one by UDPipe's Spanish-AnCora model (Straka and Straková, ÚFAL, CC BY-NC-SA 4.0); rests on 'día' → 'יֹום֙'
25:9	24	la				expands	supplied-article-spa	safe	0.7654	approved	0				article the original does not write, read as one by UDPipe's Spanish-AnCora model (Straka and Straková, ÚFAL, CC BY-NC-SA 4.0); rests on 'trompeta' → 'שֹׁופָ֖ר'
25:10	3	el				expands	supplied-article-spa	safe	0.7675	approved	0				article the original does not write, read as one by UDPipe's Spanish-AnCora model (Straka and Straková, ÚFAL, CC BY-NC-SA 4.0); rests on 'año' → 'שְׁנַ֤ת'
25:11	1	El				expands	supplied-article-spa	safe	0.7675	approved	0				article the original does not write, read as one by UDPipe's Spanish-AnCora model (Straka and Straková, ÚFAL, CC BY-NC-SA 4.0); rests on 'año' → 'שְׁנַ֛ת'
25:11	4	los				expands	supplied-article-spa	safe	0.7901	approved	0				article the original does not write, read as one by UDPipe's Spanish-AnCora model (Straka and Straková, ÚFAL, CC BY-NC-SA 4.0); rests on 'años' → 'שָׁנָ֖ה'
25:15	5	los				expands	supplied-article-spa	safe	0.7901	approved	0				article the original does not write, read as one by UDPipe's Spanish-AnCora model (Straka and Straková, ÚFAL, CC BY-NC-SA 4.0); rests on 'años' → 'שָׁנִים֙'
25:15	18	los				expands	supplied-article-spa	safe	0.7901	approved	0				article the original does not write, read as one by UDPipe's Spanish-AnCora model (Straka and Straková, ÚFAL, CC BY-NC-SA 4.0); rests on 'años' → 'שְׁנֵֽי'
25:16	24	el				expands	supplied-article-spa	safe	0.7683	approved	0				article the original does not write, read as one by UDPipe's Spanish-AnCora model (Straka and Straková, ÚFAL, CC BY-NC-SA 4.0); rests on 'número' → 'מִסְפַּ֣ר'
25:24	5	la				expands	supplied-article-spa	safe	0.7523	approved	0				article the original does not write, read as one by UDPipe's Spanish-AnCora model (Straka and Straková, ÚFAL, CC BY-NC-SA 4.0); rests on 'tierra' → 'אֶ֣רֶץ'
25:27	3	los				expands	supplied-article-spa	safe	0.7901	approved	0				article the original does not write, read as one by UDPipe's Spanish-AnCora model (Straka and Straková, ÚFAL, CC BY-NC-SA 4.0); rests on 'años' → 'שְׁנֵ֣י'
25:28	26	el				expands	supplied-article-spa	safe	0.7675	approved	0				article the original does not write, read as one by UDPipe's Spanish-AnCora model (Straka and Straková, ÚFAL, CC BY-NC-SA 4.0); rests on 'año' → 'שְׁנַ֣ת'
25:29	2	el				expands	supplied-article-spa	safe	0.7227	approved	0				article the original does not write, read as one by UDPipe's Spanish-AnCora model (Straka and Straková, ÚFAL, CC BY-NC-SA 4.0); rests on 'varón' → 'אִ֗ישׁ'
25:29	18	el				expands	supplied-article-spa	safe	0.7675	approved	0				article the original does not write, read as one by UDPipe's Spanish-AnCora model (Straka and Straková, ÚFAL, CC BY-NC-SA 4.0); rests on 'año' → 'שְׁנַ֣ת'
25:30	8	un				expands	supplied-indefinite-article-spa	safe	0.7675	approved	0				indefinite article, read as one by UDPipe's Spanish-AnCora model (Straka and Straková, ÚFAL, CC BY-NC-SA 4.0); rests on 'año' → 'שָׁנָ֣ה'
25:31	2	las				expands	supplied-article-spa	safe	0.7856	approved	0				article the original does not write, read as one by UDPipe's Spanish-AnCora model (Straka and Straková, ÚFAL, CC BY-NC-SA 4.0); rests on 'casas' → 'בָתֵּ֣י'
25:32	15	las				expands	supplied-article-spa	safe	0.7856	approved	0				article the original does not write, read as one by UDPipe's Spanish-AnCora model (Straka and Straková, ÚFAL, CC BY-NC-SA 4.0); rests on 'casas' → 'בָּתֵּ֖י'
25:32	18	las				expands	supplied-article-spa	safe	0.7731	approved	0				article the original does not write, read as one by UDPipe's Spanish-AnCora model (Straka and Straková, ÚFAL, CC BY-NC-SA 4.0); rests on 'ciudades' → 'עָרֵ֣י'
25:33	10	la				expands	supplied-article-spa	safe	0.7916	approved	0				article the original does not write, read as one by UDPipe's Spanish-AnCora model (Straka and Straková, ÚFAL, CC BY-NC-SA 4.0); rests on 'casa' → 'בַּ֛יִת'
25:33	15	la				expands	supplied-article-spa	safe	0.7717	approved	0				article the original does not write, read as one by UDPipe's Spanish-AnCora model (Straka and Straková, ÚFAL, CC BY-NC-SA 4.0); rests on 'ciudad' → 'עִ֥יר'
25:33	25	las				expands	supplied-article-spa	safe	0.7856	approved	0				article the original does not write, read as one by UDPipe's Spanish-AnCora model (Straka and Straková, ÚFAL, CC BY-NC-SA 4.0); rests on 'casas' → 'בָתֵּ֞י'
25:33	34	la				expands	supplied-article-spa	safe	0.5864	approved	0				article the original does not write, read as one by UDPipe's Spanish-AnCora model (Straka and Straková, ÚFAL, CC BY-NC-SA 4.0); rests on 'posesión' → 'אֲחֻזָּתָ֔ם'
25:33	39	los				expands	supplied-article-spa	safe	0.7923	approved	0				article the original does not write, read as one by UDPipe's Spanish-AnCora model (Straka and Straková, ÚFAL, CC BY-NC-SA 4.0); rests on 'hijos' → 'בְּנֵ֥י'
25:38	9	la				expands	supplied-article-spa	safe	0.7523	approved	0				article the original does not write, read as one by UDPipe's Spanish-AnCora model (Straka and Straková, ÚFAL, CC BY-NC-SA 4.0); rests on 'tierra' → 'אֶ֣רֶץ'
25:38	15	la				expands	supplied-article-spa	safe	0.7523	approved	0				article the original does not write, read as one by UDPipe's Spanish-AnCora model (Straka and Straková, ÚFAL, CC BY-NC-SA 4.0); rests on 'tierra' → 'אֶ֣רֶץ'
25:40	8	el				expands	supplied-article-spa	safe	0.7675	approved	0				article the original does not write, read as one by UDPipe's Spanish-AnCora model (Straka and Straková, ÚFAL, CC BY-NC-SA 4.0); rests on 'año' → 'שְׁנַ֥ת'
25:41	17	la				expands	supplied-article-spa	safe	0.5864	approved	0				article the original does not write, read as one by UDPipe's Spanish-AnCora model (Straka and Straková, ÚFAL, CC BY-NC-SA 4.0); rests on 'posesión' → 'אֲחֻזַּ֥ת'
25:42	10	la				expands	supplied-article-spa	safe	0.7523	approved	0				article the original does not write, read as one by UDPipe's Spanish-AnCora model (Straka and Straková, ÚFAL, CC BY-NC-SA 4.0); rests on 'tierra' → 'אֶ֣רֶץ'
25:45	4	los				expands	supplied-article-spa	safe	0.7923	approved	0				article the original does not write, read as one by UDPipe's Spanish-AnCora model (Straka and Straková, ÚFAL, CC BY-NC-SA 4.0); rests on 'hijos' → 'בְּנֵ֨י'
25:46	2	los				expands	supplied-article-spa	safe	0.8	approved	0				article the original does not write, read as one by UDPipe's Spanish-AnCora model (Straka and Straková, ÚFAL, CC BY-NC-SA 4.0); rests on 'poseeréis' → 'רֶ֣שֶׁת'
25:46	27	los				expands	supplied-article-spa	safe	0.7923	approved	0				article the original does not write, read as one by UDPipe's Spanish-AnCora model (Straka and Straková, ÚFAL, CC BY-NC-SA 4.0); rests on 'hijos' → 'בְּנֵֽי'
25:47	3	el				expands	supplied-article-spa	safe	0.725	approved	0				article the original does not write, read as one by UDPipe's Spanish-AnCora model (Straka and Straková, ÚFAL, CC BY-NC-SA 4.0); rests on 'peregrino' → 'גֵּ֤ר'
25:47	35	la				expands	supplied-article-spa	safe	0.6705	approved	0				article the original does not write, read as one by UDPipe's Spanish-AnCora model (Straka and Straková, ÚFAL, CC BY-NC-SA 4.0); rests on 'familia' → 'מִשְׁפַּ֥חַת'
25:49	5	el				expands	supplied-article-spa	safe	0.7928	approved	0				article the original does not write, read as one by UDPipe's Spanish-AnCora model (Straka and Straková, ÚFAL, CC BY-NC-SA 4.0); rests on 'hijo' → 'בֶן'
25:50	9	el				expands	supplied-article-spa	safe	0.7675	approved	0				article the original does not write, read as one by UDPipe's Spanish-AnCora model (Straka and Straková, ÚFAL, CC BY-NC-SA 4.0); rests on 'año' → 'שְּׁנַת֙'
25:50	17	el				expands	supplied-article-spa	safe	0.7675	approved	0				article the original does not write, read as one by UDPipe's Spanish-AnCora model (Straka and Straková, ÚFAL, CC BY-NC-SA 4.0); rests on 'año' → 'שְׁנַ֣ת'
25:50	25	el				expands	supplied-article-spa	safe	0.8	approved	0				article the original does not write, read as one by UDPipe's Spanish-AnCora model (Straka and Straková, ÚFAL, CC BY-NC-SA 4.0); rests on 'dinero' → 'כֶּ֤סֶף'
25:50	34	los				expands	supplied-article-spa	safe	0.7901	approved	0				article the original does not write, read as one by UDPipe's Spanish-AnCora model (Straka and Straková, ÚFAL, CC BY-NC-SA 4.0); rests on 'años' → 'שָׁנִ֔ים'
25:55	5	los				expands	supplied-article-spa	safe	0.7923	approved	0				article the original does not write, read as one by UDPipe's Spanish-AnCora model (Straka and Straková, ÚFAL, CC BY-NC-SA 4.0); rests on 'hijos' → 'בְנֵֽי'
25:55	17	la				expands	supplied-article-spa	safe	0.7523	approved	0				article the original does not write, read as one by UDPipe's Spanish-AnCora model (Straka and Straková, ÚFAL, CC BY-NC-SA 4.0); rests on 'tierra' → 'אֶ֣רֶץ'
26:4	15	el				expands	supplied-article-spa	safe	0.7746	approved	0				article the original does not write, read as one by UDPipe's Spanish-AnCora model (Straka and Straková, ÚFAL, CC BY-NC-SA 4.0); rests on 'árbol' → 'עֵ֥ץ'
26:5	7	la				expands	supplied-article-spa	safe	0.8	approved	0				article the original does not write, read as one by UDPipe's Spanish-AnCora model (Straka and Straková, ÚFAL, CC BY-NC-SA 4.0); rests on 'vendimia' → 'בָּצִ֔יר'
26:5	10	la				expands	supplied-article-spa	safe	0.8	approved	0				article the original does not write, read as one by UDPipe's Spanish-AnCora model (Straka and Straková, ÚFAL, CC BY-NC-SA 4.0); rests on 'vendimia' → 'בָצִ֖יר'
26:5	14	la				expands	supplied-article-spa	safe	0.6714	approved	0				article the original does not write, read as one by UDPipe's Spanish-AnCora model (Straka and Straková, ÚFAL, CC BY-NC-SA 4.0); rests on 'sementera' → 'זָ֑רַע'
26:6	19	las				expands	supplied-article-spa	safe	0.7625	approved	0				article the original does not write, read as one by UDPipe's Spanish-AnCora model (Straka and Straková, ÚFAL, CC BY-NC-SA 4.0); rests on 'malas' → 'רָעָה֙'
26:6	31	la				expands	supplied-article-spa	safe	0.7713	approved	0				article the original does not write, read as one by UDPipe's Spanish-AnCora model (Straka and Straková, ÚFAL, CC BY-NC-SA 4.0); rests on 'espada' → 'חֶ֖רֶב'
26:13	9	la				expands	supplied-article-spa	safe	0.7516	approved	0				article the original does not write, read as one by UDPipe's Spanish-AnCora model (Straka and Straková, ÚFAL, CC BY-NC-SA 4.0); rests on 'tierra' → 'אֶ֣רֶץ'
26:16	16	los				expands	supplied-article-spa	safe	0.7877	approved	0				article the original does not write, read as one by UDPipe's Spanish-AnCora model (Straka and Straková, ÚFAL, CC BY-NC-SA 4.0); rests on 'ojos' → 'עֵינַ֖יִם'
26:19	3	la				expands	supplied-article-spa	safe	0.5545	approved	0				article the original does not write, read as one by UDPipe's Spanish-AnCora model (Straka and Straková, ÚFAL, CC BY-NC-SA 4.0); rests on 'soberbia' → 'גְּאֹ֣ון'
26:20	16	los				expands	supplied-article-spa	safe	0.7824	approved	0				article the original does not write, read as one by UDPipe's Spanish-AnCora model (Straka and Straková, ÚFAL, CC BY-NC-SA 4.0); rests on 'árboles' → 'עֵ֣ץ'
26:29	3	las				expands	supplied-article-spa	safe	0.8	approved	0				article the original does not write, read as one by UDPipe's Spanish-AnCora model (Straka and Straková, ÚFAL, CC BY-NC-SA 4.0); rests on 'carnes' → 'בְּשַׂ֣ר'
26:29	10	las				expands	supplied-article-spa	safe	0.8	approved	0				article the original does not write, read as one by UDPipe's Spanish-AnCora model (Straka and Straková, ÚFAL, CC BY-NC-SA 4.0); rests on 'carnes' → 'בְשַׂ֥ר'
26:30	15	los				expands	supplied-article-spa	safe	0.6125	approved	0				article the original does not write, read as one by UDPipe's Spanish-AnCora model (Straka and Straková, ÚFAL, CC BY-NC-SA 4.0); rests on 'cuerpos' → 'פִּגְרֵ֖י'
26:34	8	los				expands	supplied-article-spa	safe	0.7849	approved	0				article the original does not write, read as one by UDPipe's Spanish-AnCora model (Straka and Straková, ÚFAL, CC BY-NC-SA 4.0); rests on 'días' → 'יְמֵ֣י'
26:34	16	la				expands	supplied-article-spa	safe	0.7516	approved	0				article the original does not write, read as one by UDPipe's Spanish-AnCora model (Straka and Straková, ÚFAL, CC BY-NC-SA 4.0); rests on 'tierra' → 'אֶ֣רֶץ'
26:36	15	la				expands	supplied-article-spa	safe	0.7516	approved	0				article the original does not write, read as one by UDPipe's Spanish-AnCora model (Straka and Straková, ÚFAL, CC BY-NC-SA 4.0); rests on 'tierra' → 'אַרְצֹ֖ת'
26:36	21	el				expands	supplied-article-spa	safe	0.7471	approved	0				article the original does not write, read as one by UDPipe's Spanish-AnCora model (Straka and Straková, ÚFAL, CC BY-NC-SA 4.0); rests on 'sonido' → 'קֹ֚ול'
26:36	24	una				expands	supplied-indefinite-article-spa	safe	0.6773	approved	0				indefinite article, read as one by UDPipe's Spanish-AnCora model (Straka and Straková, ÚFAL, CC BY-NC-SA 4.0); rests on 'hoja' → 'עָלֶ֣ה'
26:38	7	la				expands	supplied-article-spa	safe	0.7516	approved	0				article the original does not write, read as one by UDPipe's Spanish-AnCora model (Straka and Straková, ÚFAL, CC BY-NC-SA 4.0); rests on 'tierra' → 'אֶ֖רֶץ'
26:39	9	las				expands	supplied-article-spa	safe	0.6781	approved	0				article the original does not write, read as one by UDPipe's Spanish-AnCora model (Straka and Straková, ÚFAL, CC BY-NC-SA 4.0); rests on 'tierras' → 'אַרְצֹ֖ת'
26:41	14	la				expands	supplied-article-spa	safe	0.7516	approved	0				article the original does not write, read as one by UDPipe's Spanish-AnCora model (Straka and Straková, ÚFAL, CC BY-NC-SA 4.0); rests on 'tierra' → 'אֶ֖רֶץ'
26:45	7	el				expands	supplied-article-spa	safe	0.7951	approved	0				article the original does not write, read as one by UDPipe's Spanish-AnCora model (Straka and Straková, ÚFAL, CC BY-NC-SA 4.0); rests on 'pacto' → 'בְּרִ֣ית'
26:45	14	la				expands	supplied-article-spa	safe	0.7516	approved	0				article the original does not write, read as one by UDPipe's Spanish-AnCora model (Straka and Straková, ÚFAL, CC BY-NC-SA 4.0); rests on 'tierra' → 'אֶ֨רֶץ'
26:45	19	los				expands	supplied-article-spa	safe	0.7877	approved	0				article the original does not write, read as one by UDPipe's Spanish-AnCora model (Straka and Straková, ÚFAL, CC BY-NC-SA 4.0); rests on 'ojos' → 'עֵינֵ֣י'
26:46	14	los				expands	supplied-article-spa	safe	0.7925	approved	0				article the original does not write, read as one by UDPipe's Spanish-AnCora model (Straka and Straková, ÚFAL, CC BY-NC-SA 4.0); rests on 'hijos' → 'בְּנֵ֣י'
26:46	19	el				expands	supplied-article-spa	safe	0.7697	approved	0				article the original does not write, read as one by UDPipe's Spanish-AnCora model (Straka and Straková, ÚFAL, CC BY-NC-SA 4.0); rests on 'monte' → 'הַ֥ר'
27:2	3	los				expands	supplied-article-spa	safe	0.7923	approved	0				article the original does not write, read as one by UDPipe's Spanish-AnCora model (Straka and Straková, ÚFAL, CC BY-NC-SA 4.0); rests on 'hijos' → 'בְּנֵ֤י'
27:2	20	las				expands	supplied-article-spa	safe	0.6176	approved	0				article the original does not write, read as one by UDPipe's Spanish-AnCora model (Straka and Straková, ÚFAL, CC BY-NC-SA 4.0); rests on 'personas' → 'נְפָשֹׁ֖ת'
27:3	18	el				expands	supplied-article-spa	safe	0.7882	approved	0				article the original does not write, read as one by UDPipe's Spanish-AnCora model (Straka and Straková, ÚFAL, CC BY-NC-SA 4.0); rests on 'siclo' → 'שֶׁ֥קֶל'
27:6	5	un				expands	supplied-indefinite-article-spa	safe	0.7858	approved	0				indefinite article, read as one by UDPipe's Spanish-AnCora model (Straka and Straková, ÚFAL, CC BY-NC-SA 4.0); rests on 'mes' → 'חֹ֗דֶשׁ'
27:10	17	un				expands	supplied-indefinite-article-spa	safe	0.6988	approved	0				indefinite article, read as one by UDPipe's Spanish-AnCora model (Straka and Straková, ÚFAL, CC BY-NC-SA 4.0); rests on 'animal' → 'בְּהֵמָה֙'
27:15	12	el				expands	supplied-article-spa	safe	0.7719	approved	0				article the original does not write, read as one by UDPipe's Spanish-AnCora model (Straka and Straková, ÚFAL, CC BY-NC-SA 4.0); rests on 'quinto' → 'חֲמִישִׁ֧ית'
27:17	7	el				expands	supplied-article-spa	safe	0.7661	approved	0				article the original does not write, read as one by UDPipe's Spanish-AnCora model (Straka and Straková, ÚFAL, CC BY-NC-SA 4.0); rests on 'año' → 'שְּׁנַ֥ת'
27:18	24	el				expands	supplied-article-spa	safe	0.7661	approved	0				article the original does not write, read as one by UDPipe's Spanish-AnCora model (Straka and Straková, ÚFAL, CC BY-NC-SA 4.0); rests on 'año' → 'שְׁנַ֣ת'
27:19	14	el				expands	supplied-article-spa	safe	0.7719	approved	0				article the original does not write, read as one by UDPipe's Spanish-AnCora model (Straka and Straková, ÚFAL, CC BY-NC-SA 4.0); rests on 'quinto' → 'חֲמִשִׁ֧ית'
27:21	17	la				expands	supplied-article-spa	safe	0.6147	approved	0				article the original does not write, read as one by UDPipe's Spanish-AnCora model (Straka and Straková, ÚFAL, CC BY-NC-SA 4.0); rests on 'posesión' → 'אֲחֻזָּתֹֽו'
27:23	13	el				expands	supplied-article-spa	safe	0.7661	approved	0				article the original does not write, read as one by UDPipe's Spanish-AnCora model (Straka and Straková, ÚFAL, CC BY-NC-SA 4.0); rests on 'año' → 'שְׁנַ֣ת'
27:24	2	el				expands	supplied-article-spa	safe	0.7661	approved	0				article the original does not write, read as one by UDPipe's Spanish-AnCora model (Straka and Straková, ÚFAL, CC BY-NC-SA 4.0); rests on 'año' → 'שְׁנַ֤ת'
27:26	2	el				expands	supplied-article-spa	safe	0.777	approved	0				article the original does not write, read as one by UDPipe's Spanish-AnCora model (Straka and Straková, ÚFAL, CC BY-NC-SA 4.0); rests on 'primogénito' → 'בְּכֹ֞ור'
27:26	5	los				expands	supplied-article-spa	safe	0.6216	approved	0				article the original does not write, read as one by UDPipe's Spanish-AnCora model (Straka and Straková, ÚFAL, CC BY-NC-SA 4.0); rests on 'animales' → 'בְהֵמָ֔ה'
27:30	10	la				expands	supplied-article-spa	safe	0.771	approved	0				article the original does not write, read as one by UDPipe's Spanish-AnCora model (Straka and Straková, ÚFAL, CC BY-NC-SA 4.0); rests on 'simiente' → 'זֶּ֤רַע'
27:34	11	los				expands	supplied-article-spa	safe	0.7923	approved	0				article the original does not write, read as one by UDPipe's Spanish-AnCora model (Straka and Straková, ÚFAL, CC BY-NC-SA 4.0); rests on 'hijos' → 'בְּנֵ֣י'
27:34	16	el				expands	supplied-article-spa	safe	0.7697	approved	0				article the original does not write, read as one by UDPipe's Spanish-AnCora model (Straka and Straková, ÚFAL, CC BY-NC-SA 4.0); rests on 'monte' → 'הַ֖ר'
