at	word	surface	target_at	target	target_surface	absence	rule	tier	confidence	verdict	review	corrected_at	corrected	corrected_surface	rationale
1:1	7	el				expands	supplied-article-spa	safe	0.775	approved	0				article the original does not write, read as one by UDPipe's Spanish-AnCora model (Straka and Straková, ÚFAL, CC BY-NC-SA 4.0); rests on 'desierto' → 'מִדְבַּ֥ר'
1:1	30	la				expands	supplied-article-spa	safe	0.752	approved	0				article the original does not write, read as one by UDPipe's Spanish-AnCora model (Straka and Straková, ÚFAL, CC BY-NC-SA 4.0); rests on 'tierra' → 'אֶ֥רֶץ'
1:2	9	los				expands	supplied-article-spa	safe	0.7923	approved	0				article the original does not write, read as one by UDPipe's Spanish-AnCora model (Straka and Straková, ÚFAL, CC BY-NC-SA 4.0); rests on 'hijos' → 'בְּנֵֽי'
1:2	17	las				expands	supplied-article-spa	safe	0.7844	approved	0				article the original does not write, read as one by UDPipe's Spanish-AnCora model (Straka and Straková, ÚFAL, CC BY-NC-SA 4.0); rests on 'casas' → 'בֵ֣ית'
1:2	26	los				expands	supplied-article-spa	safe	0.7864	approved	0				article the original does not write, read as one by UDPipe's Spanish-AnCora model (Straka and Straková, ÚFAL, CC BY-NC-SA 4.0); rests on 'nombres' → 'שֵׁמֹ֔ות'
1:4	14	la				expands	supplied-article-spa	safe	0.7913	approved	0				article the original does not write, read as one by UDPipe's Spanish-AnCora model (Straka and Straková, ÚFAL, CC BY-NC-SA 4.0); rests on 'casa' → 'בֵית'
1:5	4	los				expands	supplied-article-spa	safe	0.7864	approved	0				article the original does not write, read as one by UDPipe's Spanish-AnCora model (Straka and Straková, ÚFAL, CC BY-NC-SA 4.0); rests on 'nombres' → 'שְׁמֹ֣ות'
1:10	2	los				expands	supplied-article-spa	safe	0.7923	approved	0				article the original does not write, read as one by UDPipe's Spanish-AnCora model (Straka and Straková, ÚFAL, CC BY-NC-SA 4.0); rests on 'hijos' → 'בְנֵ֣י'
1:16	17	los				expands	supplied-article-spa	safe	0.68	approved	0				article the original does not write, read as one by UDPipe's Spanish-AnCora model (Straka and Straková, ÚFAL, CC BY-NC-SA 4.0); rests on 'millares' → 'אַלְפֵ֥י'
1:18	18	las				expands	supplied-article-spa	safe	0.7844	approved	0				article the original does not write, read as one by UDPipe's Spanish-AnCora model (Straka and Straková, ÚFAL, CC BY-NC-SA 4.0); rests on 'casas' → 'בֵ֣ית'
1:18	27	los				expands	supplied-article-spa	safe	0.7864	approved	0				article the original does not write, read as one by UDPipe's Spanish-AnCora model (Straka and Straková, ÚFAL, CC BY-NC-SA 4.0); rests on 'nombres' → 'שֵׁמֹ֗ות'
1:19	11	el				expands	supplied-article-spa	safe	0.775	approved	0				article the original does not write, read as one by UDPipe's Spanish-AnCora model (Straka and Straková, ÚFAL, CC BY-NC-SA 4.0); rests on 'desierto' → 'מִדְבַּ֥ר'
1:20	2	los				expands	supplied-article-spa	safe	0.7923	approved	0				article the original does not write, read as one by UDPipe's Spanish-AnCora model (Straka and Straková, ÚFAL, CC BY-NC-SA 4.0); rests on 'hijos' → 'בְנֵֽי'
1:20	16	las				expands	supplied-article-spa	safe	0.7844	approved	0				article the original does not write, read as one by UDPipe's Spanish-AnCora model (Straka and Straková, ÚFAL, CC BY-NC-SA 4.0); rests on 'casas' → 'בֵ֣ית'
1:20	26	los				expands	supplied-article-spa	safe	0.7864	approved	0				article the original does not write, read as one by UDPipe's Spanish-AnCora model (Straka and Straková, ÚFAL, CC BY-NC-SA 4.0); rests on 'nombres' → 'שֵׁמֹות֙'
1:21	1	Los				expands	supplied-article-spa	safe	0.7272	approved	0				article the original does not write, read as one by UDPipe's Spanish-AnCora model (Straka and Straková, ÚFAL, CC BY-NC-SA 4.0); rests on 'contados' → 'פְּקֻדֵיהֶ֖ם'
1:21	6	la				expands	supplied-article-spa	safe	0.6492	approved	0				article the original does not write, read as one by UDPipe's Spanish-AnCora model (Straka and Straková, ÚFAL, CC BY-NC-SA 4.0); rests on 'tribu' → 'מַטֵּ֣ה'
1:22	2	los				expands	supplied-article-spa	safe	0.7923	approved	0				article the original does not write, read as one by UDPipe's Spanish-AnCora model (Straka and Straková, ÚFAL, CC BY-NC-SA 4.0); rests on 'hijos' → 'בְנֵ֣י'
1:22	13	las				expands	supplied-article-spa	safe	0.7844	approved	0				article the original does not write, read as one by UDPipe's Spanish-AnCora model (Straka and Straková, ÚFAL, CC BY-NC-SA 4.0); rests on 'casas' → 'בֵ֣ית'
1:22	18	los				expands	supplied-article-spa	safe	0.7272	approved	0				article the original does not write, read as one by UDPipe's Spanish-AnCora model (Straka and Straková, ÚFAL, CC BY-NC-SA 4.0); rests on 'contados' → 'פְּקֻדָ֗יו'
1:22	27	los				expands	supplied-article-spa	safe	0.7864	approved	0				article the original does not write, read as one by UDPipe's Spanish-AnCora model (Straka and Straková, ÚFAL, CC BY-NC-SA 4.0); rests on 'nombres' → 'שֵׁמֹות֙'
1:23	1	Los				expands	supplied-article-spa	safe	0.7272	approved	0				article the original does not write, read as one by UDPipe's Spanish-AnCora model (Straka and Straková, ÚFAL, CC BY-NC-SA 4.0); rests on 'contados' → 'פְּקֻדֵיהֶ֖ם'
1:23	6	la				expands	supplied-article-spa	safe	0.6492	approved	0				article the original does not write, read as one by UDPipe's Spanish-AnCora model (Straka and Straková, ÚFAL, CC BY-NC-SA 4.0); rests on 'tribu' → 'מַטֵּ֣ה'
1:24	2	los				expands	supplied-article-spa	safe	0.7923	approved	0				article the original does not write, read as one by UDPipe's Spanish-AnCora model (Straka and Straková, ÚFAL, CC BY-NC-SA 4.0); rests on 'hijos' → 'בְנֵ֣י'
1:24	13	las				expands	supplied-article-spa	safe	0.7844	approved	0				article the original does not write, read as one by UDPipe's Spanish-AnCora model (Straka and Straková, ÚFAL, CC BY-NC-SA 4.0); rests on 'casas' → 'בֵ֣ית'
1:24	23	los				expands	supplied-article-spa	safe	0.7864	approved	0				article the original does not write, read as one by UDPipe's Spanish-AnCora model (Straka and Straková, ÚFAL, CC BY-NC-SA 4.0); rests on 'nombres' → 'שֵׁמֹ֗ות'
1:25	1	Los				expands	supplied-article-spa	safe	0.7272	approved	0				article the original does not write, read as one by UDPipe's Spanish-AnCora model (Straka and Straková, ÚFAL, CC BY-NC-SA 4.0); rests on 'contados' → 'פְּקֻדֵיהֶ֖ם'
1:25	6	la				expands	supplied-article-spa	safe	0.6492	approved	0				article the original does not write, read as one by UDPipe's Spanish-AnCora model (Straka and Straková, ÚFAL, CC BY-NC-SA 4.0); rests on 'tribu' → 'מַטֵּ֣ה'
1:26	2	los				expands	supplied-article-spa	safe	0.7923	approved	0				article the original does not write, read as one by UDPipe's Spanish-AnCora model (Straka and Straková, ÚFAL, CC BY-NC-SA 4.0); rests on 'hijos' → 'בְנֵ֣י'
1:26	13	las				expands	supplied-article-spa	safe	0.7844	approved	0				article the original does not write, read as one by UDPipe's Spanish-AnCora model (Straka and Straková, ÚFAL, CC BY-NC-SA 4.0); rests on 'casas' → 'בֵ֣ית'
1:26	23	los				expands	supplied-article-spa	safe	0.7864	approved	0				article the original does not write, read as one by UDPipe's Spanish-AnCora model (Straka and Straková, ÚFAL, CC BY-NC-SA 4.0); rests on 'nombres' → 'שֵׁמֹ֗ת'
1:27	1	Los				expands	supplied-article-spa	safe	0.7272	approved	0				article the original does not write, read as one by UDPipe's Spanish-AnCora model (Straka and Straková, ÚFAL, CC BY-NC-SA 4.0); rests on 'contados' → 'פְּקֻדֵיהֶ֖ם'
1:27	6	la				expands	supplied-article-spa	safe	0.6492	approved	0				article the original does not write, read as one by UDPipe's Spanish-AnCora model (Straka and Straková, ÚFAL, CC BY-NC-SA 4.0); rests on 'tribu' → 'מַטֵּ֣ה'
1:28	2	los				expands	supplied-article-spa	safe	0.7923	approved	0				article the original does not write, read as one by UDPipe's Spanish-AnCora model (Straka and Straková, ÚFAL, CC BY-NC-SA 4.0); rests on 'hijos' → 'בְנֵ֣י'
1:28	13	las				expands	supplied-article-spa	safe	0.7844	approved	0				article the original does not write, read as one by UDPipe's Spanish-AnCora model (Straka and Straková, ÚFAL, CC BY-NC-SA 4.0); rests on 'casas' → 'בֵ֣ית'
1:28	23	los				expands	supplied-article-spa	safe	0.7864	approved	0				article the original does not write, read as one by UDPipe's Spanish-AnCora model (Straka and Straková, ÚFAL, CC BY-NC-SA 4.0); rests on 'nombres' → 'שֵׁמֹ֗ת'
1:29	1	Los				expands	supplied-article-spa	safe	0.7272	approved	0				article the original does not write, read as one by UDPipe's Spanish-AnCora model (Straka and Straková, ÚFAL, CC BY-NC-SA 4.0); rests on 'contados' → 'פְּקֻדֵיהֶ֖ם'
1:29	6	la				expands	supplied-article-spa	safe	0.6492	approved	0				article the original does not write, read as one by UDPipe's Spanish-AnCora model (Straka and Straková, ÚFAL, CC BY-NC-SA 4.0); rests on 'tribu' → 'מַטֵּ֣ה'
1:30	2	los				expands	supplied-article-spa	safe	0.7923	approved	0				article the original does not write, read as one by UDPipe's Spanish-AnCora model (Straka and Straková, ÚFAL, CC BY-NC-SA 4.0); rests on 'hijos' → 'בְנֵ֣י'
1:30	13	las				expands	supplied-article-spa	safe	0.7844	approved	0				article the original does not write, read as one by UDPipe's Spanish-AnCora model (Straka and Straková, ÚFAL, CC BY-NC-SA 4.0); rests on 'casas' → 'בֵ֣ית'
1:31	1	Los				expands	supplied-article-spa	safe	0.7272	approved	0				article the original does not write, read as one by UDPipe's Spanish-AnCora model (Straka and Straková, ÚFAL, CC BY-NC-SA 4.0); rests on 'contados' → 'פְּקֻדֵיהֶ֖ם'
1:31	6	la				expands	supplied-article-spa	safe	0.6492	approved	0				article the original does not write, read as one by UDPipe's Spanish-AnCora model (Straka and Straková, ÚFAL, CC BY-NC-SA 4.0); rests on 'tribu' → 'מַטֵּ֣ה'
1:32	2	los				expands	supplied-article-spa	safe	0.7923	approved	0				article the original does not write, read as one by UDPipe's Spanish-AnCora model (Straka and Straková, ÚFAL, CC BY-NC-SA 4.0); rests on 'hijos' → 'בְנֵ֤י'
1:32	7	los				expands	supplied-article-spa	safe	0.7923	approved	0				article the original does not write, read as one by UDPipe's Spanish-AnCora model (Straka and Straková, ÚFAL, CC BY-NC-SA 4.0); rests on 'hijos' → 'בְנֵ֣י'
1:32	18	las				expands	supplied-article-spa	safe	0.7844	approved	0				article the original does not write, read as one by UDPipe's Spanish-AnCora model (Straka and Straková, ÚFAL, CC BY-NC-SA 4.0); rests on 'casas' → 'בֵ֣ית'
1:32	28	los				expands	supplied-article-spa	safe	0.7864	approved	0				article the original does not write, read as one by UDPipe's Spanish-AnCora model (Straka and Straková, ÚFAL, CC BY-NC-SA 4.0); rests on 'nombres' → 'שֵׁמֹ֗ת'
1:33	1	Los				expands	supplied-article-spa	safe	0.7272	approved	0				article the original does not write, read as one by UDPipe's Spanish-AnCora model (Straka and Straková, ÚFAL, CC BY-NC-SA 4.0); rests on 'contados' → 'פְּקֻדֵיהֶ֖ם'
1:33	6	la				expands	supplied-article-spa	safe	0.6492	approved	0				article the original does not write, read as one by UDPipe's Spanish-AnCora model (Straka and Straková, ÚFAL, CC BY-NC-SA 4.0); rests on 'tribu' → 'מַטֵּ֣ה'
1:34	2	los				expands	supplied-article-spa	safe	0.7923	approved	0				article the original does not write, read as one by UDPipe's Spanish-AnCora model (Straka and Straková, ÚFAL, CC BY-NC-SA 4.0); rests on 'hijos' → 'בְנֵ֣י'
1:34	13	las				expands	supplied-article-spa	safe	0.7844	approved	0				article the original does not write, read as one by UDPipe's Spanish-AnCora model (Straka and Straková, ÚFAL, CC BY-NC-SA 4.0); rests on 'casas' → 'בֵ֣ית'
1:34	23	los				expands	supplied-article-spa	safe	0.7864	approved	0				article the original does not write, read as one by UDPipe's Spanish-AnCora model (Straka and Straková, ÚFAL, CC BY-NC-SA 4.0); rests on 'nombres' → 'שֵׁמֹ֗ות'
1:35	1	Los				expands	supplied-article-spa	safe	0.7272	approved	0				article the original does not write, read as one by UDPipe's Spanish-AnCora model (Straka and Straková, ÚFAL, CC BY-NC-SA 4.0); rests on 'contados' → 'פְּקֻדֵיהֶ֖ם'
1:35	6	la				expands	supplied-article-spa	safe	0.6492	approved	0				article the original does not write, read as one by UDPipe's Spanish-AnCora model (Straka and Straková, ÚFAL, CC BY-NC-SA 4.0); rests on 'tribu' → 'מַטֵּ֣ה'
1:36	2	los				expands	supplied-article-spa	safe	0.7923	approved	0				article the original does not write, read as one by UDPipe's Spanish-AnCora model (Straka and Straková, ÚFAL, CC BY-NC-SA 4.0); rests on 'hijos' → 'בְנֵ֣י'
1:36	13	las				expands	supplied-article-spa	safe	0.7844	approved	0				article the original does not write, read as one by UDPipe's Spanish-AnCora model (Straka and Straková, ÚFAL, CC BY-NC-SA 4.0); rests on 'casas' → 'בֵ֣ית'
1:36	23	los				expands	supplied-article-spa	safe	0.7864	approved	0				article the original does not write, read as one by UDPipe's Spanish-AnCora model (Straka and Straková, ÚFAL, CC BY-NC-SA 4.0); rests on 'nombres' → 'שֵׁמֹ֗ת'
1:37	1	Los				expands	supplied-article-spa	safe	0.7272	approved	0				article the original does not write, read as one by UDPipe's Spanish-AnCora model (Straka and Straková, ÚFAL, CC BY-NC-SA 4.0); rests on 'contados' → 'פְּקֻדֵיהֶ֖ם'
1:37	6	la				expands	supplied-article-spa	safe	0.6492	approved	0				article the original does not write, read as one by UDPipe's Spanish-AnCora model (Straka and Straková, ÚFAL, CC BY-NC-SA 4.0); rests on 'tribu' → 'מַטֵּ֣ה'
1:38	2	los				expands	supplied-article-spa	safe	0.7923	approved	0				article the original does not write, read as one by UDPipe's Spanish-AnCora model (Straka and Straková, ÚFAL, CC BY-NC-SA 4.0); rests on 'hijos' → 'בְנֵ֣י'
1:38	13	las				expands	supplied-article-spa	safe	0.7844	approved	0				article the original does not write, read as one by UDPipe's Spanish-AnCora model (Straka and Straková, ÚFAL, CC BY-NC-SA 4.0); rests on 'casas' → 'בֵ֣ית'
1:38	23	los				expands	supplied-article-spa	safe	0.7864	approved	0				article the original does not write, read as one by UDPipe's Spanish-AnCora model (Straka and Straková, ÚFAL, CC BY-NC-SA 4.0); rests on 'nombres' → 'שֵׁמֹ֗ת'
1:39	1	Los				expands	supplied-article-spa	safe	0.7272	approved	0				article the original does not write, read as one by UDPipe's Spanish-AnCora model (Straka and Straková, ÚFAL, CC BY-NC-SA 4.0); rests on 'contados' → 'פְּקֻדֵיהֶ֖ם'
1:39	6	la				expands	supplied-article-spa	safe	0.6492	approved	0				article the original does not write, read as one by UDPipe's Spanish-AnCora model (Straka and Straková, ÚFAL, CC BY-NC-SA 4.0); rests on 'tribu' → 'מַטֵּ֣ה'
1:40	2	los				expands	supplied-article-spa	safe	0.7923	approved	0				article the original does not write, read as one by UDPipe's Spanish-AnCora model (Straka and Straková, ÚFAL, CC BY-NC-SA 4.0); rests on 'hijos' → 'בְנֵ֣י'
1:40	13	las				expands	supplied-article-spa	safe	0.7844	approved	0				article the original does not write, read as one by UDPipe's Spanish-AnCora model (Straka and Straková, ÚFAL, CC BY-NC-SA 4.0); rests on 'casas' → 'בֵ֣ית'
1:40	23	los				expands	supplied-article-spa	safe	0.7864	approved	0				article the original does not write, read as one by UDPipe's Spanish-AnCora model (Straka and Straková, ÚFAL, CC BY-NC-SA 4.0); rests on 'nombres' → 'שֵׁמֹ֗ת'
1:41	1	Los				expands	supplied-article-spa	safe	0.7272	approved	0				article the original does not write, read as one by UDPipe's Spanish-AnCora model (Straka and Straková, ÚFAL, CC BY-NC-SA 4.0); rests on 'contados' → 'פְּקֻדֵיהֶ֖ם'
1:41	6	la				expands	supplied-article-spa	safe	0.6492	approved	0				article the original does not write, read as one by UDPipe's Spanish-AnCora model (Straka and Straková, ÚFAL, CC BY-NC-SA 4.0); rests on 'tribu' → 'מַטֵּ֣ה'
1:42	2	los				expands	supplied-article-spa	safe	0.7923	approved	0				article the original does not write, read as one by UDPipe's Spanish-AnCora model (Straka and Straková, ÚFAL, CC BY-NC-SA 4.0); rests on 'hijos' → 'בְּנֵ֣י'
1:42	13	las				expands	supplied-article-spa	safe	0.7844	approved	0				article the original does not write, read as one by UDPipe's Spanish-AnCora model (Straka and Straková, ÚFAL, CC BY-NC-SA 4.0); rests on 'casas' → 'בֵ֣ית'
1:42	23	los				expands	supplied-article-spa	safe	0.7864	approved	0				article the original does not write, read as one by UDPipe's Spanish-AnCora model (Straka and Straková, ÚFAL, CC BY-NC-SA 4.0); rests on 'nombres' → 'שֵׁמֹ֗ת'
1:43	1	Los				expands	supplied-article-spa	safe	0.7272	approved	0				article the original does not write, read as one by UDPipe's Spanish-AnCora model (Straka and Straková, ÚFAL, CC BY-NC-SA 4.0); rests on 'contados' → 'פְּקֻדֵיהֶ֖ם'
1:43	6	la				expands	supplied-article-spa	safe	0.6492	approved	0				article the original does not write, read as one by UDPipe's Spanish-AnCora model (Straka and Straková, ÚFAL, CC BY-NC-SA 4.0); rests on 'tribu' → 'מַטֵּ֣ה'
1:45	4	los				expands	supplied-article-spa	safe	0.7272	approved	0				article the original does not write, read as one by UDPipe's Spanish-AnCora model (Straka and Straková, ÚFAL, CC BY-NC-SA 4.0); rests on 'contados' → 'פְּקוּדֵ֥י'
1:45	7	los				expands	supplied-article-spa	safe	0.7923	approved	0				article the original does not write, read as one by UDPipe's Spanish-AnCora model (Straka and Straková, ÚFAL, CC BY-NC-SA 4.0); rests on 'hijos' → 'בְנֵֽי'
1:45	12	las				expands	supplied-article-spa	safe	0.7844	approved	0				article the original does not write, read as one by UDPipe's Spanish-AnCora model (Straka and Straková, ÚFAL, CC BY-NC-SA 4.0); rests on 'casas' → 'בֵ֣ית'
1:47	10	la				expands	supplied-article-spa	safe	0.6492	approved	0				article the original does not write, read as one by UDPipe's Spanish-AnCora model (Straka and Straková, ÚFAL, CC BY-NC-SA 4.0); rests on 'tribu' → 'מַטֵּ֣ה'
1:49	4	la				expands	supplied-article-spa	safe	0.6492	approved	0				article the original does not write, read as one by UDPipe's Spanish-AnCora model (Straka and Straková, ÚFAL, CC BY-NC-SA 4.0); rests on 'tribu' → 'מַטֵּ֤ה'
1:49	15	los				expands	supplied-article-spa	safe	0.7923	approved	0				article the original does not write, read as one by UDPipe's Spanish-AnCora model (Straka and Straková, ÚFAL, CC BY-NC-SA 4.0); rests on 'hijos' → 'בְּנֵ֥י'
1:52	2	los				expands	supplied-article-spa	safe	0.7923	approved	0				article the original does not write, read as one by UDPipe's Spanish-AnCora model (Straka and Straková, ÚFAL, CC BY-NC-SA 4.0); rests on 'hijos' → 'בְּנֵ֣י'
1:53	20	los				expands	supplied-article-spa	safe	0.7923	approved	0				article the original does not write, read as one by UDPipe's Spanish-AnCora model (Straka and Straková, ÚFAL, CC BY-NC-SA 4.0); rests on 'hijos' → 'בְּנֵ֣י'
1:54	3	los				expands	supplied-article-spa	safe	0.7923	approved	0				article the original does not write, read as one by UDPipe's Spanish-AnCora model (Straka and Straková, ÚFAL, CC BY-NC-SA 4.0); rests on 'hijos' → 'בְּנֵ֣י'
2:2	1	Los				expands	supplied-article-spa	safe	0.7923	approved	0				article the original does not write, read as one by UDPipe's Spanish-AnCora model (Straka and Straková, ÚFAL, CC BY-NC-SA 4.0); rests on 'hijos' → 'בְּנֵ֣י'
2:2	16	las				expands	supplied-article-spa	safe	0.7856	approved	0				article the original does not write, read as one by UDPipe's Spanish-AnCora model (Straka and Straková, ÚFAL, CC BY-NC-SA 4.0); rests on 'casas' → 'בֵ֣ית'
2:3	20	los				expands	supplied-article-spa	safe	0.7923	approved	0				article the original does not write, read as one by UDPipe's Spanish-AnCora model (Straka and Straková, ÚFAL, CC BY-NC-SA 4.0); rests on 'hijos' → 'בְנֵ֣י'
2:4	4	los				expands	supplied-article-spa	safe	0.725	approved	0				article the original does not write, read as one by UDPipe's Spanish-AnCora model (Straka and Straková, ÚFAL, CC BY-NC-SA 4.0); rests on 'contados' → 'פְקֻדֵיהֶ֑ם'
2:5	7	la				expands	supplied-article-spa	safe	0.6545	approved	0				article the original does not write, read as one by UDPipe's Spanish-AnCora model (Straka and Straková, ÚFAL, CC BY-NC-SA 4.0); rests on 'tribu' → 'מַטֵּ֣ה'
2:5	15	los				expands	supplied-article-spa	safe	0.7923	approved	0				article the original does not write, read as one by UDPipe's Spanish-AnCora model (Straka and Straková, ÚFAL, CC BY-NC-SA 4.0); rests on 'hijos' → 'בְנֵ֣י'
2:7	2	la				expands	supplied-article-spa	safe	0.6545	approved	0				article the original does not write, read as one by UDPipe's Spanish-AnCora model (Straka and Straková, ÚFAL, CC BY-NC-SA 4.0); rests on 'tribu' → 'מַטֵּ֖ה'
2:7	10	los				expands	supplied-article-spa	safe	0.7923	approved	0				article the original does not write, read as one by UDPipe's Spanish-AnCora model (Straka and Straková, ÚFAL, CC BY-NC-SA 4.0); rests on 'hijos' → 'בְנֵ֣י'
2:10	16	los				expands	supplied-article-spa	safe	0.7923	approved	0				article the original does not write, read as one by UDPipe's Spanish-AnCora model (Straka and Straková, ÚFAL, CC BY-NC-SA 4.0); rests on 'hijos' → 'בְנֵ֣י'
2:12	8	la				expands	supplied-article-spa	safe	0.6545	approved	0				article the original does not write, read as one by UDPipe's Spanish-AnCora model (Straka and Straková, ÚFAL, CC BY-NC-SA 4.0); rests on 'tribu' → 'מַטֵּ֣ה'
2:12	16	los				expands	supplied-article-spa	safe	0.7923	approved	0				article the original does not write, read as one by UDPipe's Spanish-AnCora model (Straka and Straková, ÚFAL, CC BY-NC-SA 4.0); rests on 'hijos' → 'בְנֵ֣י'
2:13	5	los				expands	supplied-article-spa	safe	0.725	approved	0				article the original does not write, read as one by UDPipe's Spanish-AnCora model (Straka and Straková, ÚFAL, CC BY-NC-SA 4.0); rests on 'contados' → 'פְקֻדֵיהֶ֑ם'
2:14	2	la				expands	supplied-article-spa	safe	0.6545	approved	0				article the original does not write, read as one by UDPipe's Spanish-AnCora model (Straka and Straková, ÚFAL, CC BY-NC-SA 4.0); rests on 'tribu' → 'מַטֵּ֖ה'
2:14	10	los				expands	supplied-article-spa	safe	0.7923	approved	0				article the original does not write, read as one by UDPipe's Spanish-AnCora model (Straka and Straková, ÚFAL, CC BY-NC-SA 4.0); rests on 'hijos' → 'בְנֵ֣י'
2:15	5	los				expands	supplied-article-spa	safe	0.725	approved	0				article the original does not write, read as one by UDPipe's Spanish-AnCora model (Straka and Straková, ÚFAL, CC BY-NC-SA 4.0); rests on 'contados' → 'פְקֻדֵיהֶ֑ם'
2:16	21	los				expands	supplied-article-spa	safe	0.6661	approved	0				article the original does not write, read as one by UDPipe's Spanish-AnCora model (Straka and Straková, ÚFAL, CC BY-NC-SA 4.0); rests on 'segundos' → 'שְׁנִיִּ֖ם'
2:18	16	los				expands	supplied-article-spa	safe	0.7923	approved	0				article the original does not write, read as one by UDPipe's Spanish-AnCora model (Straka and Straková, ÚFAL, CC BY-NC-SA 4.0); rests on 'hijos' → 'בְנֵ֣י'
2:19	5	los				expands	supplied-article-spa	safe	0.725	approved	0				article the original does not write, read as one by UDPipe's Spanish-AnCora model (Straka and Straková, ÚFAL, CC BY-NC-SA 4.0); rests on 'contados' → 'פְקֻדֵיהֶ֑ם'
2:20	5	la				expands	supplied-article-spa	safe	0.6545	approved	0				article the original does not write, read as one by UDPipe's Spanish-AnCora model (Straka and Straková, ÚFAL, CC BY-NC-SA 4.0); rests on 'tribu' → 'מַטֵּ֣ה'
2:20	13	los				expands	supplied-article-spa	safe	0.7923	approved	0				article the original does not write, read as one by UDPipe's Spanish-AnCora model (Straka and Straková, ÚFAL, CC BY-NC-SA 4.0); rests on 'hijos' → 'בְנֵ֣י'
2:21	5	los				expands	supplied-article-spa	safe	0.725	approved	0				article the original does not write, read as one by UDPipe's Spanish-AnCora model (Straka and Straková, ÚFAL, CC BY-NC-SA 4.0); rests on 'contados' → 'פְקֻדֵיהֶ֑ם'
2:22	2	la				expands	supplied-article-spa	safe	0.6545	approved	0				article the original does not write, read as one by UDPipe's Spanish-AnCora model (Straka and Straková, ÚFAL, CC BY-NC-SA 4.0); rests on 'tribu' → 'מַטֵּ֖ה'
2:22	10	los				expands	supplied-article-spa	safe	0.7923	approved	0				article the original does not write, read as one by UDPipe's Spanish-AnCora model (Straka and Straková, ÚFAL, CC BY-NC-SA 4.0); rests on 'hijos' → 'בְנֵ֣י'
2:23	5	los				expands	supplied-article-spa	safe	0.725	approved	0				article the original does not write, read as one by UDPipe's Spanish-AnCora model (Straka and Straková, ÚFAL, CC BY-NC-SA 4.0); rests on 'contados' → 'פְקֻדֵיהֶ֑ם'
2:24	18	los				expands	supplied-article-spa	safe	0.7575	approved	0				article the original does not write, read as one by UDPipe's Spanish-AnCora model (Straka and Straková, ÚFAL, CC BY-NC-SA 4.0); rests on 'terceros' → 'שְׁלִשִׁ֖ים'
2:25	17	los				expands	supplied-article-spa	safe	0.7923	approved	0				article the original does not write, read as one by UDPipe's Spanish-AnCora model (Straka and Straková, ÚFAL, CC BY-NC-SA 4.0); rests on 'hijos' → 'בְנֵ֣י'
2:26	5	los				expands	supplied-article-spa	safe	0.725	approved	0				article the original does not write, read as one by UDPipe's Spanish-AnCora model (Straka and Straková, ÚFAL, CC BY-NC-SA 4.0); rests on 'contados' → 'פְקֻדֵיהֶ֑ם'
2:27	7	la				expands	supplied-article-spa	safe	0.6545	approved	0				article the original does not write, read as one by UDPipe's Spanish-AnCora model (Straka and Straková, ÚFAL, CC BY-NC-SA 4.0); rests on 'tribu' → 'מַטֵּ֣ה'
2:27	15	los				expands	supplied-article-spa	safe	0.7923	approved	0				article the original does not write, read as one by UDPipe's Spanish-AnCora model (Straka and Straková, ÚFAL, CC BY-NC-SA 4.0); rests on 'hijos' → 'בְנֵ֣י'
2:28	5	los				expands	supplied-article-spa	safe	0.725	approved	0				article the original does not write, read as one by UDPipe's Spanish-AnCora model (Straka and Straková, ÚFAL, CC BY-NC-SA 4.0); rests on 'contados' → 'פְקֻדֵיהֶ֑ם'
2:29	2	la				expands	supplied-article-spa	safe	0.6545	approved	0				article the original does not write, read as one by UDPipe's Spanish-AnCora model (Straka and Straková, ÚFAL, CC BY-NC-SA 4.0); rests on 'tribu' → 'מַטֵּ֖ה'
2:29	10	los				expands	supplied-article-spa	safe	0.7923	approved	0				article the original does not write, read as one by UDPipe's Spanish-AnCora model (Straka and Straková, ÚFAL, CC BY-NC-SA 4.0); rests on 'hijos' → 'בְנֵ֣י'
2:30	5	los				expands	supplied-article-spa	safe	0.725	approved	0				article the original does not write, read as one by UDPipe's Spanish-AnCora model (Straka and Straková, ÚFAL, CC BY-NC-SA 4.0); rests on 'contados' → 'פְקֻדֵיהֶ֑ם'
2:32	3	los				expands	supplied-article-spa	safe	0.725	approved	0				article the original does not write, read as one by UDPipe's Spanish-AnCora model (Straka and Straková, ÚFAL, CC BY-NC-SA 4.0); rests on 'contados' → 'פְּקוּדֵ֥י'
2:32	6	los				expands	supplied-article-spa	safe	0.7923	approved	0				article the original does not write, read as one by UDPipe's Spanish-AnCora model (Straka and Straková, ÚFAL, CC BY-NC-SA 4.0); rests on 'hijos' → 'בְנֵֽי'
2:32	11	las				expands	supplied-article-spa	safe	0.7856	approved	0				article the original does not write, read as one by UDPipe's Spanish-AnCora model (Straka and Straková, ÚFAL, CC BY-NC-SA 4.0); rests on 'casas' → 'בֵ֣ית'
2:32	17	los				expands	supplied-article-spa	safe	0.725	approved	0				article the original does not write, read as one by UDPipe's Spanish-AnCora model (Straka and Straková, ÚFAL, CC BY-NC-SA 4.0); rests on 'contados' → 'פְּקוּדֵ֤י'
2:33	8	los				expands	supplied-article-spa	safe	0.7923	approved	0				article the original does not write, read as one by UDPipe's Spanish-AnCora model (Straka and Straková, ÚFAL, CC BY-NC-SA 4.0); rests on 'hijos' → 'בְּנֵ֣י'
2:34	3	los				expands	supplied-article-spa	safe	0.7923	approved	0				article the original does not write, read as one by UDPipe's Spanish-AnCora model (Straka and Straková, ÚFAL, CC BY-NC-SA 4.0); rests on 'hijos' → 'בְּנֵ֣י'
2:34	33	las				expands	supplied-article-spa	safe	0.7856	approved	0				article the original does not write, read as one by UDPipe's Spanish-AnCora model (Straka and Straková, ÚFAL, CC BY-NC-SA 4.0); rests on 'casas' → 'בֵּ֥ית'
3:1	18	el				expands	supplied-article-spa	safe	0.7697	approved	0				article the original does not write, read as one by UDPipe's Spanish-AnCora model (Straka and Straková, ÚFAL, CC BY-NC-SA 4.0); rests on 'monte' → 'הַ֥ר'
3:2	4	los				expands	supplied-article-spa	safe	0.7882	approved	0				article the original does not write, read as one by UDPipe's Spanish-AnCora model (Straka and Straková, ÚFAL, CC BY-NC-SA 4.0); rests on 'nombres' → 'שְׁמֹ֥ות'
3:2	7	los				expands	supplied-article-spa	safe	0.7922	approved	0				article the original does not write, read as one by UDPipe's Spanish-AnCora model (Straka and Straková, ÚFAL, CC BY-NC-SA 4.0); rests on 'hijos' → 'בְּֽנֵי'
3:3	3	los				expands	supplied-article-spa	safe	0.7882	approved	0				article the original does not write, read as one by UDPipe's Spanish-AnCora model (Straka and Straková, ÚFAL, CC BY-NC-SA 4.0); rests on 'nombres' → 'שְׁמֹות֙'
3:3	6	los				expands	supplied-article-spa	safe	0.7922	approved	0				article the original does not write, read as one by UDPipe's Spanish-AnCora model (Straka and Straková, ÚFAL, CC BY-NC-SA 4.0); rests on 'hijos' → 'בְּנֵ֣י'
3:4	17	el				expands	supplied-article-spa	safe	0.775	approved	0				article the original does not write, read as one by UDPipe's Spanish-AnCora model (Straka and Straková, ÚFAL, CC BY-NC-SA 4.0); rests on 'desierto' → 'מִדְבַּ֣ר'
3:6	4	la				expands	supplied-article-spa	safe	0.6595	approved	0				article the original does not write, read as one by UDPipe's Spanish-AnCora model (Straka and Straková, ÚFAL, CC BY-NC-SA 4.0); rests on 'tribu' → 'מַטֵּ֣ה'
3:7	20	el				expands	supplied-article-spa	safe	0.7325	approved	0				article the original does not write, read as one by UDPipe's Spanish-AnCora model (Straka and Straková, ÚFAL, CC BY-NC-SA 4.0); rests on 'ministerio' → 'עֲבֹדַ֥ת'
3:8	4	las				expands	supplied-article-spa	safe	0.8	approved	0				article the original does not write, read as one by UDPipe's Spanish-AnCora model (Straka and Straková, ÚFAL, CC BY-NC-SA 4.0); rests on 'alhajas' → 'כְּלֵי֙'
3:8	16	los				expands	supplied-article-spa	safe	0.7922	approved	0				article the original does not write, read as one by UDPipe's Spanish-AnCora model (Straka and Straková, ÚFAL, CC BY-NC-SA 4.0); rests on 'hijos' → 'בְּנֵ֣י'
3:8	23	el				expands	supplied-article-spa	safe	0.7182	approved	0				article the original does not write, read as one by UDPipe's Spanish-AnCora model (Straka and Straková, ÚFAL, CC BY-NC-SA 4.0); rests on 'servicio' → 'עֲבֹדַ֥ת'
3:9	17	los				expands	supplied-article-spa	safe	0.7922	approved	0				article the original does not write, read as one by UDPipe's Spanish-AnCora model (Straka and Straková, ÚFAL, CC BY-NC-SA 4.0); rests on 'hijos' → 'בְּנֵ֥י'
3:12	11	los				expands	supplied-article-spa	safe	0.7922	approved	0				article the original does not write, read as one by UDPipe's Spanish-AnCora model (Straka and Straková, ÚFAL, CC BY-NC-SA 4.0); rests on 'hijos' → 'בְּנֵ֣י'
3:12	19	los				expands	supplied-article-spa	safe	0.75	approved	0				article the original does not write, read as one by UDPipe's Spanish-AnCora model (Straka and Straková, ÚFAL, CC BY-NC-SA 4.0); rests on 'primogénitos' → 'בְּכֹ֛ור'
3:12	26	los				expands	supplied-article-spa	safe	0.7922	approved	0				article the original does not write, read as one by UDPipe's Spanish-AnCora model (Straka and Straková, ÚFAL, CC BY-NC-SA 4.0); rests on 'hijos' → 'בְּנֵ֣י'
3:13	7	el				expands	supplied-article-spa	safe	0.7597	approved	0				article the original does not write, read as one by UDPipe's Spanish-AnCora model (Straka and Straková, ÚFAL, CC BY-NC-SA 4.0); rests on 'día' → 'יֹום֩'
3:13	13	los				expands	supplied-article-spa	safe	0.75	approved	0				article the original does not write, read as one by UDPipe's Spanish-AnCora model (Straka and Straková, ÚFAL, CC BY-NC-SA 4.0); rests on 'primogénitos' → 'בְּכֹ֜ור'
3:13	16	la				expands	supplied-article-spa	safe	0.752	approved	0				article the original does not write, read as one by UDPipe's Spanish-AnCora model (Straka and Straková, ÚFAL, CC BY-NC-SA 4.0); rests on 'tierra' → 'אֶ֣רֶץ'
3:13	25	los				expands	supplied-article-spa	safe	0.75	approved	0				article the original does not write, read as one by UDPipe's Spanish-AnCora model (Straka and Straková, ÚFAL, CC BY-NC-SA 4.0); rests on 'primogénitos' → 'בְּכֹור֙'
3:14	7	el				expands	supplied-article-spa	safe	0.775	approved	0				article the original does not write, read as one by UDPipe's Spanish-AnCora model (Straka and Straková, ÚFAL, CC BY-NC-SA 4.0); rests on 'desierto' → 'מִדְבַּ֥ר'
3:15	2	los				expands	supplied-article-spa	safe	0.7922	approved	0				article the original does not write, read as one by UDPipe's Spanish-AnCora model (Straka and Straková, ÚFAL, CC BY-NC-SA 4.0); rests on 'hijos' → 'בְּנֵ֣י'
3:15	7	las				expands	supplied-article-spa	safe	0.7857	approved	0				article the original does not write, read as one by UDPipe's Spanish-AnCora model (Straka and Straková, ÚFAL, CC BY-NC-SA 4.0); rests on 'casas' → 'בֵ֥ית'
3:15	20	un				expands	supplied-indefinite-article-spa	safe	0.7854	approved	0				indefinite article, read as one by UDPipe's Spanish-AnCora model (Straka and Straková, ÚFAL, CC BY-NC-SA 4.0); rests on 'mes' → 'חֹ֥דֶשׁ'
3:17	2	los				expands	supplied-article-spa	safe	0.7922	approved	0				article the original does not write, read as one by UDPipe's Spanish-AnCora model (Straka and Straková, ÚFAL, CC BY-NC-SA 4.0); rests on 'hijos' → 'בְנֵֽי'
3:18	2	los				expands	supplied-article-spa	safe	0.7882	approved	0				article the original does not write, read as one by UDPipe's Spanish-AnCora model (Straka and Straková, ÚFAL, CC BY-NC-SA 4.0); rests on 'nombres' → 'שְׁמֹ֥ות'
3:18	5	los				expands	supplied-article-spa	safe	0.7922	approved	0				article the original does not write, read as one by UDPipe's Spanish-AnCora model (Straka and Straková, ÚFAL, CC BY-NC-SA 4.0); rests on 'hijos' → 'בְּֽנֵי'
3:19	2	los				expands	supplied-article-spa	safe	0.7922	approved	0				article the original does not write, read as one by UDPipe's Spanish-AnCora model (Straka and Straková, ÚFAL, CC BY-NC-SA 4.0); rests on 'hijos' → 'בְנֵ֥י'
3:20	2	los				expands	supplied-article-spa	safe	0.7922	approved	0				article the original does not write, read as one by UDPipe's Spanish-AnCora model (Straka and Straková, ÚFAL, CC BY-NC-SA 4.0); rests on 'hijos' → 'בְנֵ֧י'
3:20	18	las				expands	supplied-article-spa	safe	0.7857	approved	0				article the original does not write, read as one by UDPipe's Spanish-AnCora model (Straka and Straková, ÚFAL, CC BY-NC-SA 4.0); rests on 'casas' → 'בֵ֥ית'
3:22	1	Los				expands	supplied-article-spa	safe	0.7389	approved	0				article the original does not write, read as one by UDPipe's Spanish-AnCora model (Straka and Straková, ÚFAL, CC BY-NC-SA 4.0); rests on 'contados' → 'פְּקֻדֵיהֶם֙'
3:22	14	un				expands	supplied-indefinite-article-spa	safe	0.7854	approved	0				indefinite article, read as one by UDPipe's Spanish-AnCora model (Straka and Straková, ÚFAL, CC BY-NC-SA 4.0); rests on 'mes' → 'חֹ֖דֶשׁ'
3:22	17	los				expands	supplied-article-spa	safe	0.7389	approved	0				article the original does not write, read as one by UDPipe's Spanish-AnCora model (Straka and Straková, ÚFAL, CC BY-NC-SA 4.0); rests on 'contados' → 'פְּקֻ֣דֵיהֶ֔ם'
3:24	2	el				expands	supplied-article-spa	safe	0.575	approved	0				article the original does not write, read as one by UDPipe's Spanish-AnCora model (Straka and Straková, ÚFAL, CC BY-NC-SA 4.0); rests on 'jefe' → 'נְשִׂ֥יא'
3:24	5	la				expands	supplied-article-spa	safe	0.7913	approved	0				article the original does not write, read as one by UDPipe's Spanish-AnCora model (Straka and Straková, ÚFAL, CC BY-NC-SA 4.0); rests on 'casa' → 'בֵֽית'
3:25	4	los				expands	supplied-article-spa	safe	0.7922	approved	0				article the original does not write, read as one by UDPipe's Spanish-AnCora model (Straka and Straková, ÚFAL, CC BY-NC-SA 4.0); rests on 'hijos' → 'בְּנֵֽי'
3:28	9	un				expands	supplied-indefinite-article-spa	safe	0.7854	approved	0				indefinite article, read as one by UDPipe's Spanish-AnCora model (Straka and Straková, ÚFAL, CC BY-NC-SA 4.0); rests on 'mes' → 'חֹ֖דֶשׁ'
3:28	19	la				expands	supplied-article-spa	safe	0.6435	approved	0				article the original does not write, read as one by UDPipe's Spanish-AnCora model (Straka and Straková, ÚFAL, CC BY-NC-SA 4.0); rests on 'guarda' → 'שֹׁמְרֵ֖י'
3:29	1	Las				expands	supplied-article-spa	safe	0.7011	approved	0				article the original does not write, read as one by UDPipe's Spanish-AnCora model (Straka and Straková, ÚFAL, CC BY-NC-SA 4.0); rests on 'familias' → 'מִשְׁפְּחֹ֥ת'
3:29	4	los				expands	supplied-article-spa	safe	0.7922	approved	0				article the original does not write, read as one by UDPipe's Spanish-AnCora model (Straka and Straková, ÚFAL, CC BY-NC-SA 4.0); rests on 'hijos' → 'בְּנֵי'
3:30	2	el				expands	supplied-article-spa	safe	0.575	approved	0				article the original does not write, read as one by UDPipe's Spanish-AnCora model (Straka and Straková, ÚFAL, CC BY-NC-SA 4.0); rests on 'jefe' → 'נְשִׂ֥יא'
3:30	5	la				expands	supplied-article-spa	safe	0.7913	approved	0				article the original does not write, read as one by UDPipe's Spanish-AnCora model (Straka and Straková, ÚFAL, CC BY-NC-SA 4.0); rests on 'casa' → 'בֵֽית'
3:31	19	los				expands	supplied-article-spa	safe	0.8	approved	0				article the original does not write, read as one by UDPipe's Spanish-AnCora model (Straka and Straková, ÚFAL, CC BY-NC-SA 4.0); rests on 'vasos' → 'כְלֵ֣י'
3:32	22	la				expands	supplied-article-spa	safe	0.6435	approved	0				article the original does not write, read as one by UDPipe's Spanish-AnCora model (Straka and Straková, ÚFAL, CC BY-NC-SA 4.0); rests on 'guarda' → 'שֹׁמְרֵ֖י'
3:33	12	las				expands	supplied-article-spa	safe	0.7011	approved	0				article the original does not write, read as one by UDPipe's Spanish-AnCora model (Straka and Straková, ÚFAL, CC BY-NC-SA 4.0); rests on 'familias' → 'מִשְׁפְּחֹ֥ת'
3:34	2	los				expands	supplied-article-spa	safe	0.7389	approved	0				article the original does not write, read as one by UDPipe's Spanish-AnCora model (Straka and Straková, ÚFAL, CC BY-NC-SA 4.0); rests on 'contados' → 'פְקֻדֵיהֶם֙'
3:34	15	un				expands	supplied-indefinite-article-spa	safe	0.7854	approved	0				indefinite article, read as one by UDPipe's Spanish-AnCora model (Straka and Straková, ÚFAL, CC BY-NC-SA 4.0); rests on 'mes' → 'חֹ֖דֶשׁ'
3:35	2	el				expands	supplied-article-spa	safe	0.575	approved	0				article the original does not write, read as one by UDPipe's Spanish-AnCora model (Straka and Straková, ÚFAL, CC BY-NC-SA 4.0); rests on 'jefe' → 'נְשִׂ֤יא'
3:35	5	la				expands	supplied-article-spa	safe	0.7913	approved	0				article the original does not write, read as one by UDPipe's Spanish-AnCora model (Straka and Straková, ÚFAL, CC BY-NC-SA 4.0); rests on 'casa' → 'בֵֽית'
3:35	10	las				expands	supplied-article-spa	safe	0.7011	approved	0				article the original does not write, read as one by UDPipe's Spanish-AnCora model (Straka and Straková, ÚFAL, CC BY-NC-SA 4.0); rests on 'familias' → 'מִשְׁפְּחֹ֣ת'
3:36	5	los				expands	supplied-article-spa	safe	0.7922	approved	0				article the original does not write, read as one by UDPipe's Spanish-AnCora model (Straka and Straková, ÚFAL, CC BY-NC-SA 4.0); rests on 'hijos' → 'בְּנֵ֣י'
3:37	2	las				expands	supplied-article-spa	safe	0.7887	approved	0				article the original does not write, read as one by UDPipe's Spanish-AnCora model (Straka and Straková, ÚFAL, CC BY-NC-SA 4.0); rests on 'columnas' → 'עַמֻּדֵ֧י'
3:38	25	la				expands	supplied-article-spa	safe	0.6435	approved	0				article the original does not write, read as one by UDPipe's Spanish-AnCora model (Straka and Straková, ÚFAL, CC BY-NC-SA 4.0); rests on 'guarda' → 'שֹֽׁמְרִים֙'
3:38	32	los				expands	supplied-article-spa	safe	0.7922	approved	0				article the original does not write, read as one by UDPipe's Spanish-AnCora model (Straka and Straková, ÚFAL, CC BY-NC-SA 4.0); rests on 'hijos' → 'בְּנֵ֣י'
3:39	25	un				expands	supplied-indefinite-article-spa	safe	0.7854	approved	0				indefinite article, read as one by UDPipe's Spanish-AnCora model (Straka and Straková, ÚFAL, CC BY-NC-SA 4.0); rests on 'mes' → 'חֹ֣דֶשׁ'
3:40	8	los				expands	supplied-article-spa	safe	0.75	approved	0				article the original does not write, read as one by UDPipe's Spanish-AnCora model (Straka and Straková, ÚFAL, CC BY-NC-SA 4.0); rests on 'primogénitos' → 'בְּכֹ֤ר'
3:40	12	los				expands	supplied-article-spa	safe	0.7922	approved	0				article the original does not write, read as one by UDPipe's Spanish-AnCora model (Straka and Straková, ÚFAL, CC BY-NC-SA 4.0); rests on 'hijos' → 'בְנֵ֣י'
3:40	17	un				expands	supplied-indefinite-article-spa	safe	0.7854	approved	0				indefinite article, read as one by UDPipe's Spanish-AnCora model (Straka and Straková, ÚFAL, CC BY-NC-SA 4.0); rests on 'mes' → 'חֹ֖דֶשׁ'
3:40	25	los				expands	supplied-article-spa	safe	0.7882	approved	0				article the original does not write, read as one by UDPipe's Spanish-AnCora model (Straka and Straková, ÚFAL, CC BY-NC-SA 4.0); rests on 'nombres' → 'שְׁמֹתָֽם'
3:41	13	los				expands	supplied-article-spa	safe	0.75	approved	0				article the original does not write, read as one by UDPipe's Spanish-AnCora model (Straka and Straková, ÚFAL, CC BY-NC-SA 4.0); rests on 'primogénitos' → 'בְּכֹ֖ר'
3:41	16	los				expands	supplied-article-spa	safe	0.7922	approved	0				article the original does not write, read as one by UDPipe's Spanish-AnCora model (Straka and Straková, ÚFAL, CC BY-NC-SA 4.0); rests on 'hijos' → 'בְנֵ֣י'
3:41	30	los				expands	supplied-article-spa	safe	0.75	approved	0				article the original does not write, read as one by UDPipe's Spanish-AnCora model (Straka and Straková, ÚFAL, CC BY-NC-SA 4.0); rests on 'primogénitos' → 'בְּכֹ֔ור'
3:41	33	los				expands	supplied-article-spa	safe	0.6184	approved	0				article the original does not write, read as one by UDPipe's Spanish-AnCora model (Straka and Straková, ÚFAL, CC BY-NC-SA 4.0); rests on 'animales' → 'בֶהֱמַ֖ת'
3:41	36	los				expands	supplied-article-spa	safe	0.7922	approved	0				article the original does not write, read as one by UDPipe's Spanish-AnCora model (Straka and Straková, ÚFAL, CC BY-NC-SA 4.0); rests on 'hijos' → 'בְּנֵ֥י'
3:42	9	los				expands	supplied-article-spa	safe	0.75	approved	0				article the original does not write, read as one by UDPipe's Spanish-AnCora model (Straka and Straková, ÚFAL, CC BY-NC-SA 4.0); rests on 'primogénitos' → 'בְּכֹ֖ר'
3:42	12	los				expands	supplied-article-spa	safe	0.7922	approved	0				article the original does not write, read as one by UDPipe's Spanish-AnCora model (Straka and Straková, ÚFAL, CC BY-NC-SA 4.0); rests on 'hijos' → 'בְנֵ֥י'
3:43	3	los				expands	supplied-article-spa	safe	0.75	approved	0				article the original does not write, read as one by UDPipe's Spanish-AnCora model (Straka and Straková, ÚFAL, CC BY-NC-SA 4.0); rests on 'primogénitos' → 'בְּכֹ֨ור'
3:43	11	los				expands	supplied-article-spa	safe	0.7882	approved	0				article the original does not write, read as one by UDPipe's Spanish-AnCora model (Straka and Straková, ÚFAL, CC BY-NC-SA 4.0); rests on 'nombres' → 'שֵׁמֹ֛ות'
3:43	14	un				expands	supplied-indefinite-article-spa	safe	0.7854	approved	0				indefinite article, read as one by UDPipe's Spanish-AnCora model (Straka and Straková, ÚFAL, CC BY-NC-SA 4.0); rests on 'mes' → 'חֹ֥דֶשׁ'
3:43	17	los				expands	supplied-article-spa	safe	0.7389	approved	0				article the original does not write, read as one by UDPipe's Spanish-AnCora model (Straka and Straková, ÚFAL, CC BY-NC-SA 4.0); rests on 'contados' → 'פְקֻדֵיהֶ֑ם'
3:45	8	los				expands	supplied-article-spa	safe	0.75	approved	0				article the original does not write, read as one by UDPipe's Spanish-AnCora model (Straka and Straková, ÚFAL, CC BY-NC-SA 4.0); rests on 'primogénitos' → 'בְּכֹור֙'
3:45	11	los				expands	supplied-article-spa	safe	0.7922	approved	0				article the original does not write, read as one by UDPipe's Spanish-AnCora model (Straka and Straková, ÚFAL, CC BY-NC-SA 4.0); rests on 'hijos' → 'בְנֵ֣י'
3:46	17	los				expands	supplied-article-spa	safe	0.75	approved	0				article the original does not write, read as one by UDPipe's Spanish-AnCora model (Straka and Straková, ÚFAL, CC BY-NC-SA 4.0); rests on 'primogénitos' → 'בְּכֹ֖ור'
3:46	20	los				expands	supplied-article-spa	safe	0.7922	approved	0				article the original does not write, read as one by UDPipe's Spanish-AnCora model (Straka and Straková, ÚFAL, CC BY-NC-SA 4.0); rests on 'hijos' → 'בְּנֵ֥י'
3:49	4	el				expands	supplied-article-spa	safe	0.8	approved	0				article the original does not write, read as one by UDPipe's Spanish-AnCora model (Straka and Straková, ÚFAL, CC BY-NC-SA 4.0); rests on 'dinero' → 'כֶּ֣סֶף'
3:50	4	los				expands	supplied-article-spa	safe	0.75	approved	0				article the original does not write, read as one by UDPipe's Spanish-AnCora model (Straka and Straková, ÚFAL, CC BY-NC-SA 4.0); rests on 'primogénitos' → 'בְּכֹ֛ור'
3:50	7	los				expands	supplied-article-spa	safe	0.7922	approved	0				article the original does not write, read as one by UDPipe's Spanish-AnCora model (Straka and Straková, ÚFAL, CC BY-NC-SA 4.0); rests on 'hijos' → 'בְּנֵ֥י'
3:51	4	el				expands	supplied-article-spa	safe	0.8	approved	0				article the original does not write, read as one by UDPipe's Spanish-AnCora model (Straka and Straková, ÚFAL, CC BY-NC-SA 4.0); rests on 'dinero' → 'כֶּ֧סֶף'
4:2	5	los				expands	supplied-article-spa	safe	0.7923	approved	0				article the original does not write, read as one by UDPipe's Spanish-AnCora model (Straka and Straková, ÚFAL, CC BY-NC-SA 4.0); rests on 'hijos' → 'בְּנֵ֣י'
4:2	11	los				expands	supplied-article-spa	safe	0.7923	approved	0				article the original does not write, read as one by UDPipe's Spanish-AnCora model (Straka and Straková, ÚFAL, CC BY-NC-SA 4.0); rests on 'hijos' → 'בְּנֵ֣י'
4:2	19	las				expands	supplied-article-spa	safe	0.7851	approved	0				article the original does not write, read as one by UDPipe's Spanish-AnCora model (Straka and Straková, ÚFAL, CC BY-NC-SA 4.0); rests on 'casas' → 'בֵ֥ית'
4:4	6	los				expands	supplied-article-spa	safe	0.7923	approved	0				article the original does not write, read as one by UDPipe's Spanish-AnCora model (Straka and Straková, ÚFAL, CC BY-NC-SA 4.0); rests on 'hijos' → 'בְּנֵי'
4:5	15	el				expands	supplied-article-spa	safe	0.65	approved	0				article the original does not write, read as one by UDPipe's Spanish-AnCora model (Straka and Straková, ÚFAL, CC BY-NC-SA 4.0); rests on 'velo' → 'פָּרֹ֣כֶת'
4:5	24	el				expands	supplied-article-spa	safe	0.748	approved	0				article the original does not write, read as one by UDPipe's Spanish-AnCora model (Straka and Straková, ÚFAL, CC BY-NC-SA 4.0); rests on 'arca' → 'אֲרֹ֥ן'
4:7	3	la				expands	supplied-article-spa	safe	0.7684	approved	0				article the original does not write, read as one by UDPipe's Spanish-AnCora model (Straka and Straková, ÚFAL, CC BY-NC-SA 4.0); rests on 'mesa' → 'שֻׁלְחַ֣ן'
4:7	30	el				expands	supplied-article-spa	safe	0.7683	approved	0				article the original does not write, read as one by UDPipe's Spanish-AnCora model (Straka and Straková, ÚFAL, CC BY-NC-SA 4.0); rests on 'pan' → 'לֶ֥חֶם'
4:9	8	el				expands	supplied-article-spa	safe	0.8	approved	0				article the original does not write, read as one by UDPipe's Spanish-AnCora model (Straka and Straková, ÚFAL, CC BY-NC-SA 4.0); rests on 'candelero' → 'מְנֹרַ֤ת'
4:11	3	el				expands	supplied-article-spa	safe	0.7947	approved	0				article the original does not write, read as one by UDPipe's Spanish-AnCora model (Straka and Straková, ÚFAL, CC BY-NC-SA 4.0); rests on 'altar' → 'מִזְבַּ֣ח'
4:12	4	los				expands	supplied-article-spa	safe	0.8	approved	0				article the original does not write, read as one by UDPipe's Spanish-AnCora model (Straka and Straková, ÚFAL, CC BY-NC-SA 4.0); rests on 'vasos' → 'כְּלֵ֨י'
4:14	22	los				expands	supplied-article-spa	safe	0.8	approved	0				article the original does not write, read as one by UDPipe's Spanish-AnCora model (Straka and Straková, ÚFAL, CC BY-NC-SA 4.0); rests on 'vasos' → 'כְּלֵ֣י'
4:14	40	las				expands	supplied-article-spa	safe	0.6538	approved	0				article the original does not write, read as one by UDPipe's Spanish-AnCora model (Straka and Straková, ÚFAL, CC BY-NC-SA 4.0); rests on 'varas' → 'בַדָּֽיו'
4:15	14	los				expands	supplied-article-spa	safe	0.8	approved	0				article the original does not write, read as one by UDPipe's Spanish-AnCora model (Straka and Straková, ÚFAL, CC BY-NC-SA 4.0); rests on 'vasos' → 'כְּלֵ֣י'
4:15	29	los				expands	supplied-article-spa	safe	0.7923	approved	0				article the original does not write, read as one by UDPipe's Spanish-AnCora model (Straka and Straková, ÚFAL, CC BY-NC-SA 4.0); rests on 'hijos' → 'בְנֵי'
4:15	47	los				expands	supplied-article-spa	safe	0.7923	approved	0				article the original does not write, read as one by UDPipe's Spanish-AnCora model (Straka and Straková, ÚFAL, CC BY-NC-SA 4.0); rests on 'hijos' → 'בְנֵֽי'
4:16	12	el				expands	supplied-article-spa	safe	0.7343	approved	0				article the original does not write, read as one by UDPipe's Spanish-AnCora model (Straka and Straková, ÚFAL, CC BY-NC-SA 4.0); rests on 'aceite' → 'שֶׁ֤מֶן'
4:16	18	el				expands	supplied-article-spa	safe	0.55	approved	0				article the original does not write, read as one by UDPipe's Spanish-AnCora model (Straka and Straková, ÚFAL, CC BY-NC-SA 4.0); rests on 'perfume' → 'קְטֹ֣רֶת'
4:16	22	el				expands	supplied-article-spa	safe	0.71	approved	0				article the original does not write, read as one by UDPipe's Spanish-AnCora model (Straka and Straková, ÚFAL, CC BY-NC-SA 4.0); rests on 'presente' → 'מִנְחַ֥ת'
4:16	26	el				expands	supplied-article-spa	safe	0.7343	approved	0				article the original does not write, read as one by UDPipe's Spanish-AnCora model (Straka and Straková, ÚFAL, CC BY-NC-SA 4.0); rests on 'aceite' → 'שֶׁ֣מֶן'
4:22	6	los				expands	supplied-article-spa	safe	0.7923	approved	0				article the original does not write, read as one by UDPipe's Spanish-AnCora model (Straka and Straková, ÚFAL, CC BY-NC-SA 4.0); rests on 'hijos' → 'בְּנֵ֥י'
4:22	11	las				expands	supplied-article-spa	safe	0.7851	approved	0				article the original does not write, read as one by UDPipe's Spanish-AnCora model (Straka and Straková, ÚFAL, CC BY-NC-SA 4.0); rests on 'casas' → 'בֵ֥ית'
4:25	2	las				expands	supplied-article-spa	safe	0.6463	approved	0				article the original does not write, read as one by UDPipe's Spanish-AnCora model (Straka and Straková, ÚFAL, CC BY-NC-SA 4.0); rests on 'cortinas' → 'יְרִיעֹ֤ת'
4:26	10	la				expands	supplied-article-spa	safe	0.6382	approved	0				article the original does not write, read as one by UDPipe's Spanish-AnCora model (Straka and Straková, ÚFAL, CC BY-NC-SA 4.0); rests on 'puerta' → 'שַׁ֣עַר'
4:26	29	los				expands	supplied-article-spa	safe	0.71	approved	0				article the original does not write, read as one by UDPipe's Spanish-AnCora model (Straka and Straková, ÚFAL, CC BY-NC-SA 4.0); rests on 'instrumentos' → 'כְּלֵ֖י'
4:27	12	el				expands	supplied-article-spa	safe	0.7308	approved	0				article the original does not write, read as one by UDPipe's Spanish-AnCora model (Straka and Straková, ÚFAL, CC BY-NC-SA 4.0); rests on 'ministerio' → 'עֲבֹדַת֙'
4:28	3	el				expands	supplied-article-spa	safe	0.7212	approved	0				article the original does not write, read as one by UDPipe's Spanish-AnCora model (Straka and Straková, ÚFAL, CC BY-NC-SA 4.0); rests on 'servicio' → 'עֲבֹדַ֗ת'
4:28	6	las				expands	supplied-article-spa	safe	0.6952	approved	0				article the original does not write, read as one by UDPipe's Spanish-AnCora model (Straka and Straková, ÚFAL, CC BY-NC-SA 4.0); rests on 'familias' → 'מִשְׁפְּחֹ֛ת'
4:28	25	la				expands	supplied-article-spa	safe	0.7635	approved	0				article the original does not write, read as one by UDPipe's Spanish-AnCora model (Straka and Straková, ÚFAL, CC BY-NC-SA 4.0); rests on 'mano' → 'יַד֙'
4:29	2	los				expands	supplied-article-spa	safe	0.7923	approved	0				article the original does not write, read as one by UDPipe's Spanish-AnCora model (Straka and Straková, ÚFAL, CC BY-NC-SA 4.0); rests on 'hijos' → 'בְּנֵ֖י'
4:29	10	las				expands	supplied-article-spa	safe	0.7851	approved	0				article the original does not write, read as one by UDPipe's Spanish-AnCora model (Straka and Straková, ÚFAL, CC BY-NC-SA 4.0); rests on 'casas' → 'בֵית'
4:32	2	las				expands	supplied-article-spa	safe	0.7887	approved	0				article the original does not write, read as one by UDPipe's Spanish-AnCora model (Straka and Straková, ÚFAL, CC BY-NC-SA 4.0); rests on 'columnas' → 'עַמּוּדֵי֩'
4:32	30	los				expands	supplied-article-spa	safe	0.8	approved	0				article the original does not write, read as one by UDPipe's Spanish-AnCora model (Straka and Straková, ÚFAL, CC BY-NC-SA 4.0); rests on 'vasos' → 'כְּלֵ֖י'
4:33	3	el				expands	supplied-article-spa	safe	0.7212	approved	0				article the original does not write, read as one by UDPipe's Spanish-AnCora model (Straka and Straková, ÚFAL, CC BY-NC-SA 4.0); rests on 'servicio' → 'עֲבֹדַ֗ת'
4:33	6	las				expands	supplied-article-spa	safe	0.6952	approved	0				article the original does not write, read as one by UDPipe's Spanish-AnCora model (Straka and Straková, ÚFAL, CC BY-NC-SA 4.0); rests on 'familias' → 'מִשְׁפְּחֹת֙'
4:33	9	los				expands	supplied-article-spa	safe	0.7923	approved	0				article the original does not write, read as one by UDPipe's Spanish-AnCora model (Straka and Straková, ÚFAL, CC BY-NC-SA 4.0); rests on 'hijos' → 'בְּנֵ֣י'
4:33	23	la				expands	supplied-article-spa	safe	0.7635	approved	0				article the original does not write, read as one by UDPipe's Spanish-AnCora model (Straka and Straková, ÚFAL, CC BY-NC-SA 4.0); rests on 'mano' → 'יַד֙'
4:34	21	las				expands	supplied-article-spa	safe	0.7851	approved	0				article the original does not write, read as one by UDPipe's Spanish-AnCora model (Straka and Straková, ÚFAL, CC BY-NC-SA 4.0); rests on 'casas' → 'בֵ֥ית'
4:36	3	los				expands	supplied-article-spa	safe	0.7331	approved	0				article the original does not write, read as one by UDPipe's Spanish-AnCora model (Straka and Straková, ÚFAL, CC BY-NC-SA 4.0); rests on 'contados' → 'פְקֻדֵיהֶ֖ם'
4:37	3	los				expands	supplied-article-spa	safe	0.7331	approved	0				article the original does not write, read as one by UDPipe's Spanish-AnCora model (Straka and Straková, ÚFAL, CC BY-NC-SA 4.0); rests on 'contados' → 'פְקוּדֵי֙'
4:38	2	los				expands	supplied-article-spa	safe	0.7331	approved	0				article the original does not write, read as one by UDPipe's Spanish-AnCora model (Straka and Straková, ÚFAL, CC BY-NC-SA 4.0); rests on 'contados' → 'פְקוּדֵ֖י'
4:38	5	los				expands	supplied-article-spa	safe	0.7923	approved	0				article the original does not write, read as one by UDPipe's Spanish-AnCora model (Straka and Straková, ÚFAL, CC BY-NC-SA 4.0); rests on 'hijos' → 'בְּנֵ֣י'
4:38	14	las				expands	supplied-article-spa	safe	0.7851	approved	0				article the original does not write, read as one by UDPipe's Spanish-AnCora model (Straka and Straková, ÚFAL, CC BY-NC-SA 4.0); rests on 'casas' → 'בֵ֥ית'
4:40	1	Los				expands	supplied-article-spa	safe	0.7331	approved	0				article the original does not write, read as one by UDPipe's Spanish-AnCora model (Straka and Straková, ÚFAL, CC BY-NC-SA 4.0); rests on 'contados' → 'פְּקֻ֣דֵיהֶ֔ם'
4:40	9	las				expands	supplied-article-spa	safe	0.7851	approved	0				article the original does not write, read as one by UDPipe's Spanish-AnCora model (Straka and Straková, ÚFAL, CC BY-NC-SA 4.0); rests on 'casas' → 'בֵ֣ית'
4:41	3	los				expands	supplied-article-spa	safe	0.7331	approved	0				article the original does not write, read as one by UDPipe's Spanish-AnCora model (Straka and Straková, ÚFAL, CC BY-NC-SA 4.0); rests on 'contados' → 'פְקוּדֵ֗י'
4:41	6	las				expands	supplied-article-spa	safe	0.6952	approved	0				article the original does not write, read as one by UDPipe's Spanish-AnCora model (Straka and Straková, ÚFAL, CC BY-NC-SA 4.0); rests on 'familias' → 'מִשְׁפְּחֹת֙'
4:41	9	los				expands	supplied-article-spa	safe	0.7923	approved	0				article the original does not write, read as one by UDPipe's Spanish-AnCora model (Straka and Straková, ÚFAL, CC BY-NC-SA 4.0); rests on 'hijos' → 'בְּנֵ֣י'
4:42	2	los				expands	supplied-article-spa	safe	0.7331	approved	0				article the original does not write, read as one by UDPipe's Spanish-AnCora model (Straka and Straková, ÚFAL, CC BY-NC-SA 4.0); rests on 'contados' → 'פְקוּדֵ֕י'
4:42	5	las				expands	supplied-article-spa	safe	0.6952	approved	0				article the original does not write, read as one by UDPipe's Spanish-AnCora model (Straka and Straková, ÚFAL, CC BY-NC-SA 4.0); rests on 'familias' → 'מִשְׁפְּחֹ֖ת'
4:42	8	los				expands	supplied-article-spa	safe	0.7923	approved	0				article the original does not write, read as one by UDPipe's Spanish-AnCora model (Straka and Straková, ÚFAL, CC BY-NC-SA 4.0); rests on 'hijos' → 'בְּנֵ֣י'
4:42	16	las				expands	supplied-article-spa	safe	0.7851	approved	0				article the original does not write, read as one by UDPipe's Spanish-AnCora model (Straka and Straková, ÚFAL, CC BY-NC-SA 4.0); rests on 'casas' → 'בֵ֥ית'
4:44	1	Los				expands	supplied-article-spa	safe	0.7331	approved	0				article the original does not write, read as one by UDPipe's Spanish-AnCora model (Straka and Straková, ÚFAL, CC BY-NC-SA 4.0); rests on 'contados' → 'פְקֻדֵיהֶ֖ם'
4:45	3	los				expands	supplied-article-spa	safe	0.7331	approved	0				article the original does not write, read as one by UDPipe's Spanish-AnCora model (Straka and Straková, ÚFAL, CC BY-NC-SA 4.0); rests on 'contados' → 'פְקוּדֵ֔י'
4:45	6	las				expands	supplied-article-spa	safe	0.6952	approved	0				article the original does not write, read as one by UDPipe's Spanish-AnCora model (Straka and Straková, ÚFAL, CC BY-NC-SA 4.0); rests on 'familias' → 'מִשְׁפְּחֹ֖ת'
4:45	9	los				expands	supplied-article-spa	safe	0.7923	approved	0				article the original does not write, read as one by UDPipe's Spanish-AnCora model (Straka and Straková, ÚFAL, CC BY-NC-SA 4.0); rests on 'hijos' → 'בְּנֵ֣י'
4:46	22	las				expands	supplied-article-spa	safe	0.7851	approved	0				article the original does not write, read as one by UDPipe's Spanish-AnCora model (Straka and Straková, ÚFAL, CC BY-NC-SA 4.0); rests on 'casas' → 'בֵ֥ית'
4:47	23	el				expands	supplied-article-spa	safe	0.7212	approved	0				article the original does not write, read as one by UDPipe's Spanish-AnCora model (Straka and Straková, ÚFAL, CC BY-NC-SA 4.0); rests on 'servicio' → 'עֲבֹדַ֧ת'
4:48	1	Los				expands	supplied-article-spa	safe	0.7331	approved	0				article the original does not write, read as one by UDPipe's Spanish-AnCora model (Straka and Straková, ÚFAL, CC BY-NC-SA 4.0); rests on 'contados' → 'פְּקֻדֵיהֶ֑ם'
5:2	3	los				expands	supplied-article-spa	safe	0.7923	approved	0				article the original does not write, read as one by UDPipe's Spanish-AnCora model (Straka and Straková, ÚFAL, CC BY-NC-SA 4.0); rests on 'hijos' → 'בְּנֵ֣י'
5:4	4	los				expands	supplied-article-spa	safe	0.7923	approved	0				article the original does not write, read as one by UDPipe's Spanish-AnCora model (Straka and Straková, ÚFAL, CC BY-NC-SA 4.0); rests on 'hijos' → 'בְּנֵ֣י'
5:4	22	los				expands	supplied-article-spa	safe	0.7923	approved	0				article the original does not write, read as one by UDPipe's Spanish-AnCora model (Straka and Straková, ÚFAL, CC BY-NC-SA 4.0); rests on 'hijos' → 'בְּנֵ֥י'
5:6	3	los				expands	supplied-article-spa	safe	0.7923	approved	0				article the original does not write, read as one by UDPipe's Spanish-AnCora model (Straka and Straková, ÚFAL, CC BY-NC-SA 4.0); rests on 'hijos' → 'בְּנֵ֣י'
5:6	10	la				expands	supplied-article-spa	safe	0.7927	approved	0				article the original does not write, read as one by UDPipe's Spanish-AnCora model (Straka and Straková, ÚFAL, CC BY-NC-SA 4.0); rests on 'mujer' → 'אִשָּׁ֗ה'
5:6	17	los				expands	supplied-article-spa	safe	0.6863	approved	0				article the original does not write, read as one by UDPipe's Spanish-AnCora model (Straka and Straková, ÚFAL, CC BY-NC-SA 4.0); rests on 'pecados' → 'חַטֹּ֣את'
5:9	10	los				expands	supplied-article-spa	safe	0.7923	approved	0				article the original does not write, read as one by UDPipe's Spanish-AnCora model (Straka and Straková, ÚFAL, CC BY-NC-SA 4.0); rests on 'hijos' → 'בְנֵי'
5:12	3	los				expands	supplied-article-spa	safe	0.7923	approved	0				article the original does not write, read as one by UDPipe's Spanish-AnCora model (Straka and Straková, ÚFAL, CC BY-NC-SA 4.0); rests on 'hijos' → 'בְּנֵ֣י'
5:12	10	la				expands	supplied-article-spa	safe	0.7927	approved	0				article the original does not write, read as one by UDPipe's Spanish-AnCora model (Straka and Straková, ÚFAL, CC BY-NC-SA 4.0); rests on 'mujer' → 'אִשְׁתֹּ֔ו'
5:17	9	un				expands	supplied-indefinite-article-spa	safe	0.6125	approved	0				indefinite article, read as one by UDPipe's Spanish-AnCora model (Straka and Straková, ÚFAL, CC BY-NC-SA 4.0); rests on 'vaso' → 'כְלִי'
5:18	16	la				expands	supplied-article-spa	safe	0.7855	approved	0				article the original does not write, read as one by UDPipe's Spanish-AnCora model (Straka and Straková, ÚFAL, CC BY-NC-SA 4.0); rests on 'cabeza' → 'רֹ֣אשׁ'
5:18	26	el				expands	supplied-article-spa	safe	0.7043	approved	0				article the original does not write, read as one by UDPipe's Spanish-AnCora model (Straka and Straková, ÚFAL, CC BY-NC-SA 4.0); rests on 'presente' → 'מִנְחַ֣ת'
5:18	33	el				expands	supplied-article-spa	safe	0.7043	approved	0				article the original does not write, read as one by UDPipe's Spanish-AnCora model (Straka and Straková, ÚFAL, CC BY-NC-SA 4.0); rests on 'presente' → 'מִנְחַ֥ת'
5:18	42	la				expands	supplied-article-spa	safe	0.7634	approved	0				article the original does not write, read as one by UDPipe's Spanish-AnCora model (Straka and Straková, ÚFAL, CC BY-NC-SA 4.0); rests on 'mano' → 'יַ֤ד'
5:25	6	la				expands	supplied-article-spa	safe	0.7634	approved	0				article the original does not write, read as one by UDPipe's Spanish-AnCora model (Straka and Straková, ÚFAL, CC BY-NC-SA 4.0); rests on 'mano' → 'יַּ֣ד'
5:25	11	el				expands	supplied-article-spa	safe	0.7043	approved	0				article the original does not write, read as one by UDPipe's Spanish-AnCora model (Straka and Straková, ÚFAL, CC BY-NC-SA 4.0); rests on 'presente' → 'מִנְחַ֣ת'
5:29	3	la				expands	supplied-article-spa	safe	0.7405	approved	0				article the original does not write, read as one by UDPipe's Spanish-AnCora model (Straka and Straková, ÚFAL, CC BY-NC-SA 4.0); rests on 'ley' → 'תֹּורַ֖ת'
5:29	9	la				expands	supplied-article-spa	safe	0.7927	approved	0				article the original does not write, read as one by UDPipe's Spanish-AnCora model (Straka and Straková, ÚFAL, CC BY-NC-SA 4.0); rests on 'mujer' → 'אִשָּׁ֛ה'
6:2	3	los				expands	supplied-article-spa	safe	0.7923	approved	0				article the original does not write, read as one by UDPipe's Spanish-AnCora model (Straka and Straková, ÚFAL, CC BY-NC-SA 4.0); rests on 'hijos' → 'בְּנֵ֣י'
6:2	12	la				expands	supplied-article-spa	safe	0.7929	approved	0				article the original does not write, read as one by UDPipe's Spanish-AnCora model (Straka and Straková, ÚFAL, CC BY-NC-SA 4.0); rests on 'mujer' → 'אִשָּׁ֗ה'
6:9	12	la				expands	supplied-article-spa	safe	0.7852	approved	0				article the original does not write, read as one by UDPipe's Spanish-AnCora model (Straka and Straková, ÚFAL, CC BY-NC-SA 4.0); rests on 'cabeza' → 'רֹ֣אשׁ'
6:9	19	el				expands	supplied-article-spa	safe	0.7596	approved	0				article the original does not write, read as one by UDPipe's Spanish-AnCora model (Straka and Straková, ÚFAL, CC BY-NC-SA 4.0); rests on 'día' → 'יֹ֣ום'
6:12	5	los				expands	supplied-article-spa	safe	0.7849	approved	0				article the original does not write, read as one by UDPipe's Spanish-AnCora model (Straka and Straková, ÚFAL, CC BY-NC-SA 4.0); rests on 'días' → 'יְמֵ֣י'
6:12	12	un				expands	supplied-indefinite-article-spa	safe	0.6246	approved	0				indefinite article, read as one by UDPipe's Spanish-AnCora model (Straka and Straková, ÚFAL, CC BY-NC-SA 4.0); rests on 'cordero' → 'כֶּ֥בֶשׂ'
6:12	15	un				expands	supplied-indefinite-article-spa	safe	0.7662	approved	0				indefinite article, read as one by UDPipe's Spanish-AnCora model (Straka and Straková, ÚFAL, CC BY-NC-SA 4.0); rests on 'año' → 'שְׁנָתֹ֖ו'
6:12	20	la				expands	supplied-article-spa	safe	0.656	approved	0				article the original does not write, read as one by UDPipe's Spanish-AnCora model (Straka and Straková, ÚFAL, CC BY-NC-SA 4.0); rests on 'culpa' → 'אָשָׁ֑ם'
6:13	4	la				expands	supplied-article-spa	safe	0.7403	approved	0				article the original does not write, read as one by UDPipe's Spanish-AnCora model (Straka and Straková, ÚFAL, CC BY-NC-SA 4.0); rests on 'ley' → 'תֹּורַ֖ת'
6:13	8	el				expands	supplied-article-spa	safe	0.7596	approved	0				article the original does not write, read as one by UDPipe's Spanish-AnCora model (Straka and Straková, ÚFAL, CC BY-NC-SA 4.0); rests on 'día' → 'יֹ֗ום'
6:15	2	un				expands	supplied-indefinite-article-spa	safe	0.725	approved	0				indefinite article, read as one by UDPipe's Spanish-AnCora model (Straka and Straková, ÚFAL, CC BY-NC-SA 4.0); rests on 'canastillo' → 'סַ֣ל'
6:17	12	el				expands	supplied-article-spa	safe	0.725	approved	0				article the original does not write, read as one by UDPipe's Spanish-AnCora model (Straka and Straková, ÚFAL, CC BY-NC-SA 4.0); rests on 'canastillo' → 'סַ֣ל'
6:18	12	la				expands	supplied-article-spa	safe	0.7852	approved	0				article the original does not write, read as one by UDPipe's Spanish-AnCora model (Straka and Straková, ÚFAL, CC BY-NC-SA 4.0); rests on 'cabeza' → 'רֹ֣אשׁ'
6:18	22	la				expands	supplied-article-spa	safe	0.7852	approved	0				article the original does not write, read as one by UDPipe's Spanish-AnCora model (Straka and Straková, ÚFAL, CC BY-NC-SA 4.0); rests on 'cabeza' → 'רֹ֣אשׁ'
6:20	25	la				expands	supplied-article-spa	safe	0.8	approved	0				article the original does not write, read as one by UDPipe's Spanish-AnCora model (Straka and Straková, ÚFAL, CC BY-NC-SA 4.0); rests on 'espaldilla' → 'שֹׁ֣וק'
6:21	3	la				expands	supplied-article-spa	safe	0.7403	approved	0				article the original does not write, read as one by UDPipe's Spanish-AnCora model (Straka and Straková, ÚFAL, CC BY-NC-SA 4.0); rests on 'ley' → 'תֹּורַ֣ת'
6:21	35	la				expands	supplied-article-spa	safe	0.7403	approved	0				article the original does not write, read as one by UDPipe's Spanish-AnCora model (Straka and Straková, ÚFAL, CC BY-NC-SA 4.0); rests on 'ley' → 'תֹּורַ֥ת'
6:23	13	los				expands	supplied-article-spa	safe	0.7923	approved	0				article the original does not write, read as one by UDPipe's Spanish-AnCora model (Straka and Straková, ÚFAL, CC BY-NC-SA 4.0); rests on 'hijos' → 'בְּנֵ֣י'
6:27	6	los				expands	supplied-article-spa	safe	0.7923	approved	0				article the original does not write, read as one by UDPipe's Spanish-AnCora model (Straka and Straková, ÚFAL, CC BY-NC-SA 4.0); rests on 'hijos' → 'בְּנֵ֣י'
7:2	6	las				expands	supplied-article-spa	safe	0.7585	approved	0				article the original does not write, read as one by UDPipe's Spanish-AnCora model (Straka and Straková, ÚFAL, CC BY-NC-SA 4.0); rests on 'cabezas' → 'רָאשֵׁ֖י'
7:2	9	las				expands	supplied-article-spa	safe	0.7858	approved	0				article the original does not write, read as one by UDPipe's Spanish-AnCora model (Straka and Straková, ÚFAL, CC BY-NC-SA 4.0); rests on 'casas' → 'בֵּ֣ית'
7:5	7	el				expands	supplied-article-spa	safe	0.7315	approved	0				article the original does not write, read as one by UDPipe's Spanish-AnCora model (Straka and Straková, ÚFAL, CC BY-NC-SA 4.0); rests on 'servicio' → 'עֲבֹדַ֖ת'
7:7	8	los				expands	supplied-article-spa	safe	0.7923	approved	0				article the original does not write, read as one by UDPipe's Spanish-AnCora model (Straka and Straková, ÚFAL, CC BY-NC-SA 4.0); rests on 'hijos' → 'בְנֵ֣י'
7:8	3	los				expands	supplied-article-spa	safe	0.7923	approved	0				article the original does not write, read as one by UDPipe's Spanish-AnCora model (Straka and Straková, ÚFAL, CC BY-NC-SA 4.0); rests on 'hijos' → 'בְנֵ֣י'
7:8	19	la				expands	supplied-article-spa	safe	0.7634	approved	0				article the original does not write, read as one by UDPipe's Spanish-AnCora model (Straka and Straková, ÚFAL, CC BY-NC-SA 4.0); rests on 'mano' → 'יַד֙'
7:9	3	los				expands	supplied-article-spa	safe	0.7923	approved	0				article the original does not write, read as one by UDPipe's Spanish-AnCora model (Straka and Straková, ÚFAL, CC BY-NC-SA 4.0); rests on 'hijos' → 'בְנֵ֥י'
7:9	16	el				expands	supplied-article-spa	safe	0.7315	approved	0				article the original does not write, read as one by UDPipe's Spanish-AnCora model (Straka and Straková, ÚFAL, CC BY-NC-SA 4.0); rests on 'servicio' → 'עֲבֹדַ֤ת'
7:10	10	el				expands	supplied-article-spa	safe	0.7591	approved	0				article the original does not write, read as one by UDPipe's Spanish-AnCora model (Straka and Straková, ÚFAL, CC BY-NC-SA 4.0); rests on 'día' → 'יֹ֖ום'
7:12	16	la				expands	supplied-article-spa	safe	0.6595	approved	0				article the original does not write, read as one by UDPipe's Spanish-AnCora model (Straka and Straková, ÚFAL, CC BY-NC-SA 4.0); rests on 'tribu' → 'מַטֵּ֥ה'
7:17	17	un				expands	supplied-indefinite-article-spa	safe	0.7634	approved	0				indefinite article, read as one by UDPipe's Spanish-AnCora model (Straka and Straková, ÚFAL, CC BY-NC-SA 4.0); rests on 'año' → 'שָׁנָ֖ה'
7:23	17	un				expands	supplied-indefinite-article-spa	safe	0.7634	approved	0				indefinite article, read as one by UDPipe's Spanish-AnCora model (Straka and Straková, ÚFAL, CC BY-NC-SA 4.0); rests on 'año' → 'שָׁנָ֖ה'
7:24	10	los				expands	supplied-article-spa	safe	0.7923	approved	0				article the original does not write, read as one by UDPipe's Spanish-AnCora model (Straka and Straková, ÚFAL, CC BY-NC-SA 4.0); rests on 'hijos' → 'בֶּן'
7:29	17	un				expands	supplied-indefinite-article-spa	safe	0.7634	approved	0				indefinite article, read as one by UDPipe's Spanish-AnCora model (Straka and Straková, ÚFAL, CC BY-NC-SA 4.0); rests on 'año' → 'שָׁנָ֖ה'
7:30	10	los				expands	supplied-article-spa	safe	0.7923	approved	0				article the original does not write, read as one by UDPipe's Spanish-AnCora model (Straka and Straková, ÚFAL, CC BY-NC-SA 4.0); rests on 'hijos' → 'בֶּן'
7:35	17	un				expands	supplied-indefinite-article-spa	safe	0.7634	approved	0				indefinite article, read as one by UDPipe's Spanish-AnCora model (Straka and Straková, ÚFAL, CC BY-NC-SA 4.0); rests on 'año' → 'שָׁנָ֖ה'
7:36	10	los				expands	supplied-article-spa	safe	0.7923	approved	0				article the original does not write, read as one by UDPipe's Spanish-AnCora model (Straka and Straková, ÚFAL, CC BY-NC-SA 4.0); rests on 'hijos' → 'בֶּן'
7:41	17	un				expands	supplied-indefinite-article-spa	safe	0.7634	approved	0				indefinite article, read as one by UDPipe's Spanish-AnCora model (Straka and Straková, ÚFAL, CC BY-NC-SA 4.0); rests on 'año' → 'שָׁנָ֖ה'
7:42	10	los				expands	supplied-article-spa	safe	0.7923	approved	0				article the original does not write, read as one by UDPipe's Spanish-AnCora model (Straka and Straková, ÚFAL, CC BY-NC-SA 4.0); rests on 'hijos' → 'בֶּן'
7:47	17	un				expands	supplied-indefinite-article-spa	safe	0.7634	approved	0				indefinite article, read as one by UDPipe's Spanish-AnCora model (Straka and Straková, ÚFAL, CC BY-NC-SA 4.0); rests on 'año' → 'שָׁנָ֖ה'
7:48	7	los				expands	supplied-article-spa	safe	0.7923	approved	0				article the original does not write, read as one by UDPipe's Spanish-AnCora model (Straka and Straková, ÚFAL, CC BY-NC-SA 4.0); rests on 'hijos' → 'בְנֵ֣י'
7:53	17	un				expands	supplied-indefinite-article-spa	safe	0.7634	approved	0				indefinite article, read as one by UDPipe's Spanish-AnCora model (Straka and Straková, ÚFAL, CC BY-NC-SA 4.0); rests on 'año' → 'שָׁנָ֖ה'
7:54	7	los				expands	supplied-article-spa	safe	0.7923	approved	0				article the original does not write, read as one by UDPipe's Spanish-AnCora model (Straka and Straková, ÚFAL, CC BY-NC-SA 4.0); rests on 'hijos' → 'בְנֵ֣י'
7:59	17	un				expands	supplied-indefinite-article-spa	safe	0.7634	approved	0				indefinite article, read as one by UDPipe's Spanish-AnCora model (Straka and Straková, ÚFAL, CC BY-NC-SA 4.0); rests on 'año' → 'שָׁנָ֖ה'
7:60	7	los				expands	supplied-article-spa	safe	0.7923	approved	0				article the original does not write, read as one by UDPipe's Spanish-AnCora model (Straka and Straková, ÚFAL, CC BY-NC-SA 4.0); rests on 'hijos' → 'בְנֵ֣י'
7:65	17	un				expands	supplied-indefinite-article-spa	safe	0.7634	approved	0				indefinite article, read as one by UDPipe's Spanish-AnCora model (Straka and Straková, ÚFAL, CC BY-NC-SA 4.0); rests on 'año' → 'שָׁנָ֖ה'
7:66	7	los				expands	supplied-article-spa	safe	0.7923	approved	0				article the original does not write, read as one by UDPipe's Spanish-AnCora model (Straka and Straková, ÚFAL, CC BY-NC-SA 4.0); rests on 'hijos' → 'בְנֵ֣י'
7:71	17	un				expands	supplied-indefinite-article-spa	safe	0.7634	approved	0				indefinite article, read as one by UDPipe's Spanish-AnCora model (Straka and Straková, ÚFAL, CC BY-NC-SA 4.0); rests on 'año' → 'שָׁנָ֖ה'
7:72	1	El				expands	supplied-article-spa	safe	0.7591	approved	0				article the original does not write, read as one by UDPipe's Spanish-AnCora model (Straka and Straková, ÚFAL, CC BY-NC-SA 4.0); rests on 'día' → 'יֹום֙'
7:72	7	los				expands	supplied-article-spa	safe	0.7923	approved	0				article the original does not write, read as one by UDPipe's Spanish-AnCora model (Straka and Straková, ÚFAL, CC BY-NC-SA 4.0); rests on 'hijos' → 'בְנֵ֣י'
7:77	17	un				expands	supplied-indefinite-article-spa	safe	0.7634	approved	0				indefinite article, read as one by UDPipe's Spanish-AnCora model (Straka and Straková, ÚFAL, CC BY-NC-SA 4.0); rests on 'año' → 'שָׁנָ֖ה'
7:78	1	El				expands	supplied-article-spa	safe	0.7591	approved	0				article the original does not write, read as one by UDPipe's Spanish-AnCora model (Straka and Straková, ÚFAL, CC BY-NC-SA 4.0); rests on 'día' → 'יֹום֙'
7:78	7	los				expands	supplied-article-spa	safe	0.7923	approved	0				article the original does not write, read as one by UDPipe's Spanish-AnCora model (Straka and Straková, ÚFAL, CC BY-NC-SA 4.0); rests on 'hijos' → 'בְנֵ֣י'
7:83	17	un				expands	supplied-indefinite-article-spa	safe	0.7634	approved	0				indefinite article, read as one by UDPipe's Spanish-AnCora model (Straka and Straková, ÚFAL, CC BY-NC-SA 4.0); rests on 'año' → 'שָׁנָ֖ה'
7:84	7	el				expands	supplied-article-spa	safe	0.7591	approved	0				article the original does not write, read as one by UDPipe's Spanish-AnCora model (Straka and Straková, ÚFAL, CC BY-NC-SA 4.0); rests on 'día' → 'יֹום֙'
7:85	13	la				expands	supplied-article-spa	safe	0.7946	approved	0				article the original does not write, read as one by UDPipe's Spanish-AnCora model (Straka and Straková, ÚFAL, CC BY-NC-SA 4.0); rests on 'plata' → 'כֶּ֣סֶף'
7:86	1	Las				expands	supplied-article-spa	safe	0.8	approved	0				article the original does not write, read as one by UDPipe's Spanish-AnCora model (Straka and Straková, ÚFAL, CC BY-NC-SA 4.0); rests on 'cucharas' → 'כַּפֹּ֨ות'
7:86	19	el				expands	supplied-article-spa	safe	0.7661	approved	0				article the original does not write, read as one by UDPipe's Spanish-AnCora model (Straka and Straková, ÚFAL, CC BY-NC-SA 4.0); rests on 'oro' → 'זְהַ֥ב'
7:87	9	los				expands	supplied-article-spa	safe	0.766	approved	0				article the original does not write, read as one by UDPipe's Spanish-AnCora model (Straka and Straková, ÚFAL, CC BY-NC-SA 4.0); rests on 'carneros' → 'אֵילִ֤ם'
7:87	12	los				expands	supplied-article-spa	safe	0.7018	approved	0				article the original does not write, read as one by UDPipe's Spanish-AnCora model (Straka and Straková, ÚFAL, CC BY-NC-SA 4.0); rests on 'corderos' → 'כְּבָשִׂ֧ים'
7:87	15	un				expands	supplied-indefinite-article-spa	safe	0.7634	approved	0				indefinite article, read as one by UDPipe's Spanish-AnCora model (Straka and Straková, ÚFAL, CC BY-NC-SA 4.0); rests on 'año' → 'שָׁנָ֛ה'
7:88	3	los				expands	supplied-article-spa	safe	0.6891	approved	0				article the original does not write, read as one by UDPipe's Spanish-AnCora model (Straka and Straková, ÚFAL, CC BY-NC-SA 4.0); rests on 'bueyes' → 'בְּקַ֣ר'
7:88	15	los				expands	supplied-article-spa	safe	0.766	approved	0				article the original does not write, read as one by UDPipe's Spanish-AnCora model (Straka and Straková, ÚFAL, CC BY-NC-SA 4.0); rests on 'carneros' → 'אֵילִ֤ם'
7:88	23	los				expands	supplied-article-spa	safe	0.7018	approved	0				article the original does not write, read as one by UDPipe's Spanish-AnCora model (Straka and Straková, ÚFAL, CC BY-NC-SA 4.0); rests on 'corderos' → 'כְּבָשִׂ֥ים'
7:88	26	un				expands	supplied-indefinite-article-spa	safe	0.7634	approved	0				indefinite article, read as one by UDPipe's Spanish-AnCora model (Straka and Straková, ÚFAL, CC BY-NC-SA 4.0); rests on 'año' → 'שָׁנָ֖ה'
7:89	28	el				expands	supplied-article-spa	safe	0.748	approved	0				article the original does not write, read as one by UDPipe's Spanish-AnCora model (Straka and Straková, ÚFAL, CC BY-NC-SA 4.0); rests on 'arca' → 'אֲרֹ֣ן'
8:6	7	los				expands	supplied-article-spa	safe	0.7923	approved	0				article the original does not write, read as one by UDPipe's Spanish-AnCora model (Straka and Straková, ÚFAL, CC BY-NC-SA 4.0); rests on 'hijos' → 'בְּנֵ֣י'
8:7	13	la				expands	supplied-article-spa	safe	0.6339	approved	0				article the original does not write, read as one by UDPipe's Spanish-AnCora model (Straka and Straková, ÚFAL, CC BY-NC-SA 4.0); rests on 'expiación' → 'חַטָּ֑את'
8:9	17	los				expands	supplied-article-spa	safe	0.7923	approved	0				article the original does not write, read as one by UDPipe's Spanish-AnCora model (Straka and Straková, ÚFAL, CC BY-NC-SA 4.0); rests on 'hijos' → 'בְּנֵ֥י'
8:10	12	los				expands	supplied-article-spa	safe	0.7923	approved	0				article the original does not write, read as one by UDPipe's Spanish-AnCora model (Straka and Straková, ÚFAL, CC BY-NC-SA 4.0); rests on 'hijos' → 'בְנֵי'
8:11	12	los				expands	supplied-article-spa	safe	0.7923	approved	0				article the original does not write, read as one by UDPipe's Spanish-AnCora model (Straka and Straková, ÚFAL, CC BY-NC-SA 4.0); rests on 'hijos' → 'בְּנֵ֣י'
8:11	19	el				expands	supplied-article-spa	safe	0.7375	approved	0				article the original does not write, read as one by UDPipe's Spanish-AnCora model (Straka and Straková, ÚFAL, CC BY-NC-SA 4.0); rests on 'ministerio' → 'עֲבֹדַ֥ת'
8:12	8	las				expands	supplied-article-spa	safe	0.7578	approved	0				article the original does not write, read as one by UDPipe's Spanish-AnCora model (Straka and Straková, ÚFAL, CC BY-NC-SA 4.0); rests on 'cabezas' → 'רֹ֣אשׁ'
8:14	7	los				expands	supplied-article-spa	safe	0.7923	approved	0				article the original does not write, read as one by UDPipe's Spanish-AnCora model (Straka and Straková, ÚFAL, CC BY-NC-SA 4.0); rests on 'hijos' → 'בְּנֵ֣י'
8:16	12	los				expands	supplied-article-spa	safe	0.7923	approved	0				article the original does not write, read as one by UDPipe's Spanish-AnCora model (Straka and Straková, ÚFAL, CC BY-NC-SA 4.0); rests on 'hijos' → 'בְּנֵ֣י'
8:16	31	los				expands	supplied-article-spa	safe	0.775	approved	0				article the original does not write, read as one by UDPipe's Spanish-AnCora model (Straka and Straková, ÚFAL, CC BY-NC-SA 4.0); rests on 'primogénitos' → 'בְּכֹ֥ור'
8:16	35	los				expands	supplied-article-spa	safe	0.7923	approved	0				article the original does not write, read as one by UDPipe's Spanish-AnCora model (Straka and Straková, ÚFAL, CC BY-NC-SA 4.0); rests on 'hijos' → 'בְּנֵ֣י'
8:17	7	los				expands	supplied-article-spa	safe	0.7923	approved	0				article the original does not write, read as one by UDPipe's Spanish-AnCora model (Straka and Straková, ÚFAL, CC BY-NC-SA 4.0); rests on 'hijos' → 'בְנֵ֣י'
8:17	18	el				expands	supplied-article-spa	safe	0.7597	approved	0				article the original does not write, read as one by UDPipe's Spanish-AnCora model (Straka and Straková, ÚFAL, CC BY-NC-SA 4.0); rests on 'día' → 'יֹ֗ום'
8:17	26	la				expands	supplied-article-spa	safe	0.752	approved	0				article the original does not write, read as one by UDPipe's Spanish-AnCora model (Straka and Straková, ÚFAL, CC BY-NC-SA 4.0); rests on 'tierra' → 'אֶ֣רֶץ'
8:18	10	los				expands	supplied-article-spa	safe	0.775	approved	0				article the original does not write, read as one by UDPipe's Spanish-AnCora model (Straka and Straková, ÚFAL, CC BY-NC-SA 4.0); rests on 'primogénitos' → 'בְּכֹ֖ור'
8:18	13	los				expands	supplied-article-spa	safe	0.7923	approved	0				article the original does not write, read as one by UDPipe's Spanish-AnCora model (Straka and Straková, ÚFAL, CC BY-NC-SA 4.0); rests on 'hijos' → 'בְנֵ֥י'
8:19	17	los				expands	supplied-article-spa	safe	0.7923	approved	0				article the original does not write, read as one by UDPipe's Spanish-AnCora model (Straka and Straková, ÚFAL, CC BY-NC-SA 4.0); rests on 'hijos' → 'בְּנֵ֣י'
8:19	24	el				expands	supplied-article-spa	safe	0.7375	approved	0				article the original does not write, read as one by UDPipe's Spanish-AnCora model (Straka and Straková, ÚFAL, CC BY-NC-SA 4.0); rests on 'ministerio' → 'עֲבֹדַ֤ת'
8:19	27	los				expands	supplied-article-spa	safe	0.7923	approved	0				article the original does not write, read as one by UDPipe's Spanish-AnCora model (Straka and Straková, ÚFAL, CC BY-NC-SA 4.0); rests on 'hijos' → 'בְּנֵֽי'
8:19	39	los				expands	supplied-article-spa	safe	0.7923	approved	0				article the original does not write, read as one by UDPipe's Spanish-AnCora model (Straka and Straková, ÚFAL, CC BY-NC-SA 4.0); rests on 'hijos' → 'בְּנֵ֣י'
8:19	48	los				expands	supplied-article-spa	safe	0.7923	approved	0				article the original does not write, read as one by UDPipe's Spanish-AnCora model (Straka and Straková, ÚFAL, CC BY-NC-SA 4.0); rests on 'hijos' → 'בְנֵ֤י'
8:19	53	los				expands	supplied-article-spa	safe	0.7923	approved	0				article the original does not write, read as one by UDPipe's Spanish-AnCora model (Straka and Straková, ÚFAL, CC BY-NC-SA 4.0); rests on 'hijos' → 'בְּנֵֽי'
8:20	10	los				expands	supplied-article-spa	safe	0.7923	approved	0				article the original does not write, read as one by UDPipe's Spanish-AnCora model (Straka and Straková, ÚFAL, CC BY-NC-SA 4.0); rests on 'hijos' → 'בְּנֵי'
8:20	36	los				expands	supplied-article-spa	safe	0.7923	approved	0				article the original does not write, read as one by UDPipe's Spanish-AnCora model (Straka and Straková, ÚFAL, CC BY-NC-SA 4.0); rests on 'hijos' → 'בְּנֵ֥י'
8:24	18	el				expands	supplied-article-spa	safe	0.7234	approved	0				article the original does not write, read as one by UDPipe's Spanish-AnCora model (Straka and Straková, ÚFAL, CC BY-NC-SA 4.0); rests on 'servicio' → 'עֲבֹדַ֖ת'
8:25	3	los				expands	supplied-article-spa	safe	0.7904	approved	0				article the original does not write, read as one by UDPipe's Spanish-AnCora model (Straka and Straková, ÚFAL, CC BY-NC-SA 4.0); rests on 'años' → 'שָׁנָ֔ה'
8:26	13	la				expands	supplied-article-spa	safe	0.6342	approved	0				article the original does not write, read as one by UDPipe's Spanish-AnCora model (Straka and Straková, ÚFAL, CC BY-NC-SA 4.0); rests on 'guarda' → 'שְׁמֹ֣ר'
8:26	20	el				expands	supplied-article-spa	safe	0.7375	approved	0				article the original does not write, read as one by UDPipe's Spanish-AnCora model (Straka and Straková, ÚFAL, CC BY-NC-SA 4.0); rests on 'ministerio' → 'עֲבֹדָ֖ה'
9:1	7	el				expands	supplied-article-spa	safe	0.775	approved	0				article the original does not write, read as one by UDPipe's Spanish-AnCora model (Straka and Straková, ÚFAL, CC BY-NC-SA 4.0); rests on 'desierto' → 'מִדְבַּר'
9:1	19	la				expands	supplied-article-spa	safe	0.752	approved	0				article the original does not write, read as one by UDPipe's Spanish-AnCora model (Straka and Straková, ÚFAL, CC BY-NC-SA 4.0); rests on 'tierra' → 'אֶ֧רֶץ'
9:2	1	Los				expands	supplied-article-spa	safe	0.7923	approved	0				article the original does not write, read as one by UDPipe's Spanish-AnCora model (Straka and Straková, ÚFAL, CC BY-NC-SA 4.0); rests on 'hijos' → 'בְנֵי'
9:3	1	El				expands	supplied-article-spa	safe	0.76	approved	0				article the original does not write, read as one by UDPipe's Spanish-AnCora model (Straka and Straková, ÚFAL, CC BY-NC-SA 4.0); rests on 'día' → 'יֹ֠ום'
9:4	5	los				expands	supplied-article-spa	safe	0.7923	approved	0				article the original does not write, read as one by UDPipe's Spanish-AnCora model (Straka and Straková, ÚFAL, CC BY-NC-SA 4.0); rests on 'hijos' → 'בְּנֵ֥י'
9:5	10	los				expands	supplied-article-spa	safe	0.7855	approved	0				article the original does not write, read as one by UDPipe's Spanish-AnCora model (Straka and Straková, ÚFAL, CC BY-NC-SA 4.0); rests on 'días' → 'יֹ֥ום'
9:5	20	el				expands	supplied-article-spa	safe	0.775	approved	0				article the original does not write, read as one by UDPipe's Spanish-AnCora model (Straka and Straková, ÚFAL, CC BY-NC-SA 4.0); rests on 'desierto' → 'מִדְבַּ֣ר'
9:5	36	los				expands	supplied-article-spa	safe	0.7923	approved	0				article the original does not write, read as one by UDPipe's Spanish-AnCora model (Straka and Straková, ÚFAL, CC BY-NC-SA 4.0); rests on 'hijos' → 'בְּנֵ֥י'
9:7	25	los				expands	supplied-article-spa	safe	0.7923	approved	0				article the original does not write, read as one by UDPipe's Spanish-AnCora model (Straka and Straková, ÚFAL, CC BY-NC-SA 4.0); rests on 'hijos' → 'בְּנֵ֥י'
9:10	3	los				expands	supplied-article-spa	safe	0.7923	approved	0				article the original does not write, read as one by UDPipe's Spanish-AnCora model (Straka and Straková, ÚFAL, CC BY-NC-SA 4.0); rests on 'hijos' → 'בְּנֵ֥י'
9:11	6	los				expands	supplied-article-spa	safe	0.7855	approved	0				article the original does not write, read as one by UDPipe's Spanish-AnCora model (Straka and Straková, ÚFAL, CC BY-NC-SA 4.0); rests on 'días' → 'יֹ֛ום'
9:12	6	la				expands	supplied-article-spa	safe	0.662	approved	0				article the original does not write, read as one by UDPipe's Spanish-AnCora model (Straka and Straková, ÚFAL, CC BY-NC-SA 4.0); rests on 'mañana' → 'בֹּ֔קֶר'
9:14	9	la				expands	supplied-article-spa	safe	0.789	approved	0				article the original does not write, read as one by UDPipe's Spanish-AnCora model (Straka and Straková, ÚFAL, CC BY-NC-SA 4.0); rests on 'pascua' → 'פֶ֨סַח֙'
9:14	35	el				expands	supplied-article-spa	safe	0.8	approved	0				article the original does not write, read as one by UDPipe's Spanish-AnCora model (Straka and Straková, ÚFAL, CC BY-NC-SA 4.0); rests on 'natural' → 'אֶזְרַ֥ח'
9:15	2	el				expands	supplied-article-spa	safe	0.76	approved	0				article the original does not write, read as one by UDPipe's Spanish-AnCora model (Straka and Straková, ÚFAL, CC BY-NC-SA 4.0); rests on 'día' → 'יֹום֙'
9:15	15	la				expands	supplied-article-spa	safe	0.7518	approved	0				article the original does not write, read as one by UDPipe's Spanish-AnCora model (Straka and Straková, ÚFAL, CC BY-NC-SA 4.0); rests on 'tienda' → 'אֹ֖הֶל'
9:15	33	la				expands	supplied-article-spa	safe	0.662	approved	0				article the original does not write, read as one by UDPipe's Spanish-AnCora model (Straka and Straková, ÚFAL, CC BY-NC-SA 4.0); rests on 'mañana' → 'בֹּֽקֶר'
9:17	10	los				expands	supplied-article-spa	safe	0.7923	approved	0				article the original does not write, read as one by UDPipe's Spanish-AnCora model (Straka and Straková, ÚFAL, CC BY-NC-SA 4.0); rests on 'hijos' → 'בְּנֵ֣י'
9:17	18	el				expands	supplied-article-spa	safe	0.6353	approved	0				article the original does not write, read as one by UDPipe's Spanish-AnCora model (Straka and Straková, ÚFAL, CC BY-NC-SA 4.0); rests on 'lugar' → 'מְקֹ֗ום'
9:17	26	los				expands	supplied-article-spa	safe	0.7923	approved	0				article the original does not write, read as one by UDPipe's Spanish-AnCora model (Straka and Straková, ÚFAL, CC BY-NC-SA 4.0); rests on 'hijos' → 'בְּנֵ֥י'
9:18	5	los				expands	supplied-article-spa	safe	0.7923	approved	0				article the original does not write, read as one by UDPipe's Spanish-AnCora model (Straka and Straková, ÚFAL, CC BY-NC-SA 4.0); rests on 'hijos' → 'בְּנֵ֣י'
9:18	20	los				expands	supplied-article-spa	safe	0.7855	approved	0				article the original does not write, read as one by UDPipe's Spanish-AnCora model (Straka and Straková, ÚFAL, CC BY-NC-SA 4.0); rests on 'días' → 'יְמֵ֗י'
9:19	13	los				expands	supplied-article-spa	safe	0.7923	approved	0				article the original does not write, read as one by UDPipe's Spanish-AnCora model (Straka and Straková, ÚFAL, CC BY-NC-SA 4.0); rests on 'hijos' → 'בְנֵי'
9:21	10	la				expands	supplied-article-spa	safe	0.776	approved	0				article the original does not write, read as one by UDPipe's Spanish-AnCora model (Straka and Straková, ÚFAL, CC BY-NC-SA 4.0); rests on 'tarde' → 'עֶ֣רֶב'
9:21	13	la				expands	supplied-article-spa	safe	0.662	approved	0				article the original does not write, read as one by UDPipe's Spanish-AnCora model (Straka and Straková, ÚFAL, CC BY-NC-SA 4.0); rests on 'mañana' → 'בֹּ֔קֶר'
9:21	33	la				expands	supplied-article-spa	safe	0.7367	approved	0				article the original does not write, read as one by UDPipe's Spanish-AnCora model (Straka and Straková, ÚFAL, CC BY-NC-SA 4.0); rests on 'noche' → 'לַ֔יְלָה'
9:22	6	un				expands	supplied-indefinite-article-spa	safe	0.7856	approved	0				indefinite article, read as one by UDPipe's Spanish-AnCora model (Straka and Straková, ÚFAL, CC BY-NC-SA 4.0); rests on 'mes' → 'חֹ֣דֶשׁ'
9:22	22	los				expands	supplied-article-spa	safe	0.7923	approved	0				article the original does not write, read as one by UDPipe's Spanish-AnCora model (Straka and Straková, ÚFAL, CC BY-NC-SA 4.0); rests on 'hijos' → 'בְנֵֽי'
10:4	14	las				expands	supplied-article-spa	safe	0.7585	approved	0				article the original does not write, read as one by UDPipe's Spanish-AnCora model (Straka and Straková, ÚFAL, CC BY-NC-SA 4.0); rests on 'cabezas' → 'רָאשֵׁ֖י'
10:4	17	los				expands	supplied-article-spa	safe	0.6875	approved	0				article the original does not write, read as one by UDPipe's Spanish-AnCora model (Straka and Straková, ÚFAL, CC BY-NC-SA 4.0); rests on 'millares' → 'אַלְפֵ֥י'
10:8	2	los				expands	supplied-article-spa	safe	0.7923	approved	0				article the original does not write, read as one by UDPipe's Spanish-AnCora model (Straka and Straková, ÚFAL, CC BY-NC-SA 4.0); rests on 'hijos' → 'בְנֵ֤י'
10:8	9	las				expands	supplied-article-spa	safe	0.7413	approved	0				article the original does not write, read as one by UDPipe's Spanish-AnCora model (Straka and Straková, ÚFAL, CC BY-NC-SA 4.0); rests on 'trompetas' → 'חֲצֹצְרֹ֑ות'
10:9	5	la				expands	supplied-article-spa	safe	0.6064	approved	0				article the original does not write, read as one by UDPipe's Spanish-AnCora model (Straka and Straková, ÚFAL, CC BY-NC-SA 4.0); rests on 'guerra' → 'מִלְחָמָ֜ה'
10:9	19	las				expands	supplied-article-spa	safe	0.7413	approved	0				article the original does not write, read as one by UDPipe's Spanish-AnCora model (Straka and Straková, ÚFAL, CC BY-NC-SA 4.0); rests on 'trompetas' → 'חֲצֹצְרֹ֑ות'
10:10	3	el				expands	supplied-article-spa	safe	0.7601	approved	0				article the original does not write, read as one by UDPipe's Spanish-AnCora model (Straka and Straková, ÚFAL, CC BY-NC-SA 4.0); rests on 'día' → 'יֹ֨ום'
10:10	20	las				expands	supplied-article-spa	safe	0.7413	approved	0				article the original does not write, read as one by UDPipe's Spanish-AnCora model (Straka and Straková, ÚFAL, CC BY-NC-SA 4.0); rests on 'trompetas' → 'חֲצֹֽצְרֹ֗ת'
10:10	27	los				expands	supplied-article-spa	safe	0.75	approved	0				article the original does not write, read as one by UDPipe's Spanish-AnCora model (Straka and Straková, ÚFAL, CC BY-NC-SA 4.0); rests on 'sacrificios' → 'זִבְחֵ֣י'
10:11	12	los				expands	supplied-article-spa	safe	0.7899	approved	0				article the original does not write, read as one by UDPipe's Spanish-AnCora model (Straka and Straková, ÚFAL, CC BY-NC-SA 4.0); rests on 'veinte' → 'עֶשְׂרִ֣ים'
10:12	3	los				expands	supplied-article-spa	safe	0.7923	approved	0				article the original does not write, read as one by UDPipe's Spanish-AnCora model (Straka and Straková, ÚFAL, CC BY-NC-SA 4.0); rests on 'hijos' → 'בְנֵֽי'
10:12	19	el				expands	supplied-article-spa	safe	0.775	approved	0				article the original does not write, read as one by UDPipe's Spanish-AnCora model (Straka and Straková, ÚFAL, CC BY-NC-SA 4.0); rests on 'desierto' → 'מִדְבַּ֥ר'
10:14	7	los				expands	supplied-article-spa	safe	0.7923	approved	0				article the original does not write, read as one by UDPipe's Spanish-AnCora model (Straka and Straková, ÚFAL, CC BY-NC-SA 4.0); rests on 'hijos' → 'בְנֵֽי'
10:15	6	la				expands	supplied-article-spa	safe	0.6545	approved	0				article the original does not write, read as one by UDPipe's Spanish-AnCora model (Straka and Straková, ÚFAL, CC BY-NC-SA 4.0); rests on 'tribu' → 'מַטֵּ֖ה'
10:15	9	los				expands	supplied-article-spa	safe	0.7923	approved	0				article the original does not write, read as one by UDPipe's Spanish-AnCora model (Straka and Straková, ÚFAL, CC BY-NC-SA 4.0); rests on 'hijos' → 'בְּנֵ֣י'
10:16	6	la				expands	supplied-article-spa	safe	0.6545	approved	0				article the original does not write, read as one by UDPipe's Spanish-AnCora model (Straka and Straková, ÚFAL, CC BY-NC-SA 4.0); rests on 'tribu' → 'מַטֵּ֖ה'
10:16	9	los				expands	supplied-article-spa	safe	0.7923	approved	0				article the original does not write, read as one by UDPipe's Spanish-AnCora model (Straka and Straková, ÚFAL, CC BY-NC-SA 4.0); rests on 'hijos' → 'בְּנֵ֣י'
10:17	10	los				expands	supplied-article-spa	safe	0.7923	approved	0				article the original does not write, read as one by UDPipe's Spanish-AnCora model (Straka and Straková, ÚFAL, CC BY-NC-SA 4.0); rests on 'hijos' → 'בְנֵֽי'
10:17	15	los				expands	supplied-article-spa	safe	0.7923	approved	0				article the original does not write, read as one by UDPipe's Spanish-AnCora model (Straka and Straková, ÚFAL, CC BY-NC-SA 4.0); rests on 'hijos' → 'בְנֵ֣י'
10:19	6	la				expands	supplied-article-spa	safe	0.6545	approved	0				article the original does not write, read as one by UDPipe's Spanish-AnCora model (Straka and Straková, ÚFAL, CC BY-NC-SA 4.0); rests on 'tribu' → 'מַטֵּ֖ה'
10:19	9	los				expands	supplied-article-spa	safe	0.7923	approved	0				article the original does not write, read as one by UDPipe's Spanish-AnCora model (Straka and Straková, ÚFAL, CC BY-NC-SA 4.0); rests on 'hijos' → 'בְּנֵ֣י'
10:20	6	la				expands	supplied-article-spa	safe	0.6545	approved	0				article the original does not write, read as one by UDPipe's Spanish-AnCora model (Straka and Straková, ÚFAL, CC BY-NC-SA 4.0); rests on 'tribu' → 'מַטֵּ֣ה'
10:20	9	los				expands	supplied-article-spa	safe	0.7923	approved	0				article the original does not write, read as one by UDPipe's Spanish-AnCora model (Straka and Straková, ÚFAL, CC BY-NC-SA 4.0); rests on 'hijos' → 'בְנֵי'
10:22	10	los				expands	supplied-article-spa	safe	0.7923	approved	0				article the original does not write, read as one by UDPipe's Spanish-AnCora model (Straka and Straková, ÚFAL, CC BY-NC-SA 4.0); rests on 'hijos' → 'בְנֵֽי'
10:23	6	la				expands	supplied-article-spa	safe	0.6545	approved	0				article the original does not write, read as one by UDPipe's Spanish-AnCora model (Straka and Straková, ÚFAL, CC BY-NC-SA 4.0); rests on 'tribu' → 'מַטֵּ֖ה'
10:23	9	los				expands	supplied-article-spa	safe	0.7923	approved	0				article the original does not write, read as one by UDPipe's Spanish-AnCora model (Straka and Straková, ÚFAL, CC BY-NC-SA 4.0); rests on 'hijos' → 'בְּנֵ֣י'
10:24	6	la				expands	supplied-article-spa	safe	0.6545	approved	0				article the original does not write, read as one by UDPipe's Spanish-AnCora model (Straka and Straková, ÚFAL, CC BY-NC-SA 4.0); rests on 'tribu' → 'מַטֵּ֖ה'
10:24	9	los				expands	supplied-article-spa	safe	0.7923	approved	0				article the original does not write, read as one by UDPipe's Spanish-AnCora model (Straka and Straková, ÚFAL, CC BY-NC-SA 4.0); rests on 'hijos' → 'בְּנֵ֣י'
10:25	10	los				expands	supplied-article-spa	safe	0.7923	approved	0				article the original does not write, read as one by UDPipe's Spanish-AnCora model (Straka and Straková, ÚFAL, CC BY-NC-SA 4.0); rests on 'hijos' → 'בְנֵי'
10:26	6	la				expands	supplied-article-spa	safe	0.6545	approved	0				article the original does not write, read as one by UDPipe's Spanish-AnCora model (Straka and Straková, ÚFAL, CC BY-NC-SA 4.0); rests on 'tribu' → 'מַטֵּ֖ה'
10:26	9	los				expands	supplied-article-spa	safe	0.7923	approved	0				article the original does not write, read as one by UDPipe's Spanish-AnCora model (Straka and Straková, ÚFAL, CC BY-NC-SA 4.0); rests on 'hijos' → 'בְּנֵ֣י'
10:27	6	la				expands	supplied-article-spa	safe	0.6545	approved	0				article the original does not write, read as one by UDPipe's Spanish-AnCora model (Straka and Straková, ÚFAL, CC BY-NC-SA 4.0); rests on 'tribu' → 'מַטֵּ֖ה'
10:27	9	los				expands	supplied-article-spa	safe	0.7923	approved	0				article the original does not write, read as one by UDPipe's Spanish-AnCora model (Straka and Straková, ÚFAL, CC BY-NC-SA 4.0); rests on 'hijos' → 'בְּנֵ֣י'
10:28	6	los				expands	supplied-article-spa	safe	0.7923	approved	0				article the original does not write, read as one by UDPipe's Spanish-AnCora model (Straka and Straková, ÚFAL, CC BY-NC-SA 4.0); rests on 'hijos' → 'בְנֵֽי'
10:33	12	el				expands	supplied-article-spa	safe	0.7478	approved	0				article the original does not write, read as one by UDPipe's Spanish-AnCora model (Straka and Straková, ÚFAL, CC BY-NC-SA 4.0); rests on 'arca' → 'אֲרֹ֨ון'
10:33	15	la				expands	supplied-article-spa	safe	0.755	approved	0				article the original does not write, read as one by UDPipe's Spanish-AnCora model (Straka and Straková, ÚFAL, CC BY-NC-SA 4.0); rests on 'alianza' → 'בְּרִית'
10:34	2	la				expands	supplied-article-spa	safe	0.7445	approved	0				article the original does not write, read as one by UDPipe's Spanish-AnCora model (Straka and Straková, ÚFAL, CC BY-NC-SA 4.0); rests on 'nube' → 'עֲנַ֧ן'
11:3	8	el				expands	supplied-article-spa	safe	0.7678	approved	0				article the original does not write, read as one by UDPipe's Spanish-AnCora model (Straka and Straková, ÚFAL, CC BY-NC-SA 4.0); rests on 'fuego' → 'אֵ֥שׁ'
11:4	17	los				expands	supplied-article-spa	safe	0.7923	approved	0				article the original does not write, read as one by UDPipe's Spanish-AnCora model (Straka and Straková, ÚFAL, CC BY-NC-SA 4.0); rests on 'hijos' → 'בְּנֵ֣י'
11:11	27	la				expands	supplied-article-spa	safe	0.6875	approved	0				article the original does not write, read as one by UDPipe's Spanish-AnCora model (Straka and Straková, ÚFAL, CC BY-NC-SA 4.0); rests on 'carga' → 'מַשָּׂ֛א'
11:16	10	los				expands	supplied-article-spa	safe	0.8	approved	0				article the original does not write, read as one by UDPipe's Spanish-AnCora model (Straka and Straková, ÚFAL, CC BY-NC-SA 4.0); rests on 'ancianos' → 'זִּקְנֵ֣י'
11:17	23	la				expands	supplied-article-spa	safe	0.6875	approved	0				article the original does not write, read as one by UDPipe's Spanish-AnCora model (Straka and Straková, ÚFAL, CC BY-NC-SA 4.0); rests on 'carga' → 'מַשָּׂ֣א'
11:20	3	un				expands	supplied-indefinite-article-spa	safe	0.7857	approved	0				indefinite article, read as one by UDPipe's Spanish-AnCora model (Straka and Straková, ÚFAL, CC BY-NC-SA 4.0); rests on 'mes' → 'חֹ֣דֶשׁ'
11:20	12	las				expands	supplied-article-spa	safe	0.8	approved	0				article the original does not write, read as one by UDPipe's Spanish-AnCora model (Straka and Straková, ÚFAL, CC BY-NC-SA 4.0); rests on 'narices' → 'אַפְּכֶ֔ם'
11:21	29	un				expands	supplied-indefinite-article-spa	safe	0.7857	approved	0				indefinite article, read as one by UDPipe's Spanish-AnCora model (Straka and Straková, ÚFAL, CC BY-NC-SA 4.0); rests on 'mes' → 'חֹ֥דֶשׁ'
11:23	8	la				expands	supplied-article-spa	safe	0.7634	approved	0				article the original does not write, read as one by UDPipe's Spanish-AnCora model (Straka and Straková, ÚFAL, CC BY-NC-SA 4.0); rests on 'mano' → 'יַ֥ד'
11:24	8	las				expands	supplied-article-spa	safe	0.7063	approved	0				article the original does not write, read as one by UDPipe's Spanish-AnCora model (Straka and Straková, ÚFAL, CC BY-NC-SA 4.0); rests on 'palabras' → 'דִּבְרֵ֣י'
11:24	18	los				expands	supplied-article-spa	safe	0.8	approved	0				article the original does not write, read as one by UDPipe's Spanish-AnCora model (Straka and Straková, ÚFAL, CC BY-NC-SA 4.0); rests on 'ancianos' → 'זִּקְנֵ֣י'
11:29	14	el				expands	supplied-article-spa	safe	0.7899	approved	0				article the original does not write, read as one by UDPipe's Spanish-AnCora model (Straka and Straková, ÚFAL, CC BY-NC-SA 4.0); rests on 'pueblo' → 'עַ֤ם'
11:30	8	los				expands	supplied-article-spa	safe	0.8	approved	0				article the original does not write, read as one by UDPipe's Spanish-AnCora model (Straka and Straková, ÚFAL, CC BY-NC-SA 4.0); rests on 'ancianos' → 'זִקְנֵ֥י'
11:31	3	un				expands	supplied-indefinite-article-spa	safe	0.7942	approved	0				indefinite article, read as one by UDPipe's Spanish-AnCora model (Straka and Straková, ÚFAL, CC BY-NC-SA 4.0); rests on 'viento' → 'ר֜וּחַ'
11:31	18	un				expands	supplied-indefinite-article-spa	safe	0.7596	approved	0				indefinite article, read as one by UDPipe's Spanish-AnCora model (Straka and Straková, ÚFAL, CC BY-NC-SA 4.0); rests on 'día' → 'יֹ֣ום'
11:31	27	un				expands	supplied-indefinite-article-spa	safe	0.7596	approved	0				indefinite article, read as one by UDPipe's Spanish-AnCora model (Straka and Straková, ÚFAL, CC BY-NC-SA 4.0); rests on 'día' → 'יֹום֙'
11:32	15	el				expands	supplied-article-spa	safe	0.7596	approved	0				article the original does not write, read as one by UDPipe's Spanish-AnCora model (Straka and Straková, ÚFAL, CC BY-NC-SA 4.0); rests on 'día' → 'יֹ֣ום'
11:33	6	los				expands	supplied-article-spa	safe	0.7827	approved	0				article the original does not write, read as one by UDPipe's Spanish-AnCora model (Straka and Straková, ÚFAL, CC BY-NC-SA 4.0); rests on 'dientes' → 'שִׁנֵּיהֶ֔ם'
11:34	3	el				expands	supplied-article-spa	safe	0.7864	approved	0				article the original does not write, read as one by UDPipe's Spanish-AnCora model (Straka and Straková, ÚFAL, CC BY-NC-SA 4.0); rests on 'nombre' → 'שֵֽׁם'
12:5	5	la				expands	supplied-article-spa	safe	0.755	approved	0				article the original does not write, read as one by UDPipe's Spanish-AnCora model (Straka and Straková, ÚFAL, CC BY-NC-SA 4.0); rests on 'columna' → 'עַמּ֣וּד'
12:5	8	la				expands	supplied-article-spa	safe	0.7453	approved	0				article the original does not write, read as one by UDPipe's Spanish-AnCora model (Straka and Straková, ÚFAL, CC BY-NC-SA 4.0); rests on 'nube' → 'עָנָ֔ן'
12:8	17	la				expands	supplied-article-spa	safe	0.6313	approved	0				article the original does not write, read as one by UDPipe's Spanish-AnCora model (Straka and Straková, ÚFAL, CC BY-NC-SA 4.0); rests on 'apariencia' → 'מַרְאֶה֙'
12:12	16	la				expands	supplied-article-spa	safe	0.6841	approved	0				article the original does not write, read as one by UDPipe's Spanish-AnCora model (Straka and Straková, ÚFAL, CC BY-NC-SA 4.0); rests on 'mitad' → 'חֲצִ֥י'
12:16	13	el				expands	supplied-article-spa	safe	0.7752	approved	0				article the original does not write, read as one by UDPipe's Spanish-AnCora model (Straka and Straková, ÚFAL, CC BY-NC-SA 4.0); rests on 'desierto' → 'מִדְבַּ֥ר'
13:2	6	la				expands	supplied-article-spa	safe	0.752	approved	0				article the original does not write, read as one by UDPipe's Spanish-AnCora model (Straka and Straková, ÚFAL, CC BY-NC-SA 4.0); rests on 'tierra' → 'אֶ֣רֶץ'
13:2	15	los				expands	supplied-article-spa	safe	0.7923	approved	0				article the original does not write, read as one by UDPipe's Spanish-AnCora model (Straka and Straková, ÚFAL, CC BY-NC-SA 4.0); rests on 'hijos' → 'בְנֵ֣י'
13:3	6	el				expands	supplied-article-spa	safe	0.7752	approved	0				article the original does not write, read as one by UDPipe's Spanish-AnCora model (Straka and Straková, ÚFAL, CC BY-NC-SA 4.0); rests on 'desierto' → 'מִּדְבַּ֥ר'
13:3	23	los				expands	supplied-article-spa	safe	0.7923	approved	0				article the original does not write, read as one by UDPipe's Spanish-AnCora model (Straka and Straková, ÚFAL, CC BY-NC-SA 4.0); rests on 'hijos' → 'בְנֵֽי'
13:4	1	Los				expands	supplied-article-spa	safe	0.789	approved	0				article the original does not write, read as one by UDPipe's Spanish-AnCora model (Straka and Straková, ÚFAL, CC BY-NC-SA 4.0); rests on 'nombres' → 'שְׁמֹותָ֑ם'
13:4	9	la				expands	supplied-article-spa	safe	0.6602	approved	0				article the original does not write, read as one by UDPipe's Spanish-AnCora model (Straka and Straková, ÚFAL, CC BY-NC-SA 4.0); rests on 'tribu' → 'מַטֵּ֣ה'
13:5	2	la				expands	supplied-article-spa	safe	0.6602	approved	0				article the original does not write, read as one by UDPipe's Spanish-AnCora model (Straka and Straková, ÚFAL, CC BY-NC-SA 4.0); rests on 'tribu' → 'מַטֵּ֣ה'
13:6	2	la				expands	supplied-article-spa	safe	0.6602	approved	0				article the original does not write, read as one by UDPipe's Spanish-AnCora model (Straka and Straková, ÚFAL, CC BY-NC-SA 4.0); rests on 'tribu' → 'מַטֵּ֣ה'
13:7	2	la				expands	supplied-article-spa	safe	0.6602	approved	0				article the original does not write, read as one by UDPipe's Spanish-AnCora model (Straka and Straková, ÚFAL, CC BY-NC-SA 4.0); rests on 'tribu' → 'מַטֵּ֣ה'
13:8	2	la				expands	supplied-article-spa	safe	0.6602	approved	0				article the original does not write, read as one by UDPipe's Spanish-AnCora model (Straka and Straková, ÚFAL, CC BY-NC-SA 4.0); rests on 'tribu' → 'מַטֵּ֥ה'
13:9	2	la				expands	supplied-article-spa	safe	0.6602	approved	0				article the original does not write, read as one by UDPipe's Spanish-AnCora model (Straka and Straková, ÚFAL, CC BY-NC-SA 4.0); rests on 'tribu' → 'מַטֵּ֣ה'
13:10	2	la				expands	supplied-article-spa	safe	0.6602	approved	0				article the original does not write, read as one by UDPipe's Spanish-AnCora model (Straka and Straková, ÚFAL, CC BY-NC-SA 4.0); rests on 'tribu' → 'מַטֵּ֣ה'
13:11	2	la				expands	supplied-article-spa	safe	0.6602	approved	0				article the original does not write, read as one by UDPipe's Spanish-AnCora model (Straka and Straková, ÚFAL, CC BY-NC-SA 4.0); rests on 'tribu' → 'מַטֵּ֥ה'
13:11	7	la				expands	supplied-article-spa	safe	0.6602	approved	0				article the original does not write, read as one by UDPipe's Spanish-AnCora model (Straka and Straková, ÚFAL, CC BY-NC-SA 4.0); rests on 'tribu' → 'מַטֵּ֣ה'
13:12	2	la				expands	supplied-article-spa	safe	0.6602	approved	0				article the original does not write, read as one by UDPipe's Spanish-AnCora model (Straka and Straková, ÚFAL, CC BY-NC-SA 4.0); rests on 'tribu' → 'מַטֵּ֣ה'
13:13	2	la				expands	supplied-article-spa	safe	0.6602	approved	0				article the original does not write, read as one by UDPipe's Spanish-AnCora model (Straka and Straková, ÚFAL, CC BY-NC-SA 4.0); rests on 'tribu' → 'מַטֵּ֣ה'
13:14	2	la				expands	supplied-article-spa	safe	0.6602	approved	0				article the original does not write, read as one by UDPipe's Spanish-AnCora model (Straka and Straková, ÚFAL, CC BY-NC-SA 4.0); rests on 'tribu' → 'מַטֵּ֣ה'
13:15	2	la				expands	supplied-article-spa	safe	0.6602	approved	0				article the original does not write, read as one by UDPipe's Spanish-AnCora model (Straka and Straková, ÚFAL, CC BY-NC-SA 4.0); rests on 'tribu' → 'מַטֵּ֣ה'
13:16	3	los				expands	supplied-article-spa	safe	0.789	approved	0				article the original does not write, read as one by UDPipe's Spanish-AnCora model (Straka and Straková, ÚFAL, CC BY-NC-SA 4.0); rests on 'nombres' → 'שְׁמֹ֣ות'
13:17	6	la				expands	supplied-article-spa	safe	0.752	approved	0				article the original does not write, read as one by UDPipe's Spanish-AnCora model (Straka and Straková, ÚFAL, CC BY-NC-SA 4.0); rests on 'tierra' → 'אֶ֣רֶץ'
13:20	33	las				expands	supplied-article-spa	safe	0.7053	approved	0				article the original does not write, read as one by UDPipe's Spanish-AnCora model (Straka and Straková, ÚFAL, CC BY-NC-SA 4.0); rests on 'uvas' → 'עֲנָבִֽים'
13:21	9	el				expands	supplied-article-spa	safe	0.7752	approved	0				article the original does not write, read as one by UDPipe's Spanish-AnCora model (Straka and Straková, ÚFAL, CC BY-NC-SA 4.0); rests on 'desierto' → 'מִּדְבַּר'
13:23	4	el				expands	supplied-article-spa	safe	0.8	approved	0				article the original does not write, read as one by UDPipe's Spanish-AnCora model (Straka and Straková, ÚFAL, CC BY-NC-SA 4.0); rests on 'arroyo' → 'נַ֣חַל'
13:24	13	los				expands	supplied-article-spa	safe	0.7923	approved	0				article the original does not write, read as one by UDPipe's Spanish-AnCora model (Straka and Straková, ÚFAL, CC BY-NC-SA 4.0); rests on 'hijos' → 'בְּנֵ֥י'
13:26	16	los				expands	supplied-article-spa	safe	0.7923	approved	0				article the original does not write, read as one by UDPipe's Spanish-AnCora model (Straka and Straková, ÚFAL, CC BY-NC-SA 4.0); rests on 'hijos' → 'בְּנֵֽי'
13:26	21	el				expands	supplied-article-spa	safe	0.7752	approved	0				article the original does not write, read as one by UDPipe's Spanish-AnCora model (Straka and Straková, ÚFAL, CC BY-NC-SA 4.0); rests on 'desierto' → 'מִדְבַּ֥ר'
13:26	39	el				expands	supplied-article-spa	safe	0.6953	approved	0				article the original does not write, read as one by UDPipe's Spanish-AnCora model (Straka and Straková, ÚFAL, CC BY-NC-SA 4.0); rests on 'fruto' → 'פְּרִ֥י'
13:27	26	el				expands	supplied-article-spa	safe	0.6953	approved	0				article the original does not write, read as one by UDPipe's Spanish-AnCora model (Straka and Straková, ÚFAL, CC BY-NC-SA 4.0); rests on 'fruto' → 'פִּרְיָֽהּ'
13:29	3	la				expands	supplied-article-spa	safe	0.752	approved	0				article the original does not write, read as one by UDPipe's Spanish-AnCora model (Straka and Straková, ÚFAL, CC BY-NC-SA 4.0); rests on 'tierra' → 'אֶ֣רֶץ'
13:32	4	los				expands	supplied-article-spa	safe	0.7923	approved	0				article the original does not write, read as one by UDPipe's Spanish-AnCora model (Straka and Straková, ÚFAL, CC BY-NC-SA 4.0); rests on 'hijos' → 'בְּנֵ֥י'
14:2	9	los				expands	supplied-article-spa	safe	0.7923	approved	0				article the original does not write, read as one by UDPipe's Spanish-AnCora model (Straka and Straková, ÚFAL, CC BY-NC-SA 4.0); rests on 'hijos' → 'בְּנֵ֣י'
14:2	21	la				expands	supplied-article-spa	safe	0.7517	approved	0				article the original does not write, read as one by UDPipe's Spanish-AnCora model (Straka and Straková, ÚFAL, CC BY-NC-SA 4.0); rests on 'tierra' → 'אֶ֣רֶץ'
14:5	18	los				expands	supplied-article-spa	safe	0.7923	approved	0				article the original does not write, read as one by UDPipe's Spanish-AnCora model (Straka and Straková, ÚFAL, CC BY-NC-SA 4.0); rests on 'hijos' → 'בְּנֵ֥י'
14:7	8	los				expands	supplied-article-spa	safe	0.7923	approved	0				article the original does not write, read as one by UDPipe's Spanish-AnCora model (Straka and Straková, ÚFAL, CC BY-NC-SA 4.0); rests on 'hijos' → 'בְּנֵֽי'
14:10	11	la				expands	supplied-article-spa	safe	0.6777	approved	0				article the original does not write, read as one by UDPipe's Spanish-AnCora model (Straka and Straková, ÚFAL, CC BY-NC-SA 4.0); rests on 'gloria' → 'כְבֹ֣וד'
14:10	24	los				expands	supplied-article-spa	safe	0.7923	approved	0				article the original does not write, read as one by UDPipe's Spanish-AnCora model (Straka and Straková, ÚFAL, CC BY-NC-SA 4.0); rests on 'hijos' → 'בְּנֵ֖י'
14:13	8	los				expands	supplied-article-spa	safe	0.7078	approved	0				article the original does not write, read as one by UDPipe's Spanish-AnCora model (Straka and Straková, ÚFAL, CC BY-NC-SA 4.0); rests on 'Egipcios' → 'מִצְרַ֔יִם'
14:18	27	los				expands	supplied-article-spa	safe	0.7401	approved	0				article the original does not write, read as one by UDPipe's Spanish-AnCora model (Straka and Straková, ÚFAL, CC BY-NC-SA 4.0); rests on 'padres' → 'אָבֹות֙'
14:18	30	los				expands	supplied-article-spa	safe	0.7923	approved	0				article the original does not write, read as one by UDPipe's Spanish-AnCora model (Straka and Straková, ÚFAL, CC BY-NC-SA 4.0); rests on 'hijos' → 'בָּנִ֔ים'
14:27	14	los				expands	supplied-article-spa	safe	0.7923	approved	0				article the original does not write, read as one by UDPipe's Spanish-AnCora model (Straka and Straková, ÚFAL, CC BY-NC-SA 4.0); rests on 'hijos' → 'בְּנֵ֣י'
14:34	8	los				expands	supplied-article-spa	safe	0.7849	approved	0				article the original does not write, read as one by UDPipe's Spanish-AnCora model (Straka and Straková, ÚFAL, CC BY-NC-SA 4.0); rests on 'días' → 'יֹום֒'
14:34	21	un				expands	supplied-indefinite-article-spa	safe	0.7679	approved	0				indefinite article, read as one by UDPipe's Spanish-AnCora model (Straka and Straková, ÚFAL, CC BY-NC-SA 4.0); rests on 'año' → 'שָׁנָ֑ה'
14:39	8	los				expands	supplied-article-spa	safe	0.7923	approved	0				article the original does not write, read as one by UDPipe's Spanish-AnCora model (Straka and Straková, ÚFAL, CC BY-NC-SA 4.0); rests on 'hijos' → 'בְּנֵ֖י'
14:40	9	la				expands	supplied-article-spa	safe	0.7859	approved	0				article the original does not write, read as one by UDPipe's Spanish-AnCora model (Straka and Straková, ÚFAL, CC BY-NC-SA 4.0); rests on 'cumbre' → 'רֹאשׁ'
14:44	13	el				expands	supplied-article-spa	safe	0.748	approved	0				article the original does not write, read as one by UDPipe's Spanish-AnCora model (Straka and Straková, ÚFAL, CC BY-NC-SA 4.0); rests on 'arca' → 'אֲרֹ֤ון'
14:44	16	la				expands	supplied-article-spa	safe	0.755	approved	0				article the original does not write, read as one by UDPipe's Spanish-AnCora model (Straka and Straková, ÚFAL, CC BY-NC-SA 4.0); rests on 'alianza' → 'בְּרִית'
15:2	3	los				expands	supplied-article-spa	safe	0.7923	approved	0				article the original does not write, read as one by UDPipe's Spanish-AnCora model (Straka and Straková, ÚFAL, CC BY-NC-SA 4.0); rests on 'hijos' → 'בְּנֵ֣י'
15:2	13	la				expands	supplied-article-spa	safe	0.752	approved	0				article the original does not write, read as one by UDPipe's Spanish-AnCora model (Straka and Straková, ÚFAL, CC BY-NC-SA 4.0); rests on 'tierra' → 'אֶ֨רֶץ֙'
15:9	5	un				expands	supplied-indefinite-article-spa	safe	0.7156	approved	0				indefinite article, read as one by UDPipe's Spanish-AnCora model (Straka and Straková, ÚFAL, CC BY-NC-SA 4.0); rests on 'presente' → 'מִנְחָ֔ה'
15:9	16	la				expands	supplied-article-spa	safe	0.6805	approved	0				article the original does not write, read as one by UDPipe's Spanish-AnCora model (Straka and Straková, ÚFAL, CC BY-NC-SA 4.0); rests on 'mitad' → 'חֲצִ֥י'
15:10	8	la				expands	supplied-article-spa	safe	0.6805	approved	0				article the original does not write, read as one by UDPipe's Spanish-AnCora model (Straka and Straková, ÚFAL, CC BY-NC-SA 4.0); rests on 'mitad' → 'חֲצִ֣י'
15:12	10	el				expands	supplied-article-spa	safe	0.7692	approved	0				article the original does not write, read as one by UDPipe's Spanish-AnCora model (Straka and Straková, ÚFAL, CC BY-NC-SA 4.0); rests on 'número' → 'מִסְפָּרָֽם'
15:18	3	los				expands	supplied-article-spa	safe	0.7923	approved	0				article the original does not write, read as one by UDPipe's Spanish-AnCora model (Straka and Straková, ÚFAL, CC BY-NC-SA 4.0); rests on 'hijos' → 'בְּנֵ֣י'
15:23	10	la				expands	supplied-article-spa	safe	0.7634	approved	0				article the original does not write, read as one by UDPipe's Spanish-AnCora model (Straka and Straková, ÚFAL, CC BY-NC-SA 4.0); rests on 'mano' → 'יַד'
15:25	11	los				expands	supplied-article-spa	safe	0.7923	approved	0				article the original does not write, read as one by UDPipe's Spanish-AnCora model (Straka and Straková, ÚFAL, CC BY-NC-SA 4.0); rests on 'hijos' → 'בְּנֵ֥י'
15:26	9	los				expands	supplied-article-spa	safe	0.7923	approved	0				article the original does not write, read as one by UDPipe's Spanish-AnCora model (Straka and Straková, ÚFAL, CC BY-NC-SA 4.0); rests on 'hijos' → 'בְּנֵ֣י'
15:29	4	los				expands	supplied-article-spa	safe	0.7923	approved	0				article the original does not write, read as one by UDPipe's Spanish-AnCora model (Straka and Straková, ÚFAL, CC BY-NC-SA 4.0); rests on 'hijos' → 'בְנֵ֣י'
15:31	6	la				expands	supplied-article-spa	safe	0.7513	approved	0				article the original does not write, read as one by UDPipe's Spanish-AnCora model (Straka and Straková, ÚFAL, CC BY-NC-SA 4.0); rests on 'palabra' → 'דְבַר'
15:32	3	los				expands	supplied-article-spa	safe	0.7923	approved	0				article the original does not write, read as one by UDPipe's Spanish-AnCora model (Straka and Straková, ÚFAL, CC BY-NC-SA 4.0); rests on 'hijos' → 'בְנֵֽי'
15:38	3	los				expands	supplied-article-spa	safe	0.7923	approved	0				article the original does not write, read as one by UDPipe's Spanish-AnCora model (Straka and Straková, ÚFAL, CC BY-NC-SA 4.0); rests on 'hijos' → 'בְּנֵ֤י'
15:38	31	un				expands	supplied-indefinite-article-spa	safe	0.575	approved	0				indefinite article, read as one by UDPipe's Spanish-AnCora model (Straka and Straková, ÚFAL, CC BY-NC-SA 4.0); rests on 'cordón' → 'פְּתִ֥יל'
15:39	15	los				expands	supplied-article-spa	safe	0.7158	approved	0				article the original does not write, read as one by UDPipe's Spanish-AnCora model (Straka and Straková, ÚFAL, CC BY-NC-SA 4.0); rests on 'mandamientos' → 'מִצְוֹ֣ת'
15:41	9	la				expands	supplied-article-spa	safe	0.752	approved	0				article the original does not write, read as one by UDPipe's Spanish-AnCora model (Straka and Straková, ÚFAL, CC BY-NC-SA 4.0); rests on 'tierra' → 'אֶ֣רֶץ'
16:1	25	los				expands	supplied-article-spa	safe	0.7923	approved	0				article the original does not write, read as one by UDPipe's Spanish-AnCora model (Straka and Straková, ÚFAL, CC BY-NC-SA 4.0); rests on 'hijos' → 'בְּנֵ֥י'
16:2	11	los				expands	supplied-article-spa	safe	0.7923	approved	0				article the original does not write, read as one by UDPipe's Spanish-AnCora model (Straka and Straková, ÚFAL, CC BY-NC-SA 4.0); rests on 'hijos' → 'בְּנֵֽי'
16:9	5	el				expands	supplied-article-spa	safe	0.7336	approved	0				article the original does not write, read as one by UDPipe's Spanish-AnCora model (Straka and Straková, ÚFAL, CC BY-NC-SA 4.0); rests on 'Dios' → 'אֱלֹהֵ֨י'
16:9	25	el				expands	supplied-article-spa	safe	0.7234	approved	0				article the original does not write, read as one by UDPipe's Spanish-AnCora model (Straka and Straková, ÚFAL, CC BY-NC-SA 4.0); rests on 'servicio' → 'עֲבֹדַת֙'
16:10	13	los				expands	supplied-article-spa	safe	0.7923	approved	0				article the original does not write, read as one by UDPipe's Spanish-AnCora model (Straka and Straková, ÚFAL, CC BY-NC-SA 4.0); rests on 'hijos' → 'בְנֵי'
16:13	9	una				expands	supplied-indefinite-article-spa	safe	0.7523	approved	0				indefinite article, read as one by UDPipe's Spanish-AnCora model (Straka and Straková, ÚFAL, CC BY-NC-SA 4.0); rests on 'tierra' → 'אֶ֨רֶץ'
16:14	26	los				expands	supplied-article-spa	safe	0.7877	approved	0				article the original does not write, read as one by UDPipe's Spanish-AnCora model (Straka and Straková, ÚFAL, CC BY-NC-SA 4.0); rests on 'ojos' → 'עֵינֵ֞י'
16:19	19	la				expands	supplied-article-spa	safe	0.6783	approved	0				article the original does not write, read as one by UDPipe's Spanish-AnCora model (Straka and Straková, ÚFAL, CC BY-NC-SA 4.0); rests on 'gloria' → 'כְבֹוד'
16:21	10	un				expands	supplied-indefinite-article-spa	safe	0.7156	approved	0				indefinite article, read as one by UDPipe's Spanish-AnCora model (Straka and Straková, ÚFAL, CC BY-NC-SA 4.0); rests on 'momento' → 'רָֽגַע'
16:25	13	los				expands	supplied-article-spa	safe	0.8	approved	0				article the original does not write, read as one by UDPipe's Spanish-AnCora model (Straka and Straková, ÚFAL, CC BY-NC-SA 4.0); rests on 'ancianos' → 'זִקְנֵ֥י'
16:26	11	las				expands	supplied-article-spa	safe	0.7234	approved	0				article the original does not write, read as one by UDPipe's Spanish-AnCora model (Straka and Straková, ÚFAL, CC BY-NC-SA 4.0); rests on 'tiendas' → 'אָהֳלֵ֨י'
16:35	8	los				expands	supplied-article-spa	safe	0.7927	approved	0				article the original does not write, read as one by UDPipe's Spanish-AnCora model (Straka and Straková, ÚFAL, CC BY-NC-SA 4.0); rests on 'doscientos' → 'מָאתַ֨יִם֙'
16:38	34	los				expands	supplied-article-spa	safe	0.7923	approved	0				article the original does not write, read as one by UDPipe's Spanish-AnCora model (Straka and Straková, ÚFAL, CC BY-NC-SA 4.0); rests on 'hijos' → 'בְנֵ֥י'
16:39	6	los				expands	supplied-article-spa	safe	0.6875	approved	0				article the original does not write, read as one by UDPipe's Spanish-AnCora model (Straka and Straková, ÚFAL, CC BY-NC-SA 4.0); rests on 'incensarios' → 'מַחְתֹּ֣ות'
16:40	4	los				expands	supplied-article-spa	safe	0.7923	approved	0				article the original does not write, read as one by UDPipe's Spanish-AnCora model (Straka and Straková, ÚFAL, CC BY-NC-SA 4.0); rests on 'hijos' → 'בְנֵ֣י'
16:40	15	la				expands	supplied-article-spa	safe	0.7719	approved	0				article the original does not write, read as one by UDPipe's Spanish-AnCora model (Straka and Straková, ÚFAL, CC BY-NC-SA 4.0); rests on 'simiente' → 'זֶּ֤רַע'
16:41	8	los				expands	supplied-article-spa	safe	0.7923	approved	0				article the original does not write, read as one by UDPipe's Spanish-AnCora model (Straka and Straková, ÚFAL, CC BY-NC-SA 4.0); rests on 'hijos' → 'בְּנֵֽי'
16:42	29	la				expands	supplied-article-spa	safe	0.6783	approved	0				article the original does not write, read as one by UDPipe's Spanish-AnCora model (Straka and Straková, ÚFAL, CC BY-NC-SA 4.0); rests on 'gloria' → 'כְּבֹ֥וד'
16:45	11	un				expands	supplied-indefinite-article-spa	safe	0.7156	approved	0				indefinite article, read as one by UDPipe's Spanish-AnCora model (Straka and Straková, ÚFAL, CC BY-NC-SA 4.0); rests on 'momento' → 'רָ֑גַע'
16:46	40	la				expands	supplied-article-spa	safe	0.7571	approved	0				article the original does not write, read as one by UDPipe's Spanish-AnCora model (Straka and Straková, ÚFAL, CC BY-NC-SA 4.0); rests on 'faz' → 'פְנֵ֥י'
16:49	17	el				expands	supplied-article-spa	safe	0.6929	approved	0				article the original does not write, read as one by UDPipe's Spanish-AnCora model (Straka and Straková, ÚFAL, CC BY-NC-SA 4.0); rests on 'negocio' → 'דְּבַר'
17:2	3	los				expands	supplied-article-spa	safe	0.7923	approved	0				article the original does not write, read as one by UDPipe's Spanish-AnCora model (Straka and Straková, ÚFAL, CC BY-NC-SA 4.0); rests on 'hijos' → 'בְּנֵ֣י'
17:2	17	los				expands	supplied-article-spa	safe	0.744	approved	0				article the original does not write, read as one by UDPipe's Spanish-AnCora model (Straka and Straková, ÚFAL, CC BY-NC-SA 4.0); rests on 'padres' → 'אָ֜ב'
17:2	29	las				expands	supplied-article-spa	safe	0.7857	approved	0				article the original does not write, read as one by UDPipe's Spanish-AnCora model (Straka and Straková, ÚFAL, CC BY-NC-SA 4.0); rests on 'casas' → 'בֵ֣ית'
17:2	36	el				expands	supplied-article-spa	safe	0.7864	approved	0				article the original does not write, read as one by UDPipe's Spanish-AnCora model (Straka and Straková, ÚFAL, CC BY-NC-SA 4.0); rests on 'nombre' → 'שְׁמֹ֔ו'
17:3	3	el				expands	supplied-article-spa	safe	0.7864	approved	0				article the original does not write, read as one by UDPipe's Spanish-AnCora model (Straka and Straková, ÚFAL, CC BY-NC-SA 4.0); rests on 'nombre' → 'שֵׁ֣ם'
17:5	21	los				expands	supplied-article-spa	safe	0.7923	approved	0				article the original does not write, read as one by UDPipe's Spanish-AnCora model (Straka and Straková, ÚFAL, CC BY-NC-SA 4.0); rests on 'hijos' → 'בְּנֵ֣י'
17:6	5	los				expands	supplied-article-spa	safe	0.7923	approved	0				article the original does not write, read as one by UDPipe's Spanish-AnCora model (Straka and Straková, ÚFAL, CC BY-NC-SA 4.0); rests on 'hijos' → 'בְּנֵ֣י'
17:6	21	las				expands	supplied-article-spa	safe	0.7857	approved	0				article the original does not write, read as one by UDPipe's Spanish-AnCora model (Straka and Straková, ÚFAL, CC BY-NC-SA 4.0); rests on 'casas' → 'בֵ֣ית'
17:8	22	la				expands	supplied-article-spa	safe	0.7913	approved	0				article the original does not write, read as one by UDPipe's Spanish-AnCora model (Straka and Straková, ÚFAL, CC BY-NC-SA 4.0); rests on 'casa' → 'בֵ֣ית'
17:9	13	los				expands	supplied-article-spa	safe	0.7923	approved	0				article the original does not write, read as one by UDPipe's Spanish-AnCora model (Straka and Straková, ÚFAL, CC BY-NC-SA 4.0); rests on 'hijos' → 'בְּנֵ֖י'
17:10	21	los				expands	supplied-article-spa	safe	0.7923	approved	0				article the original does not write, read as one by UDPipe's Spanish-AnCora model (Straka and Straková, ÚFAL, CC BY-NC-SA 4.0); rests on 'hijos' → 'בְנֵי'
17:12	2	los				expands	supplied-article-spa	safe	0.7923	approved	0				article the original does not write, read as one by UDPipe's Spanish-AnCora model (Straka and Straková, ÚFAL, CC BY-NC-SA 4.0); rests on 'hijos' → 'בְּנֵ֣י'
18:1	11	la				expands	supplied-article-spa	safe	0.7913	approved	0				article the original does not write, read as one by UDPipe's Spanish-AnCora model (Straka and Straková, ÚFAL, CC BY-NC-SA 4.0); rests on 'casa' → 'בֵית'
18:2	6	la				expands	supplied-article-spa	safe	0.661	approved	0				article the original does not write, read as one by UDPipe's Spanish-AnCora model (Straka and Straková, ÚFAL, CC BY-NC-SA 4.0); rests on 'tribu' → 'מַטֵּ֨ה'
18:3	18	los				expands	supplied-article-spa	safe	0.8	approved	0				article the original does not write, read as one by UDPipe's Spanish-AnCora model (Straka and Straková, ÚFAL, CC BY-NC-SA 4.0); rests on 'vasos' → 'כְּלֵ֨י'
18:4	15	el				expands	supplied-article-spa	safe	0.72	approved	0				article the original does not write, read as one by UDPipe's Spanish-AnCora model (Straka and Straková, ÚFAL, CC BY-NC-SA 4.0); rests on 'servicio' → 'עֲבֹדַ֣ת'
18:5	20	los				expands	supplied-article-spa	safe	0.7923	approved	0				article the original does not write, read as one by UDPipe's Spanish-AnCora model (Straka and Straková, ÚFAL, CC BY-NC-SA 4.0); rests on 'hijos' → 'בְּנֵ֥י'
18:6	14	los				expands	supplied-article-spa	safe	0.7923	approved	0				article the original does not write, read as one by UDPipe's Spanish-AnCora model (Straka and Straková, ÚFAL, CC BY-NC-SA 4.0); rests on 'hijos' → 'בְּנֵ֣י'
18:6	29	el				expands	supplied-article-spa	safe	0.727	approved	0				article the original does not write, read as one by UDPipe's Spanish-AnCora model (Straka and Straková, ÚFAL, CC BY-NC-SA 4.0); rests on 'ministerio' → 'עֲבֹדַ֖ת'
18:7	27	el				expands	supplied-article-spa	safe	0.72	approved	0				article the original does not write, read as one by UDPipe's Spanish-AnCora model (Straka and Straková, ÚFAL, CC BY-NC-SA 4.0); rests on 'servicio' → 'עֲבֹדַ֣ת'
18:8	23	los				expands	supplied-article-spa	safe	0.7923	approved	0				article the original does not write, read as one by UDPipe's Spanish-AnCora model (Straka and Straková, ÚFAL, CC BY-NC-SA 4.0); rests on 'hijos' → 'בְנֵֽי'
18:8	33	la				expands	supplied-article-spa	safe	0.7804	approved	0				article the original does not write, read as one by UDPipe's Spanish-AnCora model (Straka and Straková, ÚFAL, CC BY-NC-SA 4.0); rests on 'unción' → 'מָשְׁחָ֛ה'
18:9	33	la				expands	supplied-article-spa	safe	0.656	approved	0				article the original does not write, read as one by UDPipe's Spanish-AnCora model (Straka and Straková, ÚFAL, CC BY-NC-SA 4.0); rests on 'culpa' → 'אֲשָׁמָם֙'
18:11	17	los				expands	supplied-article-spa	safe	0.7923	approved	0				article the original does not write, read as one by UDPipe's Spanish-AnCora model (Straka and Straková, ÚFAL, CC BY-NC-SA 4.0); rests on 'hijos' → 'בְּנֵ֣י'
18:12	13	las				expands	supplied-article-spa	safe	0.6393	approved	0				article the original does not write, read as one by UDPipe's Spanish-AnCora model (Straka and Straková, ÚFAL, CC BY-NC-SA 4.0); rests on 'primicias' → 'רֵאשִׁיתָ֛ם'
18:13	8	la				expands	supplied-article-spa	safe	0.752	approved	0				article the original does not write, read as one by UDPipe's Spanish-AnCora model (Straka and Straková, ÚFAL, CC BY-NC-SA 4.0); rests on 'tierra' → 'אַרְצָ֛ם'
18:15	26	el				expands	supplied-article-spa	safe	0.7761	approved	0				article the original does not write, read as one by UDPipe's Spanish-AnCora model (Straka and Straková, ÚFAL, CC BY-NC-SA 4.0); rests on 'primogénito' → 'בְּכֹ֣ור'
18:15	33	el				expands	supplied-article-spa	safe	0.7761	approved	0				article the original does not write, read as one by UDPipe's Spanish-AnCora model (Straka and Straková, ÚFAL, CC BY-NC-SA 4.0); rests on 'primogénito' → 'בְּכֹֽור'
18:16	3	un				expands	supplied-indefinite-article-spa	safe	0.7858	approved	0				indefinite article, read as one by UDPipe's Spanish-AnCora model (Straka and Straková, ÚFAL, CC BY-NC-SA 4.0); rests on 'mes' → 'חֹ֣דֶשׁ'
18:17	2	el				expands	supplied-article-spa	safe	0.7761	approved	0				article the original does not write, read as one by UDPipe's Spanish-AnCora model (Straka and Straková, ÚFAL, CC BY-NC-SA 4.0); rests on 'primogénito' → 'בְּֽכֹור'
18:17	7	el				expands	supplied-article-spa	safe	0.7761	approved	0				article the original does not write, read as one by UDPipe's Spanish-AnCora model (Straka and Straková, ÚFAL, CC BY-NC-SA 4.0); rests on 'primogénito' → 'בְכֹ֨ור'
18:17	12	el				expands	supplied-article-spa	safe	0.7761	approved	0				article the original does not write, read as one by UDPipe's Spanish-AnCora model (Straka and Straková, ÚFAL, CC BY-NC-SA 4.0); rests on 'primogénito' → 'בְכֹ֥ור'
18:17	20	la				expands	supplied-article-spa	safe	0.788	approved	0				article the original does not write, read as one by UDPipe's Spanish-AnCora model (Straka and Straková, ÚFAL, CC BY-NC-SA 4.0); rests on 'sangre' → 'דָּמָ֞ם'
18:18	2	la				expands	supplied-article-spa	safe	0.7787	approved	0				article the original does not write, read as one by UDPipe's Spanish-AnCora model (Straka and Straková, ÚFAL, CC BY-NC-SA 4.0); rests on 'carne' → 'בְשָׂרָ֖ם'
18:18	9	el				expands	supplied-article-spa	safe	0.6313	approved	0				article the original does not write, read as one by UDPipe's Spanish-AnCora model (Straka and Straková, ÚFAL, CC BY-NC-SA 4.0); rests on 'pecho' → 'חֲזֵ֧ה'
18:18	16	la				expands	supplied-article-spa	safe	0.7654	approved	0				article the original does not write, read as one by UDPipe's Spanish-AnCora model (Straka and Straková, ÚFAL, CC BY-NC-SA 4.0); rests on 'espaldilla' → 'שֹׁ֥וק'
18:19	10	los				expands	supplied-article-spa	safe	0.7923	approved	0				article the original does not write, read as one by UDPipe's Spanish-AnCora model (Straka and Straková, ÚFAL, CC BY-NC-SA 4.0); rests on 'hijos' → 'בְנֵֽי'
18:20	7	la				expands	supplied-article-spa	safe	0.752	approved	0				article the original does not write, read as one by UDPipe's Spanish-AnCora model (Straka and Straková, ÚFAL, CC BY-NC-SA 4.0); rests on 'tierra' → 'אַרְצָם֙'
18:20	29	los				expands	supplied-article-spa	safe	0.7923	approved	0				article the original does not write, read as one by UDPipe's Spanish-AnCora model (Straka and Straková, ÚFAL, CC BY-NC-SA 4.0); rests on 'hijos' → 'בְּנֵ֥י'
18:21	8	los				expands	supplied-article-spa	safe	0.7923	approved	0				article the original does not write, read as one by UDPipe's Spanish-AnCora model (Straka and Straková, ÚFAL, CC BY-NC-SA 4.0); rests on 'hijos' → 'בְנֵ֣י'
18:21	13	los				expands	supplied-article-spa	safe	0.8	approved	0				article the original does not write, read as one by UDPipe's Spanish-AnCora model (Straka and Straková, ÚFAL, CC BY-NC-SA 4.0); rests on 'diezmos' → 'מַֽעֲשֵׂ֥ר'
18:21	27	el				expands	supplied-article-spa	safe	0.727	approved	0				article the original does not write, read as one by UDPipe's Spanish-AnCora model (Straka and Straková, ÚFAL, CC BY-NC-SA 4.0); rests on 'ministerio' → 'עֲבֹדַ֖ת'
18:22	5	los				expands	supplied-article-spa	safe	0.7923	approved	0				article the original does not write, read as one by UDPipe's Spanish-AnCora model (Straka and Straková, ÚFAL, CC BY-NC-SA 4.0); rests on 'hijos' → 'בְּנֵ֥י'
18:23	5	el				expands	supplied-article-spa	safe	0.72	approved	0				article the original does not write, read as one by UDPipe's Spanish-AnCora model (Straka and Straková, ÚFAL, CC BY-NC-SA 4.0); rests on 'servicio' → 'עֲבֹדַת֙'
18:23	26	los				expands	supplied-article-spa	safe	0.7923	approved	0				article the original does not write, read as one by UDPipe's Spanish-AnCora model (Straka and Straková, ÚFAL, CC BY-NC-SA 4.0); rests on 'hijos' → 'בְּנֵ֣י'
18:24	9	los				expands	supplied-article-spa	safe	0.8	approved	0				article the original does not write, read as one by UDPipe's Spanish-AnCora model (Straka and Straková, ÚFAL, CC BY-NC-SA 4.0); rests on 'diezmos' → 'מַעְשַׂ֣ר'
18:24	12	los				expands	supplied-article-spa	safe	0.7923	approved	0				article the original does not write, read as one by UDPipe's Spanish-AnCora model (Straka and Straková, ÚFAL, CC BY-NC-SA 4.0); rests on 'hijos' → 'בְּנֵֽי'
18:24	29	los				expands	supplied-article-spa	safe	0.7923	approved	0				article the original does not write, read as one by UDPipe's Spanish-AnCora model (Straka and Straková, ÚFAL, CC BY-NC-SA 4.0); rests on 'hijos' → 'בְּנֵ֣י'
18:26	12	los				expands	supplied-article-spa	safe	0.7923	approved	0				article the original does not write, read as one by UDPipe's Spanish-AnCora model (Straka and Straková, ÚFAL, CC BY-NC-SA 4.0); rests on 'hijos' → 'בְּנֵֽי'
18:26	36	el				expands	supplied-article-spa	safe	0.725	approved	0				article the original does not write, read as one by UDPipe's Spanish-AnCora model (Straka and Straková, ÚFAL, CC BY-NC-SA 4.0); rests on 'diezmo' → 'מַעֲשֵׂ֖ר'
18:28	16	los				expands	supplied-article-spa	safe	0.7923	approved	0				article the original does not write, read as one by UDPipe's Spanish-AnCora model (Straka and Straková, ÚFAL, CC BY-NC-SA 4.0); rests on 'hijos' → 'בְּנֵ֣י'
18:32	25	los				expands	supplied-article-spa	safe	0.7923	approved	0				article the original does not write, read as one by UDPipe's Spanish-AnCora model (Straka and Straková, ÚFAL, CC BY-NC-SA 4.0); rests on 'hijos' → 'בְנֵי'
19:2	15	los				expands	supplied-article-spa	safe	0.7923	approved	0				article the original does not write, read as one by UDPipe's Spanish-AnCora model (Straka and Straková, ÚFAL, CC BY-NC-SA 4.0); rests on 'hijos' → 'בְּנֵ֣י'
19:4	22	la				expands	supplied-article-spa	safe	0.7879	approved	0				article the original does not write, read as one by UDPipe's Spanish-AnCora model (Straka and Straková, ÚFAL, CC BY-NC-SA 4.0); rests on 'sangre' → 'דָּמָ֖הּ'
19:9	26	los				expands	supplied-article-spa	safe	0.7923	approved	0				article the original does not write, read as one by UDPipe's Spanish-AnCora model (Straka and Straková, ÚFAL, CC BY-NC-SA 4.0); rests on 'hijos' → 'בְּנֵֽי'
19:9	36	una				expands	supplied-indefinite-article-spa	safe	0.6272	approved	0				indefinite article, read as one by UDPipe's Spanish-AnCora model (Straka and Straková, ÚFAL, CC BY-NC-SA 4.0); rests on 'expiación' → 'חַטָּ֥את'
19:10	22	los				expands	supplied-article-spa	safe	0.7923	approved	0				article the original does not write, read as one by UDPipe's Spanish-AnCora model (Straka and Straková, ÚFAL, CC BY-NC-SA 4.0); rests on 'hijos' → 'בְנֵ֣י'
19:14	10	la				expands	supplied-article-spa	safe	0.7506	approved	0				article the original does not write, read as one by UDPipe's Spanish-AnCora model (Straka and Straková, ÚFAL, CC BY-NC-SA 4.0); rests on 'tienda' → 'אֹ֑הֶל'
19:17	23	un				expands	supplied-indefinite-article-spa	safe	0.6125	approved	0				indefinite article, read as one by UDPipe's Spanish-AnCora model (Straka and Straková, ÚFAL, CC BY-NC-SA 4.0); rests on 'vaso' → 'כֶּֽלִי'
20:1	3	los				expands	supplied-article-spa	safe	0.7923	approved	0				article the original does not write, read as one by UDPipe's Spanish-AnCora model (Straka and Straková, ÚFAL, CC BY-NC-SA 4.0); rests on 'hijos' → 'בְנֵֽי'
20:6	24	la				expands	supplied-article-spa	safe	0.6788	approved	0				article the original does not write, read as one by UDPipe's Spanish-AnCora model (Straka and Straková, ÚFAL, CC BY-NC-SA 4.0); rests on 'gloria' → 'כְבֹוד'
20:12	20	los				expands	supplied-article-spa	safe	0.7923	approved	0				article the original does not write, read as one by UDPipe's Spanish-AnCora model (Straka and Straková, ÚFAL, CC BY-NC-SA 4.0); rests on 'hijos' → 'בְּנֵ֣י'
20:13	3	las				expands	supplied-article-spa	safe	0.7936	approved	0				article the original does not write, read as one by UDPipe's Spanish-AnCora model (Straka and Straková, ÚFAL, CC BY-NC-SA 4.0); rests on 'aguas' → 'מֵ֣י'
20:13	12	los				expands	supplied-article-spa	safe	0.7923	approved	0				article the original does not write, read as one by UDPipe's Spanish-AnCora model (Straka and Straková, ÚFAL, CC BY-NC-SA 4.0); rests on 'hijos' → 'בְנֵֽי'
20:15	14	los				expands	supplied-article-spa	safe	0.7078	approved	0				article the original does not write, read as one by UDPipe's Spanish-AnCora model (Straka and Straková, ÚFAL, CC BY-NC-SA 4.0); rests on 'Egipcios' → 'מִצְרַ֖יִם'
20:17	20	el				expands	supplied-article-spa	safe	0.7517	approved	0				article the original does not write, read as one by UDPipe's Spanish-AnCora model (Straka and Straková, ÚFAL, CC BY-NC-SA 4.0); rests on 'camino' → 'דֶּ֧רֶךְ'
20:17	27	la				expands	supplied-article-spa	safe	0.7842	approved	0				article the original does not write, read as one by UDPipe's Spanish-AnCora model (Straka and Straková, ÚFAL, CC BY-NC-SA 4.0); rests on 'diestra' → 'יָמִ֣ין'
20:17	31	la				expands	supplied-article-spa	safe	0.8	approved	0				article the original does not write, read as one by UDPipe's Spanish-AnCora model (Straka and Straková, ÚFAL, CC BY-NC-SA 4.0); rests on 'siniestra' → 'שְׂמֹ֔אול'
20:19	2	los				expands	supplied-article-spa	safe	0.7923	approved	0				article the original does not write, read as one by UDPipe's Spanish-AnCora model (Straka and Straková, ÚFAL, CC BY-NC-SA 4.0); rests on 'hijos' → 'בְּנֵֽי'
20:22	5	los				expands	supplied-article-spa	safe	0.7923	approved	0				article the original does not write, read as one by UDPipe's Spanish-AnCora model (Straka and Straková, ÚFAL, CC BY-NC-SA 4.0); rests on 'hijos' → 'בְנֵֽי'
20:23	17	la				expands	supplied-article-spa	safe	0.752	approved	0				article the original does not write, read as one by UDPipe's Spanish-AnCora model (Straka and Straková, ÚFAL, CC BY-NC-SA 4.0); rests on 'tierra' → 'אֶֽרֶץ'
20:24	17	los				expands	supplied-article-spa	safe	0.7923	approved	0				article the original does not write, read as one by UDPipe's Spanish-AnCora model (Straka and Straková, ÚFAL, CC BY-NC-SA 4.0); rests on 'hijos' → 'בְנֵ֣י'
20:24	29	las				expands	supplied-article-spa	safe	0.7936	approved	0				article the original does not write, read as one by UDPipe's Spanish-AnCora model (Straka and Straková, ÚFAL, CC BY-NC-SA 4.0); rests on 'aguas' → 'מֵ֥י'
20:28	21	la				expands	supplied-article-spa	safe	0.7859	approved	0				article the original does not write, read as one by UDPipe's Spanish-AnCora model (Straka and Straková, ÚFAL, CC BY-NC-SA 4.0); rests on 'cumbre' → 'רֹ֣אשׁ'
21:1	5	el				expands	supplied-article-spa	safe	0.7778	approved	0				article the original does not write, read as one by UDPipe's Spanish-AnCora model (Straka and Straková, ÚFAL, CC BY-NC-SA 4.0); rests on 'rey' → 'מֶֽלֶךְ'
21:1	18	el				expands	supplied-article-spa	safe	0.7504	approved	0				article the original does not write, read as one by UDPipe's Spanish-AnCora model (Straka and Straková, ÚFAL, CC BY-NC-SA 4.0); rests on 'camino' → 'דֶּ֖רֶךְ'
21:3	4	la				expands	supplied-article-spa	safe	0.7935	approved	0				article the original does not write, read as one by UDPipe's Spanish-AnCora model (Straka and Straková, ÚFAL, CC BY-NC-SA 4.0); rests on 'voz' → 'קֹ֣ול'
21:3	22	el				expands	supplied-article-spa	safe	0.7864	approved	0				article the original does not write, read as one by UDPipe's Spanish-AnCora model (Straka and Straková, ÚFAL, CC BY-NC-SA 4.0); rests on 'nombre' → 'שֵׁם'
21:4	13	la				expands	supplied-article-spa	safe	0.7519	approved	0				article the original does not write, read as one by UDPipe's Spanish-AnCora model (Straka and Straková, ÚFAL, CC BY-NC-SA 4.0); rests on 'tierra' → 'אֶ֣רֶץ'
21:9	4	una				expands	supplied-indefinite-article-spa	safe	0.7526	approved	0				indefinite article, read as one by UDPipe's Spanish-AnCora model (Straka and Straková, ÚFAL, CC BY-NC-SA 4.0); rests on 'serpiente' → 'נְחַ֣שׁ'
21:9	24	la				expands	supplied-article-spa	safe	0.7526	approved	0				article the original does not write, read as one by UDPipe's Spanish-AnCora model (Straka and Straková, ÚFAL, CC BY-NC-SA 4.0); rests on 'serpiente' → 'נְחַ֥שׁ'
21:10	3	los				expands	supplied-article-spa	safe	0.7923	approved	0				article the original does not write, read as one by UDPipe's Spanish-AnCora model (Straka and Straková, ÚFAL, CC BY-NC-SA 4.0); rests on 'hijos' → 'בְּנֵ֣י'
21:12	6	la				expands	supplied-article-spa	safe	0.722	approved	0				article the original does not write, read as one by UDPipe's Spanish-AnCora model (Straka and Straková, ÚFAL, CC BY-NC-SA 4.0); rests on 'arroyada' → 'נַ֥חַל'
21:14	6	el				expands	supplied-article-spa	safe	0.7669	approved	0				article the original does not write, read as one by UDPipe's Spanish-AnCora model (Straka and Straková, ÚFAL, CC BY-NC-SA 4.0); rests on 'libro' → 'סֵ֖פֶר'
21:14	9	las				expands	supplied-article-spa	safe	0.7168	approved	0				article the original does not write, read as one by UDPipe's Spanish-AnCora model (Straka and Straková, ÚFAL, CC BY-NC-SA 4.0); rests on 'batallas' → 'מִלְחֲמֹ֣ת'
21:15	17	el				expands	supplied-article-spa	safe	0.7022	approved	0				article the original does not write, read as one by UDPipe's Spanish-AnCora model (Straka and Straková, ÚFAL, CC BY-NC-SA 4.0); rests on 'término' → 'גְב֥וּל'
21:18	8	los				expands	supplied-article-spa	safe	0.6303	approved	0				article the original does not write, read as one by UDPipe's Spanish-AnCora model (Straka and Straková, ÚFAL, CC BY-NC-SA 4.0); rests on 'príncipes' → 'שָׂרִ֗ים'
21:18	13	el				expands	supplied-article-spa	safe	0.8	approved	0				article the original does not write, read as one by UDPipe's Spanish-AnCora model (Straka and Straková, ÚFAL, CC BY-NC-SA 4.0); rests on 'legislador' → 'מְחֹקֵ֖ק'
21:20	15	la				expands	supplied-article-spa	safe	0.7859	approved	0				article the original does not write, read as one by UDPipe's Spanish-AnCora model (Straka and Straková, ÚFAL, CC BY-NC-SA 4.0); rests on 'cumbre' → 'רֹ֖אשׁ'
21:22	13	las				expands	supplied-article-spa	safe	0.746	approved	0				article the original does not write, read as one by UDPipe's Spanish-AnCora model (Straka and Straková, ÚFAL, CC BY-NC-SA 4.0); rests on 'viñas' → 'כֶ֔רֶם'
21:22	17	las				expands	supplied-article-spa	safe	0.7937	approved	0				article the original does not write, read as one by UDPipe's Spanish-AnCora model (Straka and Straková, ÚFAL, CC BY-NC-SA 4.0); rests on 'aguas' → 'מֵ֣י'
21:22	20	los				expands	supplied-article-spa	safe	0.8	approved	0				article the original does not write, read as one by UDPipe's Spanish-AnCora model (Straka and Straková, ÚFAL, CC BY-NC-SA 4.0); rests on 'pozos' → 'בְאֵ֑ר'
21:22	23	el				expands	supplied-article-spa	safe	0.7504	approved	0				article the original does not write, read as one by UDPipe's Spanish-AnCora model (Straka and Straková, ÚFAL, CC BY-NC-SA 4.0); rests on 'camino' → 'דֶ֤רֶךְ'
21:24	17	los				expands	supplied-article-spa	safe	0.7923	approved	0				article the original does not write, read as one by UDPipe's Spanish-AnCora model (Straka and Straková, ÚFAL, CC BY-NC-SA 4.0); rests on 'hijos' → 'בְּנֵ֣י'
21:24	22	el				expands	supplied-article-spa	safe	0.7022	approved	0				article the original does not write, read as one by UDPipe's Spanish-AnCora model (Straka and Straková, ÚFAL, CC BY-NC-SA 4.0); rests on 'término' → 'גְּב֖וּל'
21:24	25	los				expands	supplied-article-spa	safe	0.7923	approved	0				article the original does not write, read as one by UDPipe's Spanish-AnCora model (Straka and Straková, ÚFAL, CC BY-NC-SA 4.0); rests on 'hijos' → 'בְּנֵ֥י'
21:26	4	la				expands	supplied-article-spa	safe	0.7717	approved	0				article the original does not write, read as one by UDPipe's Spanish-AnCora model (Straka and Straková, ÚFAL, CC BY-NC-SA 4.0); rests on 'ciudad' → 'עִ֗יר'
21:26	19	el				expands	supplied-article-spa	safe	0.7778	approved	0				article the original does not write, read as one by UDPipe's Spanish-AnCora model (Straka and Straková, ÚFAL, CC BY-NC-SA 4.0); rests on 'rey' → 'מֶ֤לֶךְ'
21:27	12	la				expands	supplied-article-spa	safe	0.7717	approved	0				article the original does not write, read as one by UDPipe's Spanish-AnCora model (Straka and Straková, ÚFAL, CC BY-NC-SA 4.0); rests on 'ciudad' → 'עִ֥יר'
21:28	23	los				expands	supplied-article-spa	safe	0.7014	approved	0				article the original does not write, read as one by UDPipe's Spanish-AnCora model (Straka and Straková, ÚFAL, CC BY-NC-SA 4.0); rests on 'altos' → 'בָּמֹ֥ות'
21:29	24	los				expands	supplied-article-spa	safe	0.8	approved	0				article the original does not write, read as one by UDPipe's Spanish-AnCora model (Straka and Straková, ÚFAL, CC BY-NC-SA 4.0); rests on 'Amorrheos' → 'אֱמֹרִ֖י'
22:1	3	los				expands	supplied-article-spa	safe	0.7923	approved	0				article the original does not write, read as one by UDPipe's Spanish-AnCora model (Straka and Straková, ÚFAL, CC BY-NC-SA 4.0); rests on 'hijos' → 'בְּנֵ֣י'
22:3	18	los				expands	supplied-article-spa	safe	0.7923	approved	0				article the original does not write, read as one by UDPipe's Spanish-AnCora model (Straka and Straková, ÚFAL, CC BY-NC-SA 4.0); rests on 'hijos' → 'בְּנֵ֥י'
22:4	5	los				expands	supplied-article-spa	safe	0.8	approved	0				article the original does not write, read as one by UDPipe's Spanish-AnCora model (Straka and Straková, ÚFAL, CC BY-NC-SA 4.0); rests on 'ancianos' → 'זִקְנֵ֣י'
22:5	18	la				expands	supplied-article-spa	safe	0.7519	approved	0				article the original does not write, read as one by UDPipe's Spanish-AnCora model (Straka and Straková, ÚFAL, CC BY-NC-SA 4.0); rests on 'tierra' → 'אֶ֥רֶץ'
22:5	21	los				expands	supplied-article-spa	safe	0.7923	approved	0				article the original does not write, read as one by UDPipe's Spanish-AnCora model (Straka and Straková, ÚFAL, CC BY-NC-SA 4.0); rests on 'hijos' → 'בְּנֵי'
22:5	31	Un				expands	supplied-indefinite-article-spa	safe	0.79	approved	0				indefinite article, read as one by UDPipe's Spanish-AnCora model (Straka and Straková, ÚFAL, CC BY-NC-SA 4.0); rests on 'pueblo' → 'עַ֣ם'
22:7	3	los				expands	supplied-article-spa	safe	0.8	approved	0				article the original does not write, read as one by UDPipe's Spanish-AnCora model (Straka and Straková, ÚFAL, CC BY-NC-SA 4.0); rests on 'ancianos' → 'זִקְנֵ֤י'
22:7	8	los				expands	supplied-article-spa	safe	0.8	approved	0				article the original does not write, read as one by UDPipe's Spanish-AnCora model (Straka and Straková, ÚFAL, CC BY-NC-SA 4.0); rests on 'ancianos' → 'זִקְנֵ֣י'
22:7	27	las				expands	supplied-article-spa	safe	0.7063	approved	0				article the original does not write, read as one by UDPipe's Spanish-AnCora model (Straka and Straková, ÚFAL, CC BY-NC-SA 4.0); rests on 'palabras' → 'דִּבְרֵ֥י'
22:8	13	las				expands	supplied-article-spa	safe	0.7063	approved	0				article the original does not write, read as one by UDPipe's Spanish-AnCora model (Straka and Straková, ÚFAL, CC BY-NC-SA 4.0); rests on 'palabras' → 'דָּבָ֔ר'
22:8	20	los				expands	supplied-article-spa	safe	0.6253	approved	0				article the original does not write, read as one by UDPipe's Spanish-AnCora model (Straka and Straková, ÚFAL, CC BY-NC-SA 4.0); rests on 'príncipes' → 'שָׂרֵֽי'
22:13	11	los				expands	supplied-article-spa	safe	0.6253	approved	0				article the original does not write, read as one by UDPipe's Spanish-AnCora model (Straka and Straková, ÚFAL, CC BY-NC-SA 4.0); rests on 'príncipes' → 'שָׂרֵ֣י'
22:14	2	los				expands	supplied-article-spa	safe	0.6253	approved	0				article the original does not write, read as one by UDPipe's Spanish-AnCora model (Straka and Straková, ÚFAL, CC BY-NC-SA 4.0); rests on 'príncipes' → 'שָׂרֵ֣י'
22:18	7	los				expands	supplied-article-spa	safe	0.7848	approved	0				article the original does not write, read as one by UDPipe's Spanish-AnCora model (Straka and Straková, ÚFAL, CC BY-NC-SA 4.0); rests on 'siervos' → 'עַבְדֵ֣י'
22:21	15	los				expands	supplied-article-spa	safe	0.6253	approved	0				article the original does not write, read as one by UDPipe's Spanish-AnCora model (Straka and Straková, ÚFAL, CC BY-NC-SA 4.0); rests on 'príncipes' → 'שָׂרֵ֥י'
22:22	12	el				expands	supplied-article-spa	safe	0.8	approved	0				article the original does not write, read as one by UDPipe's Spanish-AnCora model (Straka and Straková, ÚFAL, CC BY-NC-SA 4.0); rests on 'ángel' → 'מַלְאַ֧ךְ'
22:24	2	el				expands	supplied-article-spa	safe	0.8	approved	0				article the original does not write, read as one by UDPipe's Spanish-AnCora model (Straka and Straková, ÚFAL, CC BY-NC-SA 4.0); rests on 'ángel' → 'מַלְאַ֣ךְ'
22:25	18	el				expands	supplied-article-spa	safe	0.5969	approved	0				article the original does not write, read as one by UDPipe's Spanish-AnCora model (Straka and Straková, ÚFAL, CC BY-NC-SA 4.0); rests on 'pie' → 'רֶ֥גֶל'
22:26	2	el				expands	supplied-article-spa	safe	0.8	approved	0				article the original does not write, read as one by UDPipe's Spanish-AnCora model (Straka and Straková, ÚFAL, CC BY-NC-SA 4.0); rests on 'ángel' → 'מַלְאַךְ'
22:28	4	la				expands	supplied-article-spa	safe	0.7853	approved	0				article the original does not write, read as one by UDPipe's Spanish-AnCora model (Straka and Straková, ÚFAL, CC BY-NC-SA 4.0); rests on 'boca' → 'פִּ֣י'
22:31	4	los				expands	supplied-article-spa	safe	0.7885	approved	0				article the original does not write, read as one by UDPipe's Spanish-AnCora model (Straka and Straková, ÚFAL, CC BY-NC-SA 4.0); rests on 'ojos' → 'עֵינֵ֣י'
22:32	2	el				expands	supplied-article-spa	safe	0.8	approved	0				article the original does not write, read as one by UDPipe's Spanish-AnCora model (Straka and Straková, ÚFAL, CC BY-NC-SA 4.0); rests on 'ángel' → 'מַלְאַ֣ךְ'
22:35	2	el				expands	supplied-article-spa	safe	0.8	approved	0				article the original does not write, read as one by UDPipe's Spanish-AnCora model (Straka and Straková, ÚFAL, CC BY-NC-SA 4.0); rests on 'ángel' → 'מַלְאַ֨ךְ'
22:35	26	los				expands	supplied-article-spa	safe	0.6253	approved	0				article the original does not write, read as one by UDPipe's Spanish-AnCora model (Straka and Straková, ÚFAL, CC BY-NC-SA 4.0); rests on 'príncipes' → 'שָׂרֵ֥י'
22:36	11	la				expands	supplied-article-spa	safe	0.7711	approved	0				article the original does not write, read as one by UDPipe's Spanish-AnCora model (Straka and Straková, ÚFAL, CC BY-NC-SA 4.0); rests on 'ciudad' → 'עִ֣יר'
23:2	13	un				expands	supplied-indefinite-article-spa	safe	0.6899	approved	0				indefinite article, read as one by UDPipe's Spanish-AnCora model (Straka and Straková, ÚFAL, CC BY-NC-SA 4.0); rests on 'becerro' → 'פָּ֥ר'
23:2	16	un				expands	supplied-indefinite-article-spa	safe	0.7793	approved	0				indefinite article, read as one by UDPipe's Spanish-AnCora model (Straka and Straková, ÚFAL, CC BY-NC-SA 4.0); rests on 'carnero' → 'אַ֖יִל'
23:4	22	un				expands	supplied-indefinite-article-spa	safe	0.6899	approved	0				indefinite article, read as one by UDPipe's Spanish-AnCora model (Straka and Straková, ÚFAL, CC BY-NC-SA 4.0); rests on 'becerro' → 'פָּ֥ר'
23:4	25	un				expands	supplied-indefinite-article-spa	safe	0.7793	approved	0				indefinite article, read as one by UDPipe's Spanish-AnCora model (Straka and Straková, ÚFAL, CC BY-NC-SA 4.0); rests on 'carnero' → 'אַ֖יִל'
23:5	6	la				expands	supplied-article-spa	safe	0.7853	approved	0				article the original does not write, read as one by UDPipe's Spanish-AnCora model (Straka and Straková, ÚFAL, CC BY-NC-SA 4.0); rests on 'boca' → 'פִ֣י'
23:6	17	los				expands	supplied-article-spa	safe	0.6282	approved	0				article the original does not write, read as one by UDPipe's Spanish-AnCora model (Straka and Straková, ÚFAL, CC BY-NC-SA 4.0); rests on 'príncipes' → 'שָׂרֵ֥י'
23:9	3	la				expands	supplied-article-spa	safe	0.785	approved	0				article the original does not write, read as one by UDPipe's Spanish-AnCora model (Straka and Straková, ÚFAL, CC BY-NC-SA 4.0); rests on 'cumbre' → 'רֹ֤אשׁ'
23:9	12	los				expands	supplied-article-spa	safe	0.7654	approved	0				article the original does not write, read as one by UDPipe's Spanish-AnCora model (Straka and Straková, ÚFAL, CC BY-NC-SA 4.0); rests on 'collados' → 'גְּבָעֹ֖ות'
23:9	18	un				expands	supplied-indefinite-article-spa	safe	0.79	approved	0				indefinite article, read as one by UDPipe's Spanish-AnCora model (Straka and Straková, ÚFAL, CC BY-NC-SA 4.0); rests on 'pueblo' → 'עָם֙'
23:10	3	el				expands	supplied-article-spa	safe	0.746	approved	0				article the original does not write, read as one by UDPipe's Spanish-AnCora model (Straka and Straková, ÚFAL, CC BY-NC-SA 4.0); rests on 'polvo' → 'עֲפַ֣ר'
23:10	8	el				expands	supplied-article-spa	safe	0.7696	approved	0				article the original does not write, read as one by UDPipe's Spanish-AnCora model (Straka and Straková, ÚFAL, CC BY-NC-SA 4.0); rests on 'número' → 'מִסְפָּ֖ר'
23:10	20	la				expands	supplied-article-spa	safe	0.6441	approved	0				article the original does not write, read as one by UDPipe's Spanish-AnCora model (Straka and Straková, ÚFAL, CC BY-NC-SA 4.0); rests on 'muerte' → 'מֹ֣ות'
23:10	23	los				expands	supplied-article-spa	safe	0.7635	approved	0				article the original does not write, read as one by UDPipe's Spanish-AnCora model (Straka and Straková, ÚFAL, CC BY-NC-SA 4.0); rests on 'rectos' → 'יְשָׁרִ֔ים'
23:14	8	la				expands	supplied-article-spa	safe	0.785	approved	0				article the original does not write, read as one by UDPipe's Spanish-AnCora model (Straka and Straková, ÚFAL, CC BY-NC-SA 4.0); rests on 'cumbre' → 'רֹ֖אשׁ'
23:14	18	un				expands	supplied-indefinite-article-spa	safe	0.6899	approved	0				indefinite article, read as one by UDPipe's Spanish-AnCora model (Straka and Straková, ÚFAL, CC BY-NC-SA 4.0); rests on 'becerro' → 'פָּ֥ר'
23:14	21	un				expands	supplied-indefinite-article-spa	safe	0.7793	approved	0				indefinite article, read as one by UDPipe's Spanish-AnCora model (Straka and Straková, ÚFAL, CC BY-NC-SA 4.0); rests on 'carnero' → 'אַ֖יִל'
23:17	18	los				expands	supplied-article-spa	safe	0.6282	approved	0				article the original does not write, read as one by UDPipe's Spanish-AnCora model (Straka and Straková, ÚFAL, CC BY-NC-SA 4.0); rests on 'príncipes' → 'שָׂרֵ֥י'
23:24	3	el				expands	supplied-article-spa	safe	0.79	approved	0				article the original does not write, read as one by UDPipe's Spanish-AnCora model (Straka and Straková, ÚFAL, CC BY-NC-SA 4.0); rests on 'pueblo' → 'עָם֙'
23:24	25	la				expands	supplied-article-spa	safe	0.788	approved	0				article the original does not write, read as one by UDPipe's Spanish-AnCora model (Straka and Straková, ÚFAL, CC BY-NC-SA 4.0); rests on 'sangre' → 'דַם'
23:28	7	la				expands	supplied-article-spa	safe	0.785	approved	0				article the original does not write, read as one by UDPipe's Spanish-AnCora model (Straka and Straková, ÚFAL, CC BY-NC-SA 4.0); rests on 'cumbre' → 'רֹ֣אשׁ'
23:30	10	un				expands	supplied-indefinite-article-spa	safe	0.6899	approved	0				indefinite article, read as one by UDPipe's Spanish-AnCora model (Straka and Straková, ÚFAL, CC BY-NC-SA 4.0); rests on 'becerro' → 'פָּ֥ר'
23:30	13	un				expands	supplied-indefinite-article-spa	safe	0.7793	approved	0				indefinite article, read as one by UDPipe's Spanish-AnCora model (Straka and Straková, ÚFAL, CC BY-NC-SA 4.0); rests on 'carnero' → 'אַ֖יִל'
24:2	13	el				expands	supplied-article-spa	safe	0.7757	approved	0				article the original does not write, read as one by UDPipe's Spanish-AnCora model (Straka and Straková, ÚFAL, CC BY-NC-SA 4.0); rests on 'espíritu' → 'ר֥וּחַ'
24:4	5	los				expands	supplied-article-spa	safe	0.6313	approved	0				article the original does not write, read as one by UDPipe's Spanish-AnCora model (Straka and Straková, ÚFAL, CC BY-NC-SA 4.0); rests on 'dichos' → 'אִמְרֵי'
24:4	19	los				expands	supplied-article-spa	safe	0.7892	approved	0				article the original does not write, read as one by UDPipe's Spanish-AnCora model (Straka and Straková, ÚFAL, CC BY-NC-SA 4.0); rests on 'ojos' → 'עֵינָֽיִם'
24:6	19	las				expands	supplied-article-spa	safe	0.7937	approved	0				article the original does not write, read as one by UDPipe's Spanish-AnCora model (Straka and Straková, ÚFAL, CC BY-NC-SA 4.0); rests on 'aguas' → 'מָֽיִם'
24:8	13	las				expands	supplied-article-spa	safe	0.7949	approved	0				article the original does not write, read as one by UDPipe's Spanish-AnCora model (Straka and Straková, ÚFAL, CC BY-NC-SA 4.0); rests on 'gentes' → 'גֹּויִ֣ם'
24:16	5	los				expands	supplied-article-spa	safe	0.6313	approved	0				article the original does not write, read as one by UDPipe's Spanish-AnCora model (Straka and Straková, ÚFAL, CC BY-NC-SA 4.0); rests on 'dichos' → 'אִמְרֵי'
24:16	13	la				expands	supplied-article-spa	safe	0.65	approved	0				article the original does not write, read as one by UDPipe's Spanish-AnCora model (Straka and Straková, ÚFAL, CC BY-NC-SA 4.0); rests on 'ciencia' → 'דַּ֣עַת'
24:16	27	los				expands	supplied-article-spa	safe	0.7892	approved	0				article the original does not write, read as one by UDPipe's Spanish-AnCora model (Straka and Straková, ÚFAL, CC BY-NC-SA 4.0); rests on 'ojos' → 'עֵינָֽיִם'
24:17	30	los				expands	supplied-article-spa	safe	0.7923	approved	0				article the original does not write, read as one by UDPipe's Spanish-AnCora model (Straka and Straková, ÚFAL, CC BY-NC-SA 4.0); rests on 'hijos' → 'בְּנֵי'
24:19	10	la				expands	supplied-article-spa	safe	0.7711	approved	0				article the original does not write, read as one by UDPipe's Spanish-AnCora model (Straka and Straková, ÚFAL, CC BY-NC-SA 4.0); rests on 'ciudad' → 'עִֽיר'
25:1	13	las				expands	supplied-article-spa	safe	0.8	approved	0				article the original does not write, read as one by UDPipe's Spanish-AnCora model (Straka and Straková, ÚFAL, CC BY-NC-SA 4.0); rests on 'hijas' → 'בְּנֹ֥ות'
25:2	7	los				expands	supplied-article-spa	safe	0.75	approved	0				article the original does not write, read as one by UDPipe's Spanish-AnCora model (Straka and Straková, ÚFAL, CC BY-NC-SA 4.0); rests on 'sacrificios' → 'זִבְחֵ֖י'
25:5	5	los				expands	supplied-article-spa	safe	0.7036	approved	0				article the original does not write, read as one by UDPipe's Spanish-AnCora model (Straka and Straková, ÚFAL, CC BY-NC-SA 4.0); rests on 'jueces' → 'שֹׁפְטֵ֖י'
25:6	4	un				expands	supplied-indefinite-article-spa	safe	0.7222	approved	0				indefinite article, read as one by UDPipe's Spanish-AnCora model (Straka and Straková, ÚFAL, CC BY-NC-SA 4.0); rests on 'varón' → 'אִישׁ֩'
25:6	7	los				expands	supplied-article-spa	safe	0.7923	approved	0				article the original does not write, read as one by UDPipe's Spanish-AnCora model (Straka and Straková, ÚFAL, CC BY-NC-SA 4.0); rests on 'hijos' → 'בְּנֵ֨י'
25:6	29	los				expands	supplied-article-spa	safe	0.7923	approved	0				article the original does not write, read as one by UDPipe's Spanish-AnCora model (Straka and Straková, ÚFAL, CC BY-NC-SA 4.0); rests on 'hijos' → 'בְּנֵי'
25:8	4	el				expands	supplied-article-spa	safe	0.7222	approved	0				article the original does not write, read as one by UDPipe's Spanish-AnCora model (Straka and Straková, ÚFAL, CC BY-NC-SA 4.0); rests on 'varón' → 'אִֽישׁ'
25:8	31	los				expands	supplied-article-spa	safe	0.7923	approved	0				article the original does not write, read as one by UDPipe's Spanish-AnCora model (Straka and Straková, ÚFAL, CC BY-NC-SA 4.0); rests on 'hijos' → 'בְּנֵ֥י'
25:11	16	los				expands	supplied-article-spa	safe	0.7923	approved	0				article the original does not write, read as one by UDPipe's Spanish-AnCora model (Straka and Straková, ÚFAL, CC BY-NC-SA 4.0); rests on 'hijos' → 'בְּנֵֽי'
25:11	36	los				expands	supplied-article-spa	safe	0.7923	approved	0				article the original does not write, read as one by UDPipe's Spanish-AnCora model (Straka and Straková, ÚFAL, CC BY-NC-SA 4.0); rests on 'hijos' → 'בְּנֵֽי'
25:13	10	el				expands	supplied-article-spa	safe	0.7953	approved	0				article the original does not write, read as one by UDPipe's Spanish-AnCora model (Straka and Straková, ÚFAL, CC BY-NC-SA 4.0); rests on 'pacto' → 'בְּרִ֖ית'
25:13	26	los				expands	supplied-article-spa	safe	0.7923	approved	0				article the original does not write, read as one by UDPipe's Spanish-AnCora model (Straka and Straková, ÚFAL, CC BY-NC-SA 4.0); rests on 'hijos' → 'בְּנֵ֥י'
25:14	2	el				expands	supplied-article-spa	safe	0.7864	approved	0				article the original does not write, read as one by UDPipe's Spanish-AnCora model (Straka and Straková, ÚFAL, CC BY-NC-SA 4.0); rests on 'nombre' → 'שֵׁם֩'
25:15	2	el				expands	supplied-article-spa	safe	0.7864	approved	0				article the original does not write, read as one by UDPipe's Spanish-AnCora model (Straka and Straková, ÚFAL, CC BY-NC-SA 4.0); rests on 'nombre' → 'שֵׁ֨ם'
25:18	17	el				expands	supplied-article-spa	safe	0.6875	approved	0				article the original does not write, read as one by UDPipe's Spanish-AnCora model (Straka and Straková, ÚFAL, CC BY-NC-SA 4.0); rests on 'negocio' → 'דְּבַר'
25:18	23	el				expands	supplied-article-spa	safe	0.6875	approved	0				article the original does not write, read as one by UDPipe's Spanish-AnCora model (Straka and Straková, ÚFAL, CC BY-NC-SA 4.0); rests on 'negocio' → 'דְּבַ֞ר'
25:18	38	el				expands	supplied-article-spa	safe	0.7597	approved	0				article the original does not write, read as one by UDPipe's Spanish-AnCora model (Straka and Straková, ÚFAL, CC BY-NC-SA 4.0); rests on 'día' → 'יֹום'
26:2	9	los				expands	supplied-article-spa	safe	0.7924	approved	0				article the original does not write, read as one by UDPipe's Spanish-AnCora model (Straka and Straková, ÚFAL, CC BY-NC-SA 4.0); rests on 'hijos' → 'בְּנֵי'
26:2	18	las				expands	supplied-article-spa	safe	0.7858	approved	0				article the original does not write, read as one by UDPipe's Spanish-AnCora model (Straka and Straková, ÚFAL, CC BY-NC-SA 4.0); rests on 'casas' → 'בֵ֣ית'
26:4	15	los				expands	supplied-article-spa	safe	0.7924	approved	0				article the original does not write, read as one by UDPipe's Spanish-AnCora model (Straka and Straková, ÚFAL, CC BY-NC-SA 4.0); rests on 'hijos' → 'בְנֵ֣י'
26:5	5	los				expands	supplied-article-spa	safe	0.7924	approved	0				article the original does not write, read as one by UDPipe's Spanish-AnCora model (Straka and Straková, ÚFAL, CC BY-NC-SA 4.0); rests on 'hijos' → 'בְּנֵ֣י'
26:8	2	los				expands	supplied-article-spa	safe	0.7924	approved	0				article the original does not write, read as one by UDPipe's Spanish-AnCora model (Straka and Straková, ÚFAL, CC BY-NC-SA 4.0); rests on 'hijos' → 'בְנֵ֥י'
26:9	2	los				expands	supplied-article-spa	safe	0.7924	approved	0				article the original does not write, read as one by UDPipe's Spanish-AnCora model (Straka and Straková, ÚFAL, CC BY-NC-SA 4.0); rests on 'hijos' → 'בְנֵ֣י'
26:11	2	los				expands	supplied-article-spa	safe	0.7924	approved	0				article the original does not write, read as one by UDPipe's Spanish-AnCora model (Straka and Straková, ÚFAL, CC BY-NC-SA 4.0); rests on 'hijos' → 'בְנֵי'
26:12	1	Los				expands	supplied-article-spa	safe	0.7924	approved	0				article the original does not write, read as one by UDPipe's Spanish-AnCora model (Straka and Straková, ÚFAL, CC BY-NC-SA 4.0); rests on 'hijos' → 'בְּנֵ֣י'
26:15	1	Los				expands	supplied-article-spa	safe	0.7924	approved	0				article the original does not write, read as one by UDPipe's Spanish-AnCora model (Straka and Straková, ÚFAL, CC BY-NC-SA 4.0); rests on 'hijos' → 'בְּנֵ֣י'
26:18	3	las				expands	supplied-article-spa	safe	0.6882	approved	0				article the original does not write, read as one by UDPipe's Spanish-AnCora model (Straka and Straková, ÚFAL, CC BY-NC-SA 4.0); rests on 'familias' → 'מִשְׁפְּחֹ֥ת'
26:19	1	Los				expands	supplied-article-spa	safe	0.7924	approved	0				article the original does not write, read as one by UDPipe's Spanish-AnCora model (Straka and Straková, ÚFAL, CC BY-NC-SA 4.0); rests on 'hijos' → 'בְּנֵ֥י'
26:19	14	la				expands	supplied-article-spa	safe	0.7519	approved	0				article the original does not write, read as one by UDPipe's Spanish-AnCora model (Straka and Straková, ÚFAL, CC BY-NC-SA 4.0); rests on 'tierra' → 'אֶ֥רֶץ'
26:20	3	los				expands	supplied-article-spa	safe	0.7924	approved	0				article the original does not write, read as one by UDPipe's Spanish-AnCora model (Straka and Straková, ÚFAL, CC BY-NC-SA 4.0); rests on 'hijos' → 'בְנֵי'
26:21	3	los				expands	supplied-article-spa	safe	0.7924	approved	0				article the original does not write, read as one by UDPipe's Spanish-AnCora model (Straka and Straková, ÚFAL, CC BY-NC-SA 4.0); rests on 'hijos' → 'בְנֵי'
26:22	3	las				expands	supplied-article-spa	safe	0.6882	approved	0				article the original does not write, read as one by UDPipe's Spanish-AnCora model (Straka and Straková, ÚFAL, CC BY-NC-SA 4.0); rests on 'familias' → 'מִשְׁפְּחֹ֥ת'
26:23	1	Los				expands	supplied-article-spa	safe	0.7924	approved	0				article the original does not write, read as one by UDPipe's Spanish-AnCora model (Straka and Straková, ÚFAL, CC BY-NC-SA 4.0); rests on 'hijos' → 'בְּנֵ֤י'
26:25	3	las				expands	supplied-article-spa	safe	0.6882	approved	0				article the original does not write, read as one by UDPipe's Spanish-AnCora model (Straka and Straková, ÚFAL, CC BY-NC-SA 4.0); rests on 'familias' → 'מִשְׁפְּחֹ֥ת'
26:26	1	Los				expands	supplied-article-spa	safe	0.7924	approved	0				article the original does not write, read as one by UDPipe's Spanish-AnCora model (Straka and Straková, ÚFAL, CC BY-NC-SA 4.0); rests on 'hijos' → 'בְּנֵ֣י'
26:28	1	Los				expands	supplied-article-spa	safe	0.7924	approved	0				article the original does not write, read as one by UDPipe's Spanish-AnCora model (Straka and Straková, ÚFAL, CC BY-NC-SA 4.0); rests on 'hijos' → 'בְּנֵ֥י'
26:29	1	Los				expands	supplied-article-spa	safe	0.7924	approved	0				article the original does not write, read as one by UDPipe's Spanish-AnCora model (Straka and Straková, ÚFAL, CC BY-NC-SA 4.0); rests on 'hijos' → 'בְּנֵ֣י'
26:30	3	los				expands	supplied-article-spa	safe	0.7924	approved	0				article the original does not write, read as one by UDPipe's Spanish-AnCora model (Straka and Straková, ÚFAL, CC BY-NC-SA 4.0); rests on 'hijos' → 'בְּנֵ֣י'
26:33	12	los				expands	supplied-article-spa	safe	0.7886	approved	0				article the original does not write, read as one by UDPipe's Spanish-AnCora model (Straka and Straková, ÚFAL, CC BY-NC-SA 4.0); rests on 'nombres' → 'שֵׁם֙'
26:33	15	las				expands	supplied-article-spa	safe	0.8	approved	0				article the original does not write, read as one by UDPipe's Spanish-AnCora model (Straka and Straková, ÚFAL, CC BY-NC-SA 4.0); rests on 'hijas' → 'בְּנֹ֣ות'
26:34	3	las				expands	supplied-article-spa	safe	0.6882	approved	0				article the original does not write, read as one by UDPipe's Spanish-AnCora model (Straka and Straková, ÚFAL, CC BY-NC-SA 4.0); rests on 'familias' → 'מִשְׁפְּחֹ֣ת'
26:35	3	los				expands	supplied-article-spa	safe	0.7924	approved	0				article the original does not write, read as one by UDPipe's Spanish-AnCora model (Straka and Straková, ÚFAL, CC BY-NC-SA 4.0); rests on 'hijos' → 'בְנֵי'
26:36	4	los				expands	supplied-article-spa	safe	0.7924	approved	0				article the original does not write, read as one by UDPipe's Spanish-AnCora model (Straka and Straková, ÚFAL, CC BY-NC-SA 4.0); rests on 'hijos' → 'בְּנֵ֣י'
26:37	3	las				expands	supplied-article-spa	safe	0.6882	approved	0				article the original does not write, read as one by UDPipe's Spanish-AnCora model (Straka and Straková, ÚFAL, CC BY-NC-SA 4.0); rests on 'familias' → 'מִשְׁפְּחֹ֤ת'
26:37	6	los				expands	supplied-article-spa	safe	0.7924	approved	0				article the original does not write, read as one by UDPipe's Spanish-AnCora model (Straka and Straková, ÚFAL, CC BY-NC-SA 4.0); rests on 'hijos' → 'בְּנֵי'
26:37	21	los				expands	supplied-article-spa	safe	0.7924	approved	0				article the original does not write, read as one by UDPipe's Spanish-AnCora model (Straka and Straková, ÚFAL, CC BY-NC-SA 4.0); rests on 'hijos' → 'בְנֵי'
26:38	1	Los				expands	supplied-article-spa	safe	0.7924	approved	0				article the original does not write, read as one by UDPipe's Spanish-AnCora model (Straka and Straková, ÚFAL, CC BY-NC-SA 4.0); rests on 'hijos' → 'בְּנֵ֣י'
26:40	2	los				expands	supplied-article-spa	safe	0.7924	approved	0				article the original does not write, read as one by UDPipe's Spanish-AnCora model (Straka and Straková, ÚFAL, CC BY-NC-SA 4.0); rests on 'hijos' → 'בְנֵי'
26:41	3	los				expands	supplied-article-spa	safe	0.7924	approved	0				article the original does not write, read as one by UDPipe's Spanish-AnCora model (Straka and Straková, ÚFAL, CC BY-NC-SA 4.0); rests on 'hijos' → 'בְנֵי'
26:42	3	los				expands	supplied-article-spa	safe	0.7924	approved	0				article the original does not write, read as one by UDPipe's Spanish-AnCora model (Straka and Straková, ÚFAL, CC BY-NC-SA 4.0); rests on 'hijos' → 'בְנֵי'
26:42	19	las				expands	supplied-article-spa	safe	0.6882	approved	0				article the original does not write, read as one by UDPipe's Spanish-AnCora model (Straka and Straková, ÚFAL, CC BY-NC-SA 4.0); rests on 'familias' → 'מִשְׁפְּחֹ֥ת'
26:44	1	Los				expands	supplied-article-spa	safe	0.7924	approved	0				article the original does not write, read as one by UDPipe's Spanish-AnCora model (Straka and Straková, ÚFAL, CC BY-NC-SA 4.0); rests on 'hijos' → 'בְּנֵ֣י'
26:45	1	Los				expands	supplied-article-spa	safe	0.7924	approved	0				article the original does not write, read as one by UDPipe's Spanish-AnCora model (Straka and Straková, ÚFAL, CC BY-NC-SA 4.0); rests on 'hijos' → 'בְנֵ֣י'
26:46	2	el				expands	supplied-article-spa	safe	0.7864	approved	0				article the original does not write, read as one by UDPipe's Spanish-AnCora model (Straka and Straková, ÚFAL, CC BY-NC-SA 4.0); rests on 'nombre' → 'שֵׁ֥ם'
26:46	5	la				expands	supplied-article-spa	safe	0.795	approved	0				article the original does not write, read as one by UDPipe's Spanish-AnCora model (Straka and Straková, ÚFAL, CC BY-NC-SA 4.0); rests on 'hija' → 'בַּת'
26:47	3	las				expands	supplied-article-spa	safe	0.6882	approved	0				article the original does not write, read as one by UDPipe's Spanish-AnCora model (Straka and Straková, ÚFAL, CC BY-NC-SA 4.0); rests on 'familias' → 'מִשְׁפְּחֹ֥ת'
26:47	6	los				expands	supplied-article-spa	safe	0.7924	approved	0				article the original does not write, read as one by UDPipe's Spanish-AnCora model (Straka and Straková, ÚFAL, CC BY-NC-SA 4.0); rests on 'hijos' → 'בְּנֵי'
26:48	1	Los				expands	supplied-article-spa	safe	0.7924	approved	0				article the original does not write, read as one by UDPipe's Spanish-AnCora model (Straka and Straková, ÚFAL, CC BY-NC-SA 4.0); rests on 'hijos' → 'בְּנֵ֤י'
26:50	3	las				expands	supplied-article-spa	safe	0.6882	approved	0				article the original does not write, read as one by UDPipe's Spanish-AnCora model (Straka and Straková, ÚFAL, CC BY-NC-SA 4.0); rests on 'familias' → 'מִשְׁפְּחֹ֥ת'
26:51	3	los				expands	supplied-article-spa	safe	0.7261	approved	0				article the original does not write, read as one by UDPipe's Spanish-AnCora model (Straka and Straková, ÚFAL, CC BY-NC-SA 4.0); rests on 'contados' → 'פְּקוּדֵי֙'
26:51	6	los				expands	supplied-article-spa	safe	0.7924	approved	0				article the original does not write, read as one by UDPipe's Spanish-AnCora model (Straka and Straková, ÚFAL, CC BY-NC-SA 4.0); rests on 'hijos' → 'בְּנֵ֣י'
26:53	13	los				expands	supplied-article-spa	safe	0.7886	approved	0				article the original does not write, read as one by UDPipe's Spanish-AnCora model (Straka and Straková, ÚFAL, CC BY-NC-SA 4.0); rests on 'nombres' → 'שֵׁמֹֽות'
26:55	10	los				expands	supplied-article-spa	safe	0.7886	approved	0				article the original does not write, read as one by UDPipe's Spanish-AnCora model (Straka and Straková, ÚFAL, CC BY-NC-SA 4.0); rests on 'nombres' → 'שְׁמֹ֥ות'
26:58	3	las				expands	supplied-article-spa	safe	0.6882	approved	0				article the original does not write, read as one by UDPipe's Spanish-AnCora model (Straka and Straková, ÚFAL, CC BY-NC-SA 4.0); rests on 'familias' → 'מִשְׁפְּחֹ֣ת'
26:58	6	los				expands	supplied-article-spa	safe	0.7864	approved	0				article the original does not write, read as one by UDPipe's Spanish-AnCora model (Straka and Straková, ÚFAL, CC BY-NC-SA 4.0); rests on 'Levitas' → 'לֵוִ֗י'
26:59	2	la				expands	supplied-article-spa	safe	0.7929	approved	0				article the original does not write, read as one by UDPipe's Spanish-AnCora model (Straka and Straková, ÚFAL, CC BY-NC-SA 4.0); rests on 'mujer' → 'אֵ֣שֶׁת'
26:62	2	los				expands	supplied-article-spa	safe	0.7261	approved	0				article the original does not write, read as one by UDPipe's Spanish-AnCora model (Straka and Straková, ÚFAL, CC BY-NC-SA 4.0); rests on 'contados' → 'פְקֻדֵיהֶ֗ם'
26:62	15	un				expands	supplied-indefinite-article-spa	safe	0.7858	approved	0				indefinite article, read as one by UDPipe's Spanish-AnCora model (Straka and Straková, ÚFAL, CC BY-NC-SA 4.0); rests on 'mes' → 'חֹ֣דֶשׁ'
26:62	23	los				expands	supplied-article-spa	safe	0.7924	approved	0				article the original does not write, read as one by UDPipe's Spanish-AnCora model (Straka and Straková, ÚFAL, CC BY-NC-SA 4.0); rests on 'hijos' → 'בְּנֵ֣י'
26:62	37	los				expands	supplied-article-spa	safe	0.7924	approved	0				article the original does not write, read as one by UDPipe's Spanish-AnCora model (Straka and Straková, ÚFAL, CC BY-NC-SA 4.0); rests on 'hijos' → 'בְּנֵ֥י'
26:63	3	los				expands	supplied-article-spa	safe	0.7261	approved	0				article the original does not write, read as one by UDPipe's Spanish-AnCora model (Straka and Straková, ÚFAL, CC BY-NC-SA 4.0); rests on 'contados' → 'פְּקוּדֵ֣י'
26:63	14	los				expands	supplied-article-spa	safe	0.7924	approved	0				article the original does not write, read as one by UDPipe's Spanish-AnCora model (Straka and Straková, ÚFAL, CC BY-NC-SA 4.0); rests on 'hijos' → 'בְּנֵ֤י'
26:64	7	los				expands	supplied-article-spa	safe	0.7261	approved	0				article the original does not write, read as one by UDPipe's Spanish-AnCora model (Straka and Straková, ÚFAL, CC BY-NC-SA 4.0); rests on 'contados' → 'פְּקוּדֵ֣י'
26:64	19	los				expands	supplied-article-spa	safe	0.7924	approved	0				article the original does not write, read as one by UDPipe's Spanish-AnCora model (Straka and Straková, ÚFAL, CC BY-NC-SA 4.0); rests on 'hijos' → 'בְּנֵ֥י'
26:64	24	el				expands	supplied-article-spa	safe	0.775	approved	0				article the original does not write, read as one by UDPipe's Spanish-AnCora model (Straka and Straková, ÚFAL, CC BY-NC-SA 4.0); rests on 'desierto' → 'מִדְבַּ֥ר'
27:1	2	LAS				expands	supplied-article-spa	safe	0.8	approved	0				article the original does not write, read as one by UDPipe's Spanish-AnCora model (Straka and Straková, ÚFAL, CC BY-NC-SA 4.0); rests on 'hijas' → 'בְּנֹ֣ות'
27:1	19	las				expands	supplied-article-spa	safe	0.7044	approved	0				article the original does not write, read as one by UDPipe's Spanish-AnCora model (Straka and Straková, ÚFAL, CC BY-NC-SA 4.0); rests on 'familias' → 'מִשְׁפְּחֹ֖ת'
27:1	26	los				expands	supplied-article-spa	safe	0.7889	approved	0				article the original does not write, read as one by UDPipe's Spanish-AnCora model (Straka and Straková, ÚFAL, CC BY-NC-SA 4.0); rests on 'nombres' → 'שְׁמֹ֣ות'
27:4	5	el				expands	supplied-article-spa	safe	0.7864	approved	0				article the original does not write, read as one by UDPipe's Spanish-AnCora model (Straka and Straková, ÚFAL, CC BY-NC-SA 4.0); rests on 'nombre' → 'שֵׁם'
27:4	22	los				expands	supplied-article-spa	safe	0.7959	approved	0				article the original does not write, read as one by UDPipe's Spanish-AnCora model (Straka and Straková, ÚFAL, CC BY-NC-SA 4.0); rests on 'hermanos' → 'אֲחֵ֥י'
27:7	3	las				expands	supplied-article-spa	safe	0.8	approved	0				article the original does not write, read as one by UDPipe's Spanish-AnCora model (Straka and Straková, ÚFAL, CC BY-NC-SA 4.0); rests on 'hijas' → 'בְּנֹ֣ות'
27:7	14	los				expands	supplied-article-spa	safe	0.7959	approved	0				article the original does not write, read as one by UDPipe's Spanish-AnCora model (Straka and Straková, ÚFAL, CC BY-NC-SA 4.0); rests on 'hermanos' → 'אֲחֵ֣י'
27:7	21	la				expands	supplied-article-spa	safe	0.6219	approved	0				article the original does not write, read as one by UDPipe's Spanish-AnCora model (Straka and Straková, ÚFAL, CC BY-NC-SA 4.0); rests on 'heredad' → 'נַחֲלַ֥ת'
27:8	3	los				expands	supplied-article-spa	safe	0.7923	approved	0				article the original does not write, read as one by UDPipe's Spanish-AnCora model (Straka and Straková, ÚFAL, CC BY-NC-SA 4.0); rests on 'hijos' → 'בְּנֵ֥י'
27:10	10	los				expands	supplied-article-spa	safe	0.7959	approved	0				article the original does not write, read as one by UDPipe's Spanish-AnCora model (Straka and Straková, ÚFAL, CC BY-NC-SA 4.0); rests on 'hermanos' → 'אֲחֵ֥י'
27:11	26	los				expands	supplied-article-spa	safe	0.7923	approved	0				article the original does not write, read as one by UDPipe's Spanish-AnCora model (Straka and Straková, ÚFAL, CC BY-NC-SA 4.0); rests on 'hijos' → 'בְנֵ֤י'
27:12	19	los				expands	supplied-article-spa	safe	0.7923	approved	0				article the original does not write, read as one by UDPipe's Spanish-AnCora model (Straka and Straková, ÚFAL, CC BY-NC-SA 4.0); rests on 'hijos' → 'בְנֵ֥י'
27:14	8	el				expands	supplied-article-spa	safe	0.7749	approved	0				article the original does not write, read as one by UDPipe's Spanish-AnCora model (Straka and Straková, ÚFAL, CC BY-NC-SA 4.0); rests on 'desierto' → 'מִדְבַּר'
27:14	29	las				expands	supplied-article-spa	safe	0.7937	approved	0				article the original does not write, read as one by UDPipe's Spanish-AnCora model (Straka and Straková, ÚFAL, CC BY-NC-SA 4.0); rests on 'aguas' → 'מֵֽי'
27:14	37	el				expands	supplied-article-spa	safe	0.7749	approved	0				article the original does not write, read as one by UDPipe's Spanish-AnCora model (Straka and Straková, ÚFAL, CC BY-NC-SA 4.0); rests on 'desierto' → 'מִדְבַּר'
27:20	14	los				expands	supplied-article-spa	safe	0.7923	approved	0				article the original does not write, read as one by UDPipe's Spanish-AnCora model (Straka and Straková, ÚFAL, CC BY-NC-SA 4.0); rests on 'hijos' → 'בְּנֵ֥י'
27:21	14	el				expands	supplied-article-spa	safe	0.7373	approved	0				article the original does not write, read as one by UDPipe's Spanish-AnCora model (Straka and Straková, ÚFAL, CC BY-NC-SA 4.0); rests on 'juicio' → 'מִשְׁפַּ֥ט'
27:21	37	los				expands	supplied-article-spa	safe	0.7923	approved	0				article the original does not write, read as one by UDPipe's Spanish-AnCora model (Straka and Straková, ÚFAL, CC BY-NC-SA 4.0); rests on 'hijos' → 'בְּנֵי'
28:2	3	los				expands	supplied-article-spa	safe	0.7923	approved	0				article the original does not write, read as one by UDPipe's Spanish-AnCora model (Straka and Straková, ÚFAL, CC BY-NC-SA 4.0); rests on 'hijos' → 'בְּנֵ֣י'
28:3	18	un				expands	supplied-indefinite-article-spa	safe	0.7658	approved	0				indefinite article, read as one by UDPipe's Spanish-AnCora model (Straka and Straková, ÚFAL, CC BY-NC-SA 4.0); rests on 'año' → 'שָׁנָ֧ה'
28:3	24	el				expands	supplied-article-spa	safe	0.7953	approved	0				article the original does not write, read as one by UDPipe's Spanish-AnCora model (Straka and Straková, ÚFAL, CC BY-NC-SA 4.0); rests on 'holocausto' → 'עֹלָ֥ה'
28:5	13	una				expands	supplied-indefinite-article-spa	safe	0.575	approved	0				indefinite article, read as one by UDPipe's Spanish-AnCora model (Straka and Straková, ÚFAL, CC BY-NC-SA 4.0); rests on 'cuarta' → 'רְבִיעִ֥ת'
28:6	8	el				expands	supplied-article-spa	safe	0.7697	approved	0				article the original does not write, read as one by UDPipe's Spanish-AnCora model (Straka and Straková, ÚFAL, CC BY-NC-SA 4.0); rests on 'monte' → 'הַ֣ר'
28:7	4	la				expands	supplied-article-spa	safe	0.575	approved	0				article the original does not write, read as one by UDPipe's Spanish-AnCora model (Straka and Straková, ÚFAL, CC BY-NC-SA 4.0); rests on 'cuarta' → 'רְבִיעִ֣ת'
28:9	2	el				expands	supplied-article-spa	safe	0.7596	approved	0				article the original does not write, read as one by UDPipe's Spanish-AnCora model (Straka and Straková, ÚFAL, CC BY-NC-SA 4.0); rests on 'día' → 'יֹום֙'
28:9	9	un				expands	supplied-indefinite-article-spa	safe	0.7658	approved	0				indefinite article, read as one by UDPipe's Spanish-AnCora model (Straka and Straková, ÚFAL, CC BY-NC-SA 4.0); rests on 'año' → 'שָׁנָ֖ה'
28:10	2	el				expands	supplied-article-spa	safe	0.7953	approved	0				article the original does not write, read as one by UDPipe's Spanish-AnCora model (Straka and Straková, ÚFAL, CC BY-NC-SA 4.0); rests on 'holocausto' → 'עֹלַ֥ת'
28:11	16	la				expands	supplied-article-spa	safe	0.7308	approved	0				article the original does not write, read as one by UDPipe's Spanish-AnCora model (Straka and Straková, ÚFAL, CC BY-NC-SA 4.0); rests on 'vacada' → 'בְּנֵֽי'
28:14	21	la				expands	supplied-article-spa	safe	0.575	approved	0				article the original does not write, read as one by UDPipe's Spanish-AnCora model (Straka and Straková, ÚFAL, CC BY-NC-SA 4.0); rests on 'cuarta' → 'רְבִיעִ֥ת'
28:14	31	el				expands	supplied-article-spa	safe	0.7953	approved	0				article the original does not write, read as one by UDPipe's Spanish-AnCora model (Straka and Straková, ÚFAL, CC BY-NC-SA 4.0); rests on 'holocausto' → 'עֹלַ֥ת'
28:14	38	los				expands	supplied-article-spa	safe	0.7538	approved	0				article the original does not write, read as one by UDPipe's Spanish-AnCora model (Straka and Straková, ÚFAL, CC BY-NC-SA 4.0); rests on 'meses' → 'חָדְשֵׁ֖י'
28:16	12	la				expands	supplied-article-spa	safe	0.7908	approved	0				article the original does not write, read as one by UDPipe's Spanish-AnCora model (Straka and Straková, ÚFAL, CC BY-NC-SA 4.0); rests on 'pascua' → 'פֶּ֖סַח'
28:17	3	los				expands	supplied-article-spa	safe	0.7849	approved	0				article the original does not write, read as one by UDPipe's Spanish-AnCora model (Straka and Straková, ÚFAL, CC BY-NC-SA 4.0); rests on 'días' → 'יֹ֛ום'
28:19	13	la				expands	supplied-article-spa	safe	0.7308	approved	0				article the original does not write, read as one by UDPipe's Spanish-AnCora model (Straka and Straková, ÚFAL, CC BY-NC-SA 4.0); rests on 'vacada' → 'בְּנֵי'
28:23	11	el				expands	supplied-article-spa	safe	0.7953	approved	0				article the original does not write, read as one by UDPipe's Spanish-AnCora model (Straka and Straková, ÚFAL, CC BY-NC-SA 4.0); rests on 'holocausto' → 'עֹלַ֣ת'
28:24	8	los				expands	supplied-article-spa	safe	0.7849	approved	0				article the original does not write, read as one by UDPipe's Spanish-AnCora model (Straka and Straková, ÚFAL, CC BY-NC-SA 4.0); rests on 'días' → 'יָמִ֔ים'
28:26	2	el				expands	supplied-article-spa	safe	0.7596	approved	0				article the original does not write, read as one by UDPipe's Spanish-AnCora model (Straka and Straková, ÚFAL, CC BY-NC-SA 4.0); rests on 'día' → 'יֹ֣ום'
28:27	14	la				expands	supplied-article-spa	safe	0.7308	approved	0				article the original does not write, read as one by UDPipe's Spanish-AnCora model (Straka and Straková, ÚFAL, CC BY-NC-SA 4.0); rests on 'vacada' → 'בְּנֵי'
28:28	2	el				expands	supplied-article-spa	safe	0.7063	approved	0				article the original does not write, read as one by UDPipe's Spanish-AnCora model (Straka and Straková, ÚFAL, CC BY-NC-SA 4.0); rests on 'presente' → 'מִנְחָתָ֔ם'
29:2	13	la				expands	supplied-article-spa	safe	0.725	approved	0				article the original does not write, read as one by UDPipe's Spanish-AnCora model (Straka and Straková, ÚFAL, CC BY-NC-SA 4.0); rests on 'vacada' → 'בֶּן'
29:3	2	el				expands	supplied-article-spa	safe	0.71	approved	0				article the original does not write, read as one by UDPipe's Spanish-AnCora model (Straka and Straková, ÚFAL, CC BY-NC-SA 4.0); rests on 'presente' → 'מִנְחָתָ֔ם'
29:6	10	el				expands	supplied-article-spa	safe	0.7953	approved	0				article the original does not write, read as one by UDPipe's Spanish-AnCora model (Straka and Straková, ÚFAL, CC BY-NC-SA 4.0); rests on 'holocausto' → 'עֹלַ֤ת'
29:8	14	la				expands	supplied-article-spa	safe	0.725	approved	0				article the original does not write, read as one by UDPipe's Spanish-AnCora model (Straka and Straková, ÚFAL, CC BY-NC-SA 4.0); rests on 'vacada' → 'בֶּן'
29:11	14	el				expands	supplied-article-spa	safe	0.5712	approved	0				article the original does not write, read as one by UDPipe's Spanish-AnCora model (Straka and Straková, ÚFAL, CC BY-NC-SA 4.0); rests on 'pecado' → 'חַטַּ֤את'
29:12	3	los				expands	supplied-article-spa	safe	0.7849	approved	0				article the original does not write, read as one by UDPipe's Spanish-AnCora model (Straka and Straková, ÚFAL, CC BY-NC-SA 4.0); rests on 'días' → 'יֹ֜ום'
29:13	17	la				expands	supplied-article-spa	safe	0.725	approved	0				article the original does not write, read as one by UDPipe's Spanish-AnCora model (Straka and Straková, ÚFAL, CC BY-NC-SA 4.0); rests on 'vacada' → 'בְּנֵֽי'
29:13	24	un				expands	supplied-indefinite-article-spa	safe	0.7654	approved	0				indefinite article, read as one by UDPipe's Spanish-AnCora model (Straka and Straková, ÚFAL, CC BY-NC-SA 4.0); rests on 'año' → 'שָׁנָ֛ה'
29:14	2	los				expands	supplied-article-spa	safe	0.6412	approved	0				article the original does not write, read as one by UDPipe's Spanish-AnCora model (Straka and Straková, ÚFAL, CC BY-NC-SA 4.0); rests on 'presentes' → 'מִנְחָתָ֔ם'
29:15	6	los				expands	supplied-article-spa	safe	0.6898	approved	0				article the original does not write, read as one by UDPipe's Spanish-AnCora model (Straka and Straková, ÚFAL, CC BY-NC-SA 4.0); rests on 'corderos' → 'כְּבָשִֽׂים'
29:17	8	la				expands	supplied-article-spa	safe	0.725	approved	0				article the original does not write, read as one by UDPipe's Spanish-AnCora model (Straka and Straková, ÚFAL, CC BY-NC-SA 4.0); rests on 'vacada' → 'בְּנֵי'
29:17	15	un				expands	supplied-indefinite-article-spa	safe	0.7654	approved	0				indefinite article, read as one by UDPipe's Spanish-AnCora model (Straka and Straková, ÚFAL, CC BY-NC-SA 4.0); rests on 'año' → 'שָׁנָ֛ה'
29:18	18	el				expands	supplied-article-spa	safe	0.7669	approved	0				article the original does not write, read as one by UDPipe's Spanish-AnCora model (Straka and Straková, ÚFAL, CC BY-NC-SA 4.0); rests on 'número' → 'מִסְפָּרָ֖ם'
29:20	12	un				expands	supplied-indefinite-article-spa	safe	0.7654	approved	0				indefinite article, read as one by UDPipe's Spanish-AnCora model (Straka and Straková, ÚFAL, CC BY-NC-SA 4.0); rests on 'año' → 'שָׁנָ֛ה'
29:21	18	el				expands	supplied-article-spa	safe	0.7669	approved	0				article the original does not write, read as one by UDPipe's Spanish-AnCora model (Straka and Straková, ÚFAL, CC BY-NC-SA 4.0); rests on 'número' → 'מִסְפָּרָ֖ם'
29:23	12	un				expands	supplied-indefinite-article-spa	safe	0.7654	approved	0				indefinite article, read as one by UDPipe's Spanish-AnCora model (Straka and Straková, ÚFAL, CC BY-NC-SA 4.0); rests on 'año' → 'שָׁנָ֛ה'
29:24	17	el				expands	supplied-article-spa	safe	0.7669	approved	0				article the original does not write, read as one by UDPipe's Spanish-AnCora model (Straka and Straková, ÚFAL, CC BY-NC-SA 4.0); rests on 'número' → 'מִסְפָּרָ֖ם'
29:26	12	un				expands	supplied-indefinite-article-spa	safe	0.7654	approved	0				indefinite article, read as one by UDPipe's Spanish-AnCora model (Straka and Straková, ÚFAL, CC BY-NC-SA 4.0); rests on 'año' → 'שָׁנָ֛ה'
29:27	18	el				expands	supplied-article-spa	safe	0.7669	approved	0				article the original does not write, read as one by UDPipe's Spanish-AnCora model (Straka and Straková, ÚFAL, CC BY-NC-SA 4.0); rests on 'número' → 'מִסְפָּרָ֖ם'
29:29	12	un				expands	supplied-indefinite-article-spa	safe	0.7654	approved	0				indefinite article, read as one by UDPipe's Spanish-AnCora model (Straka and Straková, ÚFAL, CC BY-NC-SA 4.0); rests on 'año' → 'שָׁנָ֛ה'
29:30	18	el				expands	supplied-article-spa	safe	0.7669	approved	0				article the original does not write, read as one by UDPipe's Spanish-AnCora model (Straka and Straková, ÚFAL, CC BY-NC-SA 4.0); rests on 'número' → 'מִסְפָּרָ֖ם'
29:32	12	un				expands	supplied-indefinite-article-spa	safe	0.7654	approved	0				indefinite article, read as one by UDPipe's Spanish-AnCora model (Straka and Straková, ÚFAL, CC BY-NC-SA 4.0); rests on 'año' → 'שָׁנָ֛ה'
29:33	18	el				expands	supplied-article-spa	safe	0.7669	approved	0				article the original does not write, read as one by UDPipe's Spanish-AnCora model (Straka and Straková, ÚFAL, CC BY-NC-SA 4.0); rests on 'número' → 'מִסְפָּרָ֖ם'
29:37	17	el				expands	supplied-article-spa	safe	0.7669	approved	0				article the original does not write, read as one by UDPipe's Spanish-AnCora model (Straka and Straková, ÚFAL, CC BY-NC-SA 4.0); rests on 'número' → 'מִסְפָּרָ֖ם'
29:40	5	los				expands	supplied-article-spa	safe	0.7923	approved	0				article the original does not write, read as one by UDPipe's Spanish-AnCora model (Straka and Straková, ÚFAL, CC BY-NC-SA 4.0); rests on 'hijos' → 'בְּנֵ֣י'
30:1	11	los				expands	supplied-article-spa	safe	0.7923	approved	0				article the original does not write, read as one by UDPipe's Spanish-AnCora model (Straka and Straková, ÚFAL, CC BY-NC-SA 4.0); rests on 'hijos' → 'בְנֵ֥י'
30:3	2	la				expands	supplied-article-spa	safe	0.7929	approved	0				article the original does not write, read as one by UDPipe's Spanish-AnCora model (Straka and Straková, ÚFAL, CC BY-NC-SA 4.0); rests on 'mujer' → 'אִשָּׁ֕ה'
30:4	22	los				expands	supplied-article-spa	safe	0.7625	approved	0				article the original does not write, read as one by UDPipe's Spanish-AnCora model (Straka and Straková, ÚFAL, CC BY-NC-SA 4.0); rests on 'votos' → 'נְדָרֶ֔יהָ'
30:5	7	el				expands	supplied-article-spa	safe	0.7598	approved	0				article the original does not write, read as one by UDPipe's Spanish-AnCora model (Straka and Straková, ÚFAL, CC BY-NC-SA 4.0); rests on 'día' → 'יֹ֣ום'
30:7	13	los				expands	supplied-article-spa	safe	0.7625	approved	0				article the original does not write, read as one by UDPipe's Spanish-AnCora model (Straka and Straková, ÚFAL, CC BY-NC-SA 4.0); rests on 'votos' → 'נְדָרֶ֗יהָ'
30:12	7	el				expands	supplied-article-spa	safe	0.7598	approved	0				article the original does not write, read as one by UDPipe's Spanish-AnCora model (Straka and Straková, ÚFAL, CC BY-NC-SA 4.0); rests on 'día' → 'יֹ֣ום'
30:14	31	el				expands	supplied-article-spa	safe	0.7598	approved	0				article the original does not write, read as one by UDPipe's Spanish-AnCora model (Straka and Straková, ÚFAL, CC BY-NC-SA 4.0); rests on 'día' → 'יֹ֥ום'
31:2	5	los				expands	supplied-article-spa	safe	0.7923	approved	0				article the original does not write, read as one by UDPipe's Spanish-AnCora model (Straka and Straková, ÚFAL, CC BY-NC-SA 4.0); rests on 'hijos' → 'בְּנֵ֣י'
31:5	5	los				expands	supplied-article-spa	safe	0.6759	approved	0				article the original does not write, read as one by UDPipe's Spanish-AnCora model (Straka and Straková, ÚFAL, CC BY-NC-SA 4.0); rests on 'millares' → 'אַלְפֵ֣י'
31:6	24	los				expands	supplied-article-spa	safe	0.7182	approved	0				article the original does not write, read as one by UDPipe's Spanish-AnCora model (Straka and Straková, ÚFAL, CC BY-NC-SA 4.0); rests on 'instrumentos' → 'כְלֵ֥י'
31:6	28	las				expands	supplied-article-spa	safe	0.7481	approved	0				article the original does not write, read as one by UDPipe's Spanish-AnCora model (Straka and Straková, ÚFAL, CC BY-NC-SA 4.0); rests on 'trompetas' → 'חֲצֹצְרֹ֥ות'
31:8	9	los				expands	supplied-article-spa	safe	0.7839	approved	0				article the original does not write, read as one by UDPipe's Spanish-AnCora model (Straka and Straková, ÚFAL, CC BY-NC-SA 4.0); rests on 'reyes' → 'מַלְכֵ֨י'
31:9	4	los				expands	supplied-article-spa	safe	0.7923	approved	0				article the original does not write, read as one by UDPipe's Spanish-AnCora model (Straka and Straková, ÚFAL, CC BY-NC-SA 4.0); rests on 'hijos' → 'בְנֵי'
31:9	8	las				expands	supplied-article-spa	safe	0.7857	approved	0				article the original does not write, read as one by UDPipe's Spanish-AnCora model (Straka and Straková, ÚFAL, CC BY-NC-SA 4.0); rests on 'mujeres' → 'נְשֵׁ֥י'
31:9	11	los				expands	supplied-article-spa	safe	0.7735	approved	0				article the original does not write, read as one by UDPipe's Spanish-AnCora model (Straka and Straková, ÚFAL, CC BY-NC-SA 4.0); rests on 'Madianitas' → 'מִדְיָ֖ן'
31:12	15	los				expands	supplied-article-spa	safe	0.7923	approved	0				article the original does not write, read as one by UDPipe's Spanish-AnCora model (Straka and Straková, ÚFAL, CC BY-NC-SA 4.0); rests on 'hijos' → 'בְּנֵֽי'
31:14	5	los				expands	supplied-article-spa	safe	0.5589	approved	0				article the original does not write, read as one by UDPipe's Spanish-AnCora model (Straka and Straková, ÚFAL, CC BY-NC-SA 4.0); rests on 'capitanes' → 'שָׂרֵ֤י'
31:16	6	los				expands	supplied-article-spa	safe	0.7923	approved	0				article the original does not write, read as one by UDPipe's Spanish-AnCora model (Straka and Straková, ÚFAL, CC BY-NC-SA 4.0); rests on 'hijos' → 'בְנֵ֤י'
31:16	20	el				expands	supplied-article-spa	safe	0.6929	approved	0				article the original does not write, read as one by UDPipe's Spanish-AnCora model (Straka and Straková, ÚFAL, CC BY-NC-SA 4.0); rests on 'negocio' → 'דְּבַר'
31:23	18	las				expands	supplied-article-spa	safe	0.7937	approved	0				article the original does not write, read as one by UDPipe's Spanish-AnCora model (Straka and Straková, ÚFAL, CC BY-NC-SA 4.0); rests on 'aguas' → 'מֵ֥י'
31:26	25	las				expands	supplied-article-spa	safe	0.7585	approved	0				article the original does not write, read as one by UDPipe's Spanish-AnCora model (Straka and Straková, ÚFAL, CC BY-NC-SA 4.0); rests on 'cabezas' → 'רָאשֵׁ֖י'
31:26	28	los				expands	supplied-article-spa	safe	0.7402	approved	0				article the original does not write, read as one by UDPipe's Spanish-AnCora model (Straka and Straková, ÚFAL, CC BY-NC-SA 4.0); rests on 'padres' → 'אֲבֹ֥ות'
31:28	22	las				expands	supplied-article-spa	safe	0.635	approved	0				article the original does not write, read as one by UDPipe's Spanish-AnCora model (Straka and Straková, ÚFAL, CC BY-NC-SA 4.0); rests on 'personas' → 'נֶ֔פֶשׁ'
31:30	7	los				expands	supplied-article-spa	safe	0.7923	approved	0				article the original does not write, read as one by UDPipe's Spanish-AnCora model (Straka and Straková, ÚFAL, CC BY-NC-SA 4.0); rests on 'hijos' → 'בְּנֵֽי'
31:30	39	la				expands	supplied-article-spa	safe	0.6403	approved	0				article the original does not write, read as one by UDPipe's Spanish-AnCora model (Straka and Straková, ÚFAL, CC BY-NC-SA 4.0); rests on 'guarda' → 'שֹׁמְרֵ֕י'
31:36	15	el				expands	supplied-article-spa	safe	0.7696	approved	0				article the original does not write, read as one by UDPipe's Spanish-AnCora model (Straka and Straková, ÚFAL, CC BY-NC-SA 4.0); rests on 'número' → 'מִסְפַּ֣ר'
31:39	3	los				expands	supplied-article-spa	safe	0.7357	approved	0				article the original does not write, read as one by UDPipe's Spanish-AnCora model (Straka and Straková, ÚFAL, CC BY-NC-SA 4.0); rests on 'asnos' → 'חֲמֹרִ֕ים'
31:40	3	las				expands	supplied-article-spa	safe	0.635	approved	0				article the original does not write, read as one by UDPipe's Spanish-AnCora model (Straka and Straková, ÚFAL, CC BY-NC-SA 4.0); rests on 'personas' → 'נֶ֣פֶשׁ'
31:42	6	los				expands	supplied-article-spa	safe	0.7923	approved	0				article the original does not write, read as one by UDPipe's Spanish-AnCora model (Straka and Straková, ÚFAL, CC BY-NC-SA 4.0); rests on 'hijos' → 'בְּנֵ֣י'
31:44	3	los				expands	supplied-article-spa	safe	0.7067	approved	0				article the original does not write, read as one by UDPipe's Spanish-AnCora model (Straka and Straková, ÚFAL, CC BY-NC-SA 4.0); rests on 'bueyes' → 'בָקָ֕ר'
31:45	3	los				expands	supplied-article-spa	safe	0.7357	approved	0				article the original does not write, read as one by UDPipe's Spanish-AnCora model (Straka and Straková, ÚFAL, CC BY-NC-SA 4.0); rests on 'asnos' → 'חֲמֹרִ֕ים'
31:46	3	las				expands	supplied-article-spa	safe	0.635	approved	0				article the original does not write, read as one by UDPipe's Spanish-AnCora model (Straka and Straková, ÚFAL, CC BY-NC-SA 4.0); rests on 'personas' → 'נֶ֣פֶשׁ'
31:47	6	los				expands	supplied-article-spa	safe	0.7923	approved	0				article the original does not write, read as one by UDPipe's Spanish-AnCora model (Straka and Straková, ÚFAL, CC BY-NC-SA 4.0); rests on 'hijos' → 'בְּנֵֽי'
31:47	31	la				expands	supplied-article-spa	safe	0.6403	approved	0				article the original does not write, read as one by UDPipe's Spanish-AnCora model (Straka and Straková, ÚFAL, CC BY-NC-SA 4.0); rests on 'guarda' → 'שֹֽׁמְרֵי֙'
31:48	8	los				expands	supplied-article-spa	safe	0.6759	approved	0				article the original does not write, read as one by UDPipe's Spanish-AnCora model (Straka and Straková, ÚFAL, CC BY-NC-SA 4.0); rests on 'millares' → 'אַלְפֵ֣י'
31:52	3	el				expands	supplied-article-spa	safe	0.767	approved	0				article the original does not write, read as one by UDPipe's Spanish-AnCora model (Straka and Straková, ÚFAL, CC BY-NC-SA 4.0); rests on 'oro' → 'זְהַ֣ב'
31:54	24	los				expands	supplied-article-spa	safe	0.7923	approved	0				article the original does not write, read as one by UDPipe's Spanish-AnCora model (Straka and Straková, ÚFAL, CC BY-NC-SA 4.0); rests on 'hijos' → 'בְנֵֽי'
32:1	2	LOS				expands	supplied-article-spa	safe	0.7923	approved	0				article the original does not write, read as one by UDPipe's Spanish-AnCora model (Straka and Straková, ÚFAL, CC BY-NC-SA 4.0); rests on 'hijos' → 'בְנֵ֧י'
32:1	7	los				expands	supplied-article-spa	safe	0.7923	approved	0				article the original does not write, read as one by UDPipe's Spanish-AnCora model (Straka and Straková, ÚFAL, CC BY-NC-SA 4.0); rests on 'hijos' → 'בְנֵי'
32:1	21	la				expands	supplied-article-spa	safe	0.752	approved	0				article the original does not write, read as one by UDPipe's Spanish-AnCora model (Straka and Straková, ÚFAL, CC BY-NC-SA 4.0); rests on 'tierra' → 'אֶ֤רֶץ'
32:1	29	el				expands	supplied-article-spa	safe	0.7759	approved	0				article the original does not write, read as one by UDPipe's Spanish-AnCora model (Straka and Straková, ÚFAL, CC BY-NC-SA 4.0); rests on 'país' → 'אֶ֣רֶץ'
32:2	3	los				expands	supplied-article-spa	safe	0.7923	approved	0				article the original does not write, read as one by UDPipe's Spanish-AnCora model (Straka and Straková, ÚFAL, CC BY-NC-SA 4.0); rests on 'hijos' → 'בְנֵֽי'
32:2	8	los				expands	supplied-article-spa	safe	0.7923	approved	0				article the original does not write, read as one by UDPipe's Spanish-AnCora model (Straka and Straková, ÚFAL, CC BY-NC-SA 4.0); rests on 'hijos' → 'בְנֵ֣י'
32:6	5	los				expands	supplied-article-spa	safe	0.7923	approved	0				article the original does not write, read as one by UDPipe's Spanish-AnCora model (Straka and Straková, ÚFAL, CC BY-NC-SA 4.0); rests on 'hijos' → 'בְנֵי'
32:6	11	los				expands	supplied-article-spa	safe	0.7923	approved	0				article the original does not write, read as one by UDPipe's Spanish-AnCora model (Straka and Straková, ÚFAL, CC BY-NC-SA 4.0); rests on 'hijos' → 'בְנֵ֣י'
32:7	8	los				expands	supplied-article-spa	safe	0.7923	approved	0				article the original does not write, read as one by UDPipe's Spanish-AnCora model (Straka and Straková, ÚFAL, CC BY-NC-SA 4.0); rests on 'hijos' → 'בְּנֵ֣י'
32:9	4	la				expands	supplied-article-spa	safe	0.724	approved	0				article the original does not write, read as one by UDPipe's Spanish-AnCora model (Straka and Straková, ÚFAL, CC BY-NC-SA 4.0); rests on 'arroyada' → 'נַ֣חַל'
32:9	18	los				expands	supplied-article-spa	safe	0.7923	approved	0				article the original does not write, read as one by UDPipe's Spanish-AnCora model (Straka and Straková, ÚFAL, CC BY-NC-SA 4.0); rests on 'hijos' → 'בְּנֵ֣י'
32:17	11	los				expands	supplied-article-spa	safe	0.7923	approved	0				article the original does not write, read as one by UDPipe's Spanish-AnCora model (Straka and Straková, ÚFAL, CC BY-NC-SA 4.0); rests on 'hijos' → 'בְּנֵ֣י'
32:17	32	los				expands	supplied-article-spa	safe	0.7726	approved	0				article the original does not write, read as one by UDPipe's Spanish-AnCora model (Straka and Straková, ÚFAL, CC BY-NC-SA 4.0); rests on 'moradores' → 'יֹשְׁבֵ֥י'
32:18	8	los				expands	supplied-article-spa	safe	0.7923	approved	0				article the original does not write, read as one by UDPipe's Spanish-AnCora model (Straka and Straková, ÚFAL, CC BY-NC-SA 4.0); rests on 'hijos' → 'בְּנֵ֣י'
32:25	3	los				expands	supplied-article-spa	safe	0.7923	approved	0				article the original does not write, read as one by UDPipe's Spanish-AnCora model (Straka and Straková, ÚFAL, CC BY-NC-SA 4.0); rests on 'hijos' → 'בְּנֵי'
32:25	8	los				expands	supplied-article-spa	safe	0.7923	approved	0				article the original does not write, read as one by UDPipe's Spanish-AnCora model (Straka and Straková, ÚFAL, CC BY-NC-SA 4.0); rests on 'hijos' → 'בְנֵ֣י'
32:26	14	las				expands	supplied-article-spa	safe	0.7729	approved	0				article the original does not write, read as one by UDPipe's Spanish-AnCora model (Straka and Straková, ÚFAL, CC BY-NC-SA 4.0); rests on 'ciudades' → 'עָרֵ֥י'
32:28	20	los				expands	supplied-article-spa	safe	0.7399	approved	0				article the original does not write, read as one by UDPipe's Spanish-AnCora model (Straka and Straková, ÚFAL, CC BY-NC-SA 4.0); rests on 'padres' → 'אֲבֹ֥ות'
32:28	26	los				expands	supplied-article-spa	safe	0.7923	approved	0				article the original does not write, read as one by UDPipe's Spanish-AnCora model (Straka and Straková, ÚFAL, CC BY-NC-SA 4.0); rests on 'hijos' → 'בְנֵ֥י'
32:29	5	los				expands	supplied-article-spa	safe	0.7923	approved	0				article the original does not write, read as one by UDPipe's Spanish-AnCora model (Straka and Straková, ÚFAL, CC BY-NC-SA 4.0); rests on 'hijos' → 'בְנֵי'
32:29	10	los				expands	supplied-article-spa	safe	0.7923	approved	0				article the original does not write, read as one by UDPipe's Spanish-AnCora model (Straka and Straková, ÚFAL, CC BY-NC-SA 4.0); rests on 'hijos' → 'בְנֵי'
32:29	37	la				expands	supplied-article-spa	safe	0.752	approved	0				article the original does not write, read as one by UDPipe's Spanish-AnCora model (Straka and Straková, ÚFAL, CC BY-NC-SA 4.0); rests on 'tierra' → 'אֶ֥רֶץ'
32:30	14	la				expands	supplied-article-spa	safe	0.752	approved	0				article the original does not write, read as one by UDPipe's Spanish-AnCora model (Straka and Straková, ÚFAL, CC BY-NC-SA 4.0); rests on 'tierra' → 'אֶ֥רֶץ'
32:31	2	los				expands	supplied-article-spa	safe	0.7923	approved	0				article the original does not write, read as one by UDPipe's Spanish-AnCora model (Straka and Straková, ÚFAL, CC BY-NC-SA 4.0); rests on 'hijos' → 'בְנֵי'
32:31	7	los				expands	supplied-article-spa	safe	0.7923	approved	0				article the original does not write, read as one by UDPipe's Spanish-AnCora model (Straka and Straková, ÚFAL, CC BY-NC-SA 4.0); rests on 'hijos' → 'בְנֵ֥י'
32:32	8	la				expands	supplied-article-spa	safe	0.752	approved	0				article the original does not write, read as one by UDPipe's Spanish-AnCora model (Straka and Straková, ÚFAL, CC BY-NC-SA 4.0); rests on 'tierra' → 'אֶ֣רֶץ'
32:32	13	la				expands	supplied-article-spa	safe	0.6213	approved	0				article the original does not write, read as one by UDPipe's Spanish-AnCora model (Straka and Straková, ÚFAL, CC BY-NC-SA 4.0); rests on 'posesión' → 'אֲחֻזַּ֣ת'
32:33	6	los				expands	supplied-article-spa	safe	0.7923	approved	0				article the original does not write, read as one by UDPipe's Spanish-AnCora model (Straka and Straková, ÚFAL, CC BY-NC-SA 4.0); rests on 'hijos' → 'בְנֵי'
32:33	12	los				expands	supplied-article-spa	safe	0.7923	approved	0				article the original does not write, read as one by UDPipe's Spanish-AnCora model (Straka and Straková, ÚFAL, CC BY-NC-SA 4.0); rests on 'hijos' → 'בְנֵ֨י'
32:33	47	las				expands	supplied-article-spa	safe	0.7729	approved	0				article the original does not write, read as one by UDPipe's Spanish-AnCora model (Straka and Straková, ÚFAL, CC BY-NC-SA 4.0); rests on 'ciudades' → 'עָרֵ֥י'
32:34	2	los				expands	supplied-article-spa	safe	0.7923	approved	0				article the original does not write, read as one by UDPipe's Spanish-AnCora model (Straka and Straková, ÚFAL, CC BY-NC-SA 4.0); rests on 'hijos' → 'בְנֵי'
32:37	2	los				expands	supplied-article-spa	safe	0.7923	approved	0				article the original does not write, read as one by UDPipe's Spanish-AnCora model (Straka and Straková, ÚFAL, CC BY-NC-SA 4.0); rests on 'hijos' → 'בְנֵ֤י'
32:38	8	los				expands	supplied-article-spa	safe	0.7887	approved	0				article the original does not write, read as one by UDPipe's Spanish-AnCora model (Straka and Straková, ÚFAL, CC BY-NC-SA 4.0); rests on 'nombres' → 'שֵׁ֖ם'
32:39	2	los				expands	supplied-article-spa	safe	0.7923	approved	0				article the original does not write, read as one by UDPipe's Spanish-AnCora model (Straka and Straková, ÚFAL, CC BY-NC-SA 4.0); rests on 'hijos' → 'בְּנֵ֨י'
33:1	6	los				expands	supplied-article-spa	safe	0.7923	approved	0				article the original does not write, read as one by UDPipe's Spanish-AnCora model (Straka and Straková, ÚFAL, CC BY-NC-SA 4.0); rests on 'hijos' → 'בְנֵֽי'
33:1	14	la				expands	supplied-article-spa	safe	0.7519	approved	0				article the original does not write, read as one by UDPipe's Spanish-AnCora model (Straka and Straková, ÚFAL, CC BY-NC-SA 4.0); rests on 'tierra' → 'אֶ֥רֶץ'
33:3	9	los				expands	supplied-article-spa	safe	0.7849	approved	0				article the original does not write, read as one by UDPipe's Spanish-AnCora model (Straka and Straková, ÚFAL, CC BY-NC-SA 4.0); rests on 'días' → 'יֹ֖ום'
33:3	22	los				expands	supplied-article-spa	safe	0.7923	approved	0				article the original does not write, read as one by UDPipe's Spanish-AnCora model (Straka and Straková, ÚFAL, CC BY-NC-SA 4.0); rests on 'hijos' → 'בְנֵֽי'
33:3	33	los				expands	supplied-article-spa	safe	0.7067	approved	0				article the original does not write, read as one by UDPipe's Spanish-AnCora model (Straka and Straková, ÚFAL, CC BY-NC-SA 4.0); rests on 'Egipcios' → 'מִצְרָֽיִם'
33:4	3	los				expands	supplied-article-spa	safe	0.7067	approved	0				article the original does not write, read as one by UDPipe's Spanish-AnCora model (Straka and Straková, ÚFAL, CC BY-NC-SA 4.0); rests on 'Egipcios' → 'מִצְרַ֣יִם'
33:5	3	los				expands	supplied-article-spa	safe	0.7923	approved	0				article the original does not write, read as one by UDPipe's Spanish-AnCora model (Straka and Straková, ÚFAL, CC BY-NC-SA 4.0); rests on 'hijos' → 'בְנֵֽי'
33:8	20	el				expands	supplied-article-spa	safe	0.7744	approved	0				article the original does not write, read as one by UDPipe's Spanish-AnCora model (Straka and Straková, ÚFAL, CC BY-NC-SA 4.0); rests on 'desierto' → 'מִדְבַּ֣ר'
33:11	8	el				expands	supplied-article-spa	safe	0.7744	approved	0				article the original does not write, read as one by UDPipe's Spanish-AnCora model (Straka and Straková, ÚFAL, CC BY-NC-SA 4.0); rests on 'desierto' → 'מִדְבַּר'
33:15	7	el				expands	supplied-article-spa	safe	0.7744	approved	0				article the original does not write, read as one by UDPipe's Spanish-AnCora model (Straka and Straková, ÚFAL, CC BY-NC-SA 4.0); rests on 'desierto' → 'מִדְבַּ֥ר'
33:23	7	el				expands	supplied-article-spa	safe	0.7769	approved	0				article the original does not write, read as one by UDPipe's Spanish-AnCora model (Straka and Straková, ÚFAL, CC BY-NC-SA 4.0); rests on 'monte' → 'הַר'
33:36	7	el				expands	supplied-article-spa	safe	0.7744	approved	0				article the original does not write, read as one by UDPipe's Spanish-AnCora model (Straka and Straková, ÚFAL, CC BY-NC-SA 4.0); rests on 'desierto' → 'מִדְבַּר'
33:38	19	los				expands	supplied-article-spa	safe	0.7904	approved	0				article the original does not write, read as one by UDPipe's Spanish-AnCora model (Straka and Straková, ÚFAL, CC BY-NC-SA 4.0); rests on 'años' → 'שְׁנַ֣ת'
33:38	23	la				expands	supplied-article-spa	safe	0.6615	approved	0				article the original does not write, read as one by UDPipe's Spanish-AnCora model (Straka and Straková, ÚFAL, CC BY-NC-SA 4.0); rests on 'salida' → 'צֵ֤את'
33:38	26	los				expands	supplied-article-spa	safe	0.7923	approved	0				article the original does not write, read as one by UDPipe's Spanish-AnCora model (Straka and Straková, ÚFAL, CC BY-NC-SA 4.0); rests on 'hijos' → 'בְּנֵֽי'
33:38	31	la				expands	supplied-article-spa	safe	0.7519	approved	0				article the original does not write, read as one by UDPipe's Spanish-AnCora model (Straka and Straková, ÚFAL, CC BY-NC-SA 4.0); rests on 'tierra' → 'אֶ֣רֶץ'
33:40	12	la				expands	supplied-article-spa	safe	0.7519	approved	0				article the original does not write, read as one by UDPipe's Spanish-AnCora model (Straka and Straková, ÚFAL, CC BY-NC-SA 4.0); rests on 'tierra' → 'אֶ֣רֶץ'
33:40	20	los				expands	supplied-article-spa	safe	0.7923	approved	0				article the original does not write, read as one by UDPipe's Spanish-AnCora model (Straka and Straková, ÚFAL, CC BY-NC-SA 4.0); rests on 'hijos' → 'בְּנֵ֥י'
33:44	9	el				expands	supplied-article-spa	safe	0.7043	approved	0				article the original does not write, read as one by UDPipe's Spanish-AnCora model (Straka and Straková, ÚFAL, CC BY-NC-SA 4.0); rests on 'término' → 'גְב֥וּל'
33:47	7	los				expands	supplied-article-spa	safe	0.7855	approved	0				article the original does not write, read as one by UDPipe's Spanish-AnCora model (Straka and Straková, ÚFAL, CC BY-NC-SA 4.0); rests on 'montes' → 'הָרֵ֥י'
33:48	4	los				expands	supplied-article-spa	safe	0.7855	approved	0				article the original does not write, read as one by UDPipe's Spanish-AnCora model (Straka and Straková, ÚFAL, CC BY-NC-SA 4.0); rests on 'montes' → 'הָרֵ֣י'
33:51	3	los				expands	supplied-article-spa	safe	0.7923	approved	0				article the original does not write, read as one by UDPipe's Spanish-AnCora model (Straka and Straková, ÚFAL, CC BY-NC-SA 4.0); rests on 'hijos' → 'בְּנֵ֣י'
33:51	15	la				expands	supplied-article-spa	safe	0.7519	approved	0				article the original does not write, read as one by UDPipe's Spanish-AnCora model (Straka and Straková, ÚFAL, CC BY-NC-SA 4.0); rests on 'tierra' → 'אֶ֥רֶץ'
33:52	4	los				expands	supplied-article-spa	safe	0.7753	approved	0				article the original does not write, read as one by UDPipe's Spanish-AnCora model (Straka and Straková, ÚFAL, CC BY-NC-SA 4.0); rests on 'moradores' → 'יֹשְׁבֵ֤י'
33:53	20	la				expands	supplied-article-spa	safe	0.8	approved	0				article the original does not write, read as one by UDPipe's Spanish-AnCora model (Straka and Straková, ÚFAL, CC BY-NC-SA 4.0); rests on 'poseáis' → 'רֶ֥שֶׁת'
33:55	5	los				expands	supplied-article-spa	safe	0.7753	approved	0				article the original does not write, read as one by UDPipe's Spanish-AnCora model (Straka and Straková, ÚFAL, CC BY-NC-SA 4.0); rests on 'moradores' → 'יֹשְׁבֵ֣י'
34:2	3	los				expands	supplied-article-spa	safe	0.7923	approved	0				article the original does not write, read as one by UDPipe's Spanish-AnCora model (Straka and Straková, ÚFAL, CC BY-NC-SA 4.0); rests on 'hijos' → 'בְּנֵ֤י'
34:2	29	la				expands	supplied-article-spa	safe	0.7519	approved	0				article the original does not write, read as one by UDPipe's Spanish-AnCora model (Straka and Straková, ÚFAL, CC BY-NC-SA 4.0); rests on 'tierra' → 'אֶ֥רֶץ'
34:3	7	el				expands	supplied-article-spa	safe	0.7751	approved	0				article the original does not write, read as one by UDPipe's Spanish-AnCora model (Straka and Straková, ÚFAL, CC BY-NC-SA 4.0); rests on 'desierto' → 'מִּדְבַּר'
34:3	19	el				expands	supplied-article-spa	safe	0.7	approved	0				article the original does not write, read as one by UDPipe's Spanish-AnCora model (Straka and Straková, ÚFAL, CC BY-NC-SA 4.0); rests on 'término' → 'גְּב֣וּל'
34:5	8	el				expands	supplied-article-spa	safe	0.8	approved	0				article the original does not write, read as one by UDPipe's Spanish-AnCora model (Straka and Straková, ÚFAL, CC BY-NC-SA 4.0); rests on 'torrente' → 'נַ֣חְלָה'
34:6	2	el				expands	supplied-article-spa	safe	0.7	approved	0				article the original does not write, read as one by UDPipe's Spanish-AnCora model (Straka and Straková, ÚFAL, CC BY-NC-SA 4.0); rests on 'término' → 'גְב֣וּל'
34:6	14	el				expands	supplied-article-spa	safe	0.7	approved	0				article the original does not write, read as one by UDPipe's Spanish-AnCora model (Straka and Straková, ÚFAL, CC BY-NC-SA 4.0); rests on 'término' → 'גְּב֥וּל'
34:7	2	el				expands	supplied-article-spa	safe	0.7	approved	0				article the original does not write, read as one by UDPipe's Spanish-AnCora model (Straka and Straková, ÚFAL, CC BY-NC-SA 4.0); rests on 'término' → 'גְּב֣וּל'
34:9	16	el				expands	supplied-article-spa	safe	0.7	approved	0				article the original does not write, read as one by UDPipe's Spanish-AnCora model (Straka and Straková, ÚFAL, CC BY-NC-SA 4.0); rests on 'término' → 'גְּב֥וּל'
34:11	23	la				expands	supplied-article-spa	safe	0.7911	approved	0				article the original does not write, read as one by UDPipe's Spanish-AnCora model (Straka and Straková, ÚFAL, CC BY-NC-SA 4.0); rests on 'mar' → 'יָם'
34:13	5	los				expands	supplied-article-spa	safe	0.7923	approved	0				article the original does not write, read as one by UDPipe's Spanish-AnCora model (Straka and Straková, ÚFAL, CC BY-NC-SA 4.0); rests on 'hijos' → 'בְּנֵ֥י'
34:14	2	la				expands	supplied-article-spa	safe	0.6492	approved	0				article the original does not write, read as one by UDPipe's Spanish-AnCora model (Straka and Straková, ÚFAL, CC BY-NC-SA 4.0); rests on 'tribu' → 'מַטֵּ֨ה'
34:14	10	las				expands	supplied-article-spa	safe	0.7857	approved	0				article the original does not write, read as one by UDPipe's Spanish-AnCora model (Straka and Straková, ÚFAL, CC BY-NC-SA 4.0); rests on 'casas' → 'בֵ֣ית'
34:14	16	la				expands	supplied-article-spa	safe	0.6492	approved	0				article the original does not write, read as one by UDPipe's Spanish-AnCora model (Straka and Straková, ÚFAL, CC BY-NC-SA 4.0); rests on 'tribu' → 'מַטֵּ֥ה'
34:14	24	las				expands	supplied-article-spa	safe	0.7857	approved	0				article the original does not write, read as one by UDPipe's Spanish-AnCora model (Straka and Straková, ÚFAL, CC BY-NC-SA 4.0); rests on 'casas' → 'בֵ֣ית'
34:14	30	la				expands	supplied-article-spa	safe	0.6492	approved	0				article the original does not write, read as one by UDPipe's Spanish-AnCora model (Straka and Straková, ÚFAL, CC BY-NC-SA 4.0); rests on 'tribu' → 'מַטֵּ֣ה'
34:17	3	los				expands	supplied-article-spa	safe	0.7887	approved	0				article the original does not write, read as one by UDPipe's Spanish-AnCora model (Straka and Straková, ÚFAL, CC BY-NC-SA 4.0); rests on 'nombres' → 'שְׁמֹ֣ות'
34:19	4	los				expands	supplied-article-spa	safe	0.7887	approved	0				article the original does not write, read as one by UDPipe's Spanish-AnCora model (Straka and Straková, ÚFAL, CC BY-NC-SA 4.0); rests on 'nombres' → 'שְׁמֹ֣ות'
34:19	10	la				expands	supplied-article-spa	safe	0.6492	approved	0				article the original does not write, read as one by UDPipe's Spanish-AnCora model (Straka and Straková, ÚFAL, CC BY-NC-SA 4.0); rests on 'tribu' → 'מַטֵּ֣ה'
34:20	3	la				expands	supplied-article-spa	safe	0.6492	approved	0				article the original does not write, read as one by UDPipe's Spanish-AnCora model (Straka and Straková, ÚFAL, CC BY-NC-SA 4.0); rests on 'tribu' → 'מַטֵּה֙'
34:20	6	los				expands	supplied-article-spa	safe	0.7923	approved	0				article the original does not write, read as one by UDPipe's Spanish-AnCora model (Straka and Straková, ÚFAL, CC BY-NC-SA 4.0); rests on 'hijos' → 'בְּנֵ֣י'
34:21	2	la				expands	supplied-article-spa	safe	0.6492	approved	0				article the original does not write, read as one by UDPipe's Spanish-AnCora model (Straka and Straková, ÚFAL, CC BY-NC-SA 4.0); rests on 'tribu' → 'מַטֵּ֣ה'
34:22	3	la				expands	supplied-article-spa	safe	0.6492	approved	0				article the original does not write, read as one by UDPipe's Spanish-AnCora model (Straka and Straková, ÚFAL, CC BY-NC-SA 4.0); rests on 'tribu' → 'מַטֵּ֥ה'
34:22	6	los				expands	supplied-article-spa	safe	0.7923	approved	0				article the original does not write, read as one by UDPipe's Spanish-AnCora model (Straka and Straková, ÚFAL, CC BY-NC-SA 4.0); rests on 'hijos' → 'בְנֵי'
34:23	2	los				expands	supplied-article-spa	safe	0.7923	approved	0				article the original does not write, read as one by UDPipe's Spanish-AnCora model (Straka and Straková, ÚFAL, CC BY-NC-SA 4.0); rests on 'hijos' → 'בְנֵ֣י'
34:23	7	la				expands	supplied-article-spa	safe	0.6492	approved	0				article the original does not write, read as one by UDPipe's Spanish-AnCora model (Straka and Straková, ÚFAL, CC BY-NC-SA 4.0); rests on 'tribu' → 'מַטֵּ֥ה'
34:23	10	los				expands	supplied-article-spa	safe	0.7923	approved	0				article the original does not write, read as one by UDPipe's Spanish-AnCora model (Straka and Straková, ÚFAL, CC BY-NC-SA 4.0); rests on 'hijos' → 'בְנֵֽי'
34:24	3	la				expands	supplied-article-spa	safe	0.6492	approved	0				article the original does not write, read as one by UDPipe's Spanish-AnCora model (Straka and Straková, ÚFAL, CC BY-NC-SA 4.0); rests on 'tribu' → 'מַטֵּ֥ה'
34:24	6	los				expands	supplied-article-spa	safe	0.7923	approved	0				article the original does not write, read as one by UDPipe's Spanish-AnCora model (Straka and Straková, ÚFAL, CC BY-NC-SA 4.0); rests on 'hijos' → 'בְנֵֽי'
34:25	3	la				expands	supplied-article-spa	safe	0.6492	approved	0				article the original does not write, read as one by UDPipe's Spanish-AnCora model (Straka and Straková, ÚFAL, CC BY-NC-SA 4.0); rests on 'tribu' → 'מַטֵּ֥ה'
34:25	6	los				expands	supplied-article-spa	safe	0.7923	approved	0				article the original does not write, read as one by UDPipe's Spanish-AnCora model (Straka and Straková, ÚFAL, CC BY-NC-SA 4.0); rests on 'hijos' → 'בְנֵֽי'
34:26	3	la				expands	supplied-article-spa	safe	0.6492	approved	0				article the original does not write, read as one by UDPipe's Spanish-AnCora model (Straka and Straková, ÚFAL, CC BY-NC-SA 4.0); rests on 'tribu' → 'מַטֵּ֥ה'
34:26	6	los				expands	supplied-article-spa	safe	0.7923	approved	0				article the original does not write, read as one by UDPipe's Spanish-AnCora model (Straka and Straková, ÚFAL, CC BY-NC-SA 4.0); rests on 'hijos' → 'בְנֵֽי'
34:27	3	la				expands	supplied-article-spa	safe	0.6492	approved	0				article the original does not write, read as one by UDPipe's Spanish-AnCora model (Straka and Straková, ÚFAL, CC BY-NC-SA 4.0); rests on 'tribu' → 'מַטֵּ֥ה'
34:27	6	los				expands	supplied-article-spa	safe	0.7923	approved	0				article the original does not write, read as one by UDPipe's Spanish-AnCora model (Straka and Straková, ÚFAL, CC BY-NC-SA 4.0); rests on 'hijos' → 'בְנֵי'
34:28	3	la				expands	supplied-article-spa	safe	0.6492	approved	0				article the original does not write, read as one by UDPipe's Spanish-AnCora model (Straka and Straková, ÚFAL, CC BY-NC-SA 4.0); rests on 'tribu' → 'מַטֵּ֥ה'
34:28	6	los				expands	supplied-article-spa	safe	0.7923	approved	0				article the original does not write, read as one by UDPipe's Spanish-AnCora model (Straka and Straková, ÚFAL, CC BY-NC-SA 4.0); rests on 'hijos' → 'בְנֵֽי'
34:29	16	los				expands	supplied-article-spa	safe	0.7923	approved	0				article the original does not write, read as one by UDPipe's Spanish-AnCora model (Straka and Straková, ÚFAL, CC BY-NC-SA 4.0); rests on 'hijos' → 'בְּנֵֽי'
34:29	21	la				expands	supplied-article-spa	safe	0.7519	approved	0				article the original does not write, read as one by UDPipe's Spanish-AnCora model (Straka and Straková, ÚFAL, CC BY-NC-SA 4.0); rests on 'tierra' → 'אֶ֥רֶץ'
35:2	3	los				expands	supplied-article-spa	safe	0.7923	approved	0				article the original does not write, read as one by UDPipe's Spanish-AnCora model (Straka and Straková, ÚFAL, CC BY-NC-SA 4.0); rests on 'hijos' → 'בְּנֵ֣י'
35:2	13	la				expands	supplied-article-spa	safe	0.6279	approved	0				article the original does not write, read as one by UDPipe's Spanish-AnCora model (Straka and Straková, ÚFAL, CC BY-NC-SA 4.0); rests on 'posesión' → 'אֲחֻזָּתָ֖ם'
35:2	27	los				expands	supplied-article-spa	safe	0.7914	approved	0				article the original does not write, read as one by UDPipe's Spanish-AnCora model (Straka and Straková, ÚFAL, CC BY-NC-SA 4.0); rests on 'ejidos' → 'מִגְרָ֗שׁ'
35:3	9	los				expands	supplied-article-spa	safe	0.7914	approved	0				article the original does not write, read as one by UDPipe's Spanish-AnCora model (Straka and Straková, ÚFAL, CC BY-NC-SA 4.0); rests on 'ejidos' → 'מִגְרְשֵׁיהֶ֗ם'
35:4	2	los				expands	supplied-article-spa	safe	0.7914	approved	0				article the original does not write, read as one by UDPipe's Spanish-AnCora model (Straka and Straková, ÚFAL, CC BY-NC-SA 4.0); rests on 'ejidos' → 'מִגְרְשֵׁי֙'
35:5	50	los				expands	supplied-article-spa	safe	0.7914	approved	0				article the original does not write, read as one by UDPipe's Spanish-AnCora model (Straka and Straková, ÚFAL, CC BY-NC-SA 4.0); rests on 'ejidos' → 'מִגְרְשֵׁ֖י'
35:8	7	la				expands	supplied-article-spa	safe	0.6253	approved	0				article the original does not write, read as one by UDPipe's Spanish-AnCora model (Straka and Straková, ÚFAL, CC BY-NC-SA 4.0); rests on 'heredad' → 'נַחֲלָתֹו֙'
35:8	10	los				expands	supplied-article-spa	safe	0.7923	approved	0				article the original does not write, read as one by UDPipe's Spanish-AnCora model (Straka and Straková, ÚFAL, CC BY-NC-SA 4.0); rests on 'hijos' → 'בְּנֵי'
35:8	35	la				expands	supplied-article-spa	safe	0.6279	approved	0				article the original does not write, read as one by UDPipe's Spanish-AnCora model (Straka and Straková, ÚFAL, CC BY-NC-SA 4.0); rests on 'posesión' → 'אֲחֻזַּ֣ת'
35:10	3	los				expands	supplied-article-spa	safe	0.7923	approved	0				article the original does not write, read as one by UDPipe's Spanish-AnCora model (Straka and Straková, ÚFAL, CC BY-NC-SA 4.0); rests on 'hijos' → 'בְּנֵ֣י'
35:10	15	la				expands	supplied-article-spa	safe	0.7519	approved	0				article the original does not write, read as one by UDPipe's Spanish-AnCora model (Straka and Straková, ÚFAL, CC BY-NC-SA 4.0); rests on 'tierra' → 'אַ֥רְצָה'
35:11	10	el				expands	supplied-article-spa	safe	0.8	approved	0				article the original does not write, read as one by UDPipe's Spanish-AnCora model (Straka and Straková, ÚFAL, CC BY-NC-SA 4.0); rests on 'homicida' → 'רֹצֵ֔חַ'
35:14	14	la				expands	supplied-article-spa	safe	0.7519	approved	0				article the original does not write, read as one by UDPipe's Spanish-AnCora model (Straka and Straková, ÚFAL, CC BY-NC-SA 4.0); rests on 'tierra' → 'אֶ֣רֶץ'
35:15	8	los				expands	supplied-article-spa	safe	0.7923	approved	0				article the original does not write, read as one by UDPipe's Spanish-AnCora model (Straka and Straková, ÚFAL, CC BY-NC-SA 4.0); rests on 'hijos' → 'בְנֵ֣י'
35:25	45	el				expands	supplied-article-spa	safe	0.735	approved	0				article the original does not write, read as one by UDPipe's Spanish-AnCora model (Straka and Straková, ÚFAL, CC BY-NC-SA 4.0); rests on 'aceite' → 'שֶׁ֥מֶן'
35:27	12	la				expands	supplied-article-spa	safe	0.7707	approved	0				article the original does not write, read as one by UDPipe's Spanish-AnCora model (Straka and Straková, ÚFAL, CC BY-NC-SA 4.0); rests on 'ciudad' → 'עִ֣יר'
35:28	27	la				expands	supplied-article-spa	safe	0.7519	approved	0				article the original does not write, read as one by UDPipe's Spanish-AnCora model (Straka and Straková, ÚFAL, CC BY-NC-SA 4.0); rests on 'tierra' → 'אֶ֖רֶץ'
35:33	30	la				expands	supplied-article-spa	safe	0.7879	approved	0				article the original does not write, read as one by UDPipe's Spanish-AnCora model (Straka and Straková, ÚFAL, CC BY-NC-SA 4.0); rests on 'sangre' → 'דַ֥ם'
35:34	22	los				expands	supplied-article-spa	safe	0.7923	approved	0				article the original does not write, read as one by UDPipe's Spanish-AnCora model (Straka and Straková, ÚFAL, CC BY-NC-SA 4.0); rests on 'hijos' → 'בְּנֵ֥י'
36:1	9	la				expands	supplied-article-spa	safe	0.6686	approved	0				article the original does not write, read as one by UDPipe's Spanish-AnCora model (Straka and Straková, ÚFAL, CC BY-NC-SA 4.0); rests on 'familia' → 'מִשְׁפַּ֤חַת'
36:1	20	las				expands	supplied-article-spa	safe	0.7044	approved	0				article the original does not write, read as one by UDPipe's Spanish-AnCora model (Straka and Straková, ÚFAL, CC BY-NC-SA 4.0); rests on 'familias' → 'מִּשְׁפְּחֹ֖ת'
36:1	23	los				expands	supplied-article-spa	safe	0.7923	approved	0				article the original does not write, read as one by UDPipe's Spanish-AnCora model (Straka and Straková, ÚFAL, CC BY-NC-SA 4.0); rests on 'hijos' → 'בְּנֵ֣י'
36:1	40	los				expands	supplied-article-spa	safe	0.7923	approved	0				article the original does not write, read as one by UDPipe's Spanish-AnCora model (Straka and Straková, ÚFAL, CC BY-NC-SA 4.0); rests on 'hijos' → 'בְנֵ֥י'
36:2	15	los				expands	supplied-article-spa	safe	0.7923	approved	0				article the original does not write, read as one by UDPipe's Spanish-AnCora model (Straka and Straková, ÚFAL, CC BY-NC-SA 4.0); rests on 'hijos' → 'בְנֵ֣י'
36:3	9	los				expands	supplied-article-spa	safe	0.7923	approved	0				article the original does not write, read as one by UDPipe's Spanish-AnCora model (Straka and Straková, ÚFAL, CC BY-NC-SA 4.0); rests on 'hijos' → 'בְּנֵ֨י'
36:3	16	los				expands	supplied-article-spa	safe	0.7923	approved	0				article the original does not write, read as one by UDPipe's Spanish-AnCora model (Straka and Straková, ÚFAL, CC BY-NC-SA 4.0); rests on 'hijos' → 'בְנֵֽי'
36:3	20	la				expands	supplied-article-spa	safe	0.6875	approved	0				article the original does not write, read as one by UDPipe's Spanish-AnCora model (Straka and Straková, ÚFAL, CC BY-NC-SA 4.0); rests on 'herencia' → 'נַחֲלָתָן֙'
36:3	28	la				expands	supplied-article-spa	safe	0.6875	approved	0				article the original does not write, read as one by UDPipe's Spanish-AnCora model (Straka and Straková, ÚFAL, CC BY-NC-SA 4.0); rests on 'herencia' → 'נַּחֲלַ֣ת'
36:3	37	la				expands	supplied-article-spa	safe	0.6875	approved	0				article the original does not write, read as one by UDPipe's Spanish-AnCora model (Straka and Straková, ÚFAL, CC BY-NC-SA 4.0); rests on 'herencia' → 'נַחֲלַ֣ת'
36:3	50	la				expands	supplied-article-spa	safe	0.7036	approved	0				article the original does not write, read as one by UDPipe's Spanish-AnCora model (Straka and Straková, ÚFAL, CC BY-NC-SA 4.0); rests on 'suerte' → 'גֹּרַ֥ל'
36:4	7	los				expands	supplied-article-spa	safe	0.7923	approved	0				article the original does not write, read as one by UDPipe's Spanish-AnCora model (Straka and Straková, ÚFAL, CC BY-NC-SA 4.0); rests on 'hijos' → 'בְנֵ֣י'
36:4	11	la				expands	supplied-article-spa	safe	0.6104	approved	0				article the original does not write, read as one by UDPipe's Spanish-AnCora model (Straka and Straková, ÚFAL, CC BY-NC-SA 4.0); rests on 'heredad' → 'נַחֲלָתָ֔ן'
36:4	18	la				expands	supplied-article-spa	safe	0.6104	approved	0				article the original does not write, read as one by UDPipe's Spanish-AnCora model (Straka and Straková, ÚFAL, CC BY-NC-SA 4.0); rests on 'heredad' → 'נַחֲלַ֣ת'
36:4	28	la				expands	supplied-article-spa	safe	0.6104	approved	0				article the original does not write, read as one by UDPipe's Spanish-AnCora model (Straka and Straková, ÚFAL, CC BY-NC-SA 4.0); rests on 'heredad' → 'נַּחֲלַת֙'
36:4	35	la				expands	supplied-article-spa	safe	0.6104	approved	0				article the original does not write, read as one by UDPipe's Spanish-AnCora model (Straka and Straková, ÚFAL, CC BY-NC-SA 4.0); rests on 'heredad' → 'נַחֲלָתָֽן'
36:4	38	la				expands	supplied-article-spa	safe	0.6523	approved	0				article the original does not write, read as one by UDPipe's Spanish-AnCora model (Straka and Straková, ÚFAL, CC BY-NC-SA 4.0); rests on 'tribu' → 'מַטֵּ֣ה'
36:5	5	los				expands	supplied-article-spa	safe	0.7923	approved	0				article the original does not write, read as one by UDPipe's Spanish-AnCora model (Straka and Straková, ÚFAL, CC BY-NC-SA 4.0); rests on 'hijos' → 'בְּנֵ֣י'
36:5	14	La				expands	supplied-article-spa	safe	0.6523	approved	0				article the original does not write, read as one by UDPipe's Spanish-AnCora model (Straka and Straková, ÚFAL, CC BY-NC-SA 4.0); rests on 'tribu' → 'מַטֵּ֥ה'
36:5	17	los				expands	supplied-article-spa	safe	0.7923	approved	0				article the original does not write, read as one by UDPipe's Spanish-AnCora model (Straka and Straková, ÚFAL, CC BY-NC-SA 4.0); rests on 'hijos' → 'בְנֵֽי'
36:6	10	las				expands	supplied-article-spa	safe	0.8	approved	0				article the original does not write, read as one by UDPipe's Spanish-AnCora model (Straka and Straková, ÚFAL, CC BY-NC-SA 4.0); rests on 'hijas' → 'בְנֹ֤ות'
36:6	23	la				expands	supplied-article-spa	safe	0.6686	approved	0				article the original does not write, read as one by UDPipe's Spanish-AnCora model (Straka and Straková, ÚFAL, CC BY-NC-SA 4.0); rests on 'familia' → 'מִשְׁפַּ֛חַת'
36:6	26	la				expands	supplied-article-spa	safe	0.6523	approved	0				article the original does not write, read as one by UDPipe's Spanish-AnCora model (Straka and Straková, ÚFAL, CC BY-NC-SA 4.0); rests on 'tribu' → 'מַטֵּ֥ה'
36:7	3	la				expands	supplied-article-spa	safe	0.6104	approved	0				article the original does not write, read as one by UDPipe's Spanish-AnCora model (Straka and Straková, ÚFAL, CC BY-NC-SA 4.0); rests on 'heredad' → 'נַחֲלָה֙'
36:7	6	los				expands	supplied-article-spa	safe	0.7923	approved	0				article the original does not write, read as one by UDPipe's Spanish-AnCora model (Straka and Straková, ÚFAL, CC BY-NC-SA 4.0); rests on 'hijos' → 'בְנֵ֣י'
36:7	21	los				expands	supplied-article-spa	safe	0.7923	approved	0				article the original does not write, read as one by UDPipe's Spanish-AnCora model (Straka and Straková, ÚFAL, CC BY-NC-SA 4.0); rests on 'hijos' → 'בְּנֵ֥י'
36:7	28	la				expands	supplied-article-spa	safe	0.6104	approved	0				article the original does not write, read as one by UDPipe's Spanish-AnCora model (Straka and Straková, ÚFAL, CC BY-NC-SA 4.0); rests on 'heredad' → 'נַחֲלַת֙'
36:7	31	la				expands	supplied-article-spa	safe	0.6523	approved	0				article the original does not write, read as one by UDPipe's Spanish-AnCora model (Straka and Straková, ÚFAL, CC BY-NC-SA 4.0); rests on 'tribu' → 'מַטֵּ֣ה'
36:8	11	los				expands	supplied-article-spa	safe	0.7923	approved	0				article the original does not write, read as one by UDPipe's Spanish-AnCora model (Straka and Straková, ÚFAL, CC BY-NC-SA 4.0); rests on 'hijos' → 'בְּנֵ֣י'
36:8	18	la				expands	supplied-article-spa	safe	0.6686	approved	0				article the original does not write, read as one by UDPipe's Spanish-AnCora model (Straka and Straková, ÚFAL, CC BY-NC-SA 4.0); rests on 'familia' → 'מִּשְׁפַּ֛חַת'
36:8	21	la				expands	supplied-article-spa	safe	0.6523	approved	0				article the original does not write, read as one by UDPipe's Spanish-AnCora model (Straka and Straková, ÚFAL, CC BY-NC-SA 4.0); rests on 'tribu' → 'מַטֵּ֥ה'
36:8	30	los				expands	supplied-article-spa	safe	0.7923	approved	0				article the original does not write, read as one by UDPipe's Spanish-AnCora model (Straka and Straková, ÚFAL, CC BY-NC-SA 4.0); rests on 'hijos' → 'בְּנֵ֣י'
36:8	37	la				expands	supplied-article-spa	safe	0.6104	approved	0				article the original does not write, read as one by UDPipe's Spanish-AnCora model (Straka and Straková, ÚFAL, CC BY-NC-SA 4.0); rests on 'heredad' → 'נַחֲלַ֥ת'
36:9	4	la				expands	supplied-article-spa	safe	0.6104	approved	0				article the original does not write, read as one by UDPipe's Spanish-AnCora model (Straka and Straková, ÚFAL, CC BY-NC-SA 4.0); rests on 'heredad' → 'נַחֲלָ֛ה'
36:9	8	una				expands	supplied-indefinite-article-spa	safe	0.6523	approved	0				indefinite article, read as one by UDPipe's Spanish-AnCora model (Straka and Straková, ÚFAL, CC BY-NC-SA 4.0); rests on 'tribu' → 'מַטֶּ֣ה'
36:9	19	los				expands	supplied-article-spa	safe	0.7923	approved	0				article the original does not write, read as one by UDPipe's Spanish-AnCora model (Straka and Straková, ÚFAL, CC BY-NC-SA 4.0); rests on 'hijos' → 'בְּנֵ֥י'
36:10	8	las				expands	supplied-article-spa	safe	0.8	approved	0				article the original does not write, read as one by UDPipe's Spanish-AnCora model (Straka and Straková, ÚFAL, CC BY-NC-SA 4.0); rests on 'hijas' → 'בְּנֹ֥ות'
36:12	2	la				expands	supplied-article-spa	safe	0.6686	approved	0				article the original does not write, read as one by UDPipe's Spanish-AnCora model (Straka and Straková, ÚFAL, CC BY-NC-SA 4.0); rests on 'familia' → 'מִּשְׁפְּחֹ֛ת'
36:12	5	los				expands	supplied-article-spa	safe	0.7923	approved	0				article the original does not write, read as one by UDPipe's Spanish-AnCora model (Straka and Straková, ÚFAL, CC BY-NC-SA 4.0); rests on 'hijos' → 'בְּנֵֽי'
36:12	15	la				expands	supplied-article-spa	safe	0.6104	approved	0				article the original does not write, read as one by UDPipe's Spanish-AnCora model (Straka and Straková, ÚFAL, CC BY-NC-SA 4.0); rests on 'heredad' → 'נַחֲלָתָ֔ן'
36:12	21	la				expands	supplied-article-spa	safe	0.6523	approved	0				article the original does not write, read as one by UDPipe's Spanish-AnCora model (Straka and Straková, ÚFAL, CC BY-NC-SA 4.0); rests on 'tribu' → 'מַטֵּ֖ה'
36:12	24	la				expands	supplied-article-spa	safe	0.6686	approved	0				article the original does not write, read as one by UDPipe's Spanish-AnCora model (Straka and Straková, ÚFAL, CC BY-NC-SA 4.0); rests on 'familia' → 'מִשְׁפַּ֥חַת'
36:13	16	los				expands	supplied-article-spa	safe	0.7923	approved	0				article the original does not write, read as one by UDPipe's Spanish-AnCora model (Straka and Straková, ÚFAL, CC BY-NC-SA 4.0); rests on 'hijos' → 'בְּנֵ֣י'
