at	word	surface	target_at	target	target_surface	absence	rule	tier	confidence	verdict	review	corrected_at	corrected	corrected_surface	rationale
1:3	5	los				expands	supplied-article-spa	safe	0.7904	approved	0				article the original does not write, read as one by UDPipe's Spanish-AnCora model (Straka and Straková, ÚFAL, CC BY-NC-SA 4.0); rests on 'años' → 'שָׁנָ֔ה'
1:3	9	el				expands	supplied-article-spa	safe	0.7857	approved	0				article the original does not write, read as one by UDPipe's Spanish-AnCora model (Straka and Straková, ÚFAL, CC BY-NC-SA 4.0); rests on 'mes' → 'חֹ֖דֶשׁ'
1:3	19	los				expands	supplied-article-spa	safe	0.7923	approved	0				article the original does not write, read as one by UDPipe's Spanish-AnCora model (Straka and Straková, ÚFAL, CC BY-NC-SA 4.0); rests on 'hijos' → 'בְּנֵ֣י'
1:10	14	las				expands	supplied-article-spa	safe	0.8	approved	0				article the original does not write, read as one by UDPipe's Spanish-AnCora model (Straka and Straková, ÚFAL, CC BY-NC-SA 4.0); rests on 'estrellas' → 'כֹוכְבֵ֥י'
1:19	16	el				expands	supplied-article-spa	safe	0.7502	approved	0				article the original does not write, read as one by UDPipe's Spanish-AnCora model (Straka and Straková, ÚFAL, CC BY-NC-SA 4.0); rests on 'camino' → 'דֶּ֚רֶךְ'
1:21	18	el				expands	supplied-article-spa	safe	0.7331	approved	0				article the original does not write, read as one by UDPipe's Spanish-AnCora model (Straka and Straková, ÚFAL, CC BY-NC-SA 4.0); rests on 'Dios' → 'אֱלֹהֵ֤י'
1:24	11	la				expands	supplied-article-spa	safe	0.724	approved	0				article the original does not write, read as one by UDPipe's Spanish-AnCora model (Straka and Straková, ÚFAL, CC BY-NC-SA 4.0); rests on 'arroyada' → 'נַ֣חַל'
1:28	21	las				expands	supplied-article-spa	safe	0.7733	approved	0				article the original does not write, read as one by UDPipe's Spanish-AnCora model (Straka and Straková, ÚFAL, CC BY-NC-SA 4.0); rests on 'ciudades' → 'עָרִ֛ים'
1:33	12	el				expands	supplied-article-spa	safe	0.6349	approved	0				article the original does not write, read as one by UDPipe's Spanish-AnCora model (Straka and Straková, ÚFAL, CC BY-NC-SA 4.0); rests on 'lugar' → 'מָקֹ֖ום'
1:34	4	la				expands	supplied-article-spa	safe	0.7935	approved	0				article the original does not write, read as one by UDPipe's Spanish-AnCora model (Straka and Straková, ÚFAL, CC BY-NC-SA 4.0); rests on 'voz' → 'קֹ֣ול'
2:1	18	el				expands	supplied-article-spa	safe	0.7696	approved	0				article the original does not write, read as one by UDPipe's Spanish-AnCora model (Straka and Straková, ÚFAL, CC BY-NC-SA 4.0); rests on 'monte' → 'הַר'
2:4	9	el				expands	supplied-article-spa	safe	0.7043	approved	0				article the original does not write, read as one by UDPipe's Spanish-AnCora model (Straka and Straková, ÚFAL, CC BY-NC-SA 4.0); rests on 'término' → 'גְבוּל֙'
2:4	14	los				expands	supplied-article-spa	safe	0.7923	approved	0				article the original does not write, read as one by UDPipe's Spanish-AnCora model (Straka and Straková, ÚFAL, CC BY-NC-SA 4.0); rests on 'hijos' → 'בְּנֵי'
2:5	18	la				expands	supplied-article-spa	safe	0.6412	approved	0				article the original does not write, read as one by UDPipe's Spanish-AnCora model (Straka and Straková, ÚFAL, CC BY-NC-SA 4.0); rests on 'planta' → 'כַּף'
2:5	21	un				expands	supplied-indefinite-article-spa	safe	0.5951	approved	0				indefinite article, read as one by UDPipe's Spanish-AnCora model (Straka and Straková, ÚFAL, CC BY-NC-SA 4.0); rests on 'pie' → 'רָ֑גֶל'
2:5	31	el				expands	supplied-article-spa	safe	0.7696	approved	0				article the original does not write, read as one by UDPipe's Spanish-AnCora model (Straka and Straková, ÚFAL, CC BY-NC-SA 4.0); rests on 'monte' → 'הַ֥ר'
2:8	6	los				expands	supplied-article-spa	safe	0.7923	approved	0				article the original does not write, read as one by UDPipe's Spanish-AnCora model (Straka and Straková, ÚFAL, CC BY-NC-SA 4.0); rests on 'hijos' → 'בְנֵי'
2:8	15	el				expands	supplied-article-spa	safe	0.7504	approved	0				article the original does not write, read as one by UDPipe's Spanish-AnCora model (Straka and Straková, ÚFAL, CC BY-NC-SA 4.0); rests on 'camino' → 'דֶּ֨רֶךְ֙'
2:9	33	los				expands	supplied-article-spa	safe	0.7923	approved	0				article the original does not write, read as one by UDPipe's Spanish-AnCora model (Straka and Straková, ÚFAL, CC BY-NC-SA 4.0); rests on 'hijos' → 'בְנֵי'
2:12	12	los				expands	supplied-article-spa	safe	0.7923	approved	0				article the original does not write, read as one by UDPipe's Spanish-AnCora model (Straka and Straková, ÚFAL, CC BY-NC-SA 4.0); rests on 'hijos' → 'בְנֵ֧י'
2:12	33	la				expands	supplied-article-spa	safe	0.7518	approved	0				article the original does not write, read as one by UDPipe's Spanish-AnCora model (Straka and Straková, ÚFAL, CC BY-NC-SA 4.0); rests on 'tierra' → 'אֶ֨רֶץ֙'
2:13	5	el				expands	supplied-article-spa	safe	0.8	approved	0				article the original does not write, read as one by UDPipe's Spanish-AnCora model (Straka and Straková, ÚFAL, CC BY-NC-SA 4.0); rests on 'arroyo' → 'נַ֣חַל'
2:13	11	el				expands	supplied-article-spa	safe	0.8	approved	0				article the original does not write, read as one by UDPipe's Spanish-AnCora model (Straka and Straková, ÚFAL, CC BY-NC-SA 4.0); rests on 'arroyo' → 'נַ֥חַל'
2:14	11	el				expands	supplied-article-spa	safe	0.8	approved	0				article the original does not write, read as one by UDPipe's Spanish-AnCora model (Straka and Straková, ÚFAL, CC BY-NC-SA 4.0); rests on 'arroyo' → 'נַ֣חַל'
2:15	3	la				expands	supplied-article-spa	safe	0.7633	approved	0				article the original does not write, read as one by UDPipe's Spanish-AnCora model (Straka and Straková, ÚFAL, CC BY-NC-SA 4.0); rests on 'mano' → 'יַד'
2:18	4	el				expands	supplied-article-spa	safe	0.7043	approved	0				article the original does not write, read as one by UDPipe's Spanish-AnCora model (Straka and Straková, ÚFAL, CC BY-NC-SA 4.0); rests on 'término' → 'גְּב֥וּל'
2:19	6	los				expands	supplied-article-spa	safe	0.7923	approved	0				article the original does not write, read as one by UDPipe's Spanish-AnCora model (Straka and Straková, ÚFAL, CC BY-NC-SA 4.0); rests on 'hijos' → 'בְּנֵ֣י'
2:19	26	la				expands	supplied-article-spa	safe	0.7518	approved	0				article the original does not write, read as one by UDPipe's Spanish-AnCora model (Straka and Straková, ÚFAL, CC BY-NC-SA 4.0); rests on 'tierra' → 'אֶ֨רֶץ'
2:19	29	los				expands	supplied-article-spa	safe	0.7923	approved	0				article the original does not write, read as one by UDPipe's Spanish-AnCora model (Straka and Straková, ÚFAL, CC BY-NC-SA 4.0); rests on 'hijos' → 'בְּנֵי'
2:19	35	los				expands	supplied-article-spa	safe	0.7923	approved	0				article the original does not write, read as one by UDPipe's Spanish-AnCora model (Straka and Straková, ÚFAL, CC BY-NC-SA 4.0); rests on 'hijos' → 'בְנֵי'
2:22	4	los				expands	supplied-article-spa	safe	0.7923	approved	0				article the original does not write, read as one by UDPipe's Spanish-AnCora model (Straka and Straková, ÚFAL, CC BY-NC-SA 4.0); rests on 'hijos' → 'בְנֵ֣י'
2:24	5	el				expands	supplied-article-spa	safe	0.8	approved	0				article the original does not write, read as one by UDPipe's Spanish-AnCora model (Straka and Straková, ÚFAL, CC BY-NC-SA 4.0); rests on 'arroyo' → 'נַ֣חַל'
2:26	5	el				expands	supplied-article-spa	safe	0.7748	approved	0				article the original does not write, read as one by UDPipe's Spanish-AnCora model (Straka and Straková, ÚFAL, CC BY-NC-SA 4.0); rests on 'desierto' → 'מִּדְבַּ֣ר'
2:29	5	los				expands	supplied-article-spa	safe	0.7923	approved	0				article the original does not write, read as one by UDPipe's Spanish-AnCora model (Straka and Straková, ÚFAL, CC BY-NC-SA 4.0); rests on 'hijos' → 'בְּנֵ֣י'
2:34	10	las				expands	supplied-article-spa	safe	0.7731	approved	0				article the original does not write, read as one by UDPipe's Spanish-AnCora model (Straka and Straková, ÚFAL, CC BY-NC-SA 4.0); rests on 'ciudades' → 'עִ֣יר'
2:35	8	los				expands	supplied-article-spa	safe	0.7167	approved	0				article the original does not write, read as one by UDPipe's Spanish-AnCora model (Straka and Straková, ÚFAL, CC BY-NC-SA 4.0); rests on 'despojos' → 'שְׁלַ֥ל'
2:36	7	la				expands	supplied-article-spa	safe	0.6364	approved	0				article the original does not write, read as one by UDPipe's Spanish-AnCora model (Straka and Straková, ÚFAL, CC BY-NC-SA 4.0); rests on 'ribera' → 'שְׂפַת'
2:37	3	la				expands	supplied-article-spa	safe	0.7518	approved	0				article the original does not write, read as one by UDPipe's Spanish-AnCora model (Straka and Straková, ÚFAL, CC BY-NC-SA 4.0); rests on 'tierra' → 'אֶ֥רֶץ'
2:37	6	los				expands	supplied-article-spa	safe	0.7923	approved	0				article the original does not write, read as one by UDPipe's Spanish-AnCora model (Straka and Straková, ÚFAL, CC BY-NC-SA 4.0); rests on 'hijos' → 'בְּנֵי'
2:37	27	las				expands	supplied-article-spa	safe	0.7731	approved	0				article the original does not write, read as one by UDPipe's Spanish-AnCora model (Straka and Straková, ÚFAL, CC BY-NC-SA 4.0); rests on 'ciudades' → 'עָרֵ֣י'
3:7	9	los				expands	supplied-article-spa	safe	0.7167	approved	0				article the original does not write, read as one by UDPipe's Spanish-AnCora model (Straka and Straková, ÚFAL, CC BY-NC-SA 4.0); rests on 'despojos' → 'שְׁלַ֥ל'
3:8	22	el				expands	supplied-article-spa	safe	0.8	approved	0				article the original does not write, read as one by UDPipe's Spanish-AnCora model (Straka and Straková, ÚFAL, CC BY-NC-SA 4.0); rests on 'arroyo' → 'נַּ֥חַל'
3:8	27	el				expands	supplied-article-spa	safe	0.7696	approved	0				article the original does not write, read as one by UDPipe's Spanish-AnCora model (Straka and Straková, ÚFAL, CC BY-NC-SA 4.0); rests on 'monte' → 'הַ֥ר'
3:10	2	las				expands	supplied-article-spa	safe	0.7728	approved	0				article the original does not write, read as one by UDPipe's Spanish-AnCora model (Straka and Straková, ÚFAL, CC BY-NC-SA 4.0); rests on 'ciudades' → 'עָרֵ֣י'
3:11	27	los				expands	supplied-article-spa	safe	0.7923	approved	0				article the original does not write, read as one by UDPipe's Spanish-AnCora model (Straka and Straková, ÚFAL, CC BY-NC-SA 4.0); rests on 'hijos' → 'בְּנֵ֣י'
3:11	31	la				expands	supplied-article-spa	safe	0.8	approved	0				article the original does not write, read as one by UDPipe's Spanish-AnCora model (Straka and Straková, ÚFAL, CC BY-NC-SA 4.0); rests on 'longitud' → 'אָרְכָּ֗הּ'
3:12	16	la				expands	supplied-article-spa	safe	0.6823	approved	0				article the original does not write, read as one by UDPipe's Spanish-AnCora model (Straka and Straková, ÚFAL, CC BY-NC-SA 4.0); rests on 'mitad' → 'חֲצִ֤י'
3:13	31	la				expands	supplied-article-spa	safe	0.7523	approved	0				article the original does not write, read as one by UDPipe's Spanish-AnCora model (Straka and Straková, ÚFAL, CC BY-NC-SA 4.0); rests on 'tierra' → 'אֶ֥רֶץ'
3:13	34	los				expands	supplied-article-spa	safe	0.62	approved	0				article the original does not write, read as one by UDPipe's Spanish-AnCora model (Straka and Straková, ÚFAL, CC BY-NC-SA 4.0); rests on 'gigantes' → 'רְפָאִֽים'
3:16	11	el				expands	supplied-article-spa	safe	0.8	approved	0				article the original does not write, read as one by UDPipe's Spanish-AnCora model (Straka and Straková, ÚFAL, CC BY-NC-SA 4.0); rests on 'arroyo' → 'נַ֣חַל'
3:16	15	el				expands	supplied-article-spa	safe	0.5735	approved	0				article the original does not write, read as one by UDPipe's Spanish-AnCora model (Straka and Straková, ÚFAL, CC BY-NC-SA 4.0); rests on 'medio' → 'תֹּ֥וךְ'
3:16	28	los				expands	supplied-article-spa	safe	0.7923	approved	0				article the original does not write, read as one by UDPipe's Spanish-AnCora model (Straka and Straková, ÚFAL, CC BY-NC-SA 4.0); rests on 'hijos' → 'בְּנֵ֥י'
3:17	8	el				expands	supplied-article-spa	safe	0.7022	approved	0				article the original does not write, read as one by UDPipe's Spanish-AnCora model (Straka and Straková, ÚFAL, CC BY-NC-SA 4.0); rests on 'término' → 'גְבֻ֑ל'
3:17	13	la				expands	supplied-article-spa	safe	0.7912	approved	0				article the original does not write, read as one by UDPipe's Spanish-AnCora model (Straka and Straková, ÚFAL, CC BY-NC-SA 4.0); rests on 'mar' → 'יָ֤ם'
3:18	16	la				expands	supplied-article-spa	safe	0.8	approved	0				article the original does not write, read as one by UDPipe's Spanish-AnCora model (Straka and Straková, ÚFAL, CC BY-NC-SA 4.0); rests on 'poseáis' → 'רִשְׁתָּ֔הּ'
3:18	24	los				expands	supplied-article-spa	safe	0.7923	approved	0				article the original does not write, read as one by UDPipe's Spanish-AnCora model (Straka and Straková, ÚFAL, CC BY-NC-SA 4.0); rests on 'hijos' → 'בְּנֵֽי'
3:27	3	la				expands	supplied-article-spa	safe	0.7859	approved	0				article the original does not write, read as one by UDPipe's Spanish-AnCora model (Straka and Straková, ÚFAL, CC BY-NC-SA 4.0); rests on 'cumbre' → 'רֹ֣אשׁ'
4:1	16	los				expands	supplied-article-spa	safe	0.74	approved	0				article the original does not write, read as one by UDPipe's Spanish-AnCora model (Straka and Straková, ÚFAL, CC BY-NC-SA 4.0); rests on 'ejecutéis' → 'עֲשֹׂ֑ות'
4:1	28	el				expands	supplied-article-spa	safe	0.7332	approved	0				article the original does not write, read as one by UDPipe's Spanish-AnCora model (Straka and Straková, ÚFAL, CC BY-NC-SA 4.0); rests on 'Dios' → 'אֱלֹהֵ֥י'
4:2	17	los				expands	supplied-article-spa	safe	0.7163	approved	0				article the original does not write, read as one by UDPipe's Spanish-AnCora model (Straka and Straková, ÚFAL, CC BY-NC-SA 4.0); rests on 'mandamientos' → 'מִצְוֹת֙'
4:7	8	los				expands	supplied-article-spa	safe	0.7853	approved	0				article the original does not write, read as one by UDPipe's Spanish-AnCora model (Straka and Straková, ÚFAL, CC BY-NC-SA 4.0); rests on 'dioses' → 'אֱלֹהִ֖ים'
4:9	29	los				expands	supplied-article-spa	safe	0.7861	approved	0				article the original does not write, read as one by UDPipe's Spanish-AnCora model (Straka and Straková, ÚFAL, CC BY-NC-SA 4.0); rests on 'días' → 'יְמֵ֣י'
4:9	42	los				expands	supplied-article-spa	safe	0.7923	approved	0				article the original does not write, read as one by UDPipe's Spanish-AnCora model (Straka and Straková, ÚFAL, CC BY-NC-SA 4.0); rests on 'hijos' → 'בְנֵ֥י'
4:10	1	El				expands	supplied-article-spa	safe	0.7596	approved	0				article the original does not write, read as one by UDPipe's Spanish-AnCora model (Straka and Straková, ÚFAL, CC BY-NC-SA 4.0); rests on 'día' → 'יֹ֗ום'
4:12	12	la				expands	supplied-article-spa	safe	0.7934	approved	0				article the original does not write, read as one by UDPipe's Spanish-AnCora model (Straka and Straková, ÚFAL, CC BY-NC-SA 4.0); rests on 'voz' → 'קֹ֤ול'
4:12	22	la				expands	supplied-article-spa	safe	0.7934	approved	0				article the original does not write, read as one by UDPipe's Spanish-AnCora model (Straka and Straková, ÚFAL, CC BY-NC-SA 4.0); rests on 'voz' → 'קֹֽול'
4:15	10	el				expands	supplied-article-spa	safe	0.7596	approved	0				article the original does not write, read as one by UDPipe's Spanish-AnCora model (Straka and Straková, ÚFAL, CC BY-NC-SA 4.0); rests on 'día' → 'יֹ֗ום'
4:33	4	la				expands	supplied-article-spa	safe	0.7934	approved	0				article the original does not write, read as one by UDPipe's Spanish-AnCora model (Straka and Straková, ÚFAL, CC BY-NC-SA 4.0); rests on 'voz' → 'קֹ֨ול'
4:42	5	el				expands	supplied-article-spa	safe	0.8	approved	0				article the original does not write, read as one by UDPipe's Spanish-AnCora model (Straka and Straková, ÚFAL, CC BY-NC-SA 4.0); rests on 'homicida' → 'רֹוצֵ֗חַ'
4:44	11	los				expands	supplied-article-spa	safe	0.7923	approved	0				article the original does not write, read as one by UDPipe's Spanish-AnCora model (Straka and Straková, ÚFAL, CC BY-NC-SA 4.0); rests on 'hijos' → 'בְּנֵ֥י'
4:45	15	los				expands	supplied-article-spa	safe	0.7923	approved	0				article the original does not write, read as one by UDPipe's Spanish-AnCora model (Straka and Straková, ÚFAL, CC BY-NC-SA 4.0); rests on 'hijos' → 'בְּנֵ֣י'
4:46	13	la				expands	supplied-article-spa	safe	0.7522	approved	0				article the original does not write, read as one by UDPipe's Spanish-AnCora model (Straka and Straková, ÚFAL, CC BY-NC-SA 4.0); rests on 'tierra' → 'אֶ֗רֶץ'
4:46	30	los				expands	supplied-article-spa	safe	0.7923	approved	0				article the original does not write, read as one by UDPipe's Spanish-AnCora model (Straka and Straková, ÚFAL, CC BY-NC-SA 4.0); rests on 'hijos' → 'בְנֵֽי'
4:47	6	la				expands	supplied-article-spa	safe	0.7522	approved	0				article the original does not write, read as one by UDPipe's Spanish-AnCora model (Straka and Straková, ÚFAL, CC BY-NC-SA 4.0); rests on 'tierra' → 'אֶ֣רֶץ'
4:48	7	la				expands	supplied-article-spa	safe	0.6364	approved	0				article the original does not write, read as one by UDPipe's Spanish-AnCora model (Straka and Straková, ÚFAL, CC BY-NC-SA 4.0); rests on 'ribera' → 'שְׂפַת'
4:48	14	el				expands	supplied-article-spa	safe	0.7696	approved	0				article the original does not write, read as one by UDPipe's Spanish-AnCora model (Straka and Straková, ÚFAL, CC BY-NC-SA 4.0); rests on 'monte' → 'הַ֥ר'
4:49	13	la				expands	supplied-article-spa	safe	0.7912	approved	0				article the original does not write, read as one by UDPipe's Spanish-AnCora model (Straka and Straková, ÚFAL, CC BY-NC-SA 4.0); rests on 'mar' → 'יָ֣ם'
5:5	10	la				expands	supplied-article-spa	safe	0.7513	approved	0				article the original does not write, read as one by UDPipe's Spanish-AnCora model (Straka and Straková, ÚFAL, CC BY-NC-SA 4.0); rests on 'palabra' → 'דְּבַ֣ר'
5:9	22	los				expands	supplied-article-spa	safe	0.7401	approved	0				article the original does not write, read as one by UDPipe's Spanish-AnCora model (Straka and Straková, ÚFAL, CC BY-NC-SA 4.0); rests on 'padres' → 'אָבֹ֧ות'
5:9	25	los				expands	supplied-article-spa	safe	0.7923	approved	0				article the original does not write, read as one by UDPipe's Spanish-AnCora model (Straka and Straková, ÚFAL, CC BY-NC-SA 4.0); rests on 'hijos' → 'בָּנִ֛ים'
5:11	5	el				expands	supplied-article-spa	safe	0.7864	approved	0				article the original does not write, read as one by UDPipe's Spanish-AnCora model (Straka and Straková, ÚFAL, CC BY-NC-SA 4.0); rests on 'nombre' → 'שֵֽׁם'
5:12	2	el				expands	supplied-article-spa	safe	0.7597	approved	0				article the original does not write, read as one by UDPipe's Spanish-AnCora model (Straka and Straková, ÚFAL, CC BY-NC-SA 4.0); rests on 'día' → 'יֹ֥ום֩'
5:15	36	el				expands	supplied-article-spa	safe	0.7597	approved	0				article the original does not write, read as one by UDPipe's Spanish-AnCora model (Straka and Straková, ÚFAL, CC BY-NC-SA 4.0); rests on 'día' → 'יֹ֥ום'
5:21	3	la				expands	supplied-article-spa	safe	0.7929	approved	0				article the original does not write, read as one by UDPipe's Spanish-AnCora model (Straka and Straková, ÚFAL, CC BY-NC-SA 4.0); rests on 'mujer' → 'אֵ֣שֶׁת'
5:21	10	la				expands	supplied-article-spa	safe	0.7913	approved	0				article the original does not write, read as one by UDPipe's Spanish-AnCora model (Straka and Straková, ÚFAL, CC BY-NC-SA 4.0); rests on 'casa' → 'בֵּ֣ית'
5:25	16	la				expands	supplied-article-spa	safe	0.7934	approved	0				article the original does not write, read as one by UDPipe's Spanish-AnCora model (Straka and Straková, ÚFAL, CC BY-NC-SA 4.0); rests on 'voz' → 'קֹ֨ול'
5:26	9	la				expands	supplied-article-spa	safe	0.7934	approved	0				article the original does not write, read as one by UDPipe's Spanish-AnCora model (Straka and Straková, ÚFAL, CC BY-NC-SA 4.0); rests on 'voz' → 'קֹול֩'
5:28	4	la				expands	supplied-article-spa	safe	0.7934	approved	0				article the original does not write, read as one by UDPipe's Spanish-AnCora model (Straka and Straková, ÚFAL, CC BY-NC-SA 4.0); rests on 'voz' → 'קֹ֣ול'
5:28	17	la				expands	supplied-article-spa	safe	0.7934	approved	0				article the original does not write, read as one by UDPipe's Spanish-AnCora model (Straka and Straková, ÚFAL, CC BY-NC-SA 4.0); rests on 'voz' → 'קֹ֨ול'
5:28	20	las				expands	supplied-article-spa	safe	0.7058	approved	0				article the original does not write, read as one by UDPipe's Spanish-AnCora model (Straka and Straková, ÚFAL, CC BY-NC-SA 4.0); rests on 'palabras' → 'דִּבְרֵ֜י'
6:2	24	el				expands	supplied-article-spa	safe	0.7928	approved	0				article the original does not write, read as one by UDPipe's Spanish-AnCora model (Straka and Straková, ÚFAL, CC BY-NC-SA 4.0); rests on 'hijo' → 'בֶן'
6:2	30	los				expands	supplied-article-spa	safe	0.7849	approved	0				article the original does not write, read as one by UDPipe's Spanish-AnCora model (Straka and Straková, ÚFAL, CC BY-NC-SA 4.0); rests on 'días' → 'יְמֵ֣י'
6:3	24	el				expands	supplied-article-spa	safe	0.7333	approved	0				article the original does not write, read as one by UDPipe's Spanish-AnCora model (Straka and Straková, ÚFAL, CC BY-NC-SA 4.0); rests on 'Dios' → 'אֱלֹהֵ֤י'
6:3	30	la				expands	supplied-article-spa	safe	0.7521	approved	0				article the original does not write, read as one by UDPipe's Spanish-AnCora model (Straka and Straková, ÚFAL, CC BY-NC-SA 4.0); rests on 'tierra' → 'אֶ֛רֶץ'
6:14	9	los				expands	supplied-article-spa	safe	0.7853	approved	0				article the original does not write, read as one by UDPipe's Spanish-AnCora model (Straka and Straková, ÚFAL, CC BY-NC-SA 4.0); rests on 'dioses' → 'אֱלֹהֵי֙'
6:17	3	los				expands	supplied-article-spa	safe	0.7153	approved	0				article the original does not write, read as one by UDPipe's Spanish-AnCora model (Straka and Straková, ÚFAL, CC BY-NC-SA 4.0); rests on 'mandamientos' → 'מִצְוֹ֖ת'
7:6	18	un				expands	supplied-indefinite-article-spa	safe	0.79	approved	0				indefinite article, read as one by UDPipe's Spanish-AnCora model (Straka and Straková, ÚFAL, CC BY-NC-SA 4.0); rests on 'pueblo' → 'עַ֣ם'
7:8	32	la				expands	supplied-article-spa	safe	0.7633	approved	0				article the original does not write, read as one by UDPipe's Spanish-AnCora model (Straka and Straková, ÚFAL, CC BY-NC-SA 4.0); rests on 'mano' → 'יַּ֖ד'
7:9	28	las				expands	supplied-article-spa	safe	0.7053	approved	0				article the original does not write, read as one by UDPipe's Spanish-AnCora model (Straka and Straková, ÚFAL, CC BY-NC-SA 4.0); rests on 'generaciones' → 'דֹּֽור'
7:13	12	el				expands	supplied-article-spa	safe	0.6937	approved	0				article the original does not write, read as one by UDPipe's Spanish-AnCora model (Straka and Straková, ÚFAL, CC BY-NC-SA 4.0); rests on 'fruto' → 'פְּרִֽי'
7:13	18	el				expands	supplied-article-spa	safe	0.6937	approved	0				article the original does not write, read as one by UDPipe's Spanish-AnCora model (Straka and Straková, ÚFAL, CC BY-NC-SA 4.0); rests on 'fruto' → 'פְרִֽי'
7:13	32	la				expands	supplied-article-spa	safe	0.6875	approved	0				article the original does not write, read as one by UDPipe's Spanish-AnCora model (Straka and Straková, ÚFAL, CC BY-NC-SA 4.0); rests on 'cría' → 'שְׁגַר'
7:24	12	el				expands	supplied-article-spa	safe	0.7864	approved	0				article the original does not write, read as one by UDPipe's Spanish-AnCora model (Straka and Straková, ÚFAL, CC BY-NC-SA 4.0); rests on 'nombre' → 'שְׁמָ֔ם'
7:25	1	Las				expands	supplied-article-spa	safe	0.7437	approved	0				article the original does not write, read as one by UDPipe's Spanish-AnCora model (Straka and Straková, ÚFAL, CC BY-NC-SA 4.0); rests on 'esculturas' → 'פְּסִילֵ֥י'
8:3	42	la				expands	supplied-article-spa	safe	0.7854	approved	0				article the original does not write, read as one by UDPipe's Spanish-AnCora model (Straka and Straková, ÚFAL, CC BY-NC-SA 4.0); rests on 'boca' → 'פִֽי'
8:4	9	el				expands	supplied-article-spa	safe	0.5969	approved	0				article the original does not write, read as one by UDPipe's Spanish-AnCora model (Straka and Straková, ÚFAL, CC BY-NC-SA 4.0); rests on 'pie' → 'רַגְלְךָ֖'
8:6	3	los				expands	supplied-article-spa	safe	0.7158	approved	0				article the original does not write, read as one by UDPipe's Spanish-AnCora model (Straka and Straková, ÚFAL, CC BY-NC-SA 4.0); rests on 'mandamientos' → 'מִצְוֹ֖ת'
8:7	8	la				expands	supplied-article-spa	safe	0.7519	approved	0				article the original does not write, read as one by UDPipe's Spanish-AnCora model (Straka and Straková, ÚFAL, CC BY-NC-SA 4.0); rests on 'tierra' → 'אֶ֣רֶץ'
8:9	7	el				expands	supplied-article-spa	safe	0.7681	approved	0				article the original does not write, read as one by UDPipe's Spanish-AnCora model (Straka and Straková, ÚFAL, CC BY-NC-SA 4.0); rests on 'pan' → 'לֶ֔חֶם'
8:13	10	la				expands	supplied-article-spa	safe	0.7951	approved	0				article the original does not write, read as one by UDPipe's Spanish-AnCora model (Straka and Straková, ÚFAL, CC BY-NC-SA 4.0); rests on 'plata' → 'כֶ֥סֶף'
8:13	13	el				expands	supplied-article-spa	safe	0.7673	approved	0				article the original does not write, read as one by UDPipe's Spanish-AnCora model (Straka and Straková, ÚFAL, CC BY-NC-SA 4.0); rests on 'oro' → 'זָהָ֖ב'
8:15	30	la				expands	supplied-article-spa	safe	0.7135	approved	0				article the original does not write, read as one by UDPipe's Spanish-AnCora model (Straka and Straková, ÚFAL, CC BY-NC-SA 4.0); rests on 'roca' → 'צּ֖וּר'
8:20	18	la				expands	supplied-article-spa	safe	0.7935	approved	0				article the original does not write, read as one by UDPipe's Spanish-AnCora model (Straka and Straková, ÚFAL, CC BY-NC-SA 4.0); rests on 'voz' → 'קֹ֖ול'
9:2	1	Un				expands	supplied-indefinite-article-spa	safe	0.79	approved	0				indefinite article, read as one by UDPipe's Spanish-AnCora model (Straka and Straková, ÚFAL, CC BY-NC-SA 4.0); rests on 'pueblo' → 'עַֽם'
9:2	24	los				expands	supplied-article-spa	safe	0.7923	approved	0				article the original does not write, read as one by UDPipe's Spanish-AnCora model (Straka and Straková, ÚFAL, CC BY-NC-SA 4.0); rests on 'hijos' → 'בְּנֵ֥י'
9:5	15	la				expands	supplied-article-spa	safe	0.7519	approved	0				article the original does not write, read as one by UDPipe's Spanish-AnCora model (Straka and Straková, ÚFAL, CC BY-NC-SA 4.0); rests on 'tierra' → 'אַרְצָ֑ם'
9:7	23	la				expands	supplied-article-spa	safe	0.7519	approved	0				article the original does not write, read as one by UDPipe's Spanish-AnCora model (Straka and Straková, ÚFAL, CC BY-NC-SA 4.0); rests on 'tierra' → 'אֶ֣רֶץ'
9:10	11	el				expands	supplied-article-spa	safe	0.755	approved	0				article the original does not write, read as one by UDPipe's Spanish-AnCora model (Straka and Straková, ÚFAL, CC BY-NC-SA 4.0); rests on 'dedo' → 'אֶצְבַּ֣ע'
9:10	37	el				expands	supplied-article-spa	safe	0.7597	approved	0				article the original does not write, read as one by UDPipe's Spanish-AnCora model (Straka and Straková, ÚFAL, CC BY-NC-SA 4.0); rests on 'día' → 'יֹ֥ום'
9:11	6	los				expands	supplied-article-spa	safe	0.7848	approved	0				article the original does not write, read as one by UDPipe's Spanish-AnCora model (Straka and Straková, ÚFAL, CC BY-NC-SA 4.0); rests on 'días' → 'יֹ֔ום'
9:21	29	el				expands	supplied-article-spa	safe	0.7455	approved	0				article the original does not write, read as one by UDPipe's Spanish-AnCora model (Straka and Straková, ÚFAL, CC BY-NC-SA 4.0); rests on 'polvo' → 'עֲפָרֹ֔ו'
9:24	7	el				expands	supplied-article-spa	safe	0.7597	approved	0				article the original does not write, read as one by UDPipe's Spanish-AnCora model (Straka and Straková, ÚFAL, CC BY-NC-SA 4.0); rests on 'día' → 'יֹּ֖ום'
10:1	23	un				expands	supplied-indefinite-article-spa	safe	0.7471	approved	0				indefinite article, read as one by UDPipe's Spanish-AnCora model (Straka and Straková, ÚFAL, CC BY-NC-SA 4.0); rests on 'arca' → 'אֲרֹ֥ון'
10:3	3	un				expands	supplied-indefinite-article-spa	safe	0.7471	approved	0				indefinite article, read as one by UDPipe's Spanish-AnCora model (Straka and Straková, ÚFAL, CC BY-NC-SA 4.0); rests on 'arca' → 'אֲרֹון֙'
10:4	27	el				expands	supplied-article-spa	safe	0.7597	approved	0				article the original does not write, read as one by UDPipe's Spanish-AnCora model (Straka and Straková, ÚFAL, CC BY-NC-SA 4.0); rests on 'día' → 'יֹ֣ום'
10:6	3	los				expands	supplied-article-spa	safe	0.7923	approved	0				article the original does not write, read as one by UDPipe's Spanish-AnCora model (Straka and Straková, ÚFAL, CC BY-NC-SA 4.0); rests on 'hijos' → 'בְנֵ֣י'
10:8	13	el				expands	supplied-article-spa	safe	0.7471	approved	0				article the original does not write, read as one by UDPipe's Spanish-AnCora model (Straka and Straková, ÚFAL, CC BY-NC-SA 4.0); rests on 'arca' → 'אֲרֹ֣ון'
10:13	3	los				expands	supplied-article-spa	safe	0.7169	approved	0				article the original does not write, read as one by UDPipe's Spanish-AnCora model (Straka and Straková, ÚFAL, CC BY-NC-SA 4.0); rests on 'mandamientos' → 'מִצְוֹ֤ת'
10:14	11	los				expands	supplied-article-spa	safe	0.7771	approved	0				article the original does not write, read as one by UDPipe's Spanish-AnCora model (Straka and Straková, ÚFAL, CC BY-NC-SA 4.0); rests on 'cielos' → 'שְׁמֵ֣י'
10:16	3	el				expands	supplied-article-spa	safe	0.8	approved	0				article the original does not write, read as one by UDPipe's Spanish-AnCora model (Straka and Straková, ÚFAL, CC BY-NC-SA 4.0); rests on 'prepucio' → 'עָרְלַ֣ת'
10:18	8	la				expands	supplied-article-spa	safe	0.7663	approved	0				article the original does not write, read as one by UDPipe's Spanish-AnCora model (Straka and Straková, ÚFAL, CC BY-NC-SA 4.0); rests on 'viuda' → 'אַלְמָנָ֑ה'
10:22	16	las				expands	supplied-article-spa	safe	0.8	approved	0				article the original does not write, read as one by UDPipe's Spanish-AnCora model (Straka and Straková, ÚFAL, CC BY-NC-SA 4.0); rests on 'estrellas' → 'כֹוכְבֵ֥י'
11:4	19	las				expands	supplied-article-spa	safe	0.7937	approved	0				article the original does not write, read as one by UDPipe's Spanish-AnCora model (Straka and Straková, ÚFAL, CC BY-NC-SA 4.0); rests on 'aguas' → 'מֵ֤י'
11:9	7	los				expands	supplied-article-spa	safe	0.7855	approved	0				article the original does not write, read as one by UDPipe's Spanish-AnCora model (Straka and Straková, ÚFAL, CC BY-NC-SA 4.0); rests on 'días' → 'יָמִים֙'
11:10	13	la				expands	supplied-article-spa	safe	0.7522	approved	0				article the original does not write, read as one by UDPipe's Spanish-AnCora model (Straka and Straková, ÚFAL, CC BY-NC-SA 4.0); rests on 'tierra' → 'אֶ֤רֶץ'
11:11	24	las				expands	supplied-article-spa	safe	0.7937	approved	0				article the original does not write, read as one by UDPipe's Spanish-AnCora model (Straka and Straková, ÚFAL, CC BY-NC-SA 4.0); rests on 'aguas' → 'מָּֽיִם'
11:12	13	los				expands	supplied-article-spa	safe	0.7877	approved	0				article the original does not write, read as one by UDPipe's Spanish-AnCora model (Straka and Straková, ÚFAL, CC BY-NC-SA 4.0); rests on 'ojos' → 'עֵינֵ֨י'
11:14	11	la				expands	supplied-article-spa	safe	0.575	approved	0				article the original does not write, read as one by UDPipe's Spanish-AnCora model (Straka and Straková, ÚFAL, CC BY-NC-SA 4.0); rests on 'temprana' → 'יֹורֶ֣ה'
11:14	14	la				expands	supplied-article-spa	safe	0.8	approved	0				article the original does not write, read as one by UDPipe's Spanish-AnCora model (Straka and Straková, ÚFAL, CC BY-NC-SA 4.0); rests on 'tardía' → 'מַלְקֹ֑ושׁ'
11:21	8	los				expands	supplied-article-spa	safe	0.7855	approved	0				article the original does not write, read as one by UDPipe's Spanish-AnCora model (Straka and Straková, ÚFAL, CC BY-NC-SA 4.0); rests on 'días' → 'ימֵ֣י'
11:21	28	los				expands	supplied-article-spa	safe	0.7855	approved	0				article the original does not write, read as one by UDPipe's Spanish-AnCora model (Straka and Straková, ÚFAL, CC BY-NC-SA 4.0); rests on 'días' → 'ימֵ֥י'
11:24	5	la				expands	supplied-article-spa	safe	0.6412	approved	0				article the original does not write, read as one by UDPipe's Spanish-AnCora model (Straka and Straková, ÚFAL, CC BY-NC-SA 4.0); rests on 'planta' → 'כַּֽף'
11:26	9	la				expands	supplied-article-spa	safe	0.7531	approved	0				article the original does not write, read as one by UDPipe's Spanish-AnCora model (Straka and Straková, ÚFAL, CC BY-NC-SA 4.0); rests on 'bendición' → 'בְּרָכָ֖ה'
11:27	5	los				expands	supplied-article-spa	safe	0.7141	approved	0				article the original does not write, read as one by UDPipe's Spanish-AnCora model (Straka and Straková, ÚFAL, CC BY-NC-SA 4.0); rests on 'mandamientos' → 'מִצְוֹת֙'
11:28	7	los				expands	supplied-article-spa	safe	0.7141	approved	0				article the original does not write, read as one by UDPipe's Spanish-AnCora model (Straka and Straková, ÚFAL, CC BY-NC-SA 4.0); rests on 'mandamientos' → 'מִצְוֹת֙'
11:29	23	el				expands	supplied-article-spa	safe	0.7697	approved	0				article the original does not write, read as one by UDPipe's Spanish-AnCora model (Straka and Straková, ÚFAL, CC BY-NC-SA 4.0); rests on 'monte' → 'הַ֣ר'
11:29	30	el				expands	supplied-article-spa	safe	0.7697	approved	0				article the original does not write, read as one by UDPipe's Spanish-AnCora model (Straka and Straková, ÚFAL, CC BY-NC-SA 4.0); rests on 'monte' → 'הַ֥ר'
11:30	11	el				expands	supplied-article-spa	safe	0.7506	approved	0				article the original does not write, read as one by UDPipe's Spanish-AnCora model (Straka and Straková, ÚFAL, CC BY-NC-SA 4.0); rests on 'camino' → 'דֶּ֚רֶךְ'
12:1	18	el				expands	supplied-article-spa	safe	0.733	approved	0				article the original does not write, read as one by UDPipe's Spanish-AnCora model (Straka and Straková, ÚFAL, CC BY-NC-SA 4.0); rests on 'Dios' → 'אֱלֹהֵ֧י'
12:3	17	las				expands	supplied-article-spa	safe	0.75	approved	0				article the original does not write, read as one by UDPipe's Spanish-AnCora model (Straka and Straková, ÚFAL, CC BY-NC-SA 4.0); rests on 'esculturas' → 'פְסִילֵ֥י'
12:3	24	el				expands	supplied-article-spa	safe	0.7863	approved	0				article the original does not write, read as one by UDPipe's Spanish-AnCora model (Straka and Straková, ÚFAL, CC BY-NC-SA 4.0); rests on 'nombre' → 'שְׁמָ֔ם'
12:15	19	la				expands	supplied-article-spa	safe	0.755	approved	0				article the original does not write, read as one by UDPipe's Spanish-AnCora model (Straka and Straková, ÚFAL, CC BY-NC-SA 4.0); rests on 'bendición' → 'בִרְכַּ֨ת'
12:17	7	el				expands	supplied-article-spa	safe	0.725	approved	0				article the original does not write, read as one by UDPipe's Spanish-AnCora model (Straka and Straková, ÚFAL, CC BY-NC-SA 4.0); rests on 'diezmo' → 'מַעְשַׂ֤ר'
12:27	11	el				expands	supplied-article-spa	safe	0.7948	approved	0				article the original does not write, read as one by UDPipe's Spanish-AnCora model (Straka and Straková, ÚFAL, CC BY-NC-SA 4.0); rests on 'altar' → 'מִזְבַּ֖ח'
12:27	18	la				expands	supplied-article-spa	safe	0.7893	approved	0				article the original does not write, read as one by UDPipe's Spanish-AnCora model (Straka and Straková, ÚFAL, CC BY-NC-SA 4.0); rests on 'sangre' → 'דַם'
12:27	26	el				expands	supplied-article-spa	safe	0.7948	approved	0				article the original does not write, read as one by UDPipe's Spanish-AnCora model (Straka and Straková, ÚFAL, CC BY-NC-SA 4.0); rests on 'altar' → 'מִזְבַּח֙'
12:28	34	los				expands	supplied-article-spa	safe	0.7877	approved	0				article the original does not write, read as one by UDPipe's Spanish-AnCora model (Straka and Straková, ÚFAL, CC BY-NC-SA 4.0); rests on 'ojos' → 'עֵינֵ֖י'
13:3	5	las				expands	supplied-article-spa	safe	0.7052	approved	0				article the original does not write, read as one by UDPipe's Spanish-AnCora model (Straka and Straková, ÚFAL, CC BY-NC-SA 4.0); rests on 'palabras' → 'דִּבְרֵי֙'
13:6	17	la				expands	supplied-article-spa	safe	0.7929	approved	0				article the original does not write, read as one by UDPipe's Spanish-AnCora model (Straka and Straková, ÚFAL, CC BY-NC-SA 4.0); rests on 'mujer' → 'אֵ֣שֶׁת'
13:7	2	los				expands	supplied-article-spa	safe	0.7851	approved	0				article the original does not write, read as one by UDPipe's Spanish-AnCora model (Straka and Straková, ÚFAL, CC BY-NC-SA 4.0); rests on 'dioses' → 'אֱלֹהֵ֣י'
13:9	15	la				expands	supplied-article-spa	safe	0.7633	approved	0				article the original does not write, read as one by UDPipe's Spanish-AnCora model (Straka and Straková, ÚFAL, CC BY-NC-SA 4.0); rests on 'mano' → 'יַ֥ד'
13:13	16	los				expands	supplied-article-spa	safe	0.7724	approved	0				article the original does not write, read as one by UDPipe's Spanish-AnCora model (Straka and Straková, ÚFAL, CC BY-NC-SA 4.0); rests on 'moradores' → 'יֹשְׁבֵ֥י'
13:15	7	los				expands	supplied-article-spa	safe	0.7724	approved	0				article the original does not write, read as one by UDPipe's Spanish-AnCora model (Straka and Straková, ÚFAL, CC BY-NC-SA 4.0); rests on 'moradores' → 'יֹֽשְׁבֵ֛י'
13:16	4	el				expands	supplied-article-spa	safe	0.6773	approved	0				article the original does not write, read as one by UDPipe's Spanish-AnCora model (Straka and Straková, ÚFAL, CC BY-NC-SA 4.0); rests on 'despojo' → 'שְׁלָלָ֗הּ'
13:18	4	la				expands	supplied-article-spa	safe	0.7935	approved	0				article the original does not write, read as one by UDPipe's Spanish-AnCora model (Straka and Straková, ÚFAL, CC BY-NC-SA 4.0); rests on 'voz' → 'קֹול֙'
14:2	18	un				expands	supplied-indefinite-article-spa	safe	0.79	approved	0				indefinite article, read as one by UDPipe's Spanish-AnCora model (Straka and Straková, ÚFAL, CC BY-NC-SA 4.0); rests on 'pueblo' → 'עַ֣ם'
14:4	7	el				expands	supplied-article-spa	safe	0.7637	approved	0				article the original does not write, read as one by UDPipe's Spanish-AnCora model (Straka and Straková, ÚFAL, CC BY-NC-SA 4.0); rests on 'buey' → 'שֹׁ֕ור'
14:4	9	la				expands	supplied-article-spa	safe	0.6773	approved	0				article the original does not write, read as one by UDPipe's Spanish-AnCora model (Straka and Straková, ÚFAL, CC BY-NC-SA 4.0); rests on 'oveja' → 'שֵׂ֥ה'
14:4	12	la				expands	supplied-article-spa	safe	0.725	approved	0				article the original does not write, read as one by UDPipe's Spanish-AnCora model (Straka and Straková, ÚFAL, CC BY-NC-SA 4.0); rests on 'cabra' → 'עִזִּֽים'
14:5	1	El				expands	supplied-article-spa	safe	0.8	approved	0				article the original does not write, read as one by UDPipe's Spanish-AnCora model (Straka and Straková, ÚFAL, CC BY-NC-SA 4.0); rests on 'ciervo' → 'אַיָּ֥ל'
14:8	14	la				expands	supplied-article-spa	safe	0.7788	approved	0				article the original does not write, read as one by UDPipe's Spanish-AnCora model (Straka and Straková, ÚFAL, CC BY-NC-SA 4.0); rests on 'carne' → 'בְּשָׂרָם֙'
14:21	33	el				expands	supplied-article-spa	safe	0.7654	approved	0				article the original does not write, read as one by UDPipe's Spanish-AnCora model (Straka and Straková, ÚFAL, CC BY-NC-SA 4.0); rests on 'cabrito' → 'גְּדִ֖י'
14:21	36	la				expands	supplied-article-spa	safe	0.789	approved	0				article the original does not write, read as one by UDPipe's Spanish-AnCora model (Straka and Straková, ÚFAL, CC BY-NC-SA 4.0); rests on 'leche' → 'חֲלֵ֥ב'
14:22	14	un				expands	supplied-indefinite-article-spa	safe	0.7664	approved	0				indefinite article, read as one by UDPipe's Spanish-AnCora model (Straka and Straková, ÚFAL, CC BY-NC-SA 4.0); rests on 'año' → 'שָׁנָֽה'
14:23	20	el				expands	supplied-article-spa	safe	0.7182	approved	0				article the original does not write, read as one by UDPipe's Spanish-AnCora model (Straka and Straková, ÚFAL, CC BY-NC-SA 4.0); rests on 'diezmo' → 'מַעְשַׂ֤ר'
14:28	9	el				expands	supplied-article-spa	safe	0.7182	approved	0				article the original does not write, read as one by UDPipe's Spanish-AnCora model (Straka and Straková, ÚFAL, CC BY-NC-SA 4.0); rests on 'diezmo' → 'מַעְשַׂר֙'
15:5	5	la				expands	supplied-article-spa	safe	0.7935	approved	0				article the original does not write, read as one by UDPipe's Spanish-AnCora model (Straka and Straková, ÚFAL, CC BY-NC-SA 4.0); rests on 'voz' → 'קֹ֖ול'
15:9	13	el				expands	supplied-article-spa	safe	0.7663	approved	0				article the original does not write, read as one by UDPipe's Spanish-AnCora model (Straka and Straková, ÚFAL, CC BY-NC-SA 4.0); rests on 'año' → 'שְׁנַֽת'
15:15	8	la				expands	supplied-article-spa	safe	0.7519	approved	0				article the original does not write, read as one by UDPipe's Spanish-AnCora model (Straka and Straková, ÚFAL, CC BY-NC-SA 4.0); rests on 'tierra' → 'אֶ֣רֶץ'
15:20	9	un				expands	supplied-indefinite-article-spa	safe	0.7663	approved	0				indefinite article, read as one by UDPipe's Spanish-AnCora model (Straka and Straková, ÚFAL, CC BY-NC-SA 4.0); rests on 'año' → 'שָׁנָ֔ה'
16:1	2	el				expands	supplied-article-spa	safe	0.7857	approved	0				article the original does not write, read as one by UDPipe's Spanish-AnCora model (Straka and Straková, ÚFAL, CC BY-NC-SA 4.0); rests on 'mes' → 'חֹ֣דֶשׁ'
16:1	15	el				expands	supplied-article-spa	safe	0.7857	approved	0				article the original does not write, read as one by UDPipe's Spanish-AnCora model (Straka and Straková, ÚFAL, CC BY-NC-SA 4.0); rests on 'mes' → 'חֹ֣דֶשׁ'
16:2	3	la				expands	supplied-article-spa	safe	0.7902	approved	0				article the original does not write, read as one by UDPipe's Spanish-AnCora model (Straka and Straková, ÚFAL, CC BY-NC-SA 4.0); rests on 'pascua' → 'פֶּ֛סַח'
16:2	10	las				expands	supplied-article-spa	safe	0.7589	approved	0				article the original does not write, read as one by UDPipe's Spanish-AnCora model (Straka and Straková, ÚFAL, CC BY-NC-SA 4.0); rests on 'ovejas' → 'צֹ֣אן'
16:2	14	las				expands	supplied-article-spa	safe	0.6419	approved	0				article the original does not write, read as one by UDPipe's Spanish-AnCora model (Straka and Straková, ÚFAL, CC BY-NC-SA 4.0); rests on 'vacas' → 'בָקָ֑ר'
16:3	34	la				expands	supplied-article-spa	safe	0.752	approved	0				article the original does not write, read as one by UDPipe's Spanish-AnCora model (Straka and Straková, ÚFAL, CC BY-NC-SA 4.0); rests on 'tierra' → 'אֶ֣רֶץ'
16:3	39	los				expands	supplied-article-spa	safe	0.7848	approved	0				article the original does not write, read as one by UDPipe's Spanish-AnCora model (Straka and Straková, ÚFAL, CC BY-NC-SA 4.0); rests on 'días' → 'יְמֵ֥י'
16:9	16	las				expands	supplied-article-spa	safe	0.6962	approved	0				article the original does not write, read as one by UDPipe's Spanish-AnCora model (Straka and Straková, ÚFAL, CC BY-NC-SA 4.0); rests on 'semanas' → 'שָׁבֻעֹֽות'
16:10	6	las				expands	supplied-article-spa	safe	0.6962	approved	0				article the original does not write, read as one by UDPipe's Spanish-AnCora model (Straka and Straková, ÚFAL, CC BY-NC-SA 4.0); rests on 'semanas' → 'שָׁבֻעֹות֙'
16:17	11	la				expands	supplied-article-spa	safe	0.755	approved	0				article the original does not write, read as one by UDPipe's Spanish-AnCora model (Straka and Straková, ÚFAL, CC BY-NC-SA 4.0); rests on 'bendición' → 'בִרְכַּ֛ת'
16:19	3	el				expands	supplied-article-spa	safe	0.5534	approved	0				article the original does not write, read as one by UDPipe's Spanish-AnCora model (Straka and Straková, ÚFAL, CC BY-NC-SA 4.0); rests on 'derecho' → 'מִשְׁפָּ֔ט'
16:19	17	los				expands	supplied-article-spa	safe	0.7877	approved	0				article the original does not write, read as one by UDPipe's Spanish-AnCora model (Straka and Straková, ÚFAL, CC BY-NC-SA 4.0); rests on 'ojos' → 'עֵינֵ֣י'
16:19	20	los				expands	supplied-article-spa	safe	0.68	approved	0				article the original does not write, read as one by UDPipe's Spanish-AnCora model (Straka and Straková, ÚFAL, CC BY-NC-SA 4.0); rests on 'sabios' → 'חֲכָמִ֔ים'
16:19	24	las				expands	supplied-article-spa	safe	0.7052	approved	0				article the original does not write, read as one by UDPipe's Spanish-AnCora model (Straka and Straková, ÚFAL, CC BY-NC-SA 4.0); rests on 'palabras' → 'דִּבְרֵ֥י'
16:19	27	los				expands	supplied-article-spa	safe	0.785	approved	0				article the original does not write, read as one by UDPipe's Spanish-AnCora model (Straka and Straková, ÚFAL, CC BY-NC-SA 4.0); rests on 'justos' → 'צַדִּיקִֽם'
17:7	1	La				expands	supplied-article-spa	safe	0.7634	approved	0				article the original does not write, read as one by UDPipe's Spanish-AnCora model (Straka and Straková, ÚFAL, CC BY-NC-SA 4.0); rests on 'mano' → 'יַ֣ד'
17:7	14	la				expands	supplied-article-spa	safe	0.7634	approved	0				article the original does not write, read as one by UDPipe's Spanish-AnCora model (Straka and Straková, ÚFAL, CC BY-NC-SA 4.0); rests on 'mano' → 'יַ֥ד'
17:18	19	un				expands	supplied-indefinite-article-spa	safe	0.7669	approved	0				indefinite article, read as one by UDPipe's Spanish-AnCora model (Straka and Straková, ÚFAL, CC BY-NC-SA 4.0); rests on 'libro' → 'סֵ֔פֶר'
17:19	10	los				expands	supplied-article-spa	safe	0.7855	approved	0				article the original does not write, read as one by UDPipe's Spanish-AnCora model (Straka and Straková, ÚFAL, CC BY-NC-SA 4.0); rests on 'días' → 'יְמֵ֣י'
17:19	27	las				expands	supplied-article-spa	safe	0.7052	approved	0				article the original does not write, read as one by UDPipe's Spanish-AnCora model (Straka and Straková, ÚFAL, CC BY-NC-SA 4.0); rests on 'palabras' → 'דִּבְרֵ֞י'
18:1	24	la				expands	supplied-article-spa	safe	0.6185	approved	0				article the original does not write, read as one by UDPipe's Spanish-AnCora model (Straka and Straková, ÚFAL, CC BY-NC-SA 4.0); rests on 'heredad' → 'נַחֲלָתֹ֖ו'
18:3	4	el				expands	supplied-article-spa	safe	0.5534	approved	0				article the original does not write, read as one by UDPipe's Spanish-AnCora model (Straka and Straková, ÚFAL, CC BY-NC-SA 4.0); rests on 'derecho' → 'מִשְׁפַּ֨ט'
18:9	18	las				expands	supplied-article-spa	safe	0.6938	approved	0				article the original does not write, read as one by UDPipe's Spanish-AnCora model (Straka and Straková, ÚFAL, CC BY-NC-SA 4.0); rests on 'abominaciones' → 'תֹועֲבֹ֖ת'
18:16	13	el				expands	supplied-article-spa	safe	0.7597	approved	0				article the original does not write, read as one by UDPipe's Spanish-AnCora model (Straka and Straková, ÚFAL, CC BY-NC-SA 4.0); rests on 'día' → 'יֹ֥ום'
18:16	24	la				expands	supplied-article-spa	safe	0.7935	approved	0				article the original does not write, read as one by UDPipe's Spanish-AnCora model (Straka and Straková, ÚFAL, CC BY-NC-SA 4.0); rests on 'voz' → 'קֹול֙'
19:3	10	el				expands	supplied-article-spa	safe	0.7043	approved	0				article the original does not write, read as one by UDPipe's Spanish-AnCora model (Straka and Straková, ÚFAL, CC BY-NC-SA 4.0); rests on 'término' → 'גְּב֣וּל'
19:12	2	los				expands	supplied-article-spa	safe	0.8	approved	0				article the original does not write, read as one by UDPipe's Spanish-AnCora model (Straka and Straková, ÚFAL, CC BY-NC-SA 4.0); rests on 'ancianos' → 'זִקְנֵ֣י'
19:14	3	el				expands	supplied-article-spa	safe	0.7043	approved	0				article the original does not write, read as one by UDPipe's Spanish-AnCora model (Straka and Straková, ÚFAL, CC BY-NC-SA 4.0); rests on 'término' → 'גְּב֣וּל'
19:15	34	el				expands	supplied-article-spa	safe	0.6929	approved	0				article the original does not write, read as one by UDPipe's Spanish-AnCora model (Straka and Straková, ÚFAL, CC BY-NC-SA 4.0); rests on 'negocio' → 'דָּבָֽר'
20:1	14	un				expands	supplied-indefinite-article-spa	safe	0.79	approved	0				indefinite article, read as one by UDPipe's Spanish-AnCora model (Straka and Straková, ÚFAL, CC BY-NC-SA 4.0); rests on 'pueblo' → 'עַ֚ם'
20:9	13	los				expands	supplied-article-spa	safe	0.5509	approved	0				article the original does not write, read as one by UDPipe's Spanish-AnCora model (Straka and Straková, ÚFAL, CC BY-NC-SA 4.0); rests on 'capitanes' → 'שָׂרֵ֥י'
20:9	16	los				expands	supplied-article-spa	safe	0.7837	approved	0				article the original does not write, read as one by UDPipe's Spanish-AnCora model (Straka and Straková, ÚFAL, CC BY-NC-SA 4.0); rests on 'ejércitos' → 'צְבָאֹ֖ות'
20:10	5	una				expands	supplied-indefinite-article-spa	safe	0.7709	approved	0				indefinite article, read as one by UDPipe's Spanish-AnCora model (Straka and Straková, ÚFAL, CC BY-NC-SA 4.0); rests on 'ciudad' → 'עִ֔יר'
20:10	11	la				expands	supplied-article-spa	safe	0.7503	approved	0				article the original does not write, read as one by UDPipe's Spanish-AnCora model (Straka and Straková, ÚFAL, CC BY-NC-SA 4.0); rests on 'paz' → 'שָׁלֹֽום'
20:15	17	las				expands	supplied-article-spa	safe	0.7732	approved	0				article the original does not write, read as one by UDPipe's Spanish-AnCora model (Straka and Straková, ÚFAL, CC BY-NC-SA 4.0); rests on 'ciudades' → 'עָרֵ֥י'
20:16	3	las				expands	supplied-article-spa	safe	0.7732	approved	0				article the original does not write, read as one by UDPipe's Spanish-AnCora model (Straka and Straková, ÚFAL, CC BY-NC-SA 4.0); rests on 'ciudades' → 'עָרֵ֤י'
20:19	34	el				expands	supplied-article-spa	safe	0.7743	approved	0				article the original does not write, read as one by UDPipe's Spanish-AnCora model (Straka and Straková, ÚFAL, CC BY-NC-SA 4.0); rests on 'árbol' → 'עֵ֣ץ'
20:20	2	el				expands	supplied-article-spa	safe	0.7743	approved	0				article the original does not write, read as one by UDPipe's Spanish-AnCora model (Straka and Straková, ÚFAL, CC BY-NC-SA 4.0); rests on 'árbol' → 'עֵ֣ץ'
21:3	4	los				expands	supplied-article-spa	safe	0.8	approved	0				article the original does not write, read as one by UDPipe's Spanish-AnCora model (Straka and Straková, ÚFAL, CC BY-NC-SA 4.0); rests on 'ancianos' → 'זִקְנֵי֩'
21:4	2	los				expands	supplied-article-spa	safe	0.8	approved	0				article the original does not write, read as one by UDPipe's Spanish-AnCora model (Straka and Straková, ÚFAL, CC BY-NC-SA 4.0); rests on 'ancianos' → 'זִקְנֵי֩'
21:5	3	los				expands	supplied-article-spa	safe	0.7923	approved	0				article the original does not write, read as one by UDPipe's Spanish-AnCora model (Straka and Straková, ÚFAL, CC BY-NC-SA 4.0); rests on 'hijos' → 'בְּנֵ֣י'
21:6	3	los				expands	supplied-article-spa	safe	0.8	approved	0				article the original does not write, read as one by UDPipe's Spanish-AnCora model (Straka and Straková, ÚFAL, CC BY-NC-SA 4.0); rests on 'ancianos' → 'זִקְנֵי֙'
21:8	14	la				expands	supplied-article-spa	safe	0.7879	approved	0				article the original does not write, read as one by UDPipe's Spanish-AnCora model (Straka and Straková, ÚFAL, CC BY-NC-SA 4.0); rests on 'sangre' → 'דָּ֣ם'
21:9	21	los				expands	supplied-article-spa	safe	0.7877	approved	0				article the original does not write, read as one by UDPipe's Spanish-AnCora model (Straka and Straková, ÚFAL, CC BY-NC-SA 4.0); rests on 'ojos' → 'עֵינֵ֥י'
21:16	3	el				expands	supplied-article-spa	safe	0.7597	approved	0				article the original does not write, read as one by UDPipe's Spanish-AnCora model (Straka and Straková, ÚFAL, CC BY-NC-SA 4.0); rests on 'día' → 'יֹום֙'
21:16	22	los				expands	supplied-article-spa	safe	0.7923	approved	0				article the original does not write, read as one by UDPipe's Spanish-AnCora model (Straka and Straková, ÚFAL, CC BY-NC-SA 4.0); rests on 'hijos' → 'בֶּן'
21:17	30	el				expands	supplied-article-spa	safe	0.5562	approved	0				article the original does not write, read as one by UDPipe's Spanish-AnCora model (Straka and Straková, ÚFAL, CC BY-NC-SA 4.0); rests on 'derecho' → 'מִשְׁפַּ֥ט'
21:18	12	la				expands	supplied-article-spa	safe	0.7935	approved	0				article the original does not write, read as one by UDPipe's Spanish-AnCora model (Straka and Straková, ÚFAL, CC BY-NC-SA 4.0); rests on 'voz' → 'קֹ֥ול'
21:18	19	la				expands	supplied-article-spa	safe	0.7935	approved	0				article the original does not write, read as one by UDPipe's Spanish-AnCora model (Straka and Straková, ÚFAL, CC BY-NC-SA 4.0); rests on 'voz' → 'קֹ֣ול'
21:19	13	los				expands	supplied-article-spa	safe	0.8	approved	0				article the original does not write, read as one by UDPipe's Spanish-AnCora model (Straka and Straková, ÚFAL, CC BY-NC-SA 4.0); rests on 'ancianos' → 'זִקְנֵ֥י'
21:19	20	la				expands	supplied-article-spa	safe	0.6374	approved	0				article the original does not write, read as one by UDPipe's Spanish-AnCora model (Straka and Straková, ÚFAL, CC BY-NC-SA 4.0); rests on 'puerta' → 'שַׁ֥עַר'
21:20	4	los				expands	supplied-article-spa	safe	0.8	approved	0				article the original does not write, read as one by UDPipe's Spanish-AnCora model (Straka and Straková, ÚFAL, CC BY-NC-SA 4.0); rests on 'ancianos' → 'זִקְנֵ֣י'
21:20	7	la				expands	supplied-article-spa	safe	0.7708	approved	0				article the original does not write, read as one by UDPipe's Spanish-AnCora model (Straka and Straková, ÚFAL, CC BY-NC-SA 4.0); rests on 'ciudad' → 'עִירֹ֗ו'
22:1	3	el				expands	supplied-article-spa	safe	0.7625	approved	0				article the original does not write, read as one by UDPipe's Spanish-AnCora model (Straka and Straková, ÚFAL, CC BY-NC-SA 4.0); rests on 'buey' → 'שֹׁ֨ור'
22:4	3	el				expands	supplied-article-spa	safe	0.782	approved	0				article the original does not write, read as one by UDPipe's Spanish-AnCora model (Straka and Straková, ÚFAL, CC BY-NC-SA 4.0); rests on 'asno' → 'חֲמֹ֨ור'
22:5	3	la				expands	supplied-article-spa	safe	0.7928	approved	0				article the original does not write, read as one by UDPipe's Spanish-AnCora model (Straka and Straková, ÚFAL, CC BY-NC-SA 4.0); rests on 'mujer' → 'אִשָּׁ֔ה'
22:15	2	el				expands	supplied-article-spa	safe	0.7561	approved	0				article the original does not write, read as one by UDPipe's Spanish-AnCora model (Straka and Straková, ÚFAL, CC BY-NC-SA 4.0); rests on 'padre' → 'אֲבִ֥י'
22:15	22	los				expands	supplied-article-spa	safe	0.8	approved	0				article the original does not write, read as one by UDPipe's Spanish-AnCora model (Straka and Straková, ÚFAL, CC BY-NC-SA 4.0); rests on 'ancianos' → 'זִקְנֵ֥י'
22:16	3	el				expands	supplied-article-spa	safe	0.7561	approved	0				article the original does not write, read as one by UDPipe's Spanish-AnCora model (Straka and Straková, ÚFAL, CC BY-NC-SA 4.0); rests on 'padre' → 'אֲבִ֥י'
22:17	35	los				expands	supplied-article-spa	safe	0.8	approved	0				article the original does not write, read as one by UDPipe's Spanish-AnCora model (Straka and Straková, ÚFAL, CC BY-NC-SA 4.0); rests on 'ancianos' → 'זִקְנֵ֥י'
22:18	2	los				expands	supplied-article-spa	safe	0.8	approved	0				article the original does not write, read as one by UDPipe's Spanish-AnCora model (Straka and Straková, ÚFAL, CC BY-NC-SA 4.0); rests on 'ancianos' → 'זִקְנֵ֥י'
22:21	8	la				expands	supplied-article-spa	safe	0.7913	approved	0				article the original does not write, read as one by UDPipe's Spanish-AnCora model (Straka and Straková, ÚFAL, CC BY-NC-SA 4.0); rests on 'casa' → 'בֵּית'
22:24	7	la				expands	supplied-article-spa	safe	0.6377	approved	0				article the original does not write, read as one by UDPipe's Spanish-AnCora model (Straka and Straková, ÚFAL, CC BY-NC-SA 4.0); rests on 'puerta' → 'שַׁ֣עַר'
22:24	34	la				expands	supplied-article-spa	safe	0.7928	approved	0				article the original does not write, read as one by UDPipe's Spanish-AnCora model (Straka and Straková, ÚFAL, CC BY-NC-SA 4.0); rests on 'mujer' → 'אֵ֣שֶׁת'
22:30	4	la				expands	supplied-article-spa	safe	0.7928	approved	0				article the original does not write, read as one by UDPipe's Spanish-AnCora model (Straka and Straková, ÚFAL, CC BY-NC-SA 4.0); rests on 'mujer' → 'אֵ֣שֶׁת'
23:2	12	la				expands	supplied-article-spa	safe	0.7269	approved	0				article the original does not write, read as one by UDPipe's Spanish-AnCora model (Straka and Straková, ÚFAL, CC BY-NC-SA 4.0); rests on 'generación' → 'דֹּ֣ור'
23:3	14	la				expands	supplied-article-spa	safe	0.7269	approved	0				article the original does not write, read as one by UDPipe's Spanish-AnCora model (Straka and Straková, ÚFAL, CC BY-NC-SA 4.0); rests on 'generación' → 'דֹּ֣ור'
23:6	3	la				expands	supplied-article-spa	safe	0.7485	approved	0				article the original does not write, read as one by UDPipe's Spanish-AnCora model (Straka and Straková, ÚFAL, CC BY-NC-SA 4.0); rests on 'paz' → 'שְׁלֹמָ֖ם'
23:6	12	los				expands	supplied-article-spa	safe	0.7849	approved	0				article the original does not write, read as one by UDPipe's Spanish-AnCora model (Straka and Straková, ÚFAL, CC BY-NC-SA 4.0); rests on 'días' → 'יָמֶ֖יךָ'
23:8	1	Los				expands	supplied-article-spa	safe	0.7923	approved	0				article the original does not write, read as one by UDPipe's Spanish-AnCora model (Straka and Straková, ÚFAL, CC BY-NC-SA 4.0); rests on 'hijos' → 'בָּנִ֛ים'
23:8	8	la				expands	supplied-article-spa	safe	0.7269	approved	0				article the original does not write, read as one by UDPipe's Spanish-AnCora model (Straka and Straková, ÚFAL, CC BY-NC-SA 4.0); rests on 'generación' → 'דֹּ֣ור'
23:11	7	la				expands	supplied-article-spa	safe	0.7766	approved	0				article the original does not write, read as one by UDPipe's Spanish-AnCora model (Straka and Straková, ÚFAL, CC BY-NC-SA 4.0); rests on 'tarde' → 'עֶ֖רֶב'
23:13	3	una				expands	supplied-indefinite-article-spa	safe	0.8	approved	0				indefinite article, read as one by UDPipe's Spanish-AnCora model (Straka and Straková, ÚFAL, CC BY-NC-SA 4.0); rests on 'estaca' → 'יָתֵ֛ד'
23:15	6	el				expands	supplied-article-spa	safe	0.7975	approved	0				article the original does not write, read as one by UDPipe's Spanish-AnCora model (Straka and Straková, ÚFAL, CC BY-NC-SA 4.0); rests on 'siervo' → 'עֶ֖בֶד'
23:17	5	las				expands	supplied-article-spa	safe	0.8	approved	0				article the original does not write, read as one by UDPipe's Spanish-AnCora model (Straka and Straková, ÚFAL, CC BY-NC-SA 4.0); rests on 'hijas' → 'בְּנֹ֣ות'
23:17	13	los				expands	supplied-article-spa	safe	0.7923	approved	0				article the original does not write, read as one by UDPipe's Spanish-AnCora model (Straka and Straková, ÚFAL, CC BY-NC-SA 4.0); rests on 'hijos' → 'בְּנֵ֥י'
23:18	11	la				expands	supplied-article-spa	safe	0.7913	approved	0				article the original does not write, read as one by UDPipe's Spanish-AnCora model (Straka and Straková, ÚFAL, CC BY-NC-SA 4.0); rests on 'casa' → 'בֵּ֛ית'
23:24	4	la				expands	supplied-article-spa	safe	0.7617	approved	0				article the original does not write, read as one by UDPipe's Spanish-AnCora model (Straka and Straková, ÚFAL, CC BY-NC-SA 4.0); rests on 'viña' → 'כֶ֣רֶם'
24:7	12	los				expands	supplied-article-spa	safe	0.7923	approved	0				article the original does not write, read as one by UDPipe's Spanish-AnCora model (Straka and Straková, ÚFAL, CC BY-NC-SA 4.0); rests on 'hijos' → 'בְּנֵ֣י'
24:16	1	Los				expands	supplied-article-spa	safe	0.7401	approved	0				article the original does not write, read as one by UDPipe's Spanish-AnCora model (Straka and Straková, ÚFAL, CC BY-NC-SA 4.0); rests on 'padres' → 'אָבֹות֙'
24:16	6	los				expands	supplied-article-spa	safe	0.7923	approved	0				article the original does not write, read as one by UDPipe's Spanish-AnCora model (Straka and Straková, ÚFAL, CC BY-NC-SA 4.0); rests on 'hijos' → 'בָּנִ֔ים'
24:16	9	los				expands	supplied-article-spa	safe	0.7923	approved	0				article the original does not write, read as one by UDPipe's Spanish-AnCora model (Straka and Straková, ÚFAL, CC BY-NC-SA 4.0); rests on 'hijos' → 'בָנִ֖ים'
24:16	12	los				expands	supplied-article-spa	safe	0.7401	approved	0				article the original does not write, read as one by UDPipe's Spanish-AnCora model (Straka and Straková, ÚFAL, CC BY-NC-SA 4.0); rests on 'padres' → 'אָבֹ֑ות'
24:17	3	el				expands	supplied-article-spa	safe	0.5534	approved	0				article the original does not write, read as one by UDPipe's Spanish-AnCora model (Straka and Straková, ÚFAL, CC BY-NC-SA 4.0); rests on 'derecho' → 'מִשְׁפַּ֖ט'
24:17	14	la				expands	supplied-article-spa	safe	0.6239	approved	0				article the original does not write, read as one by UDPipe's Spanish-AnCora model (Straka and Straková, ÚFAL, CC BY-NC-SA 4.0); rests on 'ropa' → 'בֶּ֖גֶד'
24:17	17	la				expands	supplied-article-spa	safe	0.7635	approved	0				article the original does not write, read as one by UDPipe's Spanish-AnCora model (Straka and Straková, ÚFAL, CC BY-NC-SA 4.0); rests on 'viuda' → 'אַלְמָנָֽה'
25:5	14	la				expands	supplied-article-spa	safe	0.7929	approved	0				article the original does not write, read as one by UDPipe's Spanish-AnCora model (Straka and Straková, ÚFAL, CC BY-NC-SA 4.0); rests on 'mujer' → 'אֵֽשֶׁת'
25:6	19	el				expands	supplied-article-spa	safe	0.7863	approved	0				article the original does not write, read as one by UDPipe's Spanish-AnCora model (Straka and Straková, ÚFAL, CC BY-NC-SA 4.0); rests on 'nombre' → 'שְׁמֹ֖ו'
25:8	2	los				expands	supplied-article-spa	safe	0.8	approved	0				article the original does not write, read as one by UDPipe's Spanish-AnCora model (Straka and Straková, ÚFAL, CC BY-NC-SA 4.0); rests on 'ancianos' → 'זִקְנֵי'
25:9	22	el				expands	supplied-article-spa	safe	0.7552	approved	0				article the original does not write, read as one by UDPipe's Spanish-AnCora model (Straka and Straková, ÚFAL, CC BY-NC-SA 4.0); rests on 'rostro' → 'פָנָ֑יו'
25:9	36	la				expands	supplied-article-spa	safe	0.7916	approved	0				article the original does not write, read as one by UDPipe's Spanish-AnCora model (Straka and Straková, ÚFAL, CC BY-NC-SA 4.0); rests on 'casa' → 'בֵּ֥ית'
25:10	8	La				expands	supplied-article-spa	safe	0.7916	approved	0				article the original does not write, read as one by UDPipe's Spanish-AnCora model (Straka and Straková, ÚFAL, CC BY-NC-SA 4.0); rests on 'casa' → 'בֵּ֖ית'
25:11	12	la				expands	supplied-article-spa	safe	0.7929	approved	0				article the original does not write, read as one by UDPipe's Spanish-AnCora model (Straka and Straková, ÚFAL, CC BY-NC-SA 4.0); rests on 'mujer' → 'אֵ֣שֶׁת'
26:12	16	el				expands	supplied-article-spa	safe	0.7663	approved	0				article the original does not write, read as one by UDPipe's Spanish-AnCora model (Straka and Straková, ÚFAL, CC BY-NC-SA 4.0); rests on 'año' → 'שְׁנַ֣ת'
26:14	26	la				expands	supplied-article-spa	safe	0.7935	approved	0				article the original does not write, read as one by UDPipe's Spanish-AnCora model (Straka and Straková, ÚFAL, CC BY-NC-SA 4.0); rests on 'voz' → 'קֹול֙'
27:1	5	los				expands	supplied-article-spa	safe	0.8	approved	0				article the original does not write, read as one by UDPipe's Spanish-AnCora model (Straka and Straková, ÚFAL, CC BY-NC-SA 4.0); rests on 'ancianos' → 'זִקְנֵ֣י'
27:3	6	las				expands	supplied-article-spa	safe	0.7047	approved	0				article the original does not write, read as one by UDPipe's Spanish-AnCora model (Straka and Straková, ÚFAL, CC BY-NC-SA 4.0); rests on 'palabras' → 'דִּבְרֵ֛י'
27:3	33	el				expands	supplied-article-spa	safe	0.7333	approved	0				article the original does not write, read as one by UDPipe's Spanish-AnCora model (Straka and Straková, ÚFAL, CC BY-NC-SA 4.0); rests on 'Dios' → 'אֱלֹהֵֽי'
27:4	18	el				expands	supplied-article-spa	safe	0.7697	approved	0				article the original does not write, read as one by UDPipe's Spanish-AnCora model (Straka and Straková, ÚFAL, CC BY-NC-SA 4.0); rests on 'monte' → 'הַ֣ר'
27:6	5	el				expands	supplied-article-spa	safe	0.7947	approved	0				article the original does not write, read as one by UDPipe's Spanish-AnCora model (Straka and Straková, ÚFAL, CC BY-NC-SA 4.0); rests on 'altar' → 'מִזְבַּ֖ח'
27:8	7	las				expands	supplied-article-spa	safe	0.7047	approved	0				article the original does not write, read as one by UDPipe's Spanish-AnCora model (Straka and Straková, ÚFAL, CC BY-NC-SA 4.0); rests on 'palabras' → 'דִּבְרֵ֛י'
27:10	3	la				expands	supplied-article-spa	safe	0.7935	approved	0				article the original does not write, read as one by UDPipe's Spanish-AnCora model (Straka and Straková, ÚFAL, CC BY-NC-SA 4.0); rests on 'voz' → 'קֹ֖ול'
27:12	4	el				expands	supplied-article-spa	safe	0.7697	approved	0				article the original does not write, read as one by UDPipe's Spanish-AnCora model (Straka and Straková, ÚFAL, CC BY-NC-SA 4.0); rests on 'monte' → 'הַ֣ר'
27:17	5	el				expands	supplied-article-spa	safe	0.7043	approved	0				article the original does not write, read as one by UDPipe's Spanish-AnCora model (Straka and Straková, ÚFAL, CC BY-NC-SA 4.0); rests on 'término' → 'גְּב֣וּל'
27:19	5	el				expands	supplied-article-spa	safe	0.5534	approved	0				article the original does not write, read as one by UDPipe's Spanish-AnCora model (Straka and Straková, ÚFAL, CC BY-NC-SA 4.0); rests on 'derecho' → 'מִשְׁפַּ֥ט'
27:19	13	la				expands	supplied-article-spa	safe	0.7663	approved	0				article the original does not write, read as one by UDPipe's Spanish-AnCora model (Straka and Straková, ÚFAL, CC BY-NC-SA 4.0); rests on 'viuda' → 'אַלְמָנָ֑ה'
27:20	7	la				expands	supplied-article-spa	safe	0.7929	approved	0				article the original does not write, read as one by UDPipe's Spanish-AnCora model (Straka and Straková, ÚFAL, CC BY-NC-SA 4.0); rests on 'mujer' → 'אֵ֣שֶׁת'
27:26	6	las				expands	supplied-article-spa	safe	0.7047	approved	0				article the original does not write, read as one by UDPipe's Spanish-AnCora model (Straka and Straková, ÚFAL, CC BY-NC-SA 4.0); rests on 'palabras' → 'דִּבְרֵ֥י'
28:1	7	la				expands	supplied-article-spa	safe	0.7934	approved	0				article the original does not write, read as one by UDPipe's Spanish-AnCora model (Straka and Straková, ÚFAL, CC BY-NC-SA 4.0); rests on 'voz' → 'קֹול֙'
28:1	36	las				expands	supplied-article-spa	safe	0.7948	approved	0				article the original does not write, read as one by UDPipe's Spanish-AnCora model (Straka and Straková, ÚFAL, CC BY-NC-SA 4.0); rests on 'gentes' → 'גֹּויֵ֥י'
28:2	13	la				expands	supplied-article-spa	safe	0.7934	approved	0				article the original does not write, read as one by UDPipe's Spanish-AnCora model (Straka and Straková, ÚFAL, CC BY-NC-SA 4.0); rests on 'voz' → 'קֹ֖ול'
28:4	2	el				expands	supplied-article-spa	safe	0.6846	approved	0				article the original does not write, read as one by UDPipe's Spanish-AnCora model (Straka and Straková, ÚFAL, CC BY-NC-SA 4.0); rests on 'fruto' → 'פְּרִֽי'
28:4	8	el				expands	supplied-article-spa	safe	0.6846	approved	0				article the original does not write, read as one by UDPipe's Spanish-AnCora model (Straka and Straková, ÚFAL, CC BY-NC-SA 4.0); rests on 'fruto' → 'פְרִ֥י'
28:9	14	los				expands	supplied-article-spa	safe	0.7147	approved	0				article the original does not write, read as one by UDPipe's Spanish-AnCora model (Straka and Straková, ÚFAL, CC BY-NC-SA 4.0); rests on 'mandamientos' → 'מִצְוֹת֙'
28:10	4	los				expands	supplied-article-spa	safe	0.761	approved	0				article the original does not write, read as one by UDPipe's Spanish-AnCora model (Straka and Straková, ÚFAL, CC BY-NC-SA 4.0); rests on 'pueblos' → 'עַמֵּ֣י'
28:10	10	el				expands	supplied-article-spa	safe	0.7864	approved	0				article the original does not write, read as one by UDPipe's Spanish-AnCora model (Straka and Straková, ÚFAL, CC BY-NC-SA 4.0); rests on 'nombre' → 'שֵׁ֥ם'
28:11	9	el				expands	supplied-article-spa	safe	0.6846	approved	0				article the original does not write, read as one by UDPipe's Spanish-AnCora model (Straka and Straková, ÚFAL, CC BY-NC-SA 4.0); rests on 'fruto' → 'פְרִ֧י'
28:11	16	el				expands	supplied-article-spa	safe	0.6846	approved	0				article the original does not write, read as one by UDPipe's Spanish-AnCora model (Straka and Straková, ÚFAL, CC BY-NC-SA 4.0); rests on 'fruto' → 'פְרִ֥י'
28:11	23	el				expands	supplied-article-spa	safe	0.6846	approved	0				article the original does not write, read as one by UDPipe's Spanish-AnCora model (Straka and Straková, ÚFAL, CC BY-NC-SA 4.0); rests on 'fruto' → 'פְרִ֣י'
28:13	22	los				expands	supplied-article-spa	safe	0.7147	approved	0				article the original does not write, read as one by UDPipe's Spanish-AnCora model (Straka and Straková, ÚFAL, CC BY-NC-SA 4.0); rests on 'mandamientos' → 'מִצְוֹ֣ת'
28:13	35	los				expands	supplied-article-spa	safe	0.75	approved	0				article the original does not write, read as one by UDPipe's Spanish-AnCora model (Straka and Straková, ÚFAL, CC BY-NC-SA 4.0); rests on 'guardes' → 'שְׁמֹ֥ר'
28:15	6	la				expands	supplied-article-spa	safe	0.7934	approved	0				article the original does not write, read as one by UDPipe's Spanish-AnCora model (Straka and Straková, ÚFAL, CC BY-NC-SA 4.0); rests on 'voz' → 'קֹול֙'
28:18	2	el				expands	supplied-article-spa	safe	0.6846	approved	0				article the original does not write, read as one by UDPipe's Spanish-AnCora model (Straka and Straková, ÚFAL, CC BY-NC-SA 4.0); rests on 'fruto' → 'פְּרִֽי'
28:18	8	el				expands	supplied-article-spa	safe	0.6846	approved	0				article the original does not write, read as one by UDPipe's Spanish-AnCora model (Straka and Straková, ÚFAL, CC BY-NC-SA 4.0); rests on 'fruto' → 'פְרִ֣י'
28:25	28	los				expands	supplied-article-spa	safe	0.782	approved	0				article the original does not write, read as one by UDPipe's Spanish-AnCora model (Straka and Straková, ÚFAL, CC BY-NC-SA 4.0); rests on 'reinos' → 'מַמְלְכֹ֥ות'
28:33	1	El				expands	supplied-article-spa	safe	0.6846	approved	0				article the original does not write, read as one by UDPipe's Spanish-AnCora model (Straka and Straková, ÚFAL, CC BY-NC-SA 4.0); rests on 'fruto' → 'פְּרִ֤י'
28:35	21	la				expands	supplied-article-spa	safe	0.62	approved	0				article the original does not write, read as one by UDPipe's Spanish-AnCora model (Straka and Straková, ÚFAL, CC BY-NC-SA 4.0); rests on 'planta' → 'כַּ֥ף'
28:36	33	la				expands	supplied-article-spa	safe	0.7385	approved	0				article the original does not write, read as one by UDPipe's Spanish-AnCora model (Straka and Straková, ÚFAL, CC BY-NC-SA 4.0); rests on 'piedra' → 'אָֽבֶן'
28:40	12	el				expands	supplied-article-spa	safe	0.7372	approved	0				article the original does not write, read as one by UDPipe's Spanish-AnCora model (Straka and Straková, ÚFAL, CC BY-NC-SA 4.0); rests on 'aceite' → 'שֶׁ֨מֶן֙'
28:42	5	el				expands	supplied-article-spa	safe	0.6846	approved	0				article the original does not write, read as one by UDPipe's Spanish-AnCora model (Straka and Straková, ÚFAL, CC BY-NC-SA 4.0); rests on 'fruto' → 'פְרִ֣י'
28:45	23	la				expands	supplied-article-spa	safe	0.7934	approved	0				article the original does not write, read as one by UDPipe's Spanish-AnCora model (Straka and Straková, ÚFAL, CC BY-NC-SA 4.0); rests on 'voz' → 'קֹול֙'
28:47	17	la				expands	supplied-article-spa	safe	0.5682	approved	0				article the original does not write, read as one by UDPipe's Spanish-AnCora model (Straka and Straková, ÚFAL, CC BY-NC-SA 4.0); rests on 'abundancia' → 'רֹ֖ב'
28:51	3	el				expands	supplied-article-spa	safe	0.6846	approved	0				article the original does not write, read as one by UDPipe's Spanish-AnCora model (Straka and Straková, ÚFAL, CC BY-NC-SA 4.0); rests on 'fruto' → 'פְּרִ֨י'
28:51	9	el				expands	supplied-article-spa	safe	0.6846	approved	0				article the original does not write, read as one by UDPipe's Spanish-AnCora model (Straka and Straková, ÚFAL, CC BY-NC-SA 4.0); rests on 'fruto' → 'פְרִֽי'
28:53	3	el				expands	supplied-article-spa	safe	0.6846	approved	0				article the original does not write, read as one by UDPipe's Spanish-AnCora model (Straka and Straková, ÚFAL, CC BY-NC-SA 4.0); rests on 'fruto' → 'פְרִֽי'
28:53	8	la				expands	supplied-article-spa	safe	0.7787	approved	0				article the original does not write, read as one by UDPipe's Spanish-AnCora model (Straka and Straková, ÚFAL, CC BY-NC-SA 4.0); rests on 'carne' → 'בְּשַׂ֤ר'
28:54	21	la				expands	supplied-article-spa	safe	0.7929	approved	0				article the original does not write, read as one by UDPipe's Spanish-AnCora model (Straka and Straková, ÚFAL, CC BY-NC-SA 4.0); rests on 'mujer' → 'אֵ֣שֶׁת'
28:55	9	la				expands	supplied-article-spa	safe	0.7787	approved	0				article the original does not write, read as one by UDPipe's Spanish-AnCora model (Straka and Straková, ÚFAL, CC BY-NC-SA 4.0); rests on 'carne' → 'בְּשַׂ֤ר'
28:56	10	la				expands	supplied-article-spa	safe	0.62	approved	0				article the original does not write, read as one by UDPipe's Spanish-AnCora model (Straka and Straková, ÚFAL, CC BY-NC-SA 4.0); rests on 'planta' → 'כַף'
28:56	31	el				expands	supplied-article-spa	safe	0.6826	approved	0				article the original does not write, read as one by UDPipe's Spanish-AnCora model (Straka and Straková, ÚFAL, CC BY-NC-SA 4.0); rests on 'marido' → 'אִ֣ישׁ'
28:58	9	las				expands	supplied-article-spa	safe	0.705	approved	0				article the original does not write, read as one by UDPipe's Spanish-AnCora model (Straka and Straková, ÚFAL, CC BY-NC-SA 4.0); rests on 'palabras' → 'דִּבְרֵי֙'
28:59	7	las				expands	supplied-article-spa	safe	0.575	approved	0				article the original does not write, read as one by UDPipe's Spanish-AnCora model (Straka and Straková, ÚFAL, CC BY-NC-SA 4.0); rests on 'plagas' → 'מַכֹּ֣ות'
28:61	12	el				expands	supplied-article-spa	safe	0.7667	approved	0				article the original does not write, read as one by UDPipe's Spanish-AnCora model (Straka and Straková, ÚFAL, CC BY-NC-SA 4.0); rests on 'libro' → 'סֵ֖פֶר'
28:62	12	las				expands	supplied-article-spa	safe	0.8	approved	0				article the original does not write, read as one by UDPipe's Spanish-AnCora model (Straka and Straková, ÚFAL, CC BY-NC-SA 4.0); rests on 'estrellas' → 'כֹוכְבֵ֥י'
28:62	23	la				expands	supplied-article-spa	safe	0.7934	approved	0				article the original does not write, read as one by UDPipe's Spanish-AnCora model (Straka and Straková, ÚFAL, CC BY-NC-SA 4.0); rests on 'voz' → 'קֹ֖ול'
28:64	39	la				expands	supplied-article-spa	safe	0.7385	approved	0				article the original does not write, read as one by UDPipe's Spanish-AnCora model (Straka and Straková, ÚFAL, CC BY-NC-SA 4.0); rests on 'piedra' → 'אָֽבֶן'
28:65	10	la				expands	supplied-article-spa	safe	0.62	approved	0				article the original does not write, read as one by UDPipe's Spanish-AnCora model (Straka and Straková, ÚFAL, CC BY-NC-SA 4.0); rests on 'planta' → 'כַף'
28:67	8	la				expands	supplied-article-spa	safe	0.776	approved	0				article the original does not write, read as one by UDPipe's Spanish-AnCora model (Straka and Straková, ÚFAL, CC BY-NC-SA 4.0); rests on 'tarde' → 'עֶ֔רֶב'
28:67	18	la				expands	supplied-article-spa	safe	0.6631	approved	0				article the original does not write, read as one by UDPipe's Spanish-AnCora model (Straka and Straková, ÚFAL, CC BY-NC-SA 4.0); rests on 'mañana' → 'בֹּ֑קֶר'
29:1	3	las				expands	supplied-article-spa	safe	0.7045	approved	0				article the original does not write, read as one by UDPipe's Spanish-AnCora model (Straka and Straková, ÚFAL, CC BY-NC-SA 4.0); rests on 'palabras' → 'דִבְרֵ֨י'
29:1	14	los				expands	supplied-article-spa	safe	0.7923	approved	0				article the original does not write, read as one by UDPipe's Spanish-AnCora model (Straka and Straková, ÚFAL, CC BY-NC-SA 4.0); rests on 'hijos' → 'בְּנֵ֥י'
29:1	19	la				expands	supplied-article-spa	safe	0.752	approved	0				article the original does not write, read as one by UDPipe's Spanish-AnCora model (Straka and Straková, ÚFAL, CC BY-NC-SA 4.0); rests on 'tierra' → 'אֶ֣רֶץ'
29:2	23	la				expands	supplied-article-spa	safe	0.752	approved	0				article the original does not write, read as one by UDPipe's Spanish-AnCora model (Straka and Straková, ÚFAL, CC BY-NC-SA 4.0); rests on 'tierra' → 'אֶ֣רֶץ'
29:9	3	las				expands	supplied-article-spa	safe	0.7045	approved	0				article the original does not write, read as one by UDPipe's Spanish-AnCora model (Straka and Straková, ÚFAL, CC BY-NC-SA 4.0); rests on 'palabras' → 'דִּבְרֵי֙'
29:10	21	los				expands	supplied-article-spa	safe	0.5941	approved	0				article the original does not write, read as one by UDPipe's Spanish-AnCora model (Straka and Straková, ÚFAL, CC BY-NC-SA 4.0); rests on 'varones' → 'אִ֥ישׁ'
29:12	5	el				expands	supplied-article-spa	safe	0.7951	approved	0				article the original does not write, read as one by UDPipe's Spanish-AnCora model (Straka and Straková, ÚFAL, CC BY-NC-SA 4.0); rests on 'pacto' → 'בְרִ֛ית'
29:16	7	la				expands	supplied-article-spa	safe	0.752	approved	0				article the original does not write, read as one by UDPipe's Spanish-AnCora model (Straka and Straková, ÚFAL, CC BY-NC-SA 4.0); rests on 'tierra' → 'אֶ֣רֶץ'
29:18	27	los				expands	supplied-article-spa	safe	0.7852	approved	0				article the original does not write, read as one by UDPipe's Spanish-AnCora model (Straka and Straková, ÚFAL, CC BY-NC-SA 4.0); rests on 'dioses' → 'אֱלֹהֵ֖י'
29:19	8	las				expands	supplied-article-spa	safe	0.7045	approved	0				article the original does not write, read as one by UDPipe's Spanish-AnCora model (Straka and Straková, ÚFAL, CC BY-NC-SA 4.0); rests on 'palabras' → 'דִּבְרֵ֨י'
29:21	6	las				expands	supplied-article-spa	safe	0.7074	approved	0				article the original does not write, read as one by UDPipe's Spanish-AnCora model (Straka and Straková, ÚFAL, CC BY-NC-SA 4.0); rests on 'tribus' → 'שִׁבְטֵ֣י'
29:22	23	las				expands	supplied-article-spa	safe	0.6313	approved	0				article the original does not write, read as one by UDPipe's Spanish-AnCora model (Straka and Straková, ÚFAL, CC BY-NC-SA 4.0); rests on 'plagas' → 'מַכֹּ֞ות'
29:25	6	el				expands	supplied-article-spa	safe	0.7951	approved	0				article the original does not write, read as one by UDPipe's Spanish-AnCora model (Straka and Straková, ÚFAL, CC BY-NC-SA 4.0); rests on 'pacto' → 'בְּרִ֥ית'
29:25	10	el				expands	supplied-article-spa	safe	0.7333	approved	0				article the original does not write, read as one by UDPipe's Spanish-AnCora model (Straka and Straková, ÚFAL, CC BY-NC-SA 4.0); rests on 'Dios' → 'אֱלֹהֵ֣י'
29:25	24	la				expands	supplied-article-spa	safe	0.752	approved	0				article the original does not write, read as one by UDPipe's Spanish-AnCora model (Straka and Straková, ÚFAL, CC BY-NC-SA 4.0); rests on 'tierra' → 'אֶ֥רֶץ'
29:29	25	las				expands	supplied-article-spa	safe	0.7045	approved	0				article the original does not write, read as one by UDPipe's Spanish-AnCora model (Straka and Straková, ÚFAL, CC BY-NC-SA 4.0); rests on 'palabras' → 'דִּבְרֵ֖י'
30:8	6	la				expands	supplied-article-spa	safe	0.7934	approved	0				article the original does not write, read as one by UDPipe's Spanish-AnCora model (Straka and Straková, ÚFAL, CC BY-NC-SA 4.0); rests on 'voz' → 'קֹ֣ול'
30:9	15	el				expands	supplied-article-spa	safe	0.6929	approved	0				article the original does not write, read as one by UDPipe's Spanish-AnCora model (Straka and Straková, ÚFAL, CC BY-NC-SA 4.0); rests on 'fruto' → 'פְרִ֨י'
30:9	21	el				expands	supplied-article-spa	safe	0.6929	approved	0				article the original does not write, read as one by UDPipe's Spanish-AnCora model (Straka and Straková, ÚFAL, CC BY-NC-SA 4.0); rests on 'fruto' → 'פְרִ֧י'
30:9	28	el				expands	supplied-article-spa	safe	0.6929	approved	0				article the original does not write, read as one by UDPipe's Spanish-AnCora model (Straka and Straková, ÚFAL, CC BY-NC-SA 4.0); rests on 'fruto' → 'פְרִ֥י'
30:10	3	la				expands	supplied-article-spa	safe	0.7934	approved	0				article the original does not write, read as one by UDPipe's Spanish-AnCora model (Straka and Straková, ÚFAL, CC BY-NC-SA 4.0); rests on 'voz' → 'קֹול֙'
30:20	22	la				expands	supplied-article-spa	safe	0.8	approved	0				article the original does not write, read as one by UDPipe's Spanish-AnCora model (Straka and Straková, ÚFAL, CC BY-NC-SA 4.0); rests on 'longitud' → 'אֹ֣רֶךְ'
31:9	16	el				expands	supplied-article-spa	safe	0.7475	approved	0				article the original does not write, read as one by UDPipe's Spanish-AnCora model (Straka and Straková, ÚFAL, CC BY-NC-SA 4.0); rests on 'arca' → 'אֲרֹ֖ון'
31:9	25	los				expands	supplied-article-spa	safe	0.8	approved	0				article the original does not write, read as one by UDPipe's Spanish-AnCora model (Straka and Straková, ÚFAL, CC BY-NC-SA 4.0); rests on 'ancianos' → 'זִקְנֵ֖י'
31:10	11	el				expands	supplied-article-spa	safe	0.7664	approved	0				article the original does not write, read as one by UDPipe's Spanish-AnCora model (Straka and Straková, ÚFAL, CC BY-NC-SA 4.0); rests on 'año' → 'שְׁנַ֥ת'
31:10	17	la				expands	supplied-article-spa	safe	0.6393	approved	0				article the original does not write, read as one by UDPipe's Spanish-AnCora model (Straka and Straková, ÚFAL, CC BY-NC-SA 4.0); rests on 'fiesta' → 'חַ֥ג'
31:12	36	las				expands	supplied-article-spa	safe	0.7054	approved	0				article the original does not write, read as one by UDPipe's Spanish-AnCora model (Straka and Straková, ÚFAL, CC BY-NC-SA 4.0); rests on 'palabras' → 'דִּבְרֵ֖י'
31:13	2	los				expands	supplied-article-spa	safe	0.7923	approved	0				article the original does not write, read as one by UDPipe's Spanish-AnCora model (Straka and Straková, ÚFAL, CC BY-NC-SA 4.0); rests on 'hijos' → 'בְנֵיהֶ֞ם'
31:15	8	la				expands	supplied-article-spa	safe	0.7534	approved	0				article the original does not write, read as one by UDPipe's Spanish-AnCora model (Straka and Straková, ÚFAL, CC BY-NC-SA 4.0); rests on 'columna' → 'עַמּ֣וּד'
31:15	13	la				expands	supplied-article-spa	safe	0.7534	approved	0				article the original does not write, read as one by UDPipe's Spanish-AnCora model (Straka and Straková, ÚFAL, CC BY-NC-SA 4.0); rests on 'columna' → 'עַמּ֥וּד'
31:16	23	los				expands	supplied-article-spa	safe	0.7852	approved	0				article the original does not write, read as one by UDPipe's Spanish-AnCora model (Straka and Straková, ÚFAL, CC BY-NC-SA 4.0); rests on 'dioses' → 'אֱלֹהֵ֣י'
31:19	9	los				expands	supplied-article-spa	safe	0.7923	approved	0				article the original does not write, read as one by UDPipe's Spanish-AnCora model (Straka and Straková, ÚFAL, CC BY-NC-SA 4.0); rests on 'hijos' → 'בְּנֵי'
31:19	27	los				expands	supplied-article-spa	safe	0.7923	approved	0				article the original does not write, read as one by UDPipe's Spanish-AnCora model (Straka and Straková, ÚFAL, CC BY-NC-SA 4.0); rests on 'hijos' → 'בְנֵ֥י'
31:21	26	la				expands	supplied-article-spa	safe	0.7853	approved	0				article the original does not write, read as one by UDPipe's Spanish-AnCora model (Straka and Straková, ÚFAL, CC BY-NC-SA 4.0); rests on 'boca' → 'פִּ֣י'
31:22	11	los				expands	supplied-article-spa	safe	0.7923	approved	0				article the original does not write, read as one by UDPipe's Spanish-AnCora model (Straka and Straková, ÚFAL, CC BY-NC-SA 4.0); rests on 'hijos' → 'בְּנֵ֥י'
31:23	17	los				expands	supplied-article-spa	safe	0.7923	approved	0				article the original does not write, read as one by UDPipe's Spanish-AnCora model (Straka and Straková, ÚFAL, CC BY-NC-SA 4.0); rests on 'hijos' → 'בְּנֵ֣י'
31:24	7	las				expands	supplied-article-spa	safe	0.7054	approved	0				article the original does not write, read as one by UDPipe's Spanish-AnCora model (Straka and Straková, ÚFAL, CC BY-NC-SA 4.0); rests on 'palabras' → 'דִּבְרֵ֥י'
31:24	13	un				expands	supplied-indefinite-article-spa	safe	0.7667	approved	0				indefinite article, read as one by UDPipe's Spanish-AnCora model (Straka and Straková, ÚFAL, CC BY-NC-SA 4.0); rests on 'libro' → 'סֵ֑פֶר'
31:25	8	el				expands	supplied-article-spa	safe	0.7475	approved	0				article the original does not write, read as one by UDPipe's Spanish-AnCora model (Straka and Straková, ÚFAL, CC BY-NC-SA 4.0); rests on 'arca' → 'אֲרֹ֥ון'
31:28	5	los				expands	supplied-article-spa	safe	0.8	approved	0				article the original does not write, read as one by UDPipe's Spanish-AnCora model (Straka and Straková, ÚFAL, CC BY-NC-SA 4.0); rests on 'ancianos' → 'זִקְנֵ֥י'
31:30	12	las				expands	supplied-article-spa	safe	0.7054	approved	0				article the original does not write, read as one by UDPipe's Spanish-AnCora model (Straka and Straková, ÚFAL, CC BY-NC-SA 4.0); rests on 'palabras' → 'דִּבְרֵ֥י'
32:1	9	los				expands	supplied-article-spa	safe	0.65	approved	0				article the original does not write, read as one by UDPipe's Spanish-AnCora model (Straka and Straková, ÚFAL, CC BY-NC-SA 4.0); rests on 'dichos' → 'אִמְרֵי'
32:2	24	la				expands	supplied-article-spa	safe	0.6059	approved	0				article the original does not write, read as one by UDPipe's Spanish-AnCora model (Straka and Straková, ÚFAL, CC BY-NC-SA 4.0); rests on 'hierba' → 'עֵֽשֶׂב'
32:3	2	el				expands	supplied-article-spa	safe	0.7864	approved	0				article the original does not write, read as one by UDPipe's Spanish-AnCora model (Straka and Straková, ÚFAL, CC BY-NC-SA 4.0); rests on 'nombre' → 'שֵׁ֥ם'
32:7	7	los				expands	supplied-article-spa	safe	0.7904	approved	0				article the original does not write, read as one by UDPipe's Spanish-AnCora model (Straka and Straková, ÚFAL, CC BY-NC-SA 4.0); rests on 'años' → 'שְׁנֹ֣ות'
32:8	2	el				expands	supplied-article-spa	safe	0.7481	approved	0				article the original does not write, read as one by UDPipe's Spanish-AnCora model (Straka and Straková, ÚFAL, CC BY-NC-SA 4.0); rests on 'Altísimo' → 'עֶלְיֹון֙'
32:8	7	las				expands	supplied-article-spa	safe	0.7948	approved	0				article the original does not write, read as one by UDPipe's Spanish-AnCora model (Straka and Straková, ÚFAL, CC BY-NC-SA 4.0); rests on 'gentes' → 'גֹּויִ֔ם'
32:8	12	los				expands	supplied-article-spa	safe	0.7923	approved	0				article the original does not write, read as one by UDPipe's Spanish-AnCora model (Straka and Straková, ÚFAL, CC BY-NC-SA 4.0); rests on 'hijos' → 'בְּנֵ֣י'
32:8	21	los				expands	supplied-article-spa	safe	0.7612	approved	0				article the original does not write, read as one by UDPipe's Spanish-AnCora model (Straka and Straková, ÚFAL, CC BY-NC-SA 4.0); rests on 'pueblos' → 'עַמִּ֔ים'
32:8	24	el				expands	supplied-article-spa	safe	0.7696	approved	0				article the original does not write, read as one by UDPipe's Spanish-AnCora model (Straka and Straková, ÚFAL, CC BY-NC-SA 4.0); rests on 'número' → 'מִסְפַּ֖ר'
32:8	27	los				expands	supplied-article-spa	safe	0.7923	approved	0				article the original does not write, read as one by UDPipe's Spanish-AnCora model (Straka and Straková, ÚFAL, CC BY-NC-SA 4.0); rests on 'hijos' → 'בְּנֵ֥י'
32:9	10	la				expands	supplied-article-spa	safe	0.62	approved	0				article the original does not write, read as one by UDPipe's Spanish-AnCora model (Straka and Straková, ÚFAL, CC BY-NC-SA 4.0); rests on 'cuerda' → 'חֶ֥בֶל'
32:13	7	la				expands	supplied-article-spa	safe	0.7524	approved	0				article the original does not write, read as one by UDPipe's Spanish-AnCora model (Straka and Straková, ÚFAL, CC BY-NC-SA 4.0); rests on 'tierra' → 'אָ֔רֶץ'
32:15	19	la				expands	supplied-article-spa	safe	0.6875	approved	0				article the original does not write, read as one by UDPipe's Spanish-AnCora model (Straka and Straková, ÚFAL, CC BY-NC-SA 4.0); rests on 'Roca' → 'צ֥וּר'
32:18	2	la				expands	supplied-article-spa	safe	0.6875	approved	0				article the original does not write, read as one by UDPipe's Spanish-AnCora model (Straka and Straková, ÚFAL, CC BY-NC-SA 4.0); rests on 'Roca' → 'צ֥וּר'
32:21	24	un				expands	supplied-indefinite-article-spa	safe	0.79	approved	0				indefinite article, read as one by UDPipe's Spanish-AnCora model (Straka and Straková, ÚFAL, CC BY-NC-SA 4.0); rests on 'pueblo' → 'עָ֔ם'
32:22	15	la				expands	supplied-article-spa	safe	0.7524	approved	0				article the original does not write, read as one by UDPipe's Spanish-AnCora model (Straka and Straková, ÚFAL, CC BY-NC-SA 4.0); rests on 'tierra' → 'אֶ֨רֶץ֙'
32:22	25	los				expands	supplied-article-spa	safe	0.7856	approved	0				article the original does not write, read as one by UDPipe's Spanish-AnCora model (Straka and Straková, ÚFAL, CC BY-NC-SA 4.0); rests on 'montes' → 'הָרִֽים'
32:25	4	la				expands	supplied-article-spa	safe	0.7713	approved	0				article the original does not write, read as one by UDPipe's Spanish-AnCora model (Straka and Straková, ÚFAL, CC BY-NC-SA 4.0); rests on 'espada' → 'חֶ֔רֶב'
32:25	18	la				expands	supplied-article-spa	safe	0.575	approved	0				article the original does not write, read as one by UDPipe's Spanish-AnCora model (Straka and Straková, ÚFAL, CC BY-NC-SA 4.0); rests on 'doncella' → 'בְּתוּלָ֔ה'
32:31	2	la				expands	supplied-article-spa	safe	0.6875	approved	0				article the original does not write, read as one by UDPipe's Spanish-AnCora model (Straka and Straková, ÚFAL, CC BY-NC-SA 4.0); rests on 'roca' → 'צוּרֵ֖נוּ'
32:32	3	la				expands	supplied-article-spa	safe	0.8	approved	0				article the original does not write, read as one by UDPipe's Spanish-AnCora model (Straka and Straková, ÚFAL, CC BY-NC-SA 4.0); rests on 'vid' → 'גֶּ֤פֶן'
32:32	8	la				expands	supplied-article-spa	safe	0.8	approved	0				article the original does not write, read as one by UDPipe's Spanish-AnCora model (Straka and Straková, ÚFAL, CC BY-NC-SA 4.0); rests on 'vid' → 'גַּפְנָ֔ם'
32:32	18	las				expands	supplied-article-spa	safe	0.6941	approved	0				article the original does not write, read as one by UDPipe's Spanish-AnCora model (Straka and Straková, ÚFAL, CC BY-NC-SA 4.0); rests on 'uvas' → 'עֲנָבֵ֨מֹו֙'
32:35	15	el				expands	supplied-article-spa	safe	0.7597	approved	0				article the original does not write, read as one by UDPipe's Spanish-AnCora model (Straka and Straková, ÚFAL, CC BY-NC-SA 4.0); rests on 'día' → 'יֹ֣ום'
32:37	7	la				expands	supplied-article-spa	safe	0.6875	approved	0				article the original does not write, read as one by UDPipe's Spanish-AnCora model (Straka and Straková, ÚFAL, CC BY-NC-SA 4.0); rests on 'roca' → 'צ֖וּר'
32:38	3	el				expands	supplied-article-spa	safe	0.8	approved	0				article the original does not write, read as one by UDPipe's Spanish-AnCora model (Straka and Straková, ÚFAL, CC BY-NC-SA 4.0); rests on 'sebo' → 'חֵ֤לֶב'
32:40	5	los				expands	supplied-article-spa	safe	0.7771	approved	0				article the original does not write, read as one by UDPipe's Spanish-AnCora model (Straka and Straková, ÚFAL, CC BY-NC-SA 4.0); rests on 'cielos' → 'שָׁמַ֖יִם'
32:41	10	el				expands	supplied-article-spa	safe	0.7373	approved	0				article the original does not write, read as one by UDPipe's Spanish-AnCora model (Straka and Straková, ÚFAL, CC BY-NC-SA 4.0); rests on 'juicio' → 'מִשְׁפָּ֖ט'
32:42	12	la				expands	supplied-article-spa	safe	0.7878	approved	0				article the original does not write, read as one by UDPipe's Spanish-AnCora model (Straka and Straková, ÚFAL, CC BY-NC-SA 4.0); rests on 'sangre' → 'דַּ֤ם'
32:42	22	las				expands	supplied-article-spa	safe	0.7578	approved	0				article the original does not write, read as one by UDPipe's Spanish-AnCora model (Straka and Straková, ÚFAL, CC BY-NC-SA 4.0); rests on 'cabezas' → 'רֹ֖אשׁ'
32:43	9	la				expands	supplied-article-spa	safe	0.7878	approved	0				article the original does not write, read as one by UDPipe's Spanish-AnCora model (Straka and Straková, ÚFAL, CC BY-NC-SA 4.0); rests on 'sangre' → 'דַם'
32:44	7	las				expands	supplied-article-spa	safe	0.7056	approved	0				article the original does not write, read as one by UDPipe's Spanish-AnCora model (Straka and Straková, ÚFAL, CC BY-NC-SA 4.0); rests on 'palabras' → 'דִּבְרֵ֥י'
32:46	29	las				expands	supplied-article-spa	safe	0.7056	approved	0				article the original does not write, read as one by UDPipe's Spanish-AnCora model (Straka and Straková, ÚFAL, CC BY-NC-SA 4.0); rests on 'palabras' → 'דִּבְרֵ֖י'
32:47	16	los				expands	supplied-article-spa	safe	0.7856	approved	0				article the original does not write, read as one by UDPipe's Spanish-AnCora model (Straka and Straková, ÚFAL, CC BY-NC-SA 4.0); rests on 'días' → 'יָמִים֙'
32:49	13	la				expands	supplied-article-spa	safe	0.7524	approved	0				article the original does not write, read as one by UDPipe's Spanish-AnCora model (Straka and Straková, ÚFAL, CC BY-NC-SA 4.0); rests on 'tierra' → 'אֶ֣רֶץ'
32:49	25	la				expands	supplied-article-spa	safe	0.7524	approved	0				article the original does not write, read as one by UDPipe's Spanish-AnCora model (Straka and Straková, ÚFAL, CC BY-NC-SA 4.0); rests on 'tierra' → 'אֶ֣רֶץ'
32:49	35	los				expands	supplied-article-spa	safe	0.7923	approved	0				article the original does not write, read as one by UDPipe's Spanish-AnCora model (Straka and Straková, ÚFAL, CC BY-NC-SA 4.0); rests on 'hijos' → 'בְנֵ֥י'
32:51	9	los				expands	supplied-article-spa	safe	0.7923	approved	0				article the original does not write, read as one by UDPipe's Spanish-AnCora model (Straka and Straková, ÚFAL, CC BY-NC-SA 4.0); rests on 'hijos' → 'בְּנֵ֣י'
32:51	14	las				expands	supplied-article-spa	safe	0.7937	approved	0				article the original does not write, read as one by UDPipe's Spanish-AnCora model (Straka and Straková, ÚFAL, CC BY-NC-SA 4.0); rests on 'aguas' → 'מֵֽי'
32:51	22	el				expands	supplied-article-spa	safe	0.775	approved	0				article the original does not write, read as one by UDPipe's Spanish-AnCora model (Straka and Straková, ÚFAL, CC BY-NC-SA 4.0); rests on 'desierto' → 'מִדְבַּר'
32:51	33	los				expands	supplied-article-spa	safe	0.7923	approved	0				article the original does not write, read as one by UDPipe's Spanish-AnCora model (Straka and Straková, ÚFAL, CC BY-NC-SA 4.0); rests on 'hijos' → 'בְּנֵ֥י'
32:52	19	los				expands	supplied-article-spa	safe	0.7923	approved	0				article the original does not write, read as one by UDPipe's Spanish-AnCora model (Straka and Straková, ÚFAL, CC BY-NC-SA 4.0); rests on 'hijos' → 'בְנֵ֥י'
33:1	15	los				expands	supplied-article-spa	safe	0.7923	approved	0				article the original does not write, read as one by UDPipe's Spanish-AnCora model (Straka and Straková, ÚFAL, CC BY-NC-SA 4.0); rests on 'hijos' → 'בְּנֵ֣י'
33:3	3	los				expands	supplied-article-spa	safe	0.7612	approved	0				article the original does not write, read as one by UDPipe's Spanish-AnCora model (Straka and Straková, ÚFAL, CC BY-NC-SA 4.0); rests on 'pueblos' → 'עַמִּ֔ים'
33:5	9	las				expands	supplied-article-spa	safe	0.7585	approved	0				article the original does not write, read as one by UDPipe's Spanish-AnCora model (Straka and Straková, ÚFAL, CC BY-NC-SA 4.0); rests on 'cabezas' → 'רָ֣אשֵׁי'
33:5	14	las				expands	supplied-article-spa	safe	0.7083	approved	0				article the original does not write, read as one by UDPipe's Spanish-AnCora model (Straka and Straková, ÚFAL, CC BY-NC-SA 4.0); rests on 'tribus' → 'שִׁבְטֵ֥י'
33:7	11	la				expands	supplied-article-spa	safe	0.7935	approved	0				article the original does not write, read as one by UDPipe's Spanish-AnCora model (Straka and Straková, ÚFAL, CC BY-NC-SA 4.0); rests on 'voz' → 'קֹ֣ול'
33:8	24	las				expands	supplied-article-spa	safe	0.7937	approved	0				article the original does not write, read as one by UDPipe's Spanish-AnCora model (Straka and Straková, ÚFAL, CC BY-NC-SA 4.0); rests on 'aguas' → 'מֵ֥י'
33:11	17	los				expands	supplied-article-spa	safe	0.7022	approved	0				article the original does not write, read as one by UDPipe's Spanish-AnCora model (Straka and Straková, ÚFAL, CC BY-NC-SA 4.0); rests on 'lomos' → 'מָתְנַ֧יִם'
33:13	14	los				expands	supplied-article-spa	safe	0.7771	approved	0				article the original does not write, read as one by UDPipe's Spanish-AnCora model (Straka and Straková, ÚFAL, CC BY-NC-SA 4.0); rests on 'cielos' → 'שָׁמַ֨יִם֙'
33:13	17	el				expands	supplied-article-spa	safe	0.7845	approved	0				article the original does not write, read as one by UDPipe's Spanish-AnCora model (Straka and Straková, ÚFAL, CC BY-NC-SA 4.0); rests on 'rocío' → 'טָּ֔ל'
33:13	21	el				expands	supplied-article-spa	safe	0.8	approved	0				article the original does not write, read as one by UDPipe's Spanish-AnCora model (Straka and Straková, ÚFAL, CC BY-NC-SA 4.0); rests on 'abismo' → 'תְּהֹ֖ום'
33:15	3	la				expands	supplied-article-spa	safe	0.7864	approved	0				article the original does not write, read as one by UDPipe's Spanish-AnCora model (Straka and Straková, ÚFAL, CC BY-NC-SA 4.0); rests on 'cumbre' → 'רֹ֖אשׁ'
33:15	14	los				expands	supplied-article-spa	safe	0.7654	approved	0				article the original does not write, read as one by UDPipe's Spanish-AnCora model (Straka and Straková, ÚFAL, CC BY-NC-SA 4.0); rests on 'collados' → 'גִּבְעֹ֥ות'
33:16	6	la				expands	supplied-article-spa	safe	0.752	approved	0				article the original does not write, read as one by UDPipe's Spanish-AnCora model (Straka and Straková, ÚFAL, CC BY-NC-SA 4.0); rests on 'tierra' → 'אֶ֚רֶץ'
33:16	18	la				expands	supplied-article-spa	safe	0.725	approved	0				article the original does not write, read as one by UDPipe's Spanish-AnCora model (Straka and Straková, ÚFAL, CC BY-NC-SA 4.0); rests on 'zarza' → 'סְנֶ֑ה'
33:16	22	la				expands	supplied-article-spa	safe	0.7855	approved	0				article the original does not write, read as one by UDPipe's Spanish-AnCora model (Straka and Straková, ÚFAL, CC BY-NC-SA 4.0); rests on 'cabeza' → 'רֹ֣אשׁ'
33:17	5	el				expands	supplied-article-spa	safe	0.777	approved	0				article the original does not write, read as one by UDPipe's Spanish-AnCora model (Straka and Straková, ÚFAL, CC BY-NC-SA 4.0); rests on 'primogénito' → 'בְּכֹ֨ור'
33:17	19	los				expands	supplied-article-spa	safe	0.7612	approved	0				article the original does not write, read as one by UDPipe's Spanish-AnCora model (Straka and Straková, ÚFAL, CC BY-NC-SA 4.0); rests on 'pueblos' → 'עַמִּ֛ים'
33:17	26	la				expands	supplied-article-spa	safe	0.752	approved	0				article the original does not write, read as one by UDPipe's Spanish-AnCora model (Straka and Straková, ÚFAL, CC BY-NC-SA 4.0); rests on 'tierra' → 'אָ֑רֶץ'
33:17	38	los				expands	supplied-article-spa	safe	0.6914	approved	0				article the original does not write, read as one by UDPipe's Spanish-AnCora model (Straka and Straková, ÚFAL, CC BY-NC-SA 4.0); rests on 'millares' → 'אַלְפֵ֥י'
33:19	2	los				expands	supplied-article-spa	safe	0.7612	approved	0				article the original does not write, read as one by UDPipe's Spanish-AnCora model (Straka and Straková, ÚFAL, CC BY-NC-SA 4.0); rests on 'pueblos' → 'עַמִּים֙'
33:19	18	los				expands	supplied-article-spa	safe	0.8	approved	0				article the original does not write, read as one by UDPipe's Spanish-AnCora model (Straka and Straková, ÚFAL, CC BY-NC-SA 4.0); rests on 'mares' → 'יַמִּים֙'
33:19	25	la				expands	supplied-article-spa	safe	0.7786	approved	0				article the original does not write, read as one by UDPipe's Spanish-AnCora model (Straka and Straková, ÚFAL, CC BY-NC-SA 4.0); rests on 'arena' → 'חֹֽול'
33:23	12	la				expands	supplied-article-spa	safe	0.7541	approved	0				article the original does not write, read as one by UDPipe's Spanish-AnCora model (Straka and Straková, ÚFAL, CC BY-NC-SA 4.0); rests on 'bendición' → 'בִּרְכַּ֣ת'
33:23	17	el				expands	supplied-article-spa	safe	0.7413	approved	0				article the original does not write, read as one by UDPipe's Spanish-AnCora model (Straka and Straková, ÚFAL, CC BY-NC-SA 4.0); rests on 'occidente' → 'יָ֥ם'
33:26	10	los				expands	supplied-article-spa	safe	0.7771	approved	0				article the original does not write, read as one by UDPipe's Spanish-AnCora model (Straka and Straková, ÚFAL, CC BY-NC-SA 4.0); rests on 'cielos' → 'שָׁמַ֨יִם֙'
33:27	1	El				expands	supplied-article-spa	safe	0.7337	approved	0				article the original does not write, read as one by UDPipe's Spanish-AnCora model (Straka and Straková, ÚFAL, CC BY-NC-SA 4.0); rests on 'Dios' → 'אֱלֹ֣הֵי'
34:1	14	la				expands	supplied-article-spa	safe	0.7859	approved	0				article the original does not write, read as one by UDPipe's Spanish-AnCora model (Straka and Straková, ÚFAL, CC BY-NC-SA 4.0); rests on 'cumbre' → 'רֹ֚אשׁ'
34:2	6	la				expands	supplied-article-spa	safe	0.7519	approved	0				article the original does not write, read as one by UDPipe's Spanish-AnCora model (Straka and Straková, ÚFAL, CC BY-NC-SA 4.0); rests on 'tierra' → 'אֶ֥רֶץ'
34:2	14	la				expands	supplied-article-spa	safe	0.7519	approved	0				article the original does not write, read as one by UDPipe's Spanish-AnCora model (Straka and Straková, ÚFAL, CC BY-NC-SA 4.0); rests on 'tierra' → 'אֶ֣רֶץ'
34:5	9	la				expands	supplied-article-spa	safe	0.7519	approved	0				article the original does not write, read as one by UDPipe's Spanish-AnCora model (Straka and Straková, ÚFAL, CC BY-NC-SA 4.0); rests on 'tierra' → 'אֶ֥רֶץ'
34:8	3	los				expands	supplied-article-spa	safe	0.7923	approved	0				article the original does not write, read as one by UDPipe's Spanish-AnCora model (Straka and Straková, ÚFAL, CC BY-NC-SA 4.0); rests on 'hijos' → 'בְנֵ֨י'
34:8	20	los				expands	supplied-article-spa	safe	0.7849	approved	0				article the original does not write, read as one by UDPipe's Spanish-AnCora model (Straka and Straková, ÚFAL, CC BY-NC-SA 4.0); rests on 'días' → 'יְמֵ֥י'
34:9	21	los				expands	supplied-article-spa	safe	0.7923	approved	0				article the original does not write, read as one by UDPipe's Spanish-AnCora model (Straka and Straková, ÚFAL, CC BY-NC-SA 4.0); rests on 'hijos' → 'בְּנֵֽי'
