at	word	surface	target_at	target	target_surface	absence	rule	tier	confidence	verdict	review	corrected_at	corrected	corrected_surface	rationale
1:2	14	los				expands	supplied-article-spa	safe	0.6303	approved	0				article the original does not write, read as one by UDPipe's Spanish-AnCora model (Straka and Straková, ÚFAL, CC BY-NC-SA 4.0); rests on 'príncipes' → 'שָׂרֵי֩'
1:4	5	el				expands	supplied-article-spa	safe	0.748	approved	0				article the original does not write, read as one by UDPipe's Spanish-AnCora model (Straka and Straková, ÚFAL, CC BY-NC-SA 4.0); rests on 'arca' → 'אֲרֹ֤ון'
1:4	23	una				expands	supplied-indefinite-article-spa	safe	0.7518	approved	0				indefinite article, read as one by UDPipe's Spanish-AnCora model (Straka and Straková, ÚFAL, CC BY-NC-SA 4.0); rests on 'tienda' → 'אֹ֖הֶל'
1:5	2	el				expands	supplied-article-spa	safe	0.7948	approved	0				article the original does not write, read as one by UDPipe's Spanish-AnCora model (Straka and Straková, ÚFAL, CC BY-NC-SA 4.0); rests on 'altar' → 'מִזְבַּ֣ח'
1:9	22	un				expands	supplied-indefinite-article-spa	safe	0.79	approved	0				indefinite article, read as one by UDPipe's Spanish-AnCora model (Straka and Straková, ÚFAL, CC BY-NC-SA 4.0); rests on 'pueblo' → 'עַ֕ם'
1:9	27	el				expands	supplied-article-spa	safe	0.746	approved	0				article the original does not write, read as one by UDPipe's Spanish-AnCora model (Straka and Straková, ÚFAL, CC BY-NC-SA 4.0); rests on 'polvo' → 'עֲפַ֥ר'
1:14	24	las				expands	supplied-article-spa	safe	0.7733	approved	0				article the original does not write, read as one by UDPipe's Spanish-AnCora model (Straka and Straková, ÚFAL, CC BY-NC-SA 4.0); rests on 'ciudades' → 'עָרֵ֣י'
1:17	38	los				expands	supplied-article-spa	safe	0.7838	approved	0				article the original does not write, read as one by UDPipe's Spanish-AnCora model (Straka and Straková, ÚFAL, CC BY-NC-SA 4.0); rests on 'reyes' → 'מַלְכֵ֥י'
2:5	13	el				expands	supplied-article-spa	safe	0.7334	approved	0				article the original does not write, read as one by UDPipe's Spanish-AnCora model (Straka and Straková, ÚFAL, CC BY-NC-SA 4.0); rests on 'Dios' → 'אֱלֹהֵ֖ינוּ'
2:6	13	los				expands	supplied-article-spa	safe	0.777	approved	0				article the original does not write, read as one by UDPipe's Spanish-AnCora model (Straka and Straková, ÚFAL, CC BY-NC-SA 4.0); rests on 'cielos' → 'שְׁמֵ֥י'
2:8	23	el				expands	supplied-article-spa	safe	0.7669	approved	0				article the original does not write, read as one by UDPipe's Spanish-AnCora model (Straka and Straková, ÚFAL, CC BY-NC-SA 4.0); rests on 'Líbano' → 'לְבָנֹ֑ון'
2:12	8	el				expands	supplied-article-spa	safe	0.7334	approved	0				article the original does not write, read as one by UDPipe's Spanish-AnCora model (Straka and Straková, ÚFAL, CC BY-NC-SA 4.0); rests on 'Dios' → 'אֱלֹהֵ֣י'
2:14	3	una				expands	supplied-indefinite-article-spa	safe	0.7929	approved	0				indefinite article, read as one by UDPipe's Spanish-AnCora model (Straka and Straková, ÚFAL, CC BY-NC-SA 4.0); rests on 'mujer' → 'אִשָּׁ֞ה'
2:14	6	las				expands	supplied-article-spa	safe	0.8	approved	0				article the original does not write, read as one by UDPipe's Spanish-AnCora model (Straka and Straková, ÚFAL, CC BY-NC-SA 4.0); rests on 'hijas' → 'בְּנֹ֣ות'
2:16	7	la				expands	supplied-article-spa	safe	0.7944	approved	0				article the original does not write, read as one by UDPipe's Spanish-AnCora model (Straka and Straková, ÚFAL, CC BY-NC-SA 4.0); rests on 'madera' → 'עֵצִ֤ים'
2:16	19	la				expands	supplied-article-spa	safe	0.7912	approved	0				article the original does not write, read as one by UDPipe's Spanish-AnCora model (Straka and Straková, ÚFAL, CC BY-NC-SA 4.0); rests on 'mar' → 'יָ֣ם'
2:17	11	la				expands	supplied-article-spa	safe	0.752	approved	0				article the original does not write, read as one by UDPipe's Spanish-AnCora model (Straka and Straková, ÚFAL, CC BY-NC-SA 4.0); rests on 'tierra' → 'אֶ֣רֶץ'
3:1	6	la				expands	supplied-article-spa	safe	0.7912	approved	0				article the original does not write, read as one by UDPipe's Spanish-AnCora model (Straka and Straková, ÚFAL, CC BY-NC-SA 4.0); rests on 'casa' → 'בֵּית'
3:1	11	el				expands	supplied-article-spa	safe	0.7697	approved	0				article the original does not write, read as one by UDPipe's Spanish-AnCora model (Straka and Straková, ÚFAL, CC BY-NC-SA 4.0); rests on 'monte' → 'הַר֙'
3:1	23	el				expands	supplied-article-spa	safe	0.6358	approved	0				article the original does not write, read as one by UDPipe's Spanish-AnCora model (Straka and Straková, ÚFAL, CC BY-NC-SA 4.0); rests on 'lugar' → 'מְקֹ֣ום'
3:2	14	el				expands	supplied-article-spa	safe	0.7664	approved	0				article the original does not write, read as one by UDPipe's Spanish-AnCora model (Straka and Straková, ÚFAL, CC BY-NC-SA 4.0); rests on 'año' → 'שְׁנַ֥ת'
3:3	12	la				expands	supplied-article-spa	safe	0.7912	approved	0				article the original does not write, read as one by UDPipe's Spanish-AnCora model (Straka and Straková, ÚFAL, CC BY-NC-SA 4.0); rests on 'casa' → 'בֵּ֣ית'
3:3	26	la				expands	supplied-article-spa	safe	0.7707	approved	0				article the original does not write, read as one by UDPipe's Spanish-AnCora model (Straka and Straková, ÚFAL, CC BY-NC-SA 4.0); rests on 'anchura' → 'רֹ֖חַב'
3:8	3	la				expands	supplied-article-spa	safe	0.7912	approved	0				article the original does not write, read as one by UDPipe's Spanish-AnCora model (Straka and Straková, ÚFAL, CC BY-NC-SA 4.0); rests on 'casa' → 'בֵּֽית'
3:8	15	el				expands	supplied-article-spa	safe	0.7379	approved	0				article the original does not write, read as one by UDPipe's Spanish-AnCora model (Straka and Straková, ÚFAL, CC BY-NC-SA 4.0); rests on 'ancho' → 'רֹֽחַב'
3:9	2	el				expands	supplied-article-spa	safe	0.73	approved	0				article the original does not write, read as one by UDPipe's Spanish-AnCora model (Straka and Straková, ÚFAL, CC BY-NC-SA 4.0); rests on 'peso' → 'מִשְׁקָ֛ל'
3:11	1	El				expands	supplied-article-spa	safe	0.638	approved	0				article the original does not write, read as one by UDPipe's Spanish-AnCora model (Straka and Straková, ÚFAL, CC BY-NC-SA 4.0); rests on 'largo' → 'אָרְכָּ֖ם'
3:11	4	las				expands	supplied-article-spa	safe	0.7631	approved	0				article the original does not write, read as one by UDPipe's Spanish-AnCora model (Straka and Straková, ÚFAL, CC BY-NC-SA 4.0); rests on 'alas' → 'כַנְפֵי֙'
3:11	25	la				expands	supplied-article-spa	safe	0.7372	approved	0				article the original does not write, read as one by UDPipe's Spanish-AnCora model (Straka and Straková, ÚFAL, CC BY-NC-SA 4.0); rests on 'pared' → 'קִ֣יר'
3:12	6	una				expands	supplied-indefinite-article-spa	safe	0.8	approved	0				indefinite article, read as one by UDPipe's Spanish-AnCora model (Straka and Straková, ÚFAL, CC BY-NC-SA 4.0); rests on 'ala' → 'כְנַ֨ף'
3:12	19	la				expands	supplied-article-spa	safe	0.7372	approved	0				article the original does not write, read as one by UDPipe's Spanish-AnCora model (Straka and Straková, ÚFAL, CC BY-NC-SA 4.0); rests on 'pared' → 'קִ֣יר'
3:13	2	las				expands	supplied-article-spa	safe	0.7631	approved	0				article the original does not write, read as one by UDPipe's Spanish-AnCora model (Straka and Straková, ÚFAL, CC BY-NC-SA 4.0); rests on 'alas' → 'כַּנְפֵי֙'
3:13	18	los				expands	supplied-article-spa	safe	0.7514	approved	0				article the original does not write, read as one by UDPipe's Spanish-AnCora model (Straka and Straková, ÚFAL, CC BY-NC-SA 4.0); rests on 'rostros' → 'פְנֵיהֶ֥ם'
4:1	3	un				expands	supplied-indefinite-article-spa	safe	0.7948	approved	0				indefinite article, read as one by UDPipe's Spanish-AnCora model (Straka and Straková, ÚFAL, CC BY-NC-SA 4.0); rests on 'altar' → 'מִזְבַּ֣ח'
4:2	26	una				expands	supplied-indefinite-article-spa	safe	0.71	approved	0				indefinite article, read as one by UDPipe's Spanish-AnCora model (Straka and Straková, ÚFAL, CC BY-NC-SA 4.0); rests on 'línea' → 'קָו֙'
4:5	17	un				expands	supplied-indefinite-article-spa	safe	0.8	approved	0				indefinite article, read as one by UDPipe's Spanish-AnCora model (Straka and Straková, ÚFAL, CC BY-NC-SA 4.0); rests on 'cáliz' → 'כֹּ֔וס'
4:6	9	la				expands	supplied-article-spa	safe	0.695	approved	0				article the original does not write, read as one by UDPipe's Spanish-AnCora model (Straka and Straková, ÚFAL, CC BY-NC-SA 4.0); rests on 'derecha' → 'יָּמִ֜ין'
4:6	14	la				expands	supplied-article-spa	safe	0.6759	approved	0				article the original does not write, read as one by UDPipe's Spanish-AnCora model (Straka and Straková, ÚFAL, CC BY-NC-SA 4.0); rests on 'izquierda' → 'שְּׂמֹאול֙'
4:7	18	la				expands	supplied-article-spa	safe	0.695	approved	0				article the original does not write, read as one by UDPipe's Spanish-AnCora model (Straka and Straková, ÚFAL, CC BY-NC-SA 4.0); rests on 'derecha' → 'יָּמִ֖ין'
4:7	23	la				expands	supplied-article-spa	safe	0.6759	approved	0				article the original does not write, read as one by UDPipe's Spanish-AnCora model (Straka and Straková, ÚFAL, CC BY-NC-SA 4.0); rests on 'izquierda' → 'שְּׂמֹֽאול'
4:8	12	la				expands	supplied-article-spa	safe	0.695	approved	0				article the original does not write, read as one by UDPipe's Spanish-AnCora model (Straka and Straková, ÚFAL, CC BY-NC-SA 4.0); rests on 'derecha' → 'יָּמִ֖ין'
4:8	17	la				expands	supplied-article-spa	safe	0.6759	approved	0				article the original does not write, read as one by UDPipe's Spanish-AnCora model (Straka and Straková, ÚFAL, CC BY-NC-SA 4.0); rests on 'izquierda' → 'שְּׂמֹ֑אול'
4:9	6	el				expands	supplied-article-spa	safe	0.7853	approved	0				article the original does not write, read as one by UDPipe's Spanish-AnCora model (Straka and Straková, ÚFAL, CC BY-NC-SA 4.0); rests on 'atrio' → 'חֲצַ֣ר'
4:11	20	la				expands	supplied-article-spa	safe	0.7913	approved	0				article the original does not write, read as one by UDPipe's Spanish-AnCora model (Straka and Straková, ÚFAL, CC BY-NC-SA 4.0); rests on 'casa' → 'בֵ֥ית'
4:12	9	las				expands	supplied-article-spa	safe	0.7578	approved	0				article the original does not write, read as one by UDPipe's Spanish-AnCora model (Straka and Straková, ÚFAL, CC BY-NC-SA 4.0); rests on 'cabezas' → 'רֹ֥אשׁ'
4:16	19	la				expands	supplied-article-spa	safe	0.7913	approved	0				article the original does not write, read as one by UDPipe's Spanish-AnCora model (Straka and Straková, ÚFAL, CC BY-NC-SA 4.0); rests on 'casa' → 'בֵ֣ית'
4:18	15	el				expands	supplied-article-spa	safe	0.73	approved	0				article the original does not write, read as one by UDPipe's Spanish-AnCora model (Straka and Straková, ÚFAL, CC BY-NC-SA 4.0); rests on 'peso' → 'מִשְׁקַ֥ל'
4:19	8	la				expands	supplied-article-spa	safe	0.7913	approved	0				article the original does not write, read as one by UDPipe's Spanish-AnCora model (Straka and Straková, ÚFAL, CC BY-NC-SA 4.0); rests on 'casa' → 'בֵּ֣ית'
4:19	13	el				expands	supplied-article-spa	safe	0.7948	approved	0				article the original does not write, read as one by UDPipe's Spanish-AnCora model (Straka and Straková, ÚFAL, CC BY-NC-SA 4.0); rests on 'altar' → 'מִזְבַּ֣ח'
4:22	18	la				expands	supplied-article-spa	safe	0.5934	approved	0				article the original does not write, read as one by UDPipe's Spanish-AnCora model (Straka and Straková, ÚFAL, CC BY-NC-SA 4.0); rests on 'entrada' → 'פֶ֣תַח'
5:1	12	la				expands	supplied-article-spa	safe	0.7913	approved	0				article the original does not write, read as one by UDPipe's Spanish-AnCora model (Straka and Straková, ÚFAL, CC BY-NC-SA 4.0); rests on 'casa' → 'בֵ֣ית'
5:1	40	los				expands	supplied-article-spa	safe	0.7427	approved	0				article the original does not write, read as one by UDPipe's Spanish-AnCora model (Straka and Straková, ÚFAL, CC BY-NC-SA 4.0); rests on 'tesoros' → 'אֹצְרֹ֖ות'
5:1	43	la				expands	supplied-article-spa	safe	0.7913	approved	0				article the original does not write, read as one by UDPipe's Spanish-AnCora model (Straka and Straková, ÚFAL, CC BY-NC-SA 4.0); rests on 'casa' → 'בֵּ֥ית'
5:2	6	los				expands	supplied-article-spa	safe	0.8	approved	0				article the original does not write, read as one by UDPipe's Spanish-AnCora model (Straka and Straková, ÚFAL, CC BY-NC-SA 4.0); rests on 'ancianos' → 'זִקְנֵ֣י'
5:2	17	los				expands	supplied-article-spa	safe	0.7578	approved	0				article the original does not write, read as one by UDPipe's Spanish-AnCora model (Straka and Straková, ÚFAL, CC BY-NC-SA 4.0); rests on 'cabezas' → 'רָאשֵׁ֨י'
5:2	23	los				expands	supplied-article-spa	safe	0.7923	approved	0				article the original does not write, read as one by UDPipe's Spanish-AnCora model (Straka and Straková, ÚFAL, CC BY-NC-SA 4.0); rests on 'hijos' → 'בְנֵ֥י'
5:2	30	el				expands	supplied-article-spa	safe	0.7461	approved	0				article the original does not write, read as one by UDPipe's Spanish-AnCora model (Straka and Straková, ÚFAL, CC BY-NC-SA 4.0); rests on 'arca' → 'אֲרֹ֧ון'
5:2	37	la				expands	supplied-article-spa	safe	0.7711	approved	0				article the original does not write, read as one by UDPipe's Spanish-AnCora model (Straka and Straková, ÚFAL, CC BY-NC-SA 4.0); rests on 'ciudad' → 'עִ֥יר'
5:3	6	los				expands	supplied-article-spa	safe	0.5941	approved	0				article the original does not write, read as one by UDPipe's Spanish-AnCora model (Straka and Straková, ÚFAL, CC BY-NC-SA 4.0); rests on 'varones' → 'אִ֥ישׁ'
5:4	4	los				expands	supplied-article-spa	safe	0.8	approved	0				article the original does not write, read as one by UDPipe's Spanish-AnCora model (Straka and Straková, ÚFAL, CC BY-NC-SA 4.0); rests on 'ancianos' → 'זִקְנֵ֣י'
5:5	12	los				expands	supplied-article-spa	safe	0.8	approved	0				article the original does not write, read as one by UDPipe's Spanish-AnCora model (Straka and Straková, ÚFAL, CC BY-NC-SA 4.0); rests on 'vasos' → 'כְּלֵ֥י'
5:7	5	el				expands	supplied-article-spa	safe	0.7461	approved	0				article the original does not write, read as one by UDPipe's Spanish-AnCora model (Straka and Straková, ÚFAL, CC BY-NC-SA 4.0); rests on 'arca' → 'אֲרֹ֨ון'
5:7	25	las				expands	supplied-article-spa	safe	0.7631	approved	0				article the original does not write, read as one by UDPipe's Spanish-AnCora model (Straka and Straková, ÚFAL, CC BY-NC-SA 4.0); rests on 'alas' → 'כַּנְפֵ֥י'
5:8	5	las				expands	supplied-article-spa	safe	0.7631	approved	0				article the original does not write, read as one by UDPipe's Spanish-AnCora model (Straka and Straková, ÚFAL, CC BY-NC-SA 4.0); rests on 'alas' → 'כְּנָפַ֔יִם'
5:9	12	las				expands	supplied-article-spa	safe	0.7578	approved	0				article the original does not write, read as one by UDPipe's Spanish-AnCora model (Straka and Straková, ÚFAL, CC BY-NC-SA 4.0); rests on 'cabezas' → 'רָאשֵׁ֨י'
5:10	24	los				expands	supplied-article-spa	safe	0.7923	approved	0				article the original does not write, read as one by UDPipe's Spanish-AnCora model (Straka and Straková, ÚFAL, CC BY-NC-SA 4.0); rests on 'hijos' → 'בְּנֵ֣י'
5:13	8	la				expands	supplied-article-spa	safe	0.7935	approved	0				article the original does not write, read as one by UDPipe's Spanish-AnCora model (Straka and Straková, ÚFAL, CC BY-NC-SA 4.0); rests on 'voz' → 'קֹול'
5:13	22	la				expands	supplied-article-spa	safe	0.7935	approved	0				article the original does not write, read as one by UDPipe's Spanish-AnCora model (Straka and Straková, ÚFAL, CC BY-NC-SA 4.0); rests on 'voz' → 'קֹ֠ול'
5:13	54	la				expands	supplied-article-spa	safe	0.7913	approved	0				article the original does not write, read as one by UDPipe's Spanish-AnCora model (Straka and Straková, ÚFAL, CC BY-NC-SA 4.0); rests on 'casa' → 'בֵּ֥ית'
5:14	15	la				expands	supplied-article-spa	safe	0.6788	approved	0				article the original does not write, read as one by UDPipe's Spanish-AnCora model (Straka and Straková, ÚFAL, CC BY-NC-SA 4.0); rests on 'gloria' → 'כְבֹוד'
5:14	21	la				expands	supplied-article-spa	safe	0.7913	approved	0				article the original does not write, read as one by UDPipe's Spanish-AnCora model (Straka and Straková, ÚFAL, CC BY-NC-SA 4.0); rests on 'casa' → 'בֵּ֥ית'
6:2	5	una				expands	supplied-indefinite-article-spa	safe	0.7912	approved	0				indefinite article, read as one by UDPipe's Spanish-AnCora model (Straka and Straková, ÚFAL, CC BY-NC-SA 4.0); rests on 'casa' → 'בֵית'
6:5	9	la				expands	supplied-article-spa	safe	0.7521	approved	0				article the original does not write, read as one by UDPipe's Spanish-AnCora model (Straka and Straková, ÚFAL, CC BY-NC-SA 4.0); rests on 'tierra' → 'אֶ֣רֶץ'
6:5	19	las				expands	supplied-article-spa	safe	0.7083	approved	0				article the original does not write, read as one by UDPipe's Spanish-AnCora model (Straka and Straková, ÚFAL, CC BY-NC-SA 4.0); rests on 'tribus' → 'שִׁבְטֵ֣י'
6:10	23	el				expands	supplied-article-spa	safe	0.7908	approved	0				article the original does not write, read as one by UDPipe's Spanish-AnCora model (Straka and Straková, ÚFAL, CC BY-NC-SA 4.0); rests on 'trono' → 'כִּסֵּ֣א'
6:11	12	el				expands	supplied-article-spa	safe	0.7953	approved	0				article the original does not write, read as one by UDPipe's Spanish-AnCora model (Straka and Straková, ÚFAL, CC BY-NC-SA 4.0); rests on 'pacto' → 'בְּרִ֣ית'
6:11	19	los				expands	supplied-article-spa	safe	0.7923	approved	0				article the original does not write, read as one by UDPipe's Spanish-AnCora model (Straka and Straková, ÚFAL, CC BY-NC-SA 4.0); rests on 'hijos' → 'בְּנֵ֥י'
6:16	32	el				expands	supplied-article-spa	safe	0.7908	approved	0				article the original does not write, read as one by UDPipe's Spanish-AnCora model (Straka and Straková, ÚFAL, CC BY-NC-SA 4.0); rests on 'trono' → 'כִּסֵּ֣א'
6:18	17	los				expands	supplied-article-spa	safe	0.7762	approved	0				article the original does not write, read as one by UDPipe's Spanish-AnCora model (Straka and Straková, ÚFAL, CC BY-NC-SA 4.0); rests on 'cielos' → 'שָׁמַ֜יִם'
6:18	20	los				expands	supplied-article-spa	safe	0.7762	approved	0				article the original does not write, read as one by UDPipe's Spanish-AnCora model (Straka and Straková, ÚFAL, CC BY-NC-SA 4.0); rests on 'cielos' → 'שְׁמֵ֤י'
6:19	5	la				expands	supplied-article-spa	safe	0.7286	approved	0				article the original does not write, read as one by UDPipe's Spanish-AnCora model (Straka and Straková, ÚFAL, CC BY-NC-SA 4.0); rests on 'oración' → 'תְּפִלַּ֧ת'
6:21	27	el				expands	supplied-article-spa	safe	0.6359	approved	0				article the original does not write, read as one by UDPipe's Spanish-AnCora model (Straka and Straková, ÚFAL, CC BY-NC-SA 4.0); rests on 'lugar' → 'מְּקֹ֤ום'
6:24	8	los				expands	supplied-article-spa	safe	0.6643	approved	0				article the original does not write, read as one by UDPipe's Spanish-AnCora model (Straka and Straková, ÚFAL, CC BY-NC-SA 4.0); rests on 'enemigos' → 'אֹויֵ֖ב'
6:25	8	el				expands	supplied-article-spa	safe	0.5693	approved	0				article the original does not write, read as one by UDPipe's Spanish-AnCora model (Straka and Straková, ÚFAL, CC BY-NC-SA 4.0); rests on 'pecado' → 'חַטַּ֖את'
6:27	9	el				expands	supplied-article-spa	safe	0.5693	approved	0				article the original does not write, read as one by UDPipe's Spanish-AnCora model (Straka and Straková, ÚFAL, CC BY-NC-SA 4.0); rests on 'pecado' → 'חַטַּ֤את'
6:28	27	la				expands	supplied-article-spa	safe	0.7521	approved	0				article the original does not write, read as one by UDPipe's Spanish-AnCora model (Straka and Straková, ÚFAL, CC BY-NC-SA 4.0); rests on 'tierra' → 'אֶ֣רֶץ'
6:30	34	los				expands	supplied-article-spa	safe	0.7923	approved	0				article the original does not write, read as one by UDPipe's Spanish-AnCora model (Straka and Straková, ÚFAL, CC BY-NC-SA 4.0); rests on 'hijos' → 'בְּנֵ֥י'
6:33	31	los				expands	supplied-article-spa	safe	0.7614	approved	0				article the original does not write, read as one by UDPipe's Spanish-AnCora model (Straka and Straková, ÚFAL, CC BY-NC-SA 4.0); rests on 'pueblos' → 'עַמֵּ֨י'
6:37	21	la				expands	supplied-article-spa	safe	0.7521	approved	0				article the original does not write, read as one by UDPipe's Spanish-AnCora model (Straka and Straková, ÚFAL, CC BY-NC-SA 4.0); rests on 'tierra' → 'אֶ֤רֶץ'
6:38	16	la				expands	supplied-article-spa	safe	0.7521	approved	0				article the original does not write, read as one by UDPipe's Spanish-AnCora model (Straka and Straková, ÚFAL, CC BY-NC-SA 4.0); rests on 'tierra' → 'אֶ֥רֶץ'
6:40	16	la				expands	supplied-article-spa	safe	0.7286	approved	0				article the original does not write, read as one by UDPipe's Spanish-AnCora model (Straka and Straková, ÚFAL, CC BY-NC-SA 4.0); rests on 'oración' → 'תְפִלַּ֖ת'
6:41	13	el				expands	supplied-article-spa	safe	0.7478	approved	0				article the original does not write, read as one by UDPipe's Spanish-AnCora model (Straka and Straková, ÚFAL, CC BY-NC-SA 4.0); rests on 'arca' → 'אֲרֹ֣ון'
6:42	6	el				expands	supplied-article-spa	safe	0.7552	approved	0				article the original does not write, read as one by UDPipe's Spanish-AnCora model (Straka and Straková, ÚFAL, CC BY-NC-SA 4.0); rests on 'rostro' → 'פְּנֵ֣י'
7:1	21	la				expands	supplied-article-spa	safe	0.6777	approved	0				article the original does not write, read as one by UDPipe's Spanish-AnCora model (Straka and Straková, ÚFAL, CC BY-NC-SA 4.0); rests on 'gloria' → 'כְבֹ֥וד'
7:2	8	la				expands	supplied-article-spa	safe	0.7912	approved	0				article the original does not write, read as one by UDPipe's Spanish-AnCora model (Straka and Straková, ÚFAL, CC BY-NC-SA 4.0); rests on 'casa' → 'בֵּ֣ית'
7:2	13	la				expands	supplied-article-spa	safe	0.6777	approved	0				article the original does not write, read as one by UDPipe's Spanish-AnCora model (Straka and Straková, ÚFAL, CC BY-NC-SA 4.0); rests on 'gloria' → 'כְבֹוד'
7:2	19	la				expands	supplied-article-spa	safe	0.7912	approved	0				article the original does not write, read as one by UDPipe's Spanish-AnCora model (Straka and Straková, ÚFAL, CC BY-NC-SA 4.0); rests on 'casa' → 'בֵּ֥ית'
7:3	5	los				expands	supplied-article-spa	safe	0.7923	approved	0				article the original does not write, read as one by UDPipe's Spanish-AnCora model (Straka and Straková, ÚFAL, CC BY-NC-SA 4.0); rests on 'hijos' → 'בְּנֵ֣י'
7:3	13	la				expands	supplied-article-spa	safe	0.6777	approved	0				article the original does not write, read as one by UDPipe's Spanish-AnCora model (Straka and Straková, ÚFAL, CC BY-NC-SA 4.0); rests on 'gloria' → 'כְבֹ֥וד'
7:5	21	la				expands	supplied-article-spa	safe	0.7912	approved	0				article the original does not write, read as one by UDPipe's Spanish-AnCora model (Straka and Straková, ÚFAL, CC BY-NC-SA 4.0); rests on 'casa' → 'בֵּ֣ית'
7:6	12	los				expands	supplied-article-spa	safe	0.7182	approved	0				article the original does not write, read as one by UDPipe's Spanish-AnCora model (Straka and Straková, ÚFAL, CC BY-NC-SA 4.0); rests on 'instrumentos' → 'כְלֵי'
7:7	4	el				expands	supplied-article-spa	safe	0.574	approved	0				article the original does not write, read as one by UDPipe's Spanish-AnCora model (Straka and Straková, ÚFAL, CC BY-NC-SA 4.0); rests on 'medio' → 'תֹּ֤וךְ'
7:7	12	la				expands	supplied-article-spa	safe	0.7912	approved	0				article the original does not write, read as one by UDPipe's Spanish-AnCora model (Straka and Straková, ÚFAL, CC BY-NC-SA 4.0); rests on 'casa' → 'בֵית'
7:7	31	el				expands	supplied-article-spa	safe	0.7948	approved	0				article the original does not write, read as one by UDPipe's Spanish-AnCora model (Straka and Straková, ÚFAL, CC BY-NC-SA 4.0); rests on 'altar' → 'מִזְבַּ֤ח'
7:8	21	el				expands	supplied-article-spa	safe	0.8	approved	0				article the original does not write, read as one by UDPipe's Spanish-AnCora model (Straka and Straková, ÚFAL, CC BY-NC-SA 4.0); rests on 'arroyo' → 'נַ֥חַל'
7:10	3	los				expands	supplied-article-spa	safe	0.665	approved	0				article the original does not write, read as one by UDPipe's Spanish-AnCora model (Straka and Straková, ÚFAL, CC BY-NC-SA 4.0); rests on 'veintitrés' → 'עֶשְׂרִ֤ים'
7:11	4	la				expands	supplied-article-spa	safe	0.7912	approved	0				article the original does not write, read as one by UDPipe's Spanish-AnCora model (Straka and Straková, ÚFAL, CC BY-NC-SA 4.0); rests on 'casa' → 'בֵּ֥ית'
7:11	9	la				expands	supplied-article-spa	safe	0.7912	approved	0				article the original does not write, read as one by UDPipe's Spanish-AnCora model (Straka and Straková, ÚFAL, CC BY-NC-SA 4.0); rests on 'casa' → 'בֵּ֣ית'
7:11	24	la				expands	supplied-article-spa	safe	0.7912	approved	0				article the original does not write, read as one by UDPipe's Spanish-AnCora model (Straka and Straková, ÚFAL, CC BY-NC-SA 4.0); rests on 'casa' → 'בֵית'
7:15	11	la				expands	supplied-article-spa	safe	0.7283	approved	0				article the original does not write, read as one by UDPipe's Spanish-AnCora model (Straka and Straková, ÚFAL, CC BY-NC-SA 4.0); rests on 'oración' → 'תְפִלַּ֖ת'
7:18	3	el				expands	supplied-article-spa	safe	0.7909	approved	0				article the original does not write, read as one by UDPipe's Spanish-AnCora model (Straka and Straková, ÚFAL, CC BY-NC-SA 4.0); rests on 'trono' → 'כִּסֵּ֣א'
7:22	18	la				expands	supplied-article-spa	safe	0.7521	approved	0				article the original does not write, read as one by UDPipe's Spanish-AnCora model (Straka and Straková, ÚFAL, CC BY-NC-SA 4.0); rests on 'tierra' → 'אֶ֣רֶץ'
8:1	13	la				expands	supplied-article-spa	safe	0.7913	approved	0				article the original does not write, read as one by UDPipe's Spanish-AnCora model (Straka and Straková, ÚFAL, CC BY-NC-SA 4.0); rests on 'casa' → 'בֵּ֥ית'
8:2	15	los				expands	supplied-article-spa	safe	0.7923	approved	0				article the original does not write, read as one by UDPipe's Spanish-AnCora model (Straka and Straková, ÚFAL, CC BY-NC-SA 4.0); rests on 'hijos' → 'בְּנֵ֥י'
8:4	10	las				expands	supplied-article-spa	safe	0.7731	approved	0				article the original does not write, read as one by UDPipe's Spanish-AnCora model (Straka and Straková, ÚFAL, CC BY-NC-SA 4.0); rests on 'ciudades' → 'עָרֵ֣י'
8:6	7	las				expands	supplied-article-spa	safe	0.6914	approved	0				article the original does not write, read as one by UDPipe's Spanish-AnCora model (Straka and Straková, ÚFAL, CC BY-NC-SA 4.0); rests on 'villas' → 'עָרֵ֤י'
8:6	16	las				expands	supplied-article-spa	safe	0.7731	approved	0				article the original does not write, read as one by UDPipe's Spanish-AnCora model (Straka and Straková, ÚFAL, CC BY-NC-SA 4.0); rests on 'ciudades' → 'עָרֵ֣י'
8:6	45	la				expands	supplied-article-spa	safe	0.752	approved	0				article the original does not write, read as one by UDPipe's Spanish-AnCora model (Straka and Straková, ÚFAL, CC BY-NC-SA 4.0); rests on 'tierra' → 'אֶ֥רֶץ'
8:8	1	Los				expands	supplied-article-spa	safe	0.7923	approved	0				article the original does not write, read as one by UDPipe's Spanish-AnCora model (Straka and Straková, ÚFAL, CC BY-NC-SA 4.0); rests on 'hijos' → 'בְּנֵיהֶ֗ם'
8:8	17	los				expands	supplied-article-spa	safe	0.7923	approved	0				article the original does not write, read as one by UDPipe's Spanish-AnCora model (Straka and Straková, ÚFAL, CC BY-NC-SA 4.0); rests on 'hijos' → 'בְּנֵ֣י'
8:9	3	los				expands	supplied-article-spa	safe	0.7923	approved	0				article the original does not write, read as one by UDPipe's Spanish-AnCora model (Straka and Straková, ÚFAL, CC BY-NC-SA 4.0); rests on 'hijos' → 'בְּנֵי֙'
8:11	5	la				expands	supplied-article-spa	safe	0.795	approved	0				article the original does not write, read as one by UDPipe's Spanish-AnCora model (Straka and Straková, ÚFAL, CC BY-NC-SA 4.0); rests on 'hija' → 'בַּת'
8:11	10	la				expands	supplied-article-spa	safe	0.7711	approved	0				article the original does not write, read as one by UDPipe's Spanish-AnCora model (Straka and Straková, ÚFAL, CC BY-NC-SA 4.0); rests on 'ciudad' → 'עִ֣יר'
8:11	29	la				expands	supplied-article-spa	safe	0.7913	approved	0				article the original does not write, read as one by UDPipe's Spanish-AnCora model (Straka and Straková, ÚFAL, CC BY-NC-SA 4.0); rests on 'casa' → 'בֵית֙'
8:11	42	el				expands	supplied-article-spa	safe	0.748	approved	0				article the original does not write, read as one by UDPipe's Spanish-AnCora model (Straka and Straková, ÚFAL, CC BY-NC-SA 4.0); rests on 'arca' → 'אֲרֹ֥ון'
8:12	8	el				expands	supplied-article-spa	safe	0.7948	approved	0				article the original does not write, read as one by UDPipe's Spanish-AnCora model (Straka and Straková, ÚFAL, CC BY-NC-SA 4.0); rests on 'altar' → 'מִזְבַּ֣ח'
8:13	33	la				expands	supplied-article-spa	safe	0.6269	approved	0				article the original does not write, read as one by UDPipe's Spanish-AnCora model (Straka and Straková, ÚFAL, CC BY-NC-SA 4.0); rests on 'fiesta' → 'חַ֧ג'
8:13	40	la				expands	supplied-article-spa	safe	0.6269	approved	0				article the original does not write, read as one by UDPipe's Spanish-AnCora model (Straka and Straková, ÚFAL, CC BY-NC-SA 4.0); rests on 'fiesta' → 'חַ֥ג'
8:13	47	la				expands	supplied-article-spa	safe	0.6269	approved	0				article the original does not write, read as one by UDPipe's Spanish-AnCora model (Straka and Straková, ÚFAL, CC BY-NC-SA 4.0); rests on 'fiesta' → 'חַ֥ג'
8:16	14	la				expands	supplied-article-spa	safe	0.7913	approved	0				article the original does not write, read as one by UDPipe's Spanish-AnCora model (Straka and Straková, ÚFAL, CC BY-NC-SA 4.0); rests on 'casa' → 'בֵּית'
8:16	26	la				expands	supplied-article-spa	safe	0.7913	approved	0				article the original does not write, read as one by UDPipe's Spanish-AnCora model (Straka and Straková, ÚFAL, CC BY-NC-SA 4.0); rests on 'casa' → 'בֵּ֥ית'
8:17	16	la				expands	supplied-article-spa	safe	0.752	approved	0				article the original does not write, read as one by UDPipe's Spanish-AnCora model (Straka and Straková, ÚFAL, CC BY-NC-SA 4.0); rests on 'tierra' → 'אֶ֥רֶץ'
8:18	16	la				expands	supplied-article-spa	safe	0.7912	approved	0				article the original does not write, read as one by UDPipe's Spanish-AnCora model (Straka and Straková, ÚFAL, CC BY-NC-SA 4.0); rests on 'mar' → 'יָם֒'
8:18	22	los				expands	supplied-article-spa	safe	0.7847	approved	0				article the original does not write, read as one by UDPipe's Spanish-AnCora model (Straka and Straková, ÚFAL, CC BY-NC-SA 4.0); rests on 'siervos' → 'עַבְדֵ֤י'
9:1	3	la				expands	supplied-article-spa	safe	0.5873	approved	0				article the original does not write, read as one by UDPipe's Spanish-AnCora model (Straka and Straková, ÚFAL, CC BY-NC-SA 4.0); rests on 'reina' → 'מַֽלְכַּת'
9:3	3	la				expands	supplied-article-spa	safe	0.5873	approved	0				article the original does not write, read as one by UDPipe's Spanish-AnCora model (Straka and Straková, ÚFAL, CC BY-NC-SA 4.0); rests on 'reina' → 'מַֽלְכַּת'
9:3	7	la				expands	supplied-article-spa	safe	0.6795	approved	0				article the original does not write, read as one by UDPipe's Spanish-AnCora model (Straka and Straková, ÚFAL, CC BY-NC-SA 4.0); rests on 'sabiduría' → 'חָכְמַ֣ת'
9:4	36	la				expands	supplied-article-spa	safe	0.7913	approved	0				article the original does not write, read as one by UDPipe's Spanish-AnCora model (Straka and Straková, ÚFAL, CC BY-NC-SA 4.0); rests on 'casa' → 'בֵּ֣ית'
9:6	5	las				expands	supplied-article-spa	safe	0.7052	approved	0				article the original does not write, read as one by UDPipe's Spanish-AnCora model (Straka and Straková, ÚFAL, CC BY-NC-SA 4.0); rests on 'palabras' → 'דִבְרֵיהֶ֗ם'
9:6	24	la				expands	supplied-article-spa	safe	0.6823	approved	0				article the original does not write, read as one by UDPipe's Spanish-AnCora model (Straka and Straková, ÚFAL, CC BY-NC-SA 4.0); rests on 'mitad' → 'חֲצִ֖י'
9:9	27	la				expands	supplied-article-spa	safe	0.5873	approved	0				article the original does not write, read as one by UDPipe's Spanish-AnCora model (Straka and Straková, ÚFAL, CC BY-NC-SA 4.0); rests on 'reina' → 'מַֽלְכַּת'
9:10	2	los				expands	supplied-article-spa	safe	0.7846	approved	0				article the original does not write, read as one by UDPipe's Spanish-AnCora model (Straka and Straková, ÚFAL, CC BY-NC-SA 4.0); rests on 'siervos' → 'עַבְדֵ֤י'
9:10	7	los				expands	supplied-article-spa	safe	0.7846	approved	0				article the original does not write, read as one by UDPipe's Spanish-AnCora model (Straka and Straková, ÚFAL, CC BY-NC-SA 4.0); rests on 'siervos' → 'עַבְדֵ֣י'
9:10	14	el				expands	supplied-article-spa	safe	0.766	approved	0				article the original does not write, read as one by UDPipe's Spanish-AnCora model (Straka and Straková, ÚFAL, CC BY-NC-SA 4.0); rests on 'oro' → 'זָהָ֖ב'
9:11	6	la				expands	supplied-article-spa	safe	0.7947	approved	0				article the original does not write, read as one by UDPipe's Spanish-AnCora model (Straka and Straková, ÚFAL, CC BY-NC-SA 4.0); rests on 'madera' → 'עֲצֵ֨י'
9:11	12	la				expands	supplied-article-spa	safe	0.7913	approved	0				article the original does not write, read as one by UDPipe's Spanish-AnCora model (Straka and Straková, ÚFAL, CC BY-NC-SA 4.0); rests on 'casa' → 'בֵית'
9:11	18	las				expands	supplied-article-spa	safe	0.7858	approved	0				article the original does not write, read as one by UDPipe's Spanish-AnCora model (Straka and Straková, ÚFAL, CC BY-NC-SA 4.0); rests on 'casas' → 'בֵ֣ית'
9:12	7	la				expands	supplied-article-spa	safe	0.5873	approved	0				article the original does not write, read as one by UDPipe's Spanish-AnCora model (Straka and Straková, ÚFAL, CC BY-NC-SA 4.0); rests on 'reina' → 'מַֽלְכַּת'
9:13	2	el				expands	supplied-article-spa	safe	0.73	approved	0				article the original does not write, read as one by UDPipe's Spanish-AnCora model (Straka and Straková, ÚFAL, CC BY-NC-SA 4.0); rests on 'peso' → 'מִשְׁקַ֣ל'
9:14	12	los				expands	supplied-article-spa	safe	0.7838	approved	0				article the original does not write, read as one by UDPipe's Spanish-AnCora model (Straka and Straková, ÚFAL, CC BY-NC-SA 4.0); rests on 'reyes' → 'מַלְכֵ֤י'
9:16	19	la				expands	supplied-article-spa	safe	0.7913	approved	0				article the original does not write, read as one by UDPipe's Spanish-AnCora model (Straka and Straková, ÚFAL, CC BY-NC-SA 4.0); rests on 'casa' → 'בֵ֖ית'
9:17	5	un				expands	supplied-indefinite-article-spa	safe	0.7907	approved	0				indefinite article, read as one by UDPipe's Spanish-AnCora model (Straka and Straková, ÚFAL, CC BY-NC-SA 4.0); rests on 'trono' → 'כִּסֵּא'
9:20	15	la				expands	supplied-article-spa	safe	0.7913	approved	0				article the original does not write, read as one by UDPipe's Spanish-AnCora model (Straka and Straková, ÚFAL, CC BY-NC-SA 4.0); rests on 'casa' → 'בֵּֽית'
9:20	25	los				expands	supplied-article-spa	safe	0.7849	approved	0				article the original does not write, read as one by UDPipe's Spanish-AnCora model (Straka and Straková, ÚFAL, CC BY-NC-SA 4.0); rests on 'días' → 'ימֵ֥י'
9:20	29	la				expands	supplied-article-spa	safe	0.7951	approved	0				article the original does not write, read as one by UDPipe's Spanish-AnCora model (Straka and Straková, ÚFAL, CC BY-NC-SA 4.0); rests on 'plata' → 'כֶּ֗סֶף'
9:21	10	los				expands	supplied-article-spa	safe	0.7846	approved	0				article the original does not write, read as one by UDPipe's Spanish-AnCora model (Straka and Straková, ÚFAL, CC BY-NC-SA 4.0); rests on 'siervos' → 'עַבְדֵ֣י'
9:21	20	las				expands	supplied-article-spa	safe	0.71	approved	0				article the original does not write, read as one by UDPipe's Spanish-AnCora model (Straka and Straková, ÚFAL, CC BY-NC-SA 4.0); rests on 'naves' → 'אֳנִיֹּ֣ות'
9:22	8	los				expands	supplied-article-spa	safe	0.7838	approved	0				article the original does not write, read as one by UDPipe's Spanish-AnCora model (Straka and Straková, ÚFAL, CC BY-NC-SA 4.0); rests on 'reyes' → 'מַלְכֵ֣י'
9:23	3	los				expands	supplied-article-spa	safe	0.7838	approved	0				article the original does not write, read as one by UDPipe's Spanish-AnCora model (Straka and Straková, ÚFAL, CC BY-NC-SA 4.0); rests on 'reyes' → 'מַלְכֵ֣י'
9:23	10	el				expands	supplied-article-spa	safe	0.7571	approved	0				article the original does not write, read as one by UDPipe's Spanish-AnCora model (Straka and Straková, ÚFAL, CC BY-NC-SA 4.0); rests on 'rostro' → 'פְּנֵ֣י'
9:24	22	los				expands	supplied-article-spa	safe	0.7903	approved	0				article the original does not write, read as one by UDPipe's Spanish-AnCora model (Straka and Straková, ÚFAL, CC BY-NC-SA 4.0); rests on 'años' → 'שָׁנָֽה'
9:25	8	los				expands	supplied-article-spa	safe	0.7894	approved	0				article the original does not write, read as one by UDPipe's Spanish-AnCora model (Straka and Straková, ÚFAL, CC BY-NC-SA 4.0); rests on 'caballos' → 'סוּסִים֙'
9:25	20	las				expands	supplied-article-spa	safe	0.7733	approved	0				article the original does not write, read as one by UDPipe's Spanish-AnCora model (Straka and Straková, ÚFAL, CC BY-NC-SA 4.0); rests on 'ciudades' → 'עָרֵ֣י'
9:26	12	la				expands	supplied-article-spa	safe	0.7519	approved	0				article the original does not write, read as one by UDPipe's Spanish-AnCora model (Straka and Straková, ÚFAL, CC BY-NC-SA 4.0); rests on 'tierra' → 'אֶ֣רֶץ'
9:26	15	los				expands	supplied-article-spa	safe	0.7981	approved	0				article the original does not write, read as one by UDPipe's Spanish-AnCora model (Straka and Straková, ÚFAL, CC BY-NC-SA 4.0); rests on 'Filisteos' → 'פְּלִשְׁתִּ֔ים'
9:26	19	el				expands	supplied-article-spa	safe	0.7043	approved	0				article the original does not write, read as one by UDPipe's Spanish-AnCora model (Straka and Straková, ÚFAL, CC BY-NC-SA 4.0); rests on 'término' → 'גְּב֥וּל'
9:29	4	los				expands	supplied-article-spa	safe	0.6676	approved	0				article the original does not write, read as one by UDPipe's Spanish-AnCora model (Straka and Straková, ÚFAL, CC BY-NC-SA 4.0); rests on 'hechos' → 'דִּבְרֵ֣י'
9:31	10	la				expands	supplied-article-spa	safe	0.7711	approved	0				article the original does not write, read as one by UDPipe's Spanish-AnCora model (Straka and Straková, ÚFAL, CC BY-NC-SA 4.0); rests on 'ciudad' → 'עִ֖יר'
10:4	12	la				expands	supplied-article-spa	safe	0.5868	approved	0				article the original does not write, read as one by UDPipe's Spanish-AnCora model (Straka and Straková, ÚFAL, CC BY-NC-SA 4.0); rests on 'servidumbre' → 'עֲבֹדַ֨ת'
10:10	41	los				expands	supplied-article-spa	safe	0.7022	approved	0				article the original does not write, read as one by UDPipe's Spanish-AnCora model (Straka and Straková, ÚFAL, CC BY-NC-SA 4.0); rests on 'lomos' → 'מָּתְנֵ֥י'
10:16	27	el				expands	supplied-article-spa	safe	0.7928	approved	0				article the original does not write, read as one by UDPipe's Spanish-AnCora model (Straka and Straková, ÚFAL, CC BY-NC-SA 4.0); rests on 'hijo' → 'בֶן'
10:17	5	los				expands	supplied-article-spa	safe	0.7923	approved	0				article the original does not write, read as one by UDPipe's Spanish-AnCora model (Straka and Straková, ÚFAL, CC BY-NC-SA 4.0); rests on 'hijos' → 'בְנֵ֣י'
10:17	12	las				expands	supplied-article-spa	safe	0.7733	approved	0				article the original does not write, read as one by UDPipe's Spanish-AnCora model (Straka and Straková, ÚFAL, CC BY-NC-SA 4.0); rests on 'ciudades' → 'עָרֵ֣י'
10:18	17	los				expands	supplied-article-spa	safe	0.7923	approved	0				article the original does not write, read as one by UDPipe's Spanish-AnCora model (Straka and Straková, ÚFAL, CC BY-NC-SA 4.0); rests on 'hijos' → 'בְנֵֽי'
10:19	6	la				expands	supplied-article-spa	safe	0.7913	approved	0				article the original does not write, read as one by UDPipe's Spanish-AnCora model (Straka and Straková, ÚFAL, CC BY-NC-SA 4.0); rests on 'casa' → 'בֵ֣ית'
11:1	8	la				expands	supplied-article-spa	safe	0.7913	approved	0				article the original does not write, read as one by UDPipe's Spanish-AnCora model (Straka and Straková, ÚFAL, CC BY-NC-SA 4.0); rests on 'casa' → 'בֵּ֨ית'
11:3	13	los				expands	supplied-article-spa	safe	0.7053	approved	0				article the original does not write, read as one by UDPipe's Spanish-AnCora model (Straka and Straková, ÚFAL, CC BY-NC-SA 4.0); rests on 'Israelitas' → 'יִשְׂרָאֵ֔ל'
11:4	27	la				expands	supplied-article-spa	safe	0.7511	approved	0				article the original does not write, read as one by UDPipe's Spanish-AnCora model (Straka and Straková, ÚFAL, CC BY-NC-SA 4.0); rests on 'palabra' → 'דִּבְרֵ֣י'
11:12	4	las				expands	supplied-article-spa	safe	0.7743	approved	0				article the original does not write, read as one by UDPipe's Spanish-AnCora model (Straka and Straková, ÚFAL, CC BY-NC-SA 4.0); rests on 'ciudades' → 'עִיר֙'
11:16	7	las				expands	supplied-article-spa	safe	0.7083	approved	0				article the original does not write, read as one by UDPipe's Spanish-AnCora model (Straka and Straková, ÚFAL, CC BY-NC-SA 4.0); rests on 'tribus' → 'שִׁבְטֵ֣י'
11:16	32	el				expands	supplied-article-spa	safe	0.7336	approved	0				article the original does not write, read as one by UDPipe's Spanish-AnCora model (Straka and Straková, ÚFAL, CC BY-NC-SA 4.0); rests on 'Dios' → 'אֱלֹהֵ֥י'
11:17	22	el				expands	supplied-article-spa	safe	0.7509	approved	0				article the original does not write, read as one by UDPipe's Spanish-AnCora model (Straka and Straková, ÚFAL, CC BY-NC-SA 4.0); rests on 'camino' → 'דֶ֧רֶךְ'
11:23	11	las				expands	supplied-article-spa	safe	0.6781	approved	0				article the original does not write, read as one by UDPipe's Spanish-AnCora model (Straka and Straková, ÚFAL, CC BY-NC-SA 4.0); rests on 'tierras' → 'אַרְצֹ֧ות'
11:23	21	las				expands	supplied-article-spa	safe	0.7743	approved	0				article the original does not write, read as one by UDPipe's Spanish-AnCora model (Straka and Straková, ÚFAL, CC BY-NC-SA 4.0); rests on 'ciudades' → 'עָרֵ֣י'
12:1	9	la				expands	supplied-article-spa	safe	0.7408	approved	0				article the original does not write, read as one by UDPipe's Spanish-AnCora model (Straka and Straková, ÚFAL, CC BY-NC-SA 4.0); rests on 'ley' → 'תֹּורַ֣ת'
12:4	3	las				expands	supplied-article-spa	safe	0.7733	approved	0				article the original does not write, read as one by UDPipe's Spanish-AnCora model (Straka and Straková, ÚFAL, CC BY-NC-SA 4.0); rests on 'ciudades' → 'עָרֵ֥י'
12:5	9	los				expands	supplied-article-spa	safe	0.6282	approved	0				article the original does not write, read as one by UDPipe's Spanish-AnCora model (Straka and Straková, ÚFAL, CC BY-NC-SA 4.0); rests on 'príncipes' → 'שָׂרֵ֣י'
12:6	2	los				expands	supplied-article-spa	safe	0.6282	approved	0				article the original does not write, read as one by UDPipe's Spanish-AnCora model (Straka and Straková, ÚFAL, CC BY-NC-SA 4.0); rests on 'príncipes' → 'שָׂרֵֽי'
12:8	16	los				expands	supplied-article-spa	safe	0.782	approved	0				article the original does not write, read as one by UDPipe's Spanish-AnCora model (Straka and Straková, ÚFAL, CC BY-NC-SA 4.0); rests on 'reinos' → 'מַמְלְכֹ֥ות'
12:9	11	los				expands	supplied-article-spa	safe	0.7417	approved	0				article the original does not write, read as one by UDPipe's Spanish-AnCora model (Straka and Straková, ÚFAL, CC BY-NC-SA 4.0); rests on 'tesoros' → 'אֹצְרֹ֣ות'
12:9	14	la				expands	supplied-article-spa	safe	0.7913	approved	0				article the original does not write, read as one by UDPipe's Spanish-AnCora model (Straka and Straková, ÚFAL, CC BY-NC-SA 4.0); rests on 'casa' → 'בֵּית'
12:9	19	los				expands	supplied-article-spa	safe	0.7417	approved	0				article the original does not write, read as one by UDPipe's Spanish-AnCora model (Straka and Straková, ÚFAL, CC BY-NC-SA 4.0); rests on 'tesoros' → 'אֹֽצְרֹות֙'
12:9	22	la				expands	supplied-article-spa	safe	0.7913	approved	0				article the original does not write, read as one by UDPipe's Spanish-AnCora model (Straka and Straková, ÚFAL, CC BY-NC-SA 4.0); rests on 'casa' → 'בֵּ֣ית'
12:10	26	la				expands	supplied-article-spa	safe	0.5934	approved	0				article the original does not write, read as one by UDPipe's Spanish-AnCora model (Straka and Straková, ÚFAL, CC BY-NC-SA 4.0); rests on 'entrada' → 'פֶּ֖תַח'
12:10	29	la				expands	supplied-article-spa	safe	0.7913	approved	0				article the original does not write, read as one by UDPipe's Spanish-AnCora model (Straka and Straková, ÚFAL, CC BY-NC-SA 4.0); rests on 'casa' → 'בֵּ֥ית'
12:11	7	la				expands	supplied-article-spa	safe	0.7913	approved	0				article the original does not write, read as one by UDPipe's Spanish-AnCora model (Straka and Straková, ÚFAL, CC BY-NC-SA 4.0); rests on 'casa' → 'בֵּ֣ית'
12:12	23	las				expands	supplied-article-spa	safe	0.5569	approved	0				article the original does not write, read as one by UDPipe's Spanish-AnCora model (Straka and Straková, ÚFAL, CC BY-NC-SA 4.0); rests on 'cosas' → 'דְּבָרִ֥ים'
12:13	31	las				expands	supplied-article-spa	safe	0.7083	approved	0				article the original does not write, read as one by UDPipe's Spanish-AnCora model (Straka and Straková, ÚFAL, CC BY-NC-SA 4.0); rests on 'tribus' → 'שִׁבְטֵ֣י'
12:13	42	el				expands	supplied-article-spa	safe	0.7864	approved	0				article the original does not write, read as one by UDPipe's Spanish-AnCora model (Straka and Straková, ÚFAL, CC BY-NC-SA 4.0); rests on 'nombre' → 'שֵׁ֣ם'
12:15	2	las				expands	supplied-article-spa	safe	0.5569	approved	0				article the original does not write, read as one by UDPipe's Spanish-AnCora model (Straka and Straková, ÚFAL, CC BY-NC-SA 4.0); rests on 'cosas' → 'דִבְרֵ֣י'
12:16	11	la				expands	supplied-article-spa	safe	0.771	approved	0				article the original does not write, read as one by UDPipe's Spanish-AnCora model (Straka and Straková, ÚFAL, CC BY-NC-SA 4.0); rests on 'ciudad' → 'עִ֣יר'
13:1	2	LOS				expands	supplied-article-spa	safe	0.7904	approved	0				article the original does not write, read as one by UDPipe's Spanish-AnCora model (Straka and Straková, ÚFAL, CC BY-NC-SA 4.0); rests on 'años' → 'שְׁנַ֛ת'
13:2	7	El				expands	supplied-article-spa	safe	0.7864	approved	0				article the original does not write, read as one by UDPipe's Spanish-AnCora model (Straka and Straková, ÚFAL, CC BY-NC-SA 4.0); rests on 'nombre' → 'שֵׁ֣ם'
13:4	5	el				expands	supplied-article-spa	safe	0.7697	approved	0				article the original does not write, read as one by UDPipe's Spanish-AnCora model (Straka and Straková, ÚFAL, CC BY-NC-SA 4.0); rests on 'monte' → 'הַ֣ר'
13:4	12	los				expands	supplied-article-spa	safe	0.7856	approved	0				article the original does not write, read as one by UDPipe's Spanish-AnCora model (Straka and Straková, ÚFAL, CC BY-NC-SA 4.0); rests on 'montes' → 'הַ֣ר'
13:8	15	los				expands	supplied-article-spa	safe	0.7923	approved	0				article the original does not write, read as one by UDPipe's Spanish-AnCora model (Straka and Straková, ÚFAL, CC BY-NC-SA 4.0); rests on 'hijos' → 'בְּנֵ֣י'
13:9	5	los				expands	supplied-article-spa	safe	0.784	approved	0				article the original does not write, read as one by UDPipe's Spanish-AnCora model (Straka and Straková, ÚFAL, CC BY-NC-SA 4.0); rests on 'sacerdotes' → 'כֹּהֲנֵ֣י'
13:9	10	los				expands	supplied-article-spa	safe	0.7923	approved	0				article the original does not write, read as one by UDPipe's Spanish-AnCora model (Straka and Straková, ÚFAL, CC BY-NC-SA 4.0); rests on 'hijos' → 'בְּנֵ֥י'
13:9	27	los				expands	supplied-article-spa	safe	0.7614	approved	0				article the original does not write, read as one by UDPipe's Spanish-AnCora model (Straka and Straková, ÚFAL, CC BY-NC-SA 4.0); rests on 'pueblos' → 'עַמֵּ֣י'
13:9	39	un				expands	supplied-indefinite-article-spa	safe	0.6933	approved	0				indefinite article, read as one by UDPipe's Spanish-AnCora model (Straka and Straková, ÚFAL, CC BY-NC-SA 4.0); rests on 'becerro' → 'פַ֤ר'
13:10	16	los				expands	supplied-article-spa	safe	0.784	approved	0				article the original does not write, read as one by UDPipe's Spanish-AnCora model (Straka and Straková, ÚFAL, CC BY-NC-SA 4.0); rests on 'sacerdotes' → 'כֹ֨הֲנִ֜ים'
13:10	23	los				expands	supplied-article-spa	safe	0.7923	approved	0				article the original does not write, read as one by UDPipe's Spanish-AnCora model (Straka and Straková, ÚFAL, CC BY-NC-SA 4.0); rests on 'hijos' → 'בְּנֵ֣י'
13:11	6	los				expands	supplied-article-spa	safe	0.8	approved	0				article the original does not write, read as one by UDPipe's Spanish-AnCora model (Straka and Straková, ÚFAL, CC BY-NC-SA 4.0); rests on 'holocaustos' → 'עֹלֹ֣ות'
13:11	26	el				expands	supplied-article-spa	safe	0.8	approved	0				article the original does not write, read as one by UDPipe's Spanish-AnCora model (Straka and Straková, ÚFAL, CC BY-NC-SA 4.0); rests on 'candelero' → 'מְנֹורַ֨ת'
13:12	14	las				expands	supplied-article-spa	safe	0.746	approved	0				article the original does not write, read as one by UDPipe's Spanish-AnCora model (Straka and Straková, ÚFAL, CC BY-NC-SA 4.0); rests on 'trompetas' → 'חֲצֹצְרֹ֥ות'
13:12	31	el				expands	supplied-article-spa	safe	0.7333	approved	0				article the original does not write, read as one by UDPipe's Spanish-AnCora model (Straka and Straková, ÚFAL, CC BY-NC-SA 4.0); rests on 'Dios' → 'אֱלֹהֵֽי'
13:14	25	las				expands	supplied-article-spa	safe	0.746	approved	0				article the original does not write, read as one by UDPipe's Spanish-AnCora model (Straka and Straková, ÚFAL, CC BY-NC-SA 4.0); rests on 'trompetas' → 'חֲצֹצְרֹֽות'
13:16	3	los				expands	supplied-article-spa	safe	0.7923	approved	0				article the original does not write, read as one by UDPipe's Spanish-AnCora model (Straka and Straková, ÚFAL, CC BY-NC-SA 4.0); rests on 'hijos' → 'בְנֵי'
13:18	4	los				expands	supplied-article-spa	safe	0.7923	approved	0				article the original does not write, read as one by UDPipe's Spanish-AnCora model (Straka and Straková, ÚFAL, CC BY-NC-SA 4.0); rests on 'hijos' → 'בְנֵי'
13:18	12	los				expands	supplied-article-spa	safe	0.7923	approved	0				article the original does not write, read as one by UDPipe's Spanish-AnCora model (Straka and Straková, ÚFAL, CC BY-NC-SA 4.0); rests on 'hijos' → 'בְּנֵ֣י'
13:18	23	el				expands	supplied-article-spa	safe	0.7333	approved	0				article the original does not write, read as one by UDPipe's Spanish-AnCora model (Straka and Straková, ÚFAL, CC BY-NC-SA 4.0); rests on 'Dios' → 'אֱלֹהֵ֥י'
13:20	8	los				expands	supplied-article-spa	safe	0.7849	approved	0				article the original does not write, read as one by UDPipe's Spanish-AnCora model (Straka and Straková, ÚFAL, CC BY-NC-SA 4.0); rests on 'días' → 'ימֵ֣י'
13:22	4	los				expands	supplied-article-spa	safe	0.6676	approved	0				article the original does not write, read as one by UDPipe's Spanish-AnCora model (Straka and Straková, ÚFAL, CC BY-NC-SA 4.0); rests on 'hechos' → 'דִּבְרֵ֣י'
14:1	11	la				expands	supplied-article-spa	safe	0.7711	approved	0				article the original does not write, read as one by UDPipe's Spanish-AnCora model (Straka and Straková, ÚFAL, CC BY-NC-SA 4.0); rests on 'ciudad' → 'עִ֣יר'
14:2	10	los				expands	supplied-article-spa	safe	0.7877	approved	0				article the original does not write, read as one by UDPipe's Spanish-AnCora model (Straka and Straková, ÚFAL, CC BY-NC-SA 4.0); rests on 'ojos' → 'עֵינֵ֖י'
14:3	3	los				expands	supplied-article-spa	safe	0.782	approved	0				article the original does not write, read as one by UDPipe's Spanish-AnCora model (Straka and Straková, ÚFAL, CC BY-NC-SA 4.0); rests on 'altares' → 'מִזְבְּחֹ֥ות'
14:4	9	el				expands	supplied-article-spa	safe	0.7333	approved	0				article the original does not write, read as one by UDPipe's Spanish-AnCora model (Straka and Straková, ÚFAL, CC BY-NC-SA 4.0); rests on 'Dios' → 'אֱלֹהֵ֣י'
14:5	5	las				expands	supplied-article-spa	safe	0.7731	approved	0				article the original does not write, read as one by UDPipe's Spanish-AnCora model (Straka and Straková, ÚFAL, CC BY-NC-SA 4.0); rests on 'ciudades' → 'עָרֵ֣י'
14:10	8	la				expands	supplied-article-spa	safe	0.715	approved	0				article the original does not write, read as one by UDPipe's Spanish-AnCora model (Straka and Straková, ÚFAL, CC BY-NC-SA 4.0); rests on 'batalla' → 'מִלְחָמָ֔ה'
14:15	7	los				expands	supplied-article-spa	safe	0.643	approved	0				article the original does not write, read as one by UDPipe's Spanish-AnCora model (Straka and Straková, ÚFAL, CC BY-NC-SA 4.0); rests on 'ganados' → 'מִקְנֶ֖ה'
15:1	3	el				expands	supplied-article-spa	safe	0.7757	approved	0				article the original does not write, read as one by UDPipe's Spanish-AnCora model (Straka and Straková, ÚFAL, CC BY-NC-SA 4.0); rests on 'espíritu' → 'ר֥וּחַ'
15:6	10	una				expands	supplied-indefinite-article-spa	safe	0.771	approved	0				indefinite article, read as one by UDPipe's Spanish-AnCora model (Straka and Straková, ÚFAL, CC BY-NC-SA 4.0); rests on 'ciudad' → 'עִ֣יר'
15:8	20	la				expands	supplied-article-spa	safe	0.752	approved	0				article the original does not write, read as one by UDPipe's Spanish-AnCora model (Straka and Straková, ÚFAL, CC BY-NC-SA 4.0); rests on 'tierra' → 'אֶ֤רֶץ'
15:8	36	el				expands	supplied-article-spa	safe	0.7698	approved	0				article the original does not write, read as one by UDPipe's Spanish-AnCora model (Straka and Straková, ÚFAL, CC BY-NC-SA 4.0); rests on 'monte' → 'הַ֣ר'
15:8	42	el				expands	supplied-article-spa	safe	0.7948	approved	0				article the original does not write, read as one by UDPipe's Spanish-AnCora model (Straka and Straková, ÚFAL, CC BY-NC-SA 4.0); rests on 'altar' → 'מִזְבַּ֣ח'
15:12	10	el				expands	supplied-article-spa	safe	0.7333	approved	0				article the original does not write, read as one by UDPipe's Spanish-AnCora model (Straka and Straková, ÚFAL, CC BY-NC-SA 4.0); rests on 'Dios' → 'אֱלֹהֵ֣י'
15:13	9	el				expands	supplied-article-spa	safe	0.7333	approved	0				article the original does not write, read as one by UDPipe's Spanish-AnCora model (Straka and Straková, ÚFAL, CC BY-NC-SA 4.0); rests on 'Dios' → 'אֱלֹהֵֽי'
15:16	35	el				expands	supplied-article-spa	safe	0.8	approved	0				article the original does not write, read as one by UDPipe's Spanish-AnCora model (Straka and Straková, ÚFAL, CC BY-NC-SA 4.0); rests on 'torrente' → 'נַ֥חַל'
15:18	4	la				expands	supplied-article-spa	safe	0.7913	approved	0				article the original does not write, read as one by UDPipe's Spanish-AnCora model (Straka and Straková, ÚFAL, CC BY-NC-SA 4.0); rests on 'casa' → 'בֵּ֣ית'
15:19	6	los				expands	supplied-article-spa	safe	0.7946	approved	0				article the original does not write, read as one by UDPipe's Spanish-AnCora model (Straka and Straková, ÚFAL, CC BY-NC-SA 4.0); rests on 'treinta' → 'שְׁלֹשִׁ֥ים'
16:1	2	el				expands	supplied-article-spa	safe	0.7662	approved	0				article the original does not write, read as one by UDPipe's Spanish-AnCora model (Straka and Straková, ÚFAL, CC BY-NC-SA 4.0); rests on 'año' → 'שְׁנַ֨ת'
16:2	4	la				expands	supplied-article-spa	safe	0.7951	approved	0				article the original does not write, read as one by UDPipe's Spanish-AnCora model (Straka and Straková, ÚFAL, CC BY-NC-SA 4.0); rests on 'plata' → 'כֶּ֣סֶף'
16:2	7	el				expands	supplied-article-spa	safe	0.7672	approved	0				article the original does not write, read as one by UDPipe's Spanish-AnCora model (Straka and Straková, ÚFAL, CC BY-NC-SA 4.0); rests on 'oro' → 'זָהָ֗ב'
16:2	10	los				expands	supplied-article-spa	safe	0.7427	approved	0				article the original does not write, read as one by UDPipe's Spanish-AnCora model (Straka and Straková, ÚFAL, CC BY-NC-SA 4.0); rests on 'tesoros' → 'אֹֽצְרֹ֛ות'
16:2	13	la				expands	supplied-article-spa	safe	0.7913	approved	0				article the original does not write, read as one by UDPipe's Spanish-AnCora model (Straka and Straková, ÚFAL, CC BY-NC-SA 4.0); rests on 'casa' → 'בֵּ֥ית'
16:2	19	la				expands	supplied-article-spa	safe	0.7913	approved	0				article the original does not write, read as one by UDPipe's Spanish-AnCora model (Straka and Straková, ÚFAL, CC BY-NC-SA 4.0); rests on 'casa' → 'בֵ֣ית'
16:3	30	la				expands	supplied-article-spa	safe	0.7518	approved	0				article the original does not write, read as one by UDPipe's Spanish-AnCora model (Straka and Straková, ÚFAL, CC BY-NC-SA 4.0); rests on 'alianza' → 'בְּרִֽיתְךָ֗'
16:4	10	los				expands	supplied-article-spa	safe	0.5509	approved	0				article the original does not write, read as one by UDPipe's Spanish-AnCora model (Straka and Straková, ÚFAL, CC BY-NC-SA 4.0); rests on 'capitanes' → 'שָׂרֵ֨י'
16:4	28	las				expands	supplied-article-spa	safe	0.7733	approved	0				article the original does not write, read as one by UDPipe's Spanish-AnCora model (Straka and Straková, ÚFAL, CC BY-NC-SA 4.0); rests on 'ciudades' → 'עָרֵ֥י'
16:6	13	la				expands	supplied-article-spa	safe	0.739	approved	0				article the original does not write, read as one by UDPipe's Spanish-AnCora model (Straka and Straková, ÚFAL, CC BY-NC-SA 4.0); rests on 'piedra' → 'אַבְנֵ֤י'
16:7	20	el				expands	supplied-article-spa	safe	0.7778	approved	0				article the original does not write, read as one by UDPipe's Spanish-AnCora model (Straka and Straková, ÚFAL, CC BY-NC-SA 4.0); rests on 'rey' → 'מֶ֤לֶךְ'
16:9	2	los				expands	supplied-article-spa	safe	0.7877	approved	0				article the original does not write, read as one by UDPipe's Spanish-AnCora model (Straka and Straková, ÚFAL, CC BY-NC-SA 4.0); rests on 'ojos' → 'עֵינָ֞יו'
16:10	9	la				expands	supplied-article-spa	safe	0.7913	approved	0				article the original does not write, read as one by UDPipe's Spanish-AnCora model (Straka and Straková, ÚFAL, CC BY-NC-SA 4.0); rests on 'casa' → 'בֵּ֣ית'
16:11	4	los				expands	supplied-article-spa	safe	0.6676	approved	0				article the original does not write, read as one by UDPipe's Spanish-AnCora model (Straka and Straková, ÚFAL, CC BY-NC-SA 4.0); rests on 'hechos' → 'דִּבְרֵ֣י'
16:11	14	el				expands	supplied-article-spa	safe	0.7669	approved	0				article the original does not write, read as one by UDPipe's Spanish-AnCora model (Straka and Straková, ÚFAL, CC BY-NC-SA 4.0); rests on 'libro' → 'סֵ֣פֶר'
16:12	2	el				expands	supplied-article-spa	safe	0.7662	approved	0				article the original does not write, read as one by UDPipe's Spanish-AnCora model (Straka and Straková, ÚFAL, CC BY-NC-SA 4.0); rests on 'año' → 'שְׁנַת֩'
16:12	13	los				expands	supplied-article-spa	safe	0.7464	approved	0				article the original does not write, read as one by UDPipe's Spanish-AnCora model (Straka and Straková, ÚFAL, CC BY-NC-SA 4.0); rests on 'pies' → 'רַגְלָ֔יו'
16:13	10	el				expands	supplied-article-spa	safe	0.7662	approved	0				article the original does not write, read as one by UDPipe's Spanish-AnCora model (Straka and Straková, ÚFAL, CC BY-NC-SA 4.0); rests on 'año' → 'שְׁנַ֛ת'
16:14	13	la				expands	supplied-article-spa	safe	0.7711	approved	0				article the original does not write, read as one by UDPipe's Spanish-AnCora model (Straka and Straková, ÚFAL, CC BY-NC-SA 4.0); rests on 'ciudad' → 'עִ֣יר'
17:2	6	las				expands	supplied-article-spa	safe	0.7729	approved	0				article the original does not write, read as one by UDPipe's Spanish-AnCora model (Straka and Straková, ÚFAL, CC BY-NC-SA 4.0); rests on 'ciudades' → 'עָרֵ֥י'
17:2	23	las				expands	supplied-article-spa	safe	0.7729	approved	0				article the original does not write, read as one by UDPipe's Spanish-AnCora model (Straka and Straková, ÚFAL, CC BY-NC-SA 4.0); rests on 'ciudades' → 'עָרֵ֣י'
17:3	9	los				expands	supplied-article-spa	safe	0.7454	approved	0				article the original does not write, read as one by UDPipe's Spanish-AnCora model (Straka and Straková, ÚFAL, CC BY-NC-SA 4.0); rests on 'caminos' → 'דַרְכֵ֞י'
17:6	6	los				expands	supplied-article-spa	safe	0.7454	approved	0				article the original does not write, read as one by UDPipe's Spanish-AnCora model (Straka and Straková, ÚFAL, CC BY-NC-SA 4.0); rests on 'caminos' → 'דַרְכֵ֣י'
17:7	20	las				expands	supplied-article-spa	safe	0.7729	approved	0				article the original does not write, read as one by UDPipe's Spanish-AnCora model (Straka and Straková, ÚFAL, CC BY-NC-SA 4.0); rests on 'ciudades' → 'עָרֵ֥י'
17:9	7	el				expands	supplied-article-spa	safe	0.7669	approved	0				article the original does not write, read as one by UDPipe's Spanish-AnCora model (Straka and Straková, ÚFAL, CC BY-NC-SA 4.0); rests on 'libro' → 'סֵ֖פֶר'
17:9	10	la				expands	supplied-article-spa	safe	0.7408	approved	0				article the original does not write, read as one by UDPipe's Spanish-AnCora model (Straka and Straková, ÚFAL, CC BY-NC-SA 4.0); rests on 'ley' → 'תֹּורַ֣ת'
17:9	18	las				expands	supplied-article-spa	safe	0.7729	approved	0				article the original does not write, read as one by UDPipe's Spanish-AnCora model (Straka and Straková, ÚFAL, CC BY-NC-SA 4.0); rests on 'ciudades' → 'עָרֵ֣י'
17:10	3	el				expands	supplied-article-spa	safe	0.65	approved	0				article the original does not write, read as one by UDPipe's Spanish-AnCora model (Straka and Straková, ÚFAL, CC BY-NC-SA 4.0); rests on 'pavor' → 'פַּ֣חַד'
17:10	9	los				expands	supplied-article-spa	safe	0.782	approved	0				article the original does not write, read as one by UDPipe's Spanish-AnCora model (Straka and Straková, ÚFAL, CC BY-NC-SA 4.0); rests on 'reinos' → 'מַמְלְכֹ֣ות'
17:11	4	los				expands	supplied-article-spa	safe	0.7981	approved	0				article the original does not write, read as one by UDPipe's Spanish-AnCora model (Straka and Straková, ÚFAL, CC BY-NC-SA 4.0); rests on 'Filisteos' → 'פְּלִשְׁתִּ֗ים'
17:13	6	las				expands	supplied-article-spa	safe	0.7729	approved	0				article the original does not write, read as one by UDPipe's Spanish-AnCora model (Straka and Straková, ÚFAL, CC BY-NC-SA 4.0); rests on 'ciudades' → 'עָרֵ֣י'
17:14	9	las				expands	supplied-article-spa	safe	0.7858	approved	0				article the original does not write, read as one by UDPipe's Spanish-AnCora model (Straka and Straková, ÚFAL, CC BY-NC-SA 4.0); rests on 'casas' → 'בֵ֣ית'
17:14	18	los				expands	supplied-article-spa	safe	0.68	approved	0				article the original does not write, read as one by UDPipe's Spanish-AnCora model (Straka and Straková, ÚFAL, CC BY-NC-SA 4.0); rests on 'millares' → 'אֲלָפִ֔ים'
17:19	14	las				expands	supplied-article-spa	safe	0.7729	approved	0				article the original does not write, read as one by UDPipe's Spanish-AnCora model (Straka and Straková, ÚFAL, CC BY-NC-SA 4.0); rests on 'ciudades' → 'עָרֵ֥י'
18:4	12	la				expands	supplied-article-spa	safe	0.751	approved	0				article the original does not write, read as one by UDPipe's Spanish-AnCora model (Straka and Straková, ÚFAL, CC BY-NC-SA 4.0); rests on 'palabra' → 'דְּבַ֥ר'
18:5	2	el				expands	supplied-article-spa	safe	0.7776	approved	0				article the original does not write, read as one by UDPipe's Spanish-AnCora model (Straka and Straková, ÚFAL, CC BY-NC-SA 4.0); rests on 'rey' → 'מֶֽלֶךְ'
18:7	2	el				expands	supplied-article-spa	safe	0.7776	approved	0				article the original does not write, read as one by UDPipe's Spanish-AnCora model (Straka and Straková, ÚFAL, CC BY-NC-SA 4.0); rests on 'rey' → 'מֶֽלֶךְ'
18:8	2	el				expands	supplied-article-spa	safe	0.7776	approved	0				article the original does not write, read as one by UDPipe's Spanish-AnCora model (Straka and Straková, ÚFAL, CC BY-NC-SA 4.0); rests on 'rey' → 'מֶ֣לֶךְ'
18:9	2	el				expands	supplied-article-spa	safe	0.7776	approved	0				article the original does not write, read as one by UDPipe's Spanish-AnCora model (Straka and Straková, ÚFAL, CC BY-NC-SA 4.0); rests on 'rey' → 'מֶ֣לֶךְ'
18:9	29	la				expands	supplied-article-spa	safe	0.5934	approved	0				article the original does not write, read as one by UDPipe's Spanish-AnCora model (Straka and Straková, ÚFAL, CC BY-NC-SA 4.0); rests on 'entrada' → 'פֶּ֖תַח'
18:9	32	la				expands	supplied-article-spa	safe	0.6374	approved	0				article the original does not write, read as one by UDPipe's Spanish-AnCora model (Straka and Straková, ÚFAL, CC BY-NC-SA 4.0); rests on 'puerta' → 'שַׁ֣עַר'
18:12	16	las				expands	supplied-article-spa	safe	0.7052	approved	0				article the original does not write, read as one by UDPipe's Spanish-AnCora model (Straka and Straková, ÚFAL, CC BY-NC-SA 4.0); rests on 'palabras' → 'דִּבְרֵ֧י'
18:15	12	el				expands	supplied-article-spa	safe	0.7864	approved	0				article the original does not write, read as one by UDPipe's Spanish-AnCora model (Straka and Straková, ÚFAL, CC BY-NC-SA 4.0); rests on 'nombre' → 'שֵׁ֥ם'
18:17	2	el				expands	supplied-article-spa	safe	0.7776	approved	0				article the original does not write, read as one by UDPipe's Spanish-AnCora model (Straka and Straková, ÚFAL, CC BY-NC-SA 4.0); rests on 'rey' → 'מֶֽלֶךְ'
18:21	11	la				expands	supplied-article-spa	safe	0.7853	approved	0				article the original does not write, read as one by UDPipe's Spanish-AnCora model (Straka and Straková, ÚFAL, CC BY-NC-SA 4.0); rests on 'boca' → 'פִ֖י'
18:22	12	la				expands	supplied-article-spa	safe	0.7853	approved	0				article the original does not write, read as one by UDPipe's Spanish-AnCora model (Straka and Straková, ÚFAL, CC BY-NC-SA 4.0); rests on 'boca' → 'פִ֖י'
18:22	22	el				expands	supplied-article-spa	safe	0.751	approved	0				article the original does not write, read as one by UDPipe's Spanish-AnCora model (Straka and Straková, ÚFAL, CC BY-NC-SA 4.0); rests on 'mal' → 'רָעָֽה'
18:23	26	el				expands	supplied-article-spa	safe	0.7754	approved	0				article the original does not write, read as one by UDPipe's Spanish-AnCora model (Straka and Straková, ÚFAL, CC BY-NC-SA 4.0); rests on 'espíritu' → 'רֽוּחַ'
18:25	2	el				expands	supplied-article-spa	safe	0.7776	approved	0				article the original does not write, read as one by UDPipe's Spanish-AnCora model (Straka and Straková, ÚFAL, CC BY-NC-SA 4.0); rests on 'rey' → 'מֶ֣לֶךְ'
18:28	3	el				expands	supplied-article-spa	safe	0.7776	approved	0				article the original does not write, read as one by UDPipe's Spanish-AnCora model (Straka and Straková, ÚFAL, CC BY-NC-SA 4.0); rests on 'rey' → 'מֶֽלֶךְ'
18:29	3	el				expands	supplied-article-spa	safe	0.7776	approved	0				article the original does not write, read as one by UDPipe's Spanish-AnCora model (Straka and Straková, ÚFAL, CC BY-NC-SA 4.0); rests on 'rey' → 'מֶ֨לֶךְ'
18:29	24	el				expands	supplied-article-spa	safe	0.7776	approved	0				article the original does not write, read as one by UDPipe's Spanish-AnCora model (Straka and Straková, ÚFAL, CC BY-NC-SA 4.0); rests on 'rey' → 'מֶ֣לֶךְ'
18:30	2	el				expands	supplied-article-spa	safe	0.7776	approved	0				article the original does not write, read as one by UDPipe's Spanish-AnCora model (Straka and Straková, ÚFAL, CC BY-NC-SA 4.0); rests on 'rey' → 'מֶ֣לֶךְ'
18:30	27	el				expands	supplied-article-spa	safe	0.7776	approved	0				article the original does not write, read as one by UDPipe's Spanish-AnCora model (Straka and Straková, ÚFAL, CC BY-NC-SA 4.0); rests on 'rey' → 'מֶ֥לֶךְ'
18:31	14	el				expands	supplied-article-spa	safe	0.7776	approved	0				article the original does not write, read as one by UDPipe's Spanish-AnCora model (Straka and Straková, ÚFAL, CC BY-NC-SA 4.0); rests on 'rey' → 'מֶ֣לֶךְ'
18:32	11	el				expands	supplied-article-spa	safe	0.7776	approved	0				article the original does not write, read as one by UDPipe's Spanish-AnCora model (Straka and Straková, ÚFAL, CC BY-NC-SA 4.0); rests on 'rey' → 'מֶ֣לֶךְ'
18:34	11	el				expands	supplied-article-spa	safe	0.7776	approved	0				article the original does not write, read as one by UDPipe's Spanish-AnCora model (Straka and Straková, ÚFAL, CC BY-NC-SA 4.0); rests on 'rey' → 'מֶ֣לֶךְ'
19:2	32	la				expands	supplied-article-spa	safe	0.6898	approved	0				article the original does not write, read as one by UDPipe's Spanish-AnCora model (Straka and Straková, ÚFAL, CC BY-NC-SA 4.0); rests on 'presencia' → 'פְנֵ֖י'
19:4	16	el				expands	supplied-article-spa	safe	0.7697	approved	0				article the original does not write, read as one by UDPipe's Spanish-AnCora model (Straka and Straková, ÚFAL, CC BY-NC-SA 4.0); rests on 'monte' → 'הַ֣ר'
19:4	24	el				expands	supplied-article-spa	safe	0.7334	approved	0				article the original does not write, read as one by UDPipe's Spanish-AnCora model (Straka and Straková, ÚFAL, CC BY-NC-SA 4.0); rests on 'Dios' → 'אֱלֹהֵ֥י'
19:5	9	las				expands	supplied-article-spa	safe	0.7733	approved	0				article the original does not write, read as one by UDPipe's Spanish-AnCora model (Straka and Straková, ÚFAL, CC BY-NC-SA 4.0); rests on 'ciudades' → 'עָרֵ֧י'
19:6	28	el				expands	supplied-article-spa	safe	0.6875	approved	0				article the original does not write, read as one by UDPipe's Spanish-AnCora model (Straka and Straková, ÚFAL, CC BY-NC-SA 4.0); rests on 'negocio' → 'דְבַ֥ר'
19:8	22	el				expands	supplied-article-spa	safe	0.7373	approved	0				article the original does not write, read as one by UDPipe's Spanish-AnCora model (Straka and Straková, ÚFAL, CC BY-NC-SA 4.0); rests on 'juicio' → 'מִשְׁפַּ֥ט'
19:10	14	las				expands	supplied-article-spa	safe	0.7733	approved	0				article the original does not write, read as one by UDPipe's Spanish-AnCora model (Straka and Straková, ÚFAL, CC BY-NC-SA 4.0); rests on 'ciudades' → 'עָרֵיהֶ֗ם'
19:11	23	la				expands	supplied-article-spa	safe	0.7913	approved	0				article the original does not write, read as one by UDPipe's Spanish-AnCora model (Straka and Straková, ÚFAL, CC BY-NC-SA 4.0); rests on 'casa' → 'בֵית'
19:11	29	los				expands	supplied-article-spa	safe	0.6	approved	0				article the original does not write, read as one by UDPipe's Spanish-AnCora model (Straka and Straková, ÚFAL, CC BY-NC-SA 4.0); rests on 'negocios' → 'דְּבַר'
20:1	6	los				expands	supplied-article-spa	safe	0.7923	approved	0				article the original does not write, read as one by UDPipe's Spanish-AnCora model (Straka and Straková, ÚFAL, CC BY-NC-SA 4.0); rests on 'hijos' → 'בְנֵי'
20:2	24	la				expands	supplied-article-spa	safe	0.8	approved	0				article the original does not write, read as one by UDPipe's Spanish-AnCora model (Straka and Straková, ÚFAL, CC BY-NC-SA 4.0); rests on 'Siria' → 'אֲרָ֑ם'
20:4	15	las				expands	supplied-article-spa	safe	0.7733	approved	0				article the original does not write, read as one by UDPipe's Spanish-AnCora model (Straka and Straková, ÚFAL, CC BY-NC-SA 4.0); rests on 'ciudades' → 'עָרֵ֣י'
20:5	7	la				expands	supplied-article-spa	safe	0.6269	approved	0				article the original does not write, read as one by UDPipe's Spanish-AnCora model (Straka and Straková, ÚFAL, CC BY-NC-SA 4.0); rests on 'reunión' → 'קְהַ֧ל'
20:5	15	la				expands	supplied-article-spa	safe	0.7913	approved	0				article the original does not write, read as one by UDPipe's Spanish-AnCora model (Straka and Straková, ÚFAL, CC BY-NC-SA 4.0); rests on 'casa' → 'בֵ֣ית'
20:6	20	los				expands	supplied-article-spa	safe	0.7816	approved	0				article the original does not write, read as one by UDPipe's Spanish-AnCora model (Straka and Straková, ÚFAL, CC BY-NC-SA 4.0); rests on 'reinos' → 'מַמְלְכֹ֣ות'
20:7	6	los				expands	supplied-article-spa	safe	0.7721	approved	0				article the original does not write, read as one by UDPipe's Spanish-AnCora model (Straka and Straková, ÚFAL, CC BY-NC-SA 4.0); rests on 'moradores' → 'יֹשְׁבֵי֙'
20:7	20	la				expands	supplied-article-spa	safe	0.7719	approved	0				article the original does not write, read as one by UDPipe's Spanish-AnCora model (Straka and Straková, ÚFAL, CC BY-NC-SA 4.0); rests on 'simiente' → 'זֶ֛רַע'
20:10	5	los				expands	supplied-article-spa	safe	0.7923	approved	0				article the original does not write, read as one by UDPipe's Spanish-AnCora model (Straka and Straková, ÚFAL, CC BY-NC-SA 4.0); rests on 'hijos' → 'בְנֵֽי'
20:10	32	la				expands	supplied-article-spa	safe	0.7519	approved	0				article the original does not write, read as one by UDPipe's Spanish-AnCora model (Straka and Straková, ÚFAL, CC BY-NC-SA 4.0); rests on 'tierra' → 'אֶ֣רֶץ'
20:14	19	los				expands	supplied-article-spa	safe	0.7923	approved	0				article the original does not write, read as one by UDPipe's Spanish-AnCora model (Straka and Straková, ÚFAL, CC BY-NC-SA 4.0); rests on 'hijos' → 'בְּנֵ֣י'
20:14	27	el				expands	supplied-article-spa	safe	0.7757	approved	0				article the original does not write, read as one by UDPipe's Spanish-AnCora model (Straka and Straková, ÚFAL, CC BY-NC-SA 4.0); rests on 'espíritu' → 'ר֣וּחַ'
20:18	13	los				expands	supplied-article-spa	safe	0.7721	approved	0				article the original does not write, read as one by UDPipe's Spanish-AnCora model (Straka and Straková, ÚFAL, CC BY-NC-SA 4.0); rests on 'moradores' → 'יֹשְׁבֵ֣י'
20:19	20	el				expands	supplied-article-spa	safe	0.7332	approved	0				article the original does not write, read as one by UDPipe's Spanish-AnCora model (Straka and Straková, ÚFAL, CC BY-NC-SA 4.0); rests on 'Dios' → 'אֱלֹהֵ֣י'
20:20	10	el				expands	supplied-article-spa	safe	0.7749	approved	0				article the original does not write, read as one by UDPipe's Spanish-AnCora model (Straka and Straková, ÚFAL, CC BY-NC-SA 4.0); rests on 'desierto' → 'מִדְבַּ֣ר'
20:21	20	la				expands	supplied-article-spa	safe	0.775	approved	0				article the original does not write, read as one by UDPipe's Spanish-AnCora model (Straka and Straková, ÚFAL, CC BY-NC-SA 4.0); rests on 'santidad' → 'קֹ֑דֶשׁ'
20:22	12	los				expands	supplied-article-spa	safe	0.7923	approved	0				article the original does not write, read as one by UDPipe's Spanish-AnCora model (Straka and Straková, ÚFAL, CC BY-NC-SA 4.0); rests on 'hijos' → 'בְּנֵ֨י'
20:22	23	las				expands	supplied-article-spa	safe	0.8	approved	0				article the original does not write, read as one by UDPipe's Spanish-AnCora model (Straka and Straková, ÚFAL, CC BY-NC-SA 4.0); rests on 'emboscadas' → 'מְ֠אָֽרְבִים'
20:23	2	los				expands	supplied-article-spa	safe	0.7923	approved	0				article the original does not write, read as one by UDPipe's Spanish-AnCora model (Straka and Straková, ÚFAL, CC BY-NC-SA 4.0); rests on 'hijos' → 'בְּנֵ֨י'
20:26	21	el				expands	supplied-article-spa	safe	0.7863	approved	0				article the original does not write, read as one by UDPipe's Spanish-AnCora model (Straka and Straková, ÚFAL, CC BY-NC-SA 4.0); rests on 'nombre' → 'שֵׁ֨ם'
20:27	11	la				expands	supplied-article-spa	safe	0.7855	approved	0				article the original does not write, read as one by UDPipe's Spanish-AnCora model (Straka and Straková, ÚFAL, CC BY-NC-SA 4.0); rests on 'cabeza' → 'רֹאשָׁ֔ם'
20:28	11	la				expands	supplied-article-spa	safe	0.7913	approved	0				article the original does not write, read as one by UDPipe's Spanish-AnCora model (Straka and Straková, ÚFAL, CC BY-NC-SA 4.0); rests on 'casa' → 'בֵּ֖ית'
20:29	3	el				expands	supplied-article-spa	safe	0.65	approved	0				article the original does not write, read as one by UDPipe's Spanish-AnCora model (Straka and Straková, ÚFAL, CC BY-NC-SA 4.0); rests on 'pavor' → 'פַּ֣חַד'
20:29	9	los				expands	supplied-article-spa	safe	0.7816	approved	0				article the original does not write, read as one by UDPipe's Spanish-AnCora model (Straka and Straková, ÚFAL, CC BY-NC-SA 4.0); rests on 'reinos' → 'מַמְלְכֹ֣ות'
20:29	21	los				expands	supplied-article-spa	safe	0.6629	approved	0				article the original does not write, read as one by UDPipe's Spanish-AnCora model (Straka and Straková, ÚFAL, CC BY-NC-SA 4.0); rests on 'enemigos' → 'אֹויְבֵ֥י'
20:31	24	El				expands	supplied-article-spa	safe	0.7863	approved	0				article the original does not write, read as one by UDPipe's Spanish-AnCora model (Straka and Straková, ÚFAL, CC BY-NC-SA 4.0); rests on 'nombre' → 'שֵׁ֣ם'
20:32	4	el				expands	supplied-article-spa	safe	0.7509	approved	0				article the original does not write, read as one by UDPipe's Spanish-AnCora model (Straka and Straková, ÚFAL, CC BY-NC-SA 4.0); rests on 'camino' → 'דֶ֛רֶךְ'
20:32	18	los				expands	supplied-article-spa	safe	0.7877	approved	0				article the original does not write, read as one by UDPipe's Spanish-AnCora model (Straka and Straková, ÚFAL, CC BY-NC-SA 4.0); rests on 'ojos' → 'עֵינֵ֥י'
20:34	4	los				expands	supplied-article-spa	safe	0.6676	approved	0				article the original does not write, read as one by UDPipe's Spanish-AnCora model (Straka and Straková, ÚFAL, CC BY-NC-SA 4.0); rests on 'hechos' → 'דִּבְרֵ֣י'
20:34	16	las				expands	supplied-article-spa	safe	0.7052	approved	0				article the original does not write, read as one by UDPipe's Spanish-AnCora model (Straka and Straková, ÚFAL, CC BY-NC-SA 4.0); rests on 'palabras' → 'דִבְרֵי֙'
20:34	29	el				expands	supplied-article-spa	safe	0.7669	approved	0				article the original does not write, read as one by UDPipe's Spanish-AnCora model (Straka and Straková, ÚFAL, CC BY-NC-SA 4.0); rests on 'libro' → 'סֵ֖פֶר'
20:34	32	los				expands	supplied-article-spa	safe	0.7839	approved	0				article the original does not write, read as one by UDPipe's Spanish-AnCora model (Straka and Straková, ÚFAL, CC BY-NC-SA 4.0); rests on 'reyes' → 'מַלְכֵ֥י'
20:36	15	los				expands	supplied-article-spa	safe	0.575	approved	0				article the original does not write, read as one by UDPipe's Spanish-AnCora model (Straka and Straková, ÚFAL, CC BY-NC-SA 4.0); rests on 'navíos' → 'אֳנִיֹּ֖ות'
20:37	24	los				expands	supplied-article-spa	safe	0.575	approved	0				article the original does not write, read as one by UDPipe's Spanish-AnCora model (Straka and Straková, ÚFAL, CC BY-NC-SA 4.0); rests on 'navíos' → 'אֳנִיֹּ֔ות'
21:1	13	la				expands	supplied-article-spa	safe	0.771	approved	0				article the original does not write, read as one by UDPipe's Spanish-AnCora model (Straka and Straková, ÚFAL, CC BY-NC-SA 4.0); rests on 'ciudad' → 'עִ֣יר'
21:4	27	los				expands	supplied-article-spa	safe	0.6282	approved	0				article the original does not write, read as one by UDPipe's Spanish-AnCora model (Straka and Straková, ÚFAL, CC BY-NC-SA 4.0); rests on 'príncipes' → 'שָּׂרֵ֥י'
21:6	4	el				expands	supplied-article-spa	safe	0.7508	approved	0				article the original does not write, read as one by UDPipe's Spanish-AnCora model (Straka and Straková, ÚFAL, CC BY-NC-SA 4.0); rests on 'camino' → 'דֶ֣רֶךְ'
21:6	7	los				expands	supplied-article-spa	safe	0.7838	approved	0				article the original does not write, read as one by UDPipe's Spanish-AnCora model (Straka and Straková, ÚFAL, CC BY-NC-SA 4.0); rests on 'reyes' → 'מַלְכֵ֣י'
21:6	13	la				expands	supplied-article-spa	safe	0.7913	approved	0				article the original does not write, read as one by UDPipe's Spanish-AnCora model (Straka and Straková, ÚFAL, CC BY-NC-SA 4.0); rests on 'casa' → 'בֵּ֣ית'
21:6	21	la				expands	supplied-article-spa	safe	0.795	approved	0				article the original does not write, read as one by UDPipe's Spanish-AnCora model (Straka and Straková, ÚFAL, CC BY-NC-SA 4.0); rests on 'hija' → 'בַּת'
21:7	6	la				expands	supplied-article-spa	safe	0.7913	approved	0				article the original does not write, read as one by UDPipe's Spanish-AnCora model (Straka and Straková, ÚFAL, CC BY-NC-SA 4.0); rests on 'casa' → 'בֵּ֣ית'
21:8	2	los				expands	supplied-article-spa	safe	0.7849	approved	0				article the original does not write, read as one by UDPipe's Spanish-AnCora model (Straka and Straková, ÚFAL, CC BY-NC-SA 4.0); rests on 'días' → 'יָמָיו֙'
21:10	10	la				expands	supplied-article-spa	safe	0.7635	approved	0				article the original does not write, read as one by UDPipe's Spanish-AnCora model (Straka and Straková, ÚFAL, CC BY-NC-SA 4.0); rests on 'mano' → 'יַד'
21:10	37	el				expands	supplied-article-spa	safe	0.7334	approved	0				article the original does not write, read as one by UDPipe's Spanish-AnCora model (Straka and Straková, ÚFAL, CC BY-NC-SA 4.0); rests on 'Dios' → 'אֱלֹהֵ֥י'
21:11	7	los				expands	supplied-article-spa	safe	0.7856	approved	0				article the original does not write, read as one by UDPipe's Spanish-AnCora model (Straka and Straková, ÚFAL, CC BY-NC-SA 4.0); rests on 'montes' → 'הָרֵ֣י'
21:11	14	los				expands	supplied-article-spa	safe	0.7724	approved	0				article the original does not write, read as one by UDPipe's Spanish-AnCora model (Straka and Straková, ÚFAL, CC BY-NC-SA 4.0); rests on 'moradores' → 'יֹשְׁבֵ֣י'
21:12	10	el				expands	supplied-article-spa	safe	0.7334	approved	0				article the original does not write, read as one by UDPipe's Spanish-AnCora model (Straka and Straková, ÚFAL, CC BY-NC-SA 4.0); rests on 'Dios' → 'אֱלֹהֵי֙'
21:12	25	los				expands	supplied-article-spa	safe	0.7454	approved	0				article the original does not write, read as one by UDPipe's Spanish-AnCora model (Straka and Straková, ÚFAL, CC BY-NC-SA 4.0); rests on 'caminos' → 'דַרְכֵי֙'
21:12	33	los				expands	supplied-article-spa	safe	0.7454	approved	0				article the original does not write, read as one by UDPipe's Spanish-AnCora model (Straka and Straková, ÚFAL, CC BY-NC-SA 4.0); rests on 'caminos' → 'דַרְכֵ֖י'
21:13	5	el				expands	supplied-article-spa	safe	0.7508	approved	0				article the original does not write, read as one by UDPipe's Spanish-AnCora model (Straka and Straková, ÚFAL, CC BY-NC-SA 4.0); rests on 'camino' → 'דֶ֨רֶךְ֙'
21:13	8	los				expands	supplied-article-spa	safe	0.7838	approved	0				article the original does not write, read as one by UDPipe's Spanish-AnCora model (Straka and Straková, ÚFAL, CC BY-NC-SA 4.0); rests on 'reyes' → 'מַלְכֵ֣י'
21:13	19	los				expands	supplied-article-spa	safe	0.7724	approved	0				article the original does not write, read as one by UDPipe's Spanish-AnCora model (Straka and Straková, ÚFAL, CC BY-NC-SA 4.0); rests on 'moradores' → 'יֹשְׁבֵ֣י'
21:13	25	la				expands	supplied-article-spa	safe	0.7913	approved	0				article the original does not write, read as one by UDPipe's Spanish-AnCora model (Straka and Straková, ÚFAL, CC BY-NC-SA 4.0); rests on 'casa' → 'בֵּ֣ית'
21:15	14	las				expands	supplied-article-spa	safe	0.6313	approved	0				article the original does not write, read as one by UDPipe's Spanish-AnCora model (Straka and Straková, ÚFAL, CC BY-NC-SA 4.0); rests on 'entrañas' → 'מֵעֶ֨יךָ֙'
21:17	17	la				expands	supplied-article-spa	safe	0.7913	approved	0				article the original does not write, read as one by UDPipe's Spanish-AnCora model (Straka and Straková, ÚFAL, CC BY-NC-SA 4.0); rests on 'casa' → 'בֵית'
21:17	36	el				expands	supplied-article-spa	safe	0.6667	approved	0				article the original does not write, read as one by UDPipe's Spanish-AnCora model (Straka and Straková, ÚFAL, CC BY-NC-SA 4.0); rests on 'menor' → 'קְטֹ֥ן'
21:18	9	las				expands	supplied-article-spa	safe	0.6313	approved	0				article the original does not write, read as one by UDPipe's Spanish-AnCora model (Straka and Straková, ÚFAL, CC BY-NC-SA 4.0); rests on 'entrañas' → 'מֵעָ֛יו'
21:18	12	una				expands	supplied-indefinite-article-spa	safe	0.6425	approved	0				indefinite article, read as one by UDPipe's Spanish-AnCora model (Straka and Straková, ÚFAL, CC BY-NC-SA 4.0); rests on 'enfermedad' → 'חֳלִ֖י'
21:19	5	un				expands	supplied-indefinite-article-spa	safe	0.7598	approved	0				indefinite article, read as one by UDPipe's Spanish-AnCora model (Straka and Straková, ÚFAL, CC BY-NC-SA 4.0); rests on 'día' → 'יָּמִ֡ים'
21:19	16	las				expands	supplied-article-spa	safe	0.6313	approved	0				article the original does not write, read as one by UDPipe's Spanish-AnCora model (Straka and Straková, ÚFAL, CC BY-NC-SA 4.0); rests on 'entrañas' → 'מֵעָיו֙'
21:19	22	la				expands	supplied-article-spa	safe	0.6425	approved	0				article the original does not write, read as one by UDPipe's Spanish-AnCora model (Straka and Straková, ÚFAL, CC BY-NC-SA 4.0); rests on 'enfermedad' → 'חָלְיֹ֔ו'
21:20	25	la				expands	supplied-article-spa	safe	0.771	approved	0				article the original does not write, read as one by UDPipe's Spanish-AnCora model (Straka and Straková, ÚFAL, CC BY-NC-SA 4.0); rests on 'ciudad' → 'עִ֣יר'
21:20	32	los				expands	supplied-article-spa	safe	0.7413	approved	0				article the original does not write, read as one by UDPipe's Spanish-AnCora model (Straka and Straková, ÚFAL, CC BY-NC-SA 4.0); rests on 'sepulcros' → 'קִבְרֹ֥ות'
22:1	2	LOS				expands	supplied-article-spa	safe	0.7728	approved	0				article the original does not write, read as one by UDPipe's Spanish-AnCora model (Straka and Straková, ÚFAL, CC BY-NC-SA 4.0); rests on 'moradores' → 'יֹושְׁבֵ֨י'
22:2	18	El				expands	supplied-article-spa	safe	0.7864	approved	0				article the original does not write, read as one by UDPipe's Spanish-AnCora model (Straka and Straková, ÚFAL, CC BY-NC-SA 4.0); rests on 'nombre' → 'שֵׁ֣ם'
22:3	5	los				expands	supplied-article-spa	safe	0.7457	approved	0				article the original does not write, read as one by UDPipe's Spanish-AnCora model (Straka and Straková, ÚFAL, CC BY-NC-SA 4.0); rests on 'caminos' → 'דַרְכֵ֖י'
22:3	8	la				expands	supplied-article-spa	safe	0.7913	approved	0				article the original does not write, read as one by UDPipe's Spanish-AnCora model (Straka and Straková, ÚFAL, CC BY-NC-SA 4.0); rests on 'casa' → 'בֵּ֣ית'
22:4	10	la				expands	supplied-article-spa	safe	0.7913	approved	0				article the original does not write, read as one by UDPipe's Spanish-AnCora model (Straka and Straková, ÚFAL, CC BY-NC-SA 4.0); rests on 'casa' → 'בֵ֣ית'
22:4	17	la				expands	supplied-article-spa	safe	0.6441	approved	0				article the original does not write, read as one by UDPipe's Spanish-AnCora model (Straka and Straková, ÚFAL, CC BY-NC-SA 4.0); rests on 'muerte' → 'מֹ֥ות'
22:7	33	la				expands	supplied-article-spa	safe	0.7913	approved	0				article the original does not write, read as one by UDPipe's Spanish-AnCora model (Straka and Straková, ÚFAL, CC BY-NC-SA 4.0); rests on 'casa' → 'בֵּ֥ית'
22:8	8	la				expands	supplied-article-spa	safe	0.7913	approved	0				article the original does not write, read as one by UDPipe's Spanish-AnCora model (Straka and Straková, ÚFAL, CC BY-NC-SA 4.0); rests on 'casa' → 'בֵּ֣ית'
22:8	14	los				expands	supplied-article-spa	safe	0.6288	approved	0				article the original does not write, read as one by UDPipe's Spanish-AnCora model (Straka and Straková, ÚFAL, CC BY-NC-SA 4.0); rests on 'príncipes' → 'שָׂרֵ֨י'
22:8	20	los				expands	supplied-article-spa	safe	0.7923	approved	0				article the original does not write, read as one by UDPipe's Spanish-AnCora model (Straka and Straková, ÚFAL, CC BY-NC-SA 4.0); rests on 'hijos' → 'בְנֵ֨י'
22:8	23	los				expands	supplied-article-spa	safe	0.7959	approved	0				article the original does not write, read as one by UDPipe's Spanish-AnCora model (Straka and Straková, ÚFAL, CC BY-NC-SA 4.0); rests on 'hermanos' → 'אֲחֵ֧י'
22:9	39	la				expands	supplied-article-spa	safe	0.7913	approved	0				article the original does not write, read as one by UDPipe's Spanish-AnCora model (Straka and Straková, ÚFAL, CC BY-NC-SA 4.0); rests on 'casa' → 'בֵ֣ית'
22:10	16	la				expands	supplied-article-spa	safe	0.7719	approved	0				article the original does not write, read as one by UDPipe's Spanish-AnCora model (Straka and Straková, ÚFAL, CC BY-NC-SA 4.0); rests on 'simiente' → 'זֶ֥רַע'
22:10	20	la				expands	supplied-article-spa	safe	0.7913	approved	0				article the original does not write, read as one by UDPipe's Spanish-AnCora model (Straka and Straková, ÚFAL, CC BY-NC-SA 4.0); rests on 'casa' → 'בֵ֥ית'
22:11	16	los				expands	supplied-article-spa	safe	0.7923	approved	0				article the original does not write, read as one by UDPipe's Spanish-AnCora model (Straka and Straková, ÚFAL, CC BY-NC-SA 4.0); rests on 'hijos' → 'בְּנֵֽי'
22:12	7	la				expands	supplied-article-spa	safe	0.7913	approved	0				article the original does not write, read as one by UDPipe's Spanish-AnCora model (Straka and Straková, ÚFAL, CC BY-NC-SA 4.0); rests on 'casa' → 'בֵ֣ית'
23:2	11	las				expands	supplied-article-spa	safe	0.7733	approved	0				article the original does not write, read as one by UDPipe's Spanish-AnCora model (Straka and Straková, ÚFAL, CC BY-NC-SA 4.0); rests on 'ciudades' → 'עָרֵ֣י'
23:3	11	la				expands	supplied-article-spa	safe	0.7912	approved	0				article the original does not write, read as one by UDPipe's Spanish-AnCora model (Straka and Straková, ÚFAL, CC BY-NC-SA 4.0); rests on 'casa' → 'בֵ֥ית'
23:3	21	el				expands	supplied-article-spa	safe	0.7928	approved	0				article the original does not write, read as one by UDPipe's Spanish-AnCora model (Straka and Straková, ÚFAL, CC BY-NC-SA 4.0); rests on 'hijo' → 'בֶן'
23:3	34	los				expands	supplied-article-spa	safe	0.7923	approved	0				article the original does not write, read as one by UDPipe's Spanish-AnCora model (Straka and Straková, ÚFAL, CC BY-NC-SA 4.0); rests on 'hijos' → 'בְּנֵ֥י'
23:5	6	la				expands	supplied-article-spa	safe	0.7912	approved	0				article the original does not write, read as one by UDPipe's Spanish-AnCora model (Straka and Straková, ÚFAL, CC BY-NC-SA 4.0); rests on 'casa' → 'בֵ֣ית'
23:5	15	la				expands	supplied-article-spa	safe	0.6365	approved	0				article the original does not write, read as one by UDPipe's Spanish-AnCora model (Straka and Straková, ÚFAL, CC BY-NC-SA 4.0); rests on 'puerta' → 'שַׁ֣עַר'
23:5	28	la				expands	supplied-article-spa	safe	0.7912	approved	0				article the original does not write, read as one by UDPipe's Spanish-AnCora model (Straka and Straková, ÚFAL, CC BY-NC-SA 4.0); rests on 'casa' → 'בֵּ֥ית'
23:6	5	la				expands	supplied-article-spa	safe	0.7912	approved	0				article the original does not write, read as one by UDPipe's Spanish-AnCora model (Straka and Straková, ÚFAL, CC BY-NC-SA 4.0); rests on 'casa' → 'בֵית'
23:7	17	la				expands	supplied-article-spa	safe	0.7633	approved	0				article the original does not write, read as one by UDPipe's Spanish-AnCora model (Straka and Straková, ÚFAL, CC BY-NC-SA 4.0); rests on 'mano' → 'יָדֹ֔ו'
23:9	23	la				expands	supplied-article-spa	safe	0.7912	approved	0				article the original does not write, read as one by UDPipe's Spanish-AnCora model (Straka and Straková, ÚFAL, CC BY-NC-SA 4.0); rests on 'casa' → 'בֵּ֥ית'
23:10	15	la				expands	supplied-article-spa	safe	0.7633	approved	0				article the original does not write, read as one by UDPipe's Spanish-AnCora model (Straka and Straková, ÚFAL, CC BY-NC-SA 4.0); rests on 'mano' → 'יָדֹ֗ו'
23:12	5	el				expands	supplied-article-spa	safe	0.6232	approved	0				article the original does not write, read as one by UDPipe's Spanish-AnCora model (Straka and Straková, ÚFAL, CC BY-NC-SA 4.0); rests on 'estruendo' → 'קֹ֤ול'
23:12	23	la				expands	supplied-article-spa	safe	0.7912	approved	0				article the original does not write, read as one by UDPipe's Spanish-AnCora model (Straka and Straková, ÚFAL, CC BY-NC-SA 4.0); rests on 'casa' → 'בֵּ֥ית'
23:13	27	el				expands	supplied-article-spa	safe	0.79	approved	0				article the original does not write, read as one by UDPipe's Spanish-AnCora model (Straka and Straková, ÚFAL, CC BY-NC-SA 4.0); rests on 'pueblo' → 'עַ֨ם'
23:14	35	la				expands	supplied-article-spa	safe	0.7912	approved	0				article the original does not write, read as one by UDPipe's Spanish-AnCora model (Straka and Straková, ÚFAL, CC BY-NC-SA 4.0); rests on 'casa' → 'בֵּ֥ית'
23:15	15	la				expands	supplied-article-spa	safe	0.6365	approved	0				article the original does not write, read as one by UDPipe's Spanish-AnCora model (Straka and Straková, ÚFAL, CC BY-NC-SA 4.0); rests on 'puerta' → 'שַֽׁעַר'
23:15	21	la				expands	supplied-article-spa	safe	0.7912	approved	0				article the original does not write, read as one by UDPipe's Spanish-AnCora model (Straka and Straková, ÚFAL, CC BY-NC-SA 4.0); rests on 'casa' → 'בֵּ֣ית'
23:18	7	la				expands	supplied-article-spa	safe	0.7912	approved	0				article the original does not write, read as one by UDPipe's Spanish-AnCora model (Straka and Straková, ÚFAL, CC BY-NC-SA 4.0); rests on 'casa' → 'בֵּ֣ית'
23:18	12	la				expands	supplied-article-spa	safe	0.7633	approved	0				article the original does not write, read as one by UDPipe's Spanish-AnCora model (Straka and Straková, ÚFAL, CC BY-NC-SA 4.0); rests on 'mano' → 'יַ֨ד'
23:18	25	la				expands	supplied-article-spa	safe	0.7912	approved	0				article the original does not write, read as one by UDPipe's Spanish-AnCora model (Straka and Straková, ÚFAL, CC BY-NC-SA 4.0); rests on 'casa' → 'בֵּ֣ית'
23:18	33	los				expands	supplied-article-spa	safe	0.8	approved	0				article the original does not write, read as one by UDPipe's Spanish-AnCora model (Straka and Straková, ÚFAL, CC BY-NC-SA 4.0); rests on 'holocaustos' → 'עֹלֹ֣ות'
23:18	39	la				expands	supplied-article-spa	safe	0.7408	approved	0				article the original does not write, read as one by UDPipe's Spanish-AnCora model (Straka and Straková, ÚFAL, CC BY-NC-SA 4.0); rests on 'ley' → 'תֹורַ֥ת'
23:19	8	la				expands	supplied-article-spa	safe	0.7912	approved	0				article the original does not write, read as one by UDPipe's Spanish-AnCora model (Straka and Straková, ÚFAL, CC BY-NC-SA 4.0); rests on 'casa' → 'בֵּ֣ית'
23:20	17	el				expands	supplied-article-spa	safe	0.79	approved	0				article the original does not write, read as one by UDPipe's Spanish-AnCora model (Straka and Straková, ÚFAL, CC BY-NC-SA 4.0); rests on 'pueblo' → 'עַ֣ם'
23:20	27	la				expands	supplied-article-spa	safe	0.7912	approved	0				article the original does not write, read as one by UDPipe's Spanish-AnCora model (Straka and Straková, ÚFAL, CC BY-NC-SA 4.0); rests on 'casa' → 'בֵּ֣ית'
23:20	34	el				expands	supplied-article-spa	safe	0.574	approved	0				article the original does not write, read as one by UDPipe's Spanish-AnCora model (Straka and Straková, ÚFAL, CC BY-NC-SA 4.0); rests on 'medio' → 'תֹֽוךְ'
23:20	41	la				expands	supplied-article-spa	safe	0.7912	approved	0				article the original does not write, read as one by UDPipe's Spanish-AnCora model (Straka and Straková, ÚFAL, CC BY-NC-SA 4.0); rests on 'casa' → 'בֵּ֣ית'
23:20	49	el				expands	supplied-article-spa	safe	0.7909	approved	0				article the original does not write, read as one by UDPipe's Spanish-AnCora model (Straka and Straková, ÚFAL, CC BY-NC-SA 4.0); rests on 'trono' → 'כִּסֵּ֥א'
23:21	3	el				expands	supplied-article-spa	safe	0.79	approved	0				article the original does not write, read as one by UDPipe's Spanish-AnCora model (Straka and Straková, ÚFAL, CC BY-NC-SA 4.0); rests on 'pueblo' → 'עַם'
24:1	16	El				expands	supplied-article-spa	safe	0.7864	approved	0				article the original does not write, read as one by UDPipe's Spanish-AnCora model (Straka and Straková, ÚFAL, CC BY-NC-SA 4.0); rests on 'nombre' → 'שֵׁ֣ם'
24:2	11	los				expands	supplied-article-spa	safe	0.7849	approved	0				article the original does not write, read as one by UDPipe's Spanish-AnCora model (Straka and Straková, ÚFAL, CC BY-NC-SA 4.0); rests on 'días' → 'יְמֵ֖י'
24:4	11	la				expands	supplied-article-spa	safe	0.7912	approved	0				article the original does not write, read as one by UDPipe's Spanish-AnCora model (Straka and Straková, ÚFAL, CC BY-NC-SA 4.0); rests on 'casa' → 'בֵּ֥ית'
24:5	12	las				expands	supplied-article-spa	safe	0.7733	approved	0				article the original does not write, read as one by UDPipe's Spanish-AnCora model (Straka and Straková, ÚFAL, CC BY-NC-SA 4.0); rests on 'ciudades' → 'עָרֵ֪י'
24:5	28	la				expands	supplied-article-spa	safe	0.7912	approved	0				article the original does not write, read as one by UDPipe's Spanish-AnCora model (Straka and Straková, ÚFAL, CC BY-NC-SA 4.0); rests on 'casa' → 'בֵּ֣ית'
24:7	10	la				expands	supplied-article-spa	safe	0.7912	approved	0				article the original does not write, read as one by UDPipe's Spanish-AnCora model (Straka and Straková, ÚFAL, CC BY-NC-SA 4.0); rests on 'casa' → 'בֵּ֣ית'
24:7	26	la				expands	supplied-article-spa	safe	0.7912	approved	0				article the original does not write, read as one by UDPipe's Spanish-AnCora model (Straka and Straková, ÚFAL, CC BY-NC-SA 4.0); rests on 'casa' → 'בֵית'
24:8	14	la				expands	supplied-article-spa	safe	0.6374	approved	0				article the original does not write, read as one by UDPipe's Spanish-AnCora model (Straka and Straková, ÚFAL, CC BY-NC-SA 4.0); rests on 'puerta' → 'שַׁ֥עַר'
24:8	17	la				expands	supplied-article-spa	safe	0.7912	approved	0				article the original does not write, read as one by UDPipe's Spanish-AnCora model (Straka and Straková, ÚFAL, CC BY-NC-SA 4.0); rests on 'casa' → 'בֵּית'
24:11	26	el				expands	supplied-article-spa	safe	0.7027	approved	0				article the original does not write, read as one by UDPipe's Spanish-AnCora model (Straka and Straková, ÚFAL, CC BY-NC-SA 4.0); rests on 'escriba' → 'סֹופֵ֤ר'
24:11	36	el				expands	supplied-article-spa	safe	0.7935	approved	0				article the original does not write, read as one by UDPipe's Spanish-AnCora model (Straka and Straková, ÚFAL, CC BY-NC-SA 4.0); rests on 'sacerdote' → 'כֹּהֵ֣ן'
24:12	17	la				expands	supplied-article-spa	safe	0.7912	approved	0				article the original does not write, read as one by UDPipe's Spanish-AnCora model (Straka and Straková, ÚFAL, CC BY-NC-SA 4.0); rests on 'casa' → 'בֵּית'
24:12	28	la				expands	supplied-article-spa	safe	0.7912	approved	0				article the original does not write, read as one by UDPipe's Spanish-AnCora model (Straka and Straková, ÚFAL, CC BY-NC-SA 4.0); rests on 'casa' → 'בֵּ֣ית'
24:12	38	la				expands	supplied-article-spa	safe	0.7912	approved	0				article the original does not write, read as one by UDPipe's Spanish-AnCora model (Straka and Straková, ÚFAL, CC BY-NC-SA 4.0); rests on 'casa' → 'בֵּ֥ית'
24:13	17	la				expands	supplied-article-spa	safe	0.7912	approved	0				article the original does not write, read as one by UDPipe's Spanish-AnCora model (Straka and Straková, ÚFAL, CC BY-NC-SA 4.0); rests on 'casa' → 'בֵּ֧ית'
24:14	22	la				expands	supplied-article-spa	safe	0.7912	approved	0				article the original does not write, read as one by UDPipe's Spanish-AnCora model (Straka and Straková, ÚFAL, CC BY-NC-SA 4.0); rests on 'casa' → 'בֵית'
24:14	43	la				expands	supplied-article-spa	safe	0.7912	approved	0				article the original does not write, read as one by UDPipe's Spanish-AnCora model (Straka and Straková, ÚFAL, CC BY-NC-SA 4.0); rests on 'casa' → 'בֵית'
24:14	48	los				expands	supplied-article-spa	safe	0.7849	approved	0				article the original does not write, read as one by UDPipe's Spanish-AnCora model (Straka and Straková, ÚFAL, CC BY-NC-SA 4.0); rests on 'días' → 'יְמֵ֥י'
24:16	4	la				expands	supplied-article-spa	safe	0.771	approved	0				article the original does not write, read as one by UDPipe's Spanish-AnCora model (Straka and Straková, ÚFAL, CC BY-NC-SA 4.0); rests on 'ciudad' → 'עִיר'
24:17	4	los				expands	supplied-article-spa	safe	0.6288	approved	0				article the original does not write, read as one by UDPipe's Spanish-AnCora model (Straka and Straková, ÚFAL, CC BY-NC-SA 4.0); rests on 'príncipes' → 'שָׂרֵ֣י'
24:18	3	la				expands	supplied-article-spa	safe	0.7912	approved	0				article the original does not write, read as one by UDPipe's Spanish-AnCora model (Straka and Straková, ÚFAL, CC BY-NC-SA 4.0); rests on 'casa' → 'בֵּ֤ית'
24:18	7	el				expands	supplied-article-spa	safe	0.7333	approved	0				article the original does not write, read as one by UDPipe's Spanish-AnCora model (Straka and Straková, ÚFAL, CC BY-NC-SA 4.0); rests on 'Dios' → 'אֱלֹהֵ֣י'
24:20	2	el				expands	supplied-article-spa	safe	0.7757	approved	0				article the original does not write, read as one by UDPipe's Spanish-AnCora model (Straka and Straková, ÚFAL, CC BY-NC-SA 4.0); rests on 'espíritu' → 'ר֣וּחַ'
24:20	29	los				expands	supplied-article-spa	safe	0.7169	approved	0				article the original does not write, read as one by UDPipe's Spanish-AnCora model (Straka and Straková, ÚFAL, CC BY-NC-SA 4.0); rests on 'mandamientos' → 'מִצְוֹ֤ת'
24:21	16	el				expands	supplied-article-spa	safe	0.7804	approved	0				article the original does not write, read as one by UDPipe's Spanish-AnCora model (Straka and Straková, ÚFAL, CC BY-NC-SA 4.0); rests on 'patio' → 'חֲצַ֖ר'
24:21	19	la				expands	supplied-article-spa	safe	0.7912	approved	0				article the original does not write, read as one by UDPipe's Spanish-AnCora model (Straka and Straková, ÚFAL, CC BY-NC-SA 4.0); rests on 'casa' → 'בֵּ֥ית'
24:24	28	el				expands	supplied-article-spa	safe	0.7333	approved	0				article the original does not write, read as one by UDPipe's Spanish-AnCora model (Straka and Straková, ÚFAL, CC BY-NC-SA 4.0); rests on 'Dios' → 'אֱלֹהֵ֣י'
24:25	20	las				expands	supplied-article-spa	safe	0.8	approved	0				article the original does not write, read as one by UDPipe's Spanish-AnCora model (Straka and Straková, ÚFAL, CC BY-NC-SA 4.0); rests on 'sangres' → 'דְמֵי֙'
24:25	23	los				expands	supplied-article-spa	safe	0.7923	approved	0				article the original does not write, read as one by UDPipe's Spanish-AnCora model (Straka and Straková, ÚFAL, CC BY-NC-SA 4.0); rests on 'hijos' → 'בְּנֵי֙'
24:25	39	la				expands	supplied-article-spa	safe	0.771	approved	0				article the original does not write, read as one by UDPipe's Spanish-AnCora model (Straka and Straková, ÚFAL, CC BY-NC-SA 4.0); rests on 'ciudad' → 'עִ֣יר'
24:25	48	los				expands	supplied-article-spa	safe	0.7413	approved	0				article the original does not write, read as one by UDPipe's Spanish-AnCora model (Straka and Straková, ÚFAL, CC BY-NC-SA 4.0); rests on 'sepulcros' → 'קִבְרֹ֥ות'
24:27	18	la				expands	supplied-article-spa	safe	0.7912	approved	0				article the original does not write, read as one by UDPipe's Spanish-AnCora model (Straka and Straková, ÚFAL, CC BY-NC-SA 4.0); rests on 'casa' → 'בֵּ֣ית'
25:1	16	el				expands	supplied-article-spa	safe	0.7864	approved	0				article the original does not write, read as one by UDPipe's Spanish-AnCora model (Straka and Straková, ÚFAL, CC BY-NC-SA 4.0); rests on 'nombre' → 'שֵׁ֣ם'
25:2	6	los				expands	supplied-article-spa	safe	0.7877	approved	0				article the original does not write, read as one by UDPipe's Spanish-AnCora model (Straka and Straková, ÚFAL, CC BY-NC-SA 4.0); rests on 'ojos' → 'עֵינֵ֣י'
25:4	5	los				expands	supplied-article-spa	safe	0.7923	approved	0				article the original does not write, read as one by UDPipe's Spanish-AnCora model (Straka and Straková, ÚFAL, CC BY-NC-SA 4.0); rests on 'hijos' → 'בְּנֵיהֶ֖ם'
25:4	18	el				expands	supplied-article-spa	safe	0.7667	approved	0				article the original does not write, read as one by UDPipe's Spanish-AnCora model (Straka and Straková, ÚFAL, CC BY-NC-SA 4.0); rests on 'libro' → 'סֵ֣פֶר'
25:4	28	los				expands	supplied-article-spa	safe	0.7399	approved	0				article the original does not write, read as one by UDPipe's Spanish-AnCora model (Straka and Straková, ÚFAL, CC BY-NC-SA 4.0); rests on 'padres' → 'אָבֹ֤ות'
25:4	31	los				expands	supplied-article-spa	safe	0.7923	approved	0				article the original does not write, read as one by UDPipe's Spanish-AnCora model (Straka and Straková, ÚFAL, CC BY-NC-SA 4.0); rests on 'hijos' → 'בָּנִים֙'
25:4	34	los				expands	supplied-article-spa	safe	0.7923	approved	0				article the original does not write, read as one by UDPipe's Spanish-AnCora model (Straka and Straková, ÚFAL, CC BY-NC-SA 4.0); rests on 'hijos' → 'בָנִים֙'
25:4	37	los				expands	supplied-article-spa	safe	0.7399	approved	0				article the original does not write, read as one by UDPipe's Spanish-AnCora model (Straka and Straková, ÚFAL, CC BY-NC-SA 4.0); rests on 'padres' → 'אָבֹ֔ות'
25:7	2	un				expands	supplied-indefinite-article-spa	safe	0.7225	approved	0				indefinite article, read as one by UDPipe's Spanish-AnCora model (Straka and Straková, ÚFAL, CC BY-NC-SA 4.0); rests on 'varón' → 'אִ֣ישׁ'
25:7	27	los				expands	supplied-article-spa	safe	0.7923	approved	0				article the original does not write, read as one by UDPipe's Spanish-AnCora model (Straka and Straková, ÚFAL, CC BY-NC-SA 4.0); rests on 'hijos' → 'בְּנֵ֥י'
25:8	19	los				expands	supplied-article-spa	safe	0.6636	approved	0				article the original does not write, read as one by UDPipe's Spanish-AnCora model (Straka and Straková, ÚFAL, CC BY-NC-SA 4.0); rests on 'enemigos' → 'אֹויֵ֔ב'
25:9	23	el				expands	supplied-article-spa	safe	0.7225	approved	0				article the original does not write, read as one by UDPipe's Spanish-AnCora model (Straka and Straková, ÚFAL, CC BY-NC-SA 4.0); rests on 'varón' → 'אִ֣ישׁ'
25:11	17	los				expands	supplied-article-spa	safe	0.7923	approved	0				article the original does not write, read as one by UDPipe's Spanish-AnCora model (Straka and Straková, ÚFAL, CC BY-NC-SA 4.0); rests on 'hijos' → 'בְּנֵי'
25:12	2	los				expands	supplied-article-spa	safe	0.7923	approved	0				article the original does not write, read as one by UDPipe's Spanish-AnCora model (Straka and Straková, ÚFAL, CC BY-NC-SA 4.0); rests on 'hijos' → 'בְּנֵ֣י'
25:12	15	la				expands	supplied-article-spa	safe	0.7859	approved	0				article the original does not write, read as one by UDPipe's Spanish-AnCora model (Straka and Straková, ÚFAL, CC BY-NC-SA 4.0); rests on 'cumbre' → 'רֹ֣אשׁ'
25:13	19	las				expands	supplied-article-spa	safe	0.7733	approved	0				article the original does not write, read as one by UDPipe's Spanish-AnCora model (Straka and Straková, ÚFAL, CC BY-NC-SA 4.0); rests on 'ciudades' → 'עָרֵ֣י'
25:14	13	los				expands	supplied-article-spa	safe	0.7851	approved	0				article the original does not write, read as one by UDPipe's Spanish-AnCora model (Straka and Straková, ÚFAL, CC BY-NC-SA 4.0); rests on 'dioses' → 'אֱלֹהֵי֙'
25:14	16	los				expands	supplied-article-spa	safe	0.7923	approved	0				article the original does not write, read as one by UDPipe's Spanish-AnCora model (Straka and Straková, ÚFAL, CC BY-NC-SA 4.0); rests on 'hijos' → 'בְּנֵ֣י'
25:15	14	un				expands	supplied-indefinite-article-spa	safe	0.7943	approved	0				indefinite article, read as one by UDPipe's Spanish-AnCora model (Straka and Straková, ÚFAL, CC BY-NC-SA 4.0); rests on 'profeta' → 'נָבִ֔יא'
25:15	23	los				expands	supplied-article-spa	safe	0.7851	approved	0				article the original does not write, read as one by UDPipe's Spanish-AnCora model (Straka and Straková, ÚFAL, CC BY-NC-SA 4.0); rests on 'dioses' → 'אֱלֹהֵ֣י'
25:20	23	los				expands	supplied-article-spa	safe	0.7851	approved	0				article the original does not write, read as one by UDPipe's Spanish-AnCora model (Straka and Straková, ÚFAL, CC BY-NC-SA 4.0); rests on 'dioses' → 'אֱלֹהֵ֥י'
25:23	26	el				expands	supplied-article-spa	safe	0.7265	approved	0				article the original does not write, read as one by UDPipe's Spanish-AnCora model (Straka and Straková, ÚFAL, CC BY-NC-SA 4.0); rests on 'muro' → 'חֹומַ֣ת'
25:23	31	la				expands	supplied-article-spa	safe	0.6369	approved	0				article the original does not write, read as one by UDPipe's Spanish-AnCora model (Straka and Straková, ÚFAL, CC BY-NC-SA 4.0); rests on 'puerta' → 'שַּׁ֤עַר'
25:23	36	la				expands	supplied-article-spa	safe	0.6369	approved	0				article the original does not write, read as one by UDPipe's Spanish-AnCora model (Straka and Straková, ÚFAL, CC BY-NC-SA 4.0); rests on 'puerta' → 'שַׁ֣עַר'
25:24	16	la				expands	supplied-article-spa	safe	0.7913	approved	0				article the original does not write, read as one by UDPipe's Spanish-AnCora model (Straka and Straková, ÚFAL, CC BY-NC-SA 4.0); rests on 'casa' → 'בֵית'
25:24	25	los				expands	supplied-article-spa	safe	0.7427	approved	0				article the original does not write, read as one by UDPipe's Spanish-AnCora model (Straka and Straková, ÚFAL, CC BY-NC-SA 4.0); rests on 'tesoros' → 'אֹצְרֹות֙'
25:24	28	la				expands	supplied-article-spa	safe	0.7913	approved	0				article the original does not write, read as one by UDPipe's Spanish-AnCora model (Straka and Straková, ÚFAL, CC BY-NC-SA 4.0); rests on 'casa' → 'בֵּ֣ית'
25:24	33	los				expands	supplied-article-spa	safe	0.7923	approved	0				article the original does not write, read as one by UDPipe's Spanish-AnCora model (Straka and Straková, ÚFAL, CC BY-NC-SA 4.0); rests on 'hijos' → 'בְּנֵ֣י'
25:26	4	los				expands	supplied-article-spa	safe	0.6676	approved	0				article the original does not write, read as one by UDPipe's Spanish-AnCora model (Straka and Straková, ÚFAL, CC BY-NC-SA 4.0); rests on 'hechos' → 'דִּבְרֵ֣י'
25:26	15	el				expands	supplied-article-spa	safe	0.7667	approved	0				article the original does not write, read as one by UDPipe's Spanish-AnCora model (Straka and Straková, ÚFAL, CC BY-NC-SA 4.0); rests on 'libro' → 'סֵ֥פֶר'
25:26	18	los				expands	supplied-article-spa	safe	0.7839	approved	0				article the original does not write, read as one by UDPipe's Spanish-AnCora model (Straka and Straková, ÚFAL, CC BY-NC-SA 4.0); rests on 'reyes' → 'מַלְכֵי'
25:28	11	la				expands	supplied-article-spa	safe	0.7711	approved	0				article the original does not write, read as one by UDPipe's Spanish-AnCora model (Straka and Straková, ÚFAL, CC BY-NC-SA 4.0); rests on 'ciudad' → 'עִ֥יר'
26:1	3	el				expands	supplied-article-spa	safe	0.79	approved	0				article the original does not write, read as one by UDPipe's Spanish-AnCora model (Straka and Straková, ÚFAL, CC BY-NC-SA 4.0); rests on 'pueblo' → 'עַ֤ם'
26:3	20	El				expands	supplied-article-spa	safe	0.787	approved	0				article the original does not write, read as one by UDPipe's Spanish-AnCora model (Straka and Straková, ÚFAL, CC BY-NC-SA 4.0); rests on 'nombre' → 'שֵׁ֣ם'
26:4	6	los				expands	supplied-article-spa	safe	0.7877	approved	0				article the original does not write, read as one by UDPipe's Spanish-AnCora model (Straka and Straková, ÚFAL, CC BY-NC-SA 4.0); rests on 'ojos' → 'עֵינֵ֣י'
26:5	8	los				expands	supplied-article-spa	safe	0.7849	approved	0				article the original does not write, read as one by UDPipe's Spanish-AnCora model (Straka and Straková, ÚFAL, CC BY-NC-SA 4.0); rests on 'días' → 'ימֵ֣י'
26:6	10	el				expands	supplied-article-spa	safe	0.725	approved	0				article the original does not write, read as one by UDPipe's Spanish-AnCora model (Straka and Straková, ÚFAL, CC BY-NC-SA 4.0); rests on 'muro' → 'חֹ֣ומַת'
26:6	15	el				expands	supplied-article-spa	safe	0.725	approved	0				article the original does not write, read as one by UDPipe's Spanish-AnCora model (Straka and Straková, ÚFAL, CC BY-NC-SA 4.0); rests on 'muro' → 'חֹומַ֣ת'
26:6	20	el				expands	supplied-article-spa	safe	0.725	approved	0				article the original does not write, read as one by UDPipe's Spanish-AnCora model (Straka and Straková, ÚFAL, CC BY-NC-SA 4.0); rests on 'muro' → 'חֹומַ֣ת'
26:7	6	los				expands	supplied-article-spa	safe	0.7981	approved	0				article the original does not write, read as one by UDPipe's Spanish-AnCora model (Straka and Straková, ÚFAL, CC BY-NC-SA 4.0); rests on 'Filisteos' → 'פְּלִשְׁתִּ֧ים'
26:9	9	la				expands	supplied-article-spa	safe	0.6369	approved	0				article the original does not write, read as one by UDPipe's Spanish-AnCora model (Straka and Straková, ÚFAL, CC BY-NC-SA 4.0); rests on 'puerta' → 'שַׁ֧עַר'
26:9	16	la				expands	supplied-article-spa	safe	0.6369	approved	0				article the original does not write, read as one by UDPipe's Spanish-AnCora model (Straka and Straková, ÚFAL, CC BY-NC-SA 4.0); rests on 'puerta' → 'שַׁ֥עַר'
26:11	11	la				expands	supplied-article-spa	safe	0.6092	approved	0				article the original does not write, read as one by UDPipe's Spanish-AnCora model (Straka and Straková, ÚFAL, CC BY-NC-SA 4.0); rests on 'guerra' → 'מִלְחָמָ֜ה'
26:11	37	los				expands	supplied-article-spa	safe	0.6294	approved	0				article the original does not write, read as one by UDPipe's Spanish-AnCora model (Straka and Straková, ÚFAL, CC BY-NC-SA 4.0); rests on 'príncipes' → 'שָּׂרֵ֖י'
26:12	2	el				expands	supplied-article-spa	safe	0.7696	approved	0				article the original does not write, read as one by UDPipe's Spanish-AnCora model (Straka and Straková, ÚFAL, CC BY-NC-SA 4.0); rests on 'número' → 'מִסְפַּ֞ר'
26:13	3	la				expands	supplied-article-spa	safe	0.7633	approved	0				article the original does not write, read as one by UDPipe's Spanish-AnCora model (Straka and Straková, ÚFAL, CC BY-NC-SA 4.0); rests on 'mano' → 'יָדָם֩'
26:16	28	el				expands	supplied-article-spa	safe	0.7948	approved	0				article the original does not write, read as one by UDPipe's Spanish-AnCora model (Straka and Straková, ÚFAL, CC BY-NC-SA 4.0); rests on 'altar' → 'מִזְבַּ֥ח'
26:18	14	el				expands	supplied-article-spa	safe	0.5923	approved	0				article the original does not write, read as one by UDPipe's Spanish-AnCora model (Straka and Straková, ÚFAL, CC BY-NC-SA 4.0); rests on 'quemar' → 'הַקְטִיר֙'
26:18	21	los				expands	supplied-article-spa	safe	0.7923	approved	0				article the original does not write, read as one by UDPipe's Spanish-AnCora model (Straka and Straková, ÚFAL, CC BY-NC-SA 4.0); rests on 'hijos' → 'בְּנֵי'
26:19	9	la				expands	supplied-article-spa	safe	0.7633	approved	0				article the original does not write, read as one by UDPipe's Spanish-AnCora model (Straka and Straková, ÚFAL, CC BY-NC-SA 4.0); rests on 'mano' → 'יָדֹ֥ו'
26:19	26	la				expands	supplied-article-spa	safe	0.575	approved	0				article the original does not write, read as one by UDPipe's Spanish-AnCora model (Straka and Straková, ÚFAL, CC BY-NC-SA 4.0); rests on 'frente' → 'מִצְחֹ֜ו'
26:19	33	la				expands	supplied-article-spa	safe	0.7913	approved	0				article the original does not write, read as one by UDPipe's Spanish-AnCora model (Straka and Straková, ÚFAL, CC BY-NC-SA 4.0); rests on 'casa' → 'בֵ֣ית'
26:20	4	el				expands	supplied-article-spa	safe	0.7936	approved	0				article the original does not write, read as one by UDPipe's Spanish-AnCora model (Straka and Straková, ÚFAL, CC BY-NC-SA 4.0); rests on 'sacerdote' → 'כֹהֵ֨ן'
26:21	8	el				expands	supplied-article-spa	safe	0.7597	approved	0				article the original does not write, read as one by UDPipe's Spanish-AnCora model (Straka and Straková, ÚFAL, CC BY-NC-SA 4.0); rests on 'día' → 'יֹ֣ום'
26:21	16	una				expands	supplied-indefinite-article-spa	safe	0.7913	approved	0				indefinite article, read as one by UDPipe's Spanish-AnCora model (Straka and Straková, ÚFAL, CC BY-NC-SA 4.0); rests on 'casa' → 'בֵּ֤ית'
26:21	27	la				expands	supplied-article-spa	safe	0.7913	approved	0				article the original does not write, read as one by UDPipe's Spanish-AnCora model (Straka and Straková, ÚFAL, CC BY-NC-SA 4.0); rests on 'casa' → 'בֵּ֣ית'
26:21	38	la				expands	supplied-article-spa	safe	0.7913	approved	0				article the original does not write, read as one by UDPipe's Spanish-AnCora model (Straka and Straková, ÚFAL, CC BY-NC-SA 4.0); rests on 'casa' → 'בֵּ֣ית'
26:22	4	los				expands	supplied-article-spa	safe	0.6676	approved	0				article the original does not write, read as one by UDPipe's Spanish-AnCora model (Straka and Straková, ÚFAL, CC BY-NC-SA 4.0); rests on 'hechos' → 'דִּבְרֵ֣י'
26:23	13	el				expands	supplied-article-spa	safe	0.7075	approved	0				article the original does not write, read as one by UDPipe's Spanish-AnCora model (Straka and Straková, ÚFAL, CC BY-NC-SA 4.0); rests on 'campo' → 'שְׂדֵ֤ה'
27:1	16	El				expands	supplied-article-spa	safe	0.7864	approved	0				article the original does not write, read as one by UDPipe's Spanish-AnCora model (Straka and Straková, ÚFAL, CC BY-NC-SA 4.0); rests on 'nombre' → 'שֵׁ֣ם'
27:3	3	la				expands	supplied-article-spa	safe	0.6374	approved	0				article the original does not write, read as one by UDPipe's Spanish-AnCora model (Straka and Straková, ÚFAL, CC BY-NC-SA 4.0); rests on 'puerta' → 'שַׁ֥עַר'
27:3	7	la				expands	supplied-article-spa	safe	0.7913	approved	0				article the original does not write, read as one by UDPipe's Spanish-AnCora model (Straka and Straková, ÚFAL, CC BY-NC-SA 4.0); rests on 'casa' → 'בֵּית'
27:3	13	el				expands	supplied-article-spa	safe	0.7265	approved	0				article the original does not write, read as one by UDPipe's Spanish-AnCora model (Straka and Straková, ÚFAL, CC BY-NC-SA 4.0); rests on 'muro' → 'חֹומַ֥ת'
27:4	5	las				expands	supplied-article-spa	safe	0.8	approved	0				article the original does not write, read as one by UDPipe's Spanish-AnCora model (Straka and Straková, ÚFAL, CC BY-NC-SA 4.0); rests on 'montañas' → 'הַר'
27:5	6	el				expands	supplied-article-spa	safe	0.7778	approved	0				article the original does not write, read as one by UDPipe's Spanish-AnCora model (Straka and Straková, ÚFAL, CC BY-NC-SA 4.0); rests on 'rey' → 'מֶ֣לֶךְ'
27:5	9	los				expands	supplied-article-spa	safe	0.7923	approved	0				article the original does not write, read as one by UDPipe's Spanish-AnCora model (Straka and Straková, ÚFAL, CC BY-NC-SA 4.0); rests on 'hijos' → 'בְּנֵי'
27:5	19	los				expands	supplied-article-spa	safe	0.7923	approved	0				article the original does not write, read as one by UDPipe's Spanish-AnCora model (Straka and Straková, ÚFAL, CC BY-NC-SA 4.0); rests on 'hijos' → 'בְנֵֽי'
27:5	44	los				expands	supplied-article-spa	safe	0.7923	approved	0				article the original does not write, read as one by UDPipe's Spanish-AnCora model (Straka and Straková, ÚFAL, CC BY-NC-SA 4.0); rests on 'hijos' → 'בְּנֵ֣י'
27:7	4	los				expands	supplied-article-spa	safe	0.6676	approved	0				article the original does not write, read as one by UDPipe's Spanish-AnCora model (Straka and Straková, ÚFAL, CC BY-NC-SA 4.0); rests on 'hechos' → 'דִּבְרֵ֣י'
27:7	20	el				expands	supplied-article-spa	safe	0.7669	approved	0				article the original does not write, read as one by UDPipe's Spanish-AnCora model (Straka and Straková, ÚFAL, CC BY-NC-SA 4.0); rests on 'libro' → 'סֵ֥פֶר'
27:7	23	los				expands	supplied-article-spa	safe	0.7839	approved	0				article the original does not write, read as one by UDPipe's Spanish-AnCora model (Straka and Straková, ÚFAL, CC BY-NC-SA 4.0); rests on 'reyes' → 'מַלְכֵֽי'
27:9	10	la				expands	supplied-article-spa	safe	0.7711	approved	0				article the original does not write, read as one by UDPipe's Spanish-AnCora model (Straka and Straková, ÚFAL, CC BY-NC-SA 4.0); rests on 'ciudad' → 'עִ֣יר'
28:2	4	los				expands	supplied-article-spa	safe	0.7454	approved	0				article the original does not write, read as one by UDPipe's Spanish-AnCora model (Straka and Straková, ÚFAL, CC BY-NC-SA 4.0); rests on 'caminos' → 'דַרְכֵ֖י'
28:2	7	los				expands	supplied-article-spa	safe	0.7837	approved	0				article the original does not write, read as one by UDPipe's Spanish-AnCora model (Straka and Straková, ÚFAL, CC BY-NC-SA 4.0); rests on 'reyes' → 'מַלְכֵ֣י'
28:6	25	el				expands	supplied-article-spa	safe	0.7333	approved	0				article the original does not write, read as one by UDPipe's Spanish-AnCora model (Straka and Straková, ÚFAL, CC BY-NC-SA 4.0); rests on 'Dios' → 'אֱלֹהֵ֥י'
28:8	4	los				expands	supplied-article-spa	safe	0.7923	approved	0				article the original does not write, read as one by UDPipe's Spanish-AnCora model (Straka and Straková, ÚFAL, CC BY-NC-SA 4.0); rests on 'hijos' → 'בְנֵֽי'
28:9	4	un				expands	supplied-indefinite-article-spa	safe	0.7943	approved	0				indefinite article, read as one by UDPipe's Spanish-AnCora model (Straka and Straková, ÚFAL, CC BY-NC-SA 4.0); rests on 'profeta' → 'נָבִ֥יא'
28:9	27	el				expands	supplied-article-spa	safe	0.7333	approved	0				article the original does not write, read as one by UDPipe's Spanish-AnCora model (Straka and Straková, ÚFAL, CC BY-NC-SA 4.0); rests on 'Dios' → 'אֱלֹהֵֽי'
28:12	9	los				expands	supplied-article-spa	safe	0.7923	approved	0				article the original does not write, read as one by UDPipe's Spanish-AnCora model (Straka and Straková, ÚFAL, CC BY-NC-SA 4.0); rests on 'hijos' → 'בְנֵֽי'
28:16	11	los				expands	supplied-article-spa	safe	0.7837	approved	0				article the original does not write, read as one by UDPipe's Spanish-AnCora model (Straka and Straková, ÚFAL, CC BY-NC-SA 4.0); rests on 'reyes' → 'מַלְכֵ֥י'
28:18	2	los				expands	supplied-article-spa	safe	0.7981	approved	0				article the original does not write, read as one by UDPipe's Spanish-AnCora model (Straka and Straková, ÚFAL, CC BY-NC-SA 4.0); rests on 'Filisteos' → 'פְלִשְׁתִּ֣ים'
28:18	8	las				expands	supplied-article-spa	safe	0.7744	approved	0				article the original does not write, read as one by UDPipe's Spanish-AnCora model (Straka and Straková, ÚFAL, CC BY-NC-SA 4.0); rests on 'ciudades' → 'עָרֵ֨י'
28:20	8	los				expands	supplied-article-spa	safe	0.775	approved	0				article the original does not write, read as one by UDPipe's Spanish-AnCora model (Straka and Straková, ÚFAL, CC BY-NC-SA 4.0); rests on 'Asirios' → 'אַשּׁ֑וּר'
28:21	4	la				expands	supplied-article-spa	safe	0.7913	approved	0				article the original does not write, read as one by UDPipe's Spanish-AnCora model (Straka and Straková, ÚFAL, CC BY-NC-SA 4.0); rests on 'casa' → 'בֵּ֣ית'
28:21	9	la				expands	supplied-article-spa	safe	0.7913	approved	0				article the original does not write, read as one by UDPipe's Spanish-AnCora model (Straka and Straková, ÚFAL, CC BY-NC-SA 4.0); rests on 'casa' → 'בֵּ֥ית'
28:21	22	los				expands	supplied-article-spa	safe	0.775	approved	0				article the original does not write, read as one by UDPipe's Spanish-AnCora model (Straka and Straková, ÚFAL, CC BY-NC-SA 4.0); rests on 'Asirios' → 'אַשּׁ֔וּר'
28:23	4	los				expands	supplied-article-spa	safe	0.7852	approved	0				article the original does not write, read as one by UDPipe's Spanish-AnCora model (Straka and Straková, ÚFAL, CC BY-NC-SA 4.0); rests on 'dioses' → 'אלֹהֵ֣י'
28:23	16	los				expands	supplied-article-spa	safe	0.7852	approved	0				article the original does not write, read as one by UDPipe's Spanish-AnCora model (Straka and Straková, ÚFAL, CC BY-NC-SA 4.0); rests on 'dioses' → 'אֱלֹהֵ֤י'
28:23	19	los				expands	supplied-article-spa	safe	0.7837	approved	0				article the original does not write, read as one by UDPipe's Spanish-AnCora model (Straka and Straková, ÚFAL, CC BY-NC-SA 4.0); rests on 'reyes' → 'מַלְכֵֽי'
28:24	7	los				expands	supplied-article-spa	safe	0.8	approved	0				article the original does not write, read as one by UDPipe's Spanish-AnCora model (Straka and Straková, ÚFAL, CC BY-NC-SA 4.0); rests on 'vasos' → 'כְּלֵ֣י'
28:24	10	la				expands	supplied-article-spa	safe	0.7913	approved	0				article the original does not write, read as one by UDPipe's Spanish-AnCora model (Straka and Straková, ÚFAL, CC BY-NC-SA 4.0); rests on 'casa' → 'בֵית'
28:24	21	la				expands	supplied-article-spa	safe	0.7913	approved	0				article the original does not write, read as one by UDPipe's Spanish-AnCora model (Straka and Straková, ÚFAL, CC BY-NC-SA 4.0); rests on 'casa' → 'בֵּית'
28:25	6	las				expands	supplied-article-spa	safe	0.7744	approved	0				article the original does not write, read as one by UDPipe's Spanish-AnCora model (Straka and Straková, ÚFAL, CC BY-NC-SA 4.0); rests on 'ciudades' → 'עִ֤יר'
28:25	14	los				expands	supplied-article-spa	safe	0.7852	approved	0				article the original does not write, read as one by UDPipe's Spanish-AnCora model (Straka and Straková, ÚFAL, CC BY-NC-SA 4.0); rests on 'dioses' → 'אלֹהִ֣ים'
28:25	23	el				expands	supplied-article-spa	safe	0.7333	approved	0				article the original does not write, read as one by UDPipe's Spanish-AnCora model (Straka and Straková, ÚFAL, CC BY-NC-SA 4.0); rests on 'Dios' → 'אֱלֹהֵ֥י'
28:26	19	el				expands	supplied-article-spa	safe	0.7669	approved	0				article the original does not write, read as one by UDPipe's Spanish-AnCora model (Straka and Straková, ÚFAL, CC BY-NC-SA 4.0); rests on 'libro' → 'סֵ֥פֶר'
28:26	22	los				expands	supplied-article-spa	safe	0.7837	approved	0				article the original does not write, read as one by UDPipe's Spanish-AnCora model (Straka and Straková, ÚFAL, CC BY-NC-SA 4.0); rests on 'reyes' → 'מַלְכֵֽי'
28:27	19	los				expands	supplied-article-spa	safe	0.7413	approved	0				article the original does not write, read as one by UDPipe's Spanish-AnCora model (Straka and Straková, ÚFAL, CC BY-NC-SA 4.0); rests on 'sepulcros' → 'קִבְרֵ֖י'
28:27	22	los				expands	supplied-article-spa	safe	0.7837	approved	0				article the original does not write, read as one by UDPipe's Spanish-AnCora model (Straka and Straková, ÚFAL, CC BY-NC-SA 4.0); rests on 'reyes' → 'מַלְכֵ֣י'
29:1	16	El				expands	supplied-article-spa	safe	0.7864	approved	0				article the original does not write, read as one by UDPipe's Spanish-AnCora model (Straka and Straková, ÚFAL, CC BY-NC-SA 4.0); rests on 'nombre' → 'שֵׁ֣ם'
29:3	16	la				expands	supplied-article-spa	safe	0.7912	approved	0				article the original does not write, read as one by UDPipe's Spanish-AnCora model (Straka and Straková, ÚFAL, CC BY-NC-SA 4.0); rests on 'casa' → 'בֵּית'
29:4	11	la				expands	supplied-article-spa	safe	0.775	approved	0				article the original does not write, read as one by UDPipe's Spanish-AnCora model (Straka and Straková, ÚFAL, CC BY-NC-SA 4.0); rests on 'plaza' → 'רְחֹ֥וב'
29:5	10	la				expands	supplied-article-spa	safe	0.7912	approved	0				article the original does not write, read as one by UDPipe's Spanish-AnCora model (Straka and Straková, ÚFAL, CC BY-NC-SA 4.0); rests on 'casa' → 'בֵּ֤ית'
29:5	14	el				expands	supplied-article-spa	safe	0.7334	approved	0				article the original does not write, read as one by UDPipe's Spanish-AnCora model (Straka and Straková, ÚFAL, CC BY-NC-SA 4.0); rests on 'Dios' → 'אֱלֹהֵ֣י'
29:10	10	el				expands	supplied-article-spa	safe	0.7334	approved	0				article the original does not write, read as one by UDPipe's Spanish-AnCora model (Straka and Straková, ÚFAL, CC BY-NC-SA 4.0); rests on 'Dios' → 'אֱלֹהֵ֣י'
29:12	22	los				expands	supplied-article-spa	safe	0.7923	approved	0				article the original does not write, read as one by UDPipe's Spanish-AnCora model (Straka and Straková, ÚFAL, CC BY-NC-SA 4.0); rests on 'hijos' → 'בְּנֵ֣י'
29:13	3	los				expands	supplied-article-spa	safe	0.7923	approved	0				article the original does not write, read as one by UDPipe's Spanish-AnCora model (Straka and Straková, ÚFAL, CC BY-NC-SA 4.0); rests on 'hijos' → 'בְּנֵי֙'
29:13	12	los				expands	supplied-article-spa	safe	0.7923	approved	0				article the original does not write, read as one by UDPipe's Spanish-AnCora model (Straka and Straková, ÚFAL, CC BY-NC-SA 4.0); rests on 'hijos' → 'בְּנֵ֣י'
29:14	3	los				expands	supplied-article-spa	safe	0.7923	approved	0				article the original does not write, read as one by UDPipe's Spanish-AnCora model (Straka and Straková, ÚFAL, CC BY-NC-SA 4.0); rests on 'hijos' → 'בְּנֵ֥י'
29:14	12	los				expands	supplied-article-spa	safe	0.7923	approved	0				article the original does not write, read as one by UDPipe's Spanish-AnCora model (Straka and Straková, ÚFAL, CC BY-NC-SA 4.0); rests on 'hijos' → 'בְּנֵ֣י'
29:15	16	las				expands	supplied-article-spa	safe	0.705	approved	0				article the original does not write, read as one by UDPipe's Spanish-AnCora model (Straka and Straková, ÚFAL, CC BY-NC-SA 4.0); rests on 'palabras' → 'דִבְרֵ֣י'
29:15	22	la				expands	supplied-article-spa	safe	0.7912	approved	0				article the original does not write, read as one by UDPipe's Spanish-AnCora model (Straka and Straková, ÚFAL, CC BY-NC-SA 4.0); rests on 'casa' → 'בֵּ֥ית'
29:16	7	la				expands	supplied-article-spa	safe	0.7912	approved	0				article the original does not write, read as one by UDPipe's Spanish-AnCora model (Straka and Straková, ÚFAL, CC BY-NC-SA 4.0); rests on 'casa' → 'בֵית'
29:16	27	la				expands	supplied-article-spa	safe	0.7912	approved	0				article the original does not write, read as one by UDPipe's Spanish-AnCora model (Straka and Straková, ÚFAL, CC BY-NC-SA 4.0); rests on 'casa' → 'בֵּ֣ית'
29:17	12	los				expands	supplied-article-spa	safe	0.7898	approved	0				article the original does not write, read as one by UDPipe's Spanish-AnCora model (Straka and Straková, ÚFAL, CC BY-NC-SA 4.0); rests on 'ocho' → 'שְׁמֹונָ֣ה'
29:17	24	la				expands	supplied-article-spa	safe	0.7912	approved	0				article the original does not write, read as one by UDPipe's Spanish-AnCora model (Straka and Straková, ÚFAL, CC BY-NC-SA 4.0); rests on 'casa' → 'בֵּית'
29:17	33	el				expands	supplied-article-spa	safe	0.8	approved	0				article the original does not write, read as one by UDPipe's Spanish-AnCora model (Straka and Straková, ÚFAL, CC BY-NC-SA 4.0); rests on 'dieciséis' → 'שִׁשָּׁ֥ה'
29:18	12	la				expands	supplied-article-spa	safe	0.7912	approved	0				article the original does not write, read as one by UDPipe's Spanish-AnCora model (Straka and Straková, ÚFAL, CC BY-NC-SA 4.0); rests on 'casa' → 'בֵּ֣ית'
29:18	16	el				expands	supplied-article-spa	safe	0.7947	approved	0				article the original does not write, read as one by UDPipe's Spanish-AnCora model (Straka and Straková, ÚFAL, CC BY-NC-SA 4.0); rests on 'altar' → 'מִזְבַּ֤ח'
29:18	25	la				expands	supplied-article-spa	safe	0.7684	approved	0				article the original does not write, read as one by UDPipe's Spanish-AnCora model (Straka and Straková, ÚFAL, CC BY-NC-SA 4.0); rests on 'mesa' → 'שֻׁלְחַ֥ן'
29:20	17	la				expands	supplied-article-spa	safe	0.7912	approved	0				article the original does not write, read as one by UDPipe's Spanish-AnCora model (Straka and Straková, ÚFAL, CC BY-NC-SA 4.0); rests on 'casa' → 'בֵּ֥ית'
29:21	28	los				expands	supplied-article-spa	safe	0.7923	approved	0				article the original does not write, read as one by UDPipe's Spanish-AnCora model (Straka and Straková, ÚFAL, CC BY-NC-SA 4.0); rests on 'hijos' → 'בְנֵ֤י'
29:21	37	el				expands	supplied-article-spa	safe	0.7947	approved	0				article the original does not write, read as one by UDPipe's Spanish-AnCora model (Straka and Straková, ÚFAL, CC BY-NC-SA 4.0); rests on 'altar' → 'מִזְבַּ֥ח'
29:24	9	la				expands	supplied-article-spa	safe	0.7878	approved	0				article the original does not write, read as one by UDPipe's Spanish-AnCora model (Straka and Straková, ÚFAL, CC BY-NC-SA 4.0); rests on 'sangre' → 'דָּמָם֙'
29:25	5	la				expands	supplied-article-spa	safe	0.7912	approved	0				article the original does not write, read as one by UDPipe's Spanish-AnCora model (Straka and Straková, ÚFAL, CC BY-NC-SA 4.0); rests on 'casa' → 'בֵּ֣ית'
29:26	6	los				expands	supplied-article-spa	safe	0.71	approved	0				article the original does not write, read as one by UDPipe's Spanish-AnCora model (Straka and Straková, ÚFAL, CC BY-NC-SA 4.0); rests on 'instrumentos' → 'כְלֵ֣י'
29:27	19	el				expands	supplied-article-spa	safe	0.7625	approved	0				article the original does not write, read as one by UDPipe's Spanish-AnCora model (Straka and Straková, ÚFAL, CC BY-NC-SA 4.0); rests on 'cántico' → 'שִׁיר'
29:27	27	los				expands	supplied-article-spa	safe	0.71	approved	0				article the original does not write, read as one by UDPipe's Spanish-AnCora model (Straka and Straková, ÚFAL, CC BY-NC-SA 4.0); rests on 'instrumentos' → 'כְּלֵ֖י'
29:28	7	los				expands	supplied-article-spa	safe	0.7341	approved	0				article the original does not write, read as one by UDPipe's Spanish-AnCora model (Straka and Straková, ÚFAL, CC BY-NC-SA 4.0); rests on 'cantores' → 'מְשֹׁורֵ֔ר'
29:30	17	las				expands	supplied-article-spa	safe	0.705	approved	0				article the original does not write, read as one by UDPipe's Spanish-AnCora model (Straka and Straková, ÚFAL, CC BY-NC-SA 4.0); rests on 'palabras' → 'דִבְרֵ֥י'
29:31	20	la				expands	supplied-article-spa	safe	0.7912	approved	0				article the original does not write, read as one by UDPipe's Spanish-AnCora model (Straka and Straková, ÚFAL, CC BY-NC-SA 4.0); rests on 'casa' → 'בֵ֣ית'
29:32	3	el				expands	supplied-article-spa	safe	0.7696	approved	0				article the original does not write, read as one by UDPipe's Spanish-AnCora model (Straka and Straková, ÚFAL, CC BY-NC-SA 4.0); rests on 'número' → 'מִסְפַּ֣ר'
29:32	20	el				expands	supplied-article-spa	safe	0.7955	approved	0				article the original does not write, read as one by UDPipe's Spanish-AnCora model (Straka and Straková, ÚFAL, CC BY-NC-SA 4.0); rests on 'holocausto' → 'עֹלָ֥ה'
29:35	20	el				expands	supplied-article-spa	safe	0.7234	approved	0				article the original does not write, read as one by UDPipe's Spanish-AnCora model (Straka and Straková, ÚFAL, CC BY-NC-SA 4.0); rests on 'servicio' → 'עֲבֹודַ֥ת'
29:35	23	la				expands	supplied-article-spa	safe	0.7912	approved	0				article the original does not write, read as one by UDPipe's Spanish-AnCora model (Straka and Straková, ÚFAL, CC BY-NC-SA 4.0); rests on 'casa' → 'בֵּית'
30:1	21	la				expands	supplied-article-spa	safe	0.7913	approved	0				article the original does not write, read as one by UDPipe's Spanish-AnCora model (Straka and Straková, ÚFAL, CC BY-NC-SA 4.0); rests on 'casa' → 'בֵית'
30:1	27	la				expands	supplied-article-spa	safe	0.7898	approved	0				article the original does not write, read as one by UDPipe's Spanish-AnCora model (Straka and Straková, ÚFAL, CC BY-NC-SA 4.0); rests on 'pascua' → 'פֶּ֔סַח'
30:5	18	la				expands	supplied-article-spa	safe	0.7898	approved	0				article the original does not write, read as one by UDPipe's Spanish-AnCora model (Straka and Straková, ÚFAL, CC BY-NC-SA 4.0); rests on 'pascua' → 'פֶּ֛סַח'
30:6	33	el				expands	supplied-article-spa	safe	0.7334	approved	0				article the original does not write, read as one by UDPipe's Spanish-AnCora model (Straka and Straková, ÚFAL, CC BY-NC-SA 4.0); rests on 'Dios' → 'אֱלֹהֵי֙'
30:6	57	los				expands	supplied-article-spa	safe	0.7839	approved	0				article the original does not write, read as one by UDPipe's Spanish-AnCora model (Straka and Straková, ÚFAL, CC BY-NC-SA 4.0); rests on 'reyes' → 'מַלְכֵ֥י'
30:7	15	el				expands	supplied-article-spa	safe	0.7334	approved	0				article the original does not write, read as one by UDPipe's Spanish-AnCora model (Straka and Straková, ÚFAL, CC BY-NC-SA 4.0); rests on 'Dios' → 'אֱלֹהֵ֣י'
30:8	11	la				expands	supplied-article-spa	safe	0.7638	approved	0				article the original does not write, read as one by UDPipe's Spanish-AnCora model (Straka and Straková, ÚFAL, CC BY-NC-SA 4.0); rests on 'mano' → 'יָ֣ד'
30:10	10	la				expands	supplied-article-spa	safe	0.752	approved	0				article the original does not write, read as one by UDPipe's Spanish-AnCora model (Straka and Straková, ÚFAL, CC BY-NC-SA 4.0); rests on 'tierra' → 'אֶֽרֶץ'
30:12	5	la				expands	supplied-article-spa	safe	0.7638	approved	0				article the original does not write, read as one by UDPipe's Spanish-AnCora model (Straka and Straková, ÚFAL, CC BY-NC-SA 4.0); rests on 'mano' → 'יַ֣ד'
30:12	25	la				expands	supplied-article-spa	safe	0.7513	approved	0				article the original does not write, read as one by UDPipe's Spanish-AnCora model (Straka and Straková, ÚFAL, CC BY-NC-SA 4.0); rests on 'palabra' → 'דְבַ֥ר'
30:13	18	una				expands	supplied-indefinite-article-spa	safe	0.6269	approved	0				indefinite article, read as one by UDPipe's Spanish-AnCora model (Straka and Straková, ÚFAL, CC BY-NC-SA 4.0); rests on 'reunión' → 'קָהָ֖ל'
30:14	20	el				expands	supplied-article-spa	safe	0.8	approved	0				article the original does not write, read as one by UDPipe's Spanish-AnCora model (Straka and Straková, ÚFAL, CC BY-NC-SA 4.0); rests on 'torrente' → 'נַ֥חַל'
30:15	23	los				expands	supplied-article-spa	safe	0.8	approved	0				article the original does not write, read as one by UDPipe's Spanish-AnCora model (Straka and Straková, ÚFAL, CC BY-NC-SA 4.0); rests on 'holocaustos' → 'עֹלֹ֖ות'
30:15	26	la				expands	supplied-article-spa	safe	0.7913	approved	0				article the original does not write, read as one by UDPipe's Spanish-AnCora model (Straka and Straková, ÚFAL, CC BY-NC-SA 4.0); rests on 'casa' → 'בֵּ֥ית'
30:16	12	la				expands	supplied-article-spa	safe	0.7408	approved	0				article the original does not write, read as one by UDPipe's Spanish-AnCora model (Straka and Straková, ÚFAL, CC BY-NC-SA 4.0); rests on 'ley' → 'תֹורַ֖ת'
30:19	13	la				expands	supplied-article-spa	safe	0.725	approved	0				article the original does not write, read as one by UDPipe's Spanish-AnCora model (Straka and Straková, ÚFAL, CC BY-NC-SA 4.0); rests on 'purificación' → 'טָהֳרַ֥ת'
30:21	3	los				expands	supplied-article-spa	safe	0.7923	approved	0				article the original does not write, read as one by UDPipe's Spanish-AnCora model (Straka and Straková, ÚFAL, CC BY-NC-SA 4.0); rests on 'hijos' → 'בְנֵֽי'
30:22	38	el				expands	supplied-article-spa	safe	0.7334	approved	0				article the original does not write, read as one by UDPipe's Spanish-AnCora model (Straka and Straková, ÚFAL, CC BY-NC-SA 4.0); rests on 'Dios' → 'אֱלֹהֵ֥י'
30:25	30	la				expands	supplied-article-spa	safe	0.752	approved	0				article the original does not write, read as one by UDPipe's Spanish-AnCora model (Straka and Straková, ÚFAL, CC BY-NC-SA 4.0); rests on 'tierra' → 'אֶ֣רֶץ'
30:26	9	los				expands	supplied-article-spa	safe	0.7848	approved	0				article the original does not write, read as one by UDPipe's Spanish-AnCora model (Straka and Straková, ÚFAL, CC BY-NC-SA 4.0); rests on 'días' → 'ימֵ֞י'
30:27	11	la				expands	supplied-article-spa	safe	0.7935	approved	0				article the original does not write, read as one by UDPipe's Spanish-AnCora model (Straka and Straková, ÚFAL, CC BY-NC-SA 4.0); rests on 'voz' → 'קֹולָ֑ם'
31:1	16	las				expands	supplied-article-spa	safe	0.773	approved	0				article the original does not write, read as one by UDPipe's Spanish-AnCora model (Straka and Straková, ÚFAL, CC BY-NC-SA 4.0); rests on 'ciudades' → 'עָרֵ֣י'
31:1	52	los				expands	supplied-article-spa	safe	0.7923	approved	0				article the original does not write, read as one by UDPipe's Spanish-AnCora model (Straka and Straková, ÚFAL, CC BY-NC-SA 4.0); rests on 'hijos' → 'בְּנֵ֧י'
31:2	28	el				expands	supplied-article-spa	safe	0.7956	approved	0				article the original does not write, read as one by UDPipe's Spanish-AnCora model (Straka and Straková, ÚFAL, CC BY-NC-SA 4.0); rests on 'holocausto' → 'עֹלָ֖ה'
31:3	27	la				expands	supplied-article-spa	safe	0.7403	approved	0				article the original does not write, read as one by UDPipe's Spanish-AnCora model (Straka and Straková, ÚFAL, CC BY-NC-SA 4.0); rests on 'ley' → 'תֹורַ֥ת'
31:4	23	la				expands	supplied-article-spa	safe	0.7403	approved	0				article the original does not write, read as one by UDPipe's Spanish-AnCora model (Straka and Straková, ÚFAL, CC BY-NC-SA 4.0); rests on 'ley' → 'תֹורַ֥ת'
31:5	7	los				expands	supplied-article-spa	safe	0.7923	approved	0				article the original does not write, read as one by UDPipe's Spanish-AnCora model (Straka and Straková, ÚFAL, CC BY-NC-SA 4.0); rests on 'hijos' → 'בְנֵֽי'
31:5	29	los				expands	supplied-article-spa	safe	0.8	approved	0				article the original does not write, read as one by UDPipe's Spanish-AnCora model (Straka and Straková, ÚFAL, CC BY-NC-SA 4.0); rests on 'diezmos' → 'מַעְשַׂ֥ר'
31:6	2	los				expands	supplied-article-spa	safe	0.7923	approved	0				article the original does not write, read as one by UDPipe's Spanish-AnCora model (Straka and Straková, ÚFAL, CC BY-NC-SA 4.0); rests on 'hijos' → 'בְנֵ֧י'
31:6	12	las				expands	supplied-article-spa	safe	0.773	approved	0				article the original does not write, read as one by UDPipe's Spanish-AnCora model (Straka and Straková, ÚFAL, CC BY-NC-SA 4.0); rests on 'ciudades' → 'עָרֵ֣י'
31:6	20	los				expands	supplied-article-spa	safe	0.8	approved	0				article the original does not write, read as one by UDPipe's Spanish-AnCora model (Straka and Straková, ÚFAL, CC BY-NC-SA 4.0); rests on 'diezmos' → 'מַעְשַׂ֤ר'
31:6	23	las				expands	supplied-article-spa	safe	0.6419	approved	0				article the original does not write, read as one by UDPipe's Spanish-AnCora model (Straka and Straková, ÚFAL, CC BY-NC-SA 4.0); rests on 'vacas' → 'בָּקָר֙'
31:6	27	las				expands	supplied-article-spa	safe	0.7589	approved	0				article the original does not write, read as one by UDPipe's Spanish-AnCora model (Straka and Straková, ÚFAL, CC BY-NC-SA 4.0); rests on 'ovejas' → 'צֹ֔אן'
31:6	31	los				expands	supplied-article-spa	safe	0.8	approved	0				article the original does not write, read as one by UDPipe's Spanish-AnCora model (Straka and Straková, ÚFAL, CC BY-NC-SA 4.0); rests on 'diezmos' → 'מַעְשַׂ֣ר'
31:10	7	la				expands	supplied-article-spa	safe	0.7913	approved	0				article the original does not write, read as one by UDPipe's Spanish-AnCora model (Straka and Straková, ÚFAL, CC BY-NC-SA 4.0); rests on 'casa' → 'בֵ֣ית'
31:10	21	la				expands	supplied-article-spa	safe	0.7913	approved	0				article the original does not write, read as one by UDPipe's Spanish-AnCora model (Straka and Straková, ÚFAL, CC BY-NC-SA 4.0); rests on 'casa' → 'בֵית'
31:11	8	la				expands	supplied-article-spa	safe	0.7913	approved	0				article the original does not write, read as one by UDPipe's Spanish-AnCora model (Straka and Straková, ÚFAL, CC BY-NC-SA 4.0); rests on 'casa' → 'בֵ֥ית'
31:13	16	la				expands	supplied-article-spa	safe	0.7635	approved	0				article the original does not write, read as one by UDPipe's Spanish-AnCora model (Straka and Straková, ÚFAL, CC BY-NC-SA 4.0); rests on 'mano' → 'יַּ֤ד'
31:13	35	la				expands	supplied-article-spa	safe	0.7913	approved	0				article the original does not write, read as one by UDPipe's Spanish-AnCora model (Straka and Straková, ÚFAL, CC BY-NC-SA 4.0); rests on 'casa' → 'בֵּית'
31:15	14	las				expands	supplied-article-spa	safe	0.773	approved	0				article the original does not write, read as one by UDPipe's Spanish-AnCora model (Straka and Straková, ÚFAL, CC BY-NC-SA 4.0); rests on 'ciudades' → 'עָרֵ֥י'
31:16	20	la				expands	supplied-article-spa	safe	0.7913	approved	0				article the original does not write, read as one by UDPipe's Spanish-AnCora model (Straka and Straková, ÚFAL, CC BY-NC-SA 4.0); rests on 'casa' → 'בֵית'
31:19	7	los				expands	supplied-article-spa	safe	0.7923	approved	0				article the original does not write, read as one by UDPipe's Spanish-AnCora model (Straka and Straková, ÚFAL, CC BY-NC-SA 4.0); rests on 'hijos' → 'בְנֵי֩'
31:19	15	los				expands	supplied-article-spa	safe	0.7959	approved	0				article the original does not write, read as one by UDPipe's Spanish-AnCora model (Straka and Straková, ÚFAL, CC BY-NC-SA 4.0); rests on 'ejidos' → 'מִגְרַ֤שׁ'
31:19	22	las				expands	supplied-article-spa	safe	0.773	approved	0				article the original does not write, read as one by UDPipe's Spanish-AnCora model (Straka and Straková, ÚFAL, CC BY-NC-SA 4.0); rests on 'ciudades' → 'עִ֔יר'
31:19	24	los				expands	supplied-article-spa	safe	0.5974	approved	0				article the original does not write, read as one by UDPipe's Spanish-AnCora model (Straka and Straková, ÚFAL, CC BY-NC-SA 4.0); rests on 'varones' → 'אֲנָשִׁ֕ים'
31:21	6	el				expands	supplied-article-spa	safe	0.7234	approved	0				article the original does not write, read as one by UDPipe's Spanish-AnCora model (Straka and Straková, ÚFAL, CC BY-NC-SA 4.0); rests on 'servicio' → 'עֲבֹודַ֣ת'
31:21	9	la				expands	supplied-article-spa	safe	0.7913	approved	0				article the original does not write, read as one by UDPipe's Spanish-AnCora model (Straka and Straková, ÚFAL, CC BY-NC-SA 4.0); rests on 'casa' → 'בֵּית'
32:1	13	los				expands	supplied-article-spa	safe	0.7719	approved	0				article the original does not write, read as one by UDPipe's Spanish-AnCora model (Straka and Straková, ÚFAL, CC BY-NC-SA 4.0); rests on 'Asirios' → 'אַשּׁ֑וּר'
32:3	16	las				expands	supplied-article-spa	safe	0.7937	approved	0				article the original does not write, read as one by UDPipe's Spanish-AnCora model (Straka and Straková, ÚFAL, CC BY-NC-SA 4.0); rests on 'aguas' → 'מֵימֵ֣י'
32:4	26	los				expands	supplied-article-spa	safe	0.7839	approved	0				article the original does not write, read as one by UDPipe's Spanish-AnCora model (Straka and Straková, ÚFAL, CC BY-NC-SA 4.0); rests on 'reyes' → 'מַלְכֵ֣י'
32:5	26	la				expands	supplied-article-spa	safe	0.7709	approved	0				article the original does not write, read as one by UDPipe's Spanish-AnCora model (Straka and Straková, ÚFAL, CC BY-NC-SA 4.0); rests on 'ciudad' → 'עִ֣יר'
32:6	14	la				expands	supplied-article-spa	safe	0.775	approved	0				article the original does not write, read as one by UDPipe's Spanish-AnCora model (Straka and Straková, ÚFAL, CC BY-NC-SA 4.0); rests on 'plaza' → 'רְחֹוב֙'
32:6	17	la				expands	supplied-article-spa	safe	0.6374	approved	0				article the original does not write, read as one by UDPipe's Spanish-AnCora model (Straka and Straková, ÚFAL, CC BY-NC-SA 4.0); rests on 'puerta' → 'שַׁ֣עַר'
32:8	4	el				expands	supplied-article-spa	safe	0.771	approved	0				article the original does not write, read as one by UDPipe's Spanish-AnCora model (Straka and Straková, ÚFAL, CC BY-NC-SA 4.0); rests on 'brazo' → 'זְרֹ֣ועַ'
32:8	25	las				expands	supplied-article-spa	safe	0.7052	approved	0				article the original does not write, read as one by UDPipe's Spanish-AnCora model (Straka and Straková, ÚFAL, CC BY-NC-SA 4.0); rests on 'palabras' → 'דִּבְרֵ֖י'
32:9	7	los				expands	supplied-article-spa	safe	0.7719	approved	0				article the original does not write, read as one by UDPipe's Spanish-AnCora model (Straka and Straková, ÚFAL, CC BY-NC-SA 4.0); rests on 'Asirios' → 'אַשּׁ֤וּר'
32:10	7	los				expands	supplied-article-spa	safe	0.7719	approved	0				article the original does not write, read as one by UDPipe's Spanish-AnCora model (Straka and Straková, ÚFAL, CC BY-NC-SA 4.0); rests on 'Asirios' → 'אַשּׁ֑וּר'
32:13	14	los				expands	supplied-article-spa	safe	0.7612	approved	0				article the original does not write, read as one by UDPipe's Spanish-AnCora model (Straka and Straková, ÚFAL, CC BY-NC-SA 4.0); rests on 'pueblos' → 'עַמֵּ֣י'
32:13	20	los				expands	supplied-article-spa	safe	0.7851	approved	0				article the original does not write, read as one by UDPipe's Spanish-AnCora model (Straka and Straková, ÚFAL, CC BY-NC-SA 4.0); rests on 'dioses' → 'אֱלֹהֵי֙'
32:13	23	las				expands	supplied-article-spa	safe	0.7949	approved	0				article the original does not write, read as one by UDPipe's Spanish-AnCora model (Straka and Straková, ÚFAL, CC BY-NC-SA 4.0); rests on 'gentes' → 'גֹּויֵ֣'
32:14	6	los				expands	supplied-article-spa	safe	0.7851	approved	0				article the original does not write, read as one by UDPipe's Spanish-AnCora model (Straka and Straková, ÚFAL, CC BY-NC-SA 4.0); rests on 'dioses' → 'אֱלֹהֵ֞י'
32:15	34	las				expands	supplied-article-spa	safe	0.7125	approved	0				article the original does not write, read as one by UDPipe's Spanish-AnCora model (Straka and Straková, ÚFAL, CC BY-NC-SA 4.0); rests on 'manos' → 'יַּ֣ד'
32:17	11	el				expands	supplied-article-spa	safe	0.7333	approved	0				article the original does not write, read as one by UDPipe's Spanish-AnCora model (Straka and Straková, ÚFAL, CC BY-NC-SA 4.0); rests on 'Dios' → 'אֱלֹהֵ֣י'
32:17	21	los				expands	supplied-article-spa	safe	0.7851	approved	0				article the original does not write, read as one by UDPipe's Spanish-AnCora model (Straka and Straková, ÚFAL, CC BY-NC-SA 4.0); rests on 'dioses' → 'אלֹהֵ֞י'
32:17	24	las				expands	supplied-article-spa	safe	0.7949	approved	0				article the original does not write, read as one by UDPipe's Spanish-AnCora model (Straka and Straková, ÚFAL, CC BY-NC-SA 4.0); rests on 'gentes' → 'גֹּויֵ֤'
32:17	38	el				expands	supplied-article-spa	safe	0.7333	approved	0				article the original does not write, read as one by UDPipe's Spanish-AnCora model (Straka and Straková, ÚFAL, CC BY-NC-SA 4.0); rests on 'Dios' → 'אֱלֹהֵ֧י'
32:19	4	el				expands	supplied-article-spa	safe	0.7333	approved	0				article the original does not write, read as one by UDPipe's Spanish-AnCora model (Straka and Straková, ÚFAL, CC BY-NC-SA 4.0); rests on 'Dios' → 'אֱלֹהֵ֖י'
32:19	10	los				expands	supplied-article-spa	safe	0.7851	approved	0				article the original does not write, read as one by UDPipe's Spanish-AnCora model (Straka and Straková, ÚFAL, CC BY-NC-SA 4.0); rests on 'dioses' → 'אֱלֹהֵי֙'
32:19	13	los				expands	supplied-article-spa	safe	0.7612	approved	0				article the original does not write, read as one by UDPipe's Spanish-AnCora model (Straka and Straková, ÚFAL, CC BY-NC-SA 4.0); rests on 'pueblos' → 'עַמֵּ֣י'
32:21	4	un				expands	supplied-indefinite-article-spa	safe	0.8	approved	0				indefinite article, read as one by UDPipe's Spanish-AnCora model (Straka and Straková, ÚFAL, CC BY-NC-SA 4.0); rests on 'ángel' → 'מַלְאָ֔ךְ'
32:22	8	los				expands	supplied-article-spa	safe	0.7724	approved	0				article the original does not write, read as one by UDPipe's Spanish-AnCora model (Straka and Straková, ÚFAL, CC BY-NC-SA 4.0); rests on 'moradores' → 'יֹשְׁבֵ֣י'
32:22	13	las				expands	supplied-article-spa	safe	0.7125	approved	0				article the original does not write, read as one by UDPipe's Spanish-AnCora model (Straka and Straková, ÚFAL, CC BY-NC-SA 4.0); rests on 'manos' → 'יַּ֛ד'
32:22	22	las				expands	supplied-article-spa	safe	0.7125	approved	0				article the original does not write, read as one by UDPipe's Spanish-AnCora model (Straka and Straková, ÚFAL, CC BY-NC-SA 4.0); rests on 'manos' → 'יַּד'
32:26	13	los				expands	supplied-article-spa	safe	0.7724	approved	0				article the original does not write, read as one by UDPipe's Spanish-AnCora model (Straka and Straková, ÚFAL, CC BY-NC-SA 4.0); rests on 'moradores' → 'יֹשְׁבֵ֣י'
32:26	27	los				expands	supplied-article-spa	safe	0.7849	approved	0				article the original does not write, read as one by UDPipe's Spanish-AnCora model (Straka and Straková, ÚFAL, CC BY-NC-SA 4.0); rests on 'días' → 'ימֵ֖י'
32:30	7	las				expands	supplied-article-spa	safe	0.7937	approved	0				article the original does not write, read as one by UDPipe's Spanish-AnCora model (Straka and Straková, ÚFAL, CC BY-NC-SA 4.0); rests on 'aguas' → 'מֵימֵ֤י'
32:30	20	la				expands	supplied-article-spa	safe	0.7709	approved	0				article the original does not write, read as one by UDPipe's Spanish-AnCora model (Straka and Straková, ÚFAL, CC BY-NC-SA 4.0); rests on 'ciudad' → 'עִ֣יר'
32:31	8	los				expands	supplied-article-spa	safe	0.6282	approved	0				article the original does not write, read as one by UDPipe's Spanish-AnCora model (Straka and Straková, ÚFAL, CC BY-NC-SA 4.0); rests on 'príncipes' → 'שָׂרֵ֣י'
32:32	4	los				expands	supplied-article-spa	safe	0.6676	approved	0				article the original does not write, read as one by UDPipe's Spanish-AnCora model (Straka and Straková, ÚFAL, CC BY-NC-SA 4.0); rests on 'hechos' → 'דִּבְרֵ֥י'
32:32	27	el				expands	supplied-article-spa	safe	0.7669	approved	0				article the original does not write, read as one by UDPipe's Spanish-AnCora model (Straka and Straková, ÚFAL, CC BY-NC-SA 4.0); rests on 'libro' → 'סֵ֥פֶר'
32:32	30	los				expands	supplied-article-spa	safe	0.7839	approved	0				article the original does not write, read as one by UDPipe's Spanish-AnCora model (Straka and Straková, ÚFAL, CC BY-NC-SA 4.0); rests on 'reyes' → 'מַלְכֵי'
32:33	15	los				expands	supplied-article-spa	safe	0.7923	approved	0				article the original does not write, read as one by UDPipe's Spanish-AnCora model (Straka and Straková, ÚFAL, CC BY-NC-SA 4.0); rests on 'hijos' → 'בְנֵי'
33:2	11	las				expands	supplied-article-spa	safe	0.6952	approved	0				article the original does not write, read as one by UDPipe's Spanish-AnCora model (Straka and Straková, ÚFAL, CC BY-NC-SA 4.0); rests on 'abominaciones' → 'תֹֽועֲבֹות֙'
33:2	22	los				expands	supplied-article-spa	safe	0.7923	approved	0				article the original does not write, read as one by UDPipe's Spanish-AnCora model (Straka and Straková, ÚFAL, CC BY-NC-SA 4.0); rests on 'hijos' → 'בְּנֵ֥י'
33:4	5	la				expands	supplied-article-spa	safe	0.7913	approved	0				article the original does not write, read as one by UDPipe's Spanish-AnCora model (Straka and Straková, ÚFAL, CC BY-NC-SA 4.0); rests on 'casa' → 'בֵ֣ית'
33:5	12	los				expands	supplied-article-spa	safe	0.8	approved	0				article the original does not write, read as one by UDPipe's Spanish-AnCora model (Straka and Straková, ÚFAL, CC BY-NC-SA 4.0); rests on 'atrios' → 'חַצְרֹ֥ות'
33:5	16	la				expands	supplied-article-spa	safe	0.7913	approved	0				article the original does not write, read as one by UDPipe's Spanish-AnCora model (Straka and Straková, ÚFAL, CC BY-NC-SA 4.0); rests on 'casa' → 'בֵּית'
33:7	13	la				expands	supplied-article-spa	safe	0.7913	approved	0				article the original does not write, read as one by UDPipe's Spanish-AnCora model (Straka and Straková, ÚFAL, CC BY-NC-SA 4.0); rests on 'casa' → 'בֵ֣ית'
33:7	42	las				expands	supplied-article-spa	safe	0.7083	approved	0				article the original does not write, read as one by UDPipe's Spanish-AnCora model (Straka and Straková, ÚFAL, CC BY-NC-SA 4.0); rests on 'tribus' → 'שִׁבְטֵ֣י'
33:8	5	el				expands	supplied-article-spa	safe	0.5969	approved	0				article the original does not write, read as one by UDPipe's Spanish-AnCora model (Straka and Straková, ÚFAL, CC BY-NC-SA 4.0); rests on 'pie' → 'רֶ֣גֶל'
33:9	9	los				expands	supplied-article-spa	safe	0.7726	approved	0				article the original does not write, read as one by UDPipe's Spanish-AnCora model (Straka and Straková, ÚFAL, CC BY-NC-SA 4.0); rests on 'moradores' → 'יֹשְׁבֵ֣י'
33:9	25	los				expands	supplied-article-spa	safe	0.7923	approved	0				article the original does not write, read as one by UDPipe's Spanish-AnCora model (Straka and Straková, ÚFAL, CC BY-NC-SA 4.0); rests on 'hijos' → 'בְּנֵ֥י'
33:12	16	la				expands	supplied-article-spa	safe	0.683	approved	0				article the original does not write, read as one by UDPipe's Spanish-AnCora model (Straka and Straková, ÚFAL, CC BY-NC-SA 4.0); rests on 'presencia' → 'פְנֵ֖י'
33:14	5	el				expands	supplied-article-spa	safe	0.7273	approved	0				article the original does not write, read as one by UDPipe's Spanish-AnCora model (Straka and Straková, ÚFAL, CC BY-NC-SA 4.0); rests on 'muro' → 'חֹומָ֣ה'
33:14	10	la				expands	supplied-article-spa	safe	0.7711	approved	0				article the original does not write, read as one by UDPipe's Spanish-AnCora model (Straka and Straková, ÚFAL, CC BY-NC-SA 4.0); rests on 'ciudad' → 'עִיר'
33:14	25	la				expands	supplied-article-spa	safe	0.6378	approved	0				article the original does not write, read as one by UDPipe's Spanish-AnCora model (Straka and Straková, ÚFAL, CC BY-NC-SA 4.0); rests on 'puerta' → 'שַׁ֤עַר'
33:15	3	los				expands	supplied-article-spa	safe	0.7854	approved	0				article the original does not write, read as one by UDPipe's Spanish-AnCora model (Straka and Straková, ÚFAL, CC BY-NC-SA 4.0); rests on 'dioses' → 'אֱלֹהֵ֨י'
33:15	10	la				expands	supplied-article-spa	safe	0.7913	approved	0				article the original does not write, read as one by UDPipe's Spanish-AnCora model (Straka and Straková, ÚFAL, CC BY-NC-SA 4.0); rests on 'casa' → 'בֵּ֣ית'
33:15	22	el				expands	supplied-article-spa	safe	0.7698	approved	0				article the original does not write, read as one by UDPipe's Spanish-AnCora model (Straka and Straková, ÚFAL, CC BY-NC-SA 4.0); rests on 'monte' → 'הַ֥ר'
33:15	25	la				expands	supplied-article-spa	safe	0.7913	approved	0				article the original does not write, read as one by UDPipe's Spanish-AnCora model (Straka and Straková, ÚFAL, CC BY-NC-SA 4.0); rests on 'casa' → 'בֵּית'
33:16	3	el				expands	supplied-article-spa	safe	0.7948	approved	0				article the original does not write, read as one by UDPipe's Spanish-AnCora model (Straka and Straková, ÚFAL, CC BY-NC-SA 4.0); rests on 'altar' → 'מִזְבַּ֣ח'
33:18	4	los				expands	supplied-article-spa	safe	0.6696	approved	0				article the original does not write, read as one by UDPipe's Spanish-AnCora model (Straka and Straková, ÚFAL, CC BY-NC-SA 4.0); rests on 'hechos' → 'דִּבְרֵ֣י'
33:18	15	las				expands	supplied-article-spa	safe	0.7054	approved	0				article the original does not write, read as one by UDPipe's Spanish-AnCora model (Straka and Straková, ÚFAL, CC BY-NC-SA 4.0); rests on 'palabras' → 'דִבְרֵי֙'
33:18	27	el				expands	supplied-article-spa	safe	0.7334	approved	0				article the original does not write, read as one by UDPipe's Spanish-AnCora model (Straka and Straková, ÚFAL, CC BY-NC-SA 4.0); rests on 'Dios' → 'אֱלֹהֵ֣י'
33:18	37	los				expands	supplied-article-spa	safe	0.6696	approved	0				article the original does not write, read as one by UDPipe's Spanish-AnCora model (Straka and Straková, ÚFAL, CC BY-NC-SA 4.0); rests on 'hechos' → 'דִּבְרֵ֖י'
33:18	40	los				expands	supplied-article-spa	safe	0.784	approved	0				article the original does not write, read as one by UDPipe's Spanish-AnCora model (Straka and Straková, ÚFAL, CC BY-NC-SA 4.0); rests on 'reyes' → 'מַלְכֵ֥י'
33:19	36	las				expands	supplied-article-spa	safe	0.7054	approved	0				article the original does not write, read as one by UDPipe's Spanish-AnCora model (Straka and Straková, ÚFAL, CC BY-NC-SA 4.0); rests on 'palabras' → 'דִּבְרֵ֥י'
33:25	2	el				expands	supplied-article-spa	safe	0.7901	approved	0				article the original does not write, read as one by UDPipe's Spanish-AnCora model (Straka and Straková, ÚFAL, CC BY-NC-SA 4.0); rests on 'pueblo' → 'עַם'
33:25	19	el				expands	supplied-article-spa	safe	0.7901	approved	0				article the original does not write, read as one by UDPipe's Spanish-AnCora model (Straka and Straková, ÚFAL, CC BY-NC-SA 4.0); rests on 'pueblo' → 'עַם'
34:2	12	los				expands	supplied-article-spa	safe	0.7457	approved	0				article the original does not write, read as one by UDPipe's Spanish-AnCora model (Straka and Straková, ÚFAL, CC BY-NC-SA 4.0); rests on 'caminos' → 'דַרְכֵי֙'
34:2	21	la				expands	supplied-article-spa	safe	0.7845	approved	0				article the original does not write, read as one by UDPipe's Spanish-AnCora model (Straka and Straková, ÚFAL, CC BY-NC-SA 4.0); rests on 'diestra' → 'יָמִ֥ין'
34:2	25	la				expands	supplied-article-spa	safe	0.8	approved	0				article the original does not write, read as one by UDPipe's Spanish-AnCora model (Straka and Straková, ÚFAL, CC BY-NC-SA 4.0); rests on 'siniestra' → 'שְׂמֹֽאול'
34:3	2	los				expands	supplied-article-spa	safe	0.7903	approved	0				article the original does not write, read as one by UDPipe's Spanish-AnCora model (Straka and Straková, ÚFAL, CC BY-NC-SA 4.0); rests on 'años' → 'שָׁנִ֜ים'
34:3	22	los				expands	supplied-article-spa	safe	0.7903	approved	0				article the original does not write, read as one by UDPipe's Spanish-AnCora model (Straka and Straková, ÚFAL, CC BY-NC-SA 4.0); rests on 'años' → 'שָׁנָ֗ה'
34:4	6	los				expands	supplied-article-spa	safe	0.7816	approved	0				article the original does not write, read as one by UDPipe's Spanish-AnCora model (Straka and Straková, ÚFAL, CC BY-NC-SA 4.0); rests on 'altares' → 'מִזְבְּחֹ֣ות'
34:5	3	los				expands	supplied-article-spa	safe	0.7897	approved	0				article the original does not write, read as one by UDPipe's Spanish-AnCora model (Straka and Straková, ÚFAL, CC BY-NC-SA 4.0); rests on 'huesos' → 'עַצְמֹות֙'
34:5	6	los				expands	supplied-article-spa	safe	0.7842	approved	0				article the original does not write, read as one by UDPipe's Spanish-AnCora model (Straka and Straková, ÚFAL, CC BY-NC-SA 4.0); rests on 'sacerdotes' → 'כֹּֽהֲנִ֔ים'
34:7	23	la				expands	supplied-article-spa	safe	0.752	approved	0				article the original does not write, read as one by UDPipe's Spanish-AnCora model (Straka and Straková, ÚFAL, CC BY-NC-SA 4.0); rests on 'tierra' → 'אֶ֣רֶץ'
34:8	2	los				expands	supplied-article-spa	safe	0.7903	approved	0				article the original does not write, read as one by UDPipe's Spanish-AnCora model (Straka and Straková, ÚFAL, CC BY-NC-SA 4.0); rests on 'años' → 'שְׁנַ֨ת'
34:8	40	la				expands	supplied-article-spa	safe	0.7912	approved	0				article the original does not write, read as one by UDPipe's Spanish-AnCora model (Straka and Straková, ÚFAL, CC BY-NC-SA 4.0); rests on 'casa' → 'בֵּ֖ית'
34:9	17	la				expands	supplied-article-spa	safe	0.7912	approved	0				article the original does not write, read as one by UDPipe's Spanish-AnCora model (Straka and Straková, ÚFAL, CC BY-NC-SA 4.0); rests on 'casa' → 'בֵית'
34:9	40	las				expands	supplied-article-spa	safe	0.6875	approved	0				article the original does not write, read as one by UDPipe's Spanish-AnCora model (Straka and Straková, ÚFAL, CC BY-NC-SA 4.0); rests on 'reliquias' → 'שְׁאֵרִ֣ית'
34:10	15	la				expands	supplied-article-spa	safe	0.7912	approved	0				article the original does not write, read as one by UDPipe's Spanish-AnCora model (Straka and Straková, ÚFAL, CC BY-NC-SA 4.0); rests on 'casa' → 'בֵ֣ית'
34:10	32	la				expands	supplied-article-spa	safe	0.7912	approved	0				article the original does not write, read as one by UDPipe's Spanish-AnCora model (Straka and Straková, ÚFAL, CC BY-NC-SA 4.0); rests on 'casa' → 'בֵ֣ית'
34:11	29	los				expands	supplied-article-spa	safe	0.7839	approved	0				article the original does not write, read as one by UDPipe's Spanish-AnCora model (Straka and Straková, ÚFAL, CC BY-NC-SA 4.0); rests on 'reyes' → 'מַלְכֵ֥י'
34:12	19	los				expands	supplied-article-spa	safe	0.7923	approved	0				article the original does not write, read as one by UDPipe's Spanish-AnCora model (Straka and Straková, ÚFAL, CC BY-NC-SA 4.0); rests on 'hijos' → 'בְּנֵ֣י'
34:14	11	la				expands	supplied-article-spa	safe	0.7912	approved	0				article the original does not write, read as one by UDPipe's Spanish-AnCora model (Straka and Straková, ÚFAL, CC BY-NC-SA 4.0); rests on 'casa' → 'בֵּ֣ית'
34:14	19	el				expands	supplied-article-spa	safe	0.7719	approved	0				article the original does not write, read as one by UDPipe's Spanish-AnCora model (Straka and Straková, ÚFAL, CC BY-NC-SA 4.0); rests on 'libro' → 'סֵ֥פֶר'
34:14	22	la				expands	supplied-article-spa	safe	0.7403	approved	0				article the original does not write, read as one by UDPipe's Spanish-AnCora model (Straka and Straková, ÚFAL, CC BY-NC-SA 4.0); rests on 'ley' → 'תֹּֽורַת'
34:15	12	el				expands	supplied-article-spa	safe	0.7719	approved	0				article the original does not write, read as one by UDPipe's Spanish-AnCora model (Straka and Straková, ÚFAL, CC BY-NC-SA 4.0); rests on 'libro' → 'סֵ֧פֶר'
34:15	18	la				expands	supplied-article-spa	safe	0.7912	approved	0				article the original does not write, read as one by UDPipe's Spanish-AnCora model (Straka and Straková, ÚFAL, CC BY-NC-SA 4.0); rests on 'casa' → 'בֵ֣ית'
34:16	9	el				expands	supplied-article-spa	safe	0.6929	approved	0				article the original does not write, read as one by UDPipe's Spanish-AnCora model (Straka and Straková, ÚFAL, CC BY-NC-SA 4.0); rests on 'negocio' → 'דָּבָ֖ר'
34:17	9	la				expands	supplied-article-spa	safe	0.7912	approved	0				article the original does not write, read as one by UDPipe's Spanish-AnCora model (Straka and Straková, ÚFAL, CC BY-NC-SA 4.0); rests on 'casa' → 'בֵית'
34:18	16	un				expands	supplied-indefinite-article-spa	safe	0.7719	approved	0				indefinite article, read as one by UDPipe's Spanish-AnCora model (Straka and Straková, ÚFAL, CC BY-NC-SA 4.0); rests on 'libro' → 'סֵ֚פֶר'
34:19	7	las				expands	supplied-article-spa	safe	0.704	approved	0				article the original does not write, read as one by UDPipe's Spanish-AnCora model (Straka and Straková, ÚFAL, CC BY-NC-SA 4.0); rests on 'palabras' → 'דִּבְרֵ֣י'
34:21	19	las				expands	supplied-article-spa	safe	0.704	approved	0				article the original does not write, read as one by UDPipe's Spanish-AnCora model (Straka and Straková, ÚFAL, CC BY-NC-SA 4.0); rests on 'palabras' → 'דִּבְרֵ֥י'
34:21	45	la				expands	supplied-article-spa	safe	0.7513	approved	0				article the original does not write, read as one by UDPipe's Spanish-AnCora model (Straka and Straková, ÚFAL, CC BY-NC-SA 4.0); rests on 'palabra' → 'דְּבַ֣ר'
34:23	5	el				expands	supplied-article-spa	safe	0.7333	approved	0				article the original does not write, read as one by UDPipe's Spanish-AnCora model (Straka and Straková, ÚFAL, CC BY-NC-SA 4.0); rests on 'Dios' → 'אֱלֹהֵ֣י'
34:24	11	los				expands	supplied-article-spa	safe	0.7719	approved	0				article the original does not write, read as one by UDPipe's Spanish-AnCora model (Straka and Straková, ÚFAL, CC BY-NC-SA 4.0); rests on 'moradores' → 'יֹושְׁבָ֑יו'
34:26	18	el				expands	supplied-article-spa	safe	0.7333	approved	0				article the original does not write, read as one by UDPipe's Spanish-AnCora model (Straka and Straková, ÚFAL, CC BY-NC-SA 4.0); rests on 'Dios' → 'אֱלֹהֵ֣י'
34:28	34	los				expands	supplied-article-spa	safe	0.7719	approved	0				article the original does not write, read as one by UDPipe's Spanish-AnCora model (Straka and Straková, ÚFAL, CC BY-NC-SA 4.0); rests on 'moradores' → 'יֹשְׁבָ֑יו'
34:29	8	los				expands	supplied-article-spa	safe	0.8	approved	0				article the original does not write, read as one by UDPipe's Spanish-AnCora model (Straka and Straková, ÚFAL, CC BY-NC-SA 4.0); rests on 'ancianos' → 'זִקְנֵ֥י'
34:30	6	la				expands	supplied-article-spa	safe	0.7912	approved	0				article the original does not write, read as one by UDPipe's Spanish-AnCora model (Straka and Straková, ÚFAL, CC BY-NC-SA 4.0); rests on 'casa' → 'בֵּית'
34:30	14	los				expands	supplied-article-spa	safe	0.5941	approved	0				article the original does not write, read as one by UDPipe's Spanish-AnCora model (Straka and Straková, ÚFAL, CC BY-NC-SA 4.0); rests on 'varones' → 'אִ֨ישׁ'
34:30	19	los				expands	supplied-article-spa	safe	0.7719	approved	0				article the original does not write, read as one by UDPipe's Spanish-AnCora model (Straka and Straková, ÚFAL, CC BY-NC-SA 4.0); rests on 'moradores' → 'יֹשְׁבֵ֣י'
34:30	34	el				expands	supplied-article-spa	safe	0.59	approved	0				article the original does not write, read as one by UDPipe's Spanish-AnCora model (Straka and Straková, ÚFAL, CC BY-NC-SA 4.0); rests on 'mayor' → 'גָּדֹ֣ול'
34:30	37	el				expands	supplied-article-spa	safe	0.6615	approved	0				article the original does not write, read as one by UDPipe's Spanish-AnCora model (Straka and Straková, ÚFAL, CC BY-NC-SA 4.0); rests on 'pequeño' → 'קָטָ֑ן'
34:30	47	las				expands	supplied-article-spa	safe	0.704	approved	0				article the original does not write, read as one by UDPipe's Spanish-AnCora model (Straka and Straková, ÚFAL, CC BY-NC-SA 4.0); rests on 'palabras' → 'דִּבְרֵי֙'
34:30	58	la				expands	supplied-article-spa	safe	0.7912	approved	0				article the original does not write, read as one by UDPipe's Spanish-AnCora model (Straka and Straková, ÚFAL, CC BY-NC-SA 4.0); rests on 'casa' → 'בֵּ֥ית'
34:31	43	las				expands	supplied-article-spa	safe	0.704	approved	0				article the original does not write, read as one by UDPipe's Spanish-AnCora model (Straka and Straková, ÚFAL, CC BY-NC-SA 4.0); rests on 'palabras' → 'דִּבְרֵ֣י'
34:32	18	los				expands	supplied-article-spa	safe	0.7719	approved	0				article the original does not write, read as one by UDPipe's Spanish-AnCora model (Straka and Straková, ÚFAL, CC BY-NC-SA 4.0); rests on 'moradores' → 'יֹשְׁבֵ֣י'
34:33	12	los				expands	supplied-article-spa	safe	0.7923	approved	0				article the original does not write, read as one by UDPipe's Spanish-AnCora model (Straka and Straková, ÚFAL, CC BY-NC-SA 4.0); rests on 'hijos' → 'בְנֵ֣י'
34:33	40	el				expands	supplied-article-spa	safe	0.7333	approved	0				article the original does not write, read as one by UDPipe's Spanish-AnCora model (Straka and Straková, ÚFAL, CC BY-NC-SA 4.0); rests on 'Dios' → 'אֱלֹהֵ֥י'
35:2	12	el				expands	supplied-article-spa	safe	0.7308	approved	0				article the original does not write, read as one by UDPipe's Spanish-AnCora model (Straka and Straková, ÚFAL, CC BY-NC-SA 4.0); rests on 'ministerio' → 'עֲבֹודַ֖ת'
35:2	15	la				expands	supplied-article-spa	safe	0.7913	approved	0				article the original does not write, read as one by UDPipe's Spanish-AnCora model (Straka and Straková, ÚFAL, CC BY-NC-SA 4.0); rests on 'casa' → 'בֵּ֥ית'
35:3	18	el				expands	supplied-article-spa	safe	0.748	approved	0				article the original does not write, read as one by UDPipe's Spanish-AnCora model (Straka and Straková, ÚFAL, CC BY-NC-SA 4.0); rests on 'arca' → 'אֲרֹון'
35:5	14	los				expands	supplied-article-spa	safe	0.7923	approved	0				article the original does not write, read as one by UDPipe's Spanish-AnCora model (Straka and Straková, ÚFAL, CC BY-NC-SA 4.0); rests on 'hijos' → 'בְּנֵ֣י'
35:6	18	la				expands	supplied-article-spa	safe	0.7513	approved	0				article the original does not write, read as one by UDPipe's Spanish-AnCora model (Straka and Straková, ÚFAL, CC BY-NC-SA 4.0); rests on 'palabra' → 'דְבַר'
35:8	21	la				expands	supplied-article-spa	safe	0.7913	approved	0				article the original does not write, read as one by UDPipe's Spanish-AnCora model (Straka and Straková, ÚFAL, CC BY-NC-SA 4.0); rests on 'casa' → 'בֵּ֣ית'
35:12	29	el				expands	supplied-article-spa	safe	0.7667	approved	0				article the original does not write, read as one by UDPipe's Spanish-AnCora model (Straka and Straková, ÚFAL, CC BY-NC-SA 4.0); rests on 'libro' → 'סֵ֣פֶר'
35:14	19	la				expands	supplied-article-spa	safe	0.737	approved	0				article the original does not write, read as one by UDPipe's Spanish-AnCora model (Straka and Straková, ÚFAL, CC BY-NC-SA 4.0); rests on 'noche' → 'לָ֑יְלָה'
35:14	40	los				expands	supplied-article-spa	safe	0.7923	approved	0				article the original does not write, read as one by UDPipe's Spanish-AnCora model (Straka and Straková, ÚFAL, CC BY-NC-SA 4.0); rests on 'hijos' → 'בְּנֵ֥י'
35:16	5	el				expands	supplied-article-spa	safe	0.7217	approved	0				article the original does not write, read as one by UDPipe's Spanish-AnCora model (Straka and Straková, ÚFAL, CC BY-NC-SA 4.0); rests on 'servicio' → 'עֲבֹודַ֨ת'
35:16	18	los				expands	supplied-article-spa	safe	0.8	approved	0				article the original does not write, read as one by UDPipe's Spanish-AnCora model (Straka and Straková, ÚFAL, CC BY-NC-SA 4.0); rests on 'holocaustos' → 'עֹלֹ֔ות'
35:16	21	el				expands	supplied-article-spa	safe	0.7948	approved	0				article the original does not write, read as one by UDPipe's Spanish-AnCora model (Straka and Straková, ÚFAL, CC BY-NC-SA 4.0); rests on 'altar' → 'מִזְבַּ֣ח'
35:17	2	los				expands	supplied-article-spa	safe	0.7923	approved	0				article the original does not write, read as one by UDPipe's Spanish-AnCora model (Straka and Straková, ÚFAL, CC BY-NC-SA 4.0); rests on 'hijos' → 'בְנֵֽי'
35:18	9	los				expands	supplied-article-spa	safe	0.7849	approved	0				article the original does not write, read as one by UDPipe's Spanish-AnCora model (Straka and Straková, ÚFAL, CC BY-NC-SA 4.0); rests on 'días' → 'ימֵ֖י'
35:18	47	los				expands	supplied-article-spa	safe	0.7726	approved	0				article the original does not write, read as one by UDPipe's Spanish-AnCora model (Straka and Straková, ÚFAL, CC BY-NC-SA 4.0); rests on 'moradores' → 'יֹושְׁבֵ֖י'
35:19	6	el				expands	supplied-article-spa	safe	0.7664	approved	0				article the original does not write, read as one by UDPipe's Spanish-AnCora model (Straka and Straková, ÚFAL, CC BY-NC-SA 4.0); rests on 'año' → 'שָׁנָ֔ה'
35:21	23	la				expands	supplied-article-spa	safe	0.7913	approved	0				article the original does not write, read as one by UDPipe's Spanish-AnCora model (Straka and Straková, ÚFAL, CC BY-NC-SA 4.0); rests on 'casa' → 'בֵּ֣ית'
35:22	18	las				expands	supplied-article-spa	safe	0.7052	approved	0				article the original does not write, read as one by UDPipe's Spanish-AnCora model (Straka and Straková, ÚFAL, CC BY-NC-SA 4.0); rests on 'palabras' → 'דִּבְרֵ֥י'
35:24	26	los				expands	supplied-article-spa	safe	0.7413	approved	0				article the original does not write, read as one by UDPipe's Spanish-AnCora model (Straka and Straková, ÚFAL, CC BY-NC-SA 4.0); rests on 'sepulcros' → 'קִבְרֹ֣ות'
35:26	4	los				expands	supplied-article-spa	safe	0.6657	approved	0				article the original does not write, read as one by UDPipe's Spanish-AnCora model (Straka and Straková, ÚFAL, CC BY-NC-SA 4.0); rests on 'hechos' → 'דִּבְרֵ֥י'
35:26	19	la				expands	supplied-article-spa	safe	0.7408	approved	0				article the original does not write, read as one by UDPipe's Spanish-AnCora model (Straka and Straková, ÚFAL, CC BY-NC-SA 4.0); rests on 'ley' → 'תֹורַ֥ת'
35:27	12	el				expands	supplied-article-spa	safe	0.7667	approved	0				article the original does not write, read as one by UDPipe's Spanish-AnCora model (Straka and Straková, ÚFAL, CC BY-NC-SA 4.0); rests on 'libro' → 'סֵ֥פֶר'
35:27	15	los				expands	supplied-article-spa	safe	0.7839	approved	0				article the original does not write, read as one by UDPipe's Spanish-AnCora model (Straka and Straková, ÚFAL, CC BY-NC-SA 4.0); rests on 'reyes' → 'מַלְכֵֽי'
36:1	2	el				expands	supplied-article-spa	safe	0.79	approved	0				article the original does not write, read as one by UDPipe's Spanish-AnCora model (Straka and Straková, ÚFAL, CC BY-NC-SA 4.0); rests on 'pueblo' → 'עַם'
36:3	2	el				expands	supplied-article-spa	safe	0.7783	approved	0				article the original does not write, read as one by UDPipe's Spanish-AnCora model (Straka and Straková, ÚFAL, CC BY-NC-SA 4.0); rests on 'rey' → 'מֶֽלֶךְ'
36:4	3	el				expands	supplied-article-spa	safe	0.7783	approved	0				article the original does not write, read as one by UDPipe's Spanish-AnCora model (Straka and Straková, ÚFAL, CC BY-NC-SA 4.0); rests on 'rey' → 'מֶֽלֶךְ'
36:4	19	el				expands	supplied-article-spa	safe	0.7864	approved	0				article the original does not write, read as one by UDPipe's Spanish-AnCora model (Straka and Straková, ÚFAL, CC BY-NC-SA 4.0); rests on 'nombre' → 'שְׁמֹ֖ו'
36:7	7	los				expands	supplied-article-spa	safe	0.8	approved	0				article the original does not write, read as one by UDPipe's Spanish-AnCora model (Straka and Straková, ÚFAL, CC BY-NC-SA 4.0); rests on 'vasos' → 'כְּלֵי֙'
36:7	10	la				expands	supplied-article-spa	safe	0.7913	approved	0				article the original does not write, read as one by UDPipe's Spanish-AnCora model (Straka and Straková, ÚFAL, CC BY-NC-SA 4.0); rests on 'casa' → 'בֵּ֣ית'
36:8	4	los				expands	supplied-article-spa	safe	0.6676	approved	0				article the original does not write, read as one by UDPipe's Spanish-AnCora model (Straka and Straková, ÚFAL, CC BY-NC-SA 4.0); rests on 'hechos' → 'דִּבְרֵ֨י'
36:8	9	las				expands	supplied-article-spa	safe	0.6938	approved	0				article the original does not write, read as one by UDPipe's Spanish-AnCora model (Straka and Straková, ÚFAL, CC BY-NC-SA 4.0); rests on 'abominaciones' → 'תֹֽעֲבֹתָ֤יו'
36:8	25	el				expands	supplied-article-spa	safe	0.7669	approved	0				article the original does not write, read as one by UDPipe's Spanish-AnCora model (Straka and Straková, ÚFAL, CC BY-NC-SA 4.0); rests on 'libro' → 'סֵ֛פֶר'
36:8	28	los				expands	supplied-article-spa	safe	0.7839	approved	0				article the original does not write, read as one by UDPipe's Spanish-AnCora model (Straka and Straková, ÚFAL, CC BY-NC-SA 4.0); rests on 'reyes' → 'מַלְכֵ֥י'
36:10	17	los				expands	supplied-article-spa	safe	0.8	approved	0				article the original does not write, read as one by UDPipe's Spanish-AnCora model (Straka and Straková, ÚFAL, CC BY-NC-SA 4.0); rests on 'vasos' → 'כְּלֵ֖י'
36:10	21	la				expands	supplied-article-spa	safe	0.7913	approved	0				article the original does not write, read as one by UDPipe's Spanish-AnCora model (Straka and Straková, ÚFAL, CC BY-NC-SA 4.0); rests on 'casa' → 'בֵּית'
36:13	24	el				expands	supplied-article-spa	safe	0.7332	approved	0				article the original does not write, read as one by UDPipe's Spanish-AnCora model (Straka and Straková, ÚFAL, CC BY-NC-SA 4.0); rests on 'Dios' → 'אֱלֹהֵ֥י'
36:14	4	los				expands	supplied-article-spa	safe	0.6294	approved	0				article the original does not write, read as one by UDPipe's Spanish-AnCora model (Straka and Straková, ÚFAL, CC BY-NC-SA 4.0); rests on 'príncipes' → 'שָׂרֵ֨י'
36:14	17	las				expands	supplied-article-spa	safe	0.6938	approved	0				article the original does not write, read as one by UDPipe's Spanish-AnCora model (Straka and Straková, ÚFAL, CC BY-NC-SA 4.0); rests on 'abominaciones' → 'תֹּעֲבֹ֣ות'
36:14	24	la				expands	supplied-article-spa	safe	0.7913	approved	0				article the original does not write, read as one by UDPipe's Spanish-AnCora model (Straka and Straková, ÚFAL, CC BY-NC-SA 4.0); rests on 'casa' → 'בֵּ֣ית'
36:15	3	el				expands	supplied-article-spa	safe	0.7332	approved	0				article the original does not write, read as one by UDPipe's Spanish-AnCora model (Straka and Straková, ÚFAL, CC BY-NC-SA 4.0); rests on 'Dios' → 'אֱלֹהֵ֨י'
36:16	6	los				expands	supplied-article-spa	safe	0.7912	approved	0				article the original does not write, read as one by UDPipe's Spanish-AnCora model (Straka and Straková, ÚFAL, CC BY-NC-SA 4.0); rests on 'mensajeros' → 'מַלְאֲכֵ֣י'
36:17	10	los				expands	supplied-article-spa	safe	0.7829	approved	0				article the original does not write, read as one by UDPipe's Spanish-AnCora model (Straka and Straková, ÚFAL, CC BY-NC-SA 4.0); rests on 'Caldeos' → 'כשׂדיים'
36:17	19	la				expands	supplied-article-spa	safe	0.7913	approved	0				article the original does not write, read as one by UDPipe's Spanish-AnCora model (Straka and Straková, ÚFAL, CC BY-NC-SA 4.0); rests on 'casa' → 'בֵ֣ית'
36:18	3	los				expands	supplied-article-spa	safe	0.8	approved	0				article the original does not write, read as one by UDPipe's Spanish-AnCora model (Straka and Straková, ÚFAL, CC BY-NC-SA 4.0); rests on 'vasos' → 'כְּלֵ֞י'
36:18	6	la				expands	supplied-article-spa	safe	0.7913	approved	0				article the original does not write, read as one by UDPipe's Spanish-AnCora model (Straka and Straková, ÚFAL, CC BY-NC-SA 4.0); rests on 'casa' → 'בֵּ֤ית'
36:18	13	los				expands	supplied-article-spa	safe	0.7417	approved	0				article the original does not write, read as one by UDPipe's Spanish-AnCora model (Straka and Straková, ÚFAL, CC BY-NC-SA 4.0); rests on 'tesoros' → 'אֹֽצְרֹות֙'
36:18	16	la				expands	supplied-article-spa	safe	0.7913	approved	0				article the original does not write, read as one by UDPipe's Spanish-AnCora model (Straka and Straková, ÚFAL, CC BY-NC-SA 4.0); rests on 'casa' → 'בֵּ֣ית'
36:18	21	los				expands	supplied-article-spa	safe	0.7417	approved	0				article the original does not write, read as one by UDPipe's Spanish-AnCora model (Straka and Straková, ÚFAL, CC BY-NC-SA 4.0); rests on 'tesoros' → 'אֹצְרֹ֥ות'
36:19	3	la				expands	supplied-article-spa	safe	0.7913	approved	0				article the original does not write, read as one by UDPipe's Spanish-AnCora model (Straka and Straková, ÚFAL, CC BY-NC-SA 4.0); rests on 'casa' → 'בֵּ֣ית'
36:19	9	el				expands	supplied-article-spa	safe	0.7265	approved	0				article the original does not write, read as one by UDPipe's Spanish-AnCora model (Straka and Straková, ÚFAL, CC BY-NC-SA 4.0); rests on 'muro' → 'חֹומַ֣ת'
36:21	5	la				expands	supplied-article-spa	safe	0.7521	approved	0				article the original does not write, read as one by UDPipe's Spanish-AnCora model (Straka and Straková, ÚFAL, CC BY-NC-SA 4.0); rests on 'palabra' → 'דְּבַר'
36:21	10	la				expands	supplied-article-spa	safe	0.7853	approved	0				article the original does not write, read as one by UDPipe's Spanish-AnCora model (Straka and Straková, ÚFAL, CC BY-NC-SA 4.0); rests on 'boca' → 'פִ֣י'
36:21	32	los				expands	supplied-article-spa	safe	0.7903	approved	0				article the original does not write, read as one by UDPipe's Spanish-AnCora model (Straka and Straková, ÚFAL, CC BY-NC-SA 4.0); rests on 'años' → 'שָׁנָֽה'
36:22	15	la				expands	supplied-article-spa	safe	0.7521	approved	0				article the original does not write, read as one by UDPipe's Spanish-AnCora model (Straka and Straková, ÚFAL, CC BY-NC-SA 4.0); rests on 'palabra' → 'דְּבַר'
36:22	25	el				expands	supplied-article-spa	safe	0.7757	approved	0				article the original does not write, read as one by UDPipe's Spanish-AnCora model (Straka and Straková, ÚFAL, CC BY-NC-SA 4.0); rests on 'espíritu' → 'ר֨וּחַ֙'
36:23	9	el				expands	supplied-article-spa	safe	0.7332	approved	0				article the original does not write, read as one by UDPipe's Spanish-AnCora model (Straka and Straková, ÚFAL, CC BY-NC-SA 4.0); rests on 'Dios' → 'אֱלֹהֵ֣י'
36:23	18	los				expands	supplied-article-spa	safe	0.782	approved	0				article the original does not write, read as one by UDPipe's Spanish-AnCora model (Straka and Straková, ÚFAL, CC BY-NC-SA 4.0); rests on 'reinos' → 'מַמְלְכֹ֤ות'
