at	word	surface	target_at	target	target_surface	absence	rule	tier	confidence	verdict	review	corrected_at	corrected	corrected_surface	rationale
1:2	3	la				expands	supplied-article-spa	safe	0.7405	approved	0				article the original does not write, read as one by UDPipe's Spanish-AnCora model (Straka and Straková, ÚFAL, CC BY-NC-SA 4.0); rests on 'ley' → 'תֹורַ֥ת'
1:3	4	el				expands	supplied-article-spa	safe	0.7746	approved	0				article the original does not write, read as one by UDPipe's Spanish-AnCora model (Straka and Straková, ÚFAL, CC BY-NC-SA 4.0); rests on 'árbol' → 'עֵץ֮'
1:4	11	el				expands	supplied-article-spa	safe	0.7942	approved	0				article the original does not write, read as one by UDPipe's Spanish-AnCora model (Straka and Straková, ÚFAL, CC BY-NC-SA 4.0); rests on 'viento' → 'רֽוּחַ'
1:5	12	los				expands	supplied-article-spa	safe	0.6816	approved	0				article the original does not write, read as one by UDPipe's Spanish-AnCora model (Straka and Straková, ÚFAL, CC BY-NC-SA 4.0); rests on 'pecadores' → 'חַטָּאִ֗ים'
1:5	18	los				expands	supplied-article-spa	safe	0.7847	approved	0				article the original does not write, read as one by UDPipe's Spanish-AnCora model (Straka and Straková, ÚFAL, CC BY-NC-SA 4.0); rests on 'justos' → 'צַדִּיקִֽים'
1:6	4	el				expands	supplied-article-spa	safe	0.7508	approved	0				article the original does not write, read as one by UDPipe's Spanish-AnCora model (Straka and Straková, ÚFAL, CC BY-NC-SA 4.0); rests on 'camino' → 'דֶּ֣רֶךְ'
1:6	7	los				expands	supplied-article-spa	safe	0.7847	approved	0				article the original does not write, read as one by UDPipe's Spanish-AnCora model (Straka and Straková, ÚFAL, CC BY-NC-SA 4.0); rests on 'justos' → 'צַדִּיקִ֑ים'
2:1	5	las				expands	supplied-article-spa	safe	0.7948	approved	0				article the original does not write, read as one by UDPipe's Spanish-AnCora model (Straka and Straková, ÚFAL, CC BY-NC-SA 4.0); rests on 'gentes' → 'גֹויִ֑ם'
2:2	2	los				expands	supplied-article-spa	safe	0.7839	approved	0				article the original does not write, read as one by UDPipe's Spanish-AnCora model (Straka and Straková, ÚFAL, CC BY-NC-SA 4.0); rests on 'reyes' → 'מַלְכֵי'
2:2	5	la				expands	supplied-article-spa	safe	0.752	approved	0				article the original does not write, read as one by UDPipe's Spanish-AnCora model (Straka and Straková, ÚFAL, CC BY-NC-SA 4.0); rests on 'tierra' → 'אֶ֗רֶץ'
2:8	7	las				expands	supplied-article-spa	safe	0.7948	approved	0				article the original does not write, read as one by UDPipe's Spanish-AnCora model (Straka and Straková, ÚFAL, CC BY-NC-SA 4.0); rests on 'gentes' → 'גֹ֭ויִם'
2:8	16	la				expands	supplied-article-spa	safe	0.752	approved	0				article the original does not write, read as one by UDPipe's Spanish-AnCora model (Straka and Straková, ÚFAL, CC BY-NC-SA 4.0); rests on 'tierra' → 'אָֽרֶץ'
2:10	9	la				expands	supplied-article-spa	safe	0.752	approved	0				article the original does not write, read as one by UDPipe's Spanish-AnCora model (Straka and Straková, ÚFAL, CC BY-NC-SA 4.0); rests on 'tierra' → 'אָֽרֶץ'
2:12	11	el				expands	supplied-article-spa	safe	0.7509	approved	0				article the original does not write, read as one by UDPipe's Spanish-AnCora model (Straka and Straková, ÚFAL, CC BY-NC-SA 4.0); rests on 'camino' → 'דֶ֗רֶךְ'
3:4	12	el				expands	supplied-article-spa	safe	0.7697	approved	0				article the original does not write, read as one by UDPipe's Spanish-AnCora model (Straka and Straková, ÚFAL, CC BY-NC-SA 4.0); rests on 'monte' → 'הַ֖ר'
3:7	14	la				expands	supplied-article-spa	safe	0.725	approved	0				article the original does not write, read as one by UDPipe's Spanish-AnCora model (Straka and Straková, ÚFAL, CC BY-NC-SA 4.0); rests on 'quijada' → 'לֶ֑חִי'
3:7	16	los				expands	supplied-article-spa	safe	0.7827	approved	0				article the original does not write, read as one by UDPipe's Spanish-AnCora model (Straka and Straková, ÚFAL, CC BY-NC-SA 4.0); rests on 'dientes' → 'שִׁנֵּ֖י'
4:6	6	el				expands	supplied-article-spa	safe	0.6207	approved	0				article the original does not write, read as one by UDPipe's Spanish-AnCora model (Straka and Straková, ÚFAL, CC BY-NC-SA 4.0); rests on 'bien' → 'טֹ֥וב'
4:6	13	la				expands	supplied-article-spa	safe	0.7224	approved	0				article the original does not write, read as one by UDPipe's Spanish-AnCora model (Straka and Straková, ÚFAL, CC BY-NC-SA 4.0); rests on 'luz' → 'אֹ֨ור'
5:2	4	la				expands	supplied-article-spa	safe	0.7935	approved	0				article the original does not write, read as one by UDPipe's Spanish-AnCora model (Straka and Straková, ÚFAL, CC BY-NC-SA 4.0); rests on 'voz' → 'קֹ֬ול'
5:4	11	el				expands	supplied-article-spa	safe	0.7238	approved	0				article the original does not write, read as one by UDPipe's Spanish-AnCora model (Straka and Straková, ÚFAL, CC BY-NC-SA 4.0); rests on 'malo' → 'רָֽע'
6:6	8	las				expands	supplied-article-spa	safe	0.8	approved	0				article the original does not write, read as one by UDPipe's Spanish-AnCora model (Straka and Straková, ÚFAL, CC BY-NC-SA 4.0); rests on 'noches' → 'לַ֭יְלָה'
6:8	13	la				expands	supplied-article-spa	safe	0.7935	approved	0				article the original does not write, read as one by UDPipe's Spanish-AnCora model (Straka and Straková, ÚFAL, CC BY-NC-SA 4.0); rests on 'voz' → 'קֹ֣ול'
7:6	21	el				expands	supplied-article-spa	safe	0.7373	approved	0				article the original does not write, read as one by UDPipe's Spanish-AnCora model (Straka and Straková, ÚFAL, CC BY-NC-SA 4.0); rests on 'juicio' → 'מִשְׁפָּ֥ט'
7:8	3	los				expands	supplied-article-spa	safe	0.7614	approved	0				article the original does not write, read as one by UDPipe's Spanish-AnCora model (Straka and Straková, ÚFAL, CC BY-NC-SA 4.0); rests on 'pueblos' → 'עַ֫מִּ֥ים'
7:9	13	el				expands	supplied-article-spa	safe	0.7335	approved	0				article the original does not write, read as one by UDPipe's Spanish-AnCora model (Straka and Straková, ÚFAL, CC BY-NC-SA 4.0); rests on 'Dios' → 'אֱלֹהִ֥ים'
7:9	20	los				expands	supplied-article-spa	safe	0.7763	approved	0				article the original does not write, read as one by UDPipe's Spanish-AnCora model (Straka and Straková, ÚFAL, CC BY-NC-SA 4.0); rests on 'riñones' → 'כְלָיֹ֗ות'
7:10	9	los				expands	supplied-article-spa	safe	0.7635	approved	0				article the original does not write, read as one by UDPipe's Spanish-AnCora model (Straka and Straková, ÚFAL, CC BY-NC-SA 4.0); rests on 'rectos' → 'יִשְׁרֵי'
7:11	13	los				expands	supplied-article-spa	safe	0.7849	approved	0				article the original does not write, read as one by UDPipe's Spanish-AnCora model (Straka and Straková, ÚFAL, CC BY-NC-SA 4.0); rests on 'días' → 'יֹֽום'
7:17	15	el				expands	supplied-article-spa	safe	0.7481	approved	0				article the original does not write, read as one by UDPipe's Spanish-AnCora model (Straka and Straková, ÚFAL, CC BY-NC-SA 4.0); rests on 'Altísimo' → 'עֶלְיֹֽון'
8:2	2	la				expands	supplied-article-spa	safe	0.7854	approved	0				article the original does not write, read as one by UDPipe's Spanish-AnCora model (Straka and Straková, ÚFAL, CC BY-NC-SA 4.0); rests on 'boca' → 'פִּ֤י'
8:3	9	la				expands	supplied-article-spa	safe	0.6909	approved	0				article the original does not write, read as one by UDPipe's Spanish-AnCora model (Straka and Straková, ÚFAL, CC BY-NC-SA 4.0); rests on 'luna' → 'יָרֵ֥חַ'
8:3	12	las				expands	supplied-article-spa	safe	0.8	approved	0				article the original does not write, read as one by UDPipe's Spanish-AnCora model (Straka and Straková, ÚFAL, CC BY-NC-SA 4.0); rests on 'estrellas' → 'כֹוכָבִ֗ים'
8:4	13	el				expands	supplied-article-spa	safe	0.7928	approved	0				article the original does not write, read as one by UDPipe's Spanish-AnCora model (Straka and Straková, ÚFAL, CC BY-NC-SA 4.0); rests on 'hijo' → 'בֶן'
8:7	8	las				expands	supplied-article-spa	safe	0.6313	approved	0				article the original does not write, read as one by UDPipe's Spanish-AnCora model (Straka and Straková, ÚFAL, CC BY-NC-SA 4.0); rests on 'bestias' → 'בַּהֲמֹ֥ות'
8:8	4	los				expands	supplied-article-spa	safe	0.7771	approved	0				article the original does not write, read as one by UDPipe's Spanish-AnCora model (Straka and Straková, ÚFAL, CC BY-NC-SA 4.0); rests on 'cielos' → 'שָׁ֭מַיִם'
8:8	19	la				expands	supplied-article-spa	safe	0.7912	approved	0				article the original does not write, read as one by UDPipe's Spanish-AnCora model (Straka and Straková, ÚFAL, CC BY-NC-SA 4.0); rests on 'mar' → 'יַמִּֽים'
9:5	7	el				expands	supplied-article-spa	safe	0.7863	approved	0				article the original does not write, read as one by UDPipe's Spanish-AnCora model (Straka and Straková, ÚFAL, CC BY-NC-SA 4.0); rests on 'nombre' → 'שְׁמָ֥ם'
9:6	10	las				expands	supplied-article-spa	safe	0.7733	approved	0				article the original does not write, read as one by UDPipe's Spanish-AnCora model (Straka and Straková, ÚFAL, CC BY-NC-SA 4.0); rests on 'ciudades' → 'עָרִ֥ים'
9:8	4	el				expands	supplied-article-spa	safe	0.775	approved	0				article the original does not write, read as one by UDPipe's Spanish-AnCora model (Straka and Straková, ÚFAL, CC BY-NC-SA 4.0); rests on 'mundo' → 'תֵּבֵ֥ל'
9:12	3	la				expands	supplied-article-spa	safe	0.788	approved	0				article the original does not write, read as one by UDPipe's Spanish-AnCora model (Straka and Straková, ÚFAL, CC BY-NC-SA 4.0); rests on 'sangre' → 'דָּ֭מִים'
9:13	24	la				expands	supplied-article-spa	safe	0.6431	approved	0				article the original does not write, read as one by UDPipe's Spanish-AnCora model (Straka and Straková, ÚFAL, CC BY-NC-SA 4.0); rests on 'muerte' → 'מָֽוֶת'
9:14	11	la				expands	supplied-article-spa	safe	0.795	approved	0				article the original does not write, read as one by UDPipe's Spanish-AnCora model (Straka and Straková, ÚFAL, CC BY-NC-SA 4.0); rests on 'hija' → 'בַת'
9:15	2	las				expands	supplied-article-spa	safe	0.7948	approved	0				article the original does not write, read as one by UDPipe's Spanish-AnCora model (Straka and Straková, ÚFAL, CC BY-NC-SA 4.0); rests on 'gentes' → 'גֹ֭ויִם'
9:15	10	la				expands	supplied-article-spa	safe	0.5911	approved	0				article the original does not write, read as one by UDPipe's Spanish-AnCora model (Straka and Straková, ÚFAL, CC BY-NC-SA 4.0); rests on 'red' → 'רֶֽשֶׁת'
9:16	5	el				expands	supplied-article-spa	safe	0.7369	approved	0				article the original does not write, read as one by UDPipe's Spanish-AnCora model (Straka and Straková, ÚFAL, CC BY-NC-SA 4.0); rests on 'juicio' → 'מִשְׁפָּ֢ט'
9:17	8	las				expands	supplied-article-spa	safe	0.7948	approved	0				article the original does not write, read as one by UDPipe's Spanish-AnCora model (Straka and Straková, ÚFAL, CC BY-NC-SA 4.0); rests on 'gentes' → 'גֹּ֝ויִ֗ם'
9:18	10	la				expands	supplied-article-spa	safe	0.5712	approved	0				article the original does not write, read as one by UDPipe's Spanish-AnCora model (Straka and Straková, ÚFAL, CC BY-NC-SA 4.0); rests on 'esperanza' → 'תִּקְוַ֥ת'
9:19	11	las				expands	supplied-article-spa	safe	0.7948	approved	0				article the original does not write, read as one by UDPipe's Spanish-AnCora model (Straka and Straková, ÚFAL, CC BY-NC-SA 4.0); rests on 'gentes' → 'גֹ֝ויִ֗ם'
9:20	8	las				expands	supplied-article-spa	safe	0.7948	approved	0				article the original does not write, read as one by UDPipe's Spanish-AnCora model (Straka and Straková, ÚFAL, CC BY-NC-SA 4.0); rests on 'gentes' → 'גֹויִ֑ם'
10:9	5	el				expands	supplied-article-spa	safe	0.6831	approved	0				article the original does not write, read as one by UDPipe's Spanish-AnCora model (Straka and Straková, ÚFAL, CC BY-NC-SA 4.0); rests on 'león' → 'אַרְיֵ֬ה'
10:15	2	el				expands	supplied-article-spa	safe	0.771	approved	0				article the original does not write, read as one by UDPipe's Spanish-AnCora model (Straka and Straková, ÚFAL, CC BY-NC-SA 4.0); rests on 'brazo' → 'זְרֹ֣ועַ'
10:16	11	las				expands	supplied-article-spa	safe	0.7949	approved	0				article the original does not write, read as one by UDPipe's Spanish-AnCora model (Straka and Straková, ÚFAL, CC BY-NC-SA 4.0); rests on 'gentes' → 'גֹ֝ויִ֗ם'
10:17	4	los				expands	supplied-article-spa	safe	0.65	approved	0				article the original does not write, read as one by UDPipe's Spanish-AnCora model (Straka and Straková, ÚFAL, CC BY-NC-SA 4.0); rests on 'humildes' → 'עֲנָוִ֣ים'
11:2	7	el				expands	supplied-article-spa	safe	0.792	approved	0				article the original does not write, read as one by UDPipe's Spanish-AnCora model (Straka and Straková, ÚFAL, CC BY-NC-SA 4.0); rests on 'arco' → 'קֶ֗שֶׁת'
11:2	20	los				expands	supplied-article-spa	safe	0.7635	approved	0				article the original does not write, read as one by UDPipe's Spanish-AnCora model (Straka and Straková, ÚFAL, CC BY-NC-SA 4.0); rests on 'rectos' → 'יִשְׁרֵי'
11:3	10	el				expands	supplied-article-spa	safe	0.7464	approved	0				article the original does not write, read as one by UDPipe's Spanish-AnCora model (Straka and Straková, ÚFAL, CC BY-NC-SA 4.0); rests on 'justo' → 'צַ֝דִּ֗יק'
11:4	8	la				expands	supplied-article-spa	safe	0.6313	approved	0				article the original does not write, read as one by UDPipe's Spanish-AnCora model (Straka and Straková, ÚFAL, CC BY-NC-SA 4.0); rests on 'silla' → 'כִּ֫סְאֹ֥ו'
11:4	23	los				expands	supplied-article-spa	safe	0.7923	approved	0				article the original does not write, read as one by UDPipe's Spanish-AnCora model (Straka and Straková, ÚFAL, CC BY-NC-SA 4.0); rests on 'hijos' → 'בְּנֵ֣י'
11:5	12	la				expands	supplied-article-spa	safe	0.6091	approved	0				article the original does not write, read as one by UDPipe's Spanish-AnCora model (Straka and Straková, ÚFAL, CC BY-NC-SA 4.0); rests on 'violencia' → 'חָמָ֑ס'
11:7	2	el				expands	supplied-article-spa	safe	0.7577	approved	0				article the original does not write, read as one by UDPipe's Spanish-AnCora model (Straka and Straková, ÚFAL, CC BY-NC-SA 4.0); rests on 'Jehová' → 'יְ֭הוָה'
12:1	21	los				expands	supplied-article-spa	safe	0.7437	approved	0				article the original does not write, read as one by UDPipe's Spanish-AnCora model (Straka and Straková, ÚFAL, CC BY-NC-SA 4.0); rests on 'fieles' → 'אֱ֝מוּנִ֗ים'
12:1	25	los				expands	supplied-article-spa	safe	0.7923	approved	0				article the original does not write, read as one by UDPipe's Spanish-AnCora model (Straka and Straková, ÚFAL, CC BY-NC-SA 4.0); rests on 'hijos' → 'בְּנֵ֥י'
12:3	4	los				expands	supplied-article-spa	safe	0.7907	approved	0				article the original does not write, read as one by UDPipe's Spanish-AnCora model (Straka and Straková, ÚFAL, CC BY-NC-SA 4.0); rests on 'labios' → 'שִׂפְתֵ֣י'
12:3	7	la				expands	supplied-article-spa	safe	0.7779	approved	0				article the original does not write, read as one by UDPipe's Spanish-AnCora model (Straka and Straková, ÚFAL, CC BY-NC-SA 4.0); rests on 'lengua' → 'לָ֝שֹׁ֗ון'
12:5	11	los				expands	supplied-article-spa	safe	0.755	approved	0				article the original does not write, read as one by UDPipe's Spanish-AnCora model (Straka and Straková, ÚFAL, CC BY-NC-SA 4.0); rests on 'menesterosos' → 'אֶבְיֹ֫ונִ֥ים'
12:8	12	los				expands	supplied-article-spa	safe	0.7923	approved	0				article the original does not write, read as one by UDPipe's Spanish-AnCora model (Straka and Straková, ÚFAL, CC BY-NC-SA 4.0); rests on 'hijos' → 'בְנֵ֥י'
14:2	4	los				expands	supplied-article-spa	safe	0.7772	approved	0				article the original does not write, read as one by UDPipe's Spanish-AnCora model (Straka and Straková, ÚFAL, CC BY-NC-SA 4.0); rests on 'cielos' → 'שָּׁמַיִם֮'
14:2	7	los				expands	supplied-article-spa	safe	0.7923	approved	0				article the original does not write, read as one by UDPipe's Spanish-AnCora model (Straka and Straková, ÚFAL, CC BY-NC-SA 4.0); rests on 'hijos' → 'בְּנֵי'
14:5	12	los				expands	supplied-article-spa	safe	0.785	approved	0				article the original does not write, read as one by UDPipe's Spanish-AnCora model (Straka and Straková, ÚFAL, CC BY-NC-SA 4.0); rests on 'justos' → 'צַדִּֽיק'
14:6	1	El				expands	supplied-article-spa	safe	0.65	approved	0				article the original does not write, read as one by UDPipe's Spanish-AnCora model (Straka and Straková, ÚFAL, CC BY-NC-SA 4.0); rests on 'consejo' → 'עֲצַת'
15:1	13	el				expands	supplied-article-spa	safe	0.771	approved	0				article the original does not write, read as one by UDPipe's Spanish-AnCora model (Straka and Straková, ÚFAL, CC BY-NC-SA 4.0); rests on 'monte' → 'הַ֣ר'
15:5	10	el				expands	supplied-article-spa	safe	0.6544	approved	0				article the original does not write, read as one by UDPipe's Spanish-AnCora model (Straka and Straková, ÚFAL, CC BY-NC-SA 4.0); rests on 'inocente' → 'נָקִ֗י'
16:6	11	la				expands	supplied-article-spa	safe	0.6224	approved	0				article the original does not write, read as one by UDPipe's Spanish-AnCora model (Straka and Straková, ÚFAL, CC BY-NC-SA 4.0); rests on 'heredad' → 'נַ֝חֲלָ֗ת'
16:7	9	las				expands	supplied-article-spa	safe	0.8	approved	0				article the original does not write, read as one by UDPipe's Spanish-AnCora model (Straka and Straková, ÚFAL, CC BY-NC-SA 4.0); rests on 'noches' → 'לֵ֝ילֹ֗ות'
17:4	6	la				expands	supplied-article-spa	safe	0.7521	approved	0				article the original does not write, read as one by UDPipe's Spanish-AnCora model (Straka and Straková, ÚFAL, CC BY-NC-SA 4.0); rests on 'palabra' → 'דְבַ֣ר'
17:8	12	la				expands	supplied-article-spa	safe	0.6672	approved	0				article the original does not write, read as one by UDPipe's Spanish-AnCora model (Straka and Straková, ÚFAL, CC BY-NC-SA 4.0); rests on 'sombra' → 'צֵ֥ל'
18:2	20	el				expands	supplied-article-spa	safe	0.6615	approved	0				article the original does not write, read as one by UDPipe's Spanish-AnCora model (Straka and Straková, ÚFAL, CC BY-NC-SA 4.0); rests on 'cuerno' → 'קֶֽרֶן'
18:7	13	los				expands	supplied-article-spa	safe	0.7856	approved	0				article the original does not write, read as one by UDPipe's Spanish-AnCora model (Straka and Straková, ÚFAL, CC BY-NC-SA 4.0); rests on 'montes' → 'הָרִ֣ים'
18:9	3	los				expands	supplied-article-spa	safe	0.7788	approved	0				article the original does not write, read as one by UDPipe's Spanish-AnCora model (Straka and Straková, ÚFAL, CC BY-NC-SA 4.0); rests on 'cielos' → 'שָׁ֭מַיִם'
18:10	4	un				expands	supplied-indefinite-article-spa	safe	0.8	approved	0				indefinite article, read as one by UDPipe's Spanish-AnCora model (Straka and Straková, ÚFAL, CC BY-NC-SA 4.0); rests on 'querubín' → 'כְּ֭רוּב'
18:10	10	las				expands	supplied-article-spa	safe	0.7637	approved	0				article the original does not write, read as one by UDPipe's Spanish-AnCora model (Straka and Straková, ÚFAL, CC BY-NC-SA 4.0); rests on 'alas' → 'כַּנְפֵי'
18:12	2	el				expands	supplied-article-spa	safe	0.6239	approved	0				article the original does not write, read as one by UDPipe's Spanish-AnCora model (Straka and Straková, ÚFAL, CC BY-NC-SA 4.0); rests on 'resplandor' → 'נֹּ֗גַהּ'
18:13	8	el				expands	supplied-article-spa	safe	0.7481	approved	0				article the original does not write, read as one by UDPipe's Spanish-AnCora model (Straka and Straková, ÚFAL, CC BY-NC-SA 4.0); rests on 'Altísimo' → 'עֶלְיֹון'
18:15	6	las				expands	supplied-article-spa	safe	0.7937	approved	0				article the original does not write, read as one by UDPipe's Spanish-AnCora model (Straka and Straková, ÚFAL, CC BY-NC-SA 4.0); rests on 'aguas' → 'מַ֗יִם'
18:16	8	las				expands	supplied-article-spa	safe	0.7937	approved	0				article the original does not write, read as one by UDPipe's Spanish-AnCora model (Straka and Straková, ÚFAL, CC BY-NC-SA 4.0); rests on 'aguas' → 'מַּ֥יִם'
18:18	3	el				expands	supplied-article-spa	safe	0.7597	approved	0				article the original does not write, read as one by UDPipe's Spanish-AnCora model (Straka and Straková, ÚFAL, CC BY-NC-SA 4.0); rests on 'día' → 'יֹום'
18:20	10	la				expands	supplied-article-spa	safe	0.575	approved	0				article the original does not write, read as one by UDPipe's Spanish-AnCora model (Straka and Straková, ÚFAL, CC BY-NC-SA 4.0); rests on 'limpieza' → 'בֹ֥ר'
18:21	5	los				expands	supplied-article-spa	safe	0.7457	approved	0				article the original does not write, read as one by UDPipe's Spanish-AnCora model (Straka and Straková, ÚFAL, CC BY-NC-SA 4.0); rests on 'caminos' → 'דַּרְכֵ֣י'
18:24	10	la				expands	supplied-article-spa	safe	0.575	approved	0				article the original does not write, read as one by UDPipe's Spanish-AnCora model (Straka and Straková, ÚFAL, CC BY-NC-SA 4.0); rests on 'limpieza' → 'בֹ֥ר'
18:27	9	los				expands	supplied-article-spa	safe	0.7877	approved	0				article the original does not write, read as one by UDPipe's Spanish-AnCora model (Straka and Straková, ÚFAL, CC BY-NC-SA 4.0); rests on 'ojos' → 'עֵינַ֖יִם'
18:34	14	el				expands	supplied-article-spa	safe	0.792	approved	0				article the original does not write, read as one by UDPipe's Spanish-AnCora model (Straka and Straková, ÚFAL, CC BY-NC-SA 4.0); rests on 'arco' → 'קֶֽשֶׁת'
18:35	3	el				expands	supplied-article-spa	safe	0.708	approved	0				article the original does not write, read as one by UDPipe's Spanish-AnCora model (Straka and Straková, ÚFAL, CC BY-NC-SA 4.0); rests on 'escudo' → 'מָגֵ֢ן'
18:40	3	la				expands	supplied-article-spa	safe	0.695	approved	0				article the original does not write, read as one by UDPipe's Spanish-AnCora model (Straka and Straková, ÚFAL, CC BY-NC-SA 4.0); rests on 'cerviz' → 'עֹ֑רֶף'
18:42	12	las				expands	supplied-article-spa	safe	0.6762	approved	0				article the original does not write, read as one by UDPipe's Spanish-AnCora model (Straka and Straková, ÚFAL, CC BY-NC-SA 4.0); rests on 'calles' → 'חוּצֹ֣ות'
18:44	7	los				expands	supplied-article-spa	safe	0.7923	approved	0				article the original does not write, read as one by UDPipe's Spanish-AnCora model (Straka and Straková, ÚFAL, CC BY-NC-SA 4.0); rests on 'hijos' → 'בְּנֵֽי'
19:1	10	la				expands	supplied-article-spa	safe	0.6788	approved	0				article the original does not write, read as one by UDPipe's Spanish-AnCora model (Straka and Straková, ÚFAL, CC BY-NC-SA 4.0); rests on 'gloria' → 'כְּבֹֽוד'
19:2	1	El				expands	supplied-article-spa	safe	0.7597	approved	0				article the original does not write, read as one by UDPipe's Spanish-AnCora model (Straka and Straková, ÚFAL, CC BY-NC-SA 4.0); rests on 'día' → 'יֹ֣ום'
19:2	2	un				expands	supplied-indefinite-article-spa	safe	0.7597	approved	0				indefinite article, read as one by UDPipe's Spanish-AnCora model (Straka and Straková, ÚFAL, CC BY-NC-SA 4.0); rests on 'día' → 'יֹ֣ום'
19:2	10	la				expands	supplied-article-spa	safe	0.7367	approved	0				article the original does not write, read as one by UDPipe's Spanish-AnCora model (Straka and Straková, ÚFAL, CC BY-NC-SA 4.0); rests on 'noche' → 'לַ֥יְלָה'
19:2	11	una				expands	supplied-indefinite-article-spa	safe	0.7367	approved	0				indefinite article, read as one by UDPipe's Spanish-AnCora model (Straka and Straková, ÚFAL, CC BY-NC-SA 4.0); rests on 'noche' → 'לַ֥יְלָה'
19:2	14	la				expands	supplied-article-spa	safe	0.7367	approved	0				article the original does not write, read as one by UDPipe's Spanish-AnCora model (Straka and Straková, ÚFAL, CC BY-NC-SA 4.0); rests on 'noche' → 'לַ֗יְלָה'
19:7	1	La				expands	supplied-article-spa	safe	0.7408	approved	0				article the original does not write, read as one by UDPipe's Spanish-AnCora model (Straka and Straková, ÚFAL, CC BY-NC-SA 4.0); rests on 'ley' → 'תֹּ֘ורַ֤ת'
19:7	11	el				expands	supplied-article-spa	safe	0.6246	approved	0				article the original does not write, read as one by UDPipe's Spanish-AnCora model (Straka and Straková, ÚFAL, CC BY-NC-SA 4.0); rests on 'testimonio' → 'עֵד֥וּת'
19:8	1	Los				expands	supplied-article-spa	safe	0.7197	approved	0				article the original does not write, read as one by UDPipe's Spanish-AnCora model (Straka and Straková, ÚFAL, CC BY-NC-SA 4.0); rests on 'mandamientos' → 'מִצְוַ֥ת'
19:8	9	el				expands	supplied-article-spa	safe	0.6479	approved	0				article the original does not write, read as one by UDPipe's Spanish-AnCora model (Straka and Straková, ÚFAL, CC BY-NC-SA 4.0); rests on 'corazón' → 'לֵ֑ב'
19:8	18	los				expands	supplied-article-spa	safe	0.7877	approved	0				article the original does not write, read as one by UDPipe's Spanish-AnCora model (Straka and Straková, ÚFAL, CC BY-NC-SA 4.0); rests on 'ojos' → 'עֵינָֽיִם'
19:9	10	los				expands	supplied-article-spa	safe	0.6658	approved	0				article the original does not write, read as one by UDPipe's Spanish-AnCora model (Straka and Straková, ÚFAL, CC BY-NC-SA 4.0); rests on 'juicios' → 'מִֽשְׁפְּטֵי'
19:10	5	el				expands	supplied-article-spa	safe	0.7683	approved	0				article the original does not write, read as one by UDPipe's Spanish-AnCora model (Straka and Straková, ÚFAL, CC BY-NC-SA 4.0); rests on 'oro' → 'זָּהָב'
19:14	3	los				expands	supplied-article-spa	safe	0.65	approved	0				article the original does not write, read as one by UDPipe's Spanish-AnCora model (Straka and Straková, ÚFAL, CC BY-NC-SA 4.0); rests on 'dichos' → 'אִמְרֵי'
20:1	10	el				expands	supplied-article-spa	safe	0.7597	approved	0				article the original does not write, read as one by UDPipe's Spanish-AnCora model (Straka and Straková, ÚFAL, CC BY-NC-SA 4.0); rests on 'día' → 'יֹ֣ום'
20:1	15	el				expands	supplied-article-spa	safe	0.7863	approved	0				article the original does not write, read as one by UDPipe's Spanish-AnCora model (Straka and Straková, ÚFAL, CC BY-NC-SA 4.0); rests on 'nombre' → 'שֵׁ֤ם'
20:5	11	el				expands	supplied-article-spa	safe	0.7863	approved	0				article the original does not write, read as one by UDPipe's Spanish-AnCora model (Straka and Straková, ÚFAL, CC BY-NC-SA 4.0); rests on 'nombre' → 'שֵֽׁם'
20:6	13	los				expands	supplied-article-spa	safe	0.7772	approved	0				article the original does not write, read as one by UDPipe's Spanish-AnCora model (Straka and Straková, ÚFAL, CC BY-NC-SA 4.0); rests on 'cielos' → 'שְּׁמֵ֣י'
20:9	8	el				expands	supplied-article-spa	safe	0.7597	approved	0				article the original does not write, read as one by UDPipe's Spanish-AnCora model (Straka and Straková, ÚFAL, CC BY-NC-SA 4.0); rests on 'día' → 'יֹום'
21:1	8	el				expands	supplied-article-spa	safe	0.7778	approved	0				article the original does not write, read as one by UDPipe's Spanish-AnCora model (Straka and Straková, ÚFAL, CC BY-NC-SA 4.0); rests on 'rey' → 'מֶ֑לֶךְ'
21:7	10	la				expands	supplied-article-spa	safe	0.6642	approved	0				article the original does not write, read as one by UDPipe's Spanish-AnCora model (Straka and Straková, ÚFAL, CC BY-NC-SA 4.0); rests on 'misericordia' → 'חֶ֥סֶד'
21:10	5	la				expands	supplied-article-spa	safe	0.752	approved	0				article the original does not write, read as one by UDPipe's Spanish-AnCora model (Straka and Straková, ÚFAL, CC BY-NC-SA 4.0); rests on 'tierra' → 'אֶ֣רֶץ'
21:10	12	los				expands	supplied-article-spa	safe	0.7923	approved	0				article the original does not write, read as one by UDPipe's Spanish-AnCora model (Straka and Straková, ÚFAL, CC BY-NC-SA 4.0); rests on 'hijos' → 'בְּנֵ֥י'
21:11	3	el				expands	supplied-article-spa	safe	0.7513	approved	0				article the original does not write, read as one by UDPipe's Spanish-AnCora model (Straka and Straková, ÚFAL, CC BY-NC-SA 4.0); rests on 'mal' → 'רָעָ֑ה'
22:1	27	las				expands	supplied-article-spa	safe	0.7052	approved	0				article the original does not write, read as one by UDPipe's Spanish-AnCora model (Straka and Straková, ÚFAL, CC BY-NC-SA 4.0); rests on 'palabras' → 'דִּבְרֵ֥י'
22:3	9	las				expands	supplied-article-spa	safe	0.5882	approved	0				article the original does not write, read as one by UDPipe's Spanish-AnCora model (Straka and Straková, ÚFAL, CC BY-NC-SA 4.0); rests on 'alabanzas' → 'תְּהִלֹּ֥ות'
22:7	10	los				expands	supplied-article-spa	safe	0.791	approved	0				article the original does not write, read as one by UDPipe's Spanish-AnCora model (Straka and Straková, ÚFAL, CC BY-NC-SA 4.0); rests on 'labios' → 'שָׂפָ֗ה'
22:7	13	la				expands	supplied-article-spa	safe	0.7855	approved	0				article the original does not write, read as one by UDPipe's Spanish-AnCora model (Straka and Straková, ÚFAL, CC BY-NC-SA 4.0); rests on 'cabeza' → 'רֹֽאשׁ'
22:9	19	los				expands	supplied-article-spa	safe	0.6714	approved	0				article the original does not write, read as one by UDPipe's Spanish-AnCora model (Straka and Straková, ÚFAL, CC BY-NC-SA 4.0); rests on 'pechos' → 'שְׁדֵ֥י'
22:10	9	el				expands	supplied-article-spa	safe	0.7816	approved	0				article the original does not write, read as one by UDPipe's Spanish-AnCora model (Straka and Straková, ÚFAL, CC BY-NC-SA 4.0); rests on 'vientre' → 'בֶּ֥טֶן'
22:15	20	el				expands	supplied-article-spa	safe	0.7455	approved	0				article the original does not write, read as one by UDPipe's Spanish-AnCora model (Straka and Straková, ÚFAL, CC BY-NC-SA 4.0); rests on 'polvo' → 'עֲפַר'
22:15	23	la				expands	supplied-article-spa	safe	0.6431	approved	0				article the original does not write, read as one by UDPipe's Spanish-AnCora model (Straka and Straková, ÚFAL, CC BY-NC-SA 4.0); rests on 'muerte' → 'מָ֥וֶת'
22:20	3	la				expands	supplied-article-spa	safe	0.7716	approved	0				article the original does not write, read as one by UDPipe's Spanish-AnCora model (Straka and Straková, ÚFAL, CC BY-NC-SA 4.0); rests on 'espada' → 'חֶ֣רֶב'
22:21	3	la				expands	supplied-article-spa	safe	0.7853	approved	0				article the original does not write, read as one by UDPipe's Spanish-AnCora model (Straka and Straková, ÚFAL, CC BY-NC-SA 4.0); rests on 'boca' → 'פִּ֣י'
22:21	11	los				expands	supplied-article-spa	safe	0.7232	approved	0				article the original does not write, read as one by UDPipe's Spanish-AnCora model (Straka and Straková, ÚFAL, CC BY-NC-SA 4.0); rests on 'cuernos' → 'קַּרְנֵ֖י'
22:27	11	la				expands	supplied-article-spa	safe	0.752	approved	0				article the original does not write, read as one by UDPipe's Spanish-AnCora model (Straka and Straková, ÚFAL, CC BY-NC-SA 4.0); rests on 'tierra' → 'אָ֑רֶץ'
22:27	20	las				expands	supplied-article-spa	safe	0.7044	approved	0				article the original does not write, read as one by UDPipe's Spanish-AnCora model (Straka and Straková, ÚFAL, CC BY-NC-SA 4.0); rests on 'familias' → 'מִשְׁפְּחֹ֥ות'
22:27	23	las				expands	supplied-article-spa	safe	0.7949	approved	0				article the original does not write, read as one by UDPipe's Spanish-AnCora model (Straka and Straková, ÚFAL, CC BY-NC-SA 4.0); rests on 'gentes' → 'גֹּויִֽם'
22:29	8	la				expands	supplied-article-spa	safe	0.752	approved	0				article the original does not write, read as one by UDPipe's Spanish-AnCora model (Straka and Straková, ÚFAL, CC BY-NC-SA 4.0); rests on 'tierra' → 'אֶ֗רֶץ'
23:6	2	el				expands	supplied-article-spa	safe	0.6207	approved	0				article the original does not write, read as one by UDPipe's Spanish-AnCora model (Straka and Straková, ÚFAL, CC BY-NC-SA 4.0); rests on 'bien' → 'טֹ֤וב'
23:6	5	la				expands	supplied-article-spa	safe	0.6642	approved	0				article the original does not write, read as one by UDPipe's Spanish-AnCora model (Straka and Straková, ÚFAL, CC BY-NC-SA 4.0); rests on 'misericordia' → 'חֶ֣סֶד'
23:6	10	los				expands	supplied-article-spa	safe	0.7855	approved	0				article the original does not write, read as one by UDPipe's Spanish-AnCora model (Straka and Straková, ÚFAL, CC BY-NC-SA 4.0); rests on 'días' → 'יְמֵ֣י'
23:6	17	la				expands	supplied-article-spa	safe	0.7913	approved	0				article the original does not write, read as one by UDPipe's Spanish-AnCora model (Straka and Straková, ÚFAL, CC BY-NC-SA 4.0); rests on 'casa' → 'בֵית'
24:1	12	el				expands	supplied-article-spa	safe	0.775	approved	0				article the original does not write, read as one by UDPipe's Spanish-AnCora model (Straka and Straková, ÚFAL, CC BY-NC-SA 4.0); rests on 'mundo' → 'תֵּ֝בֵ֗ל'
24:2	6	los				expands	supplied-article-spa	safe	0.8	approved	0				article the original does not write, read as one by UDPipe's Spanish-AnCora model (Straka and Straková, ÚFAL, CC BY-NC-SA 4.0); rests on 'mares' → 'יַמִּ֣ים'
24:3	11	el				expands	supplied-article-spa	safe	0.6353	approved	0				article the original does not write, read as one by UDPipe's Spanish-AnCora model (Straka and Straková, ÚFAL, CC BY-NC-SA 4.0); rests on 'lugar' → 'מְקֹ֥ום'
24:6	3	la				expands	supplied-article-spa	safe	0.7287	approved	0				article the original does not write, read as one by UDPipe's Spanish-AnCora model (Straka and Straková, ÚFAL, CC BY-NC-SA 4.0); rests on 'generación' → 'דֹּ֣ור'
24:7	13	el				expands	supplied-article-spa	safe	0.7778	approved	0				article the original does not write, read as one by UDPipe's Spanish-AnCora model (Straka and Straková, ÚFAL, CC BY-NC-SA 4.0); rests on 'Rey' → 'מֶ֣לֶךְ'
24:9	13	el				expands	supplied-article-spa	safe	0.7778	approved	0				article the original does not write, read as one by UDPipe's Spanish-AnCora model (Straka and Straková, ÚFAL, CC BY-NC-SA 4.0); rests on 'Rey' → 'מֶ֣לֶךְ'
24:10	9	los				expands	supplied-article-spa	safe	0.7837	approved	0				article the original does not write, read as one by UDPipe's Spanish-AnCora model (Straka and Straková, ÚFAL, CC BY-NC-SA 4.0); rests on 'ejércitos' → 'צְבָאֹ֑ות'
24:10	13	el				expands	supplied-article-spa	safe	0.7778	approved	0				article the original does not write, read as one by UDPipe's Spanish-AnCora model (Straka and Straková, ÚFAL, CC BY-NC-SA 4.0); rests on 'Rey' → 'מֶ֖לֶךְ'
25:5	10	el				expands	supplied-article-spa	safe	0.7334	approved	0				article the original does not write, read as one by UDPipe's Spanish-AnCora model (Straka and Straková, ÚFAL, CC BY-NC-SA 4.0); rests on 'Dios' → 'אֱלֹהֵ֣י'
25:7	2	los				expands	supplied-article-spa	safe	0.685	approved	0				article the original does not write, read as one by UDPipe's Spanish-AnCora model (Straka and Straková, ÚFAL, CC BY-NC-SA 4.0); rests on 'pecados' → 'חַטֹּ֤אות'
25:8	11	los				expands	supplied-article-spa	safe	0.6875	approved	0				article the original does not write, read as one by UDPipe's Spanish-AnCora model (Straka and Straková, ÚFAL, CC BY-NC-SA 4.0); rests on 'pecadores' → 'חַטָּאִ֣ים'
25:9	3	los				expands	supplied-article-spa	safe	0.65	approved	0				article the original does not write, read as one by UDPipe's Spanish-AnCora model (Straka and Straková, ÚFAL, CC BY-NC-SA 4.0); rests on 'humildes' → 'עֲ֭נָוִים'
25:9	11	los				expands	supplied-article-spa	safe	0.71	approved	0				article the original does not write, read as one by UDPipe's Spanish-AnCora model (Straka and Straková, ÚFAL, CC BY-NC-SA 4.0); rests on 'mansos' → 'עֲנָוִ֣ים'
25:12	12	el				expands	supplied-article-spa	safe	0.7508	approved	0				article the original does not write, read as one by UDPipe's Spanish-AnCora model (Straka and Straková, ÚFAL, CC BY-NC-SA 4.0); rests on 'camino' → 'דֶ֣רֶךְ'
25:13	5	el				expands	supplied-article-spa	safe	0.6213	approved	0				article the original does not write, read as one by UDPipe's Spanish-AnCora model (Straka and Straková, ÚFAL, CC BY-NC-SA 4.0); rests on 'bien' → 'טֹ֣וב'
25:13	11	la				expands	supplied-article-spa	safe	0.752	approved	0				article the original does not write, read as one by UDPipe's Spanish-AnCora model (Straka and Straková, ÚFAL, CC BY-NC-SA 4.0); rests on 'tierra' → 'אָֽרֶץ'
25:15	13	la				expands	supplied-article-spa	safe	0.5911	approved	0				article the original does not write, read as one by UDPipe's Spanish-AnCora model (Straka and Straková, ÚFAL, CC BY-NC-SA 4.0); rests on 'red' → 'רֶ֣שֶׁת'
25:17	1	Las				expands	supplied-article-spa	safe	0.6031	approved	0				article the original does not write, read as one by UDPipe's Spanish-AnCora model (Straka and Straková, ÚFAL, CC BY-NC-SA 4.0); rests on 'angustias' → 'צָרֹ֣ות'
26:5	2	la				expands	supplied-article-spa	safe	0.6269	approved	0				article the original does not write, read as one by UDPipe's Spanish-AnCora model (Straka and Straková, ÚFAL, CC BY-NC-SA 4.0); rests on 'reunión' → 'קְהַ֣ל'
26:5	5	los				expands	supplied-article-spa	safe	0.8	approved	0				article the original does not write, read as one by UDPipe's Spanish-AnCora model (Straka and Straková, ÚFAL, CC BY-NC-SA 4.0); rests on 'malignos' → 'מְרֵעִ֑ים'
26:5	9	los				expands	supplied-article-spa	safe	0.7918	approved	0				article the original does not write, read as one by UDPipe's Spanish-AnCora model (Straka and Straková, ÚFAL, CC BY-NC-SA 4.0); rests on 'impíos' → 'רְ֝שָׁעִ֗ים'
26:8	10	el				expands	supplied-article-spa	safe	0.6353	approved	0				article the original does not write, read as one by UDPipe's Spanish-AnCora model (Straka and Straková, ÚFAL, CC BY-NC-SA 4.0); rests on 'lugar' → 'מְקֹ֗ום'
26:9	4	los				expands	supplied-article-spa	safe	0.6875	approved	0				article the original does not write, read as one by UDPipe's Spanish-AnCora model (Straka and Straková, ÚFAL, CC BY-NC-SA 4.0); rests on 'pecadores' → 'חַטָּאִ֣ים'
27:2	6	los				expands	supplied-article-spa	safe	0.8	approved	0				article the original does not write, read as one by UDPipe's Spanish-AnCora model (Straka and Straková, ÚFAL, CC BY-NC-SA 4.0); rests on 'malignos' → 'מְרֵעִים֮'
27:4	13	la				expands	supplied-article-spa	safe	0.7913	approved	0				article the original does not write, read as one by UDPipe's Spanish-AnCora model (Straka and Straková, ÚFAL, CC BY-NC-SA 4.0); rests on 'casa' → 'בֵית'
27:4	18	los				expands	supplied-article-spa	safe	0.7849	approved	0				article the original does not write, read as one by UDPipe's Spanish-AnCora model (Straka and Straková, ÚFAL, CC BY-NC-SA 4.0); rests on 'días' → 'יְמֵ֣י'
27:5	9	el				expands	supplied-article-spa	safe	0.7597	approved	0				article the original does not write, read as one by UDPipe's Spanish-AnCora model (Straka and Straková, ÚFAL, CC BY-NC-SA 4.0); rests on 'día' → 'יֹ֢ום'
27:5	24	una				expands	supplied-indefinite-article-spa	safe	0.7135	approved	0				indefinite article, read as one by UDPipe's Spanish-AnCora model (Straka and Straková, ÚFAL, CC BY-NC-SA 4.0); rests on 'roca' → 'צ֗וּר'
27:13	11	la				expands	supplied-article-spa	safe	0.6875	approved	0				article the original does not write, read as one by UDPipe's Spanish-AnCora model (Straka and Straková, ÚFAL, CC BY-NC-SA 4.0); rests on 'bondad' → 'טוּב'
27:13	16	la				expands	supplied-article-spa	safe	0.752	approved	0				article the original does not write, read as one by UDPipe's Spanish-AnCora model (Straka and Straková, ÚFAL, CC BY-NC-SA 4.0); rests on 'tierra' → 'אֶ֣רֶץ'
27:13	19	los				expands	supplied-article-spa	safe	0.8	approved	0				article the original does not write, read as one by UDPipe's Spanish-AnCora model (Straka and Straková, ÚFAL, CC BY-NC-SA 4.0); rests on 'vivientes' → 'חַיִּֽים'
28:2	2	la				expands	supplied-article-spa	safe	0.7935	approved	0				article the original does not write, read as one by UDPipe's Spanish-AnCora model (Straka and Straková, ÚFAL, CC BY-NC-SA 4.0); rests on 'voz' → 'קֹ֣ול'
28:6	5	la				expands	supplied-article-spa	safe	0.7935	approved	0				article the original does not write, read as one by UDPipe's Spanish-AnCora model (Straka and Straková, ÚFAL, CC BY-NC-SA 4.0); rests on 'voz' → 'קֹ֣ול'
29:1	14	la				expands	supplied-article-spa	safe	0.6787	approved	0				article the original does not write, read as one by UDPipe's Spanish-AnCora model (Straka and Straková, ÚFAL, CC BY-NC-SA 4.0); rests on 'gloria' → 'כָּבֹ֥וד'
29:2	4	la				expands	supplied-article-spa	safe	0.6787	approved	0				article the original does not write, read as one by UDPipe's Spanish-AnCora model (Straka and Straková, ÚFAL, CC BY-NC-SA 4.0); rests on 'gloria' → 'כְּבֹ֣וד'
29:3	15	las				expands	supplied-article-spa	safe	0.795	approved	0				article the original does not write, read as one by UDPipe's Spanish-AnCora model (Straka and Straková, ÚFAL, CC BY-NC-SA 4.0); rests on 'aguas' → 'מַ֥יִם'
29:5	6	los				expands	supplied-article-spa	safe	0.8	approved	0				article the original does not write, read as one by UDPipe's Spanish-AnCora model (Straka and Straková, ÚFAL, CC BY-NC-SA 4.0); rests on 'cedros' → 'אֲרָזִ֑ים'
29:5	11	los				expands	supplied-article-spa	safe	0.8	approved	0				article the original does not write, read as one by UDPipe's Spanish-AnCora model (Straka and Straková, ÚFAL, CC BY-NC-SA 4.0); rests on 'cedros' → 'אַרְזֵ֥י'
29:8	7	el				expands	supplied-article-spa	safe	0.775	approved	0				article the original does not write, read as one by UDPipe's Spanish-AnCora model (Straka and Straková, ÚFAL, CC BY-NC-SA 4.0); rests on 'desierto' → 'מִדְבָּ֑ר'
29:8	12	el				expands	supplied-article-spa	safe	0.775	approved	0				article the original does not write, read as one by UDPipe's Spanish-AnCora model (Straka and Straková, ÚFAL, CC BY-NC-SA 4.0); rests on 'desierto' → 'מִדְבַּ֥ר'
29:9	10	las				expands	supplied-article-spa	safe	0.725	approved	0				article the original does not write, read as one by UDPipe's Spanish-AnCora model (Straka and Straková, ÚFAL, CC BY-NC-SA 4.0); rests on 'ciervas' → 'אַיָּלֹות֮'
30:5	2	un				expands	supplied-indefinite-article-spa	safe	0.6941	approved	0				indefinite article, read as one by UDPipe's Spanish-AnCora model (Straka and Straková, ÚFAL, CC BY-NC-SA 4.0); rests on 'momento' → 'רֶ֨גַע'
30:5	18	el				expands	supplied-article-spa	safe	0.6147	approved	0				article the original does not write, read as one by UDPipe's Spanish-AnCora model (Straka and Straková, ÚFAL, CC BY-NC-SA 4.0); rests on 'lloro' → 'בֶּ֗כִי'
30:9	14	el				expands	supplied-article-spa	safe	0.746	approved	0				article the original does not write, read as one by UDPipe's Spanish-AnCora model (Straka and Straková, ÚFAL, CC BY-NC-SA 4.0); rests on 'polvo' → 'עָפָ֑ר'
31:4	4	la				expands	supplied-article-spa	safe	0.5911	approved	0				article the original does not write, read as one by UDPipe's Spanish-AnCora model (Straka and Straková, ÚFAL, CC BY-NC-SA 4.0); rests on 'red' → 'רֶ֣שֶׁת'
31:7	18	las				expands	supplied-article-spa	safe	0.6147	approved	0				article the original does not write, read as one by UDPipe's Spanish-AnCora model (Straka and Straková, ÚFAL, CC BY-NC-SA 4.0); rests on 'angustias' → 'צָרֹ֥ות'
31:12	8	un				expands	supplied-indefinite-article-spa	safe	0.6754	approved	0				indefinite article, read as one by UDPipe's Spanish-AnCora model (Straka and Straková, ÚFAL, CC BY-NC-SA 4.0); rests on 'muerto' → 'מֵ֣ת'
31:12	15	un				expands	supplied-indefinite-article-spa	safe	0.6125	approved	0				indefinite article, read as one by UDPipe's Spanish-AnCora model (Straka and Straková, ÚFAL, CC BY-NC-SA 4.0); rests on 'vaso' → 'כְלִ֥י'
31:15	9	la				expands	supplied-article-spa	safe	0.7633	approved	0				article the original does not write, read as one by UDPipe's Spanish-AnCora model (Straka and Straková, ÚFAL, CC BY-NC-SA 4.0); rests on 'mano' → 'יַּד'
31:17	14	los				expands	supplied-article-spa	safe	0.7918	approved	0				article the original does not write, read as one by UDPipe's Spanish-AnCora model (Straka and Straková, ÚFAL, CC BY-NC-SA 4.0); rests on 'impíos' → 'רְ֝שָׁעִ֗ים'
31:18	2	los				expands	supplied-article-spa	safe	0.7909	approved	0				article the original does not write, read as one by UDPipe's Spanish-AnCora model (Straka and Straková, ÚFAL, CC BY-NC-SA 4.0); rests on 'labios' → 'שִׂפְתֵ֫י'
31:19	25	los				expands	supplied-article-spa	safe	0.7923	approved	0				article the original does not write, read as one by UDPipe's Spanish-AnCora model (Straka and Straková, ÚFAL, CC BY-NC-SA 4.0); rests on 'hijos' → 'בְּנֵ֣י'
31:22	17	la				expands	supplied-article-spa	safe	0.7935	approved	0				article the original does not write, read as one by UDPipe's Spanish-AnCora model (Straka and Straková, ÚFAL, CC BY-NC-SA 4.0); rests on 'voz' → 'קֹ֥ול'
31:23	9	los				expands	supplied-article-spa	safe	0.7437	approved	0				article the original does not write, read as one by UDPipe's Spanish-AnCora model (Straka and Straková, ÚFAL, CC BY-NC-SA 4.0); rests on 'fieles' → 'אֱ֭מוּנִים'
32:6	16	la				expands	supplied-article-spa	safe	0.6875	approved	0				article the original does not write, read as one by UDPipe's Spanish-AnCora model (Straka and Straková, ÚFAL, CC BY-NC-SA 4.0); rests on 'inundación' → 'שֵׁטֶף'
32:8	7	el				expands	supplied-article-spa	safe	0.7509	approved	0				article the original does not write, read as one by UDPipe's Spanish-AnCora model (Straka and Straková, ÚFAL, CC BY-NC-SA 4.0); rests on 'camino' → 'דֶֽרֶךְ'
32:11	11	los				expands	supplied-article-spa	safe	0.7635	approved	0				article the original does not write, read as one by UDPipe's Spanish-AnCora model (Straka and Straková, ÚFAL, CC BY-NC-SA 4.0); rests on 'rectos' → 'יִשְׁרֵי'
33:1	10	la				expands	supplied-article-spa	safe	0.62	approved	0				article the original does not write, read as one by UDPipe's Spanish-AnCora model (Straka and Straková, ÚFAL, CC BY-NC-SA 4.0); rests on 'alabanza' → 'תְהִלָּֽה'
33:4	4	la				expands	supplied-article-spa	safe	0.7511	approved	0				article the original does not write, read as one by UDPipe's Spanish-AnCora model (Straka and Straková, ÚFAL, CC BY-NC-SA 4.0); rests on 'palabra' → 'דְּבַר'
33:5	7	la				expands	supplied-article-spa	safe	0.6633	approved	0				article the original does not write, read as one by UDPipe's Spanish-AnCora model (Straka and Straková, ÚFAL, CC BY-NC-SA 4.0); rests on 'misericordia' → 'חֶ֥סֶד'
33:6	2	la				expands	supplied-article-spa	safe	0.7511	approved	0				article the original does not write, read as one by UDPipe's Spanish-AnCora model (Straka and Straková, ÚFAL, CC BY-NC-SA 4.0); rests on 'palabra' → 'דְבַ֣ר'
33:6	8	los				expands	supplied-article-spa	safe	0.7771	approved	0				article the original does not write, read as one by UDPipe's Spanish-AnCora model (Straka and Straková, ÚFAL, CC BY-NC-SA 4.0); rests on 'cielos' → 'שָׁמַ֣יִם'
33:6	17	el				expands	supplied-article-spa	safe	0.7758	approved	0				article the original does not write, read as one by UDPipe's Spanish-AnCora model (Straka and Straková, ÚFAL, CC BY-NC-SA 4.0); rests on 'espíritu' → 'ר֥וּחַ'
33:7	7	las				expands	supplied-article-spa	safe	0.7937	approved	0				article the original does not write, read as one by UDPipe's Spanish-AnCora model (Straka and Straková, ÚFAL, CC BY-NC-SA 4.0); rests on 'aguas' → 'מֵ֣י'
33:7	16	los				expands	supplied-article-spa	safe	0.7625	approved	0				article the original does not write, read as one by UDPipe's Spanish-AnCora model (Straka and Straková, ÚFAL, CC BY-NC-SA 4.0); rests on 'abismos' → 'תְּהֹומֹֽות'
33:10	4	el				expands	supplied-article-spa	safe	0.6486	approved	0				article the original does not write, read as one by UDPipe's Spanish-AnCora model (Straka and Straková, ÚFAL, CC BY-NC-SA 4.0); rests on 'consejo' → 'עֲצַת'
33:10	7	las				expands	supplied-article-spa	safe	0.7949	approved	0				article the original does not write, read as one by UDPipe's Spanish-AnCora model (Straka and Straková, ÚFAL, CC BY-NC-SA 4.0); rests on 'gentes' → 'גֹּויִ֑ם'
33:10	14	los				expands	supplied-article-spa	safe	0.7614	approved	0				article the original does not write, read as one by UDPipe's Spanish-AnCora model (Straka and Straková, ÚFAL, CC BY-NC-SA 4.0); rests on 'pueblos' → 'עַמִּֽים'
33:11	1	El				expands	supplied-article-spa	safe	0.6486	approved	0				article the original does not write, read as one by UDPipe's Spanish-AnCora model (Straka and Straková, ÚFAL, CC BY-NC-SA 4.0); rests on 'consejo' → 'עֲצַ֣ת'
33:11	8	los				expands	supplied-article-spa	safe	0.65	approved	0				article the original does not write, read as one by UDPipe's Spanish-AnCora model (Straka and Straková, ÚFAL, CC BY-NC-SA 4.0); rests on 'pensamientos' → 'מַחְשְׁבֹ֥ות'
33:11	15	las				expands	supplied-article-spa	safe	0.7053	approved	0				article the original does not write, read as one by UDPipe's Spanish-AnCora model (Straka and Straková, ÚFAL, CC BY-NC-SA 4.0); rests on 'generaciones' → 'דֹֽר'
33:13	2	los				expands	supplied-article-spa	safe	0.7771	approved	0				article the original does not write, read as one by UDPipe's Spanish-AnCora model (Straka and Straková, ÚFAL, CC BY-NC-SA 4.0); rests on 'cielos' → 'שָּׁמַיִם'
33:13	9	los				expands	supplied-article-spa	safe	0.7923	approved	0				article the original does not write, read as one by UDPipe's Spanish-AnCora model (Straka and Straková, ÚFAL, CC BY-NC-SA 4.0); rests on 'hijos' → 'בְּנֵ֥י'
33:14	10	los				expands	supplied-article-spa	safe	0.7726	approved	0				article the original does not write, read as one by UDPipe's Spanish-AnCora model (Straka and Straková, ÚFAL, CC BY-NC-SA 4.0); rests on 'moradores' → 'יֹשְׁבֵ֣י'
33:15	3	el				expands	supplied-article-spa	safe	0.6477	approved	0				article the original does not write, read as one by UDPipe's Spanish-AnCora model (Straka and Straková, ÚFAL, CC BY-NC-SA 4.0); rests on 'corazón' → 'לִבָּ֑ם'
33:16	13	el				expands	supplied-article-spa	safe	0.71	approved	0				article the original does not write, read as one by UDPipe's Spanish-AnCora model (Straka and Straková, ÚFAL, CC BY-NC-SA 4.0); rests on 'valiente' → 'גִּ֝בֹּ֗ור'
33:16	16	la				expands	supplied-article-spa	safe	0.6	approved	0				article the original does not write, read as one by UDPipe's Spanish-AnCora model (Straka and Straková, ÚFAL, CC BY-NC-SA 4.0); rests on 'fuerza' → 'כֹּֽחַ'
33:18	3	el				expands	supplied-article-spa	safe	0.7625	approved	0				article the original does not write, read as one by UDPipe's Spanish-AnCora model (Straka and Straková, ÚFAL, CC BY-NC-SA 4.0); rests on 'ojo' → 'עֵ֣ין'
33:19	6	la				expands	supplied-article-spa	safe	0.6431	approved	0				article the original does not write, read as one by UDPipe's Spanish-AnCora model (Straka and Straková, ÚFAL, CC BY-NC-SA 4.0); rests on 'muerte' → 'מָּ֣וֶת'
34:2	8	los				expands	supplied-article-spa	safe	0.71	approved	0				article the original does not write, read as one by UDPipe's Spanish-AnCora model (Straka and Straková, ÚFAL, CC BY-NC-SA 4.0); rests on 'mansos' → 'עֲנָוִ֣ים'
34:7	1	El				expands	supplied-article-spa	safe	0.8	approved	0				article the original does not write, read as one by UDPipe's Spanish-AnCora model (Straka and Straková, ÚFAL, CC BY-NC-SA 4.0); rests on 'ángel' → 'מַלְאַךְ'
34:10	1	Los				expands	supplied-article-spa	safe	0.8	approved	0				article the original does not write, read as one by UDPipe's Spanish-AnCora model (Straka and Straková, ÚFAL, CC BY-NC-SA 4.0); rests on 'leoncillos' → 'כְּ֭פִירִים'
34:14	6	el				expands	supplied-article-spa	safe	0.6193	approved	0				article the original does not write, read as one by UDPipe's Spanish-AnCora model (Straka and Straková, ÚFAL, CC BY-NC-SA 4.0); rests on 'bien' → 'טֹ֑וב'
34:14	9	la				expands	supplied-article-spa	safe	0.7485	approved	0				article the original does not write, read as one by UDPipe's Spanish-AnCora model (Straka and Straková, ÚFAL, CC BY-NC-SA 4.0); rests on 'paz' → 'שָׁלֹ֣ום'
34:15	1	Los				expands	supplied-article-spa	safe	0.7877	approved	0				article the original does not write, read as one by UDPipe's Spanish-AnCora model (Straka and Straková, ÚFAL, CC BY-NC-SA 4.0); rests on 'ojos' → 'עֵינֵ֣י'
34:15	7	los				expands	supplied-article-spa	safe	0.785	approved	0				article the original does not write, read as one by UDPipe's Spanish-AnCora model (Straka and Straková, ÚFAL, CC BY-NC-SA 4.0); rests on 'justos' → 'צַדִּיקִ֑ים'
34:16	13	la				expands	supplied-article-spa	safe	0.752	approved	0				article the original does not write, read as one by UDPipe's Spanish-AnCora model (Straka and Straková, ÚFAL, CC BY-NC-SA 4.0); rests on 'tierra' → 'אֶ֣רֶץ'
34:19	3	los				expands	supplied-article-spa	safe	0.725	approved	0				article the original does not write, read as one by UDPipe's Spanish-AnCora model (Straka and Straková, ÚFAL, CC BY-NC-SA 4.0); rests on 'males' → 'רָעֹ֣ות'
34:20	1	El				expands	supplied-article-spa	safe	0.6355	approved	0				article the original does not write, read as one by UDPipe's Spanish-AnCora model (Straka and Straková, ÚFAL, CC BY-NC-SA 4.0); rests on 'guarda' → 'שֹׁמֵ֥ר'
35:3	3	la				expands	supplied-article-spa	safe	0.7063	approved	0				article the original does not write, read as one by UDPipe's Spanish-AnCora model (Straka and Straková, ÚFAL, CC BY-NC-SA 4.0); rests on 'lanza' → 'חֲנִ֣ית'
35:5	3	el				expands	supplied-article-spa	safe	0.7	approved	0				article the original does not write, read as one by UDPipe's Spanish-AnCora model (Straka and Straková, ÚFAL, CC BY-NC-SA 4.0); rests on 'tamo' → 'מֹ֥ץ'
35:5	9	el				expands	supplied-article-spa	safe	0.8	approved	0				article the original does not write, read as one by UDPipe's Spanish-AnCora model (Straka and Straková, ÚFAL, CC BY-NC-SA 4.0); rests on 'ángel' → 'מַלְאַ֖ךְ'
35:6	8	el				expands	supplied-article-spa	safe	0.8	approved	0				article the original does not write, read as one by UDPipe's Spanish-AnCora model (Straka and Straková, ÚFAL, CC BY-NC-SA 4.0); rests on 'ángel' → 'מַלְאַ֥ךְ'
35:20	10	la				expands	supplied-article-spa	safe	0.752	approved	0				article the original does not write, read as one by UDPipe's Spanish-AnCora model (Straka and Straková, ÚFAL, CC BY-NC-SA 4.0); rests on 'tierra' → 'אֶ֑רֶץ'
35:27	21	la				expands	supplied-article-spa	safe	0.7483	approved	0				article the original does not write, read as one by UDPipe's Spanish-AnCora model (Straka and Straková, ÚFAL, CC BY-NC-SA 4.0); rests on 'paz' → 'שְׁלֹ֣ום'
36:3	1	Las				expands	supplied-article-spa	safe	0.7052	approved	0				article the original does not write, read as one by UDPipe's Spanish-AnCora model (Straka and Straková, ÚFAL, CC BY-NC-SA 4.0); rests on 'palabras' → 'דִּבְרֵי'
36:4	11	el				expands	supplied-article-spa	safe	0.7513	approved	0				article the original does not write, read as one by UDPipe's Spanish-AnCora model (Straka and Straková, ÚFAL, CC BY-NC-SA 4.0); rests on 'mal' → 'רָ֝֗ע'
36:7	10	los				expands	supplied-article-spa	safe	0.7923	approved	0				article the original does not write, read as one by UDPipe's Spanish-AnCora model (Straka and Straková, ÚFAL, CC BY-NC-SA 4.0); rests on 'hijos' → 'בְנֵ֥י'
36:7	18	la				expands	supplied-article-spa	safe	0.6672	approved	0				article the original does not write, read as one by UDPipe's Spanish-AnCora model (Straka and Straková, ÚFAL, CC BY-NC-SA 4.0); rests on 'sombra' → 'צֵ֥ל'
36:9	4	el				expands	supplied-article-spa	safe	0.8	approved	0				article the original does not write, read as one by UDPipe's Spanish-AnCora model (Straka and Straková, ÚFAL, CC BY-NC-SA 4.0); rests on 'manantial' → 'מְקֹ֣ור'
36:9	13	la				expands	supplied-article-spa	safe	0.7217	approved	0				article the original does not write, read as one by UDPipe's Spanish-AnCora model (Straka and Straková, ÚFAL, CC BY-NC-SA 4.0); rests on 'luz' → 'אֹֽור'
36:10	13	los				expands	supplied-article-spa	safe	0.7635	approved	0				article the original does not write, read as one by UDPipe's Spanish-AnCora model (Straka and Straková, ÚFAL, CC BY-NC-SA 4.0); rests on 'rectos' → 'יִשְׁרֵי'
37:3	9	la				expands	supplied-article-spa	safe	0.7519	approved	0				article the original does not write, read as one by UDPipe's Spanish-AnCora model (Straka and Straková, ÚFAL, CC BY-NC-SA 4.0); rests on 'tierra' → 'אֶ֝֗רֶץ'
37:9	2	los				expands	supplied-article-spa	safe	0.8	approved	0				article the original does not write, read as one by UDPipe's Spanish-AnCora model (Straka and Straková, ÚFAL, CC BY-NC-SA 4.0); rests on 'malignos' → 'מְ֭רֵעִים'
37:9	14	la				expands	supplied-article-spa	safe	0.7519	approved	0				article the original does not write, read as one by UDPipe's Spanish-AnCora model (Straka and Straková, ÚFAL, CC BY-NC-SA 4.0); rests on 'tierra' → 'אָֽרֶץ'
37:11	2	los				expands	supplied-article-spa	safe	0.71	approved	0				article the original does not write, read as one by UDPipe's Spanish-AnCora model (Straka and Straková, ÚFAL, CC BY-NC-SA 4.0); rests on 'mansos' → 'עֲנָוִ֥ים'
37:11	5	la				expands	supplied-article-spa	safe	0.7519	approved	0				article the original does not write, read as one by UDPipe's Spanish-AnCora model (Straka and Straková, ÚFAL, CC BY-NC-SA 4.0); rests on 'tierra' → 'אָ֑רֶץ'
37:12	2	el				expands	supplied-article-spa	safe	0.7515	approved	0				article the original does not write, read as one by UDPipe's Spanish-AnCora model (Straka and Straková, ÚFAL, CC BY-NC-SA 4.0); rests on 'impío' → 'רָ֭שָׁע'
37:14	1	Los				expands	supplied-article-spa	safe	0.7914	approved	0				article the original does not write, read as one by UDPipe's Spanish-AnCora model (Straka and Straková, ÚFAL, CC BY-NC-SA 4.0); rests on 'impíos' → 'רְשָׁעִים֮'
37:15	1	La				expands	supplied-article-spa	safe	0.7714	approved	0				article the original does not write, read as one by UDPipe's Spanish-AnCora model (Straka and Straková, ÚFAL, CC BY-NC-SA 4.0); rests on 'espada' → 'חַ֭רְבָּם'
37:17	5	los				expands	supplied-article-spa	safe	0.7914	approved	0				article the original does not write, read as one by UDPipe's Spanish-AnCora model (Straka and Straková, ÚFAL, CC BY-NC-SA 4.0); rests on 'impíos' → 'רְ֭שָׁעִים'
37:17	14	los				expands	supplied-article-spa	safe	0.7845	approved	0				article the original does not write, read as one by UDPipe's Spanish-AnCora model (Straka and Straková, ÚFAL, CC BY-NC-SA 4.0); rests on 'justos' → 'צַדִּיקִ֣ים'
37:18	3	los				expands	supplied-article-spa	safe	0.7849	approved	0				article the original does not write, read as one by UDPipe's Spanish-AnCora model (Straka and Straková, ÚFAL, CC BY-NC-SA 4.0); rests on 'días' → 'יְמֵ֣י'
37:18	6	los				expands	supplied-article-spa	safe	0.6071	approved	0				article the original does not write, read as one by UDPipe's Spanish-AnCora model (Straka and Straková, ÚFAL, CC BY-NC-SA 4.0); rests on 'perfectos' → 'תְמִימִ֑ם'
37:18	9	la				expands	supplied-article-spa	safe	0.6214	approved	0				article the original does not write, read as one by UDPipe's Spanish-AnCora model (Straka and Straková, ÚFAL, CC BY-NC-SA 4.0); rests on 'heredad' → 'נַחֲלָתָ֗ם'
37:19	10	los				expands	supplied-article-spa	safe	0.7849	approved	0				article the original does not write, read as one by UDPipe's Spanish-AnCora model (Straka and Straková, ÚFAL, CC BY-NC-SA 4.0); rests on 'días' → 'ימֵ֖י'
37:20	2	los				expands	supplied-article-spa	safe	0.7914	approved	0				article the original does not write, read as one by UDPipe's Spanish-AnCora model (Straka and Straková, ÚFAL, CC BY-NC-SA 4.0); rests on 'impíos' → 'רְשָׁעִ֨ים'
37:20	6	los				expands	supplied-article-spa	safe	0.6643	approved	0				article the original does not write, read as one by UDPipe's Spanish-AnCora model (Straka and Straková, ÚFAL, CC BY-NC-SA 4.0); rests on 'enemigos' → 'אֹיְבֵ֣י'
37:21	1	El				expands	supplied-article-spa	safe	0.7515	approved	0				article the original does not write, read as one by UDPipe's Spanish-AnCora model (Straka and Straková, ÚFAL, CC BY-NC-SA 4.0); rests on 'impío' → 'רָ֭שָׁע'
37:22	2	los				expands	supplied-article-spa	safe	0.8	approved	0				article the original does not write, read as one by UDPipe's Spanish-AnCora model (Straka and Straková, ÚFAL, CC BY-NC-SA 4.0); rests on 'benditos' → 'מְ֭בֹרָכָיו'
37:22	7	la				expands	supplied-article-spa	safe	0.7519	approved	0				article the original does not write, read as one by UDPipe's Spanish-AnCora model (Straka and Straková, ÚFAL, CC BY-NC-SA 4.0); rests on 'tierra' → 'אָ֑רֶץ'
37:27	6	el				expands	supplied-article-spa	safe	0.62	approved	0				article the original does not write, read as one by UDPipe's Spanish-AnCora model (Straka and Straková, ÚFAL, CC BY-NC-SA 4.0); rests on 'bien' → 'טֹ֗וב'
37:28	16	la				expands	supplied-article-spa	safe	0.7719	approved	0				article the original does not write, read as one by UDPipe's Spanish-AnCora model (Straka and Straková, ÚFAL, CC BY-NC-SA 4.0); rests on 'simiente' → 'זֶ֖רַע'
37:28	19	los				expands	supplied-article-spa	safe	0.7914	approved	0				article the original does not write, read as one by UDPipe's Spanish-AnCora model (Straka and Straková, ÚFAL, CC BY-NC-SA 4.0); rests on 'impíos' → 'רְשָׁעִ֣ים'
37:29	1	Los				expands	supplied-article-spa	safe	0.7845	approved	0				article the original does not write, read as one by UDPipe's Spanish-AnCora model (Straka and Straková, ÚFAL, CC BY-NC-SA 4.0); rests on 'justos' → 'צַדִּיקִ֥ים'
37:29	4	la				expands	supplied-article-spa	safe	0.7519	approved	0				article the original does not write, read as one by UDPipe's Spanish-AnCora model (Straka and Straková, ÚFAL, CC BY-NC-SA 4.0); rests on 'tierra' → 'אָ֑רֶץ'
37:30	1	La				expands	supplied-article-spa	safe	0.7854	approved	0				article the original does not write, read as one by UDPipe's Spanish-AnCora model (Straka and Straková, ÚFAL, CC BY-NC-SA 4.0); rests on 'boca' → 'פִּֽי'
37:31	1	La				expands	supplied-article-spa	safe	0.7408	approved	0				article the original does not write, read as one by UDPipe's Spanish-AnCora model (Straka and Straková, ÚFAL, CC BY-NC-SA 4.0); rests on 'ley' → 'תֹּורַ֣ת'
37:32	2	el				expands	supplied-article-spa	safe	0.7515	approved	0				article the original does not write, read as one by UDPipe's Spanish-AnCora model (Straka and Straková, ÚFAL, CC BY-NC-SA 4.0); rests on 'impío' → 'רָ֭שָׁע'
37:34	14	la				expands	supplied-article-spa	safe	0.7519	approved	0				article the original does not write, read as one by UDPipe's Spanish-AnCora model (Straka and Straková, ÚFAL, CC BY-NC-SA 4.0); rests on 'tierra' → 'אָ֑רֶץ'
37:37	9	la				expands	supplied-article-spa	safe	0.8	approved	0				article the original does not write, read as one by UDPipe's Spanish-AnCora model (Straka and Straková, ÚFAL, CC BY-NC-SA 4.0); rests on 'postrimería' → 'אַחֲרִ֖ית'
37:38	9	la				expands	supplied-article-spa	safe	0.8	approved	0				article the original does not write, read as one by UDPipe's Spanish-AnCora model (Straka and Straková, ÚFAL, CC BY-NC-SA 4.0); rests on 'postrimería' → 'אַחֲרִ֖ית'
37:38	12	los				expands	supplied-article-spa	safe	0.7914	approved	0				article the original does not write, read as one by UDPipe's Spanish-AnCora model (Straka and Straková, ÚFAL, CC BY-NC-SA 4.0); rests on 'impíos' → 'רְשָׁעִ֣ים'
37:39	5	los				expands	supplied-article-spa	safe	0.7845	approved	0				article the original does not write, read as one by UDPipe's Spanish-AnCora model (Straka and Straková, ÚFAL, CC BY-NC-SA 4.0); rests on 'justos' → 'צַ֭דִּיקִים'
37:40	11	los				expands	supplied-article-spa	safe	0.7914	approved	0				article the original does not write, read as one by UDPipe's Spanish-AnCora model (Straka and Straková, ÚFAL, CC BY-NC-SA 4.0); rests on 'impíos' → 'רְשָׁעִים'
38:10	11	la				expands	supplied-article-spa	safe	0.7224	approved	0				article the original does not write, read as one by UDPipe's Spanish-AnCora model (Straka and Straková, ÚFAL, CC BY-NC-SA 4.0); rests on 'luz' → 'אֹור'
39:1	29	el				expands	supplied-article-spa	safe	0.7529	approved	0				article the original does not write, read as one by UDPipe's Spanish-AnCora model (Straka and Straková, ÚFAL, CC BY-NC-SA 4.0); rests on 'impío' → 'רָשָׁ֣ע'
39:4	9	la				expands	supplied-article-spa	safe	0.584	approved	0				article the original does not write, read as one by UDPipe's Spanish-AnCora model (Straka and Straková, ÚFAL, CC BY-NC-SA 4.0); rests on 'medida' → 'מִדַּ֣ת'
41:1	15	el				expands	supplied-article-spa	safe	0.7597	approved	0				article the original does not write, read as one by UDPipe's Spanish-AnCora model (Straka and Straková, ÚFAL, CC BY-NC-SA 4.0); rests on 'día' → 'יֹ֥ום'
41:13	4	el				expands	supplied-article-spa	safe	0.7335	approved	0				article the original does not write, read as one by UDPipe's Spanish-AnCora model (Straka and Straková, ÚFAL, CC BY-NC-SA 4.0); rests on 'Dios' → 'אֱלֹ֘הֵ֤י'
42:1	11	el				expands	supplied-article-spa	safe	0.8	approved	0				article the original does not write, read as one by UDPipe's Spanish-AnCora model (Straka and Straková, ÚFAL, CC BY-NC-SA 4.0); rests on 'ciervo' → 'אַיָּ֗ל'
42:1	18	las				expands	supplied-article-spa	safe	0.7937	approved	0				article the original does not write, read as one by UDPipe's Spanish-AnCora model (Straka and Straková, ÚFAL, CC BY-NC-SA 4.0); rests on 'aguas' → 'מָ֑יִם'
42:4	20	la				expands	supplied-article-spa	safe	0.7913	approved	0				article the original does not write, read as one by UDPipe's Spanish-AnCora model (Straka and Straková, ÚFAL, CC BY-NC-SA 4.0); rests on 'casa' → 'בֵּ֥ית'
42:6	23	el				expands	supplied-article-spa	safe	0.7697	approved	0				article the original does not write, read as one by UDPipe's Spanish-AnCora model (Straka and Straková, ÚFAL, CC BY-NC-SA 4.0); rests on 'monte' → 'הַ֥ר'
42:7	7	la				expands	supplied-article-spa	safe	0.7935	approved	0				article the original does not write, read as one by UDPipe's Spanish-AnCora model (Straka and Straková, ÚFAL, CC BY-NC-SA 4.0); rests on 'voz' → 'קֹ֣ול'
42:11	31	el				expands	supplied-article-spa	safe	0.7337	approved	0				article the original does not write, read as one by UDPipe's Spanish-AnCora model (Straka and Straková, ÚFAL, CC BY-NC-SA 4.0); rests on 'Dios' → 'אלֹהָֽי'
43:2	5	el				expands	supplied-article-spa	safe	0.7334	approved	0				article the original does not write, read as one by UDPipe's Spanish-AnCora model (Straka and Straková, ÚFAL, CC BY-NC-SA 4.0); rests on 'Dios' → 'אֱלֹהֵ֣י'
43:5	31	el				expands	supplied-article-spa	safe	0.7334	approved	0				article the original does not write, read as one by UDPipe's Spanish-AnCora model (Straka and Straková, ÚFAL, CC BY-NC-SA 4.0); rests on 'Dios' → 'אלֹהָֽי'
44:2	6	las				expands	supplied-article-spa	safe	0.7949	approved	0				article the original does not write, read as one by UDPipe's Spanish-AnCora model (Straka and Straková, ÚFAL, CC BY-NC-SA 4.0); rests on 'gentes' → 'גֹּויִ֣ם'
44:3	6	la				expands	supplied-article-spa	safe	0.752	approved	0				article the original does not write, read as one by UDPipe's Spanish-AnCora model (Straka and Straková, ÚFAL, CC BY-NC-SA 4.0); rests on 'tierra' → 'אָ֗רֶץ'
44:3	23	la				expands	supplied-article-spa	safe	0.7224	approved	0				article the original does not write, read as one by UDPipe's Spanish-AnCora model (Straka and Straková, ÚFAL, CC BY-NC-SA 4.0); rests on 'luz' → 'אֹ֥ור'
44:16	2	la				expands	supplied-article-spa	safe	0.7935	approved	0				article the original does not write, read as one by UDPipe's Spanish-AnCora model (Straka and Straková, ÚFAL, CC BY-NC-SA 4.0); rests on 'voz' → 'קֹּול'
44:19	5	el				expands	supplied-article-spa	safe	0.6353	approved	0				article the original does not write, read as one by UDPipe's Spanish-AnCora model (Straka and Straková, ÚFAL, CC BY-NC-SA 4.0); rests on 'lugar' → 'מְקֹ֣ום'
45:2	5	los				expands	supplied-article-spa	safe	0.7923	approved	0				article the original does not write, read as one by UDPipe's Spanish-AnCora model (Straka and Straková, ÚFAL, CC BY-NC-SA 4.0); rests on 'hijos' → 'בְּנֵ֬י'
45:2	10	la				expands	supplied-article-spa	safe	0.753	approved	0				article the original does not write, read as one by UDPipe's Spanish-AnCora model (Straka and Straková, ÚFAL, CC BY-NC-SA 4.0); rests on 'gracia' → 'חֵ֭ן'
45:3	5	el				expands	supplied-article-spa	safe	0.8	approved	0				article the original does not write, read as one by UDPipe's Spanish-AnCora model (Straka and Straková, ÚFAL, CC BY-NC-SA 4.0); rests on 'muslo' → 'יָרֵ֣ךְ'
45:5	13	el				expands	supplied-article-spa	safe	0.6479	approved	0				article the original does not write, read as one by UDPipe's Spanish-AnCora model (Straka and Straková, ÚFAL, CC BY-NC-SA 4.0); rests on 'corazón' → 'לֵ֗ב'
45:5	16	los				expands	supplied-article-spa	safe	0.6643	approved	0				article the original does not write, read as one by UDPipe's Spanish-AnCora model (Straka and Straková, ÚFAL, CC BY-NC-SA 4.0); rests on 'enemigos' → 'אֹויְבֵ֥י'
45:7	13	el				expands	supplied-article-spa	safe	0.7334	approved	0				article the original does not write, read as one by UDPipe's Spanish-AnCora model (Straka and Straková, ÚFAL, CC BY-NC-SA 4.0); rests on 'Dios' → 'אֱ֭לֹהֶיךָ'
45:10	14	la				expands	supplied-article-spa	safe	0.7913	approved	0				article the original does not write, read as one by UDPipe's Spanish-AnCora model (Straka and Straková, ÚFAL, CC BY-NC-SA 4.0); rests on 'casa' → 'בֵ֥ית'
45:12	2	las				expands	supplied-article-spa	safe	0.8	approved	0				article the original does not write, read as one by UDPipe's Spanish-AnCora model (Straka and Straková, ÚFAL, CC BY-NC-SA 4.0); rests on 'hijas' → 'בַֽת'
45:13	6	la				expands	supplied-article-spa	safe	0.795	approved	0				article the original does not write, read as one by UDPipe's Spanish-AnCora model (Straka and Straková, ÚFAL, CC BY-NC-SA 4.0); rests on 'hija' → 'בַת'
45:17	10	las				expands	supplied-article-spa	safe	0.7053	approved	0				article the original does not write, read as one by UDPipe's Spanish-AnCora model (Straka and Straková, ÚFAL, CC BY-NC-SA 4.0); rests on 'generaciones' → 'דֹ֑ר'
45:17	17	los				expands	supplied-article-spa	safe	0.7612	approved	0				article the original does not write, read as one by UDPipe's Spanish-AnCora model (Straka and Straková, ÚFAL, CC BY-NC-SA 4.0); rests on 'pueblos' → 'עַמִּ֥ים'
46:2	6	la				expands	supplied-article-spa	safe	0.7519	approved	0				article the original does not write, read as one by UDPipe's Spanish-AnCora model (Straka and Straková, ÚFAL, CC BY-NC-SA 4.0); rests on 'tierra' → 'אָ֑רֶץ'
46:2	13	los				expands	supplied-article-spa	safe	0.7855	approved	0				article the original does not write, read as one by UDPipe's Spanish-AnCora model (Straka and Straková, ÚFAL, CC BY-NC-SA 4.0); rests on 'montes' → 'הָ֝רִ֗ים'
46:2	18	la				expands	supplied-article-spa	safe	0.7912	approved	0				article the original does not write, read as one by UDPipe's Spanish-AnCora model (Straka and Straková, ÚFAL, CC BY-NC-SA 4.0); rests on 'mar' → 'יַמִּֽים'
46:3	6	los				expands	supplied-article-spa	safe	0.7855	approved	0				article the original does not write, read as one by UDPipe's Spanish-AnCora model (Straka and Straková, ÚFAL, CC BY-NC-SA 4.0); rests on 'montes' → 'הָרִ֖ים'
46:4	6	la				expands	supplied-article-spa	safe	0.7711	approved	0				article the original does not write, read as one by UDPipe's Spanish-AnCora model (Straka and Straková, ÚFAL, CC BY-NC-SA 4.0); rests on 'ciudad' → 'עִיר'
46:5	15	la				expands	supplied-article-spa	safe	0.6637	approved	0				article the original does not write, read as one by UDPipe's Spanish-AnCora model (Straka and Straková, ÚFAL, CC BY-NC-SA 4.0); rests on 'mañana' → 'בֹּֽקֶר'
46:6	2	las				expands	supplied-article-spa	safe	0.7949	approved	0				article the original does not write, read as one by UDPipe's Spanish-AnCora model (Straka and Straková, ÚFAL, CC BY-NC-SA 4.0); rests on 'gentes' → 'גֹ֖ויִם'
46:6	5	los				expands	supplied-article-spa	safe	0.782	approved	0				article the original does not write, read as one by UDPipe's Spanish-AnCora model (Straka and Straková, ÚFAL, CC BY-NC-SA 4.0); rests on 'reinos' → 'מַמְלָכֹ֑ות'
46:6	12	la				expands	supplied-article-spa	safe	0.7519	approved	0				article the original does not write, read as one by UDPipe's Spanish-AnCora model (Straka and Straková, ÚFAL, CC BY-NC-SA 4.0); rests on 'tierra' → 'אָֽרֶץ'
46:7	3	los				expands	supplied-article-spa	safe	0.7836	approved	0				article the original does not write, read as one by UDPipe's Spanish-AnCora model (Straka and Straková, ÚFAL, CC BY-NC-SA 4.0); rests on 'ejércitos' → 'צְבָאֹ֣ות'
46:7	11	el				expands	supplied-article-spa	safe	0.7333	approved	0				article the original does not write, read as one by UDPipe's Spanish-AnCora model (Straka and Straková, ÚFAL, CC BY-NC-SA 4.0); rests on 'Dios' → 'אֱלֹהֵ֖י'
46:9	4	las				expands	supplied-article-spa	safe	0.8	approved	0				article the original does not write, read as one by UDPipe's Spanish-AnCora model (Straka and Straková, ÚFAL, CC BY-NC-SA 4.0); rests on 'guerras' → 'מִלְחָמֹות֮'
46:9	14	el				expands	supplied-article-spa	safe	0.792	approved	0				article the original does not write, read as one by UDPipe's Spanish-AnCora model (Straka and Straková, ÚFAL, CC BY-NC-SA 4.0); rests on 'arco' → 'קֶ֣שֶׁת'
46:9	17	la				expands	supplied-article-spa	safe	0.7063	approved	0				article the original does not write, read as one by UDPipe's Spanish-AnCora model (Straka and Straková, ÚFAL, CC BY-NC-SA 4.0); rests on 'lanza' → 'חֲנִ֑ית'
46:11	3	los				expands	supplied-article-spa	safe	0.7836	approved	0				article the original does not write, read as one by UDPipe's Spanish-AnCora model (Straka and Straková, ÚFAL, CC BY-NC-SA 4.0); rests on 'ejércitos' → 'צְבָאֹ֣ות'
46:11	11	el				expands	supplied-article-spa	safe	0.7333	approved	0				article the original does not write, read as one by UDPipe's Spanish-AnCora model (Straka and Straková, ÚFAL, CC BY-NC-SA 4.0); rests on 'Dios' → 'אֱלֹהֵ֖י'
47:2	3	el				expands	supplied-article-spa	safe	0.7481	approved	0				article the original does not write, read as one by UDPipe's Spanish-AnCora model (Straka and Straková, ÚFAL, CC BY-NC-SA 4.0); rests on 'Altísimo' → 'עֶלְיֹ֣ון'
47:3	4	los				expands	supplied-article-spa	safe	0.761	approved	0				article the original does not write, read as one by UDPipe's Spanish-AnCora model (Straka and Straková, ÚFAL, CC BY-NC-SA 4.0); rests on 'pueblos' → 'עַמִּ֣ים'
47:7	4	el				expands	supplied-article-spa	safe	0.7778	approved	0				article the original does not write, read as one by UDPipe's Spanish-AnCora model (Straka and Straková, ÚFAL, CC BY-NC-SA 4.0); rests on 'Rey' → 'מֶ֖לֶךְ'
47:8	4	las				expands	supplied-article-spa	safe	0.7949	approved	0				article the original does not write, read as one by UDPipe's Spanish-AnCora model (Straka and Straková, ÚFAL, CC BY-NC-SA 4.0); rests on 'gentes' → 'גֹּויִ֑ם'
47:9	4	los				expands	supplied-article-spa	safe	0.761	approved	0				article the original does not write, read as one by UDPipe's Spanish-AnCora model (Straka and Straková, ÚFAL, CC BY-NC-SA 4.0); rests on 'pueblos' → 'עַמִּ֨ים'
47:9	18	los				expands	supplied-article-spa	safe	0.656	approved	0				article the original does not write, read as one by UDPipe's Spanish-AnCora model (Straka and Straková, ÚFAL, CC BY-NC-SA 4.0); rests on 'escudos' → 'מָֽגִנֵּי'
47:9	21	la				expands	supplied-article-spa	safe	0.752	approved	0				article the original does not write, read as one by UDPipe's Spanish-AnCora model (Straka and Straková, ÚFAL, CC BY-NC-SA 4.0); rests on 'tierra' → 'אֶ֗רֶץ'
48:1	20	la				expands	supplied-article-spa	safe	0.7716	approved	0				article the original does not write, read as one by UDPipe's Spanish-AnCora model (Straka and Straková, ÚFAL, CC BY-NC-SA 4.0); rests on 'ciudad' → 'עִ֥יר'
48:1	26	el				expands	supplied-article-spa	safe	0.7696	approved	0				article the original does not write, read as one by UDPipe's Spanish-AnCora model (Straka and Straková, ÚFAL, CC BY-NC-SA 4.0); rests on 'monte' → 'הַר'
48:2	10	el				expands	supplied-article-spa	safe	0.7696	approved	0				article the original does not write, read as one by UDPipe's Spanish-AnCora model (Straka and Straková, ÚFAL, CC BY-NC-SA 4.0); rests on 'monte' → 'הַר'
48:7	6	las				expands	supplied-article-spa	safe	0.71	approved	0				article the original does not write, read as one by UDPipe's Spanish-AnCora model (Straka and Straková, ÚFAL, CC BY-NC-SA 4.0); rests on 'naves' → 'אֳנִיֹּ֥ות'
48:8	8	la				expands	supplied-article-spa	safe	0.7716	approved	0				article the original does not write, read as one by UDPipe's Spanish-AnCora model (Straka and Straková, ÚFAL, CC BY-NC-SA 4.0); rests on 'ciudad' → 'עִיר'
48:8	13	los				expands	supplied-article-spa	safe	0.7837	approved	0				article the original does not write, read as one by UDPipe's Spanish-AnCora model (Straka and Straková, ÚFAL, CC BY-NC-SA 4.0); rests on 'ejércitos' → 'צְ֭בָאֹות'
48:8	16	la				expands	supplied-article-spa	safe	0.7716	approved	0				article the original does not write, read as one by UDPipe's Spanish-AnCora model (Straka and Straková, ÚFAL, CC BY-NC-SA 4.0); rests on 'ciudad' → 'עִ֣יר'
48:10	15	la				expands	supplied-article-spa	safe	0.752	approved	0				article the original does not write, read as one by UDPipe's Spanish-AnCora model (Straka and Straková, ÚFAL, CC BY-NC-SA 4.0); rests on 'tierra' → 'אֶ֑רֶץ'
48:11	2	el				expands	supplied-article-spa	safe	0.7696	approved	0				article the original does not write, read as one by UDPipe's Spanish-AnCora model (Straka and Straková, ÚFAL, CC BY-NC-SA 4.0); rests on 'monte' → 'הַר'
48:11	8	las				expands	supplied-article-spa	safe	0.8	approved	0				article the original does not write, read as one by UDPipe's Spanish-AnCora model (Straka and Straková, ÚFAL, CC BY-NC-SA 4.0); rests on 'hijas' → 'בְּנֹ֣ות'
48:13	15	la				expands	supplied-article-spa	safe	0.7287	approved	0				article the original does not write, read as one by UDPipe's Spanish-AnCora model (Straka and Straková, ÚFAL, CC BY-NC-SA 4.0); rests on 'generación' → 'דֹ֣ור'
49:2	7	el				expands	supplied-article-spa	safe	0.675	approved	0				article the original does not write, read as one by UDPipe's Spanish-AnCora model (Straka and Straková, ÚFAL, CC BY-NC-SA 4.0); rests on 'rico' → 'עָשִׁ֥יר'
49:4	8	el				expands	supplied-article-spa	safe	0.7786	approved	0				article the original does not write, read as one by UDPipe's Spanish-AnCora model (Straka and Straková, ÚFAL, CC BY-NC-SA 4.0); rests on 'arpa' → 'כִנֹּ֗ור'
49:5	7	los				expands	supplied-article-spa	safe	0.7849	approved	0				article the original does not write, read as one by UDPipe's Spanish-AnCora model (Straka and Straková, ÚFAL, CC BY-NC-SA 4.0); rests on 'días' → 'ימֵי'
49:10	6	los				expands	supplied-article-spa	safe	0.68	approved	0				article the original does not write, read as one by UDPipe's Spanish-AnCora model (Straka and Straková, ÚFAL, CC BY-NC-SA 4.0); rests on 'sabios' → 'חֲכָ֘מִ֤ים'
49:10	13	el				expands	supplied-article-spa	safe	0.6185	approved	0				article the original does not write, read as one by UDPipe's Spanish-AnCora model (Straka and Straková, ÚFAL, CC BY-NC-SA 4.0); rests on 'necio' → 'כְּסִ֣יל'
49:14	8	la				expands	supplied-article-spa	safe	0.6431	approved	0				article the original does not write, read as one by UDPipe's Spanish-AnCora model (Straka and Straková, ÚFAL, CC BY-NC-SA 4.0); rests on 'muerte' → 'מָ֤וֶת'
49:14	15	los				expands	supplied-article-spa	safe	0.7635	approved	0				article the original does not write, read as one by UDPipe's Spanish-AnCora model (Straka and Straková, ÚFAL, CC BY-NC-SA 4.0); rests on 'rectos' → 'יְשָׁרִ֨ים'
49:16	9	la				expands	supplied-article-spa	safe	0.6783	approved	0				article the original does not write, read as one by UDPipe's Spanish-AnCora model (Straka and Straková, ÚFAL, CC BY-NC-SA 4.0); rests on 'gloria' → 'כְּבֹ֣וד'
49:19	3	la				expands	supplied-article-spa	safe	0.7269	approved	0				article the original does not write, read as one by UDPipe's Spanish-AnCora model (Straka and Straková, ÚFAL, CC BY-NC-SA 4.0); rests on 'generación' → 'דֹּ֣ור'
50:1	13	la				expands	supplied-article-spa	safe	0.752	approved	0				article the original does not write, read as one by UDPipe's Spanish-AnCora model (Straka and Straková, ÚFAL, CC BY-NC-SA 4.0); rests on 'tierra' → 'אָ֑רֶץ'
50:1	16	el				expands	supplied-article-spa	safe	0.6031	approved	0				article the original does not write, read as one by UDPipe's Spanish-AnCora model (Straka and Straková, ÚFAL, CC BY-NC-SA 4.0); rests on 'nacimiento' → 'מִּזְרַח'
50:6	3	los				expands	supplied-article-spa	safe	0.7771	approved	0				article the original does not write, read as one by UDPipe's Spanish-AnCora model (Straka and Straková, ÚFAL, CC BY-NC-SA 4.0); rests on 'cielos' → 'שָׁמַ֣יִם'
50:6	10	el				expands	supplied-article-spa	safe	0.7795	approved	0				article the original does not write, read as one by UDPipe's Spanish-AnCora model (Straka and Straková, ÚFAL, CC BY-NC-SA 4.0); rests on 'juez' → 'שֹׁפֵ֖ט'
50:7	15	el				expands	supplied-article-spa	safe	0.7336	approved	0				article the original does not write, read as one by UDPipe's Spanish-AnCora model (Straka and Straková, ÚFAL, CC BY-NC-SA 4.0); rests on 'Dios' → 'אֱלֹהֶ֣יךָ'
50:10	9	los				expands	supplied-article-spa	safe	0.68	approved	0				article the original does not write, read as one by UDPipe's Spanish-AnCora model (Straka and Straková, ÚFAL, CC BY-NC-SA 4.0); rests on 'millares' → 'אָֽלֶף'
50:11	3	las				expands	supplied-article-spa	safe	0.7129	approved	0				article the original does not write, read as one by UDPipe's Spanish-AnCora model (Straka and Straková, ÚFAL, CC BY-NC-SA 4.0); rests on 'aves' → 'עֹ֣וף'
50:11	6	los				expands	supplied-article-spa	safe	0.7856	approved	0				article the original does not write, read as one by UDPipe's Spanish-AnCora model (Straka and Straková, ÚFAL, CC BY-NC-SA 4.0); rests on 'montes' → 'הָרִ֑ים'
50:12	14	el				expands	supplied-article-spa	safe	0.775	approved	0				article the original does not write, read as one by UDPipe's Spanish-AnCora model (Straka and Straková, ÚFAL, CC BY-NC-SA 4.0); rests on 'mundo' → 'תֵ֝בֵ֗ל'
50:15	4	el				expands	supplied-article-spa	safe	0.7597	approved	0				article the original does not write, read as one by UDPipe's Spanish-AnCora model (Straka and Straková, ÚFAL, CC BY-NC-SA 4.0); rests on 'día' → 'יֹ֣ום'
50:18	11	los				expands	supplied-article-spa	safe	0.8	approved	0				article the original does not write, read as one by UDPipe's Spanish-AnCora model (Straka and Straková, ÚFAL, CC BY-NC-SA 4.0); rests on 'adúlteros' → 'מְנָאֲפִ֣ים'
50:20	9	el				expands	supplied-article-spa	safe	0.7928	approved	0				article the original does not write, read as one by UDPipe's Spanish-AnCora model (Straka and Straková, ÚFAL, CC BY-NC-SA 4.0); rests on 'hijo' → 'בֶֽן'
51:7	13	la				expands	supplied-article-spa	safe	0.775	approved	0				article the original does not write, read as one by UDPipe's Spanish-AnCora model (Straka and Straková, ÚFAL, CC BY-NC-SA 4.0); rests on 'nieve' → 'שֶּׁ֥לֶג'
51:8	9	los				expands	supplied-article-spa	safe	0.7897	approved	0				article the original does not write, read as one by UDPipe's Spanish-AnCora model (Straka and Straková, ÚFAL, CC BY-NC-SA 4.0); rests on 'huesos' → 'עֲצָמֹ֥ות'
51:10	6	un				expands	supplied-indefinite-article-spa	safe	0.6479	approved	0				indefinite article, read as one by UDPipe's Spanish-AnCora model (Straka and Straková, ÚFAL, CC BY-NC-SA 4.0); rests on 'corazón' → 'לֵ֣ב'
51:10	11	un				expands	supplied-indefinite-article-spa	safe	0.7754	approved	0				indefinite article, read as one by UDPipe's Spanish-AnCora model (Straka and Straková, ÚFAL, CC BY-NC-SA 4.0); rests on 'espíritu' → 'ר֥וּחַ'
51:12	8	el				expands	supplied-article-spa	safe	0.7754	approved	0				article the original does not write, read as one by UDPipe's Spanish-AnCora model (Straka and Straková, ÚFAL, CC BY-NC-SA 4.0); rests on 'espíritu' → 'ר֖וּחַ'
51:13	8	los				expands	supplied-article-spa	safe	0.6875	approved	0				article the original does not write, read as one by UDPipe's Spanish-AnCora model (Straka and Straková, ÚFAL, CC BY-NC-SA 4.0); rests on 'pecadores' → 'חַטָּאִ֗ים'
51:17	1	Los				expands	supplied-article-spa	safe	0.7491	approved	0				article the original does not write, read as one by UDPipe's Spanish-AnCora model (Straka and Straková, ÚFAL, CC BY-NC-SA 4.0); rests on 'sacrificios' → 'זִֽבְחֵ֣י'
51:17	6	el				expands	supplied-article-spa	safe	0.7754	approved	0				article the original does not write, read as one by UDPipe's Spanish-AnCora model (Straka and Straková, ÚFAL, CC BY-NC-SA 4.0); rests on 'espíritu' → 'ר֢וּחַ'
51:18	9	los				expands	supplied-article-spa	safe	0.7308	approved	0				article the original does not write, read as one by UDPipe's Spanish-AnCora model (Straka and Straková, ÚFAL, CC BY-NC-SA 4.0); rests on 'muros' → 'חֹומֹ֥ות'
51:19	4	los				expands	supplied-article-spa	safe	0.7491	approved	0				article the original does not write, read as one by UDPipe's Spanish-AnCora model (Straka and Straková, ÚFAL, CC BY-NC-SA 4.0); rests on 'sacrificios' → 'זִבְחֵי'
51:19	8	el				expands	supplied-article-spa	safe	0.7956	approved	0				article the original does not write, read as one by UDPipe's Spanish-AnCora model (Straka and Straková, ÚFAL, CC BY-NC-SA 4.0); rests on 'holocausto' → 'עֹולָ֣ה'
52:1	32	La				expands	supplied-article-spa	safe	0.6637	approved	0				article the original does not write, read as one by UDPipe's Spanish-AnCora model (Straka and Straková, ÚFAL, CC BY-NC-SA 4.0); rests on 'misericordia' → 'חֶ֥סֶד'
52:3	2	el				expands	supplied-article-spa	safe	0.7513	approved	0				article the original does not write, read as one by UDPipe's Spanish-AnCora model (Straka and Straková, ÚFAL, CC BY-NC-SA 4.0); rests on 'mal' → 'רָּ֣ע'
52:3	6	el				expands	supplied-article-spa	safe	0.6207	approved	0				article the original does not write, read as one by UDPipe's Spanish-AnCora model (Straka and Straková, ÚFAL, CC BY-NC-SA 4.0); rests on 'bien' → 'טֹּ֑וב'
52:3	8	la				expands	supplied-article-spa	safe	0.65	approved	0				article the original does not write, read as one by UDPipe's Spanish-AnCora model (Straka and Straková, ÚFAL, CC BY-NC-SA 4.0); rests on 'mentira' → 'שֶׁ֓קֶר'
52:5	20	la				expands	supplied-article-spa	safe	0.752	approved	0				article the original does not write, read as one by UDPipe's Spanish-AnCora model (Straka and Straková, ÚFAL, CC BY-NC-SA 4.0); rests on 'tierra' → 'אֶ֖רֶץ'
52:5	23	los				expands	supplied-article-spa	safe	0.8	approved	0				article the original does not write, read as one by UDPipe's Spanish-AnCora model (Straka and Straková, ÚFAL, CC BY-NC-SA 4.0); rests on 'vivientes' → 'חַיִּ֣ים'
52:6	3	los				expands	supplied-article-spa	safe	0.785	approved	0				article the original does not write, read as one by UDPipe's Spanish-AnCora model (Straka and Straková, ÚFAL, CC BY-NC-SA 4.0); rests on 'justos' → 'צַדִּיקִ֥ים'
52:8	8	la				expands	supplied-article-spa	safe	0.7913	approved	0				article the original does not write, read as one by UDPipe's Spanish-AnCora model (Straka and Straková, ÚFAL, CC BY-NC-SA 4.0); rests on 'casa' → 'בֵ֣ית'
52:8	13	la				expands	supplied-article-spa	safe	0.6637	approved	0				article the original does not write, read as one by UDPipe's Spanish-AnCora model (Straka and Straková, ÚFAL, CC BY-NC-SA 4.0); rests on 'misericordia' → 'חֶֽסֶד'
53:2	3	los				expands	supplied-article-spa	safe	0.7772	approved	0				article the original does not write, read as one by UDPipe's Spanish-AnCora model (Straka and Straková, ÚFAL, CC BY-NC-SA 4.0); rests on 'cielos' → 'שָּׁמַיִם֮'
53:2	7	los				expands	supplied-article-spa	safe	0.7923	approved	0				article the original does not write, read as one by UDPipe's Spanish-AnCora model (Straka and Straková, ÚFAL, CC BY-NC-SA 4.0); rests on 'hijos' → 'בְּנֵ֫י'
53:5	14	los				expands	supplied-article-spa	safe	0.7898	approved	0				article the original does not write, read as one by UDPipe's Spanish-AnCora model (Straka and Straková, ÚFAL, CC BY-NC-SA 4.0); rests on 'huesos' → 'עַצְמֹ֣ות'
54:2	7	las				expands	supplied-article-spa	safe	0.566	approved	0				article the original does not write, read as one by UDPipe's Spanish-AnCora model (Straka and Straková, ÚFAL, CC BY-NC-SA 4.0); rests on 'razones' → 'אִמְרֵי'
55:3	4	la				expands	supplied-article-spa	safe	0.7935	approved	0				article the original does not write, read as one by UDPipe's Spanish-AnCora model (Straka and Straková, ÚFAL, CC BY-NC-SA 4.0); rests on 'voz' → 'קֹּ֤ול'
55:9	5	la				expands	supplied-article-spa	safe	0.7782	approved	0				article the original does not write, read as one by UDPipe's Spanish-AnCora model (Straka and Straková, ÚFAL, CC BY-NC-SA 4.0); rests on 'lengua' → 'לְשֹׁונָ֑ם'
55:14	8	la				expands	supplied-article-spa	safe	0.7913	approved	0				article the original does not write, read as one by UDPipe's Spanish-AnCora model (Straka and Straková, ÚFAL, CC BY-NC-SA 4.0); rests on 'casa' → 'בֵ֥ית'
55:21	18	el				expands	supplied-article-spa	safe	0.735	approved	0				article the original does not write, read as one by UDPipe's Spanish-AnCora model (Straka and Straková, ÚFAL, CC BY-NC-SA 4.0); rests on 'aceite' → 'שֶּׁ֗מֶן'
56:3	2	el				expands	supplied-article-spa	safe	0.7596	approved	0				article the original does not write, read as one by UDPipe's Spanish-AnCora model (Straka and Straková, ÚFAL, CC BY-NC-SA 4.0); rests on 'día' → 'יֹ֥ום'
56:4	14	la				expands	supplied-article-spa	safe	0.7789	approved	0				article the original does not write, read as one by UDPipe's Spanish-AnCora model (Straka and Straková, ÚFAL, CC BY-NC-SA 4.0); rests on 'carne' → 'בָשָׂ֣ר'
56:7	12	los				expands	supplied-article-spa	safe	0.7614	approved	0				article the original does not write, read as one by UDPipe's Spanish-AnCora model (Straka and Straková, ÚFAL, CC BY-NC-SA 4.0); rests on 'pueblos' → 'עַמִּ֤ים'
56:9	7	el				expands	supplied-article-spa	safe	0.7596	approved	0				article the original does not write, read as one by UDPipe's Spanish-AnCora model (Straka and Straková, ÚFAL, CC BY-NC-SA 4.0); rests on 'día' → 'יֹ֣ום'
56:13	7	la				expands	supplied-article-spa	safe	0.6431	approved	0				article the original does not write, read as one by UDPipe's Spanish-AnCora model (Straka and Straková, ÚFAL, CC BY-NC-SA 4.0); rests on 'muerte' → 'מָּוֶת֮'
56:13	21	la				expands	supplied-article-spa	safe	0.7224	approved	0				article the original does not write, read as one by UDPipe's Spanish-AnCora model (Straka and Straková, ÚFAL, CC BY-NC-SA 4.0); rests on 'luz' → 'אֹ֗ור'
57:1	38	la				expands	supplied-article-spa	safe	0.6672	approved	0				article the original does not write, read as one by UDPipe's Spanish-AnCora model (Straka and Straková, ÚFAL, CC BY-NC-SA 4.0); rests on 'sombra' → 'צֵֽל'
57:3	4	los				expands	supplied-article-spa	safe	0.777	approved	0				article the original does not write, read as one by UDPipe's Spanish-AnCora model (Straka and Straková, ÚFAL, CC BY-NC-SA 4.0); rests on 'cielos' → 'שָּׁמַ֨יִם'
57:10	5	los				expands	supplied-article-spa	safe	0.777	approved	0				article the original does not write, read as one by UDPipe's Spanish-AnCora model (Straka and Straková, ÚFAL, CC BY-NC-SA 4.0); rests on 'cielos' → 'שָׁמַ֣יִם'
57:11	3	los				expands	supplied-article-spa	safe	0.777	approved	0				article the original does not write, read as one by UDPipe's Spanish-AnCora model (Straka and Straková, ÚFAL, CC BY-NC-SA 4.0); rests on 'cielos' → 'שָׁמַ֣יִם'
58:2	3	el				expands	supplied-article-spa	safe	0.6481	approved	0				article the original does not write, read as one by UDPipe's Spanish-AnCora model (Straka and Straková, ÚFAL, CC BY-NC-SA 4.0); rests on 'corazón' → 'לֵב֮'
58:2	9	la				expands	supplied-article-spa	safe	0.6091	approved	0				article the original does not write, read as one by UDPipe's Spanish-AnCora model (Straka and Straková, ÚFAL, CC BY-NC-SA 4.0); rests on 'violencia' → 'חֲמַ֥ס'
58:3	2	los				expands	supplied-article-spa	safe	0.7918	approved	0				article the original does not write, read as one by UDPipe's Spanish-AnCora model (Straka and Straková, ÚFAL, CC BY-NC-SA 4.0); rests on 'impíos' → 'רְשָׁעִ֣ים'
58:3	9	el				expands	supplied-article-spa	safe	0.7824	approved	0				article the original does not write, read as one by UDPipe's Spanish-AnCora model (Straka and Straková, ÚFAL, CC BY-NC-SA 4.0); rests on 'vientre' → 'בֶּ֗טֶן'
58:4	7	la				expands	supplied-article-spa	safe	0.7571	approved	0				article the original does not write, read as one by UDPipe's Spanish-AnCora model (Straka and Straková, ÚFAL, CC BY-NC-SA 4.0); rests on 'serpiente' → 'נָחָ֑שׁ'
58:5	4	la				expands	supplied-article-spa	safe	0.7935	approved	0				article the original does not write, read as one by UDPipe's Spanish-AnCora model (Straka and Straková, ÚFAL, CC BY-NC-SA 4.0); rests on 'voz' → 'קֹ֣ול'
58:6	15	los				expands	supplied-article-spa	safe	0.8	approved	0				article the original does not write, read as one by UDPipe's Spanish-AnCora model (Straka and Straková, ÚFAL, CC BY-NC-SA 4.0); rests on 'leoncillos' → 'כְּ֝פִירִ֗ים'
58:8	16	el				expands	supplied-article-spa	safe	0.7606	approved	0				article the original does not write, read as one by UDPipe's Spanish-AnCora model (Straka and Straková, ÚFAL, CC BY-NC-SA 4.0); rests on 'sol' → 'שָֽׁמֶשׁ'
59:5	6	los				expands	supplied-article-spa	safe	0.7837	approved	0				article the original does not write, read as one by UDPipe's Spanish-AnCora model (Straka and Straková, ÚFAL, CC BY-NC-SA 4.0); rests on 'ejércitos' → 'צְבָאֹ֡ות'
59:6	10	la				expands	supplied-article-spa	safe	0.771	approved	0				article the original does not write, read as one by UDPipe's Spanish-AnCora model (Straka and Straková, ÚFAL, CC BY-NC-SA 4.0); rests on 'ciudad' → 'עִֽיר'
59:8	12	las				expands	supplied-article-spa	safe	0.7949	approved	0				article the original does not write, read as one by UDPipe's Spanish-AnCora model (Straka and Straková, ÚFAL, CC BY-NC-SA 4.0); rests on 'gentes' → 'גֹּויִֽם'
59:10	1	El				expands	supplied-article-spa	safe	0.7333	approved	0				article the original does not write, read as one by UDPipe's Spanish-AnCora model (Straka and Straková, ÚFAL, CC BY-NC-SA 4.0); rests on 'Dios' → 'אֱלֹהֵ֣י'
59:12	2	el				expands	supplied-article-spa	safe	0.5684	approved	0				article the original does not write, read as one by UDPipe's Spanish-AnCora model (Straka and Straková, ÚFAL, CC BY-NC-SA 4.0); rests on 'pecado' → 'חַטַּאת'
59:12	8	la				expands	supplied-article-spa	safe	0.7513	approved	0				article the original does not write, read as one by UDPipe's Spanish-AnCora model (Straka and Straková, ÚFAL, CC BY-NC-SA 4.0); rests on 'palabra' → 'דְּֽבַר'
59:14	12	la				expands	supplied-article-spa	safe	0.771	approved	0				article the original does not write, read as one by UDPipe's Spanish-AnCora model (Straka and Straková, ÚFAL, CC BY-NC-SA 4.0); rests on 'ciudad' → 'עִֽיר'
59:16	20	el				expands	supplied-article-spa	safe	0.7597	approved	0				article the original does not write, read as one by UDPipe's Spanish-AnCora model (Straka and Straková, ÚFAL, CC BY-NC-SA 4.0); rests on 'día' → 'יֹ֣ום'
60:2	3	la				expands	supplied-article-spa	safe	0.752	approved	0				article the original does not write, read as one by UDPipe's Spanish-AnCora model (Straka and Straková, ÚFAL, CC BY-NC-SA 4.0); rests on 'tierra' → 'אֶ֣רֶץ'
60:9	5	la				expands	supplied-article-spa	safe	0.7711	approved	0				article the original does not write, read as one by UDPipe's Spanish-AnCora model (Straka and Straková, ÚFAL, CC BY-NC-SA 4.0); rests on 'ciudad' → 'עִ֣יר'
62:7	12	la				expands	supplied-article-spa	safe	0.7135	approved	0				article the original does not write, read as one by UDPipe's Spanish-AnCora model (Straka and Straková, ÚFAL, CC BY-NC-SA 4.0); rests on 'roca' → 'צוּר'
62:9	5	los				expands	supplied-article-spa	safe	0.7923	approved	0				article the original does not write, read as one by UDPipe's Spanish-AnCora model (Straka and Straková, ÚFAL, CC BY-NC-SA 4.0); rests on 'hijos' → 'בְּנֵֽי'
62:9	11	los				expands	supplied-article-spa	safe	0.7923	approved	0				article the original does not write, read as one by UDPipe's Spanish-AnCora model (Straka and Straková, ÚFAL, CC BY-NC-SA 4.0); rests on 'hijos' → 'בְּנֵ֫י'
62:9	20	la				expands	supplied-article-spa	safe	0.6875	approved	0				article the original does not write, read as one by UDPipe's Spanish-AnCora model (Straka and Straková, ÚFAL, CC BY-NC-SA 4.0); rests on 'balanza' → 'מֹאזְנַ֥יִם'
62:9	25	la				expands	supplied-article-spa	safe	0.6364	approved	0				article the original does not write, read as one by UDPipe's Spanish-AnCora model (Straka and Straková, ÚFAL, CC BY-NC-SA 4.0); rests on 'vanidad' → 'הֶ֥בֶל'
62:10	20	el				expands	supplied-article-spa	safe	0.6485	approved	0				article the original does not write, read as one by UDPipe's Spanish-AnCora model (Straka and Straková, ÚFAL, CC BY-NC-SA 4.0); rests on 'corazón' → 'לֵֽב'
62:12	7	la				expands	supplied-article-spa	safe	0.6642	approved	0				article the original does not write, read as one by UDPipe's Spanish-AnCora model (Straka and Straková, ÚFAL, CC BY-NC-SA 4.0); rests on 'misericordia' → 'חָ֑סֶד'
63:7	9	la				expands	supplied-article-spa	safe	0.6672	approved	0				article the original does not write, read as one by UDPipe's Spanish-AnCora model (Straka and Straková, ÚFAL, CC BY-NC-SA 4.0); rests on 'sombra' → 'צֵ֖ל'
63:10	9	las				expands	supplied-article-spa	safe	0.8	approved	0				article the original does not write, read as one by UDPipe's Spanish-AnCora model (Straka and Straková, ÚFAL, CC BY-NC-SA 4.0); rests on 'zorras' → 'שֻׁעָלִ֣ים'
63:11	16	la				expands	supplied-article-spa	safe	0.7853	approved	0				article the original does not write, read as one by UDPipe's Spanish-AnCora model (Straka and Straková, ÚFAL, CC BY-NC-SA 4.0); rests on 'boca' → 'פִּ֣י'
64:2	6	los				expands	supplied-article-spa	safe	0.8	approved	0				article the original does not write, read as one by UDPipe's Spanish-AnCora model (Straka and Straková, ÚFAL, CC BY-NC-SA 4.0); rests on 'malignos' → 'מְרֵעִ֑ים'
64:6	18	el				expands	supplied-article-spa	safe	0.6479	approved	0				article the original does not write, read as one by UDPipe's Spanish-AnCora model (Straka and Straková, ÚFAL, CC BY-NC-SA 4.0); rests on 'corazón' → 'לֵ֣ב'
64:10	2	el				expands	supplied-article-spa	safe	0.7471	approved	0				article the original does not write, read as one by UDPipe's Spanish-AnCora model (Straka and Straková, ÚFAL, CC BY-NC-SA 4.0); rests on 'justo' → 'צַדִּ֣יק'
64:10	14	los				expands	supplied-article-spa	safe	0.7635	approved	0				article the original does not write, read as one by UDPipe's Spanish-AnCora model (Straka and Straková, ÚFAL, CC BY-NC-SA 4.0); rests on 'rectos' → 'יִשְׁרֵי'
65:1	12	la				expands	supplied-article-spa	safe	0.62	approved	0				article the original does not write, read as one by UDPipe's Spanish-AnCora model (Straka and Straková, ÚFAL, CC BY-NC-SA 4.0); rests on 'alabanza' → 'תְהִלָּ֓ה'
65:1	23	los				expands	supplied-article-spa	safe	0.7609	approved	0				article the original does not write, read as one by UDPipe's Spanish-AnCora model (Straka and Straková, ÚFAL, CC BY-NC-SA 4.0); rests on 'votos' → 'נֶֽדֶר'
65:2	3	la				expands	supplied-article-spa	safe	0.7293	approved	0				article the original does not write, read as one by UDPipe's Spanish-AnCora model (Straka and Straková, ÚFAL, CC BY-NC-SA 4.0); rests on 'oración' → 'תְּפִלָּ֑ה'
65:5	20	la				expands	supplied-article-spa	safe	0.752	approved	0				article the original does not write, read as one by UDPipe's Spanish-AnCora model (Straka and Straková, ÚFAL, CC BY-NC-SA 4.0); rests on 'tierra' → 'אֶ֝֗רֶץ'
65:5	29	la				expands	supplied-article-spa	safe	0.7912	approved	0				article the original does not write, read as one by UDPipe's Spanish-AnCora model (Straka and Straková, ÚFAL, CC BY-NC-SA 4.0); rests on 'mar' → 'יָ֣ם'
65:6	5	los				expands	supplied-article-spa	safe	0.7856	approved	0				article the original does not write, read as one by UDPipe's Spanish-AnCora model (Straka and Straková, ÚFAL, CC BY-NC-SA 4.0); rests on 'montes' → 'הָרִ֣ים'
65:7	7	los				expands	supplied-article-spa	safe	0.8	approved	0				article the original does not write, read as one by UDPipe's Spanish-AnCora model (Straka and Straková, ÚFAL, CC BY-NC-SA 4.0); rests on 'mares' → 'יַ֭מִּים'
65:8	18	las				expands	supplied-article-spa	safe	0.6071	approved	0				article the original does not write, read as one by UDPipe's Spanish-AnCora model (Straka and Straková, ÚFAL, CC BY-NC-SA 4.0); rests on 'salidas' → 'מֹ֤וצָֽאֵי'
65:8	21	la				expands	supplied-article-spa	safe	0.6637	approved	0				article the original does not write, read as one by UDPipe's Spanish-AnCora model (Straka and Straková, ÚFAL, CC BY-NC-SA 4.0); rests on 'mañana' → 'בֹ֖קֶר'
65:8	25	la				expands	supplied-article-spa	safe	0.7763	approved	0				article the original does not write, read as one by UDPipe's Spanish-AnCora model (Straka and Straková, ÚFAL, CC BY-NC-SA 4.0); rests on 'tarde' → 'עֶ֣רֶב'
65:9	21	el				expands	supplied-article-spa	safe	0.65	approved	0				article the original does not write, read as one by UDPipe's Spanish-AnCora model (Straka and Straková, ÚFAL, CC BY-NC-SA 4.0); rests on 'grano' → 'דְּ֝גָנָ֗ם'
65:11	3	el				expands	supplied-article-spa	safe	0.7664	approved	0				article the original does not write, read as one by UDPipe's Spanish-AnCora model (Straka and Straková, ÚFAL, CC BY-NC-SA 4.0); rests on 'año' → 'שְׁנַ֣ת'
65:12	8	los				expands	supplied-article-spa	safe	0.7654	approved	0				article the original does not write, read as one by UDPipe's Spanish-AnCora model (Straka and Straková, ÚFAL, CC BY-NC-SA 4.0); rests on 'collados' → 'גְּבָעֹ֥ות'
65:13	7	los				expands	supplied-article-spa	safe	0.56	approved	0				article the original does not write, read as one by UDPipe's Spanish-AnCora model (Straka and Straková, ÚFAL, CC BY-NC-SA 4.0); rests on 'valles' → 'עֲמָקִ֥ים'
66:2	2	la				expands	supplied-article-spa	safe	0.6783	approved	0				article the original does not write, read as one by UDPipe's Spanish-AnCora model (Straka and Straková, ÚFAL, CC BY-NC-SA 4.0); rests on 'gloria' → 'כְבֹֽוד'
66:5	12	los				expands	supplied-article-spa	safe	0.7923	approved	0				article the original does not write, read as one by UDPipe's Spanish-AnCora model (Straka and Straková, ÚFAL, CC BY-NC-SA 4.0); rests on 'hijos' → 'בְּנֵ֥י'
66:6	2	la				expands	supplied-article-spa	safe	0.7912	approved	0				article the original does not write, read as one by UDPipe's Spanish-AnCora model (Straka and Straková, ÚFAL, CC BY-NC-SA 4.0); rests on 'mar' → 'יָ֨ם'
66:8	9	la				expands	supplied-article-spa	safe	0.7935	approved	0				article the original does not write, read as one by UDPipe's Spanish-AnCora model (Straka and Straková, ÚFAL, CC BY-NC-SA 4.0); rests on 'voz' → 'קֹ֣ול'
66:10	11	la				expands	supplied-article-spa	safe	0.7951	approved	0				article the original does not write, read as one by UDPipe's Spanish-AnCora model (Straka and Straková, ÚFAL, CC BY-NC-SA 4.0); rests on 'plata' → 'כָּֽסֶף'
66:19	8	la				expands	supplied-article-spa	safe	0.7935	approved	0				article the original does not write, read as one by UDPipe's Spanish-AnCora model (Straka and Straková, ÚFAL, CC BY-NC-SA 4.0); rests on 'voz' → 'קֹ֣ול'
67:2	12	las				expands	supplied-article-spa	safe	0.7949	approved	0				article the original does not write, read as one by UDPipe's Spanish-AnCora model (Straka and Straková, ÚFAL, CC BY-NC-SA 4.0); rests on 'gentes' → 'גֹּ֝ויִ֗ם'
67:3	2	los				expands	supplied-article-spa	safe	0.7607	approved	0				article the original does not write, read as one by UDPipe's Spanish-AnCora model (Straka and Straková, ÚFAL, CC BY-NC-SA 4.0); rests on 'pueblos' → 'עַמִּ֥ים'
67:3	7	los				expands	supplied-article-spa	safe	0.7607	approved	0				article the original does not write, read as one by UDPipe's Spanish-AnCora model (Straka and Straková, ÚFAL, CC BY-NC-SA 4.0); rests on 'pueblos' → 'עַמִּ֥ים'
67:4	8	los				expands	supplied-article-spa	safe	0.7607	approved	0				article the original does not write, read as one by UDPipe's Spanish-AnCora model (Straka and Straková, ÚFAL, CC BY-NC-SA 4.0); rests on 'pueblos' → 'עַמִּ֣ים'
67:5	2	los				expands	supplied-article-spa	safe	0.7607	approved	0				article the original does not write, read as one by UDPipe's Spanish-AnCora model (Straka and Straková, ÚFAL, CC BY-NC-SA 4.0); rests on 'pueblos' → 'עַמִּ֥ים'
67:5	7	los				expands	supplied-article-spa	safe	0.7607	approved	0				article the original does not write, read as one by UDPipe's Spanish-AnCora model (Straka and Straková, ÚFAL, CC BY-NC-SA 4.0); rests on 'pueblos' → 'עַמִּ֥ים'
67:6	1	La				expands	supplied-article-spa	safe	0.752	approved	0				article the original does not write, read as one by UDPipe's Spanish-AnCora model (Straka and Straková, ÚFAL, CC BY-NC-SA 4.0); rests on 'tierra' → 'אֶ֭רֶץ'
67:6	9	el				expands	supplied-article-spa	safe	0.7333	approved	0				article the original does not write, read as one by UDPipe's Spanish-AnCora model (Straka and Straková, ÚFAL, CC BY-NC-SA 4.0); rests on 'Dios' → 'אֱלֹהֵֽינוּ'
67:7	9	la				expands	supplied-article-spa	safe	0.752	approved	0				article the original does not write, read as one by UDPipe's Spanish-AnCora model (Straka and Straková, ÚFAL, CC BY-NC-SA 4.0); rests on 'tierra' → 'אָֽרֶץ'
68:2	4	el				expands	supplied-article-spa	safe	0.7135	approved	0				article the original does not write, read as one by UDPipe's Spanish-AnCora model (Straka and Straková, ÚFAL, CC BY-NC-SA 4.0); rests on 'humo' → 'עָשָׁ֗ן'
68:2	18	los				expands	supplied-article-spa	safe	0.7918	approved	0				article the original does not write, read as one by UDPipe's Spanish-AnCora model (Straka and Straková, ÚFAL, CC BY-NC-SA 4.0); rests on 'impíos' → 'רְ֝שָׁעִ֗ים'
68:3	2	los				expands	supplied-article-spa	safe	0.785	approved	0				article the original does not write, read as one by UDPipe's Spanish-AnCora model (Straka and Straková, ÚFAL, CC BY-NC-SA 4.0); rests on 'justos' → 'צַדִּיקִ֗ים'
68:6	1	El				expands	supplied-article-spa	safe	0.7336	approved	0				article the original does not write, read as one by UDPipe's Spanish-AnCora model (Straka and Straková, ÚFAL, CC BY-NC-SA 4.0); rests on 'Dios' → 'אֱלֹהִ֤ים'
68:8	1	La				expands	supplied-article-spa	safe	0.752	approved	0				article the original does not write, read as one by UDPipe's Spanish-AnCora model (Straka and Straková, ÚFAL, CC BY-NC-SA 4.0); rests on 'tierra' → 'אֶ֤רֶץ'
68:8	6	los				expands	supplied-article-spa	safe	0.7787	approved	0				article the original does not write, read as one by UDPipe's Spanish-AnCora model (Straka and Straková, ÚFAL, CC BY-NC-SA 4.0); rests on 'cielos' → 'שָׁמַ֣יִם'
68:8	9	la				expands	supplied-article-spa	safe	0.6806	approved	0				article the original does not write, read as one by UDPipe's Spanish-AnCora model (Straka and Straková, ÚFAL, CC BY-NC-SA 4.0); rests on 'presencia' → 'פְּנֵ֢י'
68:12	14	los				expands	supplied-article-spa	safe	0.7167	approved	0				article the original does not write, read as one by UDPipe's Spanish-AnCora model (Straka and Straková, ÚFAL, CC BY-NC-SA 4.0); rests on 'despojos' → 'שָׁלָֽל'
68:13	10	las				expands	supplied-article-spa	safe	0.7637	approved	0				article the original does not write, read as one by UDPipe's Spanish-AnCora model (Straka and Straková, ÚFAL, CC BY-NC-SA 4.0); rests on 'alas' → 'כַּנְפֵ֣י'
68:13	13	la				expands	supplied-article-spa	safe	0.8	approved	0				article the original does not write, read as one by UDPipe's Spanish-AnCora model (Straka and Straková, ÚFAL, CC BY-NC-SA 4.0); rests on 'paloma' → 'יֹ֭ונָה'
68:14	3	el				expands	supplied-article-spa	safe	0.7069	approved	0				article the original does not write, read as one by UDPipe's Spanish-AnCora model (Straka and Straková, ÚFAL, CC BY-NC-SA 4.0); rests on 'Omnipotente' → 'שַׁדַּ֓י'
68:14	5	los				expands	supplied-article-spa	safe	0.7838	approved	0				article the original does not write, read as one by UDPipe's Spanish-AnCora model (Straka and Straková, ÚFAL, CC BY-NC-SA 4.0); rests on 'reyes' → 'מְלָ֘כִ֤ים'
68:15	5	el				expands	supplied-article-spa	safe	0.7697	approved	0				article the original does not write, read as one by UDPipe's Spanish-AnCora model (Straka and Straková, ÚFAL, CC BY-NC-SA 4.0); rests on 'monte' → 'הַר'
68:17	1	Los				expands	supplied-article-spa	safe	0.6776	approved	0				article the original does not write, read as one by UDPipe's Spanish-AnCora model (Straka and Straková, ÚFAL, CC BY-NC-SA 4.0); rests on 'carros' → 'רֶ֤כֶב'
68:21	4	la				expands	supplied-article-spa	safe	0.7855	approved	0				article the original does not write, read as one by UDPipe's Spanish-AnCora model (Straka and Straková, ÚFAL, CC BY-NC-SA 4.0); rests on 'cabeza' → 'רֹ֤אשׁ'
68:22	15	la				expands	supplied-article-spa	safe	0.7912	approved	0				article the original does not write, read as one by UDPipe's Spanish-AnCora model (Straka and Straková, ÚFAL, CC BY-NC-SA 4.0); rests on 'mar' → 'יָֽם'
68:23	14	la				expands	supplied-article-spa	safe	0.7782	approved	0				article the original does not write, read as one by UDPipe's Spanish-AnCora model (Straka and Straková, ÚFAL, CC BY-NC-SA 4.0); rests on 'lengua' → 'לְשֹׁ֥ון'
68:25	1	Los				expands	supplied-article-spa	safe	0.7232	approved	0				article the original does not write, read as one by UDPipe's Spanish-AnCora model (Straka and Straková, ÚFAL, CC BY-NC-SA 4.0); rests on 'cantores' → 'שָׁ֭רִים'
68:27	9	los				expands	supplied-article-spa	safe	0.6276	approved	0				article the original does not write, read as one by UDPipe's Spanish-AnCora model (Straka and Straková, ÚFAL, CC BY-NC-SA 4.0); rests on 'príncipes' → 'שָׂרֵ֣י'
68:27	16	los				expands	supplied-article-spa	safe	0.6276	approved	0				article the original does not write, read as one by UDPipe's Spanish-AnCora model (Straka and Straková, ÚFAL, CC BY-NC-SA 4.0); rests on 'príncipes' → 'שָׂרֵ֥י'
68:27	20	los				expands	supplied-article-spa	safe	0.6276	approved	0				article the original does not write, read as one by UDPipe's Spanish-AnCora model (Straka and Straková, ÚFAL, CC BY-NC-SA 4.0); rests on 'príncipes' → 'שָׂרֵ֥י'
68:29	8	los				expands	supplied-article-spa	safe	0.7838	approved	0				article the original does not write, read as one by UDPipe's Spanish-AnCora model (Straka and Straková, ÚFAL, CC BY-NC-SA 4.0); rests on 'reyes' → 'מְלָכִ֣ים'
68:30	15	los				expands	supplied-article-spa	safe	0.7612	approved	0				article the original does not write, read as one by UDPipe's Spanish-AnCora model (Straka and Straková, ÚFAL, CC BY-NC-SA 4.0); rests on 'pueblos' → 'עַמִּ֗ים'
68:30	28	los				expands	supplied-article-spa	safe	0.7612	approved	0				article the original does not write, read as one by UDPipe's Spanish-AnCora model (Straka and Straková, ÚFAL, CC BY-NC-SA 4.0); rests on 'pueblos' → 'עַ֝מִּ֗ים'
68:33	5	los				expands	supplied-article-spa	safe	0.7787	approved	0				article the original does not write, read as one by UDPipe's Spanish-AnCora model (Straka and Straková, ÚFAL, CC BY-NC-SA 4.0); rests on 'cielos' → 'שְׁמֵ֣י'
68:33	8	los				expands	supplied-article-spa	safe	0.7787	approved	0				article the original does not write, read as one by UDPipe's Spanish-AnCora model (Straka and Straková, ÚFAL, CC BY-NC-SA 4.0); rests on 'cielos' → 'שְׁמֵי'
69:1	13	las				expands	supplied-article-spa	safe	0.7937	approved	0				article the original does not write, read as one by UDPipe's Spanish-AnCora model (Straka and Straková, ÚFAL, CC BY-NC-SA 4.0); rests on 'aguas' → 'מַ֣יִם'
69:6	15	los				expands	supplied-article-spa	safe	0.7837	approved	0				article the original does not write, read as one by UDPipe's Spanish-AnCora model (Straka and Straková, ÚFAL, CC BY-NC-SA 4.0); rests on 'ejércitos' → 'צְבָ֫אֹ֥ות'
69:8	10	los				expands	supplied-article-spa	safe	0.7923	approved	0				article the original does not write, read as one by UDPipe's Spanish-AnCora model (Straka and Straková, ÚFAL, CC BY-NC-SA 4.0); rests on 'hijos' → 'בְנֵ֥י'
69:9	4	el				expands	supplied-article-spa	safe	0.725	approved	0				article the original does not write, read as one by UDPipe's Spanish-AnCora model (Straka and Straková, ÚFAL, CC BY-NC-SA 4.0); rests on 'celo' → 'קִנְאַ֣ת'
69:12	9	la				expands	supplied-article-spa	safe	0.6374	approved	0				article the original does not write, read as one by UDPipe's Spanish-AnCora model (Straka and Straková, ÚFAL, CC BY-NC-SA 4.0); rests on 'puerta' → 'שָׁ֑עַר'
69:14	21	las				expands	supplied-article-spa	safe	0.7937	approved	0				article the original does not write, read as one by UDPipe's Spanish-AnCora model (Straka and Straková, ÚFAL, CC BY-NC-SA 4.0); rests on 'aguas' → 'מָֽיִם'
69:15	7	las				expands	supplied-article-spa	safe	0.7937	approved	0				article the original does not write, read as one by UDPipe's Spanish-AnCora model (Straka and Straková, ÚFAL, CC BY-NC-SA 4.0); rests on 'aguas' → 'מַ֭יִם'
69:15	15	el				expands	supplied-article-spa	safe	0.7455	approved	0				article the original does not write, read as one by UDPipe's Spanish-AnCora model (Straka and Straková, ÚFAL, CC BY-NC-SA 4.0); rests on 'pozo' → 'בְּאֵ֣ר'
69:20	1	La				expands	supplied-article-spa	safe	0.5875	approved	0				article the original does not write, read as one by UDPipe's Spanish-AnCora model (Straka and Straková, ÚFAL, CC BY-NC-SA 4.0); rests on 'afrenta' → 'חֶרְפָּ֤ה'
69:28	6	los				expands	supplied-article-spa	safe	0.8	approved	0				article the original does not write, read as one by UDPipe's Spanish-AnCora model (Straka and Straková, ÚFAL, CC BY-NC-SA 4.0); rests on 'vivientes' → 'חַיִּ֑ים'
69:28	13	los				expands	supplied-article-spa	safe	0.785	approved	0				article the original does not write, read as one by UDPipe's Spanish-AnCora model (Straka and Straková, ÚFAL, CC BY-NC-SA 4.0); rests on 'justos' → 'צַ֝דִּיקִ֗ים'
69:30	3	el				expands	supplied-article-spa	safe	0.7864	approved	0				article the original does not write, read as one by UDPipe's Spanish-AnCora model (Straka and Straková, ÚFAL, CC BY-NC-SA 4.0); rests on 'nombre' → 'שֵׁם'
69:32	2	los				expands	supplied-article-spa	safe	0.665	approved	0				article the original does not write, read as one by UDPipe's Spanish-AnCora model (Straka and Straková, ÚFAL, CC BY-NC-SA 4.0); rests on 'humildes' → 'עֲנָוִ֣ים'
69:33	5	los				expands	supplied-article-spa	safe	0.755	approved	0				article the original does not write, read as one by UDPipe's Spanish-AnCora model (Straka and Straková, ÚFAL, CC BY-NC-SA 4.0); rests on 'menesterosos' → 'אֶבְיֹונִ֣ים'
69:34	2	los				expands	supplied-article-spa	safe	0.7772	approved	0				article the original does not write, read as one by UDPipe's Spanish-AnCora model (Straka and Straková, ÚFAL, CC BY-NC-SA 4.0); rests on 'cielos' → 'שָׁמַ֣יִם'
69:34	5	la				expands	supplied-article-spa	safe	0.752	approved	0				article the original does not write, read as one by UDPipe's Spanish-AnCora model (Straka and Straková, ÚFAL, CC BY-NC-SA 4.0); rests on 'tierra' → 'אָ֑רֶץ'
69:34	7	los				expands	supplied-article-spa	safe	0.8	approved	0				article the original does not write, read as one by UDPipe's Spanish-AnCora model (Straka and Straková, ÚFAL, CC BY-NC-SA 4.0); rests on 'mares' → 'יַ֝מִּ֗ים'
69:35	8	las				expands	supplied-article-spa	safe	0.7733	approved	0				article the original does not write, read as one by UDPipe's Spanish-AnCora model (Straka and Straková, ÚFAL, CC BY-NC-SA 4.0); rests on 'ciudades' → 'עָרֵ֣י'
69:36	2	la				expands	supplied-article-spa	safe	0.7719	approved	0				article the original does not write, read as one by UDPipe's Spanish-AnCora model (Straka and Straková, ÚFAL, CC BY-NC-SA 4.0); rests on 'simiente' → 'זֶ֣רַע'
71:4	5	la				expands	supplied-article-spa	safe	0.7639	approved	0				article the original does not write, read as one by UDPipe's Spanish-AnCora model (Straka and Straková, ÚFAL, CC BY-NC-SA 4.0); rests on 'mano' → 'יַּ֣ד'
71:6	7	el				expands	supplied-article-spa	safe	0.782	approved	0				article the original does not write, read as one by UDPipe's Spanish-AnCora model (Straka and Straková, ÚFAL, CC BY-NC-SA 4.0); rests on 'vientre' → 'בֶּ֗טֶן'
71:6	10	las				expands	supplied-article-spa	safe	0.6258	approved	0				article the original does not write, read as one by UDPipe's Spanish-AnCora model (Straka and Straková, ÚFAL, CC BY-NC-SA 4.0); rests on 'entrañas' → 'מְּעֵ֣י'
71:18	7	las				expands	supplied-article-spa	safe	0.8	approved	0				article the original does not write, read as one by UDPipe's Spanish-AnCora model (Straka and Straková, ÚFAL, CC BY-NC-SA 4.0); rests on 'canas' → 'שֵׂיבָה֮'
71:20	21	los				expands	supplied-article-spa	safe	0.7625	approved	0				article the original does not write, read as one by UDPipe's Spanish-AnCora model (Straka and Straková, ÚFAL, CC BY-NC-SA 4.0); rests on 'abismos' → 'תְּהֹמֹ֥ות'
71:22	19	el				expands	supplied-article-spa	safe	0.7786	approved	0				article the original does not write, read as one by UDPipe's Spanish-AnCora model (Straka and Straková, ÚFAL, CC BY-NC-SA 4.0); rests on 'arpa' → 'כִנֹּ֑ור'
72:3	1	Los				expands	supplied-article-spa	safe	0.7855	approved	0				article the original does not write, read as one by UDPipe's Spanish-AnCora model (Straka and Straková, ÚFAL, CC BY-NC-SA 4.0); rests on 'montes' → 'הָרִ֓ים'
72:4	2	los				expands	supplied-article-spa	safe	0.6313	approved	0				article the original does not write, read as one by UDPipe's Spanish-AnCora model (Straka and Straková, ÚFAL, CC BY-NC-SA 4.0); rests on 'afligidos' → 'עֲֽנִיֵּי'
72:4	7	los				expands	supplied-article-spa	safe	0.7923	approved	0				article the original does not write, read as one by UDPipe's Spanish-AnCora model (Straka and Straková, ÚFAL, CC BY-NC-SA 4.0); rests on 'hijos' → 'בְנֵ֣י'
72:5	5	el				expands	supplied-article-spa	safe	0.7603	approved	0				article the original does not write, read as one by UDPipe's Spanish-AnCora model (Straka and Straková, ÚFAL, CC BY-NC-SA 4.0); rests on 'sol' → 'שָׁ֑מֶשׁ'
72:6	15	la				expands	supplied-article-spa	safe	0.7521	approved	0				article the original does not write, read as one by UDPipe's Spanish-AnCora model (Straka and Straková, ÚFAL, CC BY-NC-SA 4.0); rests on 'tierra' → 'אָֽרֶץ'
72:8	15	la				expands	supplied-article-spa	safe	0.7521	approved	0				article the original does not write, read as one by UDPipe's Spanish-AnCora model (Straka and Straková, ÚFAL, CC BY-NC-SA 4.0); rests on 'tierra' → 'אָֽרֶץ'
72:10	1	Los				expands	supplied-article-spa	safe	0.7838	approved	0				article the original does not write, read as one by UDPipe's Spanish-AnCora model (Straka and Straková, ÚFAL, CC BY-NC-SA 4.0); rests on 'reyes' → 'מַלְכֵ֬י'
72:10	7	las				expands	supplied-article-spa	safe	0.8	approved	0				article the original does not write, read as one by UDPipe's Spanish-AnCora model (Straka and Straková, ÚFAL, CC BY-NC-SA 4.0); rests on 'islas' → 'אִיִּים'
72:10	11	los				expands	supplied-article-spa	safe	0.7838	approved	0				article the original does not write, read as one by UDPipe's Spanish-AnCora model (Straka and Straková, ÚFAL, CC BY-NC-SA 4.0); rests on 'reyes' → 'מַלְכֵ֥י'
72:11	7	los				expands	supplied-article-spa	safe	0.7838	approved	0				article the original does not write, read as one by UDPipe's Spanish-AnCora model (Straka and Straková, ÚFAL, CC BY-NC-SA 4.0); rests on 'reyes' → 'מְלָכִ֑ים'
72:11	12	las				expands	supplied-article-spa	safe	0.7949	approved	0				article the original does not write, read as one by UDPipe's Spanish-AnCora model (Straka and Straková, ÚFAL, CC BY-NC-SA 4.0); rests on 'gentes' → 'גֹּויִ֥ם'
72:13	10	las				expands	supplied-article-spa	safe	0.7743	approved	0				article the original does not write, read as one by UDPipe's Spanish-AnCora model (Straka and Straková, ÚFAL, CC BY-NC-SA 4.0); rests on 'almas' → 'נַפְשֹׁ֖ות'
72:14	10	la				expands	supplied-article-spa	safe	0.788	approved	0				article the original does not write, read as one by UDPipe's Spanish-AnCora model (Straka and Straková, ÚFAL, CC BY-NC-SA 4.0); rests on 'sangre' → 'דָּמָ֣ם'
72:16	10	las				expands	supplied-article-spa	safe	0.65	approved	0				article the original does not write, read as one by UDPipe's Spanish-AnCora model (Straka and Straková, ÚFAL, CC BY-NC-SA 4.0); rests on 'cumbres' → 'רֹ֢אשׁ'
72:16	13	los				expands	supplied-article-spa	safe	0.7855	approved	0				article the original does not write, read as one by UDPipe's Spanish-AnCora model (Straka and Straková, ÚFAL, CC BY-NC-SA 4.0); rests on 'montes' → 'הָ֫רִ֥ים'
72:16	25	la				expands	supplied-article-spa	safe	0.7711	approved	0				article the original does not write, read as one by UDPipe's Spanish-AnCora model (Straka and Straková, ÚFAL, CC BY-NC-SA 4.0); rests on 'ciudad' → 'עִ֗יר'
72:16	29	la				expands	supplied-article-spa	safe	0.611	approved	0				article the original does not write, read as one by UDPipe's Spanish-AnCora model (Straka and Straková, ÚFAL, CC BY-NC-SA 4.0); rests on 'hierba' → 'עֵ֣שֶׂב'
72:17	10	el				expands	supplied-article-spa	safe	0.7603	approved	0				article the original does not write, read as one by UDPipe's Spanish-AnCora model (Straka and Straková, ÚFAL, CC BY-NC-SA 4.0); rests on 'sol' → 'שֶׁמֶשׁ֮'
72:17	19	las				expands	supplied-article-spa	safe	0.7949	approved	0				article the original does not write, read as one by UDPipe's Spanish-AnCora model (Straka and Straková, ÚFAL, CC BY-NC-SA 4.0); rests on 'gentes' → 'גֹּויִ֥ם'
72:18	4	el				expands	supplied-article-spa	safe	0.7334	approved	0				article the original does not write, read as one by UDPipe's Spanish-AnCora model (Straka and Straková, ÚFAL, CC BY-NC-SA 4.0); rests on 'Dios' → 'אֱלֹהֵ֣י'
73:3	11	los				expands	supplied-article-spa	safe	0.7917	approved	0				article the original does not write, read as one by UDPipe's Spanish-AnCora model (Straka and Straková, ÚFAL, CC BY-NC-SA 4.0); rests on 'impíos' → 'רְשָׁעִ֣ים'
73:17	9	la				expands	supplied-article-spa	safe	0.8	approved	0				article the original does not write, read as one by UDPipe's Spanish-AnCora model (Straka and Straková, ÚFAL, CC BY-NC-SA 4.0); rests on 'postrimería' → 'אַחֲרִיתָֽם'
73:26	8	la				expands	supplied-article-spa	safe	0.7135	approved	0				article the original does not write, read as one by UDPipe's Spanish-AnCora model (Straka and Straková, ÚFAL, CC BY-NC-SA 4.0); rests on 'roca' → 'צוּר'
73:28	11	el				expands	supplied-article-spa	safe	0.6207	approved	0				article the original does not write, read as one by UDPipe's Spanish-AnCora model (Straka and Straková, ÚFAL, CC BY-NC-SA 4.0); rests on 'bien' → 'טֹ֥וב'
74:1	20	las				expands	supplied-article-spa	safe	0.7589	approved	0				article the original does not write, read as one by UDPipe's Spanish-AnCora model (Straka and Straková, ÚFAL, CC BY-NC-SA 4.0); rests on 'ovejas' → 'צֹ֣אן'
74:13	3	la				expands	supplied-article-spa	safe	0.7912	approved	0				article the original does not write, read as one by UDPipe's Spanish-AnCora model (Straka and Straková, ÚFAL, CC BY-NC-SA 4.0); rests on 'mar' → 'יָ֑ם'
74:14	3	las				expands	supplied-article-spa	safe	0.7571	approved	0				article the original does not write, read as one by UDPipe's Spanish-AnCora model (Straka and Straková, ÚFAL, CC BY-NC-SA 4.0); rests on 'cabezas' → 'רָאשֵׁ֣י'
74:16	3	el				expands	supplied-article-spa	safe	0.7597	approved	0				article the original does not write, read as one by UDPipe's Spanish-AnCora model (Straka and Straková, ÚFAL, CC BY-NC-SA 4.0); rests on 'día' → 'יֹ֭ום'
74:16	8	la				expands	supplied-article-spa	safe	0.737	approved	0				article the original does not write, read as one by UDPipe's Spanish-AnCora model (Straka and Straková, ÚFAL, CC BY-NC-SA 4.0); rests on 'noche' → 'לָ֑יְלָה'
74:16	15	el				expands	supplied-article-spa	safe	0.7606	approved	0				article the original does not write, read as one by UDPipe's Spanish-AnCora model (Straka and Straková, ÚFAL, CC BY-NC-SA 4.0); rests on 'sol' → 'שָֽׁמֶשׁ'
74:17	7	la				expands	supplied-article-spa	safe	0.7519	approved	0				article the original does not write, read as one by UDPipe's Spanish-AnCora model (Straka and Straková, ÚFAL, CC BY-NC-SA 4.0); rests on 'tierra' → 'אָ֑רֶץ'
74:17	9	el				expands	supplied-article-spa	safe	0.6962	approved	0				article the original does not write, read as one by UDPipe's Spanish-AnCora model (Straka and Straková, ÚFAL, CC BY-NC-SA 4.0); rests on 'verano' → 'קַ֥יִץ'
74:17	12	el				expands	supplied-article-spa	safe	0.725	approved	0				article the original does not write, read as one by UDPipe's Spanish-AnCora model (Straka and Straková, ÚFAL, CC BY-NC-SA 4.0); rests on 'invierno' → 'חֹ֗רֶף'
74:18	14	el				expands	supplied-article-spa	safe	0.7901	approved	0				article the original does not write, read as one by UDPipe's Spanish-AnCora model (Straka and Straková, ÚFAL, CC BY-NC-SA 4.0); rests on 'pueblo' → 'עַ֥ם'
74:20	8	la				expands	supplied-article-spa	safe	0.7519	approved	0				article the original does not write, read as one by UDPipe's Spanish-AnCora model (Straka and Straková, ÚFAL, CC BY-NC-SA 4.0); rests on 'tierra' → 'אֶ֝֗רֶץ'
74:21	6	el				expands	supplied-article-spa	safe	0.62	approved	0				article the original does not write, read as one by UDPipe's Spanish-AnCora model (Straka and Straková, ÚFAL, CC BY-NC-SA 4.0); rests on 'afligido' → 'עָנִ֥י'
74:21	9	el				expands	supplied-article-spa	safe	0.7481	approved	0				article the original does not write, read as one by UDPipe's Spanish-AnCora model (Straka and Straková, ÚFAL, CC BY-NC-SA 4.0); rests on 'menesteroso' → 'אֶבְיֹ֗ון'
75:3	2	la				expands	supplied-article-spa	safe	0.752	approved	0				article the original does not write, read as one by UDPipe's Spanish-AnCora model (Straka and Straková, ÚFAL, CC BY-NC-SA 4.0); rests on 'tierra' → 'אֶ֥רֶץ'
75:4	14	el				expands	supplied-article-spa	safe	0.6615	approved	0				article the original does not write, read as one by UDPipe's Spanish-AnCora model (Straka and Straková, ÚFAL, CC BY-NC-SA 4.0); rests on 'cuerno' → 'קָֽרֶן'
75:7	4	el				expands	supplied-article-spa	safe	0.7795	approved	0				article the original does not write, read as one by UDPipe's Spanish-AnCora model (Straka and Straková, ÚFAL, CC BY-NC-SA 4.0); rests on 'juez' → 'שֹׁפֵ֑ט'
75:8	2	el				expands	supplied-article-spa	safe	0.8	approved	0				article the original does not write, read as one by UDPipe's Spanish-AnCora model (Straka and Straková, ÚFAL, CC BY-NC-SA 4.0); rests on 'cáliz' → 'כֹ֪וס'
75:8	6	la				expands	supplied-article-spa	safe	0.7634	approved	0				article the original does not write, read as one by UDPipe's Spanish-AnCora model (Straka and Straková, ÚFAL, CC BY-NC-SA 4.0); rests on 'mano' → 'יַד'
75:8	30	los				expands	supplied-article-spa	safe	0.7917	approved	0				article the original does not write, read as one by UDPipe's Spanish-AnCora model (Straka and Straková, ÚFAL, CC BY-NC-SA 4.0); rests on 'impíos' → 'רִשְׁעֵי'
75:8	33	la				expands	supplied-article-spa	safe	0.752	approved	0				article the original does not write, read as one by UDPipe's Spanish-AnCora model (Straka and Straková, ÚFAL, CC BY-NC-SA 4.0); rests on 'tierra' → 'אָֽרֶץ'
75:10	4	los				expands	supplied-article-spa	safe	0.725	approved	0				article the original does not write, read as one by UDPipe's Spanish-AnCora model (Straka and Straková, ÚFAL, CC BY-NC-SA 4.0); rests on 'cuernos' → 'קַרְנֵ֣י'
75:10	9	los				expands	supplied-article-spa	safe	0.725	approved	0				article the original does not write, read as one by UDPipe's Spanish-AnCora model (Straka and Straková, ÚFAL, CC BY-NC-SA 4.0); rests on 'cuernos' → 'קַֽרְנֹ֥ות'
76:3	7	el				expands	supplied-article-spa	safe	0.712	approved	0				article the original does not write, read as one by UDPipe's Spanish-AnCora model (Straka and Straková, ÚFAL, CC BY-NC-SA 4.0); rests on 'escudo' → 'מָגֵ֬ן'
76:3	10	la				expands	supplied-article-spa	safe	0.7716	approved	0				article the original does not write, read as one by UDPipe's Spanish-AnCora model (Straka and Straková, ÚFAL, CC BY-NC-SA 4.0); rests on 'espada' → 'חֶ֖רֶב'
76:8	2	los				expands	supplied-article-spa	safe	0.7772	approved	0				article the original does not write, read as one by UDPipe's Spanish-AnCora model (Straka and Straková, ÚFAL, CC BY-NC-SA 4.0); rests on 'cielos' → 'שָּׁמַיִם'
76:8	7	la				expands	supplied-article-spa	safe	0.752	approved	0				article the original does not write, read as one by UDPipe's Spanish-AnCora model (Straka and Straková, ÚFAL, CC BY-NC-SA 4.0); rests on 'tierra' → 'אֶ֖רֶץ'
76:9	12	los				expands	supplied-article-spa	safe	0.71	approved	0				article the original does not write, read as one by UDPipe's Spanish-AnCora model (Straka and Straková, ÚFAL, CC BY-NC-SA 4.0); rests on 'mansos' → 'עַנְוֵי'
76:9	15	la				expands	supplied-article-spa	safe	0.752	approved	0				article the original does not write, read as one by UDPipe's Spanish-AnCora model (Straka and Straková, ÚFAL, CC BY-NC-SA 4.0); rests on 'tierra' → 'אֶ֣רֶץ'
76:12	3	el				expands	supplied-article-spa	safe	0.7776	approved	0				article the original does not write, read as one by UDPipe's Spanish-AnCora model (Straka and Straková, ÚFAL, CC BY-NC-SA 4.0); rests on 'espíritu' → 'ר֣וּחַ'
76:12	11	los				expands	supplied-article-spa	safe	0.7839	approved	0				article the original does not write, read as one by UDPipe's Spanish-AnCora model (Straka and Straková, ÚFAL, CC BY-NC-SA 4.0); rests on 'reyes' → 'מַלְכֵי'
76:12	14	la				expands	supplied-article-spa	safe	0.752	approved	0				article the original does not write, read as one by UDPipe's Spanish-AnCora model (Straka and Straková, ÚFAL, CC BY-NC-SA 4.0); rests on 'tierra' → 'אָֽרֶץ'
77:2	5	el				expands	supplied-article-spa	safe	0.7597	approved	0				article the original does not write, read as one by UDPipe's Spanish-AnCora model (Straka and Straková, ÚFAL, CC BY-NC-SA 4.0); rests on 'día' → 'יֹ֥ום'
77:5	2	los				expands	supplied-article-spa	safe	0.7849	approved	0				article the original does not write, read as one by UDPipe's Spanish-AnCora model (Straka and Straková, ÚFAL, CC BY-NC-SA 4.0); rests on 'días' → 'יָמִ֣ים'
77:5	7	los				expands	supplied-article-spa	safe	0.7904	approved	0				article the original does not write, read as one by UDPipe's Spanish-AnCora model (Straka and Straková, ÚFAL, CC BY-NC-SA 4.0); rests on 'años' → 'שְׁ֝נֹ֗ות'
77:5	10	los				expands	supplied-article-spa	safe	0.6269	approved	0				article the original does not write, read as one by UDPipe's Spanish-AnCora model (Straka and Straková, ÚFAL, CC BY-NC-SA 4.0); rests on 'siglos' → 'עֹולָמִֽים'
77:10	12	los				expands	supplied-article-spa	safe	0.7904	approved	0				article the original does not write, read as one by UDPipe's Spanish-AnCora model (Straka and Straková, ÚFAL, CC BY-NC-SA 4.0); rests on 'años' → 'שְׁ֝נֹ֗ות'
77:10	15	la				expands	supplied-article-spa	safe	0.7842	approved	0				article the original does not write, read as one by UDPipe's Spanish-AnCora model (Straka and Straková, ÚFAL, CC BY-NC-SA 4.0); rests on 'diestra' → 'יְמִ֣ין'
77:13	12	el				expands	supplied-article-spa	safe	0.7338	approved	0				article the original does not write, read as one by UDPipe's Spanish-AnCora model (Straka and Straková, ÚFAL, CC BY-NC-SA 4.0); rests on 'Dios' → 'אלֹהִֽים'
77:15	9	los				expands	supplied-article-spa	safe	0.7923	approved	0				article the original does not write, read as one by UDPipe's Spanish-AnCora model (Straka and Straková, ÚFAL, CC BY-NC-SA 4.0); rests on 'hijos' → 'בְּנֵי'
77:16	2	las				expands	supplied-article-spa	safe	0.7937	approved	0				article the original does not write, read as one by UDPipe's Spanish-AnCora model (Straka and Straková, ÚFAL, CC BY-NC-SA 4.0); rests on 'aguas' → 'מַּ֨יִם'
77:16	7	las				expands	supplied-article-spa	safe	0.7937	approved	0				article the original does not write, read as one by UDPipe's Spanish-AnCora model (Straka and Straková, ÚFAL, CC BY-NC-SA 4.0); rests on 'aguas' → 'מַּ֣יִם'
77:16	12	los				expands	supplied-article-spa	safe	0.7625	approved	0				article the original does not write, read as one by UDPipe's Spanish-AnCora model (Straka and Straková, ÚFAL, CC BY-NC-SA 4.0); rests on 'abismos' → 'תְהֹמֹֽות'
77:18	9	los				expands	supplied-article-spa	safe	0.6615	approved	0				article the original does not write, read as one by UDPipe's Spanish-AnCora model (Straka and Straková, ÚFAL, CC BY-NC-SA 4.0); rests on 'relámpagos' → 'בְרָקִ֣ים'
77:18	12	el				expands	supplied-article-spa	safe	0.775	approved	0				article the original does not write, read as one by UDPipe's Spanish-AnCora model (Straka and Straková, ÚFAL, CC BY-NC-SA 4.0); rests on 'mundo' → 'תֵּבֵ֑ל'
77:19	11	las				expands	supplied-article-spa	safe	0.7937	approved	0				article the original does not write, read as one by UDPipe's Spanish-AnCora model (Straka and Straková, ÚFAL, CC BY-NC-SA 4.0); rests on 'aguas' → 'מַ֣יִם'
78:4	9	la				expands	supplied-article-spa	safe	0.7259	approved	0				article the original does not write, read as one by UDPipe's Spanish-AnCora model (Straka and Straková, ÚFAL, CC BY-NC-SA 4.0); rests on 'generación' → 'דֹ֥ור'
78:4	12	las				expands	supplied-article-spa	safe	0.5882	approved	0				article the original does not write, read as one by UDPipe's Spanish-AnCora model (Straka and Straková, ÚFAL, CC BY-NC-SA 4.0); rests on 'alabanzas' → 'תְּהִלֹּ֣ות'
78:6	5	la				expands	supplied-article-spa	safe	0.7259	approved	0				article the original does not write, read as one by UDPipe's Spanish-AnCora model (Straka and Straková, ÚFAL, CC BY-NC-SA 4.0); rests on 'generación' → 'דֹּ֣ור'
78:6	9	los				expands	supplied-article-spa	safe	0.7923	approved	0				article the original does not write, read as one by UDPipe's Spanish-AnCora model (Straka and Straková, ÚFAL, CC BY-NC-SA 4.0); rests on 'hijos' → 'בָּנִ֣ים'
78:9	1	Los				expands	supplied-article-spa	safe	0.7923	approved	0				article the original does not write, read as one by UDPipe's Spanish-AnCora model (Straka and Straková, ÚFAL, CC BY-NC-SA 4.0); rests on 'hijos' → 'בְּֽנֵי'
78:9	10	el				expands	supplied-article-spa	safe	0.7601	approved	0				article the original does not write, read as one by UDPipe's Spanish-AnCora model (Straka and Straková, ÚFAL, CC BY-NC-SA 4.0); rests on 'día' → 'יֹ֣ום'
78:10	3	el				expands	supplied-article-spa	safe	0.7953	approved	0				article the original does not write, read as one by UDPipe's Spanish-AnCora model (Straka and Straková, ÚFAL, CC BY-NC-SA 4.0); rests on 'pacto' → 'בְּרִ֣ית'
78:12	8	la				expands	supplied-article-spa	safe	0.752	approved	0				article the original does not write, read as one by UDPipe's Spanish-AnCora model (Straka and Straková, ÚFAL, CC BY-NC-SA 4.0); rests on 'tierra' → 'אֶ֖רֶץ'
78:12	13	el				expands	supplied-article-spa	safe	0.7071	approved	0				article the original does not write, read as one by UDPipe's Spanish-AnCora model (Straka and Straková, ÚFAL, CC BY-NC-SA 4.0); rests on 'campo' → 'שְׂדֵה'
78:13	2	la				expands	supplied-article-spa	safe	0.7912	approved	0				article the original does not write, read as one by UDPipe's Spanish-AnCora model (Straka and Straková, ÚFAL, CC BY-NC-SA 4.0); rests on 'mar' → 'יָ֭ם'
78:13	10	las				expands	supplied-article-spa	safe	0.7937	approved	0				article the original does not write, read as one by UDPipe's Spanish-AnCora model (Straka and Straková, ÚFAL, CC BY-NC-SA 4.0); rests on 'aguas' → 'מַ֥יִם'
78:21	9	el				expands	supplied-article-spa	safe	0.7678	approved	0				article the original does not write, read as one by UDPipe's Spanish-AnCora model (Straka and Straková, ÚFAL, CC BY-NC-SA 4.0); rests on 'fuego' → 'אֵשׁ'
78:23	16	los				expands	supplied-article-spa	safe	0.7771	approved	0				article the original does not write, read as one by UDPipe's Spanish-AnCora model (Straka and Straková, ÚFAL, CC BY-NC-SA 4.0); rests on 'cielos' → 'שָׁמַ֣יִם'
78:24	13	los				expands	supplied-article-spa	safe	0.7771	approved	0				article the original does not write, read as one by UDPipe's Spanish-AnCora model (Straka and Straková, ÚFAL, CC BY-NC-SA 4.0); rests on 'cielos' → 'שָׁ֝מַ֗יִם'
78:26	2	el				expands	supplied-article-spa	safe	0.77	approved	0				article the original does not write, read as one by UDPipe's Spanish-AnCora model (Straka and Straková, ÚFAL, CC BY-NC-SA 4.0); rests on 'solano' → 'קָ֭דִים'
78:27	16	la				expands	supplied-article-spa	safe	0.7912	approved	0				article the original does not write, read as one by UDPipe's Spanish-AnCora model (Straka and Straková, ÚFAL, CC BY-NC-SA 4.0); rests on 'mar' → 'יַ֝מִּ֗ים'
78:31	18	los				expands	supplied-article-spa	safe	0.56	approved	0				article the original does not write, read as one by UDPipe's Spanish-AnCora model (Straka and Straková, ÚFAL, CC BY-NC-SA 4.0); rests on 'escogidos' → 'בַחוּרֵ֖י'
78:43	11	el				expands	supplied-article-spa	safe	0.7071	approved	0				article the original does not write, read as one by UDPipe's Spanish-AnCora model (Straka and Straková, ÚFAL, CC BY-NC-SA 4.0); rests on 'campo' → 'שְׂדֵה'
78:50	14	la				expands	supplied-article-spa	safe	0.6431	approved	0				article the original does not write, read as one by UDPipe's Spanish-AnCora model (Straka and Straková, ÚFAL, CC BY-NC-SA 4.0); rests on 'muerte' → 'מָּ֣וֶת'
78:51	14	las				expands	supplied-article-spa	safe	0.725	approved	0				article the original does not write, read as one by UDPipe's Spanish-AnCora model (Straka and Straková, ÚFAL, CC BY-NC-SA 4.0); rests on 'tiendas' → 'אָהֳלֵי'
78:55	3	las				expands	supplied-article-spa	safe	0.7949	approved	0				article the original does not write, read as one by UDPipe's Spanish-AnCora model (Straka and Straková, ÚFAL, CC BY-NC-SA 4.0); rests on 'gentes' → 'גֹּויִ֗ם'
78:55	11	una				expands	supplied-indefinite-article-spa	safe	0.7022	approved	0				indefinite article, read as one by UDPipe's Spanish-AnCora model (Straka and Straková, ÚFAL, CC BY-NC-SA 4.0); rests on 'herencia' → 'נַחֲלָ֑ה'
78:55	22	las				expands	supplied-article-spa	safe	0.7083	approved	0				article the original does not write, read as one by UDPipe's Spanish-AnCora model (Straka and Straková, ÚFAL, CC BY-NC-SA 4.0); rests on 'tribus' → 'שִׁבְטֵ֥י'
78:60	8	la				expands	supplied-article-spa	safe	0.7518	approved	0				article the original does not write, read as one by UDPipe's Spanish-AnCora model (Straka and Straková, ÚFAL, CC BY-NC-SA 4.0); rests on 'tienda' → 'אֹ֝֗הֶל'
78:63	1	El				expands	supplied-article-spa	safe	0.7678	approved	0				article the original does not write, read as one by UDPipe's Spanish-AnCora model (Straka and Straková, ÚFAL, CC BY-NC-SA 4.0); rests on 'fuego' → 'אֵ֑שׁ'
78:65	13	un				expands	supplied-indefinite-article-spa	safe	0.71	approved	0				indefinite article, read as one by UDPipe's Spanish-AnCora model (Straka and Straková, ÚFAL, CC BY-NC-SA 4.0); rests on 'valiente' → 'גִבֹּ֗ור'
78:68	8	el				expands	supplied-article-spa	safe	0.7697	approved	0				article the original does not write, read as one by UDPipe's Spanish-AnCora model (Straka and Straková, ÚFAL, CC BY-NC-SA 4.0); rests on 'monte' → 'הַ֥ר'
78:69	10	la				expands	supplied-article-spa	safe	0.752	approved	0				article the original does not write, read as one by UDPipe's Spanish-AnCora model (Straka and Straková, ÚFAL, CC BY-NC-SA 4.0); rests on 'tierra' → 'אֶ֗רֶץ'
78:70	13	las				expands	supplied-article-spa	safe	0.7587	approved	0				article the original does not write, read as one by UDPipe's Spanish-AnCora model (Straka and Straková, ÚFAL, CC BY-NC-SA 4.0); rests on 'ovejas' → 'צֹֽאן'
79:1	7	las				expands	supplied-article-spa	safe	0.7948	approved	0				article the original does not write, read as one by UDPipe's Spanish-AnCora model (Straka and Straková, ÚFAL, CC BY-NC-SA 4.0); rests on 'gentes' → 'גֹויִ֨ם'
79:2	10	las				expands	supplied-article-spa	safe	0.7129	approved	0				article the original does not write, read as one by UDPipe's Spanish-AnCora model (Straka and Straková, ÚFAL, CC BY-NC-SA 4.0); rests on 'aves' → 'עֹ֣וף'
79:2	15	la				expands	supplied-article-spa	safe	0.7788	approved	0				article the original does not write, read as one by UDPipe's Spanish-AnCora model (Straka and Straková, ÚFAL, CC BY-NC-SA 4.0); rests on 'carne' → 'בְּשַׂ֥ר'
79:2	24	la				expands	supplied-article-spa	safe	0.752	approved	0				article the original does not write, read as one by UDPipe's Spanish-AnCora model (Straka and Straková, ÚFAL, CC BY-NC-SA 4.0); rests on 'tierra' → 'אָֽרֶץ'
79:3	7	los				expands	supplied-article-spa	safe	0.7571	approved	0				article the original does not write, read as one by UDPipe's Spanish-AnCora model (Straka and Straková, ÚFAL, CC BY-NC-SA 4.0); rests on 'alrededores' → 'סְֽבִ֘יבֹ֤ות'
79:6	13	los				expands	supplied-article-spa	safe	0.782	approved	0				article the original does not write, read as one by UDPipe's Spanish-AnCora model (Straka and Straková, ÚFAL, CC BY-NC-SA 4.0); rests on 'reinos' → 'מַמְלָכֹ֑ות'
79:8	5	las				expands	supplied-article-spa	safe	0.6554	approved	0				article the original does not write, read as one by UDPipe's Spanish-AnCora model (Straka and Straková, ÚFAL, CC BY-NC-SA 4.0); rests on 'iniquidades' → 'עֲוֹנֹ֢ת'
79:9	7	la				expands	supplied-article-spa	safe	0.6788	approved	0				article the original does not write, read as one by UDPipe's Spanish-AnCora model (Straka and Straková, ÚFAL, CC BY-NC-SA 4.0); rests on 'gloria' → 'כְּבֹֽוד'
79:10	21	la				expands	supplied-article-spa	safe	0.7879	approved	0				article the original does not write, read as one by UDPipe's Spanish-AnCora model (Straka and Straková, ÚFAL, CC BY-NC-SA 4.0); rests on 'sangre' → 'דַּֽם'
80:4	4	los				expands	supplied-article-spa	safe	0.7835	approved	0				article the original does not write, read as one by UDPipe's Spanish-AnCora model (Straka and Straková, ÚFAL, CC BY-NC-SA 4.0); rests on 'ejércitos' → 'צְבָאֹ֑ות'
80:4	11	la				expands	supplied-article-spa	safe	0.7293	approved	0				article the original does not write, read as one by UDPipe's Spanish-AnCora model (Straka and Straková, ÚFAL, CC BY-NC-SA 4.0); rests on 'oración' → 'תְפִלַּ֥ת'
80:7	4	los				expands	supplied-article-spa	safe	0.7835	approved	0				article the original does not write, read as one by UDPipe's Spanish-AnCora model (Straka and Straková, ÚFAL, CC BY-NC-SA 4.0); rests on 'ejércitos' → 'צְבָאֹ֣ות'
80:8	3	una				expands	supplied-indefinite-article-spa	safe	0.8	approved	0				indefinite article, read as one by UDPipe's Spanish-AnCora model (Straka and Straková, ÚFAL, CC BY-NC-SA 4.0); rests on 'vid' → 'גֶּ֭פֶן'
80:8	8	las				expands	supplied-article-spa	safe	0.7949	approved	0				article the original does not write, read as one by UDPipe's Spanish-AnCora model (Straka and Straková, ÚFAL, CC BY-NC-SA 4.0); rests on 'gentes' → 'גֹּ֝ויִ֗ם'
80:9	13	la				expands	supplied-article-spa	safe	0.752	approved	0				article the original does not write, read as one by UDPipe's Spanish-AnCora model (Straka and Straková, ÚFAL, CC BY-NC-SA 4.0); rests on 'tierra' → 'אָֽרֶץ'
80:10	1	Los				expands	supplied-article-spa	safe	0.7856	approved	0				article the original does not write, read as one by UDPipe's Spanish-AnCora model (Straka and Straková, ÚFAL, CC BY-NC-SA 4.0); rests on 'montes' → 'הָרִ֣ים'
80:11	5	la				expands	supplied-article-spa	safe	0.7912	approved	0				article the original does not write, read as one by UDPipe's Spanish-AnCora model (Straka and Straková, ÚFAL, CC BY-NC-SA 4.0); rests on 'mar' → 'יָ֑ם'
80:12	14	el				expands	supplied-article-spa	safe	0.7509	approved	0				article the original does not write, read as one by UDPipe's Spanish-AnCora model (Straka and Straková, ÚFAL, CC BY-NC-SA 4.0); rests on 'camino' → 'דָֽרֶךְ'
80:14	4	los				expands	supplied-article-spa	safe	0.7835	approved	0				article the original does not write, read as one by UDPipe's Spanish-AnCora model (Straka and Straková, ÚFAL, CC BY-NC-SA 4.0); rests on 'ejércitos' → 'צְבָאֹות֮'
80:14	10	el				expands	supplied-article-spa	safe	0.7864	approved	0				article the original does not write, read as one by UDPipe's Spanish-AnCora model (Straka and Straková, ÚFAL, CC BY-NC-SA 4.0); rests on 'cielo' → 'שָּׁמַ֣יִם'
80:17	5	el				expands	supplied-article-spa	safe	0.7229	approved	0				article the original does not write, read as one by UDPipe's Spanish-AnCora model (Straka and Straková, ÚFAL, CC BY-NC-SA 4.0); rests on 'varón' → 'אִ֣ישׁ'
80:17	11	el				expands	supplied-article-spa	safe	0.7928	approved	0				article the original does not write, read as one by UDPipe's Spanish-AnCora model (Straka and Straková, ÚFAL, CC BY-NC-SA 4.0); rests on 'hijo' → 'בֶּן'
80:19	5	los				expands	supplied-article-spa	safe	0.7835	approved	0				article the original does not write, read as one by UDPipe's Spanish-AnCora model (Straka and Straková, ÚFAL, CC BY-NC-SA 4.0); rests on 'ejércitos' → 'צְבָאֹ֣ות'
81:2	12	el				expands	supplied-article-spa	safe	0.8	approved	0				article the original does not write, read as one by UDPipe's Spanish-AnCora model (Straka and Straková, ÚFAL, CC BY-NC-SA 4.0); rests on 'salterio' → 'נָֽבֶל'
81:3	2	la				expands	supplied-article-spa	safe	0.7667	approved	0				article the original does not write, read as one by UDPipe's Spanish-AnCora model (Straka and Straková, ÚFAL, CC BY-NC-SA 4.0); rests on 'trompeta' → 'שֹׁופָ֑ר'
81:3	13	el				expands	supplied-article-spa	safe	0.7597	approved	0				article the original does not write, read as one by UDPipe's Spanish-AnCora model (Straka and Straková, ÚFAL, CC BY-NC-SA 4.0); rests on 'día' → 'יֹ֣ום'
81:5	11	la				expands	supplied-article-spa	safe	0.752	approved	0				article the original does not write, read as one by UDPipe's Spanish-AnCora model (Straka and Straková, ÚFAL, CC BY-NC-SA 4.0); rests on 'tierra' → 'אֶ֣רֶץ'
81:7	19	las				expands	supplied-article-spa	safe	0.7937	approved	0				article the original does not write, read as one by UDPipe's Spanish-AnCora model (Straka and Straková, ÚFAL, CC BY-NC-SA 4.0); rests on 'aguas' → 'מֵ֖י'
81:10	11	la				expands	supplied-article-spa	safe	0.752	approved	0				article the original does not write, read as one by UDPipe's Spanish-AnCora model (Straka and Straková, ÚFAL, CC BY-NC-SA 4.0); rests on 'tierra' → 'אֶ֣רֶץ'
82:1	10	los				expands	supplied-article-spa	safe	0.7873	approved	0				article the original does not write, read as one by UDPipe's Spanish-AnCora model (Straka and Straková, ÚFAL, CC BY-NC-SA 4.0); rests on 'dioses' → 'אֱֽלֹהִ֗ים'
82:1	15	los				expands	supplied-article-spa	safe	0.7873	approved	0				article the original does not write, read as one by UDPipe's Spanish-AnCora model (Straka and Straková, ÚFAL, CC BY-NC-SA 4.0); rests on 'dioses' → 'אֱלֹהִ֣ים'
82:2	10	los				expands	supplied-article-spa	safe	0.7917	approved	0				article the original does not write, read as one by UDPipe's Spanish-AnCora model (Straka and Straková, ÚFAL, CC BY-NC-SA 4.0); rests on 'impíos' → 'רְ֝שָׁעִ֗ים'
82:4	11	los				expands	supplied-article-spa	safe	0.7917	approved	0				article the original does not write, read as one by UDPipe's Spanish-AnCora model (Straka and Straková, ÚFAL, CC BY-NC-SA 4.0); rests on 'impíos' → 'רְשָׁעִ֣ים'
82:5	13	la				expands	supplied-article-spa	safe	0.752	approved	0				article the original does not write, read as one by UDPipe's Spanish-AnCora model (Straka and Straková, ÚFAL, CC BY-NC-SA 4.0); rests on 'tierra' → 'אָֽרֶץ'
83:6	8	los				expands	supplied-article-spa	safe	0.8	approved	0				article the original does not write, read as one by UDPipe's Spanish-AnCora model (Straka and Straková, ÚFAL, CC BY-NC-SA 4.0); rests on 'Ismaelitas' → 'יִשְׁמְעֵאלִ֗ים'
83:8	2	el				expands	supplied-article-spa	safe	0.8	approved	0				article the original does not write, read as one by UDPipe's Spanish-AnCora model (Straka and Straková, ÚFAL, CC BY-NC-SA 4.0); rests on 'Assur' → 'אַ֭שּׁוּר'
83:8	13	los				expands	supplied-article-spa	safe	0.7923	approved	0				article the original does not write, read as one by UDPipe's Spanish-AnCora model (Straka and Straková, ÚFAL, CC BY-NC-SA 4.0); rests on 'hijos' → 'בְנֵי'
83:9	12	el				expands	supplied-article-spa	safe	0.8	approved	0				article the original does not write, read as one by UDPipe's Spanish-AnCora model (Straka and Straková, ÚFAL, CC BY-NC-SA 4.0); rests on 'arroyo' → 'נַ֣חַל'
83:14	5	el				expands	supplied-article-spa	safe	0.7697	approved	0				article the original does not write, read as one by UDPipe's Spanish-AnCora model (Straka and Straková, ÚFAL, CC BY-NC-SA 4.0); rests on 'monte' → 'הָרִֽים'
84:1	20	los				expands	supplied-article-spa	safe	0.7835	approved	0				article the original does not write, read as one by UDPipe's Spanish-AnCora model (Straka and Straková, ÚFAL, CC BY-NC-SA 4.0); rests on 'ejércitos' → 'צְבָאֹֽות'
84:2	8	los				expands	supplied-article-spa	safe	0.8	approved	0				article the original does not write, read as one by UDPipe's Spanish-AnCora model (Straka and Straková, ÚFAL, CC BY-NC-SA 4.0); rests on 'atrios' → 'חַצְרֹ֢ות'
84:3	22	los				expands	supplied-article-spa	safe	0.7835	approved	0				article the original does not write, read as one by UDPipe's Spanish-AnCora model (Straka and Straková, ÚFAL, CC BY-NC-SA 4.0); rests on 'ejércitos' → 'צְבָאֹ֑ות'
84:8	4	los				expands	supplied-article-spa	safe	0.7835	approved	0				article the original does not write, read as one by UDPipe's Spanish-AnCora model (Straka and Straková, ÚFAL, CC BY-NC-SA 4.0); rests on 'ejércitos' → 'צְ֭בָאֹות'
84:9	11	el				expands	supplied-article-spa	safe	0.7552	approved	0				article the original does not write, read as one by UDPipe's Spanish-AnCora model (Straka and Straková, ÚFAL, CC BY-NC-SA 4.0); rests on 'rostro' → 'פְּנֵ֣י'
84:10	4	un				expands	supplied-indefinite-article-spa	safe	0.7597	approved	0				indefinite article, read as one by UDPipe's Spanish-AnCora model (Straka and Straková, ÚFAL, CC BY-NC-SA 4.0); rests on 'día' → 'יֹ֥ום'
84:10	21	la				expands	supplied-article-spa	safe	0.7913	approved	0				article the original does not write, read as one by UDPipe's Spanish-AnCora model (Straka and Straková, ÚFAL, CC BY-NC-SA 4.0); rests on 'casa' → 'בֵ֣ית'
84:12	3	los				expands	supplied-article-spa	safe	0.7835	approved	0				article the original does not write, read as one by UDPipe's Spanish-AnCora model (Straka and Straková, ÚFAL, CC BY-NC-SA 4.0); rests on 'ejércitos' → 'צְבָאֹ֑ות'
85:2	8	los				expands	supplied-article-spa	safe	0.6863	approved	0				article the original does not write, read as one by UDPipe's Spanish-AnCora model (Straka and Straková, ÚFAL, CC BY-NC-SA 4.0); rests on 'pecados' → 'חַטָּאתָ֣ם'
85:9	14	la				expands	supplied-article-spa	safe	0.6788	approved	0				article the original does not write, read as one by UDPipe's Spanish-AnCora model (Straka and Straková, ÚFAL, CC BY-NC-SA 4.0); rests on 'gloria' → 'כָּבֹ֣וד'
85:10	1	La				expands	supplied-article-spa	safe	0.6637	approved	0				article the original does not write, read as one by UDPipe's Spanish-AnCora model (Straka and Straková, ÚFAL, CC BY-NC-SA 4.0); rests on 'misericordia' → 'חֶֽסֶד'
85:10	11	la				expands	supplied-article-spa	safe	0.7483	approved	0				article the original does not write, read as one by UDPipe's Spanish-AnCora model (Straka and Straková, ÚFAL, CC BY-NC-SA 4.0); rests on 'paz' → 'שָׁלֹ֣ום'
85:11	5	la				expands	supplied-article-spa	safe	0.752	approved	0				article the original does not write, read as one by UDPipe's Spanish-AnCora model (Straka and Straková, ÚFAL, CC BY-NC-SA 4.0); rests on 'tierra' → 'אֶ֣רֶץ'
85:11	12	los				expands	supplied-article-spa	safe	0.7772	approved	0				article the original does not write, read as one by UDPipe's Spanish-AnCora model (Straka and Straková, ÚFAL, CC BY-NC-SA 4.0); rests on 'cielos' → 'שָּׁמַ֥יִם'
86:6	10	la				expands	supplied-article-spa	safe	0.7935	approved	0				article the original does not write, read as one by UDPipe's Spanish-AnCora model (Straka and Straková, ÚFAL, CC BY-NC-SA 4.0); rests on 'voz' → 'קֹ֣ול'
86:7	2	el				expands	supplied-article-spa	safe	0.7597	approved	0				article the original does not write, read as one by UDPipe's Spanish-AnCora model (Straka and Straková, ÚFAL, CC BY-NC-SA 4.0); rests on 'día' → 'יֹ֣ום'
86:9	2	las				expands	supplied-article-spa	safe	0.7949	approved	0				article the original does not write, read as one by UDPipe's Spanish-AnCora model (Straka and Straková, ÚFAL, CC BY-NC-SA 4.0); rests on 'gentes' → 'גֹּויִ֤ם'
87:1	2	los				expands	supplied-article-spa	safe	0.7923	approved	0				article the original does not write, read as one by UDPipe's Spanish-AnCora model (Straka and Straková, ÚFAL, CC BY-NC-SA 4.0); rests on 'hijos' → 'בְנֵי'
87:5	15	el				expands	supplied-article-spa	safe	0.7481	approved	0				article the original does not write, read as one by UDPipe's Spanish-AnCora model (Straka and Straková, ÚFAL, CC BY-NC-SA 4.0); rests on 'Altísimo' → 'עֶלְיֹֽון'
87:6	6	los				expands	supplied-article-spa	safe	0.7614	approved	0				article the original does not write, read as one by UDPipe's Spanish-AnCora model (Straka and Straková, ÚFAL, CC BY-NC-SA 4.0); rests on 'pueblos' → 'עַמִּ֑ים'
88:5	11	el				expands	supplied-article-spa	safe	0.5932	approved	0				article the original does not write, read as one by UDPipe's Spanish-AnCora model (Straka and Straková, ÚFAL, CC BY-NC-SA 4.0); rests on 'sepulcro' → 'קֶ֗בֶר'
88:12	12	la				expands	supplied-article-spa	safe	0.752	approved	0				article the original does not write, read as one by UDPipe's Spanish-AnCora model (Straka and Straková, ÚFAL, CC BY-NC-SA 4.0); rests on 'tierra' → 'אֶ֣רֶץ'
88:18	5	el				expands	supplied-article-spa	safe	0.6159	approved	0				article the original does not write, read as one by UDPipe's Spanish-AnCora model (Straka and Straková, ÚFAL, CC BY-NC-SA 4.0); rests on 'amigo' → 'רֵ֑עַ'
89:2	9	los				expands	supplied-article-spa	safe	0.7787	approved	0				article the original does not write, read as one by UDPipe's Spanish-AnCora model (Straka and Straková, ÚFAL, CC BY-NC-SA 4.0); rests on 'cielos' → 'שָׁמַ֓יִם'
89:4	12	las				expands	supplied-article-spa	safe	0.7053	approved	0				article the original does not write, read as one by UDPipe's Spanish-AnCora model (Straka and Straková, ÚFAL, CC BY-NC-SA 4.0); rests on 'generaciones' → 'דֹ֖ור'
89:5	3	los				expands	supplied-article-spa	safe	0.7787	approved	0				article the original does not write, read as one by UDPipe's Spanish-AnCora model (Straka and Straková, ÚFAL, CC BY-NC-SA 4.0); rests on 'cielos' → 'שָׁמַ֣יִם'
89:6	16	los				expands	supplied-article-spa	safe	0.7923	approved	0				article the original does not write, read as one by UDPipe's Spanish-AnCora model (Straka and Straková, ÚFAL, CC BY-NC-SA 4.0); rests on 'hijos' → 'בְנֵ֥י'
89:8	5	los				expands	supplied-article-spa	safe	0.7837	approved	0				article the original does not write, read as one by UDPipe's Spanish-AnCora model (Straka and Straková, ÚFAL, CC BY-NC-SA 4.0); rests on 'ejércitos' → 'צְבָאֹ֗ות'
89:10	10	el				expands	supplied-article-spa	safe	0.77	approved	0				article the original does not write, read as one by UDPipe's Spanish-AnCora model (Straka and Straková, ÚFAL, CC BY-NC-SA 4.0); rests on 'brazo' → 'זְרֹ֥ועַ'
89:11	2	los				expands	supplied-article-spa	safe	0.7787	approved	0				article the original does not write, read as one by UDPipe's Spanish-AnCora model (Straka and Straková, ÚFAL, CC BY-NC-SA 4.0); rests on 'cielos' → 'שָׁ֭מַיִם'
89:11	6	la				expands	supplied-article-spa	safe	0.752	approved	0				article the original does not write, read as one by UDPipe's Spanish-AnCora model (Straka and Straková, ÚFAL, CC BY-NC-SA 4.0); rests on 'tierra' → 'אָ֑רֶץ'
89:11	8	el				expands	supplied-article-spa	safe	0.775	approved	0				article the original does not write, read as one by UDPipe's Spanish-AnCora model (Straka and Straková, ÚFAL, CC BY-NC-SA 4.0); rests on 'mundo' → 'תֵּבֵ֥ל'
89:13	2	el				expands	supplied-article-spa	safe	0.77	approved	0				article the original does not write, read as one by UDPipe's Spanish-AnCora model (Straka and Straková, ÚFAL, CC BY-NC-SA 4.0); rests on 'brazo' → 'זְ֭רֹועַ'
89:15	11	la				expands	supplied-article-spa	safe	0.7224	approved	0				article the original does not write, read as one by UDPipe's Spanish-AnCora model (Straka and Straková, ÚFAL, CC BY-NC-SA 4.0); rests on 'luz' → 'אֹור'
89:20	8	el				expands	supplied-article-spa	safe	0.7354	approved	0				article the original does not write, read as one by UDPipe's Spanish-AnCora model (Straka and Straková, ÚFAL, CC BY-NC-SA 4.0); rests on 'aceite' → 'שֶׁ֖מֶן'
89:26	11	la				expands	supplied-article-spa	safe	0.7135	approved	0				article the original does not write, read as one by UDPipe's Spanish-AnCora model (Straka and Straková, ÚFAL, CC BY-NC-SA 4.0); rests on 'roca' → 'צ֣וּר'
89:27	9	los				expands	supplied-article-spa	safe	0.7839	approved	0				article the original does not write, read as one by UDPipe's Spanish-AnCora model (Straka and Straková, ÚFAL, CC BY-NC-SA 4.0); rests on 'reyes' → 'מַלְכֵי'
89:27	12	la				expands	supplied-article-spa	safe	0.752	approved	0				article the original does not write, read as one by UDPipe's Spanish-AnCora model (Straka and Straková, ÚFAL, CC BY-NC-SA 4.0); rests on 'tierra' → 'אָֽרֶץ'
89:29	11	los				expands	supplied-article-spa	safe	0.7849	approved	0				article the original does not write, read as one by UDPipe's Spanish-AnCora model (Straka and Straková, ÚFAL, CC BY-NC-SA 4.0); rests on 'días' → 'ימֵ֥י'
89:29	14	los				expands	supplied-article-spa	safe	0.7787	approved	0				article the original does not write, read as one by UDPipe's Spanish-AnCora model (Straka and Straková, ÚFAL, CC BY-NC-SA 4.0); rests on 'cielos' → 'שָׁמָֽיִם'
89:37	2	la				expands	supplied-article-spa	safe	0.6909	approved	0				article the original does not write, read as one by UDPipe's Spanish-AnCora model (Straka and Straková, ÚFAL, CC BY-NC-SA 4.0); rests on 'luna' → 'יָרֵחַ'
89:37	10	un				expands	supplied-indefinite-article-spa	safe	0.7375	approved	0				indefinite article, read as one by UDPipe's Spanish-AnCora model (Straka and Straková, ÚFAL, CC BY-NC-SA 4.0); rests on 'testigo' → 'עֵ֥ד'
89:39	2	el				expands	supplied-article-spa	safe	0.7953	approved	0				article the original does not write, read as one by UDPipe's Spanish-AnCora model (Straka and Straková, ÚFAL, CC BY-NC-SA 4.0); rests on 'pacto' → 'בְּרִ֣ית'
89:41	7	el				expands	supplied-article-spa	safe	0.7509	approved	0				article the original does not write, read as one by UDPipe's Spanish-AnCora model (Straka and Straková, ÚFAL, CC BY-NC-SA 4.0); rests on 'camino' → 'דָ֑רֶךְ'
89:42	3	la				expands	supplied-article-spa	safe	0.7836	approved	0				article the original does not write, read as one by UDPipe's Spanish-AnCora model (Straka and Straková, ÚFAL, CC BY-NC-SA 4.0); rests on 'diestra' → 'יְמִ֣ין'
89:45	3	los				expands	supplied-article-spa	safe	0.7849	approved	0				article the original does not write, read as one by UDPipe's Spanish-AnCora model (Straka and Straková, ÚFAL, CC BY-NC-SA 4.0); rests on 'días' → 'יְמֵ֣י'
89:46	13	el				expands	supplied-article-spa	safe	0.7679	approved	0				article the original does not write, read as one by UDPipe's Spanish-AnCora model (Straka and Straková, ÚFAL, CC BY-NC-SA 4.0); rests on 'fuego' → 'אֵ֣שׁ'
89:47	16	los				expands	supplied-article-spa	safe	0.7923	approved	0				article the original does not write, read as one by UDPipe's Spanish-AnCora model (Straka and Straková, ÚFAL, CC BY-NC-SA 4.0); rests on 'hijos' → 'בְּנֵי'
90:2	4	los				expands	supplied-article-spa	safe	0.7856	approved	0				article the original does not write, read as one by UDPipe's Spanish-AnCora model (Straka and Straková, ÚFAL, CC BY-NC-SA 4.0); rests on 'montes' → 'הָ֘רִ֤ים'
90:2	8	la				expands	supplied-article-spa	safe	0.752	approved	0				article the original does not write, read as one by UDPipe's Spanish-AnCora model (Straka and Straková, ÚFAL, CC BY-NC-SA 4.0); rests on 'tierra' → 'אֶ֣רֶץ'
90:2	11	el				expands	supplied-article-spa	safe	0.775	approved	0				article the original does not write, read as one by UDPipe's Spanish-AnCora model (Straka and Straková, ÚFAL, CC BY-NC-SA 4.0); rests on 'mundo' → 'תֵבֵ֑ל'
90:4	10	el				expands	supplied-article-spa	safe	0.7597	approved	0				article the original does not write, read as one by UDPipe's Spanish-AnCora model (Straka and Straková, ÚFAL, CC BY-NC-SA 4.0); rests on 'día' → 'יֹ֣ום'
90:10	1	Los				expands	supplied-article-spa	safe	0.7848	approved	0				article the original does not write, read as one by UDPipe's Spanish-AnCora model (Straka and Straková, ÚFAL, CC BY-NC-SA 4.0); rests on 'días' → 'יְמֵֽי'
90:15	4	los				expands	supplied-article-spa	safe	0.7848	approved	0				article the original does not write, read as one by UDPipe's Spanish-AnCora model (Straka and Straková, ÚFAL, CC BY-NC-SA 4.0); rests on 'días' → 'ימֹ֣ות'
90:15	10	los				expands	supplied-article-spa	safe	0.7903	approved	0				article the original does not write, read as one by UDPipe's Spanish-AnCora model (Straka and Straková, ÚFAL, CC BY-NC-SA 4.0); rests on 'años' → 'שְׁ֝נֹ֗ות'
91:1	10	la				expands	supplied-article-spa	safe	0.6672	approved	0				article the original does not write, read as one by UDPipe's Spanish-AnCora model (Straka and Straková, ÚFAL, CC BY-NC-SA 4.0); rests on 'sombra' → 'צֵ֥ל'
91:8	11	los				expands	supplied-article-spa	safe	0.7918	approved	0				article the original does not write, read as one by UDPipe's Spanish-AnCora model (Straka and Straková, ÚFAL, CC BY-NC-SA 4.0); rests on 'impíos' → 'רְשָׁעִ֣ים'
92:3	6	el				expands	supplied-article-spa	safe	0.8	approved	0				article the original does not write, read as one by UDPipe's Spanish-AnCora model (Straka and Straková, ÚFAL, CC BY-NC-SA 4.0); rests on 'salterio' → 'נָ֑בֶל'
92:7	3	los				expands	supplied-article-spa	safe	0.7918	approved	0				article the original does not write, read as one by UDPipe's Spanish-AnCora model (Straka and Straková, ÚFAL, CC BY-NC-SA 4.0); rests on 'impíos' → 'רְשָׁעִ֨ים'
92:7	6	la				expands	supplied-article-spa	safe	0.6059	approved	0				article the original does not write, read as one by UDPipe's Spanish-AnCora model (Straka and Straková, ÚFAL, CC BY-NC-SA 4.0); rests on 'hierba' → 'עֵ֗שֶׂב'
92:11	19	los				expands	supplied-article-spa	safe	0.8	approved	0				article the original does not write, read as one by UDPipe's Spanish-AnCora model (Straka and Straková, ÚFAL, CC BY-NC-SA 4.0); rests on 'malignos' → 'מְרֵעִ֗ים'
92:12	1	El				expands	supplied-article-spa	safe	0.7471	approved	0				article the original does not write, read as one by UDPipe's Spanish-AnCora model (Straka and Straková, ÚFAL, CC BY-NC-SA 4.0); rests on 'justo' → 'צַ֭דִּיק'
92:13	3	la				expands	supplied-article-spa	safe	0.7913	approved	0				article the original does not write, read as one by UDPipe's Spanish-AnCora model (Straka and Straková, ÚFAL, CC BY-NC-SA 4.0); rests on 'casa' → 'בֵ֣ית'
92:13	8	los				expands	supplied-article-spa	safe	0.8	approved	0				article the original does not write, read as one by UDPipe's Spanish-AnCora model (Straka and Straková, ÚFAL, CC BY-NC-SA 4.0); rests on 'atrios' → 'חַצְרֹ֖ות'
93:1	13	el				expands	supplied-article-spa	safe	0.775	approved	0				article the original does not write, read as one by UDPipe's Spanish-AnCora model (Straka and Straková, ÚFAL, CC BY-NC-SA 4.0); rests on 'mundo' → 'תֵּ֝בֵ֗ל'
93:4	9	el				expands	supplied-article-spa	safe	0.6232	approved	0				article the original does not write, read as one by UDPipe's Spanish-AnCora model (Straka and Straková, ÚFAL, CC BY-NC-SA 4.0); rests on 'estruendo' → 'קֹּלֹ֨ות'
93:4	12	las				expands	supplied-article-spa	safe	0.7937	approved	0				article the original does not write, read as one by UDPipe's Spanish-AnCora model (Straka and Straková, ÚFAL, CC BY-NC-SA 4.0); rests on 'aguas' → 'מַ֤יִם'
93:4	21	la				expands	supplied-article-spa	safe	0.7912	approved	0				article the original does not write, read as one by UDPipe's Spanish-AnCora model (Straka and Straková, ÚFAL, CC BY-NC-SA 4.0); rests on 'mar' → 'יָ֑ם'
93:5	6	la				expands	supplied-article-spa	safe	0.7735	approved	0				article the original does not write, read as one by UDPipe's Spanish-AnCora model (Straka and Straková, ÚFAL, CC BY-NC-SA 4.0); rests on 'santidad' → 'קֹ֑דֶשׁ'
94:1	4	las				expands	supplied-article-spa	safe	0.5932	approved	0				article the original does not write, read as one by UDPipe's Spanish-AnCora model (Straka and Straková, ÚFAL, CC BY-NC-SA 4.0); rests on 'venganzas' → 'נְקָמֹ֥ות'
94:1	8	las				expands	supplied-article-spa	safe	0.5932	approved	0				article the original does not write, read as one by UDPipe's Spanish-AnCora model (Straka and Straková, ÚFAL, CC BY-NC-SA 4.0); rests on 'venganzas' → 'נְקָמֹ֣ות'
94:3	3	los				expands	supplied-article-spa	safe	0.7917	approved	0				article the original does not write, read as one by UDPipe's Spanish-AnCora model (Straka and Straková, ÚFAL, CC BY-NC-SA 4.0); rests on 'impíos' → 'רְשָׁעִ֥ים'
94:3	11	los				expands	supplied-article-spa	safe	0.7917	approved	0				article the original does not write, read as one by UDPipe's Spanish-AnCora model (Straka and Straková, ÚFAL, CC BY-NC-SA 4.0); rests on 'impíos' → 'רְשָׁעִ֥ים'
94:6	2	la				expands	supplied-article-spa	safe	0.7663	approved	0				article the original does not write, read as one by UDPipe's Spanish-AnCora model (Straka and Straková, ÚFAL, CC BY-NC-SA 4.0); rests on 'viuda' → 'אַ֭לְמָנָה'
94:6	10	los				expands	supplied-article-spa	safe	0.8	approved	0				article the original does not write, read as one by UDPipe's Spanish-AnCora model (Straka and Straková, ÚFAL, CC BY-NC-SA 4.0); rests on 'huérfanos' → 'יתֹומִ֣ים'
94:7	8	el				expands	supplied-article-spa	safe	0.7337	approved	0				article the original does not write, read as one by UDPipe's Spanish-AnCora model (Straka and Straková, ÚFAL, CC BY-NC-SA 4.0); rests on 'Dios' → 'אֱלֹהֵ֥י'
94:9	11	el				expands	supplied-article-spa	safe	0.7625	approved	0				article the original does not write, read as one by UDPipe's Spanish-AnCora model (Straka and Straková, ÚFAL, CC BY-NC-SA 4.0); rests on 'ojo' → 'עַ֝֗יִן'
94:10	4	las				expands	supplied-article-spa	safe	0.7949	approved	0				article the original does not write, read as one by UDPipe's Spanish-AnCora model (Straka and Straková, ÚFAL, CC BY-NC-SA 4.0); rests on 'gentes' → 'גֹּ֭ויִם'
94:10	15	la				expands	supplied-article-spa	safe	0.65	approved	0				article the original does not write, read as one by UDPipe's Spanish-AnCora model (Straka and Straková, ÚFAL, CC BY-NC-SA 4.0); rests on 'ciencia' → 'דָּֽעַת'
94:11	3	los				expands	supplied-article-spa	safe	0.6564	approved	0				article the original does not write, read as one by UDPipe's Spanish-AnCora model (Straka and Straková, ÚFAL, CC BY-NC-SA 4.0); rests on 'pensamientos' → 'מַחְשְׁבֹ֣ות'
94:13	4	los				expands	supplied-article-spa	safe	0.7849	approved	0				article the original does not write, read as one by UDPipe's Spanish-AnCora model (Straka and Straková, ÚFAL, CC BY-NC-SA 4.0); rests on 'días' → 'ימֵי'
94:15	3	el				expands	supplied-article-spa	safe	0.7373	approved	0				article the original does not write, read as one by UDPipe's Spanish-AnCora model (Straka and Straková, ÚFAL, CC BY-NC-SA 4.0); rests on 'juicio' → 'מִשְׁפָּ֑ט'
94:15	16	los				expands	supplied-article-spa	safe	0.7635	approved	0				article the original does not write, read as one by UDPipe's Spanish-AnCora model (Straka and Straková, ÚFAL, CC BY-NC-SA 4.0); rests on 'rectos' → 'יִשְׁרֵי'
94:16	7	los				expands	supplied-article-spa	safe	0.8	approved	0				article the original does not write, read as one by UDPipe's Spanish-AnCora model (Straka and Straková, ÚFAL, CC BY-NC-SA 4.0); rests on 'malignos' → 'מְרֵעִ֑ים'
94:20	3	el				expands	supplied-article-spa	safe	0.7909	approved	0				article the original does not write, read as one by UDPipe's Spanish-AnCora model (Straka and Straková, ÚFAL, CC BY-NC-SA 4.0); rests on 'trono' → 'כִּסֵּ֣א'
94:21	11	la				expands	supplied-article-spa	safe	0.788	approved	0				article the original does not write, read as one by UDPipe's Spanish-AnCora model (Straka and Straková, ÚFAL, CC BY-NC-SA 4.0); rests on 'sangre' → 'דָ֖ם'
95:1	10	la				expands	supplied-article-spa	safe	0.7135	approved	0				article the original does not write, read as one by UDPipe's Spanish-AnCora model (Straka and Straková, ÚFAL, CC BY-NC-SA 4.0); rests on 'roca' → 'צ֣וּר'
95:3	11	los				expands	supplied-article-spa	safe	0.7853	approved	0				article the original does not write, read as one by UDPipe's Spanish-AnCora model (Straka and Straková, ÚFAL, CC BY-NC-SA 4.0); rests on 'dioses' → 'אֱלֹהִֽים'
95:4	9	la				expands	supplied-article-spa	safe	0.752	approved	0				article the original does not write, read as one by UDPipe's Spanish-AnCora model (Straka and Straková, ÚFAL, CC BY-NC-SA 4.0); rests on 'tierra' → 'אָ֑רֶץ'
95:4	15	los				expands	supplied-article-spa	safe	0.7856	approved	0				article the original does not write, read as one by UDPipe's Spanish-AnCora model (Straka and Straková, ÚFAL, CC BY-NC-SA 4.0); rests on 'montes' → 'הָרִ֣ים'
95:7	7	el				expands	supplied-article-spa	safe	0.79	approved	0				article the original does not write, read as one by UDPipe's Spanish-AnCora model (Straka and Straková, ÚFAL, CC BY-NC-SA 4.0); rests on 'pueblo' → 'עַ֣ם'
95:8	9	el				expands	supplied-article-spa	safe	0.7597	approved	0				article the original does not write, read as one by UDPipe's Spanish-AnCora model (Straka and Straková, ÚFAL, CC BY-NC-SA 4.0); rests on 'día' → 'יֹ֥ום'
96:4	13	los				expands	supplied-article-spa	safe	0.7853	approved	0				article the original does not write, read as one by UDPipe's Spanish-AnCora model (Straka and Straková, ÚFAL, CC BY-NC-SA 4.0); rests on 'dioses' → 'אֱלֹהִֽים'
96:5	3	los				expands	supplied-article-spa	safe	0.7853	approved	0				article the original does not write, read as one by UDPipe's Spanish-AnCora model (Straka and Straková, ÚFAL, CC BY-NC-SA 4.0); rests on 'dioses' → 'אֱלֹהֵ֣י'
96:5	13	los				expands	supplied-article-spa	safe	0.7771	approved	0				article the original does not write, read as one by UDPipe's Spanish-AnCora model (Straka and Straková, ÚFAL, CC BY-NC-SA 4.0); rests on 'cielos' → 'שָׁמַ֥יִם'
96:7	7	los				expands	supplied-article-spa	safe	0.7607	approved	0				article the original does not write, read as one by UDPipe's Spanish-AnCora model (Straka and Straková, ÚFAL, CC BY-NC-SA 4.0); rests on 'pueblos' → 'עַמִּ֑ים'
96:7	12	la				expands	supplied-article-spa	safe	0.6799	approved	0				article the original does not write, read as one by UDPipe's Spanish-AnCora model (Straka and Straková, ÚFAL, CC BY-NC-SA 4.0); rests on 'gloria' → 'כָּבֹ֥וד'
96:8	4	la				expands	supplied-article-spa	safe	0.5509	approved	0				article the original does not write, read as one by UDPipe's Spanish-AnCora model (Straka and Straková, ÚFAL, CC BY-NC-SA 4.0); rests on 'honra' → 'כְּבֹ֣וד'
96:10	9	el				expands	supplied-article-spa	safe	0.7743	approved	0				article the original does not write, read as one by UDPipe's Spanish-AnCora model (Straka and Straková, ÚFAL, CC BY-NC-SA 4.0); rests on 'mundo' → 'תֵּ֭בֵל'
96:10	16	los				expands	supplied-article-spa	safe	0.7607	approved	0				article the original does not write, read as one by UDPipe's Spanish-AnCora model (Straka and Straková, ÚFAL, CC BY-NC-SA 4.0); rests on 'pueblos' → 'עַ֝מִּ֗ים'
96:12	2	el				expands	supplied-article-spa	safe	0.7075	approved	0				article the original does not write, read as one by UDPipe's Spanish-AnCora model (Straka and Straková, ÚFAL, CC BY-NC-SA 4.0); rests on 'campo' → 'שָׂ֭דַי'
96:12	13	los				expands	supplied-article-spa	safe	0.7824	approved	0				article the original does not write, read as one by UDPipe's Spanish-AnCora model (Straka and Straková, ÚFAL, CC BY-NC-SA 4.0); rests on 'árboles' → 'עֲצֵי'
96:13	19	los				expands	supplied-article-spa	safe	0.7607	approved	0				article the original does not write, read as one by UDPipe's Spanish-AnCora model (Straka and Straková, ÚFAL, CC BY-NC-SA 4.0); rests on 'pueblos' → 'עַמִּ֗ים'
97:1	7	las				expands	supplied-article-spa	safe	0.8	approved	0				article the original does not write, read as one by UDPipe's Spanish-AnCora model (Straka and Straková, ÚFAL, CC BY-NC-SA 4.0); rests on 'islas' → 'אִיִּ֥ים'
97:4	4	el				expands	supplied-article-spa	safe	0.775	approved	0				article the original does not write, read as one by UDPipe's Spanish-AnCora model (Straka and Straková, ÚFAL, CC BY-NC-SA 4.0); rests on 'mundo' → 'תֵּבֵ֑ל'
97:5	1	Los				expands	supplied-article-spa	safe	0.7856	approved	0				article the original does not write, read as one by UDPipe's Spanish-AnCora model (Straka and Straková, ÚFAL, CC BY-NC-SA 4.0); rests on 'montes' → 'הָרִ֗ים'
97:7	18	los				expands	supplied-article-spa	safe	0.7853	approved	0				article the original does not write, read as one by UDPipe's Spanish-AnCora model (Straka and Straková, ÚFAL, CC BY-NC-SA 4.0); rests on 'dioses' → 'אֱלֹהִֽים'
97:8	6	las				expands	supplied-article-spa	safe	0.8	approved	0				article the original does not write, read as one by UDPipe's Spanish-AnCora model (Straka and Straková, ÚFAL, CC BY-NC-SA 4.0); rests on 'hijas' → 'בְּנֹ֣ות'
97:9	15	los				expands	supplied-article-spa	safe	0.7853	approved	0				article the original does not write, read as one by UDPipe's Spanish-AnCora model (Straka and Straková, ÚFAL, CC BY-NC-SA 4.0); rests on 'dioses' → 'אֱלֹהִֽים'
97:10	7	el				expands	supplied-article-spa	safe	0.7513	approved	0				article the original does not write, read as one by UDPipe's Spanish-AnCora model (Straka and Straková, ÚFAL, CC BY-NC-SA 4.0); rests on 'mal' → 'רָ֥ע'
97:10	11	las				expands	supplied-article-spa	safe	0.7743	approved	0				article the original does not write, read as one by UDPipe's Spanish-AnCora model (Straka and Straková, ÚFAL, CC BY-NC-SA 4.0); rests on 'almas' → 'נַפְשֹׁ֣ות'
97:10	19	los				expands	supplied-article-spa	safe	0.7918	approved	0				article the original does not write, read as one by UDPipe's Spanish-AnCora model (Straka and Straková, ÚFAL, CC BY-NC-SA 4.0); rests on 'impíos' → 'רְ֝שָׁעִ֗ים'
97:11	10	los				expands	supplied-article-spa	safe	0.7635	approved	0				article the original does not write, read as one by UDPipe's Spanish-AnCora model (Straka and Straková, ÚFAL, CC BY-NC-SA 4.0); rests on 'rectos' → 'יִשְׁרֵי'
98:3	12	la				expands	supplied-article-spa	safe	0.7913	approved	0				article the original does not write, read as one by UDPipe's Spanish-AnCora model (Straka and Straková, ÚFAL, CC BY-NC-SA 4.0); rests on 'casa' → 'בֵ֢ית'
98:3	20	la				expands	supplied-article-spa	safe	0.752	approved	0				article the original does not write, read as one by UDPipe's Spanish-AnCora model (Straka and Straková, ÚFAL, CC BY-NC-SA 4.0); rests on 'tierra' → 'אָ֑רֶץ'
98:7	7	el				expands	supplied-article-spa	safe	0.7743	approved	0				article the original does not write, read as one by UDPipe's Spanish-AnCora model (Straka and Straková, ÚFAL, CC BY-NC-SA 4.0); rests on 'mundo' → 'תֵּ֝בֵ֗ל'
98:8	6	los				expands	supplied-article-spa	safe	0.7856	approved	0				article the original does not write, read as one by UDPipe's Spanish-AnCora model (Straka and Straková, ÚFAL, CC BY-NC-SA 4.0); rests on 'montes' → 'הָרִ֥ים'
98:9	17	los				expands	supplied-article-spa	safe	0.7614	approved	0				article the original does not write, read as one by UDPipe's Spanish-AnCora model (Straka and Straková, ÚFAL, CC BY-NC-SA 4.0); rests on 'pueblos' → 'עַמִּ֗ים'
99:1	4	los				expands	supplied-article-spa	safe	0.7612	approved	0				article the original does not write, read as one by UDPipe's Spanish-AnCora model (Straka and Straková, ÚFAL, CC BY-NC-SA 4.0); rests on 'pueblos' → 'עַמִּ֑ים'
99:1	10	los				expands	supplied-article-spa	safe	0.8	approved	0				article the original does not write, read as one by UDPipe's Spanish-AnCora model (Straka and Straková, ÚFAL, CC BY-NC-SA 4.0); rests on 'querubines' → 'כְּ֝רוּבִ֗ים'
99:4	7	el				expands	supplied-article-spa	safe	0.7369	approved	0				article the original does not write, read as one by UDPipe's Spanish-AnCora model (Straka and Straková, ÚFAL, CC BY-NC-SA 4.0); rests on 'juicio' → 'מִשְׁפָּ֢ט'
100:5	15	las				expands	supplied-article-spa	safe	0.7053	approved	0				article the original does not write, read as one by UDPipe's Spanish-AnCora model (Straka and Straková, ÚFAL, CC BY-NC-SA 4.0); rests on 'generaciones' → 'דֹ֗ר'
101:2	3	el				expands	supplied-article-spa	safe	0.7508	approved	0				article the original does not write, read as one by UDPipe's Spanish-AnCora model (Straka and Straková, ÚFAL, CC BY-NC-SA 4.0); rests on 'camino' → 'דֶ֬רֶךְ'
101:6	5	los				expands	supplied-article-spa	safe	0.7437	approved	0				article the original does not write, read as one by UDPipe's Spanish-AnCora model (Straka and Straková, ÚFAL, CC BY-NC-SA 4.0); rests on 'fieles' → 'נֶֽאֶמְנֵי'
101:6	8	la				expands	supplied-article-spa	safe	0.752	approved	0				article the original does not write, read as one by UDPipe's Spanish-AnCora model (Straka and Straková, ÚFAL, CC BY-NC-SA 4.0); rests on 'tierra' → 'אֶרֶץ֮'
101:6	18	el				expands	supplied-article-spa	safe	0.7508	approved	0				article the original does not write, read as one by UDPipe's Spanish-AnCora model (Straka and Straková, ÚFAL, CC BY-NC-SA 4.0); rests on 'camino' → 'דֶ֣רֶךְ'
101:8	7	los				expands	supplied-article-spa	safe	0.7918	approved	0				article the original does not write, read as one by UDPipe's Spanish-AnCora model (Straka and Straková, ÚFAL, CC BY-NC-SA 4.0); rests on 'impíos' → 'רִשְׁעֵי'
101:8	10	la				expands	supplied-article-spa	safe	0.752	approved	0				article the original does not write, read as one by UDPipe's Spanish-AnCora model (Straka and Straková, ÚFAL, CC BY-NC-SA 4.0); rests on 'tierra' → 'אָ֑רֶץ'
101:8	15	la				expands	supplied-article-spa	safe	0.7711	approved	0				article the original does not write, read as one by UDPipe's Spanish-AnCora model (Straka and Straková, ÚFAL, CC BY-NC-SA 4.0); rests on 'ciudad' → 'עִיר'
102:2	8	el				expands	supplied-article-spa	safe	0.7597	approved	0				article the original does not write, read as one by UDPipe's Spanish-AnCora model (Straka and Straková, ÚFAL, CC BY-NC-SA 4.0); rests on 'día' → 'יֹ֢ום'
102:2	18	el				expands	supplied-article-spa	safe	0.7597	approved	0				article the original does not write, read as one by UDPipe's Spanish-AnCora model (Straka and Straková, ÚFAL, CC BY-NC-SA 4.0); rests on 'día' → 'יֹ֥ום'
102:5	2	la				expands	supplied-article-spa	safe	0.7935	approved	0				article the original does not write, read as one by UDPipe's Spanish-AnCora model (Straka and Straková, ÚFAL, CC BY-NC-SA 4.0); rests on 'voz' → 'קֹּ֥ול'
102:9	5	la				expands	supplied-article-spa	safe	0.6448	approved	0				article the original does not write, read as one by UDPipe's Spanish-AnCora model (Straka and Straková, ÚFAL, CC BY-NC-SA 4.0); rests on 'ceniza' → 'אֵ֭פֶר'
102:11	5	la				expands	supplied-article-spa	safe	0.6672	approved	0				article the original does not write, read as one by UDPipe's Spanish-AnCora model (Straka and Straková, ÚFAL, CC BY-NC-SA 4.0); rests on 'sombra' → 'צֵ֣ל'
102:15	3	las				expands	supplied-article-spa	safe	0.7949	approved	0				article the original does not write, read as one by UDPipe's Spanish-AnCora model (Straka and Straková, ÚFAL, CC BY-NC-SA 4.0); rests on 'gentes' → 'גֹ֭ויִם'
102:15	5	el				expands	supplied-article-spa	safe	0.7864	approved	0				article the original does not write, read as one by UDPipe's Spanish-AnCora model (Straka and Straková, ÚFAL, CC BY-NC-SA 4.0); rests on 'nombre' → 'שֵׁ֣ם'
102:15	11	los				expands	supplied-article-spa	safe	0.7839	approved	0				article the original does not write, read as one by UDPipe's Spanish-AnCora model (Straka and Straková, ÚFAL, CC BY-NC-SA 4.0); rests on 'reyes' → 'מַלְכֵ֥י'
102:17	4	la				expands	supplied-article-spa	safe	0.7293	approved	0				article the original does not write, read as one by UDPipe's Spanish-AnCora model (Straka and Straková, ÚFAL, CC BY-NC-SA 4.0); rests on 'oración' → 'תְּפִלַּ֣ת'
102:18	5	la				expands	supplied-article-spa	safe	0.7259	approved	0				article the original does not write, read as one by UDPipe's Spanish-AnCora model (Straka and Straková, ÚFAL, CC BY-NC-SA 4.0); rests on 'generación' → 'דֹ֣ור'
102:18	9	el				expands	supplied-article-spa	safe	0.7901	approved	0				article the original does not write, read as one by UDPipe's Spanish-AnCora model (Straka and Straková, ÚFAL, CC BY-NC-SA 4.0); rests on 'pueblo' → 'עַ֥ם'
102:19	12	los				expands	supplied-article-spa	safe	0.7771	approved	0				article the original does not write, read as one by UDPipe's Spanish-AnCora model (Straka and Straková, ÚFAL, CC BY-NC-SA 4.0); rests on 'cielos' → 'שָּׁמַ֤יִם'
102:19	15	la				expands	supplied-article-spa	safe	0.752	approved	0				article the original does not write, read as one by UDPipe's Spanish-AnCora model (Straka and Straková, ÚFAL, CC BY-NC-SA 4.0); rests on 'tierra' → 'אֶ֬רֶץ'
102:21	5	el				expands	supplied-article-spa	safe	0.7864	approved	0				article the original does not write, read as one by UDPipe's Spanish-AnCora model (Straka and Straková, ÚFAL, CC BY-NC-SA 4.0); rests on 'nombre' → 'שֵׁ֣ם'
102:22	2	los				expands	supplied-article-spa	safe	0.7614	approved	0				article the original does not write, read as one by UDPipe's Spanish-AnCora model (Straka and Straková, ÚFAL, CC BY-NC-SA 4.0); rests on 'pueblos' → 'עַמִּ֣ים'
102:22	9	los				expands	supplied-article-spa	safe	0.782	approved	0				article the original does not write, read as one by UDPipe's Spanish-AnCora model (Straka and Straková, ÚFAL, CC BY-NC-SA 4.0); rests on 'reinos' → 'מַמְלָכֹ֗ות'
102:25	7	los				expands	supplied-article-spa	safe	0.7771	approved	0				article the original does not write, read as one by UDPipe's Spanish-AnCora model (Straka and Straková, ÚFAL, CC BY-NC-SA 4.0); rests on 'cielos' → 'שָׁמָֽיִם'
102:28	1	Los				expands	supplied-article-spa	safe	0.7923	approved	0				article the original does not write, read as one by UDPipe's Spanish-AnCora model (Straka and Straková, ÚFAL, CC BY-NC-SA 4.0); rests on 'hijos' → 'בְּנֵֽי'
103:7	8	los				expands	supplied-article-spa	safe	0.7923	approved	0				article the original does not write, read as one by UDPipe's Spanish-AnCora model (Straka and Straková, ÚFAL, CC BY-NC-SA 4.0); rests on 'hijos' → 'בְנֵ֥י'
103:11	6	los				expands	supplied-article-spa	safe	0.7771	approved	0				article the original does not write, read as one by UDPipe's Spanish-AnCora model (Straka and Straková, ÚFAL, CC BY-NC-SA 4.0); rests on 'cielos' → 'שָׁ֭מַיִם'
103:13	2	el				expands	supplied-article-spa	safe	0.7565	approved	0				article the original does not write, read as one by UDPipe's Spanish-AnCora model (Straka and Straková, ÚFAL, CC BY-NC-SA 4.0); rests on 'padre' → 'אָ֭ב'
103:13	7	los				expands	supplied-article-spa	safe	0.7923	approved	0				article the original does not write, read as one by UDPipe's Spanish-AnCora model (Straka and Straková, ÚFAL, CC BY-NC-SA 4.0); rests on 'hijos' → 'בָּנִ֑ים'
103:16	3	el				expands	supplied-article-spa	safe	0.7942	approved	0				article the original does not write, read as one by UDPipe's Spanish-AnCora model (Straka and Straková, ÚFAL, CC BY-NC-SA 4.0); rests on 'viento' → 'ר֣וּחַ'
103:17	2	la				expands	supplied-article-spa	safe	0.6633	approved	0				article the original does not write, read as one by UDPipe's Spanish-AnCora model (Straka and Straková, ÚFAL, CC BY-NC-SA 4.0); rests on 'misericordia' → 'חֶ֤סֶד'
103:17	22	los				expands	supplied-article-spa	safe	0.7923	approved	0				article the original does not write, read as one by UDPipe's Spanish-AnCora model (Straka and Straková, ÚFAL, CC BY-NC-SA 4.0); rests on 'hijos' → 'בְנֵ֥י'
103:17	25	los				expands	supplied-article-spa	safe	0.7923	approved	0				article the original does not write, read as one by UDPipe's Spanish-AnCora model (Straka and Straková, ÚFAL, CC BY-NC-SA 4.0); rests on 'hijos' → 'בָנִֽים'
103:20	16	la				expands	supplied-article-spa	safe	0.7935	approved	0				article the original does not write, read as one by UDPipe's Spanish-AnCora model (Straka and Straková, ÚFAL, CC BY-NC-SA 4.0); rests on 'voz' → 'קֹ֣ול'
103:22	10	los				expands	supplied-article-spa	safe	0.6269	approved	0				article the original does not write, read as one by UDPipe's Spanish-AnCora model (Straka and Straková, ÚFAL, CC BY-NC-SA 4.0); rests on 'lugares' → 'מְקֹמֹ֥ות'
104:2	12	los				expands	supplied-article-spa	safe	0.7771	approved	0				article the original does not write, read as one by UDPipe's Spanish-AnCora model (Straka and Straková, ÚFAL, CC BY-NC-SA 4.0); rests on 'cielos' → 'שָׁ֝מַ֗יִם'
104:3	20	las				expands	supplied-article-spa	safe	0.7637	approved	0				article the original does not write, read as one by UDPipe's Spanish-AnCora model (Straka and Straková, ÚFAL, CC BY-NC-SA 4.0); rests on 'alas' → 'כַּנְפֵי'
104:5	3	la				expands	supplied-article-spa	safe	0.7521	approved	0				article the original does not write, read as one by UDPipe's Spanish-AnCora model (Straka and Straková, ÚFAL, CC BY-NC-SA 4.0); rests on 'tierra' → 'אֶ֭רֶץ'
104:6	2	el				expands	supplied-article-spa	safe	0.8	approved	0				article the original does not write, read as one by UDPipe's Spanish-AnCora model (Straka and Straková, ÚFAL, CC BY-NC-SA 4.0); rests on 'abismo' → 'תְּ֭הֹום'
104:6	10	los				expands	supplied-article-spa	safe	0.7851	approved	0				article the original does not write, read as one by UDPipe's Spanish-AnCora model (Straka and Straková, ÚFAL, CC BY-NC-SA 4.0); rests on 'montes' → 'הָ֝רִ֗ים'
104:6	13	las				expands	supplied-article-spa	safe	0.7937	approved	0				article the original does not write, read as one by UDPipe's Spanish-AnCora model (Straka and Straková, ÚFAL, CC BY-NC-SA 4.0); rests on 'aguas' → 'מָֽיִם'
104:8	2	los				expands	supplied-article-spa	safe	0.7851	approved	0				article the original does not write, read as one by UDPipe's Spanish-AnCora model (Straka and Straková, ÚFAL, CC BY-NC-SA 4.0); rests on 'montes' → 'הָ֭רִים'
104:10	13	los				expands	supplied-article-spa	safe	0.7851	approved	0				article the original does not write, read as one by UDPipe's Spanish-AnCora model (Straka and Straková, ÚFAL, CC BY-NC-SA 4.0); rests on 'montes' → 'הָ֝רִ֗ים'
104:12	5	las				expands	supplied-article-spa	safe	0.7189	approved	0				article the original does not write, read as one by UDPipe's Spanish-AnCora model (Straka and Straková, ÚFAL, CC BY-NC-SA 4.0); rests on 'aves' → 'עֹוף'
104:13	4	los				expands	supplied-article-spa	safe	0.7851	approved	0				article the original does not write, read as one by UDPipe's Spanish-AnCora model (Straka and Straková, ÚFAL, CC BY-NC-SA 4.0); rests on 'montes' → 'הָ֭רִים'
104:14	11	la				expands	supplied-article-spa	safe	0.6059	approved	0				article the original does not write, read as one by UDPipe's Spanish-AnCora model (Straka and Straková, ÚFAL, CC BY-NC-SA 4.0); rests on 'hierba' → 'עֵשֶׂב'
104:14	14	el				expands	supplied-article-spa	safe	0.7234	approved	0				article the original does not write, read as one by UDPipe's Spanish-AnCora model (Straka and Straková, ÚFAL, CC BY-NC-SA 4.0); rests on 'servicio' → 'עֲבֹדַ֣ת'
104:14	19	el				expands	supplied-article-spa	safe	0.7681	approved	0				article the original does not write, read as one by UDPipe's Spanish-AnCora model (Straka and Straková, ÚFAL, CC BY-NC-SA 4.0); rests on 'pan' → 'לֶ֝֗חֶם'
104:15	11	el				expands	supplied-article-spa	safe	0.735	approved	0				article the original does not write, read as one by UDPipe's Spanish-AnCora model (Straka and Straková, ÚFAL, CC BY-NC-SA 4.0); rests on 'aceite' → 'שָּׁ֑מֶן'
104:15	16	el				expands	supplied-article-spa	safe	0.755	approved	0				article the original does not write, read as one by UDPipe's Spanish-AnCora model (Straka and Straková, ÚFAL, CC BY-NC-SA 4.0); rests on 'rostro' → 'פָּנִ֣ים'
104:15	19	el				expands	supplied-article-spa	safe	0.7681	approved	0				article the original does not write, read as one by UDPipe's Spanish-AnCora model (Straka and Straková, ÚFAL, CC BY-NC-SA 4.0); rests on 'pan' → 'לֶ֗חֶם'
104:16	4	los				expands	supplied-article-spa	safe	0.7824	approved	0				article the original does not write, read as one by UDPipe's Spanish-AnCora model (Straka and Straková, ÚFAL, CC BY-NC-SA 4.0); rests on 'árboles' → 'עֲצֵ֣י'
104:16	8	los				expands	supplied-article-spa	safe	0.8	approved	0				article the original does not write, read as one by UDPipe's Spanish-AnCora model (Straka and Straková, ÚFAL, CC BY-NC-SA 4.0); rests on 'cedros' → 'אַֽרְזֵ֥י'
104:17	6	las				expands	supplied-article-spa	safe	0.6	approved	0				article the original does not write, read as one by UDPipe's Spanish-AnCora model (Straka and Straková, ÚFAL, CC BY-NC-SA 4.0); rests on 'hayas' → 'בְּרֹושִׁ֥ים'
104:19	2	la				expands	supplied-article-spa	safe	0.6909	approved	0				article the original does not write, read as one by UDPipe's Spanish-AnCora model (Straka and Straková, ÚFAL, CC BY-NC-SA 4.0); rests on 'luna' → 'יָ֭רֵחַ'
104:19	7	el				expands	supplied-article-spa	safe	0.7603	approved	0				article the original does not write, read as one by UDPipe's Spanish-AnCora model (Straka and Straková, ÚFAL, CC BY-NC-SA 4.0); rests on 'sol' → 'שֶׁ֝֗מֶשׁ'
104:20	2	las				expands	supplied-article-spa	safe	0.7333	approved	0				article the original does not write, read as one by UDPipe's Spanish-AnCora model (Straka and Straková, ÚFAL, CC BY-NC-SA 4.0); rests on 'tinieblas' → 'חֹ֭שֶׁךְ'
104:20	6	la				expands	supplied-article-spa	safe	0.737	approved	0				article the original does not write, read as one by UDPipe's Spanish-AnCora model (Straka and Straková, ÚFAL, CC BY-NC-SA 4.0); rests on 'noche' → 'לָ֑יְלָה'
104:23	12	la				expands	supplied-article-spa	safe	0.7763	approved	0				article the original does not write, read as one by UDPipe's Spanish-AnCora model (Straka and Straková, ÚFAL, CC BY-NC-SA 4.0); rests on 'tarde' → 'עָֽרֶב'
104:29	7	el				expands	supplied-article-spa	safe	0.7757	approved	0				article the original does not write, read as one by UDPipe's Spanish-AnCora model (Straka and Straková, ÚFAL, CC BY-NC-SA 4.0); rests on 'espíritu' → 'ר֭וּחָם'
104:31	2	la				expands	supplied-article-spa	safe	0.6804	approved	0				article the original does not write, read as one by UDPipe's Spanish-AnCora model (Straka and Straková, ÚFAL, CC BY-NC-SA 4.0); rests on 'gloria' → 'כְבֹ֣וד'
104:35	6	los				expands	supplied-article-spa	safe	0.6875	approved	0				article the original does not write, read as one by UDPipe's Spanish-AnCora model (Straka and Straková, ÚFAL, CC BY-NC-SA 4.0); rests on 'pecadores' → 'חַטָּאִ֨ים'
104:35	9	los				expands	supplied-article-spa	safe	0.7918	approved	0				article the original does not write, read as one by UDPipe's Spanish-AnCora model (Straka and Straková, ÚFAL, CC BY-NC-SA 4.0); rests on 'impíos' → 'רְשָׁעִ֤ים'
105:3	7	el				expands	supplied-article-spa	safe	0.6479	approved	0				article the original does not write, read as one by UDPipe's Spanish-AnCora model (Straka and Straková, ÚFAL, CC BY-NC-SA 4.0); rests on 'corazón' → 'לֵ֤ב'
105:5	12	los				expands	supplied-article-spa	safe	0.6634	approved	0				article the original does not write, read as one by UDPipe's Spanish-AnCora model (Straka and Straková, ÚFAL, CC BY-NC-SA 4.0); rests on 'juicios' → 'מִשְׁפְּטֵי'
105:8	8	la				expands	supplied-article-spa	safe	0.751	approved	0				article the original does not write, read as one by UDPipe's Spanish-AnCora model (Straka and Straková, ÚFAL, CC BY-NC-SA 4.0); rests on 'palabra' → 'דָּבָ֥ר'
105:11	5	la				expands	supplied-article-spa	safe	0.752	approved	0				article the original does not write, read as one by UDPipe's Spanish-AnCora model (Straka and Straková, ÚFAL, CC BY-NC-SA 4.0); rests on 'tierra' → 'אֶֽרֶץ'
105:14	13	los				expands	supplied-article-spa	safe	0.7839	approved	0				article the original does not write, read as one by UDPipe's Spanish-AnCora model (Straka and Straková, ÚFAL, CC BY-NC-SA 4.0); rests on 'reyes' → 'מְלָכִֽים'
105:17	2	un				expands	supplied-indefinite-article-spa	safe	0.7229	approved	0				indefinite article, read as one by UDPipe's Spanish-AnCora model (Straka and Straková, ÚFAL, CC BY-NC-SA 4.0); rests on 'varón' → 'אִ֑ישׁ'
105:19	2	la				expands	supplied-article-spa	safe	0.6393	approved	0				article the original does not write, read as one by UDPipe's Spanish-AnCora model (Straka and Straková, ÚFAL, CC BY-NC-SA 4.0); rests on 'hora' → 'עֵ֥ת'
105:20	2	el				expands	supplied-article-spa	safe	0.7778	approved	0				article the original does not write, read as one by UDPipe's Spanish-AnCora model (Straka and Straková, ÚFAL, CC BY-NC-SA 4.0); rests on 'rey' → 'מֶ֭לֶךְ'
105:20	9	los				expands	supplied-article-spa	safe	0.7612	approved	0				article the original does not write, read as one by UDPipe's Spanish-AnCora model (Straka and Straková, ÚFAL, CC BY-NC-SA 4.0); rests on 'pueblos' → 'עַ֝מִּ֗ים'
105:23	11	la				expands	supplied-article-spa	safe	0.752	approved	0				article the original does not write, read as one by UDPipe's Spanish-AnCora model (Straka and Straková, ÚFAL, CC BY-NC-SA 4.0); rests on 'tierra' → 'אֶֽרֶץ'
105:25	2	el				expands	supplied-article-spa	safe	0.6479	approved	0				article the original does not write, read as one by UDPipe's Spanish-AnCora model (Straka and Straková, ÚFAL, CC BY-NC-SA 4.0); rests on 'corazón' → 'לִ֭בָּם'
105:27	4	las				expands	supplied-article-spa	safe	0.7052	approved	0				article the original does not write, read as one by UDPipe's Spanish-AnCora model (Straka and Straková, ÚFAL, CC BY-NC-SA 4.0); rests on 'palabras' → 'דִּבְרֵ֣י'
105:27	13	la				expands	supplied-article-spa	safe	0.752	approved	0				article the original does not write, read as one by UDPipe's Spanish-AnCora model (Straka and Straková, ÚFAL, CC BY-NC-SA 4.0); rests on 'tierra' → 'אֶ֣רֶץ'
105:33	10	los				expands	supplied-article-spa	safe	0.7824	approved	0				article the original does not write, read as one by UDPipe's Spanish-AnCora model (Straka and Straková, ÚFAL, CC BY-NC-SA 4.0); rests on 'árboles' → 'עֵ֣ץ'
105:35	4	la				expands	supplied-article-spa	safe	0.6059	approved	0				article the original does not write, read as one by UDPipe's Spanish-AnCora model (Straka and Straková, ÚFAL, CC BY-NC-SA 4.0); rests on 'hierba' → 'עֵ֣שֶׂב'
105:35	11	el				expands	supplied-article-spa	safe	0.6945	approved	0				article the original does not write, read as one by UDPipe's Spanish-AnCora model (Straka and Straková, ÚFAL, CC BY-NC-SA 4.0); rests on 'fruto' → 'פְּרִ֣י'
105:36	5	los				expands	supplied-article-spa	safe	0.7763	approved	0				article the original does not write, read as one by UDPipe's Spanish-AnCora model (Straka and Straková, ÚFAL, CC BY-NC-SA 4.0); rests on 'primogénitos' → 'בְּכֹ֣ור'
105:39	2	una				expands	supplied-indefinite-article-spa	safe	0.746	approved	0				indefinite article, read as one by UDPipe's Spanish-AnCora model (Straka and Straková, ÚFAL, CC BY-NC-SA 4.0); rests on 'nube' → 'עָנָ֣ן'
105:39	10	la				expands	supplied-article-spa	safe	0.737	approved	0				article the original does not write, read as one by UDPipe's Spanish-AnCora model (Straka and Straková, ÚFAL, CC BY-NC-SA 4.0); rests on 'noche' → 'לָֽיְלָה'
105:44	3	las				expands	supplied-article-spa	safe	0.6781	approved	0				article the original does not write, read as one by UDPipe's Spanish-AnCora model (Straka and Straková, ÚFAL, CC BY-NC-SA 4.0); rests on 'tierras' → 'אַרְצֹ֣ות'
105:44	6	las				expands	supplied-article-spa	safe	0.7949	approved	0				article the original does not write, read as one by UDPipe's Spanish-AnCora model (Straka and Straková, ÚFAL, CC BY-NC-SA 4.0); rests on 'gentes' → 'גֹּויִ֑ם'
106:5	5	el				expands	supplied-article-spa	safe	0.6207	approved	0				article the original does not write, read as one by UDPipe's Spanish-AnCora model (Straka and Straková, ÚFAL, CC BY-NC-SA 4.0); rests on 'bien' → 'טֹ֘ובַ֤ת'
106:5	15	la				expands	supplied-article-spa	safe	0.6875	approved	0				article the original does not write, read as one by UDPipe's Spanish-AnCora model (Straka and Straková, ÚFAL, CC BY-NC-SA 4.0); rests on 'alegría' → 'שִׂמְחַ֣ת'
106:7	24	la				expands	supplied-article-spa	safe	0.7912	approved	0				article the original does not write, read as one by UDPipe's Spanish-AnCora model (Straka and Straková, ÚFAL, CC BY-NC-SA 4.0); rests on 'mar' → 'יָ֣ם'
106:7	27	el				expands	supplied-article-spa	safe	0.7912	approved	0				article the original does not write, read as one by UDPipe's Spanish-AnCora model (Straka and Straková, ÚFAL, CC BY-NC-SA 4.0); rests on 'mar' → 'יַם'
106:11	3	las				expands	supplied-article-spa	safe	0.7937	approved	0				article the original does not write, read as one by UDPipe's Spanish-AnCora model (Straka and Straková, ÚFAL, CC BY-NC-SA 4.0); rests on 'aguas' → 'מַ֥יִם'
106:17	2	la				expands	supplied-article-spa	safe	0.752	approved	0				article the original does not write, read as one by UDPipe's Spanish-AnCora model (Straka and Straková, ÚFAL, CC BY-NC-SA 4.0); rests on 'tierra' → 'אֶ֭רֶץ'
106:18	3	el				expands	supplied-article-spa	safe	0.7679	approved	0				article the original does not write, read as one by UDPipe's Spanish-AnCora model (Straka and Straková, ÚFAL, CC BY-NC-SA 4.0); rests on 'fuego' → 'אֵ֥שׁ'
106:18	11	los				expands	supplied-article-spa	safe	0.7918	approved	0				article the original does not write, read as one by UDPipe's Spanish-AnCora model (Straka and Straková, ÚFAL, CC BY-NC-SA 4.0); rests on 'impíos' → 'רְשָׁעִֽים'
106:20	9	un				expands	supplied-indefinite-article-spa	safe	0.7637	approved	0				indefinite article, read as one by UDPipe's Spanish-AnCora model (Straka and Straková, ÚFAL, CC BY-NC-SA 4.0); rests on 'buey' → 'שֹׁ֝֗ור'
106:22	3	la				expands	supplied-article-spa	safe	0.752	approved	0				article the original does not write, read as one by UDPipe's Spanish-AnCora model (Straka and Straková, ÚFAL, CC BY-NC-SA 4.0); rests on 'tierra' → 'אֶ֣רֶץ'
106:22	10	el				expands	supplied-article-spa	safe	0.7912	approved	0				article the original does not write, read as one by UDPipe's Spanish-AnCora model (Straka and Straková, ÚFAL, CC BY-NC-SA 4.0); rests on 'mar' → 'יַם'
106:24	3	la				expands	supplied-article-spa	safe	0.752	approved	0				article the original does not write, read as one by UDPipe's Spanish-AnCora model (Straka and Straková, ÚFAL, CC BY-NC-SA 4.0); rests on 'tierra' → 'אֶ֣רֶץ'
106:25	9	la				expands	supplied-article-spa	safe	0.7935	approved	0				article the original does not write, read as one by UDPipe's Spanish-AnCora model (Straka and Straková, ÚFAL, CC BY-NC-SA 4.0); rests on 'voz' → 'קֹ֣ול'
106:28	7	los				expands	supplied-article-spa	safe	0.75	approved	0				article the original does not write, read as one by UDPipe's Spanish-AnCora model (Straka and Straková, ÚFAL, CC BY-NC-SA 4.0); rests on 'sacrificios' → 'זִבְחֵ֥י'
106:32	5	las				expands	supplied-article-spa	safe	0.7937	approved	0				article the original does not write, read as one by UDPipe's Spanish-AnCora model (Straka and Straková, ÚFAL, CC BY-NC-SA 4.0); rests on 'aguas' → 'מֵ֥י'
106:38	3	la				expands	supplied-article-spa	safe	0.7879	approved	0				article the original does not write, read as one by UDPipe's Spanish-AnCora model (Straka and Straková, ÚFAL, CC BY-NC-SA 4.0); rests on 'sangre' → 'דָ֪ם'
106:38	6	la				expands	supplied-article-spa	safe	0.7879	approved	0				article the original does not write, read as one by UDPipe's Spanish-AnCora model (Straka and Straková, ÚFAL, CC BY-NC-SA 4.0); rests on 'sangre' → 'דַּם'
106:41	6	las				expands	supplied-article-spa	safe	0.7949	approved	0				article the original does not write, read as one by UDPipe's Spanish-AnCora model (Straka and Straková, ÚFAL, CC BY-NC-SA 4.0); rests on 'gentes' → 'גֹּויִ֑ם'
107:2	3	los				expands	supplied-article-spa	safe	0.6071	approved	0				article the original does not write, read as one by UDPipe's Spanish-AnCora model (Straka and Straková, ÚFAL, CC BY-NC-SA 4.0); rests on 'redimidos' → 'גְּאוּלֵ֣י'
107:3	6	las				expands	supplied-article-spa	safe	0.6781	approved	0				article the original does not write, read as one by UDPipe's Spanish-AnCora model (Straka and Straková, ÚFAL, CC BY-NC-SA 4.0); rests on 'tierras' → 'אֲרָצֹ֗ות'
107:3	17	la				expands	supplied-article-spa	safe	0.7912	approved	0				article the original does not write, read as one by UDPipe's Spanish-AnCora model (Straka and Straková, ÚFAL, CC BY-NC-SA 4.0); rests on 'mar' → 'יָּֽם'
107:8	2	la				expands	supplied-article-spa	safe	0.6623	approved	0				article the original does not write, read as one by UDPipe's Spanish-AnCora model (Straka and Straková, ÚFAL, CC BY-NC-SA 4.0); rests on 'misericordia' → 'חַסְדֹּ֑ו'
107:8	11	los				expands	supplied-article-spa	safe	0.7923	approved	0				article the original does not write, read as one by UDPipe's Spanish-AnCora model (Straka and Straková, ÚFAL, CC BY-NC-SA 4.0); rests on 'hijos' → 'בְנֵ֥י'
107:11	12	el				expands	supplied-article-spa	safe	0.65	approved	0				article the original does not write, read as one by UDPipe's Spanish-AnCora model (Straka and Straková, ÚFAL, CC BY-NC-SA 4.0); rests on 'consejo' → 'עֲצַ֖ת'
107:14	3	las				expands	supplied-article-spa	safe	0.7325	approved	0				article the original does not write, read as one by UDPipe's Spanish-AnCora model (Straka and Straková, ÚFAL, CC BY-NC-SA 4.0); rests on 'tinieblas' → 'חֹ֣שֶׁךְ'
107:15	2	la				expands	supplied-article-spa	safe	0.6623	approved	0				article the original does not write, read as one by UDPipe's Spanish-AnCora model (Straka and Straková, ÚFAL, CC BY-NC-SA 4.0); rests on 'misericordia' → 'חַסְדֹּ֑ו'
107:15	11	los				expands	supplied-article-spa	safe	0.7923	approved	0				article the original does not write, read as one by UDPipe's Spanish-AnCora model (Straka and Straková, ÚFAL, CC BY-NC-SA 4.0); rests on 'hijos' → 'בְנֵ֥י'
107:16	9	los				expands	supplied-article-spa	safe	0.8	approved	0				article the original does not write, read as one by UDPipe's Spanish-AnCora model (Straka and Straková, ÚFAL, CC BY-NC-SA 4.0); rests on 'cerrojos' → 'בְרִיחֵ֖י'
107:18	12	la				expands	supplied-article-spa	safe	0.647	approved	0				article the original does not write, read as one by UDPipe's Spanish-AnCora model (Straka and Straková, ÚFAL, CC BY-NC-SA 4.0); rests on 'muerte' → 'מָֽוֶת'
107:21	2	la				expands	supplied-article-spa	safe	0.6623	approved	0				article the original does not write, read as one by UDPipe's Spanish-AnCora model (Straka and Straková, ÚFAL, CC BY-NC-SA 4.0); rests on 'misericordia' → 'חַסְדֹּ֑ו'
107:21	11	los				expands	supplied-article-spa	safe	0.7923	approved	0				article the original does not write, read as one by UDPipe's Spanish-AnCora model (Straka and Straková, ÚFAL, CC BY-NC-SA 4.0); rests on 'hijos' → 'בְנֵ֥י'
107:23	13	las				expands	supplied-article-spa	safe	0.7937	approved	0				article the original does not write, read as one by UDPipe's Spanish-AnCora model (Straka and Straková, ÚFAL, CC BY-NC-SA 4.0); rests on 'aguas' → 'מַ֣יִם'
107:25	6	el				expands	supplied-article-spa	safe	0.7942	approved	0				article the original does not write, read as one by UDPipe's Spanish-AnCora model (Straka and Straková, ÚFAL, CC BY-NC-SA 4.0); rests on 'viento' → 'ר֣וּחַ'
107:25	9	la				expands	supplied-article-spa	safe	0.6105	approved	0				article the original does not write, read as one by UDPipe's Spanish-AnCora model (Straka and Straková, ÚFAL, CC BY-NC-SA 4.0); rests on 'tempestad' → 'סְעָרָ֑ה'
107:26	3	los				expands	supplied-article-spa	safe	0.7772	approved	0				article the original does not write, read as one by UDPipe's Spanish-AnCora model (Straka and Straková, ÚFAL, CC BY-NC-SA 4.0); rests on 'cielos' → 'שָׁ֭מַיִם'
107:26	7	los				expands	supplied-article-spa	safe	0.7625	approved	0				article the original does not write, read as one by UDPipe's Spanish-AnCora model (Straka and Straková, ÚFAL, CC BY-NC-SA 4.0); rests on 'abismos' → 'תְהֹומֹ֑ות'
107:26	14	el				expands	supplied-article-spa	safe	0.7513	approved	0				article the original does not write, read as one by UDPipe's Spanish-AnCora model (Straka and Straková, ÚFAL, CC BY-NC-SA 4.0); rests on 'mal' → 'רָעָ֥ה'
107:29	3	la				expands	supplied-article-spa	safe	0.6105	approved	0				article the original does not write, read as one by UDPipe's Spanish-AnCora model (Straka and Straková, ÚFAL, CC BY-NC-SA 4.0); rests on 'tempestad' → 'סְ֭עָרָה'
107:31	2	la				expands	supplied-article-spa	safe	0.6623	approved	0				article the original does not write, read as one by UDPipe's Spanish-AnCora model (Straka and Straková, ÚFAL, CC BY-NC-SA 4.0); rests on 'misericordia' → 'חַסְדֹּ֑ו'
107:31	11	los				expands	supplied-article-spa	safe	0.7923	approved	0				article the original does not write, read as one by UDPipe's Spanish-AnCora model (Straka and Straková, ÚFAL, CC BY-NC-SA 4.0); rests on 'hijos' → 'בְנֵ֥י'
107:33	11	las				expands	supplied-article-spa	safe	0.7937	approved	0				article the original does not write, read as one by UDPipe's Spanish-AnCora model (Straka and Straková, ÚFAL, CC BY-NC-SA 4.0); rests on 'aguas' → 'מַ֝֗יִם'
107:34	1	La				expands	supplied-article-spa	safe	0.752	approved	0				article the original does not write, read as one by UDPipe's Spanish-AnCora model (Straka and Straková, ÚFAL, CC BY-NC-SA 4.0); rests on 'tierra' → 'אֶ֣רֶץ'
107:35	2	el				expands	supplied-article-spa	safe	0.7749	approved	0				article the original does not write, read as one by UDPipe's Spanish-AnCora model (Straka and Straková, ÚFAL, CC BY-NC-SA 4.0); rests on 'desierto' → 'מִ֭דְבָּר'
107:35	9	la				expands	supplied-article-spa	safe	0.752	approved	0				article the original does not write, read as one by UDPipe's Spanish-AnCora model (Straka and Straková, ÚFAL, CC BY-NC-SA 4.0); rests on 'tierra' → 'אֶ֥רֶץ'
107:40	1	El				expands	supplied-article-spa	safe	0.5923	approved	0				article the original does not write, read as one by UDPipe's Spanish-AnCora model (Straka and Straková, ÚFAL, CC BY-NC-SA 4.0); rests on 'derrama' → 'שֹׁפֵ֣ךְ'
107:41	11	las				expands	supplied-article-spa	safe	0.7044	approved	0				article the original does not write, read as one by UDPipe's Spanish-AnCora model (Straka and Straková, ÚFAL, CC BY-NC-SA 4.0); rests on 'familias' → 'מִשְׁפָּחֹֽות'
107:42	2	los				expands	supplied-article-spa	safe	0.7635	approved	0				article the original does not write, read as one by UDPipe's Spanish-AnCora model (Straka and Straková, ÚFAL, CC BY-NC-SA 4.0); rests on 'rectos' → 'יְשָׁרִ֣ים'
108:4	5	los				expands	supplied-article-spa	safe	0.7788	approved	0				article the original does not write, read as one by UDPipe's Spanish-AnCora model (Straka and Straková, ÚFAL, CC BY-NC-SA 4.0); rests on 'cielos' → 'שָׁמַ֣יִם'
108:5	5	los				expands	supplied-article-spa	safe	0.7788	approved	0				article the original does not write, read as one by UDPipe's Spanish-AnCora model (Straka and Straková, ÚFAL, CC BY-NC-SA 4.0); rests on 'cielos' → 'שָׁמַ֣יִם'
108:10	5	la				expands	supplied-article-spa	safe	0.7711	approved	0				article the original does not write, read as one by UDPipe's Spanish-AnCora model (Straka and Straková, ÚFAL, CC BY-NC-SA 4.0); rests on 'ciudad' → 'עִ֣יר'
109:14	13	el				expands	supplied-article-spa	safe	0.5703	approved	0				article the original does not write, read as one by UDPipe's Spanish-AnCora model (Straka and Straková, ÚFAL, CC BY-NC-SA 4.0); rests on 'pecado' → 'חַטַּ֥את'
109:15	10	la				expands	supplied-article-spa	safe	0.752	approved	0				article the original does not write, read as one by UDPipe's Spanish-AnCora model (Straka and Straková, ÚFAL, CC BY-NC-SA 4.0); rests on 'tierra' → 'אֶ֣רֶץ'
109:17	3	la				expands	supplied-article-spa	safe	0.5704	approved	0				article the original does not write, read as one by UDPipe's Spanish-AnCora model (Straka and Straková, ÚFAL, CC BY-NC-SA 4.0); rests on 'maldición' → 'קְ֭לָלָה'
109:17	10	la				expands	supplied-article-spa	safe	0.755	approved	0				article the original does not write, read as one by UDPipe's Spanish-AnCora model (Straka and Straková, ÚFAL, CC BY-NC-SA 4.0); rests on 'bendición' → 'בְרָכָ֗ה'
109:23	3	la				expands	supplied-article-spa	safe	0.6672	approved	0				article the original does not write, read as one by UDPipe's Spanish-AnCora model (Straka and Straková, ÚFAL, CC BY-NC-SA 4.0); rests on 'sombra' → 'צֵל'
109:31	6	la				expands	supplied-article-spa	safe	0.792	approved	0				article the original does not write, read as one by UDPipe's Spanish-AnCora model (Straka and Straková, ÚFAL, CC BY-NC-SA 4.0); rests on 'diestra' → 'ימִ֣ין'
110:2	1	La				expands	supplied-article-spa	safe	0.6388	approved	0				article the original does not write, read as one by UDPipe's Spanish-AnCora model (Straka and Straková, ÚFAL, CC BY-NC-SA 4.0); rests on 'vara' → 'מַטֵּֽה'
110:3	8	el				expands	supplied-article-spa	safe	0.7597	approved	0				article the original does not write, read as one by UDPipe's Spanish-AnCora model (Straka and Straková, ÚFAL, CC BY-NC-SA 4.0); rests on 'día' → 'יֹ֢ום'
110:3	17	la				expands	supplied-article-spa	safe	0.7735	approved	0				article the original does not write, read as one by UDPipe's Spanish-AnCora model (Straka and Straková, ÚFAL, CC BY-NC-SA 4.0); rests on 'santidad' → 'קֹ֖דֶשׁ'
110:3	27	el				expands	supplied-article-spa	safe	0.785	approved	0				article the original does not write, read as one by UDPipe's Spanish-AnCora model (Straka and Straková, ÚFAL, CC BY-NC-SA 4.0); rests on 'rocío' → 'טַ֣ל'
110:5	8	los				expands	supplied-article-spa	safe	0.7839	approved	0				article the original does not write, read as one by UDPipe's Spanish-AnCora model (Straka and Straková, ÚFAL, CC BY-NC-SA 4.0); rests on 'reyes' → 'מְלָכִֽים'
110:5	11	el				expands	supplied-article-spa	safe	0.7597	approved	0				article the original does not write, read as one by UDPipe's Spanish-AnCora model (Straka and Straková, ÚFAL, CC BY-NC-SA 4.0); rests on 'día' → 'יֹום'
110:6	10	las				expands	supplied-article-spa	safe	0.7578	approved	0				article the original does not write, read as one by UDPipe's Spanish-AnCora model (Straka and Straková, ÚFAL, CC BY-NC-SA 4.0); rests on 'cabezas' → 'רֹ֝֗אשׁ'
111:1	15	los				expands	supplied-article-spa	safe	0.7635	approved	0				article the original does not write, read as one by UDPipe's Spanish-AnCora model (Straka and Straková, ÚFAL, CC BY-NC-SA 4.0); rests on 'rectos' → 'יְשָׁרִ֣ים'
111:6	11	la				expands	supplied-article-spa	safe	0.6224	approved	0				article the original does not write, read as one by UDPipe's Spanish-AnCora model (Straka and Straková, ÚFAL, CC BY-NC-SA 4.0); rests on 'heredad' → 'נַחֲלַ֥ת'
111:6	14	las				expands	supplied-article-spa	safe	0.7949	approved	0				article the original does not write, read as one by UDPipe's Spanish-AnCora model (Straka and Straková, ÚFAL, CC BY-NC-SA 4.0); rests on 'gentes' → 'גֹּויִֽם'
111:10	4	la				expands	supplied-article-spa	safe	0.6829	approved	0				article the original does not write, read as one by UDPipe's Spanish-AnCora model (Straka and Straková, ÚFAL, CC BY-NC-SA 4.0); rests on 'sabiduría' → 'חָכְמָ֨ה'
112:2	8	la				expands	supplied-article-spa	safe	0.7287	approved	0				article the original does not write, read as one by UDPipe's Spanish-AnCora model (Straka and Straková, ÚFAL, CC BY-NC-SA 4.0); rests on 'generación' → 'דֹּ֭ור'
112:2	11	los				expands	supplied-article-spa	safe	0.7625	approved	0				article the original does not write, read as one by UDPipe's Spanish-AnCora model (Straka and Straková, ÚFAL, CC BY-NC-SA 4.0); rests on 'rectos' → 'יְשָׁרִ֣ים'
112:6	12	el				expands	supplied-article-spa	safe	0.7467	approved	0				article the original does not write, read as one by UDPipe's Spanish-AnCora model (Straka and Straková, ÚFAL, CC BY-NC-SA 4.0); rests on 'justo' → 'צַדִּֽיק'
112:10	2	el				expands	supplied-article-spa	safe	0.7571	approved	0				article the original does not write, read as one by UDPipe's Spanish-AnCora model (Straka and Straková, ÚFAL, CC BY-NC-SA 4.0); rests on 'impío' → 'רָ֘שָׁ֤ע'
112:10	8	los				expands	supplied-article-spa	safe	0.7827	approved	0				article the original does not write, read as one by UDPipe's Spanish-AnCora model (Straka and Straková, ÚFAL, CC BY-NC-SA 4.0); rests on 'dientes' → 'שִׁנָּ֣יו'
112:10	17	los				expands	supplied-article-spa	safe	0.7918	approved	0				article the original does not write, read as one by UDPipe's Spanish-AnCora model (Straka and Straková, ÚFAL, CC BY-NC-SA 4.0); rests on 'impíos' → 'רְשָׁעִ֣ים'
113:1	7	el				expands	supplied-article-spa	safe	0.7863	approved	0				article the original does not write, read as one by UDPipe's Spanish-AnCora model (Straka and Straková, ÚFAL, CC BY-NC-SA 4.0); rests on 'nombre' → 'שֵׁ֥ם'
113:2	2	el				expands	supplied-article-spa	safe	0.7863	approved	0				article the original does not write, read as one by UDPipe's Spanish-AnCora model (Straka and Straková, ÚFAL, CC BY-NC-SA 4.0); rests on 'nombre' → 'שֵׁ֣ם'
113:3	2	el				expands	supplied-article-spa	safe	0.6031	approved	0				article the original does not write, read as one by UDPipe's Spanish-AnCora model (Straka and Straková, ÚFAL, CC BY-NC-SA 4.0); rests on 'nacimiento' → 'מִּזְרַח'
113:3	12	el				expands	supplied-article-spa	safe	0.7863	approved	0				article the original does not write, read as one by UDPipe's Spanish-AnCora model (Straka and Straková, ÚFAL, CC BY-NC-SA 4.0); rests on 'nombre' → 'שֵׁ֣ם'
113:4	4	las				expands	supplied-article-spa	safe	0.6333	approved	0				article the original does not write, read as one by UDPipe's Spanish-AnCora model (Straka and Straková, ÚFAL, CC BY-NC-SA 4.0); rests on 'naciones' → 'גֹּויִ֥ם'
113:9	7	la				expands	supplied-article-spa	safe	0.6615	approved	0				article the original does not write, read as one by UDPipe's Spanish-AnCora model (Straka and Straková, ÚFAL, CC BY-NC-SA 4.0); rests on 'estéril' → 'עֲקֶ֬רֶת'
114:1	6	la				expands	supplied-article-spa	safe	0.7913	approved	0				article the original does not write, read as one by UDPipe's Spanish-AnCora model (Straka and Straková, ÚFAL, CC BY-NC-SA 4.0); rests on 'casa' → 'בֵּ֥ית'
114:4	6	los				expands	supplied-article-spa	safe	0.7645	approved	0				article the original does not write, read as one by UDPipe's Spanish-AnCora model (Straka and Straková, ÚFAL, CC BY-NC-SA 4.0); rests on 'collados' → 'גְּ֝בָעֹ֗ות'
114:7	2	la				expands	supplied-article-spa	safe	0.6806	approved	0				article the original does not write, read as one by UDPipe's Spanish-AnCora model (Straka and Straková, ÚFAL, CC BY-NC-SA 4.0); rests on 'presencia' → 'פְנֵ֣י'
114:7	7	la				expands	supplied-article-spa	safe	0.752	approved	0				article the original does not write, read as one by UDPipe's Spanish-AnCora model (Straka and Straková, ÚFAL, CC BY-NC-SA 4.0); rests on 'tierra' → 'אָ֑רֶץ'
114:7	10	la				expands	supplied-article-spa	safe	0.6806	approved	0				article the original does not write, read as one by UDPipe's Spanish-AnCora model (Straka and Straková, ÚFAL, CC BY-NC-SA 4.0); rests on 'presencia' → 'פְנֵ֗י'
115:12	10	la				expands	supplied-article-spa	safe	0.7913	approved	0				article the original does not write, read as one by UDPipe's Spanish-AnCora model (Straka and Straková, ÚFAL, CC BY-NC-SA 4.0); rests on 'casa' → 'בֵּ֣ית'
115:12	16	la				expands	supplied-article-spa	safe	0.7913	approved	0				article the original does not write, read as one by UDPipe's Spanish-AnCora model (Straka and Straková, ÚFAL, CC BY-NC-SA 4.0); rests on 'casa' → 'בֵּ֥ית'
115:15	7	los				expands	supplied-article-spa	safe	0.777	approved	0				article the original does not write, read as one by UDPipe's Spanish-AnCora model (Straka and Straková, ÚFAL, CC BY-NC-SA 4.0); rests on 'cielos' → 'שָׁמַ֥יִם'
115:15	10	la				expands	supplied-article-spa	safe	0.752	approved	0				article the original does not write, read as one by UDPipe's Spanish-AnCora model (Straka and Straková, ÚFAL, CC BY-NC-SA 4.0); rests on 'tierra' → 'אָֽרֶץ'
115:16	4	los				expands	supplied-article-spa	safe	0.777	approved	0				article the original does not write, read as one by UDPipe's Spanish-AnCora model (Straka and Straková, ÚFAL, CC BY-NC-SA 4.0); rests on 'cielos' → 'שָׁ֭מַיִם'
115:16	14	los				expands	supplied-article-spa	safe	0.7923	approved	0				article the original does not write, read as one by UDPipe's Spanish-AnCora model (Straka and Straková, ÚFAL, CC BY-NC-SA 4.0); rests on 'hijos' → 'בְנֵי'
116:3	5	la				expands	supplied-article-spa	safe	0.641	approved	0				article the original does not write, read as one by UDPipe's Spanish-AnCora model (Straka and Straková, ÚFAL, CC BY-NC-SA 4.0); rests on 'muerte' → 'מָ֗וֶת'
116:3	9	las				expands	supplied-article-spa	safe	0.6412	approved	0				article the original does not write, read as one by UDPipe's Spanish-AnCora model (Straka and Straková, ÚFAL, CC BY-NC-SA 4.0); rests on 'angustias' → 'צָרָ֖ה'
116:4	3	el				expands	supplied-article-spa	safe	0.7863	approved	0				article the original does not write, read as one by UDPipe's Spanish-AnCora model (Straka and Straková, ÚFAL, CC BY-NC-SA 4.0); rests on 'nombre' → 'שֵֽׁם'
116:8	8	la				expands	supplied-article-spa	safe	0.641	approved	0				article the original does not write, read as one by UDPipe's Spanish-AnCora model (Straka and Straková, ÚFAL, CC BY-NC-SA 4.0); rests on 'muerte' → 'מָּ֥וֶת'
116:13	9	el				expands	supplied-article-spa	safe	0.7863	approved	0				article the original does not write, read as one by UDPipe's Spanish-AnCora model (Straka and Straková, ÚFAL, CC BY-NC-SA 4.0); rests on 'nombre' → 'שֵׁ֖ם'
116:15	4	los				expands	supplied-article-spa	safe	0.7877	approved	0				article the original does not write, read as one by UDPipe's Spanish-AnCora model (Straka and Straková, ÚFAL, CC BY-NC-SA 4.0); rests on 'ojos' → 'עֵינֵ֣י'
116:17	8	el				expands	supplied-article-spa	safe	0.7863	approved	0				article the original does not write, read as one by UDPipe's Spanish-AnCora model (Straka and Straková, ÚFAL, CC BY-NC-SA 4.0); rests on 'nombre' → 'שֵׁ֖ם'
116:19	2	los				expands	supplied-article-spa	safe	0.8	approved	0				article the original does not write, read as one by UDPipe's Spanish-AnCora model (Straka and Straková, ÚFAL, CC BY-NC-SA 4.0); rests on 'atrios' → 'חַצְרֹ֤ות'
116:19	5	la				expands	supplied-article-spa	safe	0.7913	approved	0				article the original does not write, read as one by UDPipe's Spanish-AnCora model (Straka and Straková, ÚFAL, CC BY-NC-SA 4.0); rests on 'casa' → 'בֵּ֤ית'
118:3	3	la				expands	supplied-article-spa	safe	0.7913	approved	0				article the original does not write, read as one by UDPipe's Spanish-AnCora model (Straka and Straková, ÚFAL, CC BY-NC-SA 4.0); rests on 'casa' → 'בֵֽית'
118:10	2	las				expands	supplied-article-spa	safe	0.7949	approved	0				article the original does not write, read as one by UDPipe's Spanish-AnCora model (Straka and Straková, ÚFAL, CC BY-NC-SA 4.0); rests on 'gentes' → 'גֹּויִ֥ם'
118:15	9	las				expands	supplied-article-spa	safe	0.7173	approved	0				article the original does not write, read as one by UDPipe's Spanish-AnCora model (Straka and Straková, ÚFAL, CC BY-NC-SA 4.0); rests on 'tiendas' → 'אָהֳלֵ֥י'
118:15	12	los				expands	supplied-article-spa	safe	0.7847	approved	0				article the original does not write, read as one by UDPipe's Spanish-AnCora model (Straka and Straková, ÚFAL, CC BY-NC-SA 4.0); rests on 'justos' → 'צַדִּיקִ֑ים'
118:15	14	la				expands	supplied-article-spa	safe	0.7836	approved	0				article the original does not write, read as one by UDPipe's Spanish-AnCora model (Straka and Straková, ÚFAL, CC BY-NC-SA 4.0); rests on 'diestra' → 'יְמִ֥ין'
118:16	1	La				expands	supplied-article-spa	safe	0.7836	approved	0				article the original does not write, read as one by UDPipe's Spanish-AnCora model (Straka and Straková, ÚFAL, CC BY-NC-SA 4.0); rests on 'diestra' → 'יְמִ֣ין'
118:16	6	la				expands	supplied-article-spa	safe	0.7836	approved	0				article the original does not write, read as one by UDPipe's Spanish-AnCora model (Straka and Straková, ÚFAL, CC BY-NC-SA 4.0); rests on 'diestra' → 'יְמִ֥ין'
118:20	8	los				expands	supplied-article-spa	safe	0.7847	approved	0				article the original does not write, read as one by UDPipe's Spanish-AnCora model (Straka and Straková, ÚFAL, CC BY-NC-SA 4.0); rests on 'justos' → 'צַ֝דִּיקִ֗ים'
118:22	1	La				expands	supplied-article-spa	safe	0.739	approved	0				article the original does not write, read as one by UDPipe's Spanish-AnCora model (Straka and Straková, ÚFAL, CC BY-NC-SA 4.0); rests on 'piedra' → 'אֶ֭בֶן'
118:26	10	la				expands	supplied-article-spa	safe	0.7913	approved	0				article the original does not write, read as one by UDPipe's Spanish-AnCora model (Straka and Straková, ÚFAL, CC BY-NC-SA 4.0); rests on 'casa' → 'בֵּ֥ית'
118:27	13	los				expands	supplied-article-spa	safe	0.7232	approved	0				article the original does not write, read as one by UDPipe's Spanish-AnCora model (Straka and Straková, ÚFAL, CC BY-NC-SA 4.0); rests on 'cuernos' → 'קַ֝רְנֹ֗ות'
119:1	3	los				expands	supplied-article-spa	safe	0.6071	approved	0				article the original does not write, read as one by UDPipe's Spanish-AnCora model (Straka and Straková, ÚFAL, CC BY-NC-SA 4.0); rests on 'perfectos' → 'תְמִֽימֵי'
119:1	11	la				expands	supplied-article-spa	safe	0.7338	approved	0				article the original does not write, read as one by UDPipe's Spanish-AnCora model (Straka and Straková, ÚFAL, CC BY-NC-SA 4.0); rests on 'ley' → 'תֹורַ֥ת'
119:2	10	el				expands	supplied-article-spa	safe	0.6458	approved	0				article the original does not write, read as one by UDPipe's Spanish-AnCora model (Straka and Straková, ÚFAL, CC BY-NC-SA 4.0); rests on 'corazón' → 'לֵ֥ב'
119:9	5	el				expands	supplied-article-spa	safe	0.7053	approved	0				article the original does not write, read as one by UDPipe's Spanish-AnCora model (Straka and Straková, ÚFAL, CC BY-NC-SA 4.0); rests on 'joven' → 'נַּ֭עַר'
119:14	4	el				expands	supplied-article-spa	safe	0.7545	approved	0				article the original does not write, read as one by UDPipe's Spanish-AnCora model (Straka and Straková, ÚFAL, CC BY-NC-SA 4.0); rests on 'camino' → 'דֶ֖רֶךְ'
119:18	6	las				expands	supplied-article-spa	safe	0.65	approved	0				article the original does not write, read as one by UDPipe's Spanish-AnCora model (Straka and Straková, ÚFAL, CC BY-NC-SA 4.0); rests on 'maravillas' → 'נִ֝פְלָאֹ֗ות'
119:27	3	el				expands	supplied-article-spa	safe	0.7545	approved	0				article the original does not write, read as one by UDPipe's Spanish-AnCora model (Straka and Straková, ÚFAL, CC BY-NC-SA 4.0); rests on 'camino' → 'דֶּֽרֶךְ'
119:30	2	el				expands	supplied-article-spa	safe	0.7545	approved	0				article the original does not write, read as one by UDPipe's Spanish-AnCora model (Straka and Straková, ÚFAL, CC BY-NC-SA 4.0); rests on 'camino' → 'דֶּֽרֶךְ'
119:32	2	el				expands	supplied-article-spa	safe	0.7545	approved	0				article the original does not write, read as one by UDPipe's Spanish-AnCora model (Straka and Straková, ÚFAL, CC BY-NC-SA 4.0); rests on 'camino' → 'דֶּֽרֶךְ'
119:33	5	el				expands	supplied-article-spa	safe	0.7545	approved	0				article the original does not write, read as one by UDPipe's Spanish-AnCora model (Straka and Straková, ÚFAL, CC BY-NC-SA 4.0); rests on 'camino' → 'דֶּ֥רֶךְ'
119:36	10	la				expands	supplied-article-spa	safe	0.7437	approved	0				article the original does not write, read as one by UDPipe's Spanish-AnCora model (Straka and Straková, ÚFAL, CC BY-NC-SA 4.0); rests on 'avaricia' → 'בָּֽצַע'
119:39	4	el				expands	supplied-article-spa	safe	0.7318	approved	0				article the original does not write, read as one by UDPipe's Spanish-AnCora model (Straka and Straková, ÚFAL, CC BY-NC-SA 4.0); rests on 'oprobio' → 'חֶ֭רְפָּתִי'
119:43	10	la				expands	supplied-article-spa	safe	0.7566	approved	0				article the original does not write, read as one by UDPipe's Spanish-AnCora model (Straka and Straková, ÚFAL, CC BY-NC-SA 4.0); rests on 'palabra' → 'דְבַר'
119:46	8	los				expands	supplied-article-spa	safe	0.7839	approved	0				article the original does not write, read as one by UDPipe's Spanish-AnCora model (Straka and Straková, ÚFAL, CC BY-NC-SA 4.0); rests on 'reyes' → 'מְלָכִ֗ים'
119:49	4	la				expands	supplied-article-spa	safe	0.7566	approved	0				article the original does not write, read as one by UDPipe's Spanish-AnCora model (Straka and Straková, ÚFAL, CC BY-NC-SA 4.0); rests on 'palabra' → 'דָּבָ֥ר'
119:53	9	los				expands	supplied-article-spa	safe	0.7915	approved	0				article the original does not write, read as one by UDPipe's Spanish-AnCora model (Straka and Straková, ÚFAL, CC BY-NC-SA 4.0); rests on 'impíos' → 'רְשָׁעִ֑ים'
119:70	2	el				expands	supplied-article-spa	safe	0.6458	approved	0				article the original does not write, read as one by UDPipe's Spanish-AnCora model (Straka and Straková, ÚFAL, CC BY-NC-SA 4.0); rests on 'corazón' → 'לִבָּ֑ם'
119:72	4	la				expands	supplied-article-spa	safe	0.7338	approved	0				article the original does not write, read as one by UDPipe's Spanish-AnCora model (Straka and Straková, ÚFAL, CC BY-NC-SA 4.0); rests on 'ley' → 'תֹֽורַת'
119:84	3	los				expands	supplied-article-spa	safe	0.7849	approved	0				article the original does not write, read as one by UDPipe's Spanish-AnCora model (Straka and Straková, ÚFAL, CC BY-NC-SA 4.0); rests on 'días' → 'יְמֵֽי'
119:90	10	la				expands	supplied-article-spa	safe	0.7519	approved	0				article the original does not write, read as one by UDPipe's Spanish-AnCora model (Straka and Straková, ÚFAL, CC BY-NC-SA 4.0); rests on 'tierra' → 'אֶ֝֗רֶץ'
119:95	1	Los				expands	supplied-article-spa	safe	0.7915	approved	0				article the original does not write, read as one by UDPipe's Spanish-AnCora model (Straka and Straková, ÚFAL, CC BY-NC-SA 4.0); rests on 'impíos' → 'רְשָׁעִ֣ים'
119:100	3	los				expands	supplied-article-spa	safe	0.6239	approved	0				article the original does not write, read as one by UDPipe's Spanish-AnCora model (Straka and Straková, ÚFAL, CC BY-NC-SA 4.0); rests on 'viejos' → 'זְּקֵנִ֥ים'
119:103	11	la				expands	supplied-article-spa	safe	0.7833	approved	0				article the original does not write, read as one by UDPipe's Spanish-AnCora model (Straka and Straková, ÚFAL, CC BY-NC-SA 4.0); rests on 'miel' → 'דְּבַ֥שׁ'
119:110	3	los				expands	supplied-article-spa	safe	0.7915	approved	0				article the original does not write, read as one by UDPipe's Spanish-AnCora model (Straka and Straková, ÚFAL, CC BY-NC-SA 4.0); rests on 'impíos' → 'רְשָׁעִ֣ים'
119:115	8	los				expands	supplied-article-spa	safe	0.769	approved	0				article the original does not write, read as one by UDPipe's Spanish-AnCora model (Straka and Straková, ÚFAL, CC BY-NC-SA 4.0); rests on 'mandamientos' → 'מִצְוֹ֥ת'
119:119	7	los				expands	supplied-article-spa	safe	0.7915	approved	0				article the original does not write, read as one by UDPipe's Spanish-AnCora model (Straka and Straková, ÚFAL, CC BY-NC-SA 4.0); rests on 'impíos' → 'רִשְׁעֵי'
119:119	10	la				expands	supplied-article-spa	safe	0.7519	approved	0				article the original does not write, read as one by UDPipe's Spanish-AnCora model (Straka and Straková, ÚFAL, CC BY-NC-SA 4.0); rests on 'tierra' → 'אָ֑רֶץ'
119:127	9	el				expands	supplied-article-spa	safe	0.7683	approved	0				article the original does not write, read as one by UDPipe's Spanish-AnCora model (Straka and Straková, ÚFAL, CC BY-NC-SA 4.0); rests on 'oro' → 'זָּהָ֥ב'
119:130	10	los				expands	supplied-article-spa	safe	0.8	approved	0				article the original does not write, read as one by UDPipe's Spanish-AnCora model (Straka and Straková, ÚFAL, CC BY-NC-SA 4.0); rests on 'simples' → 'פְּתָיִֽים'
119:142	9	la				expands	supplied-article-spa	safe	0.5882	approved	0				article the original does not write, read as one by UDPipe's Spanish-AnCora model (Straka and Straková, ÚFAL, CC BY-NC-SA 4.0); rests on 'verdad' → 'אֱמֶֽת'
119:155	4	los				expands	supplied-article-spa	safe	0.7915	approved	0				article the original does not write, read as one by UDPipe's Spanish-AnCora model (Straka and Straková, ÚFAL, CC BY-NC-SA 4.0); rests on 'impíos' → 'רְשָׁעִ֣ים'
119:158	3	los				expands	supplied-article-spa	safe	0.6313	approved	0				article the original does not write, read as one by UDPipe's Spanish-AnCora model (Straka and Straková, ÚFAL, CC BY-NC-SA 4.0); rests on 'prevaricadores' → 'בֹ֭גְדִים'
119:163	1	La				expands	supplied-article-spa	safe	0.6403	approved	0				article the original does not write, read as one by UDPipe's Spanish-AnCora model (Straka and Straková, ÚFAL, CC BY-NC-SA 4.0); rests on 'mentira' → 'שֶׁ֣קֶר'
120:2	10	la				expands	supplied-article-spa	safe	0.7779	approved	0				article the original does not write, read as one by UDPipe's Spanish-AnCora model (Straka and Straková, ÚFAL, CC BY-NC-SA 4.0); rests on 'lengua' → 'לָּשֹׁ֥ון'
120:5	11	las				expands	supplied-article-spa	safe	0.7173	approved	0				article the original does not write, read as one by UDPipe's Spanish-AnCora model (Straka and Straková, ÚFAL, CC BY-NC-SA 4.0); rests on 'tiendas' → 'אָהֳלֵ֥י'
120:6	10	la				expands	supplied-article-spa	safe	0.7485	approved	0				article the original does not write, read as one by UDPipe's Spanish-AnCora model (Straka and Straková, ÚFAL, CC BY-NC-SA 4.0); rests on 'paz' → 'שָׁלֹֽום'
121:2	8	los				expands	supplied-article-spa	safe	0.7772	approved	0				article the original does not write, read as one by UDPipe's Spanish-AnCora model (Straka and Straková, ÚFAL, CC BY-NC-SA 4.0); rests on 'cielos' → 'שָׁמַ֥יִם'
121:2	11	la				expands	supplied-article-spa	safe	0.752	approved	0				article the original does not write, read as one by UDPipe's Spanish-AnCora model (Straka and Straková, ÚFAL, CC BY-NC-SA 4.0); rests on 'tierra' → 'אָֽרֶץ'
121:6	9	la				expands	supplied-article-spa	safe	0.6909	approved	0				article the original does not write, read as one by UDPipe's Spanish-AnCora model (Straka and Straková, ÚFAL, CC BY-NC-SA 4.0); rests on 'luna' → 'יָרֵ֥חַ'
122:1	14	la				expands	supplied-article-spa	safe	0.7913	approved	0				article the original does not write, read as one by UDPipe's Spanish-AnCora model (Straka and Straková, ÚFAL, CC BY-NC-SA 4.0); rests on 'casa' → 'בֵּ֖ית'
122:3	7	una				expands	supplied-indefinite-article-spa	safe	0.7711	approved	0				indefinite article, read as one by UDPipe's Spanish-AnCora model (Straka and Straková, ÚFAL, CC BY-NC-SA 4.0); rests on 'ciudad' → 'עִ֗יר'
122:4	4	las				expands	supplied-article-spa	safe	0.7074	approved	0				article the original does not write, read as one by UDPipe's Spanish-AnCora model (Straka and Straková, ÚFAL, CC BY-NC-SA 4.0); rests on 'tribus' → 'שְׁבָטִ֡ים'
122:4	6	las				expands	supplied-article-spa	safe	0.7074	approved	0				article the original does not write, read as one by UDPipe's Spanish-AnCora model (Straka and Straková, ÚFAL, CC BY-NC-SA 4.0); rests on 'tribus' → 'שִׁבְטֵי'
122:4	18	el				expands	supplied-article-spa	safe	0.7864	approved	0				article the original does not write, read as one by UDPipe's Spanish-AnCora model (Straka and Straková, ÚFAL, CC BY-NC-SA 4.0); rests on 'nombre' → 'שֵׁ֣ם'
122:5	11	la				expands	supplied-article-spa	safe	0.7913	approved	0				article the original does not write, read as one by UDPipe's Spanish-AnCora model (Straka and Straková, ÚFAL, CC BY-NC-SA 4.0); rests on 'casa' → 'בֵ֣ית'
122:6	2	la				expands	supplied-article-spa	safe	0.748	approved	0				article the original does not write, read as one by UDPipe's Spanish-AnCora model (Straka and Straková, ÚFAL, CC BY-NC-SA 4.0); rests on 'paz' → 'שְׁלֹ֣ום'
122:9	4	la				expands	supplied-article-spa	safe	0.7913	approved	0				article the original does not write, read as one by UDPipe's Spanish-AnCora model (Straka and Straková, ÚFAL, CC BY-NC-SA 4.0); rests on 'casa' → 'בֵּית'
123:2	4	los				expands	supplied-article-spa	safe	0.7877	approved	0				article the original does not write, read as one by UDPipe's Spanish-AnCora model (Straka and Straková, ÚFAL, CC BY-NC-SA 4.0); rests on 'ojos' → 'עֵינֵ֪י'
123:2	7	los				expands	supplied-article-spa	safe	0.7848	approved	0				article the original does not write, read as one by UDPipe's Spanish-AnCora model (Straka and Straková, ÚFAL, CC BY-NC-SA 4.0); rests on 'siervos' → 'עֲבָדִ֡ים'
123:2	11	la				expands	supplied-article-spa	safe	0.7634	approved	0				article the original does not write, read as one by UDPipe's Spanish-AnCora model (Straka and Straková, ÚFAL, CC BY-NC-SA 4.0); rests on 'mano' → 'יַ֤ד'
123:2	18	los				expands	supplied-article-spa	safe	0.7877	approved	0				article the original does not write, read as one by UDPipe's Spanish-AnCora model (Straka and Straková, ÚFAL, CC BY-NC-SA 4.0); rests on 'ojos' → 'עֵינֵ֣י'
123:2	24	la				expands	supplied-article-spa	safe	0.7634	approved	0				article the original does not write, read as one by UDPipe's Spanish-AnCora model (Straka and Straková, ÚFAL, CC BY-NC-SA 4.0); rests on 'mano' → 'יַ֢ד'
124:4	12	el				expands	supplied-article-spa	safe	0.8	approved	0				article the original does not write, read as one by UDPipe's Spanish-AnCora model (Straka and Straková, ÚFAL, CC BY-NC-SA 4.0); rests on 'torrente' → 'נַ֝֗חְלָה'
124:8	5	el				expands	supplied-article-spa	safe	0.7864	approved	0				article the original does not write, read as one by UDPipe's Spanish-AnCora model (Straka and Straková, ÚFAL, CC BY-NC-SA 4.0); rests on 'nombre' → 'שֵׁ֣ם'
124:8	11	el				expands	supplied-article-spa	safe	0.7864	approved	0				article the original does not write, read as one by UDPipe's Spanish-AnCora model (Straka and Straková, ÚFAL, CC BY-NC-SA 4.0); rests on 'cielo' → 'שָׁמַ֥יִם'
124:8	14	la				expands	supplied-article-spa	safe	0.752	approved	0				article the original does not write, read as one by UDPipe's Spanish-AnCora model (Straka and Straková, ÚFAL, CC BY-NC-SA 4.0); rests on 'tierra' → 'אָֽרֶץ'
125:1	10	el				expands	supplied-article-spa	safe	0.7697	approved	0				article the original does not write, read as one by UDPipe's Spanish-AnCora model (Straka and Straková, ÚFAL, CC BY-NC-SA 4.0); rests on 'monte' → 'הַר'
125:3	18	los				expands	supplied-article-spa	safe	0.7141	approved	0				article the original does not write, read as one by UDPipe's Spanish-AnCora model (Straka and Straková, ÚFAL, CC BY-NC-SA 4.0); rests on 'manos' → 'יְדֵיהֶֽם'
127:1	9	la				expands	supplied-article-spa	safe	0.7913	approved	0				article the original does not write, read as one by UDPipe's Spanish-AnCora model (Straka and Straková, ÚFAL, CC BY-NC-SA 4.0); rests on 'casa' → 'בַ֗יִת'
127:1	22	la				expands	supplied-article-spa	safe	0.7711	approved	0				article the original does not write, read as one by UDPipe's Spanish-AnCora model (Straka and Straková, ÚFAL, CC BY-NC-SA 4.0); rests on 'ciudad' → 'עִ֝֗יר'
127:1	27	la				expands	supplied-article-spa	safe	0.6342	approved	0				article the original does not write, read as one by UDPipe's Spanish-AnCora model (Straka and Straková, ÚFAL, CC BY-NC-SA 4.0); rests on 'guarda' → 'שֹׁומֵֽר'
127:2	14	el				expands	supplied-article-spa	safe	0.7683	approved	0				article the original does not write, read as one by UDPipe's Spanish-AnCora model (Straka and Straková, ÚFAL, CC BY-NC-SA 4.0); rests on 'pan' → 'לֶ֣חֶם'
127:3	7	los				expands	supplied-article-spa	safe	0.7923	approved	0				article the original does not write, read as one by UDPipe's Spanish-AnCora model (Straka and Straková, ÚFAL, CC BY-NC-SA 4.0); rests on 'hijos' → 'בָּנִ֑ים'
127:3	12	el				expands	supplied-article-spa	safe	0.6945	approved	0				article the original does not write, read as one by UDPipe's Spanish-AnCora model (Straka and Straková, ÚFAL, CC BY-NC-SA 4.0); rests on 'fruto' → 'פְּרִ֣י'
127:4	9	los				expands	supplied-article-spa	safe	0.7923	approved	0				article the original does not write, read as one by UDPipe's Spanish-AnCora model (Straka and Straková, ÚFAL, CC BY-NC-SA 4.0); rests on 'hijos' → 'בְּנֵ֣י'
127:5	16	los				expands	supplied-article-spa	safe	0.6643	approved	0				article the original does not write, read as one by UDPipe's Spanish-AnCora model (Straka and Straková, ÚFAL, CC BY-NC-SA 4.0); rests on 'enemigos' → 'אֹויְבִ֣ים'
128:5	12	los				expands	supplied-article-spa	safe	0.7849	approved	0				article the original does not write, read as one by UDPipe's Spanish-AnCora model (Straka and Straková, ÚFAL, CC BY-NC-SA 4.0); rests on 'días' → 'יְמֵ֣י'
128:6	3	los				expands	supplied-article-spa	safe	0.7923	approved	0				article the original does not write, read as one by UDPipe's Spanish-AnCora model (Straka and Straková, ÚFAL, CC BY-NC-SA 4.0); rests on 'hijos' → 'בָנִ֥ים'
128:6	9	la				expands	supplied-article-spa	safe	0.7485	approved	0				article the original does not write, read as one by UDPipe's Spanish-AnCora model (Straka and Straková, ÚFAL, CC BY-NC-SA 4.0); rests on 'paz' → 'שָׁ֝לֹ֗ום'
129:4	8	los				expands	supplied-article-spa	safe	0.7918	approved	0				article the original does not write, read as one by UDPipe's Spanish-AnCora model (Straka and Straková, ÚFAL, CC BY-NC-SA 4.0); rests on 'impíos' → 'רְשָׁעִֽים'
129:8	15	el				expands	supplied-article-spa	safe	0.7864	approved	0				article the original does not write, read as one by UDPipe's Spanish-AnCora model (Straka and Straková, ÚFAL, CC BY-NC-SA 4.0); rests on 'nombre' → 'שֵׁ֣ם'
130:2	10	la				expands	supplied-article-spa	safe	0.7935	approved	0				article the original does not write, read as one by UDPipe's Spanish-AnCora model (Straka and Straková, ÚFAL, CC BY-NC-SA 4.0); rests on 'voz' → 'קֹ֗ול'
132:8	9	el				expands	supplied-article-spa	safe	0.748	approved	0				article the original does not write, read as one by UDPipe's Spanish-AnCora model (Straka and Straková, ÚFAL, CC BY-NC-SA 4.0); rests on 'arca' → 'אֲרֹ֥ון'
132:10	12	el				expands	supplied-article-spa	safe	0.7552	approved	0				article the original does not write, read as one by UDPipe's Spanish-AnCora model (Straka and Straková, ÚFAL, CC BY-NC-SA 4.0); rests on 'rostro' → 'פְּנֵ֣י'
132:17	4	el				expands	supplied-article-spa	safe	0.6615	approved	0				article the original does not write, read as one by UDPipe's Spanish-AnCora model (Straka and Straková, ÚFAL, CC BY-NC-SA 4.0); rests on 'cuerno' → 'קֶ֣רֶן'
133:1	13	los				expands	supplied-article-spa	safe	0.7959	approved	0				article the original does not write, read as one by UDPipe's Spanish-AnCora model (Straka and Straková, ÚFAL, CC BY-NC-SA 4.0); rests on 'hermanos' → 'אַחִ֣ים'
133:2	15	la				expands	supplied-article-spa	safe	0.7735	approved	0				article the original does not write, read as one by UDPipe's Spanish-AnCora model (Straka and Straková, ÚFAL, CC BY-NC-SA 4.0); rests on 'barba' → 'זְקַֽן'
133:3	2	el				expands	supplied-article-spa	safe	0.785	approved	0				article the original does not write, read as one by UDPipe's Spanish-AnCora model (Straka and Straková, ÚFAL, CC BY-NC-SA 4.0); rests on 'rocío' → 'טַל'
134:1	9	los				expands	supplied-article-spa	safe	0.7848	approved	0				article the original does not write, read as one by UDPipe's Spanish-AnCora model (Straka and Straková, ÚFAL, CC BY-NC-SA 4.0); rests on 'siervos' → 'עַבְדֵ֣י'
134:1	16	la				expands	supplied-article-spa	safe	0.7913	approved	0				article the original does not write, read as one by UDPipe's Spanish-AnCora model (Straka and Straková, ÚFAL, CC BY-NC-SA 4.0); rests on 'casa' → 'בֵית'
134:3	9	los				expands	supplied-article-spa	safe	0.7772	approved	0				article the original does not write, read as one by UDPipe's Spanish-AnCora model (Straka and Straková, ÚFAL, CC BY-NC-SA 4.0); rests on 'cielos' → 'שָׁמַ֥יִם'
134:3	12	la				expands	supplied-article-spa	safe	0.752	approved	0				article the original does not write, read as one by UDPipe's Spanish-AnCora model (Straka and Straková, ÚFAL, CC BY-NC-SA 4.0); rests on 'tierra' → 'אָֽרֶץ'
135:1	3	el				expands	supplied-article-spa	safe	0.7863	approved	0				article the original does not write, read as one by UDPipe's Spanish-AnCora model (Straka and Straková, ÚFAL, CC BY-NC-SA 4.0); rests on 'nombre' → 'שֵׁ֣ם'
135:2	5	la				expands	supplied-article-spa	safe	0.7913	approved	0				article the original does not write, read as one by UDPipe's Spanish-AnCora model (Straka and Straková, ÚFAL, CC BY-NC-SA 4.0); rests on 'casa' → 'בֵ֣ית'
135:2	10	los				expands	supplied-article-spa	safe	0.8	approved	0				article the original does not write, read as one by UDPipe's Spanish-AnCora model (Straka and Straková, ÚFAL, CC BY-NC-SA 4.0); rests on 'atrios' → 'חַצְרֹ֗ות'
135:2	13	la				expands	supplied-article-spa	safe	0.7913	approved	0				article the original does not write, read as one by UDPipe's Spanish-AnCora model (Straka and Straková, ÚFAL, CC BY-NC-SA 4.0); rests on 'casa' → 'בֵּ֣ית'
135:5	15	los				expands	supplied-article-spa	safe	0.7853	approved	0				article the original does not write, read as one by UDPipe's Spanish-AnCora model (Straka and Straková, ÚFAL, CC BY-NC-SA 4.0); rests on 'dioses' → 'אֱלֹהִֽים'
135:6	21	los				expands	supplied-article-spa	safe	0.7625	approved	0				article the original does not write, read as one by UDPipe's Spanish-AnCora model (Straka and Straková, ÚFAL, CC BY-NC-SA 4.0); rests on 'abismos' → 'תְּהֹומֹֽות'
135:7	13	los				expands	supplied-article-spa	safe	0.6615	approved	0				article the original does not write, read as one by UDPipe's Spanish-AnCora model (Straka and Straková, ÚFAL, CC BY-NC-SA 4.0); rests on 'relámpagos' → 'בְּרָקִ֣ים'
135:7	20	los				expands	supplied-article-spa	safe	0.7679	approved	0				article the original does not write, read as one by UDPipe's Spanish-AnCora model (Straka and Straková, ÚFAL, CC BY-NC-SA 4.0); rests on 'vientos' → 'ר֝וּחַ'
135:8	6	los				expands	supplied-article-spa	safe	0.7763	approved	0				article the original does not write, read as one by UDPipe's Spanish-AnCora model (Straka and Straková, ÚFAL, CC BY-NC-SA 4.0); rests on 'primogénitos' → 'בְּכֹורֵ֣י'
135:11	14	los				expands	supplied-article-spa	safe	0.7824	approved	0				article the original does not write, read as one by UDPipe's Spanish-AnCora model (Straka and Straková, ÚFAL, CC BY-NC-SA 4.0); rests on 'reinos' → 'מַמְלְכֹ֥ות'
135:12	3	la				expands	supplied-article-spa	safe	0.752	approved	0				article the original does not write, read as one by UDPipe's Spanish-AnCora model (Straka and Straková, ÚFAL, CC BY-NC-SA 4.0); rests on 'tierra' → 'אַרְצָ֣ם'
136:9	4	las				expands	supplied-article-spa	safe	0.8	approved	0				article the original does not write, read as one by UDPipe's Spanish-AnCora model (Straka and Straková, ÚFAL, CC BY-NC-SA 4.0); rests on 'estrellas' → 'כֹוכָבִים'
136:13	4	el				expands	supplied-article-spa	safe	0.7912	approved	0				article the original does not write, read as one by UDPipe's Spanish-AnCora model (Straka and Straková, ÚFAL, CC BY-NC-SA 4.0); rests on 'mar' → 'יַם'
136:15	10	el				expands	supplied-article-spa	safe	0.7912	approved	0				article the original does not write, read as one by UDPipe's Spanish-AnCora model (Straka and Straková, ÚFAL, CC BY-NC-SA 4.0); rests on 'mar' → 'יַם'
136:21	3	la				expands	supplied-article-spa	safe	0.752	approved	0				article the original does not write, read as one by UDPipe's Spanish-AnCora model (Straka and Straková, ÚFAL, CC BY-NC-SA 4.0); rests on 'tierra' → 'אַרְצָ֣ם'
137:7	5	los				expands	supplied-article-spa	safe	0.7923	approved	0				article the original does not write, read as one by UDPipe's Spanish-AnCora model (Straka and Straková, ÚFAL, CC BY-NC-SA 4.0); rests on 'hijos' → 'בְנֵ֬י'
137:7	10	el				expands	supplied-article-spa	safe	0.7597	approved	0				article the original does not write, read as one by UDPipe's Spanish-AnCora model (Straka and Straková, ÚFAL, CC BY-NC-SA 4.0); rests on 'día' → 'יֹ֤ום'
138:1	12	los				expands	supplied-article-spa	safe	0.7853	approved	0				article the original does not write, read as one by UDPipe's Spanish-AnCora model (Straka and Straková, ÚFAL, CC BY-NC-SA 4.0); rests on 'dioses' → 'אֱלֹהִ֣ים'
138:3	2	el				expands	supplied-article-spa	safe	0.7597	approved	0				article the original does not write, read as one by UDPipe's Spanish-AnCora model (Straka and Straková, ÚFAL, CC BY-NC-SA 4.0); rests on 'día' → 'יֹ֣ום'
138:4	6	los				expands	supplied-article-spa	safe	0.7839	approved	0				article the original does not write, read as one by UDPipe's Spanish-AnCora model (Straka and Straková, ÚFAL, CC BY-NC-SA 4.0); rests on 'reyes' → 'מַלְכֵי'
138:4	9	la				expands	supplied-article-spa	safe	0.752	approved	0				article the original does not write, read as one by UDPipe's Spanish-AnCora model (Straka and Straková, ÚFAL, CC BY-NC-SA 4.0); rests on 'tierra' → 'אָ֑רֶץ'
138:4	14	los				expands	supplied-article-spa	safe	0.65	approved	0				article the original does not write, read as one by UDPipe's Spanish-AnCora model (Straka and Straková, ÚFAL, CC BY-NC-SA 4.0); rests on 'dichos' → 'אִמְרֵי'
138:5	4	los				expands	supplied-article-spa	safe	0.7457	approved	0				article the original does not write, read as one by UDPipe's Spanish-AnCora model (Straka and Straková, ÚFAL, CC BY-NC-SA 4.0); rests on 'caminos' → 'דַרְכֵ֣י'
138:5	9	la				expands	supplied-article-spa	safe	0.6788	approved	0				article the original does not write, read as one by UDPipe's Spanish-AnCora model (Straka and Straková, ÚFAL, CC BY-NC-SA 4.0); rests on 'gloria' → 'כְּבֹ֣וד'
138:6	2	el				expands	supplied-article-spa	safe	0.7577	approved	0				article the original does not write, read as one by UDPipe's Spanish-AnCora model (Straka and Straková, ÚFAL, CC BY-NC-SA 4.0); rests on 'Jehová' → 'יְ֭הוָה'
139:6	4	la				expands	supplied-article-spa	safe	0.6538	approved	0				article the original does not write, read as one by UDPipe's Spanish-AnCora model (Straka and Straková, ÚFAL, CC BY-NC-SA 4.0); rests on 'ciencia' → 'דַ֣עַת'
139:8	4	los				expands	supplied-article-spa	safe	0.7772	approved	0				article the original does not write, read as one by UDPipe's Spanish-AnCora model (Straka and Straková, ÚFAL, CC BY-NC-SA 4.0); rests on 'cielos' → 'שָׁ֭מַיִם'
139:9	3	las				expands	supplied-article-spa	safe	0.7637	approved	0				article the original does not write, read as one by UDPipe's Spanish-AnCora model (Straka and Straková, ÚFAL, CC BY-NC-SA 4.0); rests on 'alas' → 'כַנְפֵי'
139:9	13	la				expands	supplied-article-spa	safe	0.7912	approved	0				article the original does not write, read as one by UDPipe's Spanish-AnCora model (Straka and Straková, ÚFAL, CC BY-NC-SA 4.0); rests on 'mar' → 'יָֽם'
139:11	4	las				expands	supplied-article-spa	safe	0.7373	approved	0				article the original does not write, read as one by UDPipe's Spanish-AnCora model (Straka and Straková, ÚFAL, CC BY-NC-SA 4.0); rests on 'tinieblas' → 'חֹ֣שֶׁךְ'
139:11	9	la				expands	supplied-article-spa	safe	0.7367	approved	0				article the original does not write, read as one by UDPipe's Spanish-AnCora model (Straka and Straková, ÚFAL, CC BY-NC-SA 4.0); rests on 'noche' → 'לַ֗יְלָה'
139:12	2	las				expands	supplied-article-spa	safe	0.7373	approved	0				article the original does not write, read as one by UDPipe's Spanish-AnCora model (Straka and Straková, ÚFAL, CC BY-NC-SA 4.0); rests on 'tinieblas' → 'חֹשֶׁךְ֮'
139:12	9	la				expands	supplied-article-spa	safe	0.7367	approved	0				article the original does not write, read as one by UDPipe's Spanish-AnCora model (Straka and Straková, ÚFAL, CC BY-NC-SA 4.0); rests on 'noche' → 'לַיְלָה'
139:13	8	el				expands	supplied-article-spa	safe	0.782	approved	0				article the original does not write, read as one by UDPipe's Spanish-AnCora model (Straka and Straková, ÚFAL, CC BY-NC-SA 4.0); rests on 'vientre' → 'בֶ֣טֶן'
139:15	21	la				expands	supplied-article-spa	safe	0.752	approved	0				article the original does not write, read as one by UDPipe's Spanish-AnCora model (Straka and Straková, ÚFAL, CC BY-NC-SA 4.0); rests on 'tierra' → 'אָֽרֶץ'
139:18	7	la				expands	supplied-article-spa	safe	0.7786	approved	0				article the original does not write, read as one by UDPipe's Spanish-AnCora model (Straka and Straková, ÚFAL, CC BY-NC-SA 4.0); rests on 'arena' → 'חֹ֣ול'
139:24	13	el				expands	supplied-article-spa	safe	0.7508	approved	0				article the original does not write, read as one by UDPipe's Spanish-AnCora model (Straka and Straková, ÚFAL, CC BY-NC-SA 4.0); rests on 'camino' → 'דֶ֣רֶךְ'
140:2	6	el				expands	supplied-article-spa	safe	0.6481	approved	0				article the original does not write, read as one by UDPipe's Spanish-AnCora model (Straka and Straková, ÚFAL, CC BY-NC-SA 4.0); rests on 'corazón' → 'לֵ֑ב'
140:3	5	la				expands	supplied-article-spa	safe	0.7571	approved	0				article the original does not write, read as one by UDPipe's Spanish-AnCora model (Straka and Straková, ÚFAL, CC BY-NC-SA 4.0); rests on 'serpiente' → 'נָ֫חָ֥שׁ'
140:6	12	la				expands	supplied-article-spa	safe	0.7935	approved	0				article the original does not write, read as one by UDPipe's Spanish-AnCora model (Straka and Straková, ÚFAL, CC BY-NC-SA 4.0); rests on 'voz' → 'קֹ֣ול'
140:7	13	el				expands	supplied-article-spa	safe	0.7597	approved	0				article the original does not write, read as one by UDPipe's Spanish-AnCora model (Straka and Straková, ÚFAL, CC BY-NC-SA 4.0); rests on 'día' → 'יֹ֣ום'
140:11	10	el				expands	supplied-article-spa	safe	0.7513	approved	0				article the original does not write, read as one by UDPipe's Spanish-AnCora model (Straka and Straková, ÚFAL, CC BY-NC-SA 4.0); rests on 'mal' → 'רָ֑ע'
140:12	10	el				expands	supplied-article-spa	safe	0.7377	approved	0				article the original does not write, read as one by UDPipe's Spanish-AnCora model (Straka and Straková, ÚFAL, CC BY-NC-SA 4.0); rests on 'juicio' → 'מִ֝שְׁפַּ֗ט'
140:12	13	los				expands	supplied-article-spa	safe	0.7591	approved	0				article the original does not write, read as one by UDPipe's Spanish-AnCora model (Straka and Straková, ÚFAL, CC BY-NC-SA 4.0); rests on 'menesterosos' → 'אֶבְיֹנִֽים'
140:13	2	los				expands	supplied-article-spa	safe	0.785	approved	0				article the original does not write, read as one by UDPipe's Spanish-AnCora model (Straka and Straková, ÚFAL, CC BY-NC-SA 4.0); rests on 'justos' → 'צַ֭דִּיקִים'
140:13	7	los				expands	supplied-article-spa	safe	0.7635	approved	0				article the original does not write, read as one by UDPipe's Spanish-AnCora model (Straka and Straková, ÚFAL, CC BY-NC-SA 4.0); rests on 'rectos' → 'יְ֝שָׁרִ֗ים'
141:2	9	un				expands	supplied-indefinite-article-spa	safe	0.55	approved	0				indefinite article, read as one by UDPipe's Spanish-AnCora model (Straka and Straková, ÚFAL, CC BY-NC-SA 4.0); rests on 'perfume' → 'קְטֹ֣רֶת'
141:2	20	la				expands	supplied-article-spa	safe	0.7763	approved	0				article the original does not write, read as one by UDPipe's Spanish-AnCora model (Straka and Straková, ÚFAL, CC BY-NC-SA 4.0); rests on 'tarde' → 'עָֽרֶב'
141:5	2	el				expands	supplied-article-spa	safe	0.7471	approved	0				article the original does not write, read as one by UDPipe's Spanish-AnCora model (Straka and Straková, ÚFAL, CC BY-NC-SA 4.0); rests on 'justo' → 'צַדִּ֨יק'
141:5	21	la				expands	supplied-article-spa	safe	0.7855	approved	0				article the original does not write, read as one by UDPipe's Spanish-AnCora model (Straka and Straková, ÚFAL, CC BY-NC-SA 4.0); rests on 'cabeza' → 'רֹאשִׁ֑י'
141:7	13	la				expands	supplied-article-spa	safe	0.7853	approved	0				article the original does not write, read as one by UDPipe's Spanish-AnCora model (Straka and Straková, ÚFAL, CC BY-NC-SA 4.0); rests on 'boca' → 'פִ֣י'
141:10	2	los				expands	supplied-article-spa	safe	0.7918	approved	0				article the original does not write, read as one by UDPipe's Spanish-AnCora model (Straka and Straková, ÚFAL, CC BY-NC-SA 4.0); rests on 'impíos' → 'רְשָׁעִ֑ים'
142:7	14	los				expands	supplied-article-spa	safe	0.785	approved	0				article the original does not write, read as one by UDPipe's Spanish-AnCora model (Straka and Straková, ÚFAL, CC BY-NC-SA 4.0); rests on 'justos' → 'צַדִּיקִ֑ים'
143:5	3	los				expands	supplied-article-spa	safe	0.7849	approved	0				article the original does not write, read as one by UDPipe's Spanish-AnCora model (Straka and Straková, ÚFAL, CC BY-NC-SA 4.0); rests on 'días' → 'יָמִ֨ים'
143:6	11	la				expands	supplied-article-spa	safe	0.752	approved	0				article the original does not write, read as one by UDPipe's Spanish-AnCora model (Straka and Straková, ÚFAL, CC BY-NC-SA 4.0); rests on 'tierra' → 'אֶֽרֶץ'
143:8	15	el				expands	supplied-article-spa	safe	0.7509	approved	0				article the original does not write, read as one by UDPipe's Spanish-AnCora model (Straka and Straková, ÚFAL, CC BY-NC-SA 4.0); rests on 'camino' → 'דֶּֽרֶךְ'
144:3	13	el				expands	supplied-article-spa	safe	0.7928	approved	0				article the original does not write, read as one by UDPipe's Spanish-AnCora model (Straka and Straková, ÚFAL, CC BY-NC-SA 4.0); rests on 'hijo' → 'בֶּן'
144:4	12	la				expands	supplied-article-spa	safe	0.6672	approved	0				article the original does not write, read as one by UDPipe's Spanish-AnCora model (Straka and Straková, ÚFAL, CC BY-NC-SA 4.0); rests on 'sombra' → 'צֵ֣ל'
144:7	11	las				expands	supplied-article-spa	safe	0.7937	approved	0				article the original does not write, read as one by UDPipe's Spanish-AnCora model (Straka and Straková, ÚFAL, CC BY-NC-SA 4.0); rests on 'aguas' → 'מַּ֣יִם'
144:7	15	la				expands	supplied-article-spa	safe	0.7633	approved	0				article the original does not write, read as one by UDPipe's Spanish-AnCora model (Straka and Straková, ÚFAL, CC BY-NC-SA 4.0); rests on 'mano' → 'יַּ֗ד'
144:7	18	los				expands	supplied-article-spa	safe	0.7923	approved	0				article the original does not write, read as one by UDPipe's Spanish-AnCora model (Straka and Straková, ÚFAL, CC BY-NC-SA 4.0); rests on 'hijos' → 'בְּנֵ֣י'
144:11	7	los				expands	supplied-article-spa	safe	0.7923	approved	0				article the original does not write, read as one by UDPipe's Spanish-AnCora model (Straka and Straková, ÚFAL, CC BY-NC-SA 4.0); rests on 'hijos' → 'בְּֽנֵי'
145:5	4	la				expands	supplied-article-spa	safe	0.6777	approved	0				article the original does not write, read as one by UDPipe's Spanish-AnCora model (Straka and Straková, ÚFAL, CC BY-NC-SA 4.0); rests on 'gloria' → 'כְּבֹ֣וד'
145:11	1	La				expands	supplied-article-spa	safe	0.6777	approved	0				article the original does not write, read as one by UDPipe's Spanish-AnCora model (Straka and Straková, ÚFAL, CC BY-NC-SA 4.0); rests on 'gloria' → 'כְּבֹ֣וד'
145:12	4	los				expands	supplied-article-spa	safe	0.7923	approved	0				article the original does not write, read as one by UDPipe's Spanish-AnCora model (Straka and Straková, ÚFAL, CC BY-NC-SA 4.0); rests on 'hijos' → 'בְנֵ֣י'
145:12	12	la				expands	supplied-article-spa	safe	0.6777	approved	0				article the original does not write, read as one by UDPipe's Spanish-AnCora model (Straka and Straková, ÚFAL, CC BY-NC-SA 4.0); rests on 'gloria' → 'כְבֹ֗וד'
145:13	7	los				expands	supplied-article-spa	safe	0.6269	approved	0				article the original does not write, read as one by UDPipe's Spanish-AnCora model (Straka and Straková, ÚFAL, CC BY-NC-SA 4.0); rests on 'siglos' → 'עֹֽלָמִ֑ים'
145:15	1	Los				expands	supplied-article-spa	safe	0.7877	approved	0				article the original does not write, read as one by UDPipe's Spanish-AnCora model (Straka and Straková, ÚFAL, CC BY-NC-SA 4.0); rests on 'ojos' → 'עֵֽינֵי'
145:21	1	La				expands	supplied-article-spa	safe	0.6255	approved	0				article the original does not write, read as one by UDPipe's Spanish-AnCora model (Straka and Straková, ÚFAL, CC BY-NC-SA 4.0); rests on 'alabanza' → 'תְּהִלַּ֥ת'
146:6	4	los				expands	supplied-article-spa	safe	0.7772	approved	0				article the original does not write, read as one by UDPipe's Spanish-AnCora model (Straka and Straková, ÚFAL, CC BY-NC-SA 4.0); rests on 'cielos' → 'שָׁ֘מַ֤יִם'
146:6	7	la				expands	supplied-article-spa	safe	0.7522	approved	0				article the original does not write, read as one by UDPipe's Spanish-AnCora model (Straka and Straková, ÚFAL, CC BY-NC-SA 4.0); rests on 'tierra' → 'אָ֗רֶץ'
146:8	6	los				expands	supplied-article-spa	safe	0.8	approved	0				article the original does not write, read as one by UDPipe's Spanish-AnCora model (Straka and Straková, ÚFAL, CC BY-NC-SA 4.0); rests on 'ciegos' → 'עִוְרִ֗ים'
146:8	16	los				expands	supplied-article-spa	safe	0.785	approved	0				article the original does not write, read as one by UDPipe's Spanish-AnCora model (Straka and Straková, ÚFAL, CC BY-NC-SA 4.0); rests on 'justos' → 'צַדִּיקִֽים'
146:9	4	los				expands	supplied-article-spa	safe	0.6313	approved	0				article the original does not write, read as one by UDPipe's Spanish-AnCora model (Straka and Straková, ÚFAL, CC BY-NC-SA 4.0); rests on 'extranjeros' → 'גֵּרִ֗ים'
146:9	10	la				expands	supplied-article-spa	safe	0.7663	approved	0				article the original does not write, read as one by UDPipe's Spanish-AnCora model (Straka and Straková, ÚFAL, CC BY-NC-SA 4.0); rests on 'viuda' → 'אַלְמָנָ֣ה'
146:9	14	el				expands	supplied-article-spa	safe	0.7509	approved	0				article the original does not write, read as one by UDPipe's Spanish-AnCora model (Straka and Straková, ÚFAL, CC BY-NC-SA 4.0); rests on 'camino' → 'דֶ֖רֶךְ'
146:9	17	los				expands	supplied-article-spa	safe	0.7918	approved	0				article the original does not write, read as one by UDPipe's Spanish-AnCora model (Straka and Straková, ÚFAL, CC BY-NC-SA 4.0); rests on 'impíos' → 'רְשָׁעִ֣ים'
147:1	17	la				expands	supplied-article-spa	safe	0.6255	approved	0				article the original does not write, read as one by UDPipe's Spanish-AnCora model (Straka and Straková, ÚFAL, CC BY-NC-SA 4.0); rests on 'alabanza' → 'תְהִלָּֽה'
147:4	3	el				expands	supplied-article-spa	safe	0.7696	approved	0				article the original does not write, read as one by UDPipe's Spanish-AnCora model (Straka and Straková, ÚFAL, CC BY-NC-SA 4.0); rests on 'número' → 'מִ֭סְפָּר'
147:6	4	los				expands	supplied-article-spa	safe	0.65	approved	0				article the original does not write, read as one by UDPipe's Spanish-AnCora model (Straka and Straková, ÚFAL, CC BY-NC-SA 4.0); rests on 'humildes' → 'עֲנָוִ֣ים'
147:6	7	los				expands	supplied-article-spa	safe	0.7918	approved	0				article the original does not write, read as one by UDPipe's Spanish-AnCora model (Straka and Straková, ÚFAL, CC BY-NC-SA 4.0); rests on 'impíos' → 'רְשָׁעִ֣ים'
147:6	10	la				expands	supplied-article-spa	safe	0.752	approved	0				article the original does not write, read as one by UDPipe's Spanish-AnCora model (Straka and Straková, ÚFAL, CC BY-NC-SA 4.0); rests on 'tierra' → 'אָֽרֶץ'
147:8	6	los				expands	supplied-article-spa	safe	0.7772	approved	0				article the original does not write, read as one by UDPipe's Spanish-AnCora model (Straka and Straková, ÚFAL, CC BY-NC-SA 4.0); rests on 'cielos' → 'שָׁמַ֨יִם'
147:8	22	los				expands	supplied-article-spa	safe	0.7856	approved	0				article the original does not write, read as one by UDPipe's Spanish-AnCora model (Straka and Straková, ÚFAL, CC BY-NC-SA 4.0); rests on 'montes' → 'הָרִ֣ים'
147:9	10	los				expands	supplied-article-spa	safe	0.7923	approved	0				article the original does not write, read as one by UDPipe's Spanish-AnCora model (Straka and Straková, ÚFAL, CC BY-NC-SA 4.0); rests on 'hijos' → 'בְנֵ֥י'
147:13	3	los				expands	supplied-article-spa	safe	0.8	approved	0				article the original does not write, read as one by UDPipe's Spanish-AnCora model (Straka and Straková, ÚFAL, CC BY-NC-SA 4.0); rests on 'cerrojos' → 'בְּרִיחֵ֣י'
147:14	6	la				expands	supplied-article-spa	safe	0.7485	approved	0				article the original does not write, read as one by UDPipe's Spanish-AnCora model (Straka and Straková, ÚFAL, CC BY-NC-SA 4.0); rests on 'paz' → 'שָׁלֹ֑ום'
147:15	6	la				expands	supplied-article-spa	safe	0.752	approved	0				article the original does not write, read as one by UDPipe's Spanish-AnCora model (Straka and Straková, ÚFAL, CC BY-NC-SA 4.0); rests on 'tierra' → 'אָ֑רֶץ'
147:16	3	la				expands	supplied-article-spa	safe	0.775	approved	0				article the original does not write, read as one by UDPipe's Spanish-AnCora model (Straka and Straková, ÚFAL, CC BY-NC-SA 4.0); rests on 'nieve' → 'שֶׁ֣לֶג'
147:18	12	las				expands	supplied-article-spa	safe	0.7937	approved	0				article the original does not write, read as one by UDPipe's Spanish-AnCora model (Straka and Straková, ÚFAL, CC BY-NC-SA 4.0); rests on 'aguas' → 'מָֽיִם'
148:5	2	el				expands	supplied-article-spa	safe	0.7863	approved	0				article the original does not write, read as one by UDPipe's Spanish-AnCora model (Straka and Straková, ÚFAL, CC BY-NC-SA 4.0); rests on 'nombre' → 'שֵׁ֣ם'
148:7	11	los				expands	supplied-article-spa	safe	0.7625	approved	0				article the original does not write, read as one by UDPipe's Spanish-AnCora model (Straka and Straková, ÚFAL, CC BY-NC-SA 4.0); rests on 'abismos' → 'תְּהֹמֹֽות'
148:8	1	El				expands	supplied-article-spa	safe	0.7679	approved	0				article the original does not write, read as one by UDPipe's Spanish-AnCora model (Straka and Straková, ÚFAL, CC BY-NC-SA 4.0); rests on 'fuego' → 'אֵ֣שׁ'
148:8	4	el				expands	supplied-article-spa	safe	0.74	approved	0				article the original does not write, read as one by UDPipe's Spanish-AnCora model (Straka and Straková, ÚFAL, CC BY-NC-SA 4.0); rests on 'granizo' → 'בָרָד'
148:8	6	la				expands	supplied-article-spa	safe	0.775	approved	0				article the original does not write, read as one by UDPipe's Spanish-AnCora model (Straka and Straková, ÚFAL, CC BY-NC-SA 4.0); rests on 'nieve' → 'שֶׁ֣לֶג'
148:8	11	el				expands	supplied-article-spa	safe	0.7942	approved	0				article the original does not write, read as one by UDPipe's Spanish-AnCora model (Straka and Straková, ÚFAL, CC BY-NC-SA 4.0); rests on 'viento' → 'ר֥וּחַ'
148:9	5	los				expands	supplied-article-spa	safe	0.7654	approved	0				article the original does not write, read as one by UDPipe's Spanish-AnCora model (Straka and Straková, ÚFAL, CC BY-NC-SA 4.0); rests on 'collados' → 'גְּבָעֹ֑ות'
148:9	7	el				expands	supplied-article-spa	safe	0.7746	approved	0				article the original does not write, read as one by UDPipe's Spanish-AnCora model (Straka and Straková, ÚFAL, CC BY-NC-SA 4.0); rests on 'árbol' → 'עֵ֥ץ'
148:9	13	los				expands	supplied-article-spa	safe	0.8	approved	0				article the original does not write, read as one by UDPipe's Spanish-AnCora model (Straka and Straková, ÚFAL, CC BY-NC-SA 4.0); rests on 'cedros' → 'אֲרָזִֽים'
148:11	1	Los				expands	supplied-article-spa	safe	0.7839	approved	0				article the original does not write, read as one by UDPipe's Spanish-AnCora model (Straka and Straková, ÚFAL, CC BY-NC-SA 4.0); rests on 'reyes' → 'מַלְכֵי'
148:11	4	la				expands	supplied-article-spa	safe	0.752	approved	0				article the original does not write, read as one by UDPipe's Spanish-AnCora model (Straka and Straková, ÚFAL, CC BY-NC-SA 4.0); rests on 'tierra' → 'אֶ֭רֶץ'
148:11	10	los				expands	supplied-article-spa	safe	0.6288	approved	0				article the original does not write, read as one by UDPipe's Spanish-AnCora model (Straka and Straková, ÚFAL, CC BY-NC-SA 4.0); rests on 'príncipes' → 'שָׂ֝רִ֗ים'
148:11	14	los				expands	supplied-article-spa	safe	0.7036	approved	0				article the original does not write, read as one by UDPipe's Spanish-AnCora model (Straka and Straková, ÚFAL, CC BY-NC-SA 4.0); rests on 'jueces' → 'שֹׁ֥פְטֵי'
148:11	17	la				expands	supplied-article-spa	safe	0.752	approved	0				article the original does not write, read as one by UDPipe's Spanish-AnCora model (Straka and Straková, ÚFAL, CC BY-NC-SA 4.0); rests on 'tierra' → 'אָֽרֶץ'
148:12	1	Los				expands	supplied-article-spa	safe	0.65	approved	0				article the original does not write, read as one by UDPipe's Spanish-AnCora model (Straka and Straková, ÚFAL, CC BY-NC-SA 4.0); rests on 'mancebos' → 'בַּחוּרִ֥ים'
148:12	7	los				expands	supplied-article-spa	safe	0.6239	approved	0				article the original does not write, read as one by UDPipe's Spanish-AnCora model (Straka and Straková, ÚFAL, CC BY-NC-SA 4.0); rests on 'viejos' → 'זְ֝קֵנִ֗ים'
148:13	2	el				expands	supplied-article-spa	safe	0.7863	approved	0				article the original does not write, read as one by UDPipe's Spanish-AnCora model (Straka and Straková, ÚFAL, CC BY-NC-SA 4.0); rests on 'nombre' → 'שֵׁ֬ם'
148:14	3	el				expands	supplied-article-spa	safe	0.6615	approved	0				article the original does not write, read as one by UDPipe's Spanish-AnCora model (Straka and Straková, ÚFAL, CC BY-NC-SA 4.0); rests on 'cuerno' → 'קֶ֨רֶן'
148:14	13	los				expands	supplied-article-spa	safe	0.7923	approved	0				article the original does not write, read as one by UDPipe's Spanish-AnCora model (Straka and Straková, ÚFAL, CC BY-NC-SA 4.0); rests on 'hijos' → 'בְנֵ֣י'
148:14	17	el				expands	supplied-article-spa	safe	0.79	approved	0				article the original does not write, read as one by UDPipe's Spanish-AnCora model (Straka and Straková, ÚFAL, CC BY-NC-SA 4.0); rests on 'pueblo' → 'עַֽם'
149:2	6	los				expands	supplied-article-spa	safe	0.7923	approved	0				article the original does not write, read as one by UDPipe's Spanish-AnCora model (Straka and Straková, ÚFAL, CC BY-NC-SA 4.0); rests on 'hijos' → 'בְּנֵֽי'
149:4	10	los				expands	supplied-article-spa	safe	0.65	approved	0				article the original does not write, read as one by UDPipe's Spanish-AnCora model (Straka and Straková, ÚFAL, CC BY-NC-SA 4.0); rests on 'humildes' → 'עֲ֝נָוִ֗ים'
149:9	5	el				expands	supplied-article-spa	safe	0.7373	approved	0				article the original does not write, read as one by UDPipe's Spanish-AnCora model (Straka and Straková, ÚFAL, CC BY-NC-SA 4.0); rests on 'juicio' → 'מִשְׁפָּ֬ט'
