at	word	surface	target_at	target	target_surface	absence	rule	tier	confidence	verdict	review	corrected_at	corrected	corrected_surface	rationale
1:3	3	das				expands	supplied-article-deu	safe	0.7327	approved	0				article the original does not write, read as one by UDPipe's German-HDT model (Straka and Straková, ÚFAL, CC BY-NC-SA 4.0); rests on 'Wort' → 'דְבַר'
1:3	5	des				expands	supplied-article-deu	safe	0.7644	approved	0				article the original does not write, read as one by UDPipe's German-HDT model (Straka and Straková, ÚFAL, CC BY-NC-SA 4.0); rests on 'HERRN' → 'יְ֠הוָה'
1:3	9	dem				expands	supplied-article-deu	safe	0.7852	approved	0				article the original does not write, read as one by UDPipe's German-HDT model (Straka and Straková, ÚFAL, CC BY-NC-SA 4.0); rests on 'Sohn' → 'בֶּן'
1:3	16	der				expands	supplied-article-deu	safe	0.7526	approved	0				article the original does not write, read as one by UDPipe's German-HDT model (Straka and Straková, ÚFAL, CC BY-NC-SA 4.0); rests on 'Chaldäer' → 'כַּשְׂדִּ֖ים'
1:3	23	die				expands	supplied-article-deu	safe	0.7466	approved	0				article the original does not write, read as one by UDPipe's German-HDT model (Straka and Straková, ÚFAL, CC BY-NC-SA 4.0); rests on 'Hand' → 'יַד'
1:3	25	des				expands	supplied-article-deu	safe	0.7644	approved	0				article the original does not write, read as one by UDPipe's German-HDT model (Straka and Straková, ÚFAL, CC BY-NC-SA 4.0); rests on 'HERRN' → 'יְהוָֽה'
1:4	15	einer				expands	supplied-indefinite-article-deu	safe	0.7567	approved	0				indefinite article, read as one by UDPipe's German-HDT model (Straka and Straková, ÚFAL, CC BY-NC-SA 4.0); rests on 'Wolke' → 'עָנָ֤ן'
1:9	4	der				expands	supplied-article-deu	safe	0.746	approved	0				article the original does not write, read as one by UDPipe's German-HDT model (Straka and Straková, ÚFAL, CC BY-NC-SA 4.0); rests on 'Flügel' → 'כַּנְפֵיהֶ֑ם'
1:10	6	einem				expands	supplied-indefinite-article-deu	safe	0.7107	approved	0				indefinite article, read as one by UDPipe's German-HDT model (Straka and Straková, ÚFAL, CC BY-NC-SA 4.0); rests on 'Menschen' → 'אָדָם֒'
1:10	13	einem				expands	supplied-indefinite-article-deu	safe	0.5918	approved	0				indefinite article, read as one by UDPipe's German-HDT model (Straka and Straková, ÚFAL, CC BY-NC-SA 4.0); rests on 'Löwen' → 'אַרְיֵ֤ה'
1:10	23	einem				expands	supplied-indefinite-article-deu	safe	0.6232	approved	0				indefinite article, read as one by UDPipe's German-HDT model (Straka and Straková, ÚFAL, CC BY-NC-SA 4.0); rests on 'Ochsen' → 'שֹׁ֥ור'
1:10	31	einem				expands	supplied-indefinite-article-deu	safe	0.746	approved	0				indefinite article, read as one by UDPipe's German-HDT model (Straka and Straková, ÚFAL, CC BY-NC-SA 4.0); rests on 'Adler' → 'נֶ֖שֶׁר'
1:13	25	einen				expands	supplied-indefinite-article-deu	safe	0.6364	approved	0				indefinite article, read as one by UDPipe's German-HDT model (Straka and Straková, ÚFAL, CC BY-NC-SA 4.0); rests on 'Glanz' → 'נֹ֣גַהּ'
1:20	22	der				expands	supplied-article-deu	safe	0.7565	approved	0				article the original does not write, read as one by UDPipe's German-HDT model (Straka and Straková, ÚFAL, CC BY-NC-SA 4.0); rests on 'Geist' → 'ר֥וּחַ'
1:21	35	der				expands	supplied-article-deu	safe	0.7565	approved	0				article the original does not write, read as one by UDPipe's German-HDT model (Straka and Straková, ÚFAL, CC BY-NC-SA 4.0); rests on 'Geist' → 'ר֥וּחַ'
1:24	4	die				expands	supplied-article-deu	safe	0.746	approved	0				article the original does not write, read as one by UDPipe's German-HDT model (Straka and Straková, ÚFAL, CC BY-NC-SA 4.0); rests on 'Flügel' → 'כַּנְפֵיהֶ֡ם'
1:24	12	ein				expands	supplied-indefinite-article-deu	safe	0.6875	approved	0				indefinite article, read as one by UDPipe's German-HDT model (Straka and Straková, ÚFAL, CC BY-NC-SA 4.0); rests on 'Getön' → 'קֹול'
1:24	14	des				expands	supplied-article-deu	safe	0.8	approved	0				article the original does not write, read as one by UDPipe's German-HDT model (Straka and Straková, ÚFAL, CC BY-NC-SA 4.0); rests on 'Allmächtigen' → 'שַׁדַּי֙'
1:24	34	die				expands	supplied-article-deu	safe	0.746	approved	0				article the original does not write, read as one by UDPipe's German-HDT model (Straka and Straková, ÚFAL, CC BY-NC-SA 4.0); rests on 'Flügel' → 'כַנְפֵיהֶֽן'
1:25	6	die				expands	supplied-article-deu	safe	0.746	approved	0				article the original does not write, read as one by UDPipe's German-HDT model (Straka and Straková, ÚFAL, CC BY-NC-SA 4.0); rests on 'Flügel' → 'כַנְפֵיהֶֽן'
1:26	14	ein				expands	supplied-indefinite-article-deu	safe	0.7437	approved	0				indefinite article, read as one by UDPipe's German-HDT model (Straka and Straková, ÚFAL, CC BY-NC-SA 4.0); rests on 'Saphir' → 'סַפִּ֖יר'
1:26	17	ein				expands	supplied-indefinite-article-deu	safe	0.7687	approved	0				indefinite article, read as one by UDPipe's German-HDT model (Straka and Straková, ÚFAL, CC BY-NC-SA 4.0); rests on 'Stuhl' → 'כִּסֵּ֑א'
1:26	26	ein				expands	supplied-indefinite-article-deu	safe	0.6406	approved	0				indefinite article, read as one by UDPipe's German-HDT model (Straka and Straková, ÚFAL, CC BY-NC-SA 4.0); rests on 'Mensch' → 'אָדָ֛ם'
1:27	14	ein				expands	supplied-indefinite-article-deu	safe	0.7475	approved	0				indefinite article, read as one by UDPipe's German-HDT model (Straka and Straková, ÚFAL, CC BY-NC-SA 4.0); rests on 'Feuer' → 'אֵ֤שׁ'
1:28	22	der				expands	supplied-article-deu	safe	0.6676	approved	0				article the original does not write, read as one by UDPipe's German-HDT model (Straka and Straková, ÚFAL, CC BY-NC-SA 4.0); rests on 'Herrlichkeit' → 'כְּבֹוד'
1:28	24	des				expands	supplied-article-deu	safe	0.7644	approved	0				article the original does not write, read as one by UDPipe's German-HDT model (Straka and Straková, ÚFAL, CC BY-NC-SA 4.0); rests on 'HERRN' → 'יְהוָ֑ה'
2:3	12	den				expands	supplied-article-deu	safe	0.7861	approved	0				article the original does not write, read as one by UDPipe's German-HDT model (Straka and Straková, ÚFAL, CC BY-NC-SA 4.0); rests on 'Kindern' → 'בְּנֵ֣י'
2:5	8	ein				expands	supplied-indefinite-article-deu	safe	0.7858	approved	0				indefinite article, read as one by UDPipe's German-HDT model (Straka and Straková, ÚFAL, CC BY-NC-SA 4.0); rests on 'Haus' → 'בֵּ֥ית'
2:5	16	ein				expands	supplied-indefinite-article-deu	safe	0.7878	approved	0				indefinite article, read as one by UDPipe's German-HDT model (Straka and Straková, ÚFAL, CC BY-NC-SA 4.0); rests on 'Prophet' → 'נָבִ֖יא'
2:6	47	ein				expands	supplied-indefinite-article-deu	safe	0.7858	approved	0				indefinite article, read as one by UDPipe's German-HDT model (Straka and Straková, ÚFAL, CC BY-NC-SA 4.0); rests on 'Haus' → 'בֵּ֥ית'
2:8	15	das				expands	supplied-article-deu	safe	0.7858	approved	0				article the original does not write, read as one by UDPipe's German-HDT model (Straka and Straková, ÚFAL, CC BY-NC-SA 4.0); rests on 'Haus' → 'בֵ֣ית'
2:9	8	eine				expands	supplied-indefinite-article-deu	safe	0.7466	approved	0				indefinite article, read as one by UDPipe's German-HDT model (Straka and Straková, ÚFAL, CC BY-NC-SA 4.0); rests on 'Hand' → 'יָ֖ד'
2:9	15	einen				expands	supplied-indefinite-article-deu	safe	0.62	approved	0				indefinite article, read as one by UDPipe's German-HDT model (Straka and Straková, ÚFAL, CC BY-NC-SA 4.0); rests on 'Brief' → 'סֵֽפֶר'
3:1	21	dem				expands	supplied-article-deu	safe	0.7849	approved	0				article the original does not write, read as one by UDPipe's German-HDT model (Straka and Straková, ÚFAL, CC BY-NC-SA 4.0); rests on 'Hause' → 'בֵּ֥ית'
3:5	8	einem				expands	supplied-indefinite-article-deu	safe	0.7587	approved	0				indefinite article, read as one by UDPipe's German-HDT model (Straka and Straková, ÚFAL, CC BY-NC-SA 4.0); rests on 'Volk' → 'עַ֨ם'
3:7	2	das				expands	supplied-article-deu	safe	0.7858	approved	0				article the original does not write, read as one by UDPipe's German-HDT model (Straka and Straková, ÚFAL, CC BY-NC-SA 4.0); rests on 'Haus' → 'בֵ֣ית'
3:7	17	das				expands	supplied-article-deu	safe	0.7858	approved	0				article the original does not write, read as one by UDPipe's German-HDT model (Straka and Straková, ÚFAL, CC BY-NC-SA 4.0); rests on 'Haus' → 'בֵּ֣ית'
3:9	31	ein				expands	supplied-indefinite-article-deu	safe	0.7858	approved	0				indefinite article, read as one by UDPipe's German-HDT model (Straka and Straková, ÚFAL, CC BY-NC-SA 4.0); rests on 'Haus' → 'בֵּֽית'
3:12	2	ein				expands	supplied-indefinite-article-deu	safe	0.7771	approved	0				indefinite article, read as one by UDPipe's German-HDT model (Straka and Straková, ÚFAL, CC BY-NC-SA 4.0); rests on 'Wind' → 'ר֔וּחַ'
3:12	12	ein				expands	supplied-indefinite-article-deu	safe	0.7357	approved	0				indefinite article, read as one by UDPipe's German-HDT model (Straka and Straková, ÚFAL, CC BY-NC-SA 4.0); rests on 'Getön' → 'קֹ֖ול'
3:12	15	eines				expands	supplied-indefinite-article-deu	safe	0.8	approved	0				indefinite article, read as one by UDPipe's German-HDT model (Straka and Straková, ÚFAL, CC BY-NC-SA 4.0); rests on 'Erdbebens' → 'רַ֣עַשׁ'
3:12	20	die				expands	supplied-article-deu	safe	0.6654	approved	0				article the original does not write, read as one by UDPipe's German-HDT model (Straka and Straková, ÚFAL, CC BY-NC-SA 4.0); rests on 'Herrlichkeit' → 'כְּבֹוד'
3:12	22	des				expands	supplied-article-deu	safe	0.7644	approved	0				article the original does not write, read as one by UDPipe's German-HDT model (Straka and Straková, ÚFAL, CC BY-NC-SA 4.0); rests on 'HERRN' → 'יְהוָ֖ה'
3:13	3	ein				expands	supplied-indefinite-article-deu	safe	0.725	approved	0				indefinite article, read as one by UDPipe's German-HDT model (Straka and Straková, ÚFAL, CC BY-NC-SA 4.0); rests on 'Rauschen' → 'קֹ֣ול'
3:13	6	den				expands	supplied-article-deu	safe	0.6875	approved	0				article the original does not write, read as one by UDPipe's German-HDT model (Straka and Straková, ÚFAL, CC BY-NC-SA 4.0); rests on 'Flügeln' → 'כַּנְפֵ֣י'
3:13	25	das				expands	supplied-article-deu	safe	0.7357	approved	0				article the original does not write, read as one by UDPipe's German-HDT model (Straka and Straková, ÚFAL, CC BY-NC-SA 4.0); rests on 'Getön' → 'קֹ֖ול'
3:13	27	eines				expands	supplied-indefinite-article-deu	safe	0.8	approved	0				indefinite article, read as one by UDPipe's German-HDT model (Straka and Straková, ÚFAL, CC BY-NC-SA 4.0); rests on 'Erdbebens' → 'רַ֥עַשׁ'
3:14	4	der				expands	supplied-article-deu	safe	0.7771	approved	0				article the original does not write, read as one by UDPipe's German-HDT model (Straka and Straková, ÚFAL, CC BY-NC-SA 4.0); rests on 'Wind' → 'ר֥וּחַ'
3:14	19	des				expands	supplied-article-deu	safe	0.7644	approved	0				article the original does not write, read as one by UDPipe's German-HDT model (Straka and Straková, ÚFAL, CC BY-NC-SA 4.0); rests on 'HERRN' → 'יְהוָ֥ה'
3:16	3	die				expands	supplied-article-deu	safe	0.7758	approved	0				article the original does not write, read as one by UDPipe's German-HDT model (Straka and Straková, ÚFAL, CC BY-NC-SA 4.0); rests on 'Tage' → 'יָמִ֑ים'
3:16	9	des				expands	supplied-article-deu	safe	0.7644	approved	0				article the original does not write, read as one by UDPipe's German-HDT model (Straka and Straková, ÚFAL, CC BY-NC-SA 4.0); rests on 'HERRN' → 'יְהוָ֖ה'
3:17	10	das				expands	supplied-article-deu	safe	0.7858	approved	0				article the original does not write, read as one by UDPipe's German-HDT model (Straka and Straková, ÚFAL, CC BY-NC-SA 4.0); rests on 'Haus' → 'בֵ֣ית'
3:17	18	das				expands	supplied-article-deu	safe	0.7326	approved	0				article the original does not write, read as one by UDPipe's German-HDT model (Straka and Straková, ÚFAL, CC BY-NC-SA 4.0); rests on 'Wort' → 'דָּבָ֔ר'
3:18	23	der				expands	supplied-article-deu	safe	0.7575	approved	0				article the original does not write, read as one by UDPipe's German-HDT model (Straka and Straková, ÚFAL, CC BY-NC-SA 4.0); rests on 'Gottlose' → 'רָשָׁ֛ע'
3:18	37	der				expands	supplied-article-deu	safe	0.7575	approved	0				article the original does not write, read as one by UDPipe's German-HDT model (Straka and Straková, ÚFAL, CC BY-NC-SA 4.0); rests on 'Gottlose' → 'רָשָׁע֙'
3:20	4	ein				expands	supplied-indefinite-article-deu	safe	0.7156	approved	0				indefinite article, read as one by UDPipe's German-HDT model (Straka and Straková, ÚFAL, CC BY-NC-SA 4.0); rests on 'Gerechter' → 'צַדִּ֤יק'
3:22	4	des				expands	supplied-article-deu	safe	0.7644	approved	0				article the original does not write, read as one by UDPipe's German-HDT model (Straka and Straková, ÚFAL, CC BY-NC-SA 4.0); rests on 'HERRN' → 'יְהוָ֑ה'
3:23	15	die				expands	supplied-article-deu	safe	0.6654	approved	0				article the original does not write, read as one by UDPipe's German-HDT model (Straka and Straková, ÚFAL, CC BY-NC-SA 4.0); rests on 'Herrlichkeit' → 'כְּבֹוד'
3:23	17	des				expands	supplied-article-deu	safe	0.7103	approved	0				article the original does not write, read as one by UDPipe's German-HDT model (Straka and Straková, ÚFAL, CC BY-NC-SA 4.0); rests on 'HERR' → 'יְהוָה֙'
3:26	5	die				expands	supplied-article-deu	safe	0.7942	approved	0				article the original does not write, read as one by UDPipe's German-HDT model (Straka and Straková, ÚFAL, CC BY-NC-SA 4.0); rests on 'Zunge' → 'לְשֹֽׁונְךָ֙'
3:26	25	ein				expands	supplied-indefinite-article-deu	safe	0.7858	approved	0				indefinite article, read as one by UDPipe's German-HDT model (Straka and Straková, ÚFAL, CC BY-NC-SA 4.0); rests on 'Haus' → 'בֵּ֥ית'
3:27	11	den				expands	supplied-article-deu	safe	0.7531	approved	0				article the original does not write, read as one by UDPipe's German-HDT model (Straka and Straková, ÚFAL, CC BY-NC-SA 4.0); rests on 'Mund' → 'פִּ֔יךָ'
3:27	22	der				expands	supplied-article-deu	safe	0.7103	approved	0				article the original does not write, read as one by UDPipe's German-HDT model (Straka and Straková, ÚFAL, CC BY-NC-SA 4.0); rests on 'Herr' → 'יְהֹוִ֑ה'
3:27	38	ein				expands	supplied-indefinite-article-deu	safe	0.7858	approved	0				indefinite article, read as one by UDPipe's German-HDT model (Straka and Straková, ÚFAL, CC BY-NC-SA 4.0); rests on 'Haus' → 'בֵּ֥ית'
4:1	5	einen				expands	supplied-indefinite-article-deu	safe	0.7357	approved	0				indefinite article, read as one by UDPipe's German-HDT model (Straka and Straková, ÚFAL, CC BY-NC-SA 4.0); rests on 'Ziegel' → 'לְבֵנָ֔ה'
4:1	14	die				expands	supplied-article-deu	safe	0.7594	approved	0				article the original does not write, read as one by UDPipe's German-HDT model (Straka and Straková, ÚFAL, CC BY-NC-SA 4.0); rests on 'Stadt' → 'עִ֖יר'
4:2	13	einen				expands	supplied-indefinite-article-deu	safe	0.8	approved	0				indefinite article, read as one by UDPipe's German-HDT model (Straka and Straková, ÚFAL, CC BY-NC-SA 4.0); rests on 'Wall' → 'סֹֽלְלָ֑ה'
4:3	30	ein				expands	supplied-indefinite-article-deu	safe	0.7418	approved	0				indefinite article, read as one by UDPipe's German-HDT model (Straka and Straková, ÚFAL, CC BY-NC-SA 4.0); rests on 'Zeichen' → 'אֹ֥ות'
4:3	32	dem				expands	supplied-article-deu	safe	0.7849	approved	0				article the original does not write, read as one by UDPipe's German-HDT model (Straka and Straková, ÚFAL, CC BY-NC-SA 4.0); rests on 'Hause' → 'בֵ֥ית'
4:4	11	die				expands	supplied-article-deu	safe	0.7434	approved	0				article the original does not write, read as one by UDPipe's German-HDT model (Straka and Straková, ÚFAL, CC BY-NC-SA 4.0); rests on 'Missetat' → 'עֲוֹ֥ן'
4:4	13	des				expands	supplied-article-deu	safe	0.7863	approved	0				article the original does not write, read as one by UDPipe's German-HDT model (Straka and Straková, ÚFAL, CC BY-NC-SA 4.0); rests on 'Hauses' → 'בֵּֽית'
4:5	5	die				expands	supplied-article-deu	safe	0.7951	approved	0				article the original does not write, read as one by UDPipe's German-HDT model (Straka and Straková, ÚFAL, CC BY-NC-SA 4.0); rests on 'Jahre' → 'שְׁנֵ֣י'
4:5	11	der				expands	supplied-article-deu	safe	0.7755	approved	0				article the original does not write, read as one by UDPipe's German-HDT model (Straka and Straková, ÚFAL, CC BY-NC-SA 4.0); rests on 'Tage' → 'יָמִ֔ים'
4:5	21	die				expands	supplied-article-deu	safe	0.7434	approved	0				article the original does not write, read as one by UDPipe's German-HDT model (Straka and Straková, ÚFAL, CC BY-NC-SA 4.0); rests on 'Missetat' → 'עֲוֹ֥ן'
4:5	23	des				expands	supplied-article-deu	safe	0.7863	approved	0				article the original does not write, read as one by UDPipe's German-HDT model (Straka and Straková, ÚFAL, CC BY-NC-SA 4.0); rests on 'Hauses' → 'בֵּֽית'
4:6	19	die				expands	supplied-article-deu	safe	0.7434	approved	0				article the original does not write, read as one by UDPipe's German-HDT model (Straka and Straková, ÚFAL, CC BY-NC-SA 4.0); rests on 'Missetat' → 'עֲוֹ֣ן'
4:6	21	des				expands	supplied-article-deu	safe	0.7863	approved	0				article the original does not write, read as one by UDPipe's German-HDT model (Straka and Straková, ÚFAL, CC BY-NC-SA 4.0); rests on 'Hauses' → 'בֵּית'
4:6	34	einen				expands	supplied-indefinite-article-deu	safe	0.7566	approved	0				indefinite article, read as one by UDPipe's German-HDT model (Straka and Straková, ÚFAL, CC BY-NC-SA 4.0); rests on 'Tag' → 'יֹ֥ום'
4:7	10	das				expands	supplied-article-deu	safe	0.7814	approved	0				article the original does not write, read as one by UDPipe's German-HDT model (Straka and Straková, ÚFAL, CC BY-NC-SA 4.0); rests on 'Jerusalem' → 'יְרוּשָׁלִַ֨ם֙'
4:8	21	die				expands	supplied-article-deu	safe	0.7755	approved	0				article the original does not write, read as one by UDPipe's German-HDT model (Straka and Straková, ÚFAL, CC BY-NC-SA 4.0); rests on 'Tage' → 'יְמֵ֥י'
4:11	1	Das				expands	supplied-article-deu	safe	0.7218	approved	0				article the original does not write, read as one by UDPipe's German-HDT model (Straka and Straková, ÚFAL, CC BY-NC-SA 4.0); rests on 'Wasser' → 'מַ֛יִם'
4:13	2	der				expands	supplied-article-deu	safe	0.7102	approved	0				article the original does not write, read as one by UDPipe's German-HDT model (Straka and Straková, ÚFAL, CC BY-NC-SA 4.0); rests on 'HERR' → 'יְהוָ֔ה'
4:13	7	die				expands	supplied-article-deu	safe	0.7723	approved	0				article the original does not write, read as one by UDPipe's German-HDT model (Straka and Straková, ÚFAL, CC BY-NC-SA 4.0); rests on 'Kinder' → 'בְנֵֽי'
4:16	12	des				expands	supplied-article-deu	safe	0.8	approved	0				article the original does not write, read as one by UDPipe's German-HDT model (Straka and Straková, ÚFAL, CC BY-NC-SA 4.0); rests on 'Brots' → 'לֶ֨חֶם֙'
4:16	19	das				expands	supplied-article-deu	safe	0.7675	approved	0				article the original does not write, read as one by UDPipe's German-HDT model (Straka and Straková, ÚFAL, CC BY-NC-SA 4.0); rests on 'Brot' → 'לֶ֥חֶם'
4:16	24	dem				expands	supplied-article-deu	safe	0.6636	approved	0				article the original does not write, read as one by UDPipe's German-HDT model (Straka and Straková, ÚFAL, CC BY-NC-SA 4.0); rests on 'Gewicht' → 'מִשְׁקָ֖ל'
4:16	30	das				expands	supplied-article-deu	safe	0.7218	approved	0				article the original does not write, read as one by UDPipe's German-HDT model (Straka and Straková, ÚFAL, CC BY-NC-SA 4.0); rests on 'Wasser' → 'מַ֕יִם'
5:1	5	ein				expands	supplied-indefinite-article-deu	safe	0.7934	approved	0				indefinite article, read as one by UDPipe's German-HDT model (Straka and Straková, ÚFAL, CC BY-NC-SA 4.0); rests on 'Schwert' → 'חֶ֣רֶב'
5:1	22	eine				expands	supplied-indefinite-article-deu	safe	0.6962	approved	0				indefinite article, read as one by UDPipe's German-HDT model (Straka and Straková, ÚFAL, CC BY-NC-SA 4.0); rests on 'Waage' → 'מֹאזְנֵ֥י'
5:2	15	die				expands	supplied-article-deu	safe	0.7758	approved	0				article the original does not write, read as one by UDPipe's German-HDT model (Straka and Straková, ÚFAL, CC BY-NC-SA 4.0); rests on 'Tage' → 'יְמֵ֣י'
5:2	42	das				expands	supplied-article-deu	safe	0.7934	approved	0				article the original does not write, read as one by UDPipe's German-HDT model (Straka and Straková, ÚFAL, CC BY-NC-SA 4.0); rests on 'Schwert' → 'חֶ֖רֶב'
5:3	3	ein				expands	supplied-indefinite-article-deu	safe	0.6594	approved	0				indefinite article, read as one by UDPipe's German-HDT model (Straka and Straková, ÚFAL, CC BY-NC-SA 4.0); rests on 'wenig' → 'מְעַ֣ט'
5:4	19	ein				expands	supplied-indefinite-article-deu	safe	0.7491	approved	0				indefinite article, read as one by UDPipe's German-HDT model (Straka and Straková, ÚFAL, CC BY-NC-SA 4.0); rests on 'Feuer' → 'אֵ֖שׁ'
5:4	23	das				expands	supplied-article-deu	safe	0.7859	approved	0				article the original does not write, read as one by UDPipe's German-HDT model (Straka and Straková, ÚFAL, CC BY-NC-SA 4.0); rests on 'Haus' → 'בֵּ֥ית'
5:7	3	der				expands	supplied-article-deu	safe	0.7106	approved	0				article the original does not write, read as one by UDPipe's German-HDT model (Straka and Straková, ÚFAL, CC BY-NC-SA 4.0); rests on 'Herr' → 'יְהוִ֗ה'
5:10	4	die				expands	supplied-article-deu	safe	0.792	approved	0				article the original does not write, read as one by UDPipe's German-HDT model (Straka and Straková, ÚFAL, CC BY-NC-SA 4.0); rests on 'Väter' → 'אָבֹ֞ות'
5:10	9	die				expands	supplied-article-deu	safe	0.7723	approved	0				article the original does not write, read as one by UDPipe's German-HDT model (Straka and Straková, ÚFAL, CC BY-NC-SA 4.0); rests on 'Kinder' → 'בָנִ֖ים'
5:12	41	das				expands	supplied-article-deu	safe	0.7934	approved	0				article the original does not write, read as one by UDPipe's German-HDT model (Straka and Straková, ÚFAL, CC BY-NC-SA 4.0); rests on 'Schwert' → 'חֶ֖רֶב'
5:13	24	der				expands	supplied-article-deu	safe	0.7106	approved	0				article the original does not write, read as one by UDPipe's German-HDT model (Straka and Straková, ÚFAL, CC BY-NC-SA 4.0); rests on 'HERR' → 'יְהוָ֗ה'
5:14	19	den				expands	supplied-article-deu	safe	0.7865	approved	0				article the original does not write, read as one by UDPipe's German-HDT model (Straka and Straková, ÚFAL, CC BY-NC-SA 4.0); rests on 'Augen' → 'עֵינֵ֖י'
5:15	34	der				expands	supplied-article-deu	safe	0.7106	approved	0				article the original does not write, read as one by UDPipe's German-HDT model (Straka and Straková, ÚFAL, CC BY-NC-SA 4.0); rests on 'HERR' → 'יְהוָ֖ה'
5:16	26	den				expands	supplied-article-deu	safe	0.7345	approved	0				article the original does not write, read as one by UDPipe's German-HDT model (Straka and Straková, ÚFAL, CC BY-NC-SA 4.0); rests on 'Hunger' → 'רָעָב֙'
5:16	37	des				expands	supplied-article-deu	safe	0.8	approved	0				article the original does not write, read as one by UDPipe's German-HDT model (Straka and Straková, ÚFAL, CC BY-NC-SA 4.0); rests on 'Brots' → 'לָֽחֶם'
5:17	28	das				expands	supplied-article-deu	safe	0.7934	approved	0				article the original does not write, read as one by UDPipe's German-HDT model (Straka and Straková, ÚFAL, CC BY-NC-SA 4.0); rests on 'Schwert' → 'חֶ֨רֶב֙'
5:17	34	der				expands	supplied-article-deu	safe	0.7106	approved	0				article the original does not write, read as one by UDPipe's German-HDT model (Straka and Straková, ÚFAL, CC BY-NC-SA 4.0); rests on 'HERR' → 'יְהוָ֖ה'
6:1	2	des				expands	supplied-article-deu	safe	0.7647	approved	0				article the original does not write, read as one by UDPipe's German-HDT model (Straka and Straková, ÚFAL, CC BY-NC-SA 4.0); rests on 'HERRN' → 'יְהוָ֖ה'
6:2	7	die				expands	supplied-article-deu	safe	0.7829	approved	0				article the original does not write, read as one by UDPipe's German-HDT model (Straka and Straková, ÚFAL, CC BY-NC-SA 4.0); rests on 'Berge' → 'הָרֵ֣י'
6:3	7	das				expands	supplied-article-deu	safe	0.7326	approved	0				article the original does not write, read as one by UDPipe's German-HDT model (Straka and Straková, ÚFAL, CC BY-NC-SA 4.0); rests on 'Wort' → 'דְּבַר'
6:3	30	das				expands	supplied-article-deu	safe	0.7935	approved	0				article the original does not write, read as one by UDPipe's German-HDT model (Straka and Straková, ÚFAL, CC BY-NC-SA 4.0); rests on 'Schwert' → 'חֶ֔רֶב'
6:5	6	der				expands	supplied-article-deu	safe	0.7723	approved	0				article the original does not write, read as one by UDPipe's German-HDT model (Straka and Straková, ÚFAL, CC BY-NC-SA 4.0); rests on 'Kinder' → 'בְּנֵ֣י'
6:7	12	der				expands	supplied-article-deu	safe	0.7102	approved	0				article the original does not write, read as one by UDPipe's German-HDT model (Straka and Straková, ÚFAL, CC BY-NC-SA 4.0); rests on 'HERR' → 'יְהוָֽה'
6:8	10	dem				expands	supplied-article-deu	safe	0.7935	approved	0				article the original does not write, read as one by UDPipe's German-HDT model (Straka and Straková, ÚFAL, CC BY-NC-SA 4.0); rests on 'Schwert' → 'חֶ֖רֶב'
6:10	7	der				expands	supplied-article-deu	safe	0.7102	approved	0				article the original does not write, read as one by UDPipe's German-HDT model (Straka and Straková, ÚFAL, CC BY-NC-SA 4.0); rests on 'HERR' → 'יְהוָ֑ה'
6:11	3	der				expands	supplied-article-deu	safe	0.7102	approved	0				article the original does not write, read as one by UDPipe's German-HDT model (Straka and Straková, ÚFAL, CC BY-NC-SA 4.0); rests on 'Herr' → 'יְהוִ֗ה'
6:11	21	der				expands	supplied-article-deu	safe	0.706	approved	0				article the original does not write, read as one by UDPipe's German-HDT model (Straka and Straková, ÚFAL, CC BY-NC-SA 4.0); rests on 'Bosheit' → 'רָעֹ֖ות'
6:13	7	der				expands	supplied-article-deu	safe	0.7102	approved	0				article the original does not write, read as one by UDPipe's German-HDT model (Straka and Straková, ÚFAL, CC BY-NC-SA 4.0); rests on 'HERR' → 'יְהוָ֔ה'
6:14	16	der				expands	supplied-article-deu	safe	0.7257	approved	0				article the original does not write, read as one by UDPipe's German-HDT model (Straka and Straková, ÚFAL, CC BY-NC-SA 4.0); rests on 'Wüste' → 'מִּדְבַּ֣ר'
6:14	32	der				expands	supplied-article-deu	safe	0.7102	approved	0				article the original does not write, read as one by UDPipe's German-HDT model (Straka and Straková, ÚFAL, CC BY-NC-SA 4.0); rests on 'HERR' → 'יְהוָֽה'
7:1	2	des				expands	supplied-article-deu	safe	0.7644	approved	0				article the original does not write, read as one by UDPipe's German-HDT model (Straka and Straková, ÚFAL, CC BY-NC-SA 4.0); rests on 'HERRN' → 'יְהוָ֖ה'
7:4	31	der				expands	supplied-article-deu	safe	0.7103	approved	0				article the original does not write, read as one by UDPipe's German-HDT model (Straka and Straková, ÚFAL, CC BY-NC-SA 4.0); rests on 'HERR' → 'יְהוָֽה'
7:7	27	den				expands	supplied-article-deu	safe	0.75	approved	0				article the original does not write, read as one by UDPipe's German-HDT model (Straka and Straková, ÚFAL, CC BY-NC-SA 4.0); rests on 'Bergen' → 'הָרִֽים'
7:9	34	der				expands	supplied-article-deu	safe	0.7103	approved	0				article the original does not write, read as one by UDPipe's German-HDT model (Straka and Straková, ÚFAL, CC BY-NC-SA 4.0); rests on 'HERR' → 'יְהוָ֖ה'
7:13	20	die				expands	supplied-article-deu	safe	0.5577	approved	0				article the original does not write, read as one by UDPipe's German-HDT model (Straka and Straková, ÚFAL, CC BY-NC-SA 4.0); rests on 'Weissagung' → 'חָזֹ֤ון'
7:16	14	die				expands	supplied-article-deu	safe	0.6714	approved	0				article the original does not write, read as one by UDPipe's German-HDT model (Straka and Straková, ÚFAL, CC BY-NC-SA 4.0); rests on 'Tauben' → 'יֹונֵ֧י'
7:16	23	ein				expands	supplied-indefinite-article-deu	safe	0.7584	approved	0				indefinite article, read as one by UDPipe's German-HDT model (Straka and Straková, ÚFAL, CC BY-NC-SA 4.0); rests on 'jeglicher' → 'אִ֖ישׁ'
7:19	29	des				expands	supplied-article-deu	safe	0.7644	approved	0				article the original does not write, read as one by UDPipe's German-HDT model (Straka and Straková, ÚFAL, CC BY-NC-SA 4.0); rests on 'HERRN' → 'יְהוָ֔ה'
7:19	49	ein				expands	supplied-indefinite-article-deu	safe	0.725	approved	0				indefinite article, read as one by UDPipe's German-HDT model (Straka and Straková, ÚFAL, CC BY-NC-SA 4.0); rests on 'Anstoß' → 'מִכְשֹׁ֥ול'
7:21	13	den				expands	supplied-article-deu	safe	0.7755	approved	0				article the original does not write, read as one by UDPipe's German-HDT model (Straka and Straková, ÚFAL, CC BY-NC-SA 4.0); rests on 'Gottlosen' → 'רִשְׁעֵ֥י'
7:24	7	den				expands	supplied-article-deu	safe	0.7938	approved	0				article the original does not write, read as one by UDPipe's German-HDT model (Straka and Straková, ÚFAL, CC BY-NC-SA 4.0); rests on 'Heiden' → 'גֹויִ֔ם'
7:24	19	der				expands	supplied-article-deu	safe	0.6594	approved	0				article the original does not write, read as one by UDPipe's German-HDT model (Straka and Straková, ÚFAL, CC BY-NC-SA 4.0); rests on 'Hoffart' → 'גְּאֹ֣ון'
7:26	20	den				expands	supplied-article-deu	safe	0.7962	approved	0				article the original does not write, read as one by UDPipe's German-HDT model (Straka and Straková, ÚFAL, CC BY-NC-SA 4.0); rests on 'Propheten' → 'נָּבִ֔יא'
7:26	28	den				expands	supplied-article-deu	safe	0.7822	approved	0				article the original does not write, read as one by UDPipe's German-HDT model (Straka and Straková, ÚFAL, CC BY-NC-SA 4.0); rests on 'Priestern' → 'כֹּהֵ֔ן'
7:26	33	den				expands	supplied-article-deu	safe	0.6297	approved	0				article the original does not write, read as one by UDPipe's German-HDT model (Straka and Straková, ÚFAL, CC BY-NC-SA 4.0); rests on 'Alten' → 'זְּקֵנִֽים'
7:27	15	die				expands	supplied-article-deu	safe	0.7274	approved	0				article the original does not write, read as one by UDPipe's German-HDT model (Straka and Straková, ÚFAL, CC BY-NC-SA 4.0); rests on 'Hände' → 'ידֵ֥י'
7:27	17	des				expands	supplied-article-deu	safe	0.7741	approved	0				article the original does not write, read as one by UDPipe's German-HDT model (Straka and Straková, ÚFAL, CC BY-NC-SA 4.0); rests on 'Volkes' → 'עַם'
7:27	47	der				expands	supplied-article-deu	safe	0.7103	approved	0				article the original does not write, read as one by UDPipe's German-HDT model (Straka and Straková, ÚFAL, CC BY-NC-SA 4.0); rests on 'HERR' → 'יְהוָֽה'
8:1	20	die				expands	supplied-article-deu	safe	0.6297	approved	0				article the original does not write, read as one by UDPipe's German-HDT model (Straka and Straková, ÚFAL, CC BY-NC-SA 4.0); rests on 'Alten' → 'זִקְנֵ֥י'
8:1	29	die				expands	supplied-article-deu	safe	0.7464	approved	0				article the original does not write, read as one by UDPipe's German-HDT model (Straka and Straková, ÚFAL, CC BY-NC-SA 4.0); rests on 'Hand' → 'יַ֖ד'
8:3	6	eine				expands	supplied-indefinite-article-deu	safe	0.7464	approved	0				indefinite article, read as one by UDPipe's German-HDT model (Straka and Straková, ÚFAL, CC BY-NC-SA 4.0); rests on 'Hand' → 'יָ֔ד'
8:3	19	ein				expands	supplied-indefinite-article-deu	safe	0.7779	approved	0				indefinite article, read as one by UDPipe's German-HDT model (Straka and Straková, ÚFAL, CC BY-NC-SA 4.0); rests on 'Wind' → 'ר֣וּחַ'
8:4	5	die				expands	supplied-article-deu	safe	0.6676	approved	0				article the original does not write, read as one by UDPipe's German-HDT model (Straka and Straková, ÚFAL, CC BY-NC-SA 4.0); rests on 'Herrlichkeit' → 'כְּבֹ֖וד'
8:4	7	des				expands	supplied-article-deu	safe	0.7417	approved	0				article the original does not write, read as one by UDPipe's German-HDT model (Straka and Straková, ÚFAL, CC BY-NC-SA 4.0); rests on 'Gottes' → 'אֱלֹהֵ֣י'
8:6	17	das				expands	supplied-article-deu	safe	0.7859	approved	0				article the original does not write, read as one by UDPipe's German-HDT model (Straka and Straková, ÚFAL, CC BY-NC-SA 4.0); rests on 'Haus' → 'בֵּֽית'
8:10	21	des				expands	supplied-article-deu	safe	0.7863	approved	0				article the original does not write, read as one by UDPipe's German-HDT model (Straka and Straková, ÚFAL, CC BY-NC-SA 4.0); rests on 'Hauses' → 'בֵּ֣ית'
8:11	7	den				expands	supplied-article-deu	safe	0.7681	approved	0				article the original does not write, read as one by UDPipe's German-HDT model (Straka and Straková, ÚFAL, CC BY-NC-SA 4.0); rests on 'Ältesten' → 'זִּקְנֵ֣י'
8:11	9	des				expands	supplied-article-deu	safe	0.7863	approved	0				article the original does not write, read as one by UDPipe's German-HDT model (Straka and Straková, ÚFAL, CC BY-NC-SA 4.0); rests on 'Hauses' → 'בֵֽית'
8:11	14	der				expands	supplied-article-deu	safe	0.7852	approved	0				article the original does not write, read as one by UDPipe's German-HDT model (Straka and Straková, ÚFAL, CC BY-NC-SA 4.0); rests on 'Sohn' → 'בֶן'
8:11	22	ein				expands	supplied-indefinite-article-deu	safe	0.7582	approved	0				indefinite article, read as one by UDPipe's German-HDT model (Straka and Straková, ÚFAL, CC BY-NC-SA 4.0); rests on 'jeglicher' → 'אִ֥ישׁ'
8:11	28	der				expands	supplied-article-deu	safe	0.7464	approved	0				article the original does not write, read as one by UDPipe's German-HDT model (Straka and Straková, ÚFAL, CC BY-NC-SA 4.0); rests on 'Hand' → 'יָדֹ֑ו'
8:12	11	die				expands	supplied-article-deu	safe	0.7681	approved	0				article the original does not write, read as one by UDPipe's German-HDT model (Straka and Straková, ÚFAL, CC BY-NC-SA 4.0); rests on 'Ältesten' → 'זִקְנֵ֤י'
8:12	13	des				expands	supplied-article-deu	safe	0.7863	approved	0				article the original does not write, read as one by UDPipe's German-HDT model (Straka and Straková, ÚFAL, CC BY-NC-SA 4.0); rests on 'Hauses' → 'בֵֽית'
8:12	20	ein				expands	supplied-indefinite-article-deu	safe	0.7582	approved	0				indefinite article, read as one by UDPipe's German-HDT model (Straka and Straková, ÚFAL, CC BY-NC-SA 4.0); rests on 'jeglicher' → 'אִ֖ישׁ'
8:16	6	den				expands	supplied-article-deu	safe	0.7679	approved	0				article the original does not write, read as one by UDPipe's German-HDT model (Straka and Straková, ÚFAL, CC BY-NC-SA 4.0); rests on 'Hof' → 'חֲצַ֣ר'
8:16	16	der				expands	supplied-article-deu	safe	0.6897	approved	0				article the original does not write, read as one by UDPipe's German-HDT model (Straka and Straková, ÚFAL, CC BY-NC-SA 4.0); rests on 'Tür' → 'פֶ֜תַח'
8:16	20	des				expands	supplied-article-deu	safe	0.7646	approved	0				article the original does not write, read as one by UDPipe's German-HDT model (Straka and Straková, ÚFAL, CC BY-NC-SA 4.0); rests on 'HERRN' → 'יְהוָ֗ה'
8:16	37	den				expands	supplied-article-deu	safe	0.7182	approved	0				article the original does not write, read as one by UDPipe's German-HDT model (Straka and Straková, ÚFAL, CC BY-NC-SA 4.0); rests on 'Tempel' → 'הֵיכַ֤ל'
8:16	39	des				expands	supplied-article-deu	safe	0.7646	approved	0				article the original does not write, read as one by UDPipe's German-HDT model (Straka and Straková, ÚFAL, CC BY-NC-SA 4.0); rests on 'HERRN' → 'יְהוָה֙'
8:17	11	dem				expands	supplied-article-deu	safe	0.7849	approved	0				article the original does not write, read as one by UDPipe's German-HDT model (Straka and Straková, ÚFAL, CC BY-NC-SA 4.0); rests on 'Hause' → 'בֵ֣ית'
8:17	46	die				expands	supplied-article-deu	safe	0.775	approved	0				article the original does not write, read as one by UDPipe's German-HDT model (Straka and Straková, ÚFAL, CC BY-NC-SA 4.0); rests on 'Nase' → 'אַפָּֽם'
9:1	14	die				expands	supplied-article-deu	safe	0.65	approved	0				article the original does not write, read as one by UDPipe's German-HDT model (Straka and Straková, ÚFAL, CC BY-NC-SA 4.0); rests on 'Heimsuchung' → 'פְּקֻדֹּ֣ות'
9:1	19	ein				expands	supplied-indefinite-article-deu	safe	0.7578	approved	0				indefinite article, read as one by UDPipe's German-HDT model (Straka and Straková, ÚFAL, CC BY-NC-SA 4.0); rests on 'jeglicher' → 'אִ֛ישׁ'
9:2	8	dem				expands	supplied-article-deu	safe	0.7474	approved	0				article the original does not write, read as one by UDPipe's German-HDT model (Straka and Straková, ÚFAL, CC BY-NC-SA 4.0); rests on 'Wege' → 'דֶּרֶךְ'
9:2	50	den				expands	supplied-article-deu	safe	0.7967	approved	0				article the original does not write, read as one by UDPipe's German-HDT model (Straka and Straková, ÚFAL, CC BY-NC-SA 4.0); rests on 'Altar' → 'מִזְבַּ֥ח'
9:3	2	die				expands	supplied-article-deu	safe	0.6676	approved	0				article the original does not write, read as one by UDPipe's German-HDT model (Straka and Straková, ÚFAL, CC BY-NC-SA 4.0); rests on 'Herrlichkeit' → 'כְבֹ֣וד'
9:3	4	des				expands	supplied-article-deu	safe	0.7417	approved	0				article the original does not write, read as one by UDPipe's German-HDT model (Straka and Straková, ÚFAL, CC BY-NC-SA 4.0); rests on 'Gottes' → 'אֱלֹהֵ֣י'
9:4	18	die				expands	supplied-article-deu	safe	0.6962	approved	0				article the original does not write, read as one by UDPipe's German-HDT model (Straka and Straková, ÚFAL, CC BY-NC-SA 4.0); rests on 'Stirn' → 'מִצְחֹ֣ות'
9:9	8	die				expands	supplied-article-deu	safe	0.7451	approved	0				article the original does not write, read as one by UDPipe's German-HDT model (Straka and Straková, ÚFAL, CC BY-NC-SA 4.0); rests on 'Missetat' → 'עֲוֹ֨ן'
9:9	10	des				expands	supplied-article-deu	safe	0.7864	approved	0				article the original does not write, read as one by UDPipe's German-HDT model (Straka and Straková, ÚFAL, CC BY-NC-SA 4.0); rests on 'Hauses' → 'בֵּֽית'
9:9	31	Der				expands	supplied-article-deu	safe	0.7102	approved	0				article the original does not write, read as one by UDPipe's German-HDT model (Straka and Straková, ÚFAL, CC BY-NC-SA 4.0); rests on 'HERR' → 'יְהוָה֙'
9:9	38	der				expands	supplied-article-deu	safe	0.7102	approved	0				article the original does not write, read as one by UDPipe's German-HDT model (Straka and Straková, ÚFAL, CC BY-NC-SA 4.0); rests on 'HERR' → 'יְהוָ֖ה'
10:1	10	dem				expands	supplied-article-deu	safe	0.7625	approved	0				article the original does not write, read as one by UDPipe's German-HDT model (Straka and Straková, ÚFAL, CC BY-NC-SA 4.0); rests on 'Haupt' → 'רֹ֣אשׁ'
10:1	18	ein				expands	supplied-indefinite-article-deu	safe	0.8	approved	0				indefinite article, read as one by UDPipe's German-HDT model (Straka and Straková, ÚFAL, CC BY-NC-SA 4.0); rests on 'Saphir' → 'סַפִּ֔יר'
10:1	28	ein				expands	supplied-indefinite-article-deu	safe	0.68	approved	0				indefinite article, read as one by UDPipe's German-HDT model (Straka and Straková, ÚFAL, CC BY-NC-SA 4.0); rests on 'Thron' → 'כִּסֵּ֑א'
10:4	2	die				expands	supplied-article-deu	safe	0.6654	approved	0				article the original does not write, read as one by UDPipe's German-HDT model (Straka and Straková, ÚFAL, CC BY-NC-SA 4.0); rests on 'Herrlichkeit' → 'כְּבֹוד'
10:4	29	der				expands	supplied-article-deu	safe	0.6654	approved	0				article the original does not write, read as one by UDPipe's German-HDT model (Straka and Straková, ÚFAL, CC BY-NC-SA 4.0); rests on 'Herrlichkeit' → 'כְּבֹ֥וד'
10:5	4	die				expands	supplied-article-deu	safe	0.7345	approved	0				article the original does not write, read as one by UDPipe's German-HDT model (Straka and Straková, ÚFAL, CC BY-NC-SA 4.0); rests on 'Flügel' → 'כַּנְפֵ֣י'
10:5	15	eine				expands	supplied-indefinite-article-deu	safe	0.7917	approved	0				indefinite article, read as one by UDPipe's German-HDT model (Straka and Straková, ÚFAL, CC BY-NC-SA 4.0); rests on 'Stimme' → 'קֹ֥ול'
10:8	8	eines				expands	supplied-indefinite-article-deu	safe	0.7107	approved	0				indefinite article, read as one by UDPipe's German-HDT model (Straka and Straková, ÚFAL, CC BY-NC-SA 4.0); rests on 'Menschen' → 'אָדָ֔ם'
10:14	6	das				expands	supplied-article-deu	safe	0.7523	approved	0				article the original does not write, read as one by UDPipe's German-HDT model (Straka and Straková, ÚFAL, CC BY-NC-SA 4.0); rests on 'Angesicht' → 'פְּנֵ֣י'
10:17	19	der				expands	supplied-article-deu	safe	0.757	approved	0				article the original does not write, read as one by UDPipe's German-HDT model (Straka and Straková, ÚFAL, CC BY-NC-SA 4.0); rests on 'Geist' → 'ר֥וּחַ'
10:18	2	die				expands	supplied-article-deu	safe	0.6654	approved	0				article the original does not write, read as one by UDPipe's German-HDT model (Straka and Straková, ÚFAL, CC BY-NC-SA 4.0); rests on 'Herrlichkeit' → 'כְּבֹ֣וד'
10:18	4	des				expands	supplied-article-deu	safe	0.7646	approved	0				article the original does not write, read as one by UDPipe's German-HDT model (Straka and Straková, ÚFAL, CC BY-NC-SA 4.0); rests on 'HERRN' → 'יְהוָ֔ה'
10:19	37	die				expands	supplied-article-deu	safe	0.6654	approved	0				article the original does not write, read as one by UDPipe's German-HDT model (Straka and Straková, ÚFAL, CC BY-NC-SA 4.0); rests on 'Herrlichkeit' → 'כְבֹ֧וד'
10:19	39	des				expands	supplied-article-deu	safe	0.7423	approved	0				article the original does not write, read as one by UDPipe's German-HDT model (Straka and Straková, ÚFAL, CC BY-NC-SA 4.0); rests on 'Gottes' → 'אֱלֹהֵֽי'
10:20	8	dem				expands	supplied-article-deu	safe	0.7357	approved	0				article the original does not write, read as one by UDPipe's German-HDT model (Straka and Straková, ÚFAL, CC BY-NC-SA 4.0); rests on 'Gott' → 'אֱלֹהֵֽי'
10:21	12	den				expands	supplied-article-deu	safe	0.68	approved	0				article the original does not write, read as one by UDPipe's German-HDT model (Straka and Straková, ÚFAL, CC BY-NC-SA 4.0); rests on 'Flügeln' → 'כַּנְפֵיהֶֽם'
11:1	4	ein				expands	supplied-indefinite-article-deu	safe	0.7775	approved	0				indefinite article, read as one by UDPipe's German-HDT model (Straka and Straková, ÚFAL, CC BY-NC-SA 4.0); rests on 'Wind' → 'ר֗וּחַ'
11:1	34	den				expands	supplied-article-deu	safe	0.7851	approved	0				article the original does not write, read as one by UDPipe's German-HDT model (Straka and Straková, ÚFAL, CC BY-NC-SA 4.0); rests on 'Sohn' → 'בֶן'
11:1	39	den				expands	supplied-article-deu	safe	0.7851	approved	0				article the original does not write, read as one by UDPipe's German-HDT model (Straka and Straková, ÚFAL, CC BY-NC-SA 4.0); rests on 'Sohn' → 'בֶן'
11:1	42	die				expands	supplied-article-deu	safe	0.564	approved	0				article the original does not write, read as one by UDPipe's German-HDT model (Straka and Straková, ÚFAL, CC BY-NC-SA 4.0); rests on 'Fürsten' → 'שָׂרֵ֖י'
11:5	2	der				expands	supplied-article-deu	safe	0.7565	approved	0				article the original does not write, read as one by UDPipe's German-HDT model (Straka and Straková, ÚFAL, CC BY-NC-SA 4.0); rests on 'Geist' → 'ר֣וּחַ'
11:5	4	des				expands	supplied-article-deu	safe	0.7643	approved	0				article the original does not write, read as one by UDPipe's German-HDT model (Straka and Straková, ÚFAL, CC BY-NC-SA 4.0); rests on 'HERRN' → 'יְהוָה֒'
11:5	17	der				expands	supplied-article-deu	safe	0.7109	approved	0				article the original does not write, read as one by UDPipe's German-HDT model (Straka and Straková, ÚFAL, CC BY-NC-SA 4.0); rests on 'HERR' → 'יְהוָ֔ה'
11:8	1	Das				expands	supplied-article-deu	safe	0.7935	approved	0				article the original does not write, read as one by UDPipe's German-HDT model (Straka and Straková, ÚFAL, CC BY-NC-SA 4.0); rests on 'Schwert' → 'חֶ֖רֶב'
11:9	11	die				expands	supplied-article-deu	safe	0.7466	approved	0				article the original does not write, read as one by UDPipe's German-HDT model (Straka and Straková, ÚFAL, CC BY-NC-SA 4.0); rests on 'Hand' → 'יַד'
11:10	7	der				expands	supplied-article-deu	safe	0.7681	approved	0				article the original does not write, read as one by UDPipe's German-HDT model (Straka and Straková, ÚFAL, CC BY-NC-SA 4.0); rests on 'Grenze' → 'גְּב֥וּל'
11:10	19	der				expands	supplied-article-deu	safe	0.7109	approved	0				article the original does not write, read as one by UDPipe's German-HDT model (Straka and Straková, ÚFAL, CC BY-NC-SA 4.0); rests on 'HERR' → 'יְהוָֽה'
11:11	11	das				expands	supplied-article-deu	safe	0.7819	approved	0				article the original does not write, read as one by UDPipe's German-HDT model (Straka and Straková, ÚFAL, CC BY-NC-SA 4.0); rests on 'Fleisch' → 'בָשָׂ֑ר'
11:11	16	der				expands	supplied-article-deu	safe	0.7681	approved	0				article the original does not write, read as one by UDPipe's German-HDT model (Straka and Straková, ÚFAL, CC BY-NC-SA 4.0); rests on 'Grenze' → 'גְּב֥וּל'
11:12	7	der				expands	supplied-article-deu	safe	0.7109	approved	0				article the original does not write, read as one by UDPipe's German-HDT model (Straka and Straková, ÚFAL, CC BY-NC-SA 4.0); rests on 'HERR' → 'יְהוָ֔ה'
11:13	8	der				expands	supplied-article-deu	safe	0.7851	approved	0				article the original does not write, read as one by UDPipe's German-HDT model (Straka and Straková, ÚFAL, CC BY-NC-SA 4.0); rests on 'Sohn' → 'בֶן'
11:13	30	den				expands	supplied-article-deu	safe	0.7963	approved	0				article the original does not write, read as one by UDPipe's German-HDT model (Straka and Straková, ÚFAL, CC BY-NC-SA 4.0); rests on 'Israels' → 'יִשְׂרָאֵֽל'
11:14	3	des				expands	supplied-article-deu	safe	0.7643	approved	0				article the original does not write, read as one by UDPipe's German-HDT model (Straka and Straková, ÚFAL, CC BY-NC-SA 4.0); rests on 'HERRN' → 'יְהוָ֖ה'
11:15	10	dem				expands	supplied-article-deu	safe	0.7859	approved	0				article the original does not write, read as one by UDPipe's German-HDT model (Straka and Straková, ÚFAL, CC BY-NC-SA 4.0); rests on 'Haus' → 'בֵּ֥ית'
11:19	18	das				expands	supplied-article-deu	safe	0.6538	approved	0				article the original does not write, read as one by UDPipe's German-HDT model (Straka and Straková, ÚFAL, CC BY-NC-SA 4.0); rests on 'Herz' → 'לֵ֤ב'
11:19	26	ein				expands	supplied-indefinite-article-deu	safe	0.6538	approved	0				indefinite article, read as one by UDPipe's German-HDT model (Straka and Straková, ÚFAL, CC BY-NC-SA 4.0); rests on 'Herz' → 'לֵ֥ב'
11:22	14	die				expands	supplied-article-deu	safe	0.6665	approved	0				article the original does not write, read as one by UDPipe's German-HDT model (Straka and Straková, ÚFAL, CC BY-NC-SA 4.0); rests on 'Herrlichkeit' → 'כְבֹ֧וד'
11:22	16	des				expands	supplied-article-deu	safe	0.7416	approved	0				article the original does not write, read as one by UDPipe's German-HDT model (Straka and Straková, ÚFAL, CC BY-NC-SA 4.0); rests on 'Gottes' → 'אֱלֹהֵֽי'
11:23	2	die				expands	supplied-article-deu	safe	0.6665	approved	0				article the original does not write, read as one by UDPipe's German-HDT model (Straka and Straková, ÚFAL, CC BY-NC-SA 4.0); rests on 'Herrlichkeit' → 'כְּבֹ֣וד'
11:23	4	des				expands	supplied-article-deu	safe	0.7643	approved	0				article the original does not write, read as one by UDPipe's German-HDT model (Straka and Straková, ÚFAL, CC BY-NC-SA 4.0); rests on 'HERRN' → 'יְהוָ֔ה'
11:24	2	ein				expands	supplied-indefinite-article-deu	safe	0.7775	approved	0				indefinite article, read as one by UDPipe's German-HDT model (Straka and Straková, ÚFAL, CC BY-NC-SA 4.0); rests on 'Wind' → 'ר֣וּחַ'
11:25	8	des				expands	supplied-article-deu	safe	0.7643	approved	0				article the original does not write, read as one by UDPipe's German-HDT model (Straka and Straková, ÚFAL, CC BY-NC-SA 4.0); rests on 'HERRN' → 'יְהוָ֖ה'
12:1	2	des				expands	supplied-article-deu	safe	0.7643	approved	0				article the original does not write, read as one by UDPipe's German-HDT model (Straka and Straková, ÚFAL, CC BY-NC-SA 4.0); rests on 'HERRN' → 'יְהוָ֖ה'
12:2	6	einem				expands	supplied-indefinite-article-deu	safe	0.7858	approved	0				indefinite article, read as one by UDPipe's German-HDT model (Straka and Straková, ÚFAL, CC BY-NC-SA 4.0); rests on 'Haus' → 'בֵּית'
12:2	33	ein				expands	supplied-indefinite-article-deu	safe	0.7858	approved	0				indefinite article, read as one by UDPipe's German-HDT model (Straka and Straková, ÚFAL, CC BY-NC-SA 4.0); rests on 'Haus' → 'בֵּ֥ית'
12:3	23	einen				expands	supplied-indefinite-article-deu	safe	0.718	approved	0				indefinite article, read as one by UDPipe's German-HDT model (Straka and Straková, ÚFAL, CC BY-NC-SA 4.0); rests on 'Ort' → 'מָקֹ֤ום'
12:3	36	ein				expands	supplied-indefinite-article-deu	safe	0.7858	approved	0				indefinite article, read as one by UDPipe's German-HDT model (Straka and Straková, ÚFAL, CC BY-NC-SA 4.0); rests on 'Haus' → 'בֵּ֥ית'
12:6	34	dem				expands	supplied-article-deu	safe	0.7849	approved	0				article the original does not write, read as one by UDPipe's German-HDT model (Straka and Straková, ÚFAL, CC BY-NC-SA 4.0); rests on 'Hause' → 'בֵ֥ית'
12:7	24	der				expands	supplied-article-deu	safe	0.7466	approved	0				article the original does not write, read as one by UDPipe's German-HDT model (Straka and Straková, ÚFAL, CC BY-NC-SA 4.0); rests on 'Hand' → 'יָ֑ד'
12:8	4	des				expands	supplied-article-deu	safe	0.7643	approved	0				article the original does not write, read as one by UDPipe's German-HDT model (Straka and Straková, ÚFAL, CC BY-NC-SA 4.0); rests on 'HERRN' → 'יְהוָ֛ה'
12:9	3	das				expands	supplied-article-deu	safe	0.7858	approved	0				article the original does not write, read as one by UDPipe's German-HDT model (Straka and Straková, ÚFAL, CC BY-NC-SA 4.0); rests on 'Haus' → 'בֵּ֥ית'
12:9	6	das				expands	supplied-article-deu	safe	0.7858	approved	0				article the original does not write, read as one by UDPipe's German-HDT model (Straka and Straková, ÚFAL, CC BY-NC-SA 4.0); rests on 'Haus' → 'בֵּ֣ית'
12:10	18	das				expands	supplied-article-deu	safe	0.7858	approved	0				article the original does not write, read as one by UDPipe's German-HDT model (Straka and Straková, ÚFAL, CC BY-NC-SA 4.0); rests on 'Haus' → 'בֵּ֥ית'
12:14	21	das				expands	supplied-article-deu	safe	0.7935	approved	0				article the original does not write, read as one by UDPipe's German-HDT model (Straka and Straková, ÚFAL, CC BY-NC-SA 4.0); rests on 'Schwert' → 'חֶ֖רֶב'
12:15	7	der				expands	supplied-article-deu	safe	0.711	approved	0				article the original does not write, read as one by UDPipe's German-HDT model (Straka and Straková, ÚFAL, CC BY-NC-SA 4.0); rests on 'HERR' → 'יְהוָ֑ה'
12:16	10	dem				expands	supplied-article-deu	safe	0.7935	approved	0				article the original does not write, read as one by UDPipe's German-HDT model (Straka and Straková, ÚFAL, CC BY-NC-SA 4.0); rests on 'Schwert' → 'חֶ֖רֶב'
12:16	12	dem				expands	supplied-article-deu	safe	0.7368	approved	0				article the original does not write, read as one by UDPipe's German-HDT model (Straka and Straková, ÚFAL, CC BY-NC-SA 4.0); rests on 'Hunger' → 'רָעָ֣ב'
12:16	15	der				expands	supplied-article-deu	safe	0.7906	approved	0				article the original does not write, read as one by UDPipe's German-HDT model (Straka and Straková, ÚFAL, CC BY-NC-SA 4.0); rests on 'Pestilenz' → 'דָּ֑בֶר'
12:16	35	der				expands	supplied-article-deu	safe	0.711	approved	0				article the original does not write, read as one by UDPipe's German-HDT model (Straka and Straková, ÚFAL, CC BY-NC-SA 4.0); rests on 'HERR' → 'יְהוָֽה'
12:17	2	des				expands	supplied-article-deu	safe	0.7643	approved	0				article the original does not write, read as one by UDPipe's German-HDT model (Straka and Straková, ÚFAL, CC BY-NC-SA 4.0); rests on 'HERRN' → 'יְהוָ֖ה'
12:19	13	den				expands	supplied-article-deu	safe	0.8	approved	0				article the original does not write, read as one by UDPipe's German-HDT model (Straka and Straková, ÚFAL, CC BY-NC-SA 4.0); rests on 'Einwohnern' → 'יֹושְׁבֵ֤י'
12:19	34	das				expands	supplied-article-deu	safe	0.7646	approved	0				article the original does not write, read as one by UDPipe's German-HDT model (Straka and Straková, ÚFAL, CC BY-NC-SA 4.0); rests on 'Land' → 'אַרְצָהּ֙'
12:19	45	des				expands	supplied-article-deu	safe	0.665	approved	0				article the original does not write, read as one by UDPipe's German-HDT model (Straka and Straková, ÚFAL, CC BY-NC-SA 4.0); rests on 'Frevels' → 'חֲמַ֖ס'
12:20	21	der				expands	supplied-article-deu	safe	0.711	approved	0				article the original does not write, read as one by UDPipe's German-HDT model (Straka and Straková, ÚFAL, CC BY-NC-SA 4.0); rests on 'HERR' → 'יְהוָֽה'
12:21	2	des				expands	supplied-article-deu	safe	0.7643	approved	0				article the original does not write, read as one by UDPipe's German-HDT model (Straka and Straková, ÚFAL, CC BY-NC-SA 4.0); rests on 'HERRN' → 'יְהוָ֖ה'
12:22	25	der				expands	supplied-article-deu	safe	0.6125	approved	0				article the original does not write, read as one by UDPipe's German-HDT model (Straka and Straková, ÚFAL, CC BY-NC-SA 4.0); rests on 'Weissagung' → 'חָזֹֽון'
12:23	7	der				expands	supplied-article-deu	safe	0.711	approved	0				article the original does not write, read as one by UDPipe's German-HDT model (Straka and Straková, ÚFAL, CC BY-NC-SA 4.0); rests on 'Herr' → 'יְהוִה֒'
12:25	4	der				expands	supplied-article-deu	safe	0.711	approved	0				article the original does not write, read as one by UDPipe's German-HDT model (Straka and Straková, ÚFAL, CC BY-NC-SA 4.0); rests on 'HERR' → 'יְהוָ֗ה'
12:26	2	des				expands	supplied-article-deu	safe	0.7643	approved	0				article the original does not write, read as one by UDPipe's German-HDT model (Straka and Straková, ÚFAL, CC BY-NC-SA 4.0); rests on 'HERRN' → 'יְהוָ֖ה'
12:27	4	das				expands	supplied-article-deu	safe	0.7858	approved	0				article the original does not write, read as one by UDPipe's German-HDT model (Straka and Straková, ÚFAL, CC BY-NC-SA 4.0); rests on 'Haus' → 'בֵֽית'
12:27	22	die				expands	supplied-article-deu	safe	0.6282	approved	0				article the original does not write, read as one by UDPipe's German-HDT model (Straka and Straková, ÚFAL, CC BY-NC-SA 4.0); rests on 'Zeit' → 'יָמִ֣ים'
13:1	2	des				expands	supplied-article-deu	safe	0.7644	approved	0				article the original does not write, read as one by UDPipe's German-HDT model (Straka and Straková, ÚFAL, CC BY-NC-SA 4.0); rests on 'HERRN' → 'יְהוָ֖ה'
13:2	5	die				expands	supplied-article-deu	safe	0.7961	approved	0				article the original does not write, read as one by UDPipe's German-HDT model (Straka and Straková, ÚFAL, CC BY-NC-SA 4.0); rests on 'Propheten' → 'נְבִיאֵ֥י'
13:2	19	des				expands	supplied-article-deu	safe	0.7644	approved	0				article the original does not write, read as one by UDPipe's German-HDT model (Straka and Straková, ÚFAL, CC BY-NC-SA 4.0); rests on 'HERRN' → 'יְהוָֽה'
13:4	7	die				expands	supplied-article-deu	safe	0.8	approved	0				article the original does not write, read as one by UDPipe's German-HDT model (Straka and Straková, ÚFAL, CC BY-NC-SA 4.0); rests on 'Füchse' → 'שֻׁעָלִ֖ים'
13:5	14	das				expands	supplied-article-deu	safe	0.7859	approved	0				article the original does not write, read as one by UDPipe's German-HDT model (Straka and Straková, ÚFAL, CC BY-NC-SA 4.0); rests on 'Haus' → 'בֵּ֣ית'
13:5	24	des				expands	supplied-article-deu	safe	0.7644	approved	0				article the original does not write, read as one by UDPipe's German-HDT model (Straka and Straková, ÚFAL, CC BY-NC-SA 4.0); rests on 'HERRN' → 'יְהוָֽה'
13:6	20	der				expands	supplied-article-deu	safe	0.7113	approved	0				article the original does not write, read as one by UDPipe's German-HDT model (Straka and Straková, ÚFAL, CC BY-NC-SA 4.0); rests on 'HERR' → 'יהוָ֖ה'
13:9	31	des				expands	supplied-article-deu	safe	0.7864	approved	0				article the original does not write, read as one by UDPipe's German-HDT model (Straka and Straková, ÚFAL, CC BY-NC-SA 4.0); rests on 'Hauses' → 'בֵּֽית'
13:14	39	der				expands	supplied-article-deu	safe	0.7113	approved	0				article the original does not write, read as one by UDPipe's German-HDT model (Straka and Straková, ÚFAL, CC BY-NC-SA 4.0); rests on 'HERR' → 'יְהוָֽה'
13:16	3	die				expands	supplied-article-deu	safe	0.7961	approved	0				article the original does not write, read as one by UDPipe's German-HDT model (Straka and Straková, ÚFAL, CC BY-NC-SA 4.0); rests on 'Propheten' → 'נְבִיאֵ֣י'
13:17	8	die				expands	supplied-article-deu	safe	0.7914	approved	0				article the original does not write, read as one by UDPipe's German-HDT model (Straka and Straková, ÚFAL, CC BY-NC-SA 4.0); rests on 'Töchter' → 'בְּנֹ֣ות'
13:18	22	den				expands	supplied-article-deu	safe	0.8	approved	0				article the original does not write, read as one by UDPipe's German-HDT model (Straka and Straková, ÚFAL, CC BY-NC-SA 4.0); rests on 'Häuptern' → 'רֹ֥אשׁ'
13:18	28	die				expands	supplied-article-deu	safe	0.8	approved	0				article the original does not write, read as one by UDPipe's German-HDT model (Straka and Straková, ÚFAL, CC BY-NC-SA 4.0); rests on 'Seelen' → 'נְפָשֹׁ֑ות'
13:19	12	einen				expands	supplied-indefinite-article-deu	safe	0.7625	approved	0				indefinite article, read as one by UDPipe's German-HDT model (Straka and Straková, ÚFAL, CC BY-NC-SA 4.0); rests on 'Bissen' → 'פְתֹ֣ותֵי'
13:19	18	die				expands	supplied-article-deu	safe	0.8	approved	0				article the original does not write, read as one by UDPipe's German-HDT model (Straka and Straková, ÚFAL, CC BY-NC-SA 4.0); rests on 'Seelen' → 'נְפָשֹׁות֙'
13:21	27	der				expands	supplied-article-deu	safe	0.7113	approved	0				article the original does not write, read as one by UDPipe's German-HDT model (Straka and Straková, ÚFAL, CC BY-NC-SA 4.0); rests on 'HERR' → 'יְהוָֽה'
13:22	4	das				expands	supplied-article-deu	safe	0.6545	approved	0				article the original does not write, read as one by UDPipe's German-HDT model (Straka and Straková, ÚFAL, CC BY-NC-SA 4.0); rests on 'Herz' → 'לֵב'
13:22	18	die				expands	supplied-article-deu	safe	0.7278	approved	0				article the original does not write, read as one by UDPipe's German-HDT model (Straka and Straková, ÚFAL, CC BY-NC-SA 4.0); rests on 'Hände' → 'יְדֵ֣י'
13:23	26	der				expands	supplied-article-deu	safe	0.7113	approved	0				article the original does not write, read as one by UDPipe's German-HDT model (Straka and Straková, ÚFAL, CC BY-NC-SA 4.0); rests on 'HERR' → 'יְהוָֽה'
14:1	6	den				expands	supplied-article-deu	safe	0.7964	approved	0				article the original does not write, read as one by UDPipe's German-HDT model (Straka and Straková, ÚFAL, CC BY-NC-SA 4.0); rests on 'Israels' → 'יִשְׂרָאֵ֑ל'
14:2	3	des				expands	supplied-article-deu	safe	0.7644	approved	0				article the original does not write, read as one by UDPipe's German-HDT model (Straka and Straková, ÚFAL, CC BY-NC-SA 4.0); rests on 'HERRN' → 'יְהוָ֖ה'
14:3	14	dem				expands	supplied-article-deu	safe	0.71	approved	0				article the original does not write, read as one by UDPipe's German-HDT model (Straka and Straková, ÚFAL, CC BY-NC-SA 4.0); rests on 'Anstoß' → 'מִכְשֹׁ֣ול'
14:4	29	dem				expands	supplied-article-deu	safe	0.71	approved	0				article the original does not write, read as one by UDPipe's German-HDT model (Straka and Straková, ÚFAL, CC BY-NC-SA 4.0); rests on 'Anstoß' → 'מִכְשֹׁ֤ול'
14:4	41	der				expands	supplied-article-deu	safe	0.7115	approved	0				article the original does not write, read as one by UDPipe's German-HDT model (Straka and Straková, ÚFAL, CC BY-NC-SA 4.0); rests on 'HERR' → 'יְהוָ֗ה'
14:5	4	das				expands	supplied-article-deu	safe	0.7859	approved	0				article the original does not write, read as one by UDPipe's German-HDT model (Straka and Straková, ÚFAL, CC BY-NC-SA 4.0); rests on 'Haus' → 'בֵּֽית'
14:7	45	der				expands	supplied-article-deu	safe	0.7115	approved	0				article the original does not write, read as one by UDPipe's German-HDT model (Straka and Straková, ÚFAL, CC BY-NC-SA 4.0); rests on 'HERR' → 'יְהוָ֔ה'
14:8	32	der				expands	supplied-article-deu	safe	0.7115	approved	0				article the original does not write, read as one by UDPipe's German-HDT model (Straka and Straková, ÚFAL, CC BY-NC-SA 4.0); rests on 'HERR' → 'יְהוָֽה'
14:9	14	der				expands	supplied-article-deu	safe	0.7115	approved	0				article the original does not write, read as one by UDPipe's German-HDT model (Straka and Straková, ÚFAL, CC BY-NC-SA 4.0); rests on 'HERR' → 'יְהוָה֙'
14:10	9	die				expands	supplied-article-deu	safe	0.7437	approved	0				article the original does not write, read as one by UDPipe's German-HDT model (Straka and Straková, ÚFAL, CC BY-NC-SA 4.0); rests on 'Missetat' → 'עֲוֹן֙'
14:10	17	die				expands	supplied-article-deu	safe	0.7437	approved	0				article the original does not write, read as one by UDPipe's German-HDT model (Straka and Straková, ÚFAL, CC BY-NC-SA 4.0); rests on 'Missetat' → 'עֲוֹ֥ן'
14:11	3	das				expands	supplied-article-deu	safe	0.7859	approved	0				article the original does not write, read as one by UDPipe's German-HDT model (Straka and Straková, ÚFAL, CC BY-NC-SA 4.0); rests on 'Haus' → 'בֵּֽית'
14:12	2	des				expands	supplied-article-deu	safe	0.7644	approved	0				article the original does not write, read as one by UDPipe's German-HDT model (Straka and Straková, ÚFAL, CC BY-NC-SA 4.0); rests on 'HERRN' → 'יְהוָ֖ה'
14:13	4	ein				expands	supplied-indefinite-article-deu	safe	0.7645	approved	0				indefinite article, read as one by UDPipe's German-HDT model (Straka and Straková, ÚFAL, CC BY-NC-SA 4.0); rests on 'Land' → 'אֶ֚רֶץ'
14:13	24	des				expands	supplied-article-deu	safe	0.7699	approved	0				article the original does not write, read as one by UDPipe's German-HDT model (Straka and Straková, ÚFAL, CC BY-NC-SA 4.0); rests on 'Brotes' → 'לָ֑חֶם'
14:17	4	das				expands	supplied-article-deu	safe	0.7935	approved	0				article the original does not write, read as one by UDPipe's German-HDT model (Straka and Straková, ÚFAL, CC BY-NC-SA 4.0); rests on 'Schwert' → 'חֶ֥רֶב'
15:1	2	des				expands	supplied-article-deu	safe	0.7644	approved	0				article the original does not write, read as one by UDPipe's German-HDT model (Straka and Straková, ÚFAL, CC BY-NC-SA 4.0); rests on 'HERRN' → 'יְהוָ֖ה'
15:2	5	das				expands	supplied-article-deu	safe	0.7804	approved	0				article the original does not write, read as one by UDPipe's German-HDT model (Straka and Straková, ÚFAL, CC BY-NC-SA 4.0); rests on 'Holz' → 'עֵץ'
15:3	13	einen				expands	supplied-indefinite-article-deu	safe	0.8	approved	0				indefinite article, read as one by UDPipe's German-HDT model (Straka and Straková, ÚFAL, CC BY-NC-SA 4.0); rests on 'Nagel' → 'יָתֵ֔ד'
15:5	24	das				expands	supplied-article-deu	safe	0.7475	approved	0				article the original does not write, read as one by UDPipe's German-HDT model (Straka and Straková, ÚFAL, CC BY-NC-SA 4.0); rests on 'Feuer' → 'אֵ֤שׁ'
15:6	8	das				expands	supplied-article-deu	safe	0.7804	approved	0				article the original does not write, read as one by UDPipe's German-HDT model (Straka and Straková, ÚFAL, CC BY-NC-SA 4.0); rests on 'Holz' → 'עֵץ'
15:6	26	den				expands	supplied-article-deu	safe	0.8	approved	0				article the original does not write, read as one by UDPipe's German-HDT model (Straka and Straková, ÚFAL, CC BY-NC-SA 4.0); rests on 'Einwohnern' → 'יֹשְׁבֵ֖י'
16:1	2	des				expands	supplied-article-deu	safe	0.7644	approved	0				article the original does not write, read as one by UDPipe's German-HDT model (Straka and Straková, ÚFAL, CC BY-NC-SA 4.0); rests on 'HERRN' → 'יְהוָ֖ה'
16:3	27	den				expands	supplied-article-deu	safe	0.8	approved	0				article the original does not write, read as one by UDPipe's German-HDT model (Straka and Straková, ÚFAL, CC BY-NC-SA 4.0); rests on 'Hethitern' → 'חִתִּֽית'
16:8	42	einen				expands	supplied-indefinite-article-deu	safe	0.7537	approved	0				indefinite article, read as one by UDPipe's German-HDT model (Straka and Straková, ÚFAL, CC BY-NC-SA 4.0); rests on 'Bund' → 'בְרִ֜ית'
16:12	15	eine				expands	supplied-indefinite-article-deu	safe	0.6091	approved	0				indefinite article, read as one by UDPipe's German-HDT model (Straka and Straková, ÚFAL, CC BY-NC-SA 4.0); rests on 'Krone' → 'עֲטֶ֥רֶת'
16:22	13	die				expands	supplied-article-deu	safe	0.6281	approved	0				article the original does not write, read as one by UDPipe's German-HDT model (Straka and Straková, ÚFAL, CC BY-NC-SA 4.0); rests on 'Zeit' → 'יְמֵ֣י'
16:26	6	den				expands	supplied-article-deu	safe	0.786	approved	0				article the original does not write, read as one by UDPipe's German-HDT model (Straka and Straková, ÚFAL, CC BY-NC-SA 4.0); rests on 'Kindern' → 'בְּנֵֽי'
16:27	24	der				expands	supplied-article-deu	safe	0.791	approved	0				article the original does not write, read as one by UDPipe's German-HDT model (Straka and Straková, ÚFAL, CC BY-NC-SA 4.0); rests on 'Töchter' → 'בְּנֹ֣ות'
16:27	26	der				expands	supplied-article-deu	safe	0.7904	approved	0				article the original does not write, read as one by UDPipe's German-HDT model (Straka and Straková, ÚFAL, CC BY-NC-SA 4.0); rests on 'Philister' → 'פְּלִשְׁתִּ֔ים'
16:28	6	den				expands	supplied-article-deu	safe	0.786	approved	0				article the original does not write, read as one by UDPipe's German-HDT model (Straka and Straková, ÚFAL, CC BY-NC-SA 4.0); rests on 'Kindern' → 'בְּנֵ֣י'
16:35	5	des				expands	supplied-article-deu	safe	0.7644	approved	0				article the original does not write, read as one by UDPipe's German-HDT model (Straka and Straková, ÚFAL, CC BY-NC-SA 4.0); rests on 'HERRN' → 'יְהוָֽה'
16:36	31	das				expands	supplied-article-deu	safe	0.7951	approved	0				article the original does not write, read as one by UDPipe's German-HDT model (Straka and Straková, ÚFAL, CC BY-NC-SA 4.0); rests on 'Blut' → 'דְמֵ֣י'
16:38	3	das				expands	supplied-article-deu	safe	0.5677	approved	0				article the original does not write, read as one by UDPipe's German-HDT model (Straka and Straková, ÚFAL, CC BY-NC-SA 4.0); rests on 'Recht' → 'מִשְׁפְּטֵ֣י'
16:41	13	den				expands	supplied-article-deu	safe	0.7865	approved	0				article the original does not write, read as one by UDPipe's German-HDT model (Straka and Straková, ÚFAL, CC BY-NC-SA 4.0); rests on 'Augen' → 'עֵינֵ֖י'
16:43	8	die				expands	supplied-article-deu	safe	0.6281	approved	0				article the original does not write, read as one by UDPipe's German-HDT model (Straka and Straková, ÚFAL, CC BY-NC-SA 4.0); rests on 'Zeit' → 'יְמֵ֣י'
16:43	27	den				expands	supplied-article-deu	safe	0.7755	approved	0				article the original does not write, read as one by UDPipe's German-HDT model (Straka and Straková, ÚFAL, CC BY-NC-SA 4.0); rests on 'Kopf' → 'רֹ֣אשׁ'
16:44	19	die				expands	supplied-article-deu	safe	0.7733	approved	0				article the original does not write, read as one by UDPipe's German-HDT model (Straka and Straková, ÚFAL, CC BY-NC-SA 4.0); rests on 'Mutter' → 'אִמָּ֖ה'
16:45	15	eine				expands	supplied-indefinite-article-deu	safe	0.8	approved	0				indefinite article, read as one by UDPipe's German-HDT model (Straka and Straková, ÚFAL, CC BY-NC-SA 4.0); rests on 'Schwester' → 'אֲחֹ֨ות'
16:45	32	den				expands	supplied-article-deu	safe	0.8	approved	0				article the original does not write, read as one by UDPipe's German-HDT model (Straka and Straková, ÚFAL, CC BY-NC-SA 4.0); rests on 'Hethitern' → 'חִתִּ֔ית'
16:45	37	ein				expands	supplied-indefinite-article-deu	safe	0.8	approved	0				indefinite article, read as one by UDPipe's German-HDT model (Straka and Straková, ÚFAL, CC BY-NC-SA 4.0); rests on 'Amoriter' → 'אֱמֹרִֽי'
16:56	5	die				expands	supplied-article-deu	safe	0.8	approved	0				article the original does not write, read as one by UDPipe's German-HDT model (Straka and Straková, ÚFAL, CC BY-NC-SA 4.0); rests on 'Sodom' → 'סְדֹ֣ם'
16:57	13	die				expands	supplied-article-deu	safe	0.791	approved	0				article the original does not write, read as one by UDPipe's German-HDT model (Straka and Straková, ÚFAL, CC BY-NC-SA 4.0); rests on 'Töchter' → 'בְּנֹות'
16:57	17	die				expands	supplied-article-deu	safe	0.791	approved	0				article the original does not write, read as one by UDPipe's German-HDT model (Straka and Straková, ÚFAL, CC BY-NC-SA 4.0); rests on 'Töchter' → 'בְּנֹ֣ות'
16:57	19	der				expands	supplied-article-deu	safe	0.7904	approved	0				article the original does not write, read as one by UDPipe's German-HDT model (Straka and Straková, ÚFAL, CC BY-NC-SA 4.0); rests on 'Philister' → 'פְּלִשְׁתִּ֑ים'
16:58	8	der				expands	supplied-article-deu	safe	0.7119	approved	0				article the original does not write, read as one by UDPipe's German-HDT model (Straka and Straková, ÚFAL, CC BY-NC-SA 4.0); rests on 'HERR' → 'יְהוָֽה'
16:59	22	den				expands	supplied-article-deu	safe	0.7537	approved	0				article the original does not write, read as one by UDPipe's German-HDT model (Straka and Straková, ÚFAL, CC BY-NC-SA 4.0); rests on 'Bund' → 'בְּרִֽית'
16:60	22	einen				expands	supplied-indefinite-article-deu	safe	0.7537	approved	0				indefinite article, read as one by UDPipe's German-HDT model (Straka and Straková, ÚFAL, CC BY-NC-SA 4.0); rests on 'Bund' → 'בְּרִ֥ית'
16:62	15	der				expands	supplied-article-deu	safe	0.7119	approved	0				article the original does not write, read as one by UDPipe's German-HDT model (Straka and Straková, ÚFAL, CC BY-NC-SA 4.0); rests on 'HERR' → 'יְהוָֽה'
17:1	2	des				expands	supplied-article-deu	safe	0.7644	approved	0				article the original does not write, read as one by UDPipe's German-HDT model (Straka and Straková, ÚFAL, CC BY-NC-SA 4.0); rests on 'HERRN' → 'יְהוָ֖ה'
17:2	5	dem				expands	supplied-article-deu	safe	0.7849	approved	0				article the original does not write, read as one by UDPipe's German-HDT model (Straka and Straková, ÚFAL, CC BY-NC-SA 4.0); rests on 'Hause' → 'בֵּ֖ית'
17:2	8	ein				expands	supplied-indefinite-article-deu	safe	0.8	approved	0				indefinite article, read as one by UDPipe's German-HDT model (Straka and Straková, ÚFAL, CC BY-NC-SA 4.0); rests on 'Rätsel' → 'חִידָ֖ה'
17:3	29	den				expands	supplied-article-deu	safe	0.6875	approved	0				article the original does not write, read as one by UDPipe's German-HDT model (Straka and Straková, ÚFAL, CC BY-NC-SA 4.0); rests on 'Wipfel' → 'צַמֶּ֥רֶת'
17:6	6	ein				expands	supplied-indefinite-article-deu	safe	0.7875	approved	0				indefinite article, read as one by UDPipe's German-HDT model (Straka and Straková, ÚFAL, CC BY-NC-SA 4.0); rests on 'Weinstock' → 'גֶ֨פֶן'
17:6	29	ein				expands	supplied-indefinite-article-deu	safe	0.7875	approved	0				indefinite article, read as one by UDPipe's German-HDT model (Straka and Straková, ÚFAL, CC BY-NC-SA 4.0); rests on 'Weinstock' → 'גֶ֔פֶן'
17:8	22	ein				expands	supplied-indefinite-article-deu	safe	0.7875	approved	0				indefinite article, read as one by UDPipe's German-HDT model (Straka and Straková, ÚFAL, CC BY-NC-SA 4.0); rests on 'Weinstock' → 'גֶ֥פֶן'
17:11	2	des				expands	supplied-article-deu	safe	0.7108	approved	0				article the original does not write, read as one by UDPipe's German-HDT model (Straka and Straková, ÚFAL, CC BY-NC-SA 4.0); rests on 'HERR' → 'יְהוָ֖ה'
17:12	18	ein				expands	supplied-indefinite-article-deu	safe	0.7345	approved	0				indefinite article, read as one by UDPipe's German-HDT model (Straka and Straková, ÚFAL, CC BY-NC-SA 4.0); rests on 'König' → 'מֶֽלֶךְ'
17:13	9	einen				expands	supplied-indefinite-article-deu	safe	0.7537	approved	0				indefinite article, read as one by UDPipe's German-HDT model (Straka and Straková, ÚFAL, CC BY-NC-SA 4.0); rests on 'Bund' → 'בְּרִ֑ית'
17:15	36	den				expands	supplied-article-deu	safe	0.7537	approved	0				article the original does not write, read as one by UDPipe's German-HDT model (Straka and Straková, ÚFAL, CC BY-NC-SA 4.0); rests on 'Bund' → 'בְּרִ֖ית'
17:16	6	der				expands	supplied-article-deu	safe	0.7108	approved	0				article the original does not write, read as one by UDPipe's German-HDT model (Straka and Straková, ÚFAL, CC BY-NC-SA 4.0); rests on 'Herr' → 'יְהוִה֒'
17:16	10	dem				expands	supplied-article-deu	safe	0.7184	approved	0				article the original does not write, read as one by UDPipe's German-HDT model (Straka and Straková, ÚFAL, CC BY-NC-SA 4.0); rests on 'Ort' → 'מְקֹום֙'
17:17	17	den				expands	supplied-article-deu	safe	0.8	approved	0				article the original does not write, read as one by UDPipe's German-HDT model (Straka and Straková, ÚFAL, CC BY-NC-SA 4.0); rests on 'Wall' → 'סֹלְלָ֖ה'
17:18	8	den				expands	supplied-article-deu	safe	0.7537	approved	0				article the original does not write, read as one by UDPipe's German-HDT model (Straka and Straková, ÚFAL, CC BY-NC-SA 4.0); rests on 'Bund' → 'בְּרִ֑ית'
17:21	27	der				expands	supplied-article-deu	safe	0.7108	approved	0				article the original does not write, read as one by UDPipe's German-HDT model (Straka and Straková, ÚFAL, CC BY-NC-SA 4.0); rests on 'HERR' → 'יְהוָ֖ה'
17:22	10	dem				expands	supplied-article-deu	safe	0.6875	approved	0				article the original does not write, read as one by UDPipe's German-HDT model (Straka and Straková, ÚFAL, CC BY-NC-SA 4.0); rests on 'Wipfel' → 'צַּמֶּ֧רֶת'
17:23	2	den				expands	supplied-article-deu	safe	0.7917	approved	0				article the original does not write, read as one by UDPipe's German-HDT model (Straka and Straková, ÚFAL, CC BY-NC-SA 4.0); rests on 'Berg' → 'הַ֨ר'
17:23	32	dem				expands	supplied-article-deu	safe	0.737	approved	0				article the original does not write, read as one by UDPipe's German-HDT model (Straka and Straková, ÚFAL, CC BY-NC-SA 4.0); rests on 'Schatten' → 'צֵ֥ל'
17:24	8	der				expands	supplied-article-deu	safe	0.7108	approved	0				article the original does not write, read as one by UDPipe's German-HDT model (Straka and Straková, ÚFAL, CC BY-NC-SA 4.0); rests on 'HERR' → 'יְהוָה֙'
17:24	10	den				expands	supplied-article-deu	safe	0.7173	approved	0				article the original does not write, read as one by UDPipe's German-HDT model (Straka and Straková, ÚFAL, CC BY-NC-SA 4.0); rests on 'Baum' → 'עֵ֣ץ'
17:24	16	den				expands	supplied-article-deu	safe	0.7173	approved	0				article the original does not write, read as one by UDPipe's German-HDT model (Straka and Straková, ÚFAL, CC BY-NC-SA 4.0); rests on 'Baum' → 'עֵ֣ץ'
17:24	22	den				expands	supplied-article-deu	safe	0.7173	approved	0				article the original does not write, read as one by UDPipe's German-HDT model (Straka and Straková, ÚFAL, CC BY-NC-SA 4.0); rests on 'Baum' → 'עֵ֣ץ'
17:24	34	der				expands	supplied-article-deu	safe	0.7108	approved	0				article the original does not write, read as one by UDPipe's German-HDT model (Straka and Straková, ÚFAL, CC BY-NC-SA 4.0); rests on 'HERR' → 'יְהוָ֖ה'
18:1	2	des				expands	supplied-article-deu	safe	0.7644	approved	0				article the original does not write, read as one by UDPipe's German-HDT model (Straka and Straková, ÚFAL, CC BY-NC-SA 4.0); rests on 'HERRN' → 'יְהוָ֖ה'
18:2	22	die				expands	supplied-article-deu	safe	0.728	approved	0				article the original does not write, read as one by UDPipe's German-HDT model (Straka and Straková, ÚFAL, CC BY-NC-SA 4.0); rests on 'Zähne' → 'שִׁנֵּ֥י'
18:6	15	des				expands	supplied-article-deu	safe	0.7864	approved	0				article the original does not write, read as one by UDPipe's German-HDT model (Straka and Straková, ÚFAL, CC BY-NC-SA 4.0); rests on 'Hauses' → 'בֵּ֣ית'
18:7	17	dem				expands	supplied-article-deu	safe	0.8	approved	0				article the original does not write, read as one by UDPipe's German-HDT model (Straka and Straková, ÚFAL, CC BY-NC-SA 4.0); rests on 'Hungrigen' → 'רָעֵ֣ב'
18:10	4	einen				expands	supplied-indefinite-article-deu	safe	0.7851	approved	0				indefinite article, read as one by UDPipe's German-HDT model (Straka and Straková, ÚFAL, CC BY-NC-SA 4.0); rests on 'Sohn' → 'בֵּן'
18:12	21	einen				expands	supplied-indefinite-article-deu	safe	0.6605	approved	0				indefinite article, read as one by UDPipe's German-HDT model (Straka and Straková, ÚFAL, CC BY-NC-SA 4.0); rests on 'Greuel' → 'תֹּועֵבָ֖ה'
18:14	4	einen				expands	supplied-indefinite-article-deu	safe	0.7851	approved	0				indefinite article, read as one by UDPipe's German-HDT model (Straka and Straková, ÚFAL, CC BY-NC-SA 4.0); rests on 'Sohn' → 'בֵּ֔ן'
18:15	14	des				expands	supplied-article-deu	safe	0.7864	approved	0				article the original does not write, read as one by UDPipe's German-HDT model (Straka and Straková, ÚFAL, CC BY-NC-SA 4.0); rests on 'Hauses' → 'בֵּ֣ית'
18:16	16	dem				expands	supplied-article-deu	safe	0.8	approved	0				article the original does not write, read as one by UDPipe's German-HDT model (Straka and Straková, ÚFAL, CC BY-NC-SA 4.0); rests on 'Hungrigen' → 'רָעֵ֣ב'
18:20	8	Der				expands	supplied-article-deu	safe	0.7851	approved	0				article the original does not write, read as one by UDPipe's German-HDT model (Straka and Straková, ÚFAL, CC BY-NC-SA 4.0); rests on 'Sohn' → 'בֵּ֞ן'
18:20	13	die				expands	supplied-article-deu	safe	0.7441	approved	0				article the original does not write, read as one by UDPipe's German-HDT model (Straka and Straková, ÚFAL, CC BY-NC-SA 4.0); rests on 'Missetat' → 'עֲוֹ֣ן'
18:20	18	der				expands	supplied-article-deu	safe	0.7918	approved	0				article the original does not write, read as one by UDPipe's German-HDT model (Straka and Straková, ÚFAL, CC BY-NC-SA 4.0); rests on 'Vater' → 'אָב֙'
18:20	23	die				expands	supplied-article-deu	safe	0.7441	approved	0				article the original does not write, read as one by UDPipe's German-HDT model (Straka and Straková, ÚFAL, CC BY-NC-SA 4.0); rests on 'Missetat' → 'עֲוֹ֣ן'
18:27	3	der				expands	supplied-article-deu	safe	0.7575	approved	0				article the original does not write, read as one by UDPipe's German-HDT model (Straka and Straková, ÚFAL, CC BY-NC-SA 4.0); rests on 'Gottlose' → 'רָשָׁ֗ע'
18:30	10	einen				expands	supplied-indefinite-article-deu	safe	0.6364	approved	0				indefinite article, read as one by UDPipe's German-HDT model (Straka and Straková, ÚFAL, CC BY-NC-SA 4.0); rests on 'jeglichen' → 'אִ֨ישׁ'
18:30	16	der				expands	supplied-article-deu	safe	0.711	approved	0				article the original does not write, read as one by UDPipe's German-HDT model (Straka and Straková, ÚFAL, CC BY-NC-SA 4.0); rests on 'Herr' → 'יְהוִ֑ה'
18:30	33	der				expands	supplied-article-deu	safe	0.7441	approved	0				article the original does not write, read as one by UDPipe's German-HDT model (Straka and Straková, ÚFAL, CC BY-NC-SA 4.0); rests on 'Missetat' → 'עָוֹֽן'
18:31	14	ein				expands	supplied-indefinite-article-deu	safe	0.6545	approved	0				indefinite article, read as one by UDPipe's German-HDT model (Straka and Straková, ÚFAL, CC BY-NC-SA 4.0); rests on 'Herz' → 'לֵ֥ב'
18:31	18	einen				expands	supplied-indefinite-article-deu	safe	0.757	approved	0				indefinite article, read as one by UDPipe's German-HDT model (Straka and Straková, ÚFAL, CC BY-NC-SA 4.0); rests on 'Geist' → 'ר֣וּחַ'
19:1	4	eine				expands	supplied-indefinite-article-deu	safe	0.71	approved	0				indefinite article, read as one by UDPipe's German-HDT model (Straka and Straková, ÚFAL, CC BY-NC-SA 4.0); rests on 'Wehklage' → 'קִינָ֔ה'
19:2	7	die				expands	supplied-article-deu	safe	0.8	approved	0				article the original does not write, read as one by UDPipe's German-HDT model (Straka and Straková, ÚFAL, CC BY-NC-SA 4.0); rests on 'Löwin' → 'לְבִיָּ֔א'
19:2	10	den				expands	supplied-article-deu	safe	0.5961	approved	0				article the original does not write, read as one by UDPipe's German-HDT model (Straka and Straková, ÚFAL, CC BY-NC-SA 4.0); rests on 'Löwen' → 'אֲרָיֹ֖ות'
19:4	3	die				expands	supplied-article-deu	safe	0.7938	approved	0				article the original does not write, read as one by UDPipe's German-HDT model (Straka and Straková, ÚFAL, CC BY-NC-SA 4.0); rests on 'Heiden' → 'גֹּויִ֖ם'
19:6	9	ein				expands	supplied-indefinite-article-deu	safe	0.635	approved	0				indefinite article, read as one by UDPipe's German-HDT model (Straka and Straková, ÚFAL, CC BY-NC-SA 4.0); rests on 'Löwe' → 'אֲרָיֹ֖ות'
19:7	10	das				expands	supplied-article-deu	safe	0.7647	approved	0				article the original does not write, read as one by UDPipe's German-HDT model (Straka and Straková, ÚFAL, CC BY-NC-SA 4.0); rests on 'Land' → 'אֶ֨רֶץ֙'
19:7	17	der				expands	supplied-article-deu	safe	0.7917	approved	0				article the original does not write, read as one by UDPipe's German-HDT model (Straka and Straková, ÚFAL, CC BY-NC-SA 4.0); rests on 'Stimme' → 'קֹּ֖ול'
19:8	4	die				expands	supplied-article-deu	safe	0.7938	approved	0				article the original does not write, read as one by UDPipe's German-HDT model (Straka and Straková, ÚFAL, CC BY-NC-SA 4.0); rests on 'Heiden' → 'גֹּויִ֛ם'
19:9	28	den				expands	supplied-article-deu	safe	0.75	approved	0				article the original does not write, read as one by UDPipe's German-HDT model (Straka and Straková, ÚFAL, CC BY-NC-SA 4.0); rests on 'Bergen' → 'הָרֵ֥י'
19:10	20	dem				expands	supplied-article-deu	safe	0.7218	approved	0				article the original does not write, read as one by UDPipe's German-HDT model (Straka and Straková, ÚFAL, CC BY-NC-SA 4.0); rests on 'Wasser' → 'מַּ֥יִם'
19:14	3	ein				expands	supplied-indefinite-article-deu	safe	0.7483	approved	0				indefinite article, read as one by UDPipe's German-HDT model (Straka and Straková, ÚFAL, CC BY-NC-SA 4.0); rests on 'Feuer' → 'אֵ֜שׁ'
20:1	17	den				expands	supplied-article-deu	safe	0.7679	approved	0				article the original does not write, read as one by UDPipe's German-HDT model (Straka and Straková, ÚFAL, CC BY-NC-SA 4.0); rests on 'Ältesten' → 'זִּקְנֵ֥י'
20:1	20	den				expands	supplied-article-deu	safe	0.7644	approved	0				article the original does not write, read as one by UDPipe's German-HDT model (Straka and Straková, ÚFAL, CC BY-NC-SA 4.0); rests on 'HERRN' → 'יְהוָ֑ה'
20:2	3	des				expands	supplied-article-deu	safe	0.7644	approved	0				article the original does not write, read as one by UDPipe's German-HDT model (Straka and Straková, ÚFAL, CC BY-NC-SA 4.0); rests on 'HERRN' → 'יְהוָ֖ה'
20:3	4	den				expands	supplied-article-deu	safe	0.7679	approved	0				article the original does not write, read as one by UDPipe's German-HDT model (Straka and Straková, ÚFAL, CC BY-NC-SA 4.0); rests on 'Ältesten' → 'זִקְנֵ֤י'
20:3	13	der				expands	supplied-article-deu	safe	0.712	approved	0				article the original does not write, read as one by UDPipe's German-HDT model (Straka and Straková, ÚFAL, CC BY-NC-SA 4.0); rests on 'Herr' → 'יְהוִ֔ה'
20:4	17	die				expands	supplied-article-deu	safe	0.6664	approved	0				article the original does not write, read as one by UDPipe's German-HDT model (Straka and Straková, ÚFAL, CC BY-NC-SA 4.0); rests on 'Greuel' → 'תֹּועֲבֹ֥ת'
20:5	11	der				expands	supplied-article-deu	safe	0.6278	approved	0				article the original does not write, read as one by UDPipe's German-HDT model (Straka and Straková, ÚFAL, CC BY-NC-SA 4.0); rests on 'Zeit' → 'יֹום֙'
20:5	22	dem				expands	supplied-article-deu	safe	0.796	approved	0				article the original does not write, read as one by UDPipe's German-HDT model (Straka and Straková, ÚFAL, CC BY-NC-SA 4.0); rests on 'Samen' → 'זֶ֨רַע֙'
20:5	24	des				expands	supplied-article-deu	safe	0.7864	approved	0				article the original does not write, read as one by UDPipe's German-HDT model (Straka and Straková, ÚFAL, CC BY-NC-SA 4.0); rests on 'Hauses' → 'בֵּ֣ית'
20:5	46	der				expands	supplied-article-deu	safe	0.712	approved	0				article the original does not write, read as one by UDPipe's German-HDT model (Straka and Straková, ÚFAL, CC BY-NC-SA 4.0); rests on 'HERR' → 'יְהוָ֥ה'
20:7	25	der				expands	supplied-article-deu	safe	0.712	approved	0				article the original does not write, read as one by UDPipe's German-HDT model (Straka and Straková, ÚFAL, CC BY-NC-SA 4.0); rests on 'HERR' → 'יְהוָ֥ה'
20:12	18	der				expands	supplied-article-deu	safe	0.712	approved	0				article the original does not write, read as one by UDPipe's German-HDT model (Straka and Straková, ÚFAL, CC BY-NC-SA 4.0); rests on 'HERR' → 'יְהוָ֖ה'
20:13	2	das				expands	supplied-article-deu	safe	0.7858	approved	0				article the original does not write, read as one by UDPipe's German-HDT model (Straka and Straková, ÚFAL, CC BY-NC-SA 4.0); rests on 'Haus' → 'בֵֽית'
20:19	4	der				expands	supplied-article-deu	safe	0.712	approved	0				article the original does not write, read as one by UDPipe's German-HDT model (Straka and Straková, ÚFAL, CC BY-NC-SA 4.0); rests on 'HERR' → 'יְהוָ֣ה'
20:20	10	ein				expands	supplied-indefinite-article-deu	safe	0.7411	approved	0				indefinite article, read as one by UDPipe's German-HDT model (Straka and Straková, ÚFAL, CC BY-NC-SA 4.0); rests on 'Zeichen' → 'אֹות֙'
20:20	21	der				expands	supplied-article-deu	safe	0.712	approved	0				article the original does not write, read as one by UDPipe's German-HDT model (Straka and Straková, ÚFAL, CC BY-NC-SA 4.0); rests on 'HERR' → 'יְהוָ֖ה'
20:26	27	der				expands	supplied-article-deu	safe	0.712	approved	0				article the original does not write, read as one by UDPipe's German-HDT model (Straka and Straková, ÚFAL, CC BY-NC-SA 4.0); rests on 'HERR' → 'יְהוָֽה'
20:27	6	dem				expands	supplied-article-deu	safe	0.7849	approved	0				article the original does not write, read as one by UDPipe's German-HDT model (Straka and Straková, ÚFAL, CC BY-NC-SA 4.0); rests on 'Hause' → 'בֵּ֤ית'
20:28	23	einen				expands	supplied-indefinite-article-deu	safe	0.7561	approved	0				indefinite article, read as one by UDPipe's German-HDT model (Straka and Straková, ÚFAL, CC BY-NC-SA 4.0); rests on 'Hügel' → 'גִּבְעָ֨ה'
20:30	15	dem				expands	supplied-article-deu	safe	0.5782	approved	0				article the original does not write, read as one by UDPipe's German-HDT model (Straka and Straková, ÚFAL, CC BY-NC-SA 4.0); rests on 'Wesen' → 'דֶ֥רֶךְ'
20:35	6	die				expands	supplied-article-deu	safe	0.7235	approved	0				article the original does not write, read as one by UDPipe's German-HDT model (Straka and Straková, ÚFAL, CC BY-NC-SA 4.0); rests on 'Wüste' → 'מִדְבַּ֖ר'
20:36	7	der				expands	supplied-article-deu	safe	0.7235	approved	0				article the original does not write, read as one by UDPipe's German-HDT model (Straka and Straková, ÚFAL, CC BY-NC-SA 4.0); rests on 'Wüste' → 'מִדְבַּ֖ר'
20:38	38	der				expands	supplied-article-deu	safe	0.712	approved	0				article the original does not write, read as one by UDPipe's German-HDT model (Straka and Straková, ÚFAL, CC BY-NC-SA 4.0); rests on 'HERR' → 'יְהוָֽה'
20:39	24	ein				expands	supplied-indefinite-article-deu	safe	0.7582	approved	0				indefinite article, read as one by UDPipe's German-HDT model (Straka and Straková, ÚFAL, CC BY-NC-SA 4.0); rests on 'jeglicher' → 'אִ֤ישׁ'
20:40	12	dem				expands	supplied-article-deu	safe	0.7829	approved	0				article the original does not write, read as one by UDPipe's German-HDT model (Straka and Straková, ÚFAL, CC BY-NC-SA 4.0); rests on 'Berge' → 'הַ֣ר'
20:40	19	das				expands	supplied-article-deu	safe	0.7858	approved	0				article the original does not write, read as one by UDPipe's German-HDT model (Straka and Straková, ÚFAL, CC BY-NC-SA 4.0); rests on 'Haus' → 'בֵּ֧ית'
20:41	7	dem				expands	supplied-article-deu	safe	0.7724	approved	0				article the original does not write, read as one by UDPipe's German-HDT model (Straka and Straková, ÚFAL, CC BY-NC-SA 4.0); rests on 'Geruch' → 'רֵ֣יחַ'
20:42	7	der				expands	supplied-article-deu	safe	0.712	approved	0				article the original does not write, read as one by UDPipe's German-HDT model (Straka and Straková, ÚFAL, CC BY-NC-SA 4.0); rests on 'HERR' → 'יְהוָ֔ה'
20:44	6	der				expands	supplied-article-deu	safe	0.712	approved	0				article the original does not write, read as one by UDPipe's German-HDT model (Straka and Straková, ÚFAL, CC BY-NC-SA 4.0); rests on 'HERR' → 'יְהוָ֔ה'
20:45	2	des				expands	supplied-article-deu	safe	0.7644	approved	0				article the original does not write, read as one by UDPipe's German-HDT model (Straka and Straková, ÚFAL, CC BY-NC-SA 4.0); rests on 'HERRN' → 'יְהוָ֖ה'
20:46	18	den				expands	supplied-article-deu	safe	0.782	approved	0				article the original does not write, read as one by UDPipe's German-HDT model (Straka and Straková, ÚFAL, CC BY-NC-SA 4.0); rests on 'Wald' → 'יַ֥עַר'
20:47	8	des				expands	supplied-article-deu	safe	0.7644	approved	0				article the original does not write, read as one by UDPipe's German-HDT model (Straka and Straková, ÚFAL, CC BY-NC-SA 4.0); rests on 'HERRN' → 'יְהוָ֑ה'
20:47	21	ein				expands	supplied-indefinite-article-deu	safe	0.7481	approved	0				indefinite article, read as one by UDPipe's German-HDT model (Straka and Straková, ÚFAL, CC BY-NC-SA 4.0); rests on 'Feuer' → 'אֵ֡שׁ'
20:48	8	der				expands	supplied-article-deu	safe	0.712	approved	0				article the original does not write, read as one by UDPipe's German-HDT model (Straka and Straková, ÚFAL, CC BY-NC-SA 4.0); rests on 'HERR' → 'יְהוָ֖ה'
21:1	2	des				expands	supplied-article-deu	safe	0.7644	approved	0				article the original does not write, read as one by UDPipe's German-HDT model (Straka and Straková, ÚFAL, CC BY-NC-SA 4.0); rests on 'HERRN' → 'יְהוָ֖ה'
21:2	11	die				expands	supplied-article-deu	safe	0.575	approved	0				article the original does not write, read as one by UDPipe's German-HDT model (Straka and Straková, ÚFAL, CC BY-NC-SA 4.0); rests on 'Heiligtümer' → 'מִקְדָּשִׁ֑ים'
21:3	21	der				expands	supplied-article-deu	safe	0.575	approved	0				article the original does not write, read as one by UDPipe's German-HDT model (Straka and Straková, ÚFAL, CC BY-NC-SA 4.0); rests on 'Scheide' → 'תַּעְרָ֑הּ'
21:4	15	der				expands	supplied-article-deu	safe	0.575	approved	0				article the original does not write, read as one by UDPipe's German-HDT model (Straka and Straková, ÚFAL, CC BY-NC-SA 4.0); rests on 'Scheide' → 'תַּעְרָ֛הּ'
21:5	8	der				expands	supplied-article-deu	safe	0.7108	approved	0				article the original does not write, read as one by UDPipe's German-HDT model (Straka and Straková, ÚFAL, CC BY-NC-SA 4.0); rests on 'HERR' → 'יְהוָ֔ה'
21:5	14	der				expands	supplied-article-deu	safe	0.575	approved	0				article the original does not write, read as one by UDPipe's German-HDT model (Straka and Straková, ÚFAL, CC BY-NC-SA 4.0); rests on 'Scheide' → 'תַּעְרָ֑הּ'
21:8	2	des				expands	supplied-article-deu	safe	0.7644	approved	0				article the original does not write, read as one by UDPipe's German-HDT model (Straka and Straková, ÚFAL, CC BY-NC-SA 4.0); rests on 'HERRN' → 'יְהוָ֖ה'
21:9	11	Das				expands	supplied-article-deu	safe	0.7932	approved	0				article the original does not write, read as one by UDPipe's German-HDT model (Straka and Straková, ÚFAL, CC BY-NC-SA 4.0); rests on 'Schwert' → 'חֶ֥רֶב'
21:9	14	das				expands	supplied-article-deu	safe	0.7932	approved	0				article the original does not write, read as one by UDPipe's German-HDT model (Straka and Straková, ÚFAL, CC BY-NC-SA 4.0); rests on 'Schwert' → 'חֶ֛רֶב'
21:10	30	die				expands	supplied-article-deu	safe	0.7725	approved	0				article the original does not write, read as one by UDPipe's German-HDT model (Straka and Straková, ÚFAL, CC BY-NC-SA 4.0); rests on 'Kinder' → 'בְּנִ֖י'
21:11	4	ein				expands	supplied-indefinite-article-deu	safe	0.7932	approved	0				indefinite article, read as one by UDPipe's German-HDT model (Straka and Straková, ÚFAL, CC BY-NC-SA 4.0); rests on 'Schwert' → 'חֶ֨רֶב֙'
21:11	24	die				expands	supplied-article-deu	safe	0.7466	approved	0				article the original does not write, read as one by UDPipe's German-HDT model (Straka and Straková, ÚFAL, CC BY-NC-SA 4.0); rests on 'Hand' → 'יַד'
21:12	19	dem				expands	supplied-article-deu	safe	0.7932	approved	0				article the original does not write, read as one by UDPipe's German-HDT model (Straka and Straková, ÚFAL, CC BY-NC-SA 4.0); rests on 'Schwert' → 'חֶ֨רֶב֙'
21:14	11	das				expands	supplied-article-deu	safe	0.7932	approved	0				article the original does not write, read as one by UDPipe's German-HDT model (Straka and Straková, ÚFAL, CC BY-NC-SA 4.0); rests on 'Schwert' → 'חֶ֤רֶב'
21:14	20	ein				expands	supplied-indefinite-article-deu	safe	0.7932	approved	0				indefinite article, read as one by UDPipe's German-HDT model (Straka and Straková, ÚFAL, CC BY-NC-SA 4.0); rests on 'Schwert' → 'חֶ֚רֶב'
21:15	3	das				expands	supplied-article-deu	safe	0.7932	approved	0				article the original does not write, read as one by UDPipe's German-HDT model (Straka and Straková, ÚFAL, CC BY-NC-SA 4.0); rests on 'Schwert' → 'חָ֑רֶב'
21:17	16	der				expands	supplied-article-deu	safe	0.7108	approved	0				article the original does not write, read as one by UDPipe's German-HDT model (Straka and Straková, ÚFAL, CC BY-NC-SA 4.0); rests on 'HERR' → 'יְהוָ֖ה'
21:18	2	des				expands	supplied-article-deu	safe	0.7644	approved	0				article the original does not write, read as one by UDPipe's German-HDT model (Straka and Straková, ÚFAL, CC BY-NC-SA 4.0); rests on 'HERRN' → 'יְהוָ֖ה'
21:19	10	das				expands	supplied-article-deu	safe	0.7932	approved	0				article the original does not write, read as one by UDPipe's German-HDT model (Straka and Straková, ÚFAL, CC BY-NC-SA 4.0); rests on 'Schwert' → 'חֶ֣רֶב'
21:19	12	des				expands	supplied-article-deu	safe	0.7745	approved	0				article the original does not write, read as one by UDPipe's German-HDT model (Straka and Straková, ÚFAL, CC BY-NC-SA 4.0); rests on 'Königs' → 'מֶֽלֶךְ'
21:20	7	den				expands	supplied-article-deu	safe	0.6282	approved	0				article the original does not write, read as one by UDPipe's German-HDT model (Straka and Straková, ÚFAL, CC BY-NC-SA 4.0); rests on 'Weg' → 'דֶּ֣רֶךְ'
21:20	20	das				expands	supplied-article-deu	safe	0.7932	approved	0				article the original does not write, read as one by UDPipe's German-HDT model (Straka and Straková, ÚFAL, CC BY-NC-SA 4.0); rests on 'Schwert' → 'חֶ֔רֶב'
21:20	25	der				expands	supplied-article-deu	safe	0.7725	approved	0				article the original does not write, read as one by UDPipe's German-HDT model (Straka and Straková, ÚFAL, CC BY-NC-SA 4.0); rests on 'Kinder' → 'בְּנֵֽי'
21:21	2	der				expands	supplied-article-deu	safe	0.7345	approved	0				article the original does not write, read as one by UDPipe's German-HDT model (Straka and Straková, ÚFAL, CC BY-NC-SA 4.0); rests on 'König' → 'מֶלֶךְ'
21:22	36	die				expands	supplied-article-deu	safe	0.7654	approved	0				article the original does not write, read as one by UDPipe's German-HDT model (Straka and Straková, ÚFAL, CC BY-NC-SA 4.0); rests on 'Tore' → 'שְׁעָרִ֔ים'
21:23	20	die				expands	supplied-article-deu	safe	0.7441	approved	0				article the original does not write, read as one by UDPipe's German-HDT model (Straka and Straková, ÚFAL, CC BY-NC-SA 4.0); rests on 'Missetat' → 'עָוֹ֖ן'
21:25	17	die				expands	supplied-article-deu	safe	0.7441	approved	0				article the original does not write, read as one by UDPipe's German-HDT model (Straka and Straková, ÚFAL, CC BY-NC-SA 4.0); rests on 'Missetat' → 'עֲוֹ֥ן'
21:28	13	den				expands	supplied-article-deu	safe	0.7861	approved	0				article the original does not write, read as one by UDPipe's German-HDT model (Straka and Straková, ÚFAL, CC BY-NC-SA 4.0); rests on 'Kindern' → 'בְּנֵ֥י'
21:28	22	Das				expands	supplied-article-deu	safe	0.7932	approved	0				article the original does not write, read as one by UDPipe's German-HDT model (Straka and Straková, ÚFAL, CC BY-NC-SA 4.0); rests on 'Schwert' → 'חֶ֣רֶב'
21:28	24	das				expands	supplied-article-deu	safe	0.7932	approved	0				article the original does not write, read as one by UDPipe's German-HDT model (Straka and Straková, ÚFAL, CC BY-NC-SA 4.0); rests on 'Schwert' → 'חֶ֤רֶב'
21:29	18	die				expands	supplied-article-deu	safe	0.7734	approved	0				article the original does not write, read as one by UDPipe's German-HDT model (Straka and Straková, ÚFAL, CC BY-NC-SA 4.0); rests on 'Gottlosen' → 'רְשָׁעִ֔ים'
21:29	26	die				expands	supplied-article-deu	safe	0.7441	approved	0				article the original does not write, read as one by UDPipe's German-HDT model (Straka and Straková, ÚFAL, CC BY-NC-SA 4.0); rests on 'Missetat' → 'עֲוֹ֥ן'
21:30	6	die				expands	supplied-article-deu	safe	0.575	approved	0				article the original does not write, read as one by UDPipe's German-HDT model (Straka and Straková, ÚFAL, CC BY-NC-SA 4.0); rests on 'Scheide' → 'תַּעְרָ֑הּ'
21:30	17	dem				expands	supplied-article-deu	safe	0.7184	approved	0				article the original does not write, read as one by UDPipe's German-HDT model (Straka and Straková, ÚFAL, CC BY-NC-SA 4.0); rests on 'Ort' → 'מְקֹ֧ום'
21:30	24	dem				expands	supplied-article-deu	safe	0.7356	approved	0				article the original does not write, read as one by UDPipe's German-HDT model (Straka and Straková, ÚFAL, CC BY-NC-SA 4.0); rests on 'Lande' → 'אֶ֥רֶץ'
21:31	10	das				expands	supplied-article-deu	safe	0.7481	approved	0				article the original does not write, read as one by UDPipe's German-HDT model (Straka and Straková, ÚFAL, CC BY-NC-SA 4.0); rests on 'Feuer' → 'אֵ֥שׁ'
21:32	25	der				expands	supplied-article-deu	safe	0.7108	approved	0				article the original does not write, read as one by UDPipe's German-HDT model (Straka and Straková, ÚFAL, CC BY-NC-SA 4.0); rests on 'HERR' → 'יְהוָ֖ה'
22:1	2	des				expands	supplied-article-deu	safe	0.7644	approved	0				article the original does not write, read as one by UDPipe's German-HDT model (Straka and Straková, ÚFAL, CC BY-NC-SA 4.0); rests on 'HERRN' → 'יְהוָ֖ה'
22:2	7	die				expands	supplied-article-deu	safe	0.7601	approved	0				article the original does not write, read as one by UDPipe's German-HDT model (Straka and Straková, ÚFAL, CC BY-NC-SA 4.0); rests on 'Stadt' → 'עִ֣יר'
22:3	11	der				expands	supplied-article-deu	safe	0.7951	approved	0				article the original does not write, read as one by UDPipe's German-HDT model (Straka and Straková, ÚFAL, CC BY-NC-SA 4.0); rests on 'Blut' → 'דָּ֛ם'
22:4	5	dem				expands	supplied-article-deu	safe	0.7951	approved	0				article the original does not write, read as one by UDPipe's German-HDT model (Straka and Straková, ÚFAL, CC BY-NC-SA 4.0); rests on 'Blut' → 'דָמֵ֨ךְ'
22:6	6	ein				expands	supplied-indefinite-article-deu	safe	0.7584	approved	0				indefinite article, read as one by UDPipe's German-HDT model (Straka and Straková, ÚFAL, CC BY-NC-SA 4.0); rests on 'jeglicher' → 'אִ֥ישׁ'
22:7	13	die				expands	supplied-article-deu	safe	0.7786	approved	0				article the original does not write, read as one by UDPipe's German-HDT model (Straka and Straková, ÚFAL, CC BY-NC-SA 4.0); rests on 'Witwen' → 'אַלְמָנָ֖ה'
22:7	16	die				expands	supplied-article-deu	safe	0.8	approved	0				article the original does not write, read as one by UDPipe's German-HDT model (Straka and Straková, ÚFAL, CC BY-NC-SA 4.0); rests on 'Waisen' → 'יָתֹ֥ום'
22:10	4	die				expands	supplied-article-deu	safe	0.7667	approved	0				article the original does not write, read as one by UDPipe's German-HDT model (Straka and Straková, ÚFAL, CC BY-NC-SA 4.0); rests on 'Blöße' → 'עֶרְוַת'
22:10	6	der				expands	supplied-article-deu	safe	0.79	approved	0				article the original does not write, read as one by UDPipe's German-HDT model (Straka and Straková, ÚFAL, CC BY-NC-SA 4.0); rests on 'Väter' → 'אָ֖ב'
22:13	8	den				expands	supplied-article-deu	safe	0.75	approved	0				article the original does not write, read as one by UDPipe's German-HDT model (Straka and Straková, ÚFAL, CC BY-NC-SA 4.0); rests on 'Geiz' → 'בִּצְעֵ֖ךְ'
22:13	15	das				expands	supplied-article-deu	safe	0.7951	approved	0				article the original does not write, read as one by UDPipe's German-HDT model (Straka and Straková, ÚFAL, CC BY-NC-SA 4.0); rests on 'Blut' → 'דָּמֵ֔ךְ'
22:14	25	der				expands	supplied-article-deu	safe	0.7109	approved	0				article the original does not write, read as one by UDPipe's German-HDT model (Straka and Straková, ÚFAL, CC BY-NC-SA 4.0); rests on 'HERR' → 'יְהוָ֖ה'
22:16	4	den				expands	supplied-article-deu	safe	0.7938	approved	0				article the original does not write, read as one by UDPipe's German-HDT model (Straka and Straková, ÚFAL, CC BY-NC-SA 4.0); rests on 'Heiden' → 'גֹויִ֑ם'
22:16	14	der				expands	supplied-article-deu	safe	0.7109	approved	0				article the original does not write, read as one by UDPipe's German-HDT model (Straka and Straková, ÚFAL, CC BY-NC-SA 4.0); rests on 'HERR' → 'יְהוָֽה'
22:17	2	des				expands	supplied-article-deu	safe	0.7644	approved	0				article the original does not write, read as one by UDPipe's German-HDT model (Straka and Straková, ÚFAL, CC BY-NC-SA 4.0); rests on 'HERRN' → 'יְהוָ֖ה'
22:18	3	das				expands	supplied-article-deu	safe	0.7859	approved	0				article the original does not write, read as one by UDPipe's German-HDT model (Straka and Straková, ÚFAL, CC BY-NC-SA 4.0); rests on 'Haus' → 'בֵֽית'
22:20	14	ein				expands	supplied-indefinite-article-deu	safe	0.748	approved	0				indefinite article, read as one by UDPipe's German-HDT model (Straka and Straková, ÚFAL, CC BY-NC-SA 4.0); rests on 'Feuer' → 'אֵ֖שׁ'
22:21	7	das				expands	supplied-article-deu	safe	0.748	approved	0				article the original does not write, read as one by UDPipe's German-HDT model (Straka and Straková, ÚFAL, CC BY-NC-SA 4.0); rests on 'Feuer' → 'אֵ֣שׁ'
22:22	2	das				expands	supplied-article-deu	safe	0.7828	approved	0				article the original does not write, read as one by UDPipe's German-HDT model (Straka and Straková, ÚFAL, CC BY-NC-SA 4.0); rests on 'Silber' → 'כֶּ֨סֶף֙'
22:22	17	der				expands	supplied-article-deu	safe	0.7109	approved	0				article the original does not write, read as one by UDPipe's German-HDT model (Straka and Straková, ÚFAL, CC BY-NC-SA 4.0); rests on 'HERR' → 'יְהוָ֔ה'
22:23	2	des				expands	supplied-article-deu	safe	0.7644	approved	0				article the original does not write, read as one by UDPipe's German-HDT model (Straka and Straková, ÚFAL, CC BY-NC-SA 4.0); rests on 'HERRN' → 'יְהוָ֖ה'
22:24	8	ein				expands	supplied-indefinite-article-deu	safe	0.7647	approved	0				indefinite article, read as one by UDPipe's German-HDT model (Straka and Straková, ÚFAL, CC BY-NC-SA 4.0); rests on 'Land' → 'אֶ֔רֶץ'
22:25	1	Die				expands	supplied-article-deu	safe	0.7962	approved	0				article the original does not write, read as one by UDPipe's German-HDT model (Straka and Straková, ÚFAL, CC BY-NC-SA 4.0); rests on 'Propheten' → 'נְבִיאֶ֨יהָ֙'
22:25	9	die				expands	supplied-article-deu	safe	0.8	approved	0				article the original does not write, read as one by UDPipe's German-HDT model (Straka and Straková, ÚFAL, CC BY-NC-SA 4.0); rests on 'Seelen' → 'נֶ֣פֶשׁ'
22:25	14	ein				expands	supplied-indefinite-article-deu	safe	0.623	approved	0				indefinite article, read as one by UDPipe's German-HDT model (Straka and Straková, ÚFAL, CC BY-NC-SA 4.0); rests on 'Löwe' → 'אֲרִ֥י'
22:25	29	der				expands	supplied-article-deu	safe	0.7786	approved	0				article the original does not write, read as one by UDPipe's German-HDT model (Straka and Straková, ÚFAL, CC BY-NC-SA 4.0); rests on 'Witwen' → 'אַלְמְנֹותֶ֖יהָ'
22:26	14	dem				expands	supplied-article-deu	safe	0.6031	approved	0				article the original does not write, read as one by UDPipe's German-HDT model (Straka and Straková, ÚFAL, CC BY-NC-SA 4.0); rests on 'Heiligen' → 'קֹ֤דֶשׁ'
22:28	26	der				expands	supplied-article-deu	safe	0.7109	approved	0				article the original does not write, read as one by UDPipe's German-HDT model (Straka and Straková, ÚFAL, CC BY-NC-SA 4.0); rests on 'HERR' → 'יהוָ֖ה'
22:29	1	Das				expands	supplied-article-deu	safe	0.7587	approved	0				article the original does not write, read as one by UDPipe's German-HDT model (Straka and Straková, ÚFAL, CC BY-NC-SA 4.0); rests on 'Volk' → 'עַ֤ם'
22:31	10	dem				expands	supplied-article-deu	safe	0.748	approved	0				article the original does not write, read as one by UDPipe's German-HDT model (Straka and Straková, ÚFAL, CC BY-NC-SA 4.0); rests on 'Feuer' → 'אֵ֥שׁ'
23:1	2	des				expands	supplied-article-deu	safe	0.7644	approved	0				article the original does not write, read as one by UDPipe's German-HDT model (Straka and Straková, ÚFAL, CC BY-NC-SA 4.0); rests on 'HERRN' → 'יְהוָ֖ה'
23:9	6	die				expands	supplied-article-deu	safe	0.7465	approved	0				article the original does not write, read as one by UDPipe's German-HDT model (Straka and Straková, ÚFAL, CC BY-NC-SA 4.0); rests on 'Hand' → 'יַד'
23:9	10	den				expands	supplied-article-deu	safe	0.7861	approved	0				article the original does not write, read as one by UDPipe's German-HDT model (Straka and Straková, ÚFAL, CC BY-NC-SA 4.0); rests on 'Kindern' → 'בְּנֵ֣י'
23:12	4	die				expands	supplied-article-deu	safe	0.7722	approved	0				article the original does not write, read as one by UDPipe's German-HDT model (Straka and Straková, ÚFAL, CC BY-NC-SA 4.0); rests on 'Kinder' → 'בְּנֵי֩'
23:14	21	der				expands	supplied-article-deu	safe	0.7509	approved	0				article the original does not write, read as one by UDPipe's German-HDT model (Straka and Straková, ÚFAL, CC BY-NC-SA 4.0); rests on 'Chaldäer' → 'כשׂדיים'
23:15	20	die				expands	supplied-article-deu	safe	0.7722	approved	0				article the original does not write, read as one by UDPipe's German-HDT model (Straka and Straková, ÚFAL, CC BY-NC-SA 4.0); rests on 'Kinder' → 'בְּנֵֽי'
23:15	23	die				expands	supplied-article-deu	safe	0.7509	approved	0				article the original does not write, read as one by UDPipe's German-HDT model (Straka and Straková, ÚFAL, CC BY-NC-SA 4.0); rests on 'Chaldäer' → 'כַּשְׂדִּ֔ים'
23:17	3	die				expands	supplied-article-deu	safe	0.7722	approved	0				article the original does not write, read as one by UDPipe's German-HDT model (Straka and Straková, ÚFAL, CC BY-NC-SA 4.0); rests on 'Kinder' → 'בְנֵֽי'
23:19	11	die				expands	supplied-article-deu	safe	0.6281	approved	0				article the original does not write, read as one by UDPipe's German-HDT model (Straka and Straková, ÚFAL, CC BY-NC-SA 4.0); rests on 'Zeit' → 'יְמֵ֣י'
23:20	10	der				expands	supplied-article-deu	safe	0.778	approved	0				article the original does not write, read as one by UDPipe's German-HDT model (Straka and Straková, ÚFAL, CC BY-NC-SA 4.0); rests on 'Esel' → 'חֲמֹורִים֙'
23:23	2	die				expands	supplied-article-deu	safe	0.7722	approved	0				article the original does not write, read as one by UDPipe's German-HDT model (Straka and Straková, ÚFAL, CC BY-NC-SA 4.0); rests on 'Kinder' → 'בְּנֵ֧י'
23:23	18	die				expands	supplied-article-deu	safe	0.6442	approved	0				article the original does not write, read as one by UDPipe's German-HDT model (Straka and Straková, ÚFAL, CC BY-NC-SA 4.0); rests on 'Mannschaft' → 'בַּח֨וּרֵי'
23:24	32	das				expands	supplied-article-deu	safe	0.5651	approved	0				article the original does not write, read as one by UDPipe's German-HDT model (Straka and Straková, ÚFAL, CC BY-NC-SA 4.0); rests on 'Recht' → 'מִשְׁפָּ֔ט'
23:30	12	den				expands	supplied-article-deu	safe	0.7938	approved	0				article the original does not write, read as one by UDPipe's German-HDT model (Straka and Straková, ÚFAL, CC BY-NC-SA 4.0); rests on 'Heiden' → 'גֹויִ֔ם'
23:31	4	dem				expands	supplied-article-deu	safe	0.7474	approved	0				article the original does not write, read as one by UDPipe's German-HDT model (Straka and Straková, ÚFAL, CC BY-NC-SA 4.0); rests on 'Wege' → 'דֶ֥רֶךְ'
23:32	8	den				expands	supplied-article-deu	safe	0.8	approved	0				article the original does not write, read as one by UDPipe's German-HDT model (Straka and Straková, ÚFAL, CC BY-NC-SA 4.0); rests on 'Kelch' → 'כֹּ֤וס'
23:33	11	der				expands	supplied-article-deu	safe	0.8	approved	0				article the original does not write, read as one by UDPipe's German-HDT model (Straka and Straková, ÚFAL, CC BY-NC-SA 4.0); rests on 'Kelch' → 'כֹּ֚וס'
23:33	17	ein				expands	supplied-indefinite-article-deu	safe	0.8	approved	0				indefinite article, read as one by UDPipe's German-HDT model (Straka and Straková, ÚFAL, CC BY-NC-SA 4.0); rests on 'Kelch' → 'כֹּ֖וס'
23:36	2	der				expands	supplied-article-deu	safe	0.7112	approved	0				article the original does not write, read as one by UDPipe's German-HDT model (Straka and Straková, ÚFAL, CC BY-NC-SA 4.0); rests on 'HERR' → 'יְהוָה֙'
23:41	10	ein				expands	supplied-indefinite-article-deu	safe	0.7839	approved	0				indefinite article, read as one by UDPipe's German-HDT model (Straka and Straková, ÚFAL, CC BY-NC-SA 4.0); rests on 'Tisch' → 'שֻׁלְחָ֥ן'
23:42	20	der				expands	supplied-article-deu	safe	0.7257	approved	0				article the original does not write, read as one by UDPipe's German-HDT model (Straka and Straková, ÚFAL, CC BY-NC-SA 4.0); rests on 'Wüste' → 'מִּדְבָּ֑ר'
23:44	10	einer				expands	supplied-indefinite-article-deu	safe	0.692	approved	0				indefinite article, read as one by UDPipe's German-HDT model (Straka and Straková, ÚFAL, CC BY-NC-SA 4.0); rests on 'Hure' → 'זֹונָ֑ה'
23:44	20	den				expands	supplied-article-deu	safe	0.7633	approved	0				article the original does not write, read as one by UDPipe's German-HDT model (Straka and Straková, ÚFAL, CC BY-NC-SA 4.0); rests on 'Weibern' → 'אִשֹּׁ֖ת'
23:45	8	das				expands	supplied-article-deu	safe	0.5651	approved	0				article the original does not write, read as one by UDPipe's German-HDT model (Straka and Straková, ÚFAL, CC BY-NC-SA 4.0); rests on 'Recht' → 'מִשְׁפַּט֙'
24:1	4	das				expands	supplied-article-deu	safe	0.7326	approved	0				article the original does not write, read as one by UDPipe's German-HDT model (Straka and Straková, ÚFAL, CC BY-NC-SA 4.0); rests on 'Wort' → 'דְבַר'
24:1	6	des				expands	supplied-article-deu	safe	0.7644	approved	0				article the original does not write, read as one by UDPipe's German-HDT model (Straka and Straková, ÚFAL, CC BY-NC-SA 4.0); rests on 'HERRN' → 'יְהוָ֨ה'
24:2	12	der				expands	supplied-article-deu	safe	0.7345	approved	0				article the original does not write, read as one by UDPipe's German-HDT model (Straka and Straková, ÚFAL, CC BY-NC-SA 4.0); rests on 'König' → 'מֶֽלֶךְ'
24:6	7	der				expands	supplied-article-deu	safe	0.7608	approved	0				article the original does not write, read as one by UDPipe's German-HDT model (Straka and Straková, ÚFAL, CC BY-NC-SA 4.0); rests on 'Stadt' → 'עִ֣יר'
24:6	11	ein				expands	supplied-indefinite-article-deu	safe	0.5857	approved	0				indefinite article, read as one by UDPipe's German-HDT model (Straka and Straková, ÚFAL, CC BY-NC-SA 4.0); rests on 'Topf' → 'סִ֚יר'
24:8	8	das				expands	supplied-article-deu	safe	0.7951	approved	0				article the original does not write, read as one by UDPipe's German-HDT model (Straka and Straková, ÚFAL, CC BY-NC-SA 4.0); rests on 'Blut' → 'דָּמָ֖הּ'
24:8	22	der				expands	supplied-article-deu	safe	0.65	approved	0				article the original does not write, read as one by UDPipe's German-HDT model (Straka and Straková, ÚFAL, CC BY-NC-SA 4.0); rests on 'Grimm' → 'חֵמָה֙'
24:14	2	der				expands	supplied-article-deu	safe	0.711	approved	0				article the original does not write, read as one by UDPipe's German-HDT model (Straka and Straková, ÚFAL, CC BY-NC-SA 4.0); rests on 'HERR' → 'יְהוָ֤ה'
24:15	2	des				expands	supplied-article-deu	safe	0.7644	approved	0				article the original does not write, read as one by UDPipe's German-HDT model (Straka and Straková, ÚFAL, CC BY-NC-SA 4.0); rests on 'HERRN' → 'יְהוָ֖ה'
24:16	22	eine				expands	supplied-indefinite-article-deu	safe	0.7775	approved	0				indefinite article, read as one by UDPipe's German-HDT model (Straka and Straková, ÚFAL, CC BY-NC-SA 4.0); rests on 'Träne' → 'דִּמְעָתֶֽךָ'
24:20	6	Der				expands	supplied-article-deu	safe	0.711	approved	0				article the original does not write, read as one by UDPipe's German-HDT model (Straka and Straková, ÚFAL, CC BY-NC-SA 4.0); rests on 'HERR' → 'יְהוָ֔ה'
24:21	2	dem				expands	supplied-article-deu	safe	0.7849	approved	0				article the original does not write, read as one by UDPipe's German-HDT model (Straka and Straková, ÚFAL, CC BY-NC-SA 4.0); rests on 'Hause' → 'בֵ֣ית'
24:24	6	ein				expands	supplied-indefinite-article-deu	safe	0.8	approved	0				indefinite article, read as one by UDPipe's German-HDT model (Straka and Straková, ÚFAL, CC BY-NC-SA 4.0); rests on 'Wunderzeichen' → 'מֹופֵ֔ת'
24:25	5	der				expands	supplied-article-deu	safe	0.6275	approved	0				article the original does not write, read as one by UDPipe's German-HDT model (Straka and Straková, ÚFAL, CC BY-NC-SA 4.0); rests on 'Zeit' → 'יֹ֨ום'
24:27	33	der				expands	supplied-article-deu	safe	0.711	approved	0				article the original does not write, read as one by UDPipe's German-HDT model (Straka and Straková, ÚFAL, CC BY-NC-SA 4.0); rests on 'HERR' → 'יְהוָֽה'
25:1	2	des				expands	supplied-article-deu	safe	0.7647	approved	0				article the original does not write, read as one by UDPipe's German-HDT model (Straka and Straková, ÚFAL, CC BY-NC-SA 4.0); rests on 'HERRN' → 'יְהוָ֖ה'
25:2	7	die				expands	supplied-article-deu	safe	0.7722	approved	0				article the original does not write, read as one by UDPipe's German-HDT model (Straka and Straková, ÚFAL, CC BY-NC-SA 4.0); rests on 'Kinder' → 'בְּנֵ֣י'
25:3	4	den				expands	supplied-article-deu	safe	0.786	approved	0				article the original does not write, read as one by UDPipe's German-HDT model (Straka and Straková, ÚFAL, CC BY-NC-SA 4.0); rests on 'Kindern' → 'בְנֵ֣י'
25:3	38	das				expands	supplied-article-deu	safe	0.7859	approved	0				article the original does not write, read as one by UDPipe's German-HDT model (Straka and Straková, ÚFAL, CC BY-NC-SA 4.0); rests on 'Haus' → 'בֵּ֣ית'
25:4	6	den				expands	supplied-article-deu	safe	0.786	approved	0				article the original does not write, read as one by UDPipe's German-HDT model (Straka and Straková, ÚFAL, CC BY-NC-SA 4.0); rests on 'Kindern' → 'בְנֵי'
25:4	8	des				expands	supplied-article-deu	safe	0.71	approved	0				article the original does not write, read as one by UDPipe's German-HDT model (Straka and Straková, ÚFAL, CC BY-NC-SA 4.0); rests on 'Morgenlandes' → 'קֶ֜דֶם'
25:5	10	der				expands	supplied-article-deu	safe	0.7722	approved	0				article the original does not write, read as one by UDPipe's German-HDT model (Straka and Straková, ÚFAL, CC BY-NC-SA 4.0); rests on 'Kinder' → 'בְּנֵ֥י'
25:5	22	der				expands	supplied-article-deu	safe	0.7113	approved	0				article the original does not write, read as one by UDPipe's German-HDT model (Straka and Straková, ÚFAL, CC BY-NC-SA 4.0); rests on 'HERR' → 'יְהוָֽה'
25:6	16	den				expands	supplied-article-deu	safe	0.6179	approved	0				article the original does not write, read as one by UDPipe's German-HDT model (Straka and Straková, ÚFAL, CC BY-NC-SA 4.0); rests on 'Füßen' → 'רָ֑גֶל'
25:7	36	der				expands	supplied-article-deu	safe	0.7113	approved	0				article the original does not write, read as one by UDPipe's German-HDT model (Straka and Straková, ÚFAL, CC BY-NC-SA 4.0); rests on 'HERR' → 'יְהוָֽה'
25:8	13	das				expands	supplied-article-deu	safe	0.7859	approved	0				article the original does not write, read as one by UDPipe's German-HDT model (Straka and Straková, ÚFAL, CC BY-NC-SA 4.0); rests on 'Haus' → 'בֵּ֥ית'
25:9	16	das				expands	supplied-article-deu	safe	0.7657	approved	0				article the original does not write, read as one by UDPipe's German-HDT model (Straka and Straková, ÚFAL, CC BY-NC-SA 4.0); rests on 'Land' → 'אֶ֚רֶץ'
25:10	4	den				expands	supplied-article-deu	safe	0.786	approved	0				article the original does not write, read as one by UDPipe's German-HDT model (Straka and Straková, ÚFAL, CC BY-NC-SA 4.0); rests on 'Kindern' → 'בְנֵי'
25:10	6	des				expands	supplied-article-deu	safe	0.71	approved	0				article the original does not write, read as one by UDPipe's German-HDT model (Straka and Straková, ÚFAL, CC BY-NC-SA 4.0); rests on 'Morgenlandes' → 'קֶ֨דֶם֙'
25:10	14	der				expands	supplied-article-deu	safe	0.7722	approved	0				article the original does not write, read as one by UDPipe's German-HDT model (Straka and Straková, ÚFAL, CC BY-NC-SA 4.0); rests on 'Kinder' → 'בְּנֵ֣י'
25:10	19	der				expands	supplied-article-deu	safe	0.7722	approved	0				article the original does not write, read as one by UDPipe's German-HDT model (Straka and Straková, ÚFAL, CC BY-NC-SA 4.0); rests on 'Kinder' → 'בְּנֵֽי'
25:11	15	der				expands	supplied-article-deu	safe	0.7113	approved	0				article the original does not write, read as one by UDPipe's German-HDT model (Straka and Straková, ÚFAL, CC BY-NC-SA 4.0); rests on 'HERR' → 'יְהוָֽה'
25:15	8	die				expands	supplied-article-deu	safe	0.7904	approved	0				article the original does not write, read as one by UDPipe's German-HDT model (Straka and Straková, ÚFAL, CC BY-NC-SA 4.0); rests on 'Philister' → 'פְּלִשְׁתִּ֖ים'
25:16	14	die				expands	supplied-article-deu	safe	0.7904	approved	0				article the original does not write, read as one by UDPipe's German-HDT model (Straka and Straková, ÚFAL, CC BY-NC-SA 4.0); rests on 'Philister' → 'פְּלִשְׁתִּ֔ים'
25:16	17	die				expands	supplied-article-deu	safe	0.8	approved	0				article the original does not write, read as one by UDPipe's German-HDT model (Straka and Straková, ÚFAL, CC BY-NC-SA 4.0); rests on 'Krether' → 'כְּרֵתִ֑ים'
25:16	22	die				expands	supplied-article-deu	safe	0.5872	approved	0				article the original does not write, read as one by UDPipe's German-HDT model (Straka and Straková, ÚFAL, CC BY-NC-SA 4.0); rests on 'übrigen' → 'שְׁאֵרִ֖ית'
25:17	19	der				expands	supplied-article-deu	safe	0.7113	approved	0				article the original does not write, read as one by UDPipe's German-HDT model (Straka and Straková, ÚFAL, CC BY-NC-SA 4.0); rests on 'HERR' → 'יְהוָ֔ה'
26:1	15	des				expands	supplied-article-deu	safe	0.7644	approved	0				article the original does not write, read as one by UDPipe's German-HDT model (Straka and Straková, ÚFAL, CC BY-NC-SA 4.0); rests on 'HERRN' → 'יְהוָ֖ה'
26:4	3	die				expands	supplied-article-deu	safe	0.6805	approved	0				article the original does not write, read as one by UDPipe's German-HDT model (Straka and Straková, ÚFAL, CC BY-NC-SA 4.0); rests on 'Mauern' → 'חֹמֹ֣ות'
26:6	19	der				expands	supplied-article-deu	safe	0.7113	approved	0				article the original does not write, read as one by UDPipe's German-HDT model (Straka and Straková, ÚFAL, CC BY-NC-SA 4.0); rests on 'HERR' → 'יְהוָֽה'
26:7	15	den				expands	supplied-article-deu	safe	0.7345	approved	0				article the original does not write, read as one by UDPipe's German-HDT model (Straka and Straková, ÚFAL, CC BY-NC-SA 4.0); rests on 'König' → 'מֶֽלֶךְ'
26:7	23	ein				expands	supplied-indefinite-article-deu	safe	0.7345	approved	0				indefinite article, read as one by UDPipe's German-HDT model (Straka and Straková, ÚFAL, CC BY-NC-SA 4.0); rests on 'König' → 'מֶ֣לֶךְ'
26:10	36	eine				expands	supplied-indefinite-article-deu	safe	0.7593	approved	0				indefinite article, read as one by UDPipe's German-HDT model (Straka and Straková, ÚFAL, CC BY-NC-SA 4.0); rests on 'Stadt' → 'עִ֥יר'
26:19	11	einer				expands	supplied-indefinite-article-deu	safe	0.7593	approved	0				indefinite article, read as one by UDPipe's German-HDT model (Straka and Straková, ÚFAL, CC BY-NC-SA 4.0); rests on 'Stadt' → 'עִ֣יר'
26:20	9	die				expands	supplied-article-deu	safe	0.59	approved	0				article the original does not write, read as one by UDPipe's German-HDT model (Straka and Straková, ÚFAL, CC BY-NC-SA 4.0); rests on 'Grube' → 'בֹ֜ור'
26:20	14	dem				expands	supplied-article-deu	safe	0.7586	approved	0				article the original does not write, read as one by UDPipe's German-HDT model (Straka and Straková, ÚFAL, CC BY-NC-SA 4.0); rests on 'Volk' → 'עַ֣ם'
26:20	22	die				expands	supplied-article-deu	safe	0.7201	approved	0				article the original does not write, read as one by UDPipe's German-HDT model (Straka and Straková, ÚFAL, CC BY-NC-SA 4.0); rests on 'Erde' → 'אֶ֨רֶץ'
26:20	26	die				expands	supplied-article-deu	safe	0.575	approved	0				article the original does not write, read as one by UDPipe's German-HDT model (Straka and Straková, ÚFAL, CC BY-NC-SA 4.0); rests on 'Wüsten' → 'חֳרָבֹ֤ות'
26:20	33	die				expands	supplied-article-deu	safe	0.59	approved	0				article the original does not write, read as one by UDPipe's German-HDT model (Straka and Straková, ÚFAL, CC BY-NC-SA 4.0); rests on 'Grube' → 'בֹ֔ור'
26:20	50	der				expands	supplied-article-deu	safe	0.769	approved	0				article the original does not write, read as one by UDPipe's German-HDT model (Straka and Straková, ÚFAL, CC BY-NC-SA 4.0); rests on 'Lebendigen' → 'חַיִּֽים'
27:1	2	des				expands	supplied-article-deu	safe	0.7644	approved	0				article the original does not write, read as one by UDPipe's German-HDT model (Straka and Straková, ÚFAL, CC BY-NC-SA 4.0); rests on 'HERRN' → 'יְהוָ֖ה'
27:2	4	eine				expands	supplied-indefinite-article-deu	safe	0.71	approved	0				indefinite article, read as one by UDPipe's German-HDT model (Straka and Straková, ÚFAL, CC BY-NC-SA 4.0); rests on 'Wehklage' → 'קִינָֽה'
27:5	12	die				expands	supplied-article-deu	safe	0.8	approved	0				article the original does not write, read as one by UDPipe's German-HDT model (Straka and Straková, ÚFAL, CC BY-NC-SA 4.0); rests on 'Zedern' → 'אֶ֤רֶז'
27:6	17	den				expands	supplied-article-deu	safe	0.8	approved	0				article the original does not write, read as one by UDPipe's German-HDT model (Straka and Straková, ÚFAL, CC BY-NC-SA 4.0); rests on 'Inseln' → 'אִיֵּ֖י'
27:7	24	den				expands	supplied-article-deu	safe	0.8	approved	0				article the original does not write, read as one by UDPipe's German-HDT model (Straka and Straková, ÚFAL, CC BY-NC-SA 4.0); rests on 'Inseln' → 'אִיֵּ֥י'
27:9	1	Die				expands	supplied-article-deu	safe	0.7681	approved	0				article the original does not write, read as one by UDPipe's German-HDT model (Straka and Straková, ÚFAL, CC BY-NC-SA 4.0); rests on 'Ältesten' → 'זִקְנֵ֨י'
27:11	10	die				expands	supplied-article-deu	safe	0.6841	approved	0				article the original does not write, read as one by UDPipe's German-HDT model (Straka and Straková, ÚFAL, CC BY-NC-SA 4.0); rests on 'Mauern' → 'חֹומֹותַ֨יִךְ֙'
27:15	12	den				expands	supplied-article-deu	safe	0.8	approved	0				article the original does not write, read as one by UDPipe's German-HDT model (Straka and Straková, ÚFAL, CC BY-NC-SA 4.0); rests on 'Inseln' → 'אִיִּ֥ים'
27:16	1	Die				expands	supplied-article-deu	safe	0.7421	approved	0				article the original does not write, read as one by UDPipe's German-HDT model (Straka and Straková, ÚFAL, CC BY-NC-SA 4.0); rests on 'Syrer' → 'אֲרָ֥ם'
27:17	3	das				expands	supplied-article-deu	safe	0.7647	approved	0				article the original does not write, read as one by UDPipe's German-HDT model (Straka and Straková, ÚFAL, CC BY-NC-SA 4.0); rests on 'Land' → 'אֶ֣רֶץ'
27:26	16	dem				expands	supplied-article-deu	safe	0.7699	approved	0				article the original does not write, read as one by UDPipe's German-HDT model (Straka and Straková, ÚFAL, CC BY-NC-SA 4.0); rests on 'Meer' → 'יַמִּֽים'
27:27	35	dem				expands	supplied-article-deu	safe	0.7699	approved	0				article the original does not write, read as one by UDPipe's German-HDT model (Straka and Straková, ÚFAL, CC BY-NC-SA 4.0); rests on 'Meer' → 'יַמִּ֔ים'
27:28	8	dem				expands	supplied-article-deu	safe	0.6006	approved	0				article the original does not write, read as one by UDPipe's German-HDT model (Straka and Straková, ÚFAL, CC BY-NC-SA 4.0); rests on 'Geschrei' → 'קֹ֖ול'
27:33	6	dem				expands	supplied-article-deu	safe	0.7699	approved	0				article the original does not write, read as one by UDPipe's German-HDT model (Straka and Straková, ÚFAL, CC BY-NC-SA 4.0); rests on 'Meer' → 'יַּמִּ֔ים'
27:33	27	die				expands	supplied-article-deu	safe	0.7769	approved	0				article the original does not write, read as one by UDPipe's German-HDT model (Straka and Straková, ÚFAL, CC BY-NC-SA 4.0); rests on 'Könige' → 'מַלְכֵי'
27:36	1	Die				expands	supplied-article-deu	safe	0.6875	approved	0				article the original does not write, read as one by UDPipe's German-HDT model (Straka and Straková, ÚFAL, CC BY-NC-SA 4.0); rests on 'Kaufleute' → 'סֹֽחֲרִים֙'
28:1	2	des				expands	supplied-article-deu	safe	0.7644	approved	0				article the original does not write, read as one by UDPipe's German-HDT model (Straka and Straková, ÚFAL, CC BY-NC-SA 4.0); rests on 'HERRN' → 'יְהוָ֖ה'
28:2	36	ein				expands	supplied-indefinite-article-deu	safe	0.6384	approved	0				indefinite article, read as one by UDPipe's German-HDT model (Straka and Straková, ÚFAL, CC BY-NC-SA 4.0); rests on 'Mensch' → 'אָדָם֙'
28:2	50	eines				expands	supplied-indefinite-article-deu	safe	0.6539	approved	0				indefinite article, read as one by UDPipe's German-HDT model (Straka and Straková, ÚFAL, CC BY-NC-SA 4.0); rests on 'Herz' → 'לֵ֥ב'
28:6	16	eines				expands	supplied-indefinite-article-deu	safe	0.6539	approved	0				indefinite article, read as one by UDPipe's German-HDT model (Straka and Straková, ÚFAL, CC BY-NC-SA 4.0); rests on 'Herz' → 'לֵ֥ב'
28:7	10	die				expands	supplied-article-deu	safe	0.6594	approved	0				article the original does not write, read as one by UDPipe's German-HDT model (Straka and Straková, ÚFAL, CC BY-NC-SA 4.0); rests on 'Tyrannen' → 'עָרִיצֵ֖י'
28:7	12	der				expands	supplied-article-deu	safe	0.795	approved	0				article the original does not write, read as one by UDPipe's German-HDT model (Straka and Straková, ÚFAL, CC BY-NC-SA 4.0); rests on 'Heiden' → 'גֹּויִ֑ם'
28:8	13	dem				expands	supplied-article-deu	safe	0.7707	approved	0				article the original does not write, read as one by UDPipe's German-HDT model (Straka and Straková, ÚFAL, CC BY-NC-SA 4.0); rests on 'Meer' → 'יַמִּֽים'
28:8	17	die				expands	supplied-article-deu	safe	0.7769	approved	0				article the original does not write, read as one by UDPipe's German-HDT model (Straka and Straková, ÚFAL, CC BY-NC-SA 4.0); rests on 'Erschlagenen' → 'חָלָ֖ל'
28:9	20	ein				expands	supplied-indefinite-article-deu	safe	0.6384	approved	0				indefinite article, read as one by UDPipe's German-HDT model (Straka and Straková, ÚFAL, CC BY-NC-SA 4.0); rests on 'Mensch' → 'אָדָ֛ם'
28:10	5	die				expands	supplied-article-deu	safe	0.7795	approved	0				article the original does not write, read as one by UDPipe's German-HDT model (Straka and Straková, ÚFAL, CC BY-NC-SA 4.0); rests on 'Unbeschnittenen' → 'עֲרֵלִ֛ים'
28:10	8	der				expands	supplied-article-deu	safe	0.7465	approved	0				article the original does not write, read as one by UDPipe's German-HDT model (Straka and Straková, ÚFAL, CC BY-NC-SA 4.0); rests on 'Hand' → 'יַד'
28:11	2	des				expands	supplied-article-deu	safe	0.7644	approved	0				article the original does not write, read as one by UDPipe's German-HDT model (Straka and Straková, ÚFAL, CC BY-NC-SA 4.0); rests on 'HERRN' → 'יְהוָ֖ה'
28:12	4	eine				expands	supplied-indefinite-article-deu	safe	0.71	approved	0				indefinite article, read as one by UDPipe's German-HDT model (Straka and Straková, ÚFAL, CC BY-NC-SA 4.0); rests on 'Wehklage' → 'קִינָ֖ה'
28:12	7	den				expands	supplied-article-deu	safe	0.7345	approved	0				article the original does not write, read as one by UDPipe's German-HDT model (Straka and Straková, ÚFAL, CC BY-NC-SA 4.0); rests on 'König' → 'מֶ֣לֶךְ'
28:14	4	ein				expands	supplied-indefinite-article-deu	safe	0.755	approved	0				indefinite article, read as one by UDPipe's German-HDT model (Straka and Straková, ÚFAL, CC BY-NC-SA 4.0); rests on 'Cherub' → 'כְּר֔וּב'
28:14	17	den				expands	supplied-article-deu	safe	0.7917	approved	0				article the original does not write, read as one by UDPipe's German-HDT model (Straka and Straková, ÚFAL, CC BY-NC-SA 4.0); rests on 'Berg' → 'הַ֨ר'
28:14	25	den				expands	supplied-article-deu	safe	0.7135	approved	0				article the original does not write, read as one by UDPipe's German-HDT model (Straka and Straková, ÚFAL, CC BY-NC-SA 4.0); rests on 'Steinen' → 'אַבְנֵי'
28:15	9	dem				expands	supplied-article-deu	safe	0.7758	approved	0				article the original does not write, read as one by UDPipe's German-HDT model (Straka and Straková, ÚFAL, CC BY-NC-SA 4.0); rests on 'Tage' → 'יֹּ֖ום'
28:16	22	dem				expands	supplied-article-deu	safe	0.783	approved	0				article the original does not write, read as one by UDPipe's German-HDT model (Straka and Straková, ÚFAL, CC BY-NC-SA 4.0); rests on 'Berge' → 'הַ֨ר'
28:16	31	den				expands	supplied-article-deu	safe	0.7135	approved	0				article the original does not write, read as one by UDPipe's German-HDT model (Straka and Straková, ÚFAL, CC BY-NC-SA 4.0); rests on 'Steinen' → 'אַבְנֵי'
28:17	36	den				expands	supplied-article-deu	safe	0.781	approved	0				article the original does not write, read as one by UDPipe's German-HDT model (Straka and Straková, ÚFAL, CC BY-NC-SA 4.0); rests on 'Königen' → 'מְלָכִ֛ים'
28:18	17	ein				expands	supplied-indefinite-article-deu	safe	0.7483	approved	0				indefinite article, read as one by UDPipe's German-HDT model (Straka and Straková, ÚFAL, CC BY-NC-SA 4.0); rests on 'Feuer' → 'אֵ֤שׁ'
28:20	2	des				expands	supplied-article-deu	safe	0.7644	approved	0				article the original does not write, read as one by UDPipe's German-HDT model (Straka and Straková, ÚFAL, CC BY-NC-SA 4.0); rests on 'HERRN' → 'יְהוָ֖ה'
28:22	26	der				expands	supplied-article-deu	safe	0.7112	approved	0				article the original does not write, read as one by UDPipe's German-HDT model (Straka and Straková, ÚFAL, CC BY-NC-SA 4.0); rests on 'HERR' → 'יְהוָ֗ה'
28:23	33	der				expands	supplied-article-deu	safe	0.7112	approved	0				article the original does not write, read as one by UDPipe's German-HDT model (Straka and Straková, ÚFAL, CC BY-NC-SA 4.0); rests on 'HERR' → 'יְהוָֽה'
28:24	6	das				expands	supplied-article-deu	safe	0.7859	approved	0				article the original does not write, read as one by UDPipe's German-HDT model (Straka and Straková, ÚFAL, CC BY-NC-SA 4.0); rests on 'Haus' → 'בֵ֣ית'
28:25	8	das				expands	supplied-article-deu	safe	0.7859	approved	0				article the original does not write, read as one by UDPipe's German-HDT model (Straka and Straková, ÚFAL, CC BY-NC-SA 4.0); rests on 'Haus' → 'בֵּ֣ית'
28:26	35	der				expands	supplied-article-deu	safe	0.7112	approved	0				article the original does not write, read as one by UDPipe's German-HDT model (Straka and Straková, ÚFAL, CC BY-NC-SA 4.0); rests on 'HERR' → 'יְהוָ֖ה'
29:1	11	des				expands	supplied-article-deu	safe	0.7644	approved	0				article the original does not write, read as one by UDPipe's German-HDT model (Straka and Straková, ÚFAL, CC BY-NC-SA 4.0); rests on 'HERRN' → 'יְהוָ֖ה'
29:2	8	den				expands	supplied-article-deu	safe	0.7344	approved	0				article the original does not write, read as one by UDPipe's German-HDT model (Straka and Straková, ÚFAL, CC BY-NC-SA 4.0); rests on 'König' → 'מֶ֣לֶךְ'
29:5	33	den				expands	supplied-article-deu	safe	0.75	approved	0				article the original does not write, read as one by UDPipe's German-HDT model (Straka and Straková, ÚFAL, CC BY-NC-SA 4.0); rests on 'Vögeln' → 'עֹ֥וף'
29:6	11	der				expands	supplied-article-deu	safe	0.711	approved	0				article the original does not write, read as one by UDPipe's German-HDT model (Straka and Straková, ÚFAL, CC BY-NC-SA 4.0); rests on 'HERR' → 'יְהוָ֑ה'
29:6	17	dem				expands	supplied-article-deu	safe	0.7849	approved	0				article the original does not write, read as one by UDPipe's German-HDT model (Straka and Straková, ÚFAL, CC BY-NC-SA 4.0); rests on 'Hause' → 'בֵ֥ית'
29:7	29	die				expands	supplied-article-deu	safe	0.6185	approved	0				article the original does not write, read as one by UDPipe's German-HDT model (Straka and Straková, ÚFAL, CC BY-NC-SA 4.0); rests on 'Lenden' → 'מָתְנָֽיִם'
29:8	10	das				expands	supplied-article-deu	safe	0.7935	approved	0				article the original does not write, read as one by UDPipe's German-HDT model (Straka and Straková, ÚFAL, CC BY-NC-SA 4.0); rests on 'Schwert' → 'חָ֑רֶב'
29:9	15	der				expands	supplied-article-deu	safe	0.711	approved	0				article the original does not write, read as one by UDPipe's German-HDT model (Straka and Straková, ÚFAL, CC BY-NC-SA 4.0); rests on 'HERR' → 'יְהוָ֑ה'
29:12	26	die				expands	supplied-article-deu	safe	0.667	approved	0				article the original does not write, read as one by UDPipe's German-HDT model (Straka and Straková, ÚFAL, CC BY-NC-SA 4.0); rests on 'Ägypter' → 'מִצְרַ֨יִם֙'
29:13	8	die				expands	supplied-article-deu	safe	0.795	approved	0				article the original does not write, read as one by UDPipe's German-HDT model (Straka and Straková, ÚFAL, CC BY-NC-SA 4.0); rests on 'Jahre' → 'שָׁנָה֙'
29:13	16	die				expands	supplied-article-deu	safe	0.667	approved	0				article the original does not write, read as one by UDPipe's German-HDT model (Straka and Straková, ÚFAL, CC BY-NC-SA 4.0); rests on 'Ägypter' → 'מִצְרַ֔יִם'
29:14	3	das				expands	supplied-article-deu	safe	0.5985	approved	0				article the original does not write, read as one by UDPipe's German-HDT model (Straka and Straková, ÚFAL, CC BY-NC-SA 4.0); rests on 'Gefängnis' → 'שְׁב֣וּת'
29:16	3	das				expands	supplied-article-deu	safe	0.7859	approved	0				article the original does not write, read as one by UDPipe's German-HDT model (Straka and Straková, ÚFAL, CC BY-NC-SA 4.0); rests on 'Haus' → 'בֵ֨ית'
29:17	15	des				expands	supplied-article-deu	safe	0.7644	approved	0				article the original does not write, read as one by UDPipe's German-HDT model (Straka and Straková, ÚFAL, CC BY-NC-SA 4.0); rests on 'HERRN' → 'יְהוָ֖ה'
29:18	4	der				expands	supplied-article-deu	safe	0.7344	approved	0				article the original does not write, read as one by UDPipe's German-HDT model (Straka and Straková, ÚFAL, CC BY-NC-SA 4.0); rests on 'König' → 'מֶֽלֶךְ'
29:19	11	dem				expands	supplied-article-deu	safe	0.7344	approved	0				article the original does not write, read as one by UDPipe's German-HDT model (Straka and Straková, ÚFAL, CC BY-NC-SA 4.0); rests on 'König' → 'מֶֽלֶךְ'
29:20	13	das				expands	supplied-article-deu	safe	0.7652	approved	0				article the original does not write, read as one by UDPipe's German-HDT model (Straka and Straková, ÚFAL, CC BY-NC-SA 4.0); rests on 'Land' → 'אֶ֣רֶץ'
29:21	6	das				expands	supplied-article-deu	safe	0.692	approved	0				article the original does not write, read as one by UDPipe's German-HDT model (Straka and Straková, ÚFAL, CC BY-NC-SA 4.0); rests on 'Horn' → 'קֶ֨רֶן֙'
29:21	8	des				expands	supplied-article-deu	safe	0.7864	approved	0				article the original does not write, read as one by UDPipe's German-HDT model (Straka and Straková, ÚFAL, CC BY-NC-SA 4.0); rests on 'Hauses' → 'בֵ֣ית'
29:21	25	der				expands	supplied-article-deu	safe	0.711	approved	0				article the original does not write, read as one by UDPipe's German-HDT model (Straka and Straková, ÚFAL, CC BY-NC-SA 4.0); rests on 'HERR' → 'יְהוָֽה'
30:1	2	des				expands	supplied-article-deu	safe	0.7644	approved	0				article the original does not write, read as one by UDPipe's German-HDT model (Straka and Straková, ÚFAL, CC BY-NC-SA 4.0); rests on 'HERRN' → 'יְהוָ֖ה'
30:3	2	der				expands	supplied-article-deu	safe	0.7565	approved	0				article the original does not write, read as one by UDPipe's German-HDT model (Straka and Straková, ÚFAL, CC BY-NC-SA 4.0); rests on 'Tag' → 'יֹ֔ום'
30:3	7	des				expands	supplied-article-deu	safe	0.7644	approved	0				article the original does not write, read as one by UDPipe's German-HDT model (Straka and Straková, ÚFAL, CC BY-NC-SA 4.0); rests on 'HERRN' → 'יהוָ֑ה'
30:3	12	ein				expands	supplied-indefinite-article-deu	safe	0.7565	approved	0				indefinite article, read as one by UDPipe's German-HDT model (Straka and Straková, ÚFAL, CC BY-NC-SA 4.0); rests on 'Tag' → 'יֹ֣ום'
30:3	17	der				expands	supplied-article-deu	safe	0.7937	approved	0				article the original does not write, read as one by UDPipe's German-HDT model (Straka and Straková, ÚFAL, CC BY-NC-SA 4.0); rests on 'Heiden' → 'גֹּויִ֖ם'
30:4	2	das				expands	supplied-article-deu	safe	0.7934	approved	0				article the original does not write, read as one by UDPipe's German-HDT model (Straka and Straková, ÚFAL, CC BY-NC-SA 4.0); rests on 'Schwert' → 'חֶ֨רֶב֙'
30:4	13	die				expands	supplied-article-deu	safe	0.7769	approved	0				article the original does not write, read as one by UDPipe's German-HDT model (Straka and Straková, ÚFAL, CC BY-NC-SA 4.0); rests on 'Erschlagenen' → 'חָלָ֖ל'
30:5	14	dem				expands	supplied-article-deu	safe	0.7352	approved	0				article the original does not write, read as one by UDPipe's German-HDT model (Straka and Straková, ÚFAL, CC BY-NC-SA 4.0); rests on 'Lande' → 'אֶ֣רֶץ'
30:8	6	der				expands	supplied-article-deu	safe	0.7107	approved	0				article the original does not write, read as one by UDPipe's German-HDT model (Straka and Straková, ÚFAL, CC BY-NC-SA 4.0); rests on 'HERR' → 'יְהוָ֑ה'
30:8	11	ein				expands	supplied-indefinite-article-deu	safe	0.748	approved	0				indefinite article, read as one by UDPipe's German-HDT model (Straka and Straková, ÚFAL, CC BY-NC-SA 4.0); rests on 'Feuer' → 'אֵ֣שׁ'
30:10	15	den				expands	supplied-article-deu	safe	0.7344	approved	0				article the original does not write, read as one by UDPipe's German-HDT model (Straka and Straková, ÚFAL, CC BY-NC-SA 4.0); rests on 'König' → 'מֶלֶךְ'
30:11	8	die				expands	supplied-article-deu	safe	0.6594	approved	0				article the original does not write, read as one by UDPipe's German-HDT model (Straka and Straková, ÚFAL, CC BY-NC-SA 4.0); rests on 'Tyrannen' → 'עָרִיצֵ֣י'
30:11	10	der				expands	supplied-article-deu	safe	0.7937	approved	0				article the original does not write, read as one by UDPipe's German-HDT model (Straka and Straková, ÚFAL, CC BY-NC-SA 4.0); rests on 'Heiden' → 'גֹויִ֔ם'
30:12	16	das				expands	supplied-article-deu	safe	0.7646	approved	0				article the original does not write, read as one by UDPipe's German-HDT model (Straka and Straková, ÚFAL, CC BY-NC-SA 4.0); rests on 'Land' → 'אֶ֤רֶץ'
30:12	26	der				expands	supplied-article-deu	safe	0.7107	approved	0				article the original does not write, read as one by UDPipe's German-HDT model (Straka and Straková, ÚFAL, CC BY-NC-SA 4.0); rests on 'HERR' → 'יְהוָ֖ה'
30:14	7	ein				expands	supplied-indefinite-article-deu	safe	0.748	approved	0				indefinite article, read as one by UDPipe's German-HDT model (Straka and Straková, ÚFAL, CC BY-NC-SA 4.0); rests on 'Feuer' → 'אֵ֖שׁ'
30:16	3	ein				expands	supplied-indefinite-article-deu	safe	0.748	approved	0				indefinite article, read as one by UDPipe's German-HDT model (Straka and Straková, ÚFAL, CC BY-NC-SA 4.0); rests on 'Feuer' → 'אֵשׁ֙'
30:17	1	Die				expands	supplied-article-deu	safe	0.6442	approved	0				article the original does not write, read as one by UDPipe's German-HDT model (Straka and Straková, ÚFAL, CC BY-NC-SA 4.0); rests on 'Mannschaft' → 'בַּח֥וּרֵי'
30:18	16	die				expands	supplied-article-deu	safe	0.6676	approved	0				article the original does not write, read as one by UDPipe's German-HDT model (Straka and Straková, ÚFAL, CC BY-NC-SA 4.0); rests on 'Hoffart' → 'גְּאֹ֣ון'
30:19	15	der				expands	supplied-article-deu	safe	0.7107	approved	0				article the original does not write, read as one by UDPipe's German-HDT model (Straka and Straková, ÚFAL, CC BY-NC-SA 4.0); rests on 'HERR' → 'יְהוָֽה'
30:20	15	des				expands	supplied-article-deu	safe	0.7644	approved	0				article the original does not write, read as one by UDPipe's German-HDT model (Straka and Straková, ÚFAL, CC BY-NC-SA 4.0); rests on 'HERRN' → 'יְהוָ֖ה'
30:21	5	den				expands	supplied-article-deu	safe	0.6768	approved	0				article the original does not write, read as one by UDPipe's German-HDT model (Straka and Straková, ÚFAL, CC BY-NC-SA 4.0); rests on 'Arm' → 'זְרֹ֛ועַ'
30:21	8	des				expands	supplied-article-deu	safe	0.7744	approved	0				article the original does not write, read as one by UDPipe's German-HDT model (Straka and Straková, ÚFAL, CC BY-NC-SA 4.0); rests on 'Königs' → 'מֶֽלֶךְ'
30:22	12	den				expands	supplied-article-deu	safe	0.7344	approved	0				article the original does not write, read as one by UDPipe's German-HDT model (Straka and Straková, ÚFAL, CC BY-NC-SA 4.0); rests on 'König' → 'מֶֽלֶךְ'
30:23	4	die				expands	supplied-article-deu	safe	0.67	approved	0				article the original does not write, read as one by UDPipe's German-HDT model (Straka and Straková, ÚFAL, CC BY-NC-SA 4.0); rests on 'Ägypter' → 'מִצְרַ֖יִם'
30:24	4	des				expands	supplied-article-deu	safe	0.7744	approved	0				article the original does not write, read as one by UDPipe's German-HDT model (Straka and Straková, ÚFAL, CC BY-NC-SA 4.0); rests on 'Königs' → 'מֶ֣לֶךְ'
30:24	32	ein				expands	supplied-indefinite-article-deu	safe	0.62	approved	0				indefinite article, read as one by UDPipe's German-HDT model (Straka and Straková, ÚFAL, CC BY-NC-SA 4.0); rests on 'Verwundeter' → 'חָלָ֖ל'
30:25	6	des				expands	supplied-article-deu	safe	0.7744	approved	0				article the original does not write, read as one by UDPipe's German-HDT model (Straka and Straková, ÚFAL, CC BY-NC-SA 4.0); rests on 'Königs' → 'מֶ֣לֶךְ'
30:25	22	der				expands	supplied-article-deu	safe	0.7107	approved	0				article the original does not write, read as one by UDPipe's German-HDT model (Straka and Straková, ÚFAL, CC BY-NC-SA 4.0); rests on 'HERR' → 'יְהוָ֗ה'
30:25	29	dem				expands	supplied-article-deu	safe	0.7344	approved	0				article the original does not write, read as one by UDPipe's German-HDT model (Straka and Straková, ÚFAL, CC BY-NC-SA 4.0); rests on 'König' → 'מֶֽלֶךְ'
30:25	34	die				expands	supplied-article-deu	safe	0.7464	approved	0				article the original does not write, read as one by UDPipe's German-HDT model (Straka and Straková, ÚFAL, CC BY-NC-SA 4.0); rests on 'Hand' → 'יַ֣ד'
30:26	3	die				expands	supplied-article-deu	safe	0.67	approved	0				article the original does not write, read as one by UDPipe's German-HDT model (Straka and Straková, ÚFAL, CC BY-NC-SA 4.0); rests on 'Ägypter' → 'מִצְרַ֨יִם֙'
30:26	19	der				expands	supplied-article-deu	safe	0.7107	approved	0				article the original does not write, read as one by UDPipe's German-HDT model (Straka and Straková, ÚFAL, CC BY-NC-SA 4.0); rests on 'HERR' → 'יְהוָֽה'
31:1	15	des				expands	supplied-article-deu	safe	0.7644	approved	0				article the original does not write, read as one by UDPipe's German-HDT model (Straka and Straková, ÚFAL, CC BY-NC-SA 4.0); rests on 'HERRN' → 'יְהוָ֖ה'
31:2	6	dem				expands	supplied-article-deu	safe	0.7345	approved	0				article the original does not write, read as one by UDPipe's German-HDT model (Straka and Straková, ÚFAL, CC BY-NC-SA 4.0); rests on 'König' → 'מֶֽלֶךְ'
31:3	5	ein				expands	supplied-indefinite-article-deu	safe	0.8	approved	0				indefinite article, read as one by UDPipe's German-HDT model (Straka and Straková, ÚFAL, CC BY-NC-SA 4.0); rests on 'Zedernbaum' → 'אֶ֣רֶז'
31:4	1	Die				expands	supplied-article-deu	safe	0.7217	approved	0				article the original does not write, read as one by UDPipe's German-HDT model (Straka and Straková, ÚFAL, CC BY-NC-SA 4.0); rests on 'Wasser' → 'מַ֣יִם'
31:4	9	die				expands	supplied-article-deu	safe	0.5882	approved	0				article the original does not write, read as one by UDPipe's German-HDT model (Straka and Straková, ÚFAL, CC BY-NC-SA 4.0); rests on 'Tiefe' → 'תְּהֹ֖ום'
31:11	8	den				expands	supplied-article-deu	safe	0.7937	approved	0				article the original does not write, read as one by UDPipe's German-HDT model (Straka and Straková, ÚFAL, CC BY-NC-SA 4.0); rests on 'Heiden' → 'גֹּויִ֑ם'
31:11	11	die				expands	supplied-article-deu	safe	0.7278	approved	0				article the original does not write, read as one by UDPipe's German-HDT model (Straka and Straková, ÚFAL, CC BY-NC-SA 4.0); rests on 'Hände' → 'יַ֖ד'
31:12	7	die				expands	supplied-article-deu	safe	0.6594	approved	0				article the original does not write, read as one by UDPipe's German-HDT model (Straka and Straková, ÚFAL, CC BY-NC-SA 4.0); rests on 'Tyrannen' → 'עָרִיצֵ֥י'
31:12	9	der				expands	supplied-article-deu	safe	0.7937	approved	0				article the original does not write, read as one by UDPipe's German-HDT model (Straka and Straková, ÚFAL, CC BY-NC-SA 4.0); rests on 'Heiden' → 'גֹויִ֖ם'
31:14	35	die				expands	supplied-article-deu	safe	0.72	approved	0				article the original does not write, read as one by UDPipe's German-HDT model (Straka and Straková, ÚFAL, CC BY-NC-SA 4.0); rests on 'Erde' → 'אֶ֣רֶץ'
31:14	47	die				expands	supplied-article-deu	safe	0.59	approved	0				article the original does not write, read as one by UDPipe's German-HDT model (Straka and Straková, ÚFAL, CC BY-NC-SA 4.0); rests on 'Grube' → 'בֹֽור'
31:15	7	der				expands	supplied-article-deu	safe	0.6281	approved	0				article the original does not write, read as one by UDPipe's German-HDT model (Straka and Straková, ÚFAL, CC BY-NC-SA 4.0); rests on 'Zeit' → 'יֹ֨ום'
31:15	13	die				expands	supplied-article-deu	safe	0.7679	approved	0				article the original does not write, read as one by UDPipe's German-HDT model (Straka and Straková, ÚFAL, CC BY-NC-SA 4.0); rests on 'Hölle' → 'שְׁאֹ֨ולָה֙'
31:15	23	die				expands	supplied-article-deu	safe	0.5882	approved	0				article the original does not write, read as one by UDPipe's German-HDT model (Straka and Straková, ÚFAL, CC BY-NC-SA 4.0); rests on 'Tiefe' → 'תְּהֹ֔ום'
31:15	32	die				expands	supplied-article-deu	safe	0.7217	approved	0				article the original does not write, read as one by UDPipe's German-HDT model (Straka and Straková, ÚFAL, CC BY-NC-SA 4.0); rests on 'Wasser' → 'מַ֣יִם'
31:15	41	der				expands	supplied-article-deu	safe	0.8	approved	0				article the original does not write, read as one by UDPipe's German-HDT model (Straka and Straková, ÚFAL, CC BY-NC-SA 4.0); rests on 'Libanon' → 'לְבָנֹ֔ון'
31:16	3	die				expands	supplied-article-deu	safe	0.7937	approved	0				article the original does not write, read as one by UDPipe's German-HDT model (Straka and Straková, ÚFAL, CC BY-NC-SA 4.0); rests on 'Heiden' → 'גֹויִ֔ם'
31:16	20	die				expands	supplied-article-deu	safe	0.59	approved	0				article the original does not write, read as one by UDPipe's German-HDT model (Straka and Straková, ÚFAL, CC BY-NC-SA 4.0); rests on 'Grube' → 'בֹ֑ור'
31:16	29	der				expands	supplied-article-deu	safe	0.72	approved	0				article the original does not write, read as one by UDPipe's German-HDT model (Straka and Straková, ÚFAL, CC BY-NC-SA 4.0); rests on 'Erde' → 'אֶ֤רֶץ'
31:16	36	dem				expands	supplied-article-deu	safe	0.8	approved	0				article the original does not write, read as one by UDPipe's German-HDT model (Straka and Straková, ÚFAL, CC BY-NC-SA 4.0); rests on 'Libanon' → 'לְבָנֹ֖ון'
31:17	11	den				expands	supplied-article-deu	safe	0.7769	approved	0				article the original does not write, read as one by UDPipe's German-HDT model (Straka and Straková, ÚFAL, CC BY-NC-SA 4.0); rests on 'Erschlagenen' → 'חַלְלֵי'
31:17	14	dem				expands	supplied-article-deu	safe	0.7935	approved	0				article the original does not write, read as one by UDPipe's German-HDT model (Straka and Straková, ÚFAL, CC BY-NC-SA 4.0); rests on 'Schwert' → 'חָ֑רֶב'
31:17	19	dem				expands	supplied-article-deu	safe	0.7344	approved	0				article the original does not write, read as one by UDPipe's German-HDT model (Straka and Straková, ÚFAL, CC BY-NC-SA 4.0); rests on 'Schatten' → 'צִלֹּ֖ו'
31:17	26	den				expands	supplied-article-deu	safe	0.7937	approved	0				article the original does not write, read as one by UDPipe's German-HDT model (Straka and Straková, ÚFAL, CC BY-NC-SA 4.0); rests on 'Heiden' → 'גֹּויִֽם'
31:18	16	den				expands	supplied-article-deu	safe	0.8	approved	0				article the original does not write, read as one by UDPipe's German-HDT model (Straka and Straková, ÚFAL, CC BY-NC-SA 4.0); rests on 'Bäumen' → 'עֲצֵי'
31:18	23	den				expands	supplied-article-deu	safe	0.8	approved	0				article the original does not write, read as one by UDPipe's German-HDT model (Straka and Straková, ÚFAL, CC BY-NC-SA 4.0); rests on 'Bäumen' → 'עֲצֵי'
31:18	27	die				expands	supplied-article-deu	safe	0.72	approved	0				article the original does not write, read as one by UDPipe's German-HDT model (Straka and Straková, ÚFAL, CC BY-NC-SA 4.0); rests on 'Erde' → 'אֶ֣רֶץ'
31:18	32	den				expands	supplied-article-deu	safe	0.7795	approved	0				article the original does not write, read as one by UDPipe's German-HDT model (Straka and Straková, ÚFAL, CC BY-NC-SA 4.0); rests on 'Unbeschnittenen' → 'עֲרֵלִ֤ים'
31:18	37	dem				expands	supplied-article-deu	safe	0.7935	approved	0				article the original does not write, read as one by UDPipe's German-HDT model (Straka and Straková, ÚFAL, CC BY-NC-SA 4.0); rests on 'Schwert' → 'חֶ֔רֶב'
32:1	15	des				expands	supplied-article-deu	safe	0.7644	approved	0				article the original does not write, read as one by UDPipe's German-HDT model (Straka and Straková, ÚFAL, CC BY-NC-SA 4.0); rests on 'HERRN' → 'יְהוָ֖ה'
32:2	4	eine				expands	supplied-indefinite-article-deu	safe	0.71	approved	0				indefinite article, read as one by UDPipe's German-HDT model (Straka and Straková, ÚFAL, CC BY-NC-SA 4.0); rests on 'Wehklage' → 'קִינָה֙'
32:2	8	den				expands	supplied-article-deu	safe	0.7345	approved	0				article the original does not write, read as one by UDPipe's German-HDT model (Straka and Straková, ÚFAL, CC BY-NC-SA 4.0); rests on 'König' → 'מֶֽלֶךְ'
32:2	23	den				expands	supplied-article-deu	safe	0.7937	approved	0				article the original does not write, read as one by UDPipe's German-HDT model (Straka and Straková, ÚFAL, CC BY-NC-SA 4.0); rests on 'Heiden' → 'גֹּויִ֖ם'
32:2	36	das				expands	supplied-article-deu	safe	0.7218	approved	0				article the original does not write, read as one by UDPipe's German-HDT model (Straka and Straková, ÚFAL, CC BY-NC-SA 4.0); rests on 'Wasser' → 'מַ֨יִם֙'
32:6	1	Das				expands	supplied-article-deu	safe	0.7647	approved	0				article the original does not write, read as one by UDPipe's German-HDT model (Straka and Straková, ÚFAL, CC BY-NC-SA 4.0); rests on 'Land' → 'אֶ֧רֶץ'
32:7	11	den				expands	supplied-article-deu	safe	0.764	approved	0				article the original does not write, read as one by UDPipe's German-HDT model (Straka and Straková, ÚFAL, CC BY-NC-SA 4.0); rests on 'Himmel' → 'שָׁמַ֔יִם'
32:7	19	die				expands	supplied-article-deu	safe	0.7707	approved	0				article the original does not write, read as one by UDPipe's German-HDT model (Straka and Straková, ÚFAL, CC BY-NC-SA 4.0); rests on 'Sonne' → 'שֶׁ֚מֶשׁ'
32:7	25	der				expands	supplied-article-deu	safe	0.7481	approved	0				article the original does not write, read as one by UDPipe's German-HDT model (Straka and Straková, ÚFAL, CC BY-NC-SA 4.0); rests on 'Mond' → 'יָרֵ֖חַ'
32:8	14	eine				expands	supplied-indefinite-article-deu	safe	0.6767	approved	0				indefinite article, read as one by UDPipe's German-HDT model (Straka and Straková, ÚFAL, CC BY-NC-SA 4.0); rests on 'Finsternis' → 'חֹ֨שֶׁךְ֙'
32:11	7	Das				expands	supplied-article-deu	safe	0.7932	approved	0				article the original does not write, read as one by UDPipe's German-HDT model (Straka and Straková, ÚFAL, CC BY-NC-SA 4.0); rests on 'Schwert' → 'חֶ֥רֶב'
32:11	9	des				expands	supplied-article-deu	safe	0.7745	approved	0				article the original does not write, read as one by UDPipe's German-HDT model (Straka and Straková, ÚFAL, CC BY-NC-SA 4.0); rests on 'Königs' → 'מֶֽלֶךְ'
32:12	8	das				expands	supplied-article-deu	safe	0.7932	approved	0				article the original does not write, read as one by UDPipe's German-HDT model (Straka and Straková, ÚFAL, CC BY-NC-SA 4.0); rests on 'Schwert' → 'חַרְבֹ֤ות'
32:12	10	der				expands	supplied-article-deu	safe	0.7679	approved	0				article the original does not write, read as one by UDPipe's German-HDT model (Straka and Straková, ÚFAL, CC BY-NC-SA 4.0); rests on 'Helden' → 'גִּבֹּורִים֙'
32:12	15	der				expands	supplied-article-deu	safe	0.7937	approved	0				article the original does not write, read as one by UDPipe's German-HDT model (Straka and Straková, ÚFAL, CC BY-NC-SA 4.0); rests on 'Heiden' → 'גֹויִ֖ם'
32:13	8	den				expands	supplied-article-deu	safe	0.6784	approved	0				article the original does not write, read as one by UDPipe's German-HDT model (Straka and Straková, ÚFAL, CC BY-NC-SA 4.0); rests on 'Wassern' → 'מַ֣יִם'
32:15	3	das				expands	supplied-article-deu	safe	0.7647	approved	0				article the original does not write, read as one by UDPipe's German-HDT model (Straka and Straková, ÚFAL, CC BY-NC-SA 4.0); rests on 'Land' → 'אֶ֨רֶץ'
32:15	27	der				expands	supplied-article-deu	safe	0.7112	approved	0				article the original does not write, read as one by UDPipe's German-HDT model (Straka and Straková, ÚFAL, CC BY-NC-SA 4.0); rests on 'HERR' → 'יְהוָֽה'
32:16	12	die				expands	supplied-article-deu	safe	0.7914	approved	0				article the original does not write, read as one by UDPipe's German-HDT model (Straka and Straková, ÚFAL, CC BY-NC-SA 4.0); rests on 'Töchter' → 'בְּנֹ֥ות'
32:17	11	des				expands	supplied-article-deu	safe	0.7644	approved	0				article the original does not write, read as one by UDPipe's German-HDT model (Straka and Straková, ÚFAL, CC BY-NC-SA 4.0); rests on 'HERRN' → 'יְהוָ֖ה'
32:18	12	den				expands	supplied-article-deu	safe	0.8	approved	0				article the original does not write, read as one by UDPipe's German-HDT model (Straka and Straková, ÚFAL, CC BY-NC-SA 4.0); rests on 'Töchtern' → 'בְנֹ֨ות'
32:18	14	der				expands	supplied-article-deu	safe	0.7937	approved	0				article the original does not write, read as one by UDPipe's German-HDT model (Straka and Straková, ÚFAL, CC BY-NC-SA 4.0); rests on 'Heiden' → 'גֹּויִ֧ם'
32:18	19	die				expands	supplied-article-deu	safe	0.7201	approved	0				article the original does not write, read as one by UDPipe's German-HDT model (Straka and Straková, ÚFAL, CC BY-NC-SA 4.0); rests on 'Erde' → 'אֶ֥רֶץ'
32:18	25	die				expands	supplied-article-deu	safe	0.5782	approved	0				article the original does not write, read as one by UDPipe's German-HDT model (Straka and Straková, ÚFAL, CC BY-NC-SA 4.0); rests on 'Grube' → 'בֹֽור'
32:19	11	den				expands	supplied-article-deu	safe	0.7679	approved	0				article the original does not write, read as one by UDPipe's German-HDT model (Straka and Straková, ÚFAL, CC BY-NC-SA 4.0); rests on 'Unbeschnittenen' → 'עֲרֵלִֽים'
32:20	8	dem				expands	supplied-article-deu	safe	0.7932	approved	0				article the original does not write, read as one by UDPipe's German-HDT model (Straka and Straková, ÚFAL, CC BY-NC-SA 4.0); rests on 'Schwert' → 'חֶ֖רֶב'
32:20	12	Das				expands	supplied-article-deu	safe	0.7932	approved	0				article the original does not write, read as one by UDPipe's German-HDT model (Straka and Straková, ÚFAL, CC BY-NC-SA 4.0); rests on 'Schwert' → 'חֶ֣רֶב'
32:21	6	der				expands	supplied-article-deu	safe	0.7686	approved	0				article the original does not write, read as one by UDPipe's German-HDT model (Straka and Straková, ÚFAL, CC BY-NC-SA 4.0); rests on 'Hölle' → 'שְׁאֹ֖ול'
32:21	8	die				expands	supplied-article-deu	safe	0.7679	approved	0				article the original does not write, read as one by UDPipe's German-HDT model (Straka and Straková, ÚFAL, CC BY-NC-SA 4.0); rests on 'Helden' → 'גִבֹּורִ֛ים'
32:21	26	dem				expands	supplied-article-deu	safe	0.7932	approved	0				article the original does not write, read as one by UDPipe's German-HDT model (Straka and Straková, ÚFAL, CC BY-NC-SA 4.0); rests on 'Schwert' → 'חָֽרֶב'
32:23	6	der				expands	supplied-article-deu	safe	0.5782	approved	0				article the original does not write, read as one by UDPipe's German-HDT model (Straka and Straková, ÚFAL, CC BY-NC-SA 4.0); rests on 'Grube' → 'בֹ֔ור'
32:23	26	die				expands	supplied-article-deu	safe	0.728	approved	0				article the original does not write, read as one by UDPipe's German-HDT model (Straka and Straková, ÚFAL, CC BY-NC-SA 4.0); rests on 'Welt' → 'אֶ֥רֶץ'
32:24	22	die				expands	supplied-article-deu	safe	0.7679	approved	0				article the original does not write, read as one by UDPipe's German-HDT model (Straka and Straková, ÚFAL, CC BY-NC-SA 4.0); rests on 'Unbeschnittenen' → 'עֲרֵלִ֣ים'
32:24	25	die				expands	supplied-article-deu	safe	0.7201	approved	0				article the original does not write, read as one by UDPipe's German-HDT model (Straka and Straková, ÚFAL, CC BY-NC-SA 4.0); rests on 'Erde' → 'אֶ֣רֶץ'
32:24	43	die				expands	supplied-article-deu	safe	0.5782	approved	0				article the original does not write, read as one by UDPipe's German-HDT model (Straka and Straková, ÚFAL, CC BY-NC-SA 4.0); rests on 'Grube' → 'בֹֽור'
32:25	5	die				expands	supplied-article-deu	safe	0.7719	approved	0				article the original does not write, read as one by UDPipe's German-HDT model (Straka and Straková, ÚFAL, CC BY-NC-SA 4.0); rests on 'Erschlagenen' → 'חֲ֠לָלִים'
32:25	20	die				expands	supplied-article-deu	safe	0.7679	approved	0				article the original does not write, read as one by UDPipe's German-HDT model (Straka and Straková, ÚFAL, CC BY-NC-SA 4.0); rests on 'Unbeschnittenen' → 'עֲרֵלִ֣ים'
32:25	24	dem				expands	supplied-article-deu	safe	0.7932	approved	0				article the original does not write, read as one by UDPipe's German-HDT model (Straka and Straková, ÚFAL, CC BY-NC-SA 4.0); rests on 'Schwert' → 'חֶ֡רֶב'
32:25	44	die				expands	supplied-article-deu	safe	0.5782	approved	0				article the original does not write, read as one by UDPipe's German-HDT model (Straka and Straková, ÚFAL, CC BY-NC-SA 4.0); rests on 'Grube' → 'בֹ֔ור'
32:25	50	den				expands	supplied-article-deu	safe	0.7719	approved	0				article the original does not write, read as one by UDPipe's German-HDT model (Straka and Straková, ÚFAL, CC BY-NC-SA 4.0); rests on 'Erschlagenen' → 'חֲלָלִ֖ים'
32:26	20	die				expands	supplied-article-deu	safe	0.728	approved	0				article the original does not write, read as one by UDPipe's German-HDT model (Straka and Straková, ÚFAL, CC BY-NC-SA 4.0); rests on 'Welt' → 'אֶ֥רֶץ'
32:27	7	den				expands	supplied-article-deu	safe	0.7679	approved	0				article the original does not write, read as one by UDPipe's German-HDT model (Straka and Straková, ÚFAL, CC BY-NC-SA 4.0); rests on 'Unbeschnittenen' → 'עֲרֵלִ֑ים'
32:27	42	der				expands	supplied-article-deu	safe	0.728	approved	0				article the original does not write, read as one by UDPipe's German-HDT model (Straka and Straková, ÚFAL, CC BY-NC-SA 4.0); rests on 'Welt' → 'אֶ֥רֶץ'
32:28	7	den				expands	supplied-article-deu	safe	0.7679	approved	0				article the original does not write, read as one by UDPipe's German-HDT model (Straka and Straková, ÚFAL, CC BY-NC-SA 4.0); rests on 'Unbeschnittenen' → 'עֲרֵלִ֛ים'
32:28	16	dem				expands	supplied-article-deu	safe	0.7932	approved	0				article the original does not write, read as one by UDPipe's German-HDT model (Straka and Straková, ÚFAL, CC BY-NC-SA 4.0); rests on 'Schwert' → 'חָֽרֶב'
32:29	12	den				expands	supplied-article-deu	safe	0.7679	approved	0				article the original does not write, read as one by UDPipe's German-HDT model (Straka and Straková, ÚFAL, CC BY-NC-SA 4.0); rests on 'Unbeschnittenen' → 'עֲרֵלִ֥ים'
32:29	16	dem				expands	supplied-article-deu	safe	0.7932	approved	0				article the original does not write, read as one by UDPipe's German-HDT model (Straka and Straková, ÚFAL, CC BY-NC-SA 4.0); rests on 'Schwert' → 'חָ֑רֶב'
32:29	23	die				expands	supplied-article-deu	safe	0.5782	approved	0				article the original does not write, read as one by UDPipe's German-HDT model (Straka and Straková, ÚFAL, CC BY-NC-SA 4.0); rests on 'Grube' → 'בֹֽור'
32:30	28	den				expands	supplied-article-deu	safe	0.7679	approved	0				article the original does not write, read as one by UDPipe's German-HDT model (Straka and Straková, ÚFAL, CC BY-NC-SA 4.0); rests on 'Unbeschnittenen' → 'עֲרֵלִים֙'
32:30	34	dem				expands	supplied-article-deu	safe	0.7932	approved	0				article the original does not write, read as one by UDPipe's German-HDT model (Straka and Straková, ÚFAL, CC BY-NC-SA 4.0); rests on 'Schwert' → 'חֶ֔רֶב'
32:30	46	die				expands	supplied-article-deu	safe	0.5782	approved	0				article the original does not write, read as one by UDPipe's German-HDT model (Straka and Straková, ÚFAL, CC BY-NC-SA 4.0); rests on 'Grube' → 'בֹֽור'
32:31	16	dem				expands	supplied-article-deu	safe	0.7932	approved	0				article the original does not write, read as one by UDPipe's German-HDT model (Straka and Straková, ÚFAL, CC BY-NC-SA 4.0); rests on 'Schwert' → 'חֶ֨רֶב֙'
32:32	20	den				expands	supplied-article-deu	safe	0.7679	approved	0				article the original does not write, read as one by UDPipe's German-HDT model (Straka and Straková, ÚFAL, CC BY-NC-SA 4.0); rests on 'Unbeschnittenen' → 'עֲרֵלִ֜ים'
32:32	24	dem				expands	supplied-article-deu	safe	0.7932	approved	0				article the original does not write, read as one by UDPipe's German-HDT model (Straka and Straková, ÚFAL, CC BY-NC-SA 4.0); rests on 'Schwert' → 'חֶ֗רֶב'
33:1	2	des				expands	supplied-article-deu	safe	0.7644	approved	0				article the original does not write, read as one by UDPipe's German-HDT model (Straka and Straková, ÚFAL, CC BY-NC-SA 4.0); rests on 'HERRN' → 'יְהוָ֖ה'
33:2	4	den				expands	supplied-article-deu	safe	0.7861	approved	0				article the original does not write, read as one by UDPipe's German-HDT model (Straka and Straková, ÚFAL, CC BY-NC-SA 4.0); rests on 'Kindern' → 'בְּנֵֽי'
33:2	17	das				expands	supplied-article-deu	safe	0.7644	approved	0				article the original does not write, read as one by UDPipe's German-HDT model (Straka and Straková, ÚFAL, CC BY-NC-SA 4.0); rests on 'Land' → 'אֶ֕רֶץ'
33:2	22	das				expands	supplied-article-deu	safe	0.7585	approved	0				article the original does not write, read as one by UDPipe's German-HDT model (Straka and Straková, ÚFAL, CC BY-NC-SA 4.0); rests on 'Volk' → 'עַם'
33:4	14	das				expands	supplied-article-deu	safe	0.7934	approved	0				article the original does not write, read as one by UDPipe's German-HDT model (Straka and Straková, ÚFAL, CC BY-NC-SA 4.0); rests on 'Schwert' → 'חֶ֖רֶב'
33:5	4	der				expands	supplied-article-deu	safe	0.8	approved	0				article the original does not write, read as one by UDPipe's German-HDT model (Straka and Straková, ÚFAL, CC BY-NC-SA 4.0); rests on 'Hall' → 'קֹ֨ול'
33:6	19	das				expands	supplied-article-deu	safe	0.7934	approved	0				article the original does not write, read as one by UDPipe's German-HDT model (Straka and Straková, ÚFAL, CC BY-NC-SA 4.0); rests on 'Schwert' → 'חֶ֔רֶב'
33:7	12	das				expands	supplied-article-deu	safe	0.7859	approved	0				article the original does not write, read as one by UDPipe's German-HDT model (Straka and Straková, ÚFAL, CC BY-NC-SA 4.0); rests on 'Haus' → 'בֵ֣ית'
33:8	22	der				expands	supplied-article-deu	safe	0.755	approved	0				article the original does not write, read as one by UDPipe's German-HDT model (Straka and Straková, ÚFAL, CC BY-NC-SA 4.0); rests on 'Gottlose' → 'רָשָׁע֙'
33:8	32	der				expands	supplied-article-deu	safe	0.755	approved	0				article the original does not write, read as one by UDPipe's German-HDT model (Straka and Straková, ÚFAL, CC BY-NC-SA 4.0); rests on 'Gottlose' → 'רָשָׁ֖ע'
33:9	4	den				expands	supplied-article-deu	safe	0.773	approved	0				article the original does not write, read as one by UDPipe's German-HDT model (Straka and Straková, ÚFAL, CC BY-NC-SA 4.0); rests on 'Gottlosen' → 'רָשָׁ֤ע'
33:10	5	dem				expands	supplied-article-deu	safe	0.7849	approved	0				article the original does not write, read as one by UDPipe's German-HDT model (Straka and Straková, ÚFAL, CC BY-NC-SA 4.0); rests on 'Hause' → 'בֵּ֣ית'
33:11	25	der				expands	supplied-article-deu	safe	0.755	approved	0				article the original does not write, read as one by UDPipe's German-HDT model (Straka and Straková, ÚFAL, CC BY-NC-SA 4.0); rests on 'Gottlose' → 'רָשָׁ֛ע'
33:15	3	der				expands	supplied-article-deu	safe	0.755	approved	0				article the original does not write, read as one by UDPipe's German-HDT model (Straka and Straková, ÚFAL, CC BY-NC-SA 4.0); rests on 'Gottlose' → 'רָשָׁע֙'
33:20	16	einen				expands	supplied-indefinite-article-deu	safe	0.6364	approved	0				indefinite article, read as one by UDPipe's German-HDT model (Straka and Straková, ÚFAL, CC BY-NC-SA 4.0); rests on 'jeglichen' → 'אִ֧ישׁ'
33:22	2	die				expands	supplied-article-deu	safe	0.7464	approved	0				article the original does not write, read as one by UDPipe's German-HDT model (Straka and Straková, ÚFAL, CC BY-NC-SA 4.0); rests on 'Hand' → 'יַד'
33:22	4	des				expands	supplied-article-deu	safe	0.7644	approved	0				article the original does not write, read as one by UDPipe's German-HDT model (Straka and Straková, ÚFAL, CC BY-NC-SA 4.0); rests on 'HERRN' → 'יְהוָה֩'
33:23	2	des				expands	supplied-article-deu	safe	0.7644	approved	0				article the original does not write, read as one by UDPipe's German-HDT model (Straka and Straková, ÚFAL, CC BY-NC-SA 4.0); rests on 'HERRN' → 'יְהֹוָ֖ה'
33:24	3	die				expands	supplied-article-deu	safe	0.7843	approved	0				article the original does not write, read as one by UDPipe's German-HDT model (Straka and Straková, ÚFAL, CC BY-NC-SA 4.0); rests on 'Einwohner' → 'יֹ֠שְׁבֵי'
33:28	17	das				expands	supplied-article-deu	safe	0.7851	approved	0				article the original does not write, read as one by UDPipe's German-HDT model (Straka and Straková, ÚFAL, CC BY-NC-SA 4.0); rests on 'Gebirge' → 'הָרֵ֥י'
33:29	7	der				expands	supplied-article-deu	safe	0.7107	approved	0				article the original does not write, read as one by UDPipe's German-HDT model (Straka and Straková, ÚFAL, CC BY-NC-SA 4.0); rests on 'HERR' → 'יְהוָ֑ה'
33:30	28	der				expands	supplied-article-deu	safe	0.7107	approved	0				article the original does not write, read as one by UDPipe's German-HDT model (Straka and Straková, ÚFAL, CC BY-NC-SA 4.0); rests on 'HERR' → 'יְהוָֽה'
33:32	14	eine				expands	supplied-indefinite-article-deu	safe	0.7917	approved	0				indefinite article, read as one by UDPipe's German-HDT model (Straka and Straková, ÚFAL, CC BY-NC-SA 4.0); rests on 'Stimme' → 'קֹ֖ול'
33:33	14	ein				expands	supplied-indefinite-article-deu	safe	0.7878	approved	0				indefinite article, read as one by UDPipe's German-HDT model (Straka and Straková, ÚFAL, CC BY-NC-SA 4.0); rests on 'Prophet' → 'נָבִ֖יא'
34:1	2	des				expands	supplied-article-deu	safe	0.7644	approved	0				article the original does not write, read as one by UDPipe's German-HDT model (Straka and Straková, ÚFAL, CC BY-NC-SA 4.0); rests on 'HERRN' → 'יְהוָ֖ה'
34:2	5	die				expands	supplied-article-deu	safe	0.7571	approved	0				article the original does not write, read as one by UDPipe's German-HDT model (Straka and Straková, ÚFAL, CC BY-NC-SA 4.0); rests on 'Hirten' → 'רֹועֵ֣י'
34:2	19	den				expands	supplied-article-deu	safe	0.7571	approved	0				article the original does not write, read as one by UDPipe's German-HDT model (Straka and Straková, ÚFAL, CC BY-NC-SA 4.0); rests on 'Hirten' → 'רֹעֵֽי'
34:6	12	den				expands	supplied-article-deu	safe	0.746	approved	0				article the original does not write, read as one by UDPipe's German-HDT model (Straka and Straková, ÚFAL, CC BY-NC-SA 4.0); rests on 'Hügeln' → 'גִּבְעָ֣ה'
34:7	5	des				expands	supplied-article-deu	safe	0.7644	approved	0				article the original does not write, read as one by UDPipe's German-HDT model (Straka and Straková, ÚFAL, CC BY-NC-SA 4.0); rests on 'HERRN' → 'יְהוָֽה'
34:9	5	des				expands	supplied-article-deu	safe	0.7644	approved	0				article the original does not write, read as one by UDPipe's German-HDT model (Straka and Straková, ÚFAL, CC BY-NC-SA 4.0); rests on 'HERRN' → 'יְהוָֽה'
34:13	25	den				expands	supplied-article-deu	safe	0.783	approved	0				article the original does not write, read as one by UDPipe's German-HDT model (Straka and Straková, ÚFAL, CC BY-NC-SA 4.0); rests on 'Berge' → 'הָרֵ֣י'
34:14	14	den				expands	supplied-article-deu	safe	0.7486	approved	0				article the original does not write, read as one by UDPipe's German-HDT model (Straka and Straková, ÚFAL, CC BY-NC-SA 4.0); rests on 'Bergen' → 'הָרֵ֥י'
34:14	32	den				expands	supplied-article-deu	safe	0.7486	approved	0				article the original does not write, read as one by UDPipe's German-HDT model (Straka and Straková, ÚFAL, CC BY-NC-SA 4.0); rests on 'Bergen' → 'הָרֵ֥י'
34:24	3	der				expands	supplied-article-deu	safe	0.7115	approved	0				article the original does not write, read as one by UDPipe's German-HDT model (Straka and Straková, ÚFAL, CC BY-NC-SA 4.0); rests on 'HERR' → 'יְהוָ֗ה'
34:24	22	der				expands	supplied-article-deu	safe	0.7115	approved	0				article the original does not write, read as one by UDPipe's German-HDT model (Straka and Straková, ÚFAL, CC BY-NC-SA 4.0); rests on 'HERR' → 'יְהוָ֖ה'
34:25	4	einen				expands	supplied-indefinite-article-deu	safe	0.7548	approved	0				indefinite article, read as one by UDPipe's German-HDT model (Straka and Straková, ÚFAL, CC BY-NC-SA 4.0); rests on 'Bund' → 'בְּרִ֣ית'
34:25	6	des				expands	supplied-article-deu	safe	0.8	approved	0				article the original does not write, read as one by UDPipe's German-HDT model (Straka and Straková, ÚFAL, CC BY-NC-SA 4.0); rests on 'Friedens' → 'שָׁלֹ֔ום'
34:27	2	die				expands	supplied-article-deu	safe	0.7679	approved	0				article the original does not write, read as one by UDPipe's German-HDT model (Straka and Straková, ÚFAL, CC BY-NC-SA 4.0); rests on 'Bäume' → 'עֵ֨ץ'
34:27	30	der				expands	supplied-article-deu	safe	0.7115	approved	0				article the original does not write, read as one by UDPipe's German-HDT model (Straka and Straková, ÚFAL, CC BY-NC-SA 4.0); rests on 'HERR' → 'יְהוָ֗ה'
34:27	43	der				expands	supplied-article-deu	safe	0.7466	approved	0				article the original does not write, read as one by UDPipe's German-HDT model (Straka and Straková, ÚFAL, CC BY-NC-SA 4.0); rests on 'Hand' → 'יַּ֖ד'
34:30	7	der				expands	supplied-article-deu	safe	0.7115	approved	0				article the original does not write, read as one by UDPipe's German-HDT model (Straka and Straková, ÚFAL, CC BY-NC-SA 4.0); rests on 'HERR' → 'יְהוָ֛ה'
34:31	5	die				expands	supplied-article-deu	safe	0.6385	approved	0				article the original does not write, read as one by UDPipe's German-HDT model (Straka and Straková, ÚFAL, CC BY-NC-SA 4.0); rests on 'Herde' → 'צֹ֥אן'
35:1	2	des				expands	supplied-article-deu	safe	0.7644	approved	0				article the original does not write, read as one by UDPipe's German-HDT model (Straka and Straková, ÚFAL, CC BY-NC-SA 4.0); rests on 'HERRN' → 'יְהוָ֖ה'
35:2	7	das				expands	supplied-article-deu	safe	0.785	approved	0				article the original does not write, read as one by UDPipe's German-HDT model (Straka and Straková, ÚFAL, CC BY-NC-SA 4.0); rests on 'Gebirge' → 'הַ֣ר'
35:4	17	der				expands	supplied-article-deu	safe	0.7106	approved	0				article the original does not write, read as one by UDPipe's German-HDT model (Straka and Straková, ÚFAL, CC BY-NC-SA 4.0); rests on 'HERR' → 'יְהוָֽה'
35:5	8	die				expands	supplied-article-deu	safe	0.7723	approved	0				article the original does not write, read as one by UDPipe's German-HDT model (Straka and Straková, ÚFAL, CC BY-NC-SA 4.0); rests on 'Kinder' → 'בְּנֵֽי'
35:7	4	den				expands	supplied-article-deu	safe	0.7916	approved	0				article the original does not write, read as one by UDPipe's German-HDT model (Straka and Straková, ÚFAL, CC BY-NC-SA 4.0); rests on 'Berg' → 'הַ֣ר'
35:9	23	der				expands	supplied-article-deu	safe	0.7106	approved	0				article the original does not write, read as one by UDPipe's German-HDT model (Straka and Straková, ÚFAL, CC BY-NC-SA 4.0); rests on 'HERR' → 'יְהוָֽה'
35:10	21	der				expands	supplied-article-deu	safe	0.7106	approved	0				article the original does not write, read as one by UDPipe's German-HDT model (Straka and Straková, ÚFAL, CC BY-NC-SA 4.0); rests on 'HERR' → 'יהוָ֖ה'
35:12	7	der				expands	supplied-article-deu	safe	0.7106	approved	0				article the original does not write, read as one by UDPipe's German-HDT model (Straka and Straková, ÚFAL, CC BY-NC-SA 4.0); rests on 'HERR' → 'יְהוָה֒'
35:12	19	die				expands	supplied-article-deu	safe	0.783	approved	0				article the original does not write, read as one by UDPipe's German-HDT model (Straka and Straková, ÚFAL, CC BY-NC-SA 4.0); rests on 'Berge' → 'הָרֵ֥י'
35:15	8	das				expands	supplied-article-deu	safe	0.7226	approved	0				article the original does not write, read as one by UDPipe's German-HDT model (Straka and Straková, ÚFAL, CC BY-NC-SA 4.0); rests on 'Erbe' → 'נַחְלַ֧ת'
35:15	10	des				expands	supplied-article-deu	safe	0.7864	approved	0				article the original does not write, read as one by UDPipe's German-HDT model (Straka and Straková, ÚFAL, CC BY-NC-SA 4.0); rests on 'Hauses' → 'בֵּֽית'
35:15	25	der				expands	supplied-article-deu	safe	0.7916	approved	0				article the original does not write, read as one by UDPipe's German-HDT model (Straka and Straková, ÚFAL, CC BY-NC-SA 4.0); rests on 'Berg' → 'הַר'
35:15	32	dem				expands	supplied-article-deu	safe	0.8	approved	0				article the original does not write, read as one by UDPipe's German-HDT model (Straka and Straková, ÚFAL, CC BY-NC-SA 4.0); rests on 'Edom' → 'אֱדֹ֣ום'
35:15	41	der				expands	supplied-article-deu	safe	0.7106	approved	0				article the original does not write, read as one by UDPipe's German-HDT model (Straka and Straková, ÚFAL, CC BY-NC-SA 4.0); rests on 'HERR' → 'יְהוָֽה'
36:1	5	den				expands	supplied-article-deu	safe	0.7486	approved	0				article the original does not write, read as one by UDPipe's German-HDT model (Straka and Straková, ÚFAL, CC BY-NC-SA 4.0); rests on 'Bergen' → 'הָרֵ֣י'
36:1	11	des				expands	supplied-article-deu	safe	0.7645	approved	0				article the original does not write, read as one by UDPipe's German-HDT model (Straka and Straková, ÚFAL, CC BY-NC-SA 4.0); rests on 'HERRN' → 'יְהוָֽה'
36:2	14	die				expands	supplied-article-deu	safe	0.7423	approved	0				article the original does not write, read as one by UDPipe's German-HDT model (Straka and Straková, ÚFAL, CC BY-NC-SA 4.0); rests on 'Höhen' → 'בָמֹ֣ות'
36:4	6	das				expands	supplied-article-deu	safe	0.7325	approved	0				article the original does not write, read as one by UDPipe's German-HDT model (Straka and Straková, ÚFAL, CC BY-NC-SA 4.0); rests on 'Wort' → 'דְּבַר'
36:4	8	des				expands	supplied-article-deu	safe	0.7645	approved	0				article the original does not write, read as one by UDPipe's German-HDT model (Straka and Straková, ÚFAL, CC BY-NC-SA 4.0); rests on 'Herrn' → 'יְהוִ֑ה'
36:5	19	das				expands	supplied-article-deu	safe	0.8	approved	0				article the original does not write, read as one by UDPipe's German-HDT model (Straka and Straková, ÚFAL, CC BY-NC-SA 4.0); rests on 'Edom' → 'אֱדֹ֣ום'
36:6	38	den				expands	supplied-article-deu	safe	0.7948	approved	0				article the original does not write, read as one by UDPipe's German-HDT model (Straka and Straková, ÚFAL, CC BY-NC-SA 4.0); rests on 'Heiden' → 'גֹּויִ֖ם'
36:10	9	das				expands	supplied-article-deu	safe	0.7983	approved	0				article the original does not write, read as one by UDPipe's German-HDT model (Straka and Straková, ÚFAL, CC BY-NC-SA 4.0); rests on 'Israel' → 'יִשְׂרָאֵ֖ל'
36:11	44	der				expands	supplied-article-deu	safe	0.7123	approved	0				article the original does not write, read as one by UDPipe's German-HDT model (Straka and Straková, ÚFAL, CC BY-NC-SA 4.0); rests on 'HERR' → 'יְהוָֽה'
36:15	17	der				expands	supplied-article-deu	safe	0.7948	approved	0				article the original does not write, read as one by UDPipe's German-HDT model (Straka and Straková, ÚFAL, CC BY-NC-SA 4.0); rests on 'Heiden' → 'גויך'
36:16	2	des				expands	supplied-article-deu	safe	0.7645	approved	0				article the original does not write, read as one by UDPipe's German-HDT model (Straka and Straková, ÚFAL, CC BY-NC-SA 4.0); rests on 'HERRN' → 'יְהוָ֖ה'
36:17	4	das				expands	supplied-article-deu	safe	0.7859	approved	0				article the original does not write, read as one by UDPipe's German-HDT model (Straka and Straková, ÚFAL, CC BY-NC-SA 4.0); rests on 'Haus' → 'בֵּ֤ית'
36:17	26	die				expands	supplied-article-deu	safe	0.7182	approved	0				article the original does not write, read as one by UDPipe's German-HDT model (Straka and Straková, ÚFAL, CC BY-NC-SA 4.0); rests on 'Unreinigkeit' → 'טֻמְאַת֙'
36:20	24	des				expands	supplied-article-deu	safe	0.7645	approved	0				article the original does not write, read as one by UDPipe's German-HDT model (Straka and Straková, ÚFAL, CC BY-NC-SA 4.0); rests on 'HERRN' → 'יְהוָ֣ה'
36:21	8	das				expands	supplied-article-deu	safe	0.7859	approved	0				article the original does not write, read as one by UDPipe's German-HDT model (Straka and Straková, ÚFAL, CC BY-NC-SA 4.0); rests on 'Haus' → 'בֵּ֣ית'
36:23	32	der				expands	supplied-article-deu	safe	0.7123	approved	0				article the original does not write, read as one by UDPipe's German-HDT model (Straka and Straková, ÚFAL, CC BY-NC-SA 4.0); rests on 'Herr' → 'יְהוָ֗ה'
36:26	5	ein				expands	supplied-indefinite-article-deu	safe	0.6538	approved	0				indefinite article, read as one by UDPipe's German-HDT model (Straka and Straková, ÚFAL, CC BY-NC-SA 4.0); rests on 'Herz' → 'לֵ֣ב'
36:26	9	einen				expands	supplied-indefinite-article-deu	safe	0.7567	approved	0				indefinite article, read as one by UDPipe's German-HDT model (Straka and Straková, ÚFAL, CC BY-NC-SA 4.0); rests on 'Geist' → 'ר֥וּחַ'
36:26	17	das				expands	supplied-article-deu	safe	0.6538	approved	0				article the original does not write, read as one by UDPipe's German-HDT model (Straka and Straková, ÚFAL, CC BY-NC-SA 4.0); rests on 'Herz' → 'לֵ֤ב'
36:26	26	ein				expands	supplied-indefinite-article-deu	safe	0.6538	approved	0				indefinite article, read as one by UDPipe's German-HDT model (Straka and Straková, ÚFAL, CC BY-NC-SA 4.0); rests on 'Herz' → 'לֵ֥ב'
36:30	3	die				expands	supplied-article-deu	safe	0.6357	approved	0				article the original does not write, read as one by UDPipe's German-HDT model (Straka and Straková, ÚFAL, CC BY-NC-SA 4.0); rests on 'Früchte' → 'פְּרִ֣י'
36:30	23	der				expands	supplied-article-deu	safe	0.7868	approved	0				article the original does not write, read as one by UDPipe's German-HDT model (Straka and Straková, ÚFAL, CC BY-NC-SA 4.0); rests on 'Teuerung' → 'רָעָ֖ב'
36:33	7	der				expands	supplied-article-deu	safe	0.6281	approved	0				article the original does not write, read as one by UDPipe's German-HDT model (Straka and Straková, ÚFAL, CC BY-NC-SA 4.0); rests on 'Zeit' → 'יֹום֙'
36:35	11	der				expands	supplied-article-deu	safe	0.7408	approved	0				article the original does not write, read as one by UDPipe's German-HDT model (Straka and Straková, ÚFAL, CC BY-NC-SA 4.0); rests on 'Garten' → 'גַן'
36:36	14	der				expands	supplied-article-deu	safe	0.7123	approved	0				article the original does not write, read as one by UDPipe's German-HDT model (Straka and Straková, ÚFAL, CC BY-NC-SA 4.0); rests on 'HERR' → 'יְהוָ֗ה'
36:36	29	der				expands	supplied-article-deu	safe	0.7123	approved	0				article the original does not write, read as one by UDPipe's German-HDT model (Straka and Straková, ÚFAL, CC BY-NC-SA 4.0); rests on 'HERR' → 'יְהוָ֖ה'
36:37	23	die				expands	supplied-article-deu	safe	0.711	approved	0				article the original does not write, read as one by UDPipe's German-HDT model (Straka and Straková, ÚFAL, CC BY-NC-SA 4.0); rests on 'Menschen' → 'אָדָֽם'
36:38	2	eine				expands	supplied-indefinite-article-deu	safe	0.65	approved	0				indefinite article, read as one by UDPipe's German-HDT model (Straka and Straková, ÚFAL, CC BY-NC-SA 4.0); rests on 'Herde' → 'צֹ֣אן'
36:38	6	eine				expands	supplied-indefinite-article-deu	safe	0.65	approved	0				indefinite article, read as one by UDPipe's German-HDT model (Straka and Straková, ÚFAL, CC BY-NC-SA 4.0); rests on 'Herde' → 'צֹ֤אן'
36:38	26	der				expands	supplied-article-deu	safe	0.7123	approved	0				article the original does not write, read as one by UDPipe's German-HDT model (Straka and Straková, ÚFAL, CC BY-NC-SA 4.0); rests on 'HERR' → 'יְהוָֽה'
37:1	2	des				expands	supplied-article-deu	safe	0.7644	approved	0				article the original does not write, read as one by UDPipe's German-HDT model (Straka and Straková, ÚFAL, CC BY-NC-SA 4.0); rests on 'HERRN' → 'יְהוָה֒'
37:1	15	des				expands	supplied-article-deu	safe	0.7644	approved	0				article the original does not write, read as one by UDPipe's German-HDT model (Straka and Straková, ÚFAL, CC BY-NC-SA 4.0); rests on 'HERRN' → 'יְהוָ֔ה'
37:4	18	des				expands	supplied-article-deu	safe	0.7644	approved	0				article the original does not write, read as one by UDPipe's German-HDT model (Straka and Straková, ÚFAL, CC BY-NC-SA 4.0); rests on 'HERRN' → 'יְהוָֽה'
37:6	33	der				expands	supplied-article-deu	safe	0.711	approved	0				article the original does not write, read as one by UDPipe's German-HDT model (Straka and Straková, ÚFAL, CC BY-NC-SA 4.0); rests on 'HERR' → 'יְהוָֽה'
37:7	22	die				expands	supplied-article-deu	safe	0.783	approved	0				article the original does not write, read as one by UDPipe's German-HDT model (Straka and Straková, ÚFAL, CC BY-NC-SA 4.0); rests on 'Gebeine' → 'עֲצָמֹ֔ות'
37:9	18	der				expands	supplied-article-deu	safe	0.711	approved	0				article the original does not write, read as one by UDPipe's German-HDT model (Straka and Straková, ÚFAL, CC BY-NC-SA 4.0); rests on 'Herr' → 'יְהוִ֗ה'
37:11	11	das				expands	supplied-article-deu	safe	0.7859	approved	0				article the original does not write, read as one by UDPipe's German-HDT model (Straka and Straková, ÚFAL, CC BY-NC-SA 4.0); rests on 'Haus' → 'בֵּ֥ית'
37:13	7	der				expands	supplied-article-deu	safe	0.711	approved	0				article the original does not write, read as one by UDPipe's German-HDT model (Straka and Straková, ÚFAL, CC BY-NC-SA 4.0); rests on 'HERR' → 'יְהוָ֑ה'
37:14	26	der				expands	supplied-article-deu	safe	0.711	approved	0				article the original does not write, read as one by UDPipe's German-HDT model (Straka and Straková, ÚFAL, CC BY-NC-SA 4.0); rests on 'HERR' → 'יְהוָ֛ה'
37:14	37	der				expands	supplied-article-deu	safe	0.711	approved	0				article the original does not write, read as one by UDPipe's German-HDT model (Straka and Straková, ÚFAL, CC BY-NC-SA 4.0); rests on 'HERR' → 'יְהוָֽה'
37:15	2	des				expands	supplied-article-deu	safe	0.7644	approved	0				article the original does not write, read as one by UDPipe's German-HDT model (Straka and Straková, ÚFAL, CC BY-NC-SA 4.0); rests on 'HERRN' → 'יְהוָ֖ה'
37:16	10	Des				expands	supplied-article-deu	safe	0.7893	approved	0				article the original does not write, read as one by UDPipe's German-HDT model (Straka and Straková, ÚFAL, CC BY-NC-SA 4.0); rests on 'Juda' → 'יהוּדָ֔ה'
37:16	13	der				expands	supplied-article-deu	safe	0.7723	approved	0				article the original does not write, read as one by UDPipe's German-HDT model (Straka and Straková, ÚFAL, CC BY-NC-SA 4.0); rests on 'Kinder' → 'בְנֵ֥י'
37:16	26	Des				expands	supplied-article-deu	safe	0.7936	approved	0				article the original does not write, read as one by UDPipe's German-HDT model (Straka and Straková, ÚFAL, CC BY-NC-SA 4.0); rests on 'Joseph' → 'יֹוסֵף֙'
37:16	29	das				expands	supplied-article-deu	safe	0.78	approved	0				article the original does not write, read as one by UDPipe's German-HDT model (Straka and Straková, ÚFAL, CC BY-NC-SA 4.0); rests on 'Holz' → 'עֵ֣ץ'
37:16	33	des				expands	supplied-article-deu	safe	0.7864	approved	0				article the original does not write, read as one by UDPipe's German-HDT model (Straka and Straková, ÚFAL, CC BY-NC-SA 4.0); rests on 'Hauses' → 'בֵּ֥ית'
37:19	13	das				expands	supplied-article-deu	safe	0.78	approved	0				article the original does not write, read as one by UDPipe's German-HDT model (Straka and Straková, ÚFAL, CC BY-NC-SA 4.0); rests on 'Holz' → 'עֵ֤ץ'
37:19	33	dem				expands	supplied-article-deu	safe	0.78	approved	0				article the original does not write, read as one by UDPipe's German-HDT model (Straka and Straková, ÚFAL, CC BY-NC-SA 4.0); rests on 'Holz' → 'עֵ֣ץ'
37:21	14	die				expands	supplied-article-deu	safe	0.7723	approved	0				article the original does not write, read as one by UDPipe's German-HDT model (Straka and Straková, ÚFAL, CC BY-NC-SA 4.0); rests on 'Kinder' → 'בְּנֵ֣י'
37:22	11	den				expands	supplied-article-deu	safe	0.75	approved	0				article the original does not write, read as one by UDPipe's German-HDT model (Straka and Straková, ÚFAL, CC BY-NC-SA 4.0); rests on 'Bergen' → 'הָרֵ֣י'
37:26	6	einen				expands	supplied-indefinite-article-deu	safe	0.7546	approved	0				indefinite article, read as one by UDPipe's German-HDT model (Straka and Straková, ÚFAL, CC BY-NC-SA 4.0); rests on 'Bund' → 'בְּרִ֣ית'
37:26	8	des				expands	supplied-article-deu	safe	0.8	approved	0				article the original does not write, read as one by UDPipe's German-HDT model (Straka and Straková, ÚFAL, CC BY-NC-SA 4.0); rests on 'Friedens' → 'שָׁלֹ֔ום'
37:26	13	ein				expands	supplied-indefinite-article-deu	safe	0.7546	approved	0				indefinite article, read as one by UDPipe's German-HDT model (Straka and Straková, ÚFAL, CC BY-NC-SA 4.0); rests on 'Bund' → 'בְּרִ֥ית'
37:28	9	der				expands	supplied-article-deu	safe	0.711	approved	0				article the original does not write, read as one by UDPipe's German-HDT model (Straka and Straková, ÚFAL, CC BY-NC-SA 4.0); rests on 'HERR' → 'יְהוָ֔ה'
38:1	2	des				expands	supplied-article-deu	safe	0.7644	approved	0				article the original does not write, read as one by UDPipe's German-HDT model (Straka and Straková, ÚFAL, CC BY-NC-SA 4.0); rests on 'HERRN' → 'יְהוָ֖ה'
38:6	8	dem				expands	supplied-article-deu	safe	0.7849	approved	0				article the original does not write, read as one by UDPipe's German-HDT model (Straka and Straková, ÚFAL, CC BY-NC-SA 4.0); rests on 'Hause' → 'בֵּ֚ית'
38:6	22	ein				expands	supplied-indefinite-article-deu	safe	0.7585	approved	0				indefinite article, read as one by UDPipe's German-HDT model (Straka and Straková, ÚFAL, CC BY-NC-SA 4.0); rests on 'Volk' → 'עַמִּ֥ים'
38:8	15	das				expands	supplied-article-deu	safe	0.7651	approved	0				article the original does not write, read as one by UDPipe's German-HDT model (Straka and Straková, ÚFAL, CC BY-NC-SA 4.0); rests on 'Land' → 'אֶ֣רֶץ'
38:8	29	die				expands	supplied-article-deu	safe	0.7829	approved	0				article the original does not write, read as one by UDPipe's German-HDT model (Straka and Straková, ÚFAL, CC BY-NC-SA 4.0); rests on 'Berge' → 'הָרֵ֣י'
38:8	44	den				expands	supplied-article-deu	safe	0.6839	approved	0				article the original does not write, read as one by UDPipe's German-HDT model (Straka and Straková, ÚFAL, CC BY-NC-SA 4.0); rests on 'Völkern' → 'עַמִּ֣ים'
38:9	25	das				expands	supplied-article-deu	safe	0.7585	approved	0				article the original does not write, read as one by UDPipe's German-HDT model (Straka and Straková, ÚFAL, CC BY-NC-SA 4.0); rests on 'Volk' → 'עַמִּ֥ים'
38:10	3	der				expands	supplied-article-deu	safe	0.711	approved	0				article the original does not write, read as one by UDPipe's German-HDT model (Straka and Straková, ÚFAL, CC BY-NC-SA 4.0); rests on 'Herr' → 'יְהוִ֑ה'
38:11	5	das				expands	supplied-article-deu	safe	0.7651	approved	0				article the original does not write, read as one by UDPipe's German-HDT model (Straka and Straková, ÚFAL, CC BY-NC-SA 4.0); rests on 'Land' → 'אֶ֣רֶץ'
38:12	23	das				expands	supplied-article-deu	safe	0.7585	approved	0				article the original does not write, read as one by UDPipe's German-HDT model (Straka and Straková, ÚFAL, CC BY-NC-SA 4.0); rests on 'Volk' → 'עַם֙'
38:12	27	den				expands	supplied-article-deu	safe	0.7938	approved	0				article the original does not write, read as one by UDPipe's German-HDT model (Straka and Straková, ÚFAL, CC BY-NC-SA 4.0); rests on 'Heiden' → 'גֹּויִ֔ם'
38:13	6	die				expands	supplied-article-deu	safe	0.65	approved	0				article the original does not write, read as one by UDPipe's German-HDT model (Straka and Straková, ÚFAL, CC BY-NC-SA 4.0); rests on 'Kaufleute' → 'סֹחֲרֵ֨י'
38:17	17	die				expands	supplied-article-deu	safe	0.7962	approved	0				article the original does not write, read as one by UDPipe's German-HDT model (Straka and Straková, ÚFAL, CC BY-NC-SA 4.0); rests on 'Propheten' → 'נְבִיאֵ֣י'
38:20	11	die				expands	supplied-article-deu	safe	0.6217	approved	0				article the original does not write, read as one by UDPipe's German-HDT model (Straka and Straková, ÚFAL, CC BY-NC-SA 4.0); rests on 'Vögel' → 'עֹ֨וף'
38:21	7	das				expands	supplied-article-deu	safe	0.7935	approved	0				article the original does not write, read as one by UDPipe's German-HDT model (Straka and Straková, ÚFAL, CC BY-NC-SA 4.0); rests on 'Schwert' → 'חֶ֔רֶב'
38:22	27	das				expands	supplied-article-deu	safe	0.7585	approved	0				article the original does not write, read as one by UDPipe's German-HDT model (Straka and Straková, ÚFAL, CC BY-NC-SA 4.0); rests on 'Volk' → 'עַמִּ֥ים'
38:23	19	der				expands	supplied-article-deu	safe	0.711	approved	0				article the original does not write, read as one by UDPipe's German-HDT model (Straka and Straková, ÚFAL, CC BY-NC-SA 4.0); rests on 'HERR' → 'יְהוָֽה'
39:2	17	die				expands	supplied-article-deu	safe	0.783	approved	0				article the original does not write, read as one by UDPipe's German-HDT model (Straka and Straková, ÚFAL, CC BY-NC-SA 4.0); rests on 'Berge' → 'הָרֵ֥י'
39:3	5	den				expands	supplied-article-deu	safe	0.7842	approved	0				article the original does not write, read as one by UDPipe's German-HDT model (Straka and Straková, ÚFAL, CC BY-NC-SA 4.0); rests on 'Bogen' → 'קַשְׁתְּךָ֖'
39:4	2	den				expands	supplied-article-deu	safe	0.7493	approved	0				article the original does not write, read as one by UDPipe's German-HDT model (Straka and Straková, ÚFAL, CC BY-NC-SA 4.0); rests on 'Bergen' → 'הָרֵ֨י'
39:4	16	dem				expands	supplied-article-deu	safe	0.7586	approved	0				article the original does not write, read as one by UDPipe's German-HDT model (Straka and Straková, ÚFAL, CC BY-NC-SA 4.0); rests on 'Volk' → 'עַמִּ֖ים'
39:6	22	der				expands	supplied-article-deu	safe	0.7114	approved	0				article the original does not write, read as one by UDPipe's German-HDT model (Straka and Straková, ÚFAL, CC BY-NC-SA 4.0); rests on 'HERR' → 'יְהוָֽה'
39:7	28	der				expands	supplied-article-deu	safe	0.7114	approved	0				article the original does not write, read as one by UDPipe's German-HDT model (Straka and Straková, ÚFAL, CC BY-NC-SA 4.0); rests on 'HERR' → 'יְהוָ֔ה'
39:9	2	die				expands	supplied-article-deu	safe	0.7045	approved	0				article the original does not write, read as one by UDPipe's German-HDT model (Straka and Straková, ÚFAL, CC BY-NC-SA 4.0); rests on 'Bürger' → 'יֹשְׁבֵ֣י'
39:9	5	den				expands	supplied-article-deu	safe	0.7935	approved	0				article the original does not write, read as one by UDPipe's German-HDT model (Straka and Straková, ÚFAL, CC BY-NC-SA 4.0); rests on 'Städten' → 'עָרֵ֣י'
39:11	11	einen				expands	supplied-indefinite-article-deu	safe	0.7187	approved	0				indefinite article, read as one by UDPipe's German-HDT model (Straka and Straková, ÚFAL, CC BY-NC-SA 4.0); rests on 'Ort' → 'מְקֹֽום'
39:12	5	das				expands	supplied-article-deu	safe	0.7858	approved	0				article the original does not write, read as one by UDPipe's German-HDT model (Straka and Straková, ÚFAL, CC BY-NC-SA 4.0); rests on 'Haus' → 'בֵּ֣ית'
39:13	18	des				expands	supplied-article-deu	safe	0.7188	approved	0				article the original does not write, read as one by UDPipe's German-HDT model (Straka and Straková, ÚFAL, CC BY-NC-SA 4.0); rests on 'Tages' → 'יֹ֚ום'
39:15	8	eines				expands	supplied-indefinite-article-deu	safe	0.7114	approved	0				indefinite article, read as one by UDPipe's German-HDT model (Straka and Straková, ÚFAL, CC BY-NC-SA 4.0); rests on 'Menschen' → 'אָדָ֔ם'
39:16	4	die				expands	supplied-article-deu	safe	0.7595	approved	0				article the original does not write, read as one by UDPipe's German-HDT model (Straka and Straková, ÚFAL, CC BY-NC-SA 4.0); rests on 'Stadt' → 'עִ֛יר'
39:17	37	ein				expands	supplied-indefinite-article-deu	safe	0.8	approved	0				indefinite article, read as one by UDPipe's German-HDT model (Straka and Straková, ÚFAL, CC BY-NC-SA 4.0); rests on 'Schlachtopfer' → 'זֶ֣בַח'
39:17	41	den				expands	supplied-article-deu	safe	0.7493	approved	0				article the original does not write, read as one by UDPipe's German-HDT model (Straka and Straková, ÚFAL, CC BY-NC-SA 4.0); rests on 'Bergen' → 'הָרֵ֣י'
39:18	16	der				expands	supplied-article-deu	safe	0.7752	approved	0				article the original does not write, read as one by UDPipe's German-HDT model (Straka and Straková, ÚFAL, CC BY-NC-SA 4.0); rests on 'Widder' → 'אֵילִ֨ים'
39:19	3	das				expands	supplied-article-deu	safe	0.7295	approved	0				article the original does not write, read as one by UDPipe's German-HDT model (Straka and Straková, ÚFAL, CC BY-NC-SA 4.0); rests on 'Fett' → 'חֵ֣לֶב'
39:19	11	das				expands	supplied-article-deu	safe	0.7951	approved	0				article the original does not write, read as one by UDPipe's German-HDT model (Straka and Straková, ÚFAL, CC BY-NC-SA 4.0); rests on 'Blut' → 'דָּ֖ם'
39:19	19	dem				expands	supplied-article-deu	safe	0.8	approved	0				article the original does not write, read as one by UDPipe's German-HDT model (Straka and Straková, ÚFAL, CC BY-NC-SA 4.0); rests on 'Schlachtopfer' → 'זִּבְחִ֖י'
39:22	3	das				expands	supplied-article-deu	safe	0.7858	approved	0				article the original does not write, read as one by UDPipe's German-HDT model (Straka and Straková, ÚFAL, CC BY-NC-SA 4.0); rests on 'Haus' → 'בֵּ֣ית'
39:22	10	der				expands	supplied-article-deu	safe	0.7114	approved	0				article the original does not write, read as one by UDPipe's German-HDT model (Straka and Straková, ÚFAL, CC BY-NC-SA 4.0); rests on 'HERR' → 'יְהוָ֖ה'
39:23	6	das				expands	supplied-article-deu	safe	0.7858	approved	0				article the original does not write, read as one by UDPipe's German-HDT model (Straka and Straková, ÚFAL, CC BY-NC-SA 4.0); rests on 'Haus' → 'בֵֽית'
39:23	35	die				expands	supplied-article-deu	safe	0.7278	approved	0				article the original does not write, read as one by UDPipe's German-HDT model (Straka and Straková, ÚFAL, CC BY-NC-SA 4.0); rests on 'Hände' → 'יַ֣ד'
39:25	10	das				expands	supplied-article-deu	safe	0.5985	approved	0				article the original does not write, read as one by UDPipe's German-HDT model (Straka and Straková, ÚFAL, CC BY-NC-SA 4.0); rests on 'Gefängnis' → 'שׁבית'
39:25	16	des				expands	supplied-article-deu	safe	0.7864	approved	0				article the original does not write, read as one by UDPipe's German-HDT model (Straka and Straková, ÚFAL, CC BY-NC-SA 4.0); rests on 'Hauses' → 'בֵּ֣ית'
39:27	11	den				expands	supplied-article-deu	safe	0.6759	approved	0				article the original does not write, read as one by UDPipe's German-HDT model (Straka and Straková, ÚFAL, CC BY-NC-SA 4.0); rests on 'Landen' → 'אַרְצֹ֖ות'
39:27	25	den				expands	supplied-article-deu	safe	0.7865	approved	0				article the original does not write, read as one by UDPipe's German-HDT model (Straka and Straková, ÚFAL, CC BY-NC-SA 4.0); rests on 'Augen' → 'עֵינֵ֖י'
39:28	7	der				expands	supplied-article-deu	safe	0.7114	approved	0				article the original does not write, read as one by UDPipe's German-HDT model (Straka and Straková, ÚFAL, CC BY-NC-SA 4.0); rests on 'HERR' → 'יְהוָה֙'
39:29	17	das				expands	supplied-article-deu	safe	0.7858	approved	0				article the original does not write, read as one by UDPipe's German-HDT model (Straka and Straková, ÚFAL, CC BY-NC-SA 4.0); rests on 'Haus' → 'בֵּ֣ית'
40:1	28	des				expands	supplied-article-deu	safe	0.7644	approved	0				article the original does not write, read as one by UDPipe's German-HDT model (Straka and Straková, ÚFAL, CC BY-NC-SA 4.0); rests on 'HERRN' → 'יְהוָ֔ה'
40:2	14	einen				expands	supplied-indefinite-article-deu	safe	0.7917	approved	0				indefinite article, read as one by UDPipe's German-HDT model (Straka and Straková, ÚFAL, CC BY-NC-SA 4.0); rests on 'Berg' → 'הַ֤ר'
40:2	20	eine				expands	supplied-indefinite-article-deu	safe	0.7594	approved	0				indefinite article, read as one by UDPipe's German-HDT model (Straka and Straková, ÚFAL, CC BY-NC-SA 4.0); rests on 'Stadt' → 'עִ֖יר'
40:3	10	ein				expands	supplied-indefinite-article-deu	safe	0.7491	approved	0				indefinite article, read as one by UDPipe's German-HDT model (Straka and Straková, ÚFAL, CC BY-NC-SA 4.0); rests on 'Mann' → 'אִישׁ֙'
40:3	19	eine				expands	supplied-indefinite-article-deu	safe	0.56	approved	0				indefinite article, read as one by UDPipe's German-HDT model (Straka and Straková, ÚFAL, CC BY-NC-SA 4.0); rests on 'Schnur' → 'פְתִיל'
40:4	42	dem				expands	supplied-article-deu	safe	0.7849	approved	0				article the original does not write, read as one by UDPipe's German-HDT model (Straka and Straková, ÚFAL, CC BY-NC-SA 4.0); rests on 'Hause' → 'בֵ֥ית'
40:5	19	der				expands	supplied-article-deu	safe	0.7469	approved	0				article the original does not write, read as one by UDPipe's German-HDT model (Straka and Straková, ÚFAL, CC BY-NC-SA 4.0); rests on 'Hand' → 'יַ֨ד'
40:5	43	die				expands	supplied-article-deu	safe	0.665	approved	0				article the original does not write, read as one by UDPipe's German-HDT model (Straka and Straková, ÚFAL, CC BY-NC-SA 4.0); rests on 'Breite' → 'רֹ֤חַב'
40:7	14	der				expands	supplied-article-deu	safe	0.725	approved	0				article the original does not write, read as one by UDPipe's German-HDT model (Straka and Straková, ÚFAL, CC BY-NC-SA 4.0); rests on 'Länge' → 'אֹ֨רֶךְ֙'
40:7	20	der				expands	supplied-article-deu	safe	0.665	approved	0				article the original does not write, read as one by UDPipe's German-HDT model (Straka and Straková, ÚFAL, CC BY-NC-SA 4.0); rests on 'Breite' → 'רֹ֔חַב'
40:7	43	der				expands	supplied-article-deu	safe	0.7786	approved	0				article the original does not write, read as one by UDPipe's German-HDT model (Straka and Straková, ÚFAL, CC BY-NC-SA 4.0); rests on 'Halle' → 'אוּלָ֥ם'
40:8	4	die				expands	supplied-article-deu	safe	0.7786	approved	0				article the original does not write, read as one by UDPipe's German-HDT model (Straka and Straková, ÚFAL, CC BY-NC-SA 4.0); rests on 'Halle' → 'אֻלָ֥ם'
40:9	3	die				expands	supplied-article-deu	safe	0.7786	approved	0				article the original does not write, read as one by UDPipe's German-HDT model (Straka and Straková, ÚFAL, CC BY-NC-SA 4.0); rests on 'Halle' → 'אֻלָ֤ם'
40:9	15	die				expands	supplied-article-deu	safe	0.7786	approved	0				article the original does not write, read as one by UDPipe's German-HDT model (Straka and Straková, ÚFAL, CC BY-NC-SA 4.0); rests on 'Halle' → 'אֻלָ֥ם'
40:11	4	die				expands	supplied-article-deu	safe	0.5955	approved	0				article the original does not write, read as one by UDPipe's German-HDT model (Straka and Straková, ÚFAL, CC BY-NC-SA 4.0); rests on 'Weite' → 'רֹ֥חַב'
40:11	6	der				expands	supplied-article-deu	safe	0.6897	approved	0				article the original does not write, read as one by UDPipe's German-HDT model (Straka and Straková, ÚFAL, CC BY-NC-SA 4.0); rests on 'Tür' → 'פֶּֽתַח'
40:11	13	die				expands	supplied-article-deu	safe	0.725	approved	0				article the original does not write, read as one by UDPipe's German-HDT model (Straka and Straková, ÚFAL, CC BY-NC-SA 4.0); rests on 'Länge' → 'אֹ֣רֶךְ'
40:13	27	eine				expands	supplied-indefinite-article-deu	safe	0.6897	approved	0				indefinite article, read as one by UDPipe's German-HDT model (Straka and Straková, ÚFAL, CC BY-NC-SA 4.0); rests on 'Tür' → 'פֶּ֖תַח'
40:15	10	die				expands	supplied-article-deu	safe	0.7786	approved	0				article the original does not write, read as one by UDPipe's German-HDT model (Straka and Straková, ÚFAL, CC BY-NC-SA 4.0); rests on 'Halle' → 'אֻלָ֥ם'
40:19	4	die				expands	supplied-article-deu	safe	0.665	approved	0				article the original does not write, read as one by UDPipe's German-HDT model (Straka and Straková, ÚFAL, CC BY-NC-SA 4.0); rests on 'Breite' → 'רֹ֡חַב'
40:20	14	der				expands	supplied-article-deu	safe	0.725	approved	0				article the original does not write, read as one by UDPipe's German-HDT model (Straka and Straková, ÚFAL, CC BY-NC-SA 4.0); rests on 'Länge' → 'אָרְכֹּ֖ו'
40:21	25	die				expands	supplied-article-deu	safe	0.725	approved	0				article the original does not write, read as one by UDPipe's German-HDT model (Straka and Straková, ÚFAL, CC BY-NC-SA 4.0); rests on 'Länge' → 'אָרְכֹּ֔ו'
40:21	30	die				expands	supplied-article-deu	safe	0.665	approved	0				article the original does not write, read as one by UDPipe's German-HDT model (Straka and Straková, ÚFAL, CC BY-NC-SA 4.0); rests on 'Breite' → 'רֹ֕חַב'
40:23	23	einem				expands	supplied-indefinite-article-deu	safe	0.7458	approved	0				indefinite article, read as one by UDPipe's German-HDT model (Straka and Straková, ÚFAL, CC BY-NC-SA 4.0); rests on 'Tor' → 'שַׁ֖עַר'
40:24	12	ein				expands	supplied-indefinite-article-deu	safe	0.7458	approved	0				indefinite article, read as one by UDPipe's German-HDT model (Straka and Straková, ÚFAL, CC BY-NC-SA 4.0); rests on 'Tor' → 'שַׁ֖עַר'
40:27	5	ein				expands	supplied-indefinite-article-deu	safe	0.7458	approved	0				indefinite article, read as one by UDPipe's German-HDT model (Straka and Straková, ÚFAL, CC BY-NC-SA 4.0); rests on 'Tor' → 'שַׁ֛עַר'
40:38	13	einer				expands	supplied-indefinite-article-deu	safe	0.6897	approved	0				indefinite article, read as one by UDPipe's German-HDT model (Straka and Straková, ÚFAL, CC BY-NC-SA 4.0); rests on 'Tür' → 'פִתְחָ֔הּ'
40:39	3	der				expands	supplied-article-deu	safe	0.7786	approved	0				article the original does not write, read as one by UDPipe's German-HDT model (Straka and Straková, ÚFAL, CC BY-NC-SA 4.0); rests on 'Halle' → 'אֻלָ֣ם'
40:40	22	der				expands	supplied-article-deu	safe	0.7786	approved	0				article the original does not write, read as one by UDPipe's German-HDT model (Straka and Straková, ÚFAL, CC BY-NC-SA 4.0); rests on 'Halle' → 'אֻלָ֣ם'
40:44	18	dem				expands	supplied-article-deu	safe	0.7458	approved	0				article the original does not write, read as one by UDPipe's German-HDT model (Straka and Straková, ÚFAL, CC BY-NC-SA 4.0); rests on 'Tor' → 'שַׁ֣עַר'
40:44	30	des				expands	supplied-article-deu	safe	0.8	approved	0				article the original does not write, read as one by UDPipe's German-HDT model (Straka and Straková, ÚFAL, CC BY-NC-SA 4.0); rests on 'Tors' → 'שַׁ֣עַר'
40:46	16	die				expands	supplied-article-deu	safe	0.7723	approved	0				article the original does not write, read as one by UDPipe's German-HDT model (Straka and Straková, ÚFAL, CC BY-NC-SA 4.0); rests on 'Kinder' → 'בְנֵֽי'
40:46	22	den				expands	supplied-article-deu	safe	0.7861	approved	0				article the original does not write, read as one by UDPipe's German-HDT model (Straka and Straková, ÚFAL, CC BY-NC-SA 4.0); rests on 'Kindern' → 'בְּנֵֽי'
40:46	26	den				expands	supplied-article-deu	safe	0.7644	approved	0				article the original does not write, read as one by UDPipe's German-HDT model (Straka and Straková, ÚFAL, CC BY-NC-SA 4.0); rests on 'HERRN' → 'יְהוָ֖ה'
40:48	14	der				expands	supplied-article-deu	safe	0.7786	approved	0				article the original does not write, read as one by UDPipe's German-HDT model (Straka and Straková, ÚFAL, CC BY-NC-SA 4.0); rests on 'Halle' → 'אֻלָ֔ם'
41:2	34	die				expands	supplied-article-deu	safe	0.746	approved	0				article the original does not write, read as one by UDPipe's German-HDT model (Straka and Straková, ÚFAL, CC BY-NC-SA 4.0); rests on 'Länge' → 'אָרְכֹּו֙'
41:2	40	die				expands	supplied-article-deu	safe	0.665	approved	0				article the original does not write, read as one by UDPipe's German-HDT model (Straka and Straková, ÚFAL, CC BY-NC-SA 4.0); rests on 'Breite' → 'רֹ֖חַב'
41:3	8	die				expands	supplied-article-deu	safe	0.65	approved	0				article the original does not write, read as one by UDPipe's German-HDT model (Straka and Straková, ÚFAL, CC BY-NC-SA 4.0); rests on 'Pfeiler' → 'אֵֽיל'
41:3	21	die				expands	supplied-article-deu	safe	0.665	approved	0				article the original does not write, read as one by UDPipe's German-HDT model (Straka and Straková, ÚFAL, CC BY-NC-SA 4.0); rests on 'Breite' → 'רֹ֥חַב'
41:4	7	die				expands	supplied-article-deu	safe	0.665	approved	0				article the original does not write, read as one by UDPipe's German-HDT model (Straka and Straková, ÚFAL, CC BY-NC-SA 4.0); rests on 'Breite' → 'רֹ֛חַב'
41:5	4	die				expands	supplied-article-deu	safe	0.755	approved	0				article the original does not write, read as one by UDPipe's German-HDT model (Straka and Straková, ÚFAL, CC BY-NC-SA 4.0); rests on 'Wand' → 'קִֽיר'
41:9	2	die				expands	supplied-article-deu	safe	0.665	approved	0				article the original does not write, read as one by UDPipe's German-HDT model (Straka and Straková, ÚFAL, CC BY-NC-SA 4.0); rests on 'Breite' → 'רֹ֣חַב'
41:10	2	die				expands	supplied-article-deu	safe	0.665	approved	0				article the original does not write, read as one by UDPipe's German-HDT model (Straka and Straková, ÚFAL, CC BY-NC-SA 4.0); rests on 'Breite' → 'רֹ֣חַב'
41:11	21	der				expands	supplied-article-deu	safe	0.5618	approved	0				article the original does not write, read as one by UDPipe's German-HDT model (Straka and Straková, ÚFAL, CC BY-NC-SA 4.0); rests on 'Raum' → 'מְקֹ֣ום'
41:13	4	die				expands	supplied-article-deu	safe	0.746	approved	0				article the original does not write, read as one by UDPipe's German-HDT model (Straka and Straková, ÚFAL, CC BY-NC-SA 4.0); rests on 'Länge' → 'אֹ֖רֶךְ'
41:14	2	die				expands	supplied-article-deu	safe	0.5955	approved	0				article the original does not write, read as one by UDPipe's German-HDT model (Straka and Straková, ÚFAL, CC BY-NC-SA 4.0); rests on 'Weite' → 'רֹחַב֩'
41:15	4	die				expands	supplied-article-deu	safe	0.746	approved	0				article the original does not write, read as one by UDPipe's German-HDT model (Straka and Straková, ÚFAL, CC BY-NC-SA 4.0); rests on 'Länge' → 'אֹֽרֶךְ'
41:18	11	die				expands	supplied-article-deu	safe	0.8	approved	0				article the original does not write, read as one by UDPipe's German-HDT model (Straka and Straková, ÚFAL, CC BY-NC-SA 4.0); rests on 'Cherubim' → 'כְר֔וּב'
41:20	18	der				expands	supplied-article-deu	safe	0.755	approved	0				article the original does not write, read as one by UDPipe's German-HDT model (Straka and Straková, ÚFAL, CC BY-NC-SA 4.0); rests on 'Wand' → 'קִ֖יר'
41:23	2	die				expands	supplied-article-deu	safe	0.7386	approved	0				article the original does not write, read as one by UDPipe's German-HDT model (Straka and Straková, ÚFAL, CC BY-NC-SA 4.0); rests on 'Türen' → 'דְּלָתֹ֛ות'
42:2	2	den				expands	supplied-article-deu	safe	0.7913	approved	0				article the original does not write, read as one by UDPipe's German-HDT model (Straka and Straková, ÚFAL, CC BY-NC-SA 4.0); rests on 'Ellen' → 'אַמֹּ֣ות'
42:2	6	der				expands	supplied-article-deu	safe	0.6904	approved	0				article the original does not write, read as one by UDPipe's German-HDT model (Straka and Straková, ÚFAL, CC BY-NC-SA 4.0); rests on 'Tür' → 'פֶּ֖תַח'
42:3	10	dem				expands	supplied-article-deu	safe	0.65	approved	0				article the original does not write, read as one by UDPipe's German-HDT model (Straka and Straková, ÚFAL, CC BY-NC-SA 4.0); rests on 'Pflaster' → 'רִֽצְפָ֔ה'
42:8	2	die				expands	supplied-article-deu	safe	0.7308	approved	0				article the original does not write, read as one by UDPipe's German-HDT model (Straka and Straková, ÚFAL, CC BY-NC-SA 4.0); rests on 'Länge' → 'אֹ֣רֶךְ'
42:11	4	ein				expands	supplied-indefinite-article-deu	safe	0.6267	approved	0				indefinite article, read as one by UDPipe's German-HDT model (Straka and Straková, ÚFAL, CC BY-NC-SA 4.0); rests on 'Weg' → 'דֶ֨רֶךְ֙'
42:11	20	der				expands	supplied-article-deu	safe	0.7308	approved	0				article the original does not write, read as one by UDPipe's German-HDT model (Straka and Straková, ÚFAL, CC BY-NC-SA 4.0); rests on 'Länge' → 'אָרְכָּ֖ן'
42:12	18	des				expands	supplied-article-deu	safe	0.7614	approved	0				article the original does not write, read as one by UDPipe's German-HDT model (Straka and Straková, ÚFAL, CC BY-NC-SA 4.0); rests on 'Weges' → 'דֶּ֗רֶךְ'
42:12	21	eine				expands	supplied-indefinite-article-deu	safe	0.6904	approved	0				indefinite article, read as one by UDPipe's German-HDT model (Straka and Straková, ÚFAL, CC BY-NC-SA 4.0); rests on 'Tür' → 'פֶּ֖תַח'
42:13	6	Die				expands	supplied-article-deu	safe	0.6313	approved	0				article the original does not write, read as one by UDPipe's German-HDT model (Straka and Straková, ÚFAL, CC BY-NC-SA 4.0); rests on 'Kammern' → 'לִֽשְׁכֹ֣ות'
42:13	15	die				expands	supplied-article-deu	safe	0.6313	approved	0				article the original does not write, read as one by UDPipe's German-HDT model (Straka and Straková, ÚFAL, CC BY-NC-SA 4.0); rests on 'Kammern' → 'לִֽשְׁכֹ֣ות'
42:20	3	die				expands	supplied-article-deu	safe	0.7335	approved	0				article the original does not write, read as one by UDPipe's German-HDT model (Straka and Straková, ÚFAL, CC BY-NC-SA 4.0); rests on 'Mauer' → 'חֹ֤ומָה'
42:20	20	dem				expands	supplied-article-deu	safe	0.65	approved	0				article the original does not write, read as one by UDPipe's German-HDT model (Straka and Straková, ÚFAL, CC BY-NC-SA 4.0); rests on 'Unheiligen' → 'חֹֽל'
43:2	3	die				expands	supplied-article-deu	safe	0.6642	approved	0				article the original does not write, read as one by UDPipe's German-HDT model (Straka and Straková, ÚFAL, CC BY-NC-SA 4.0); rests on 'Herrlichkeit' → 'כְּבֹוד֙'
43:2	5	des				expands	supplied-article-deu	safe	0.7417	approved	0				article the original does not write, read as one by UDPipe's German-HDT model (Straka and Straková, ÚFAL, CC BY-NC-SA 4.0); rests on 'Gottes' → 'אֱלֹהֵ֣י'
43:2	14	ein				expands	supplied-indefinite-article-deu	safe	0.7227	approved	0				indefinite article, read as one by UDPipe's German-HDT model (Straka and Straková, ÚFAL, CC BY-NC-SA 4.0); rests on 'Wasser' → 'מַ֣יִם'
43:4	2	die				expands	supplied-article-deu	safe	0.6642	approved	0				article the original does not write, read as one by UDPipe's German-HDT model (Straka and Straková, ÚFAL, CC BY-NC-SA 4.0); rests on 'Herrlichkeit' → 'כְבֹ֥וד'
43:4	4	des				expands	supplied-article-deu	safe	0.7644	approved	0				article the original does not write, read as one by UDPipe's German-HDT model (Straka and Straková, ÚFAL, CC BY-NC-SA 4.0); rests on 'HERRN' → 'יְהוָ֖ה'
43:5	4	ein				expands	supplied-indefinite-article-deu	safe	0.7779	approved	0				indefinite article, read as one by UDPipe's German-HDT model (Straka and Straková, ÚFAL, CC BY-NC-SA 4.0); rests on 'Wind' → 'ר֔וּחַ'
43:5	16	die				expands	supplied-article-deu	safe	0.6642	approved	0				article the original does not write, read as one by UDPipe's German-HDT model (Straka and Straková, ÚFAL, CC BY-NC-SA 4.0); rests on 'Herrlichkeit' → 'כְבֹוד'
43:5	18	des				expands	supplied-article-deu	safe	0.7644	approved	0				article the original does not write, read as one by UDPipe's German-HDT model (Straka and Straková, ÚFAL, CC BY-NC-SA 4.0); rests on 'HERRN' → 'יְהוָ֖ה'
43:6	12	ein				expands	supplied-indefinite-article-deu	safe	0.7491	approved	0				indefinite article, read as one by UDPipe's German-HDT model (Straka and Straková, ÚFAL, CC BY-NC-SA 4.0); rests on 'Mann' → 'אִ֕ישׁ'
43:7	9	der				expands	supplied-article-deu	safe	0.7199	approved	0				article the original does not write, read as one by UDPipe's German-HDT model (Straka and Straková, ÚFAL, CC BY-NC-SA 4.0); rests on 'Ort' → 'מְקֹ֣ום'
43:7	14	die				expands	supplied-article-deu	safe	0.7463	approved	0				article the original does not write, read as one by UDPipe's German-HDT model (Straka and Straková, ÚFAL, CC BY-NC-SA 4.0); rests on 'Stätte' → 'מְקֹום֙'
43:7	24	den				expands	supplied-article-deu	safe	0.786	approved	0				article the original does not write, read as one by UDPipe's German-HDT model (Straka and Straková, ÚFAL, CC BY-NC-SA 4.0); rests on 'Kindern' → 'בְּנֵֽי'
43:7	28	das				expands	supplied-article-deu	safe	0.7858	approved	0				article the original does not write, read as one by UDPipe's German-HDT model (Straka and Straková, ÚFAL, CC BY-NC-SA 4.0); rests on 'Haus' → 'בֵּֽית'
43:10	5	dem				expands	supplied-article-deu	safe	0.7858	approved	0				article the original does not write, read as one by UDPipe's German-HDT model (Straka and Straková, ÚFAL, CC BY-NC-SA 4.0); rests on 'Haus' → 'בֵּֽית'
43:12	4	das				expands	supplied-article-deu	safe	0.7403	approved	0				article the original does not write, read as one by UDPipe's German-HDT model (Straka and Straková, ÚFAL, CC BY-NC-SA 4.0); rests on 'Gesetz' → 'תֹּורַ֣ת'
43:12	19	das				expands	supplied-article-deu	safe	0.8	approved	0				article the original does not write, read as one by UDPipe's German-HDT model (Straka and Straková, ÚFAL, CC BY-NC-SA 4.0); rests on 'Allerheiligste' → 'קֹ֣דֶשׁ'
43:12	24	das				expands	supplied-article-deu	safe	0.7403	approved	0				article the original does not write, read as one by UDPipe's German-HDT model (Straka and Straková, ÚFAL, CC BY-NC-SA 4.0); rests on 'Gesetz' → 'תֹּורַ֥ת'
43:13	9	der				expands	supplied-article-deu	safe	0.7437	approved	0				article the original does not write, read as one by UDPipe's German-HDT model (Straka and Straková, ÚFAL, CC BY-NC-SA 4.0); rests on 'Elle' → 'אַמָּ֥ה'
43:13	17	die				expands	supplied-article-deu	safe	0.7437	approved	0				article the original does not write, read as one by UDPipe's German-HDT model (Straka and Straková, ÚFAL, CC BY-NC-SA 4.0); rests on 'Elle' → 'אַמָּ֖ה'
43:18	20	des				expands	supplied-article-deu	safe	0.7188	approved	0				article the original does not write, read as one by UDPipe's German-HDT model (Straka and Straková, ÚFAL, CC BY-NC-SA 4.0); rests on 'Tages' → 'יֹ֖ום'
43:19	7	dem				expands	supplied-article-deu	safe	0.796	approved	0				article the original does not write, read as one by UDPipe's German-HDT model (Straka and Straková, ÚFAL, CC BY-NC-SA 4.0); rests on 'Samen' → 'זֶּ֨רַע'
43:19	26	einen				expands	supplied-indefinite-article-deu	safe	0.7885	approved	0				indefinite article, read as one by UDPipe's German-HDT model (Straka and Straková, ÚFAL, CC BY-NC-SA 4.0); rests on 'Farren' → 'פַּ֥ר'
43:22	7	einen				expands	supplied-indefinite-article-deu	safe	0.7471	approved	0				indefinite article, read as one by UDPipe's German-HDT model (Straka and Straková, ÚFAL, CC BY-NC-SA 4.0); rests on 'Ziegenbock' → 'שְׂעִיר'
43:22	15	einem				expands	supplied-indefinite-article-deu	safe	0.7738	approved	0				indefinite article, read as one by UDPipe's German-HDT model (Straka and Straková, ÚFAL, CC BY-NC-SA 4.0); rests on 'Sündopfer' → 'חַטָּ֑את'
43:23	3	das				expands	supplied-article-deu	safe	0.725	approved	0				article the original does not write, read as one by UDPipe's German-HDT model (Straka and Straková, ÚFAL, CC BY-NC-SA 4.0); rests on 'Entsündigen' → 'חַטֵּ֑א'
43:23	9	einen				expands	supplied-indefinite-article-deu	safe	0.7885	approved	0				indefinite article, read as one by UDPipe's German-HDT model (Straka and Straková, ÚFAL, CC BY-NC-SA 4.0); rests on 'Farren' → 'פַּ֣ר'
43:23	18	einen				expands	supplied-indefinite-article-deu	safe	0.775	approved	0				indefinite article, read as one by UDPipe's German-HDT model (Straka and Straková, ÚFAL, CC BY-NC-SA 4.0); rests on 'Widder' → 'אַ֥יִל'
43:24	6	dem				expands	supplied-article-deu	safe	0.7644	approved	0				article the original does not write, read as one by UDPipe's German-HDT model (Straka and Straková, ÚFAL, CC BY-NC-SA 4.0); rests on 'HERRN' → 'יְהוָ֑ה'
43:24	21	dem				expands	supplied-article-deu	safe	0.7644	approved	0				article the original does not write, read as one by UDPipe's German-HDT model (Straka and Straková, ÚFAL, CC BY-NC-SA 4.0); rests on 'HERRN' → 'יהוָֽה'
43:25	8	einen				expands	supplied-indefinite-article-deu	safe	0.7156	approved	0				indefinite article, read as one by UDPipe's German-HDT model (Straka and Straková, ÚFAL, CC BY-NC-SA 4.0); rests on 'Bock' → 'שְׂעִיר'
43:25	16	einen				expands	supplied-indefinite-article-deu	safe	0.7885	approved	0				indefinite article, read as one by UDPipe's German-HDT model (Straka and Straková, ÚFAL, CC BY-NC-SA 4.0); rests on 'Farren' → 'פַ֧ר'
43:25	20	einen				expands	supplied-indefinite-article-deu	safe	0.775	approved	0				indefinite article, read as one by UDPipe's German-HDT model (Straka and Straková, ÚFAL, CC BY-NC-SA 4.0); rests on 'Widder' → 'אַ֥יִל'
44:2	2	der				expands	supplied-article-deu	safe	0.7108	approved	0				article the original does not write, read as one by UDPipe's German-HDT model (Straka and Straková, ÚFAL, CC BY-NC-SA 4.0); rests on 'HERR' → 'יְהוָ֗ה'
44:2	21	der				expands	supplied-article-deu	safe	0.7108	approved	0				article the original does not write, read as one by UDPipe's German-HDT model (Straka and Straková, ÚFAL, CC BY-NC-SA 4.0); rests on 'HERR' → 'יְהוָ֥ה'
44:2	23	der				expands	supplied-article-deu	safe	0.7357	approved	0				article the original does not write, read as one by UDPipe's German-HDT model (Straka and Straková, ÚFAL, CC BY-NC-SA 4.0); rests on 'Gott' → 'אֱלֹהֵֽי'
44:3	15	dem				expands	supplied-article-deu	safe	0.7644	approved	0				article the original does not write, read as one by UDPipe's German-HDT model (Straka and Straková, ÚFAL, CC BY-NC-SA 4.0); rests on 'HERRN' → 'יְהוָ֑ה'
44:4	17	des				expands	supplied-article-deu	safe	0.7644	approved	0				article the original does not write, read as one by UDPipe's German-HDT model (Straka and Straková, ÚFAL, CC BY-NC-SA 4.0); rests on 'HERRN' → 'יְהוָ֖ה'
44:4	22	der				expands	supplied-article-deu	safe	0.6676	approved	0				article the original does not write, read as one by UDPipe's German-HDT model (Straka and Straková, ÚFAL, CC BY-NC-SA 4.0); rests on 'Herrlichkeit' → 'כְבֹוד'
44:4	24	des				expands	supplied-article-deu	safe	0.7644	approved	0				article the original does not write, read as one by UDPipe's German-HDT model (Straka and Straková, ÚFAL, CC BY-NC-SA 4.0); rests on 'HERRN' → 'יְהוָ֑ה'
44:5	2	der				expands	supplied-article-deu	safe	0.7108	approved	0				article the original does not write, read as one by UDPipe's German-HDT model (Straka and Straková, ÚFAL, CC BY-NC-SA 4.0); rests on 'HERR' → 'יְהֹוָ֗ה'
44:5	30	des				expands	supplied-article-deu	safe	0.7644	approved	0				article the original does not write, read as one by UDPipe's German-HDT model (Straka and Straková, ÚFAL, CC BY-NC-SA 4.0); rests on 'HERRN' → 'יְהוָ֖ה'
44:6	3	dem				expands	supplied-article-deu	safe	0.7849	approved	0				article the original does not write, read as one by UDPipe's German-HDT model (Straka and Straková, ÚFAL, CC BY-NC-SA 4.0); rests on 'Hause' → 'בֵּ֣ית'
44:7	6	eines				expands	supplied-indefinite-article-deu	safe	0.6322	approved	0				indefinite article, read as one by UDPipe's German-HDT model (Straka and Straková, ÚFAL, CC BY-NC-SA 4.0); rests on 'Herzens' → 'לֵב֙'
44:9	11	eines				expands	supplied-indefinite-article-deu	safe	0.6322	approved	0				indefinite article, read as one by UDPipe's German-HDT model (Straka and Straková, ÚFAL, CC BY-NC-SA 4.0); rests on 'Herzens' → 'לֵב֙'
44:9	26	den				expands	supplied-article-deu	safe	0.786	approved	0				article the original does not write, read as one by UDPipe's German-HDT model (Straka and Straková, ÚFAL, CC BY-NC-SA 4.0); rests on 'Kindern' → 'בְּנֵ֥י'
44:12	10	dem				expands	supplied-article-deu	safe	0.7858	approved	0				article the original does not write, read as one by UDPipe's German-HDT model (Straka and Straková, ÚFAL, CC BY-NC-SA 4.0); rests on 'Haus' → 'בֵֽית'
44:12	13	einen				expands	supplied-indefinite-article-deu	safe	0.725	approved	0				indefinite article, read as one by UDPipe's German-HDT model (Straka and Straková, ÚFAL, CC BY-NC-SA 4.0); rests on 'Anstoß' → 'מִכְשֹׁ֣ול'
44:15	18	die				expands	supplied-article-deu	safe	0.7723	approved	0				article the original does not write, read as one by UDPipe's German-HDT model (Straka and Straková, ÚFAL, CC BY-NC-SA 4.0); rests on 'Kinder' → 'בְּנֵֽי'
44:15	39	das				expands	supplied-article-deu	safe	0.7295	approved	0				article the original does not write, read as one by UDPipe's German-HDT model (Straka and Straková, ÚFAL, CC BY-NC-SA 4.0); rests on 'Fett' → 'חֵ֣לֶב'
44:17	5	die				expands	supplied-article-deu	safe	0.7654	approved	0				article the original does not write, read as one by UDPipe's German-HDT model (Straka and Straková, ÚFAL, CC BY-NC-SA 4.0); rests on 'Tore' → 'שַׁעֲרֵי֙'
44:17	24	den				expands	supplied-article-deu	safe	0.6836	approved	0				article the original does not write, read as one by UDPipe's German-HDT model (Straka and Straková, ÚFAL, CC BY-NC-SA 4.0); rests on 'Toren' → 'שַׁעֲרֵ֛י'
44:19	13	die				expands	supplied-article-deu	safe	0.6823	approved	0				article the original does not write, read as one by UDPipe's German-HDT model (Straka and Straková, ÚFAL, CC BY-NC-SA 4.0); rests on 'Kleider' → 'בִּגְדֵיהֶ֗ם'
44:19	23	die				expands	supplied-article-deu	safe	0.6875	approved	0				article the original does not write, read as one by UDPipe's German-HDT model (Straka and Straková, ÚFAL, CC BY-NC-SA 4.0); rests on 'Kammern' → 'לִֽשְׁכֹ֣ת'
44:22	14	des				expands	supplied-article-deu	safe	0.7862	approved	0				article the original does not write, read as one by UDPipe's German-HDT model (Straka and Straková, ÚFAL, CC BY-NC-SA 4.0); rests on 'Hauses' → 'בֵּ֣ית'
44:22	18	eines				expands	supplied-indefinite-article-deu	safe	0.7906	approved	0				indefinite article, read as one by UDPipe's German-HDT model (Straka and Straková, ÚFAL, CC BY-NC-SA 4.0); rests on 'Priesters' → 'כֹּהֵ֖ן'
44:28	2	das				expands	supplied-article-deu	safe	0.7727	approved	0				article the original does not write, read as one by UDPipe's German-HDT model (Straka and Straková, ÚFAL, CC BY-NC-SA 4.0); rests on 'Erbteil' → 'נַחֲלָ֔ה'
44:30	29	der				expands	supplied-article-deu	safe	0.7775	approved	0				article the original does not write, read as one by UDPipe's German-HDT model (Straka and Straková, ÚFAL, CC BY-NC-SA 4.0); rests on 'Segen' → 'בְּרָכָ֖ה'
44:31	3	ein				expands	supplied-indefinite-article-deu	safe	0.68	approved	0				indefinite article, read as one by UDPipe's German-HDT model (Straka and Straková, ÚFAL, CC BY-NC-SA 4.0); rests on 'Aas' → 'נְבֵלָה֙'
45:1	12	ein				expands	supplied-indefinite-article-deu	safe	0.8	approved	0				indefinite article, read as one by UDPipe's German-HDT model (Straka and Straková, ÚFAL, CC BY-NC-SA 4.0); rests on 'Hebopfer' → 'תְרוּמָ֨ה'
45:1	18	dem				expands	supplied-article-deu	safe	0.7644	approved	0				article the original does not write, read as one by UDPipe's German-HDT model (Straka and Straková, ÚFAL, CC BY-NC-SA 4.0); rests on 'HERRN' → 'יהוָ֥ה'
45:3	17	das				expands	supplied-article-deu	safe	0.8	approved	0				article the original does not write, read as one by UDPipe's German-HDT model (Straka and Straková, ÚFAL, CC BY-NC-SA 4.0); rests on 'Allerheiligste' → 'קָדָשִֽׁים'
45:4	17	den				expands	supplied-article-deu	safe	0.7644	approved	0				article the original does not write, read as one by UDPipe's German-HDT model (Straka and Straková, ÚFAL, CC BY-NC-SA 4.0); rests on 'HERRN' → 'יְהוָ֑ה'
45:6	11	das				expands	supplied-article-deu	safe	0.7858	approved	0				article the original does not write, read as one by UDPipe's German-HDT model (Straka and Straková, ÚFAL, CC BY-NC-SA 4.0); rests on 'Haus' → 'בֵּ֥ית'
45:8	23	dem				expands	supplied-article-deu	safe	0.7858	approved	0				article the original does not write, read as one by UDPipe's German-HDT model (Straka and Straková, ÚFAL, CC BY-NC-SA 4.0); rests on 'Haus' → 'בֵֽית'
45:17	20	des				expands	supplied-article-deu	safe	0.7864	approved	0				article the original does not write, read as one by UDPipe's German-HDT model (Straka and Straková, ÚFAL, CC BY-NC-SA 4.0); rests on 'Hauses' → 'בֵּ֣ית'
45:17	36	das				expands	supplied-article-deu	safe	0.7858	approved	0				article the original does not write, read as one by UDPipe's German-HDT model (Straka and Straková, ÚFAL, CC BY-NC-SA 4.0); rests on 'Haus' → 'בֵּֽית'
45:18	3	der				expands	supplied-article-deu	safe	0.7107	approved	0				article the original does not write, read as one by UDPipe's German-HDT model (Straka and Straková, ÚFAL, CC BY-NC-SA 4.0); rests on 'Herr' → 'יְהוִה֒'
45:19	6	dem				expands	supplied-article-deu	safe	0.7952	approved	0				article the original does not write, read as one by UDPipe's German-HDT model (Straka and Straková, ÚFAL, CC BY-NC-SA 4.0); rests on 'Blut' → 'דַּ֣ם'
45:19	12	die				expands	supplied-article-deu	safe	0.7357	approved	0				article the original does not write, read as one by UDPipe's German-HDT model (Straka and Straková, ÚFAL, CC BY-NC-SA 4.0); rests on 'Pfosten' → 'מְזוּזַ֣ת'
45:19	27	den				expands	supplied-article-deu	safe	0.7357	approved	0				article the original does not write, read as one by UDPipe's German-HDT model (Straka and Straková, ÚFAL, CC BY-NC-SA 4.0); rests on 'Pfosten' → 'מְזוּזַ֔ת'
45:22	16	einen				expands	supplied-indefinite-article-deu	safe	0.7886	approved	0				indefinite article, read as one by UDPipe's German-HDT model (Straka and Straková, ÚFAL, CC BY-NC-SA 4.0); rests on 'Farren' → 'פַּ֖ר'
45:23	2	die				expands	supplied-article-deu	safe	0.7755	approved	0				article the original does not write, read as one by UDPipe's German-HDT model (Straka and Straková, ÚFAL, CC BY-NC-SA 4.0); rests on 'Tage' → 'יְמֵֽי'
45:23	9	dem				expands	supplied-article-deu	safe	0.7644	approved	0				article the original does not write, read as one by UDPipe's German-HDT model (Straka and Straková, ÚFAL, CC BY-NC-SA 4.0); rests on 'HERRN' → 'יהוָ֗ה'
45:23	12	ein				expands	supplied-indefinite-article-deu	safe	0.7891	approved	0				indefinite article, read as one by UDPipe's German-HDT model (Straka and Straková, ÚFAL, CC BY-NC-SA 4.0); rests on 'Brandopfer' → 'עֹולָ֣ה'
45:23	27	einen				expands	supplied-indefinite-article-deu	safe	0.7471	approved	0				indefinite article, read as one by UDPipe's German-HDT model (Straka and Straková, ÚFAL, CC BY-NC-SA 4.0); rests on 'Ziegenbock' → 'שְׂעִ֥יר'
45:24	7	ein				expands	supplied-indefinite-article-deu	safe	0.7196	approved	0				indefinite article, read as one by UDPipe's German-HDT model (Straka and Straková, ÚFAL, CC BY-NC-SA 4.0); rests on 'Epha' → 'אֵיפָ֥ה'
45:24	13	ein				expands	supplied-indefinite-article-deu	safe	0.7196	approved	0				indefinite article, read as one by UDPipe's German-HDT model (Straka and Straková, ÚFAL, CC BY-NC-SA 4.0); rests on 'Epha' → 'אֵיפָ֥ה'
46:1	6	Das				expands	supplied-article-deu	safe	0.7522	approved	0				article the original does not write, read as one by UDPipe's German-HDT model (Straka and Straková, ÚFAL, CC BY-NC-SA 4.0); rests on 'Tor' → 'שַׁ֜עַר'
46:3	2	das				expands	supplied-article-deu	safe	0.7586	approved	0				article the original does not write, read as one by UDPipe's German-HDT model (Straka and Straková, ÚFAL, CC BY-NC-SA 4.0); rests on 'Volk' → 'עַם'
46:3	8	der				expands	supplied-article-deu	safe	0.6911	approved	0				article the original does not write, read as one by UDPipe's German-HDT model (Straka and Straková, ÚFAL, CC BY-NC-SA 4.0); rests on 'Tür' → 'פֶּ֚תַח'
46:3	14	dem				expands	supplied-article-deu	safe	0.7643	approved	0				article the original does not write, read as one by UDPipe's German-HDT model (Straka and Straková, ÚFAL, CC BY-NC-SA 4.0); rests on 'HERRN' → 'יְהוָֽה'
46:4	8	dem				expands	supplied-article-deu	safe	0.7643	approved	0				article the original does not write, read as one by UDPipe's German-HDT model (Straka and Straková, ÚFAL, CC BY-NC-SA 4.0); rests on 'HERRN' → 'יהוָ֑ה'
46:4	23	ein				expands	supplied-indefinite-article-deu	safe	0.7744	approved	0				indefinite article, read as one by UDPipe's German-HDT model (Straka and Straková, ÚFAL, CC BY-NC-SA 4.0); rests on 'Widder' → 'אַ֥יִל'
46:5	3	ein				expands	supplied-indefinite-article-deu	safe	0.7135	approved	0				indefinite article, read as one by UDPipe's German-HDT model (Straka and Straková, ÚFAL, CC BY-NC-SA 4.0); rests on 'Epha' → 'אֵיפָ֣ה'
46:6	6	einen				expands	supplied-indefinite-article-deu	safe	0.7887	approved	0				indefinite article, read as one by UDPipe's German-HDT model (Straka and Straková, ÚFAL, CC BY-NC-SA 4.0); rests on 'Farren' → 'פַּ֥ר'
46:6	18	einen				expands	supplied-indefinite-article-deu	safe	0.7744	approved	0				indefinite article, read as one by UDPipe's German-HDT model (Straka and Straková, ÚFAL, CC BY-NC-SA 4.0); rests on 'Widder' → 'אַ֖יִל'
46:7	3	ein				expands	supplied-indefinite-article-deu	safe	0.7135	approved	0				indefinite article, read as one by UDPipe's German-HDT model (Straka and Straková, ÚFAL, CC BY-NC-SA 4.0); rests on 'Epha' → 'אֵיפָ֨ה'
46:7	9	ein				expands	supplied-indefinite-article-deu	safe	0.7135	approved	0				indefinite article, read as one by UDPipe's German-HDT model (Straka and Straková, ÚFAL, CC BY-NC-SA 4.0); rests on 'Epha' → 'אֵיפָ֤ה'
46:9	2	das				expands	supplied-article-deu	safe	0.7586	approved	0				article the original does not write, read as one by UDPipe's German-HDT model (Straka and Straková, ÚFAL, CC BY-NC-SA 4.0); rests on 'Volk' → 'עַם'
46:9	8	den				expands	supplied-article-deu	safe	0.7643	approved	0				article the original does not write, read as one by UDPipe's German-HDT model (Straka and Straková, ÚFAL, CC BY-NC-SA 4.0); rests on 'HERRN' → 'יְהוָה֮'
46:9	25	das				expands	supplied-article-deu	safe	0.7522	approved	0				article the original does not write, read as one by UDPipe's German-HDT model (Straka and Straková, ÚFAL, CC BY-NC-SA 4.0); rests on 'Tor' → 'שַׁ֣עַר'
46:11	16	ein				expands	supplied-indefinite-article-deu	safe	0.7135	approved	0				indefinite article, read as one by UDPipe's German-HDT model (Straka and Straková, ÚFAL, CC BY-NC-SA 4.0); rests on 'Epha' → 'אֵיפָ֤ה'
46:11	23	ein				expands	supplied-indefinite-article-deu	safe	0.7135	approved	0				indefinite article, read as one by UDPipe's German-HDT model (Straka and Straková, ÚFAL, CC BY-NC-SA 4.0); rests on 'Epha' → 'אֵיפָ֣ה'
46:12	5	ein				expands	supplied-indefinite-article-deu	safe	0.7892	approved	0				indefinite article, read as one by UDPipe's German-HDT model (Straka and Straková, ÚFAL, CC BY-NC-SA 4.0); rests on 'Brandopfer' → 'עֹולָ֣ה'
46:12	10	dem				expands	supplied-article-deu	safe	0.7643	approved	0				article the original does not write, read as one by UDPipe's German-HDT model (Straka and Straková, ÚFAL, CC BY-NC-SA 4.0); rests on 'HERRN' → 'יהוָה֒'
46:13	4	dem				expands	supplied-article-deu	safe	0.7643	approved	0				article the original does not write, read as one by UDPipe's German-HDT model (Straka and Straková, ÚFAL, CC BY-NC-SA 4.0); rests on 'HERRN' → 'יהֹוָ֑ה'
46:13	7	ein				expands	supplied-indefinite-article-deu	safe	0.7892	approved	0				indefinite article, read as one by UDPipe's German-HDT model (Straka and Straková, ÚFAL, CC BY-NC-SA 4.0); rests on 'Brandopfer' → 'עֹולָ֛ה'
46:13	11	ein				expands	supplied-indefinite-article-deu	safe	0.7043	approved	0				indefinite article, read as one by UDPipe's German-HDT model (Straka and Straková, ÚFAL, CC BY-NC-SA 4.0); rests on 'Lamm' → 'כֶ֨בֶשׂ'
46:14	27	dem				expands	supplied-article-deu	safe	0.7643	approved	0				article the original does not write, read as one by UDPipe's German-HDT model (Straka and Straková, ÚFAL, CC BY-NC-SA 4.0); rests on 'HERRN' → 'יהוָ֔ה'
46:19	28	ein				expands	supplied-indefinite-article-deu	safe	0.5557	approved	0				indefinite article, read as one by UDPipe's German-HDT model (Straka and Straková, ÚFAL, CC BY-NC-SA 4.0); rests on 'Raum' → 'מָקֹ֔ום'
46:23	7	ein				expands	supplied-indefinite-article-deu	safe	0.7739	approved	0				indefinite article, read as one by UDPipe's German-HDT model (Straka and Straková, ÚFAL, CC BY-NC-SA 4.0); rests on 'vier' → 'אַרְבַּעְתָּ֑ם'
46:23	9	der				expands	supplied-article-deu	safe	0.7739	approved	0				article the original does not write, read as one by UDPipe's German-HDT model (Straka and Straková, ÚFAL, CC BY-NC-SA 4.0); rests on 'vier' → 'אַרְבַּעְתָּ֑ם'
47:1	7	der				expands	supplied-article-deu	safe	0.6911	approved	0				article the original does not write, read as one by UDPipe's German-HDT model (Straka and Straková, ÚFAL, CC BY-NC-SA 4.0); rests on 'Tür' → 'פֶּ֣תַח'
47:1	15	ein				expands	supplied-indefinite-article-deu	safe	0.7205	approved	0				indefinite article, read as one by UDPipe's German-HDT model (Straka and Straková, ÚFAL, CC BY-NC-SA 4.0); rests on 'Wasser' → 'מַ֣יִם'
47:2	22	das				expands	supplied-article-deu	safe	0.7205	approved	0				article the original does not write, read as one by UDPipe's German-HDT model (Straka and Straková, ÚFAL, CC BY-NC-SA 4.0); rests on 'Wasser' → 'מַ֣יִם'
47:3	13	der				expands	supplied-article-deu	safe	0.7465	approved	0				article the original does not write, read as one by UDPipe's German-HDT model (Straka and Straková, ÚFAL, CC BY-NC-SA 4.0); rests on 'Hand' → 'יָדֹ֑ו'
47:4	14	die				expands	supplied-article-deu	safe	0.7437	approved	0				article the original does not write, read as one by UDPipe's German-HDT model (Straka and Straková, ÚFAL, CC BY-NC-SA 4.0); rests on 'Kniee' → 'בִּרְכָּ֑יִם'
47:4	30	die				expands	supplied-article-deu	safe	0.6185	approved	0				article the original does not write, read as one by UDPipe's German-HDT model (Straka and Straková, ÚFAL, CC BY-NC-SA 4.0); rests on 'Lenden' → 'מָתְנָֽיִם'
47:13	8	die				expands	supplied-article-deu	safe	0.71	approved	0				article the original does not write, read as one by UDPipe's German-HDT model (Straka and Straková, ÚFAL, CC BY-NC-SA 4.0); rests on 'Grenzen' → 'גְבוּל֙'
47:15	4	die				expands	supplied-article-deu	safe	0.775	approved	0				article the original does not write, read as one by UDPipe's German-HDT model (Straka and Straková, ÚFAL, CC BY-NC-SA 4.0); rests on 'Grenze' → 'גְּב֣וּל'
47:17	3	die				expands	supplied-article-deu	safe	0.775	approved	0				article the original does not write, read as one by UDPipe's German-HDT model (Straka and Straková, ÚFAL, CC BY-NC-SA 4.0); rests on 'Grenze' → 'גְב֜וּל'
47:17	22	die				expands	supplied-article-deu	safe	0.775	approved	0				article the original does not write, read as one by UDPipe's German-HDT model (Straka and Straková, ÚFAL, CC BY-NC-SA 4.0); rests on 'Grenze' → 'גְב֣וּל'
47:18	17	dem				expands	supplied-article-deu	safe	0.7357	approved	0				article the original does not write, read as one by UDPipe's German-HDT model (Straka and Straková, ÚFAL, CC BY-NC-SA 4.0); rests on 'Lande' → 'אֶ֤רֶץ'
47:18	31	die				expands	supplied-article-deu	safe	0.775	approved	0				article the original does not write, read as one by UDPipe's German-HDT model (Straka and Straková, ÚFAL, CC BY-NC-SA 4.0); rests on 'Grenze' → 'גְּב֛וּל'
47:19	15	den				expands	supplied-article-deu	safe	0.7935	approved	0				article the original does not write, read as one by UDPipe's German-HDT model (Straka and Straková, ÚFAL, CC BY-NC-SA 4.0); rests on 'Bach' → 'נַחֲלָ֖ה'
47:20	12	der				expands	supplied-article-deu	safe	0.775	approved	0				article the original does not write, read as one by UDPipe's German-HDT model (Straka and Straková, ÚFAL, CC BY-NC-SA 4.0); rests on 'Grenze' → 'גְּב֕וּל'
47:21	8	die				expands	supplied-article-deu	safe	0.701	approved	0				article the original does not write, read as one by UDPipe's German-HDT model (Straka and Straková, ÚFAL, CC BY-NC-SA 4.0); rests on 'Stämme' → 'שִׁבְטֵ֥י'
47:22	30	die				expands	supplied-article-deu	safe	0.725	approved	0				article the original does not write, read as one by UDPipe's German-HDT model (Straka and Straková, ÚFAL, CC BY-NC-SA 4.0); rests on 'Einheimischen' → 'אֶזְרָח֙'
47:22	33	den				expands	supplied-article-deu	safe	0.7861	approved	0				article the original does not write, read as one by UDPipe's German-HDT model (Straka and Straková, ÚFAL, CC BY-NC-SA 4.0); rests on 'Kindern' → 'בְנֵ֣י'
48:1	3	die				expands	supplied-article-deu	safe	0.7897	approved	0				article the original does not write, read as one by UDPipe's German-HDT model (Straka and Straková, ÚFAL, CC BY-NC-SA 4.0); rests on 'Namen' → 'שְׁמֹ֣ות'
48:9	5	dem				expands	supplied-article-deu	safe	0.7644	approved	0				article the original does not write, read as one by UDPipe's German-HDT model (Straka and Straková, ÚFAL, CC BY-NC-SA 4.0); rests on 'HERRN' → 'יהוָ֑ה'
48:11	7	den				expands	supplied-article-deu	safe	0.786	approved	0				article the original does not write, read as one by UDPipe's German-HDT model (Straka and Straková, ÚFAL, CC BY-NC-SA 4.0); rests on 'Kindern' → 'בְּנֵ֣י'
48:11	20	den				expands	supplied-article-deu	safe	0.786	approved	0				article the original does not write, read as one by UDPipe's German-HDT model (Straka and Straková, ÚFAL, CC BY-NC-SA 4.0); rests on 'Kindern' → 'בְּנֵ֣י'
48:13	6	der				expands	supplied-article-deu	safe	0.766	approved	0				article the original does not write, read as one by UDPipe's German-HDT model (Straka and Straková, ÚFAL, CC BY-NC-SA 4.0); rests on 'Grenze' → 'גְּב֣וּל'
48:13	13	die				expands	supplied-article-deu	safe	0.728	approved	0				article the original does not write, read as one by UDPipe's German-HDT model (Straka and Straková, ÚFAL, CC BY-NC-SA 4.0); rests on 'Länge' → 'אֹ֔רֶךְ'
48:13	19	die				expands	supplied-article-deu	safe	0.6694	approved	0				article the original does not write, read as one by UDPipe's German-HDT model (Straka and Straková, ÚFAL, CC BY-NC-SA 4.0); rests on 'Breite' → 'רֹ֖חַב'
48:13	28	die				expands	supplied-article-deu	safe	0.6694	approved	0				article the original does not write, read as one by UDPipe's German-HDT model (Straka and Straková, ÚFAL, CC BY-NC-SA 4.0); rests on 'Breite' → 'רֹ֖חַב'
48:14	17	dem				expands	supplied-article-deu	safe	0.7644	approved	0				article the original does not write, read as one by UDPipe's German-HDT model (Straka and Straková, ÚFAL, CC BY-NC-SA 4.0); rests on 'HERRN' → 'יהוָֽה'
48:22	13	der				expands	supplied-article-deu	safe	0.766	approved	0				article the original does not write, read as one by UDPipe's German-HDT model (Straka and Straková, ÚFAL, CC BY-NC-SA 4.0); rests on 'Grenze' → 'גְּב֣וּל'
48:22	17	der				expands	supplied-article-deu	safe	0.766	approved	0				article the original does not write, read as one by UDPipe's German-HDT model (Straka and Straková, ÚFAL, CC BY-NC-SA 4.0); rests on 'Grenze' → 'גְּב֣וּל'
48:24	3	der				expands	supplied-article-deu	safe	0.766	approved	0				article the original does not write, read as one by UDPipe's German-HDT model (Straka and Straková, ÚFAL, CC BY-NC-SA 4.0); rests on 'Grenze' → 'גְּב֣וּל'
48:25	2	der				expands	supplied-article-deu	safe	0.766	approved	0				article the original does not write, read as one by UDPipe's German-HDT model (Straka and Straková, ÚFAL, CC BY-NC-SA 4.0); rests on 'Grenze' → 'גְּב֣וּל'
48:26	2	der				expands	supplied-article-deu	safe	0.766	approved	0				article the original does not write, read as one by UDPipe's German-HDT model (Straka and Straková, ÚFAL, CC BY-NC-SA 4.0); rests on 'Grenze' → 'גְּב֣וּל'
48:27	2	der				expands	supplied-article-deu	safe	0.766	approved	0				article the original does not write, read as one by UDPipe's German-HDT model (Straka and Straková, ÚFAL, CC BY-NC-SA 4.0); rests on 'Grenze' → 'גְּב֣וּל'
48:28	5	die				expands	supplied-article-deu	safe	0.766	approved	0				article the original does not write, read as one by UDPipe's German-HDT model (Straka and Straková, ÚFAL, CC BY-NC-SA 4.0); rests on 'Grenze' → 'גְּב֣וּל'
48:28	18	den				expands	supplied-article-deu	safe	0.7935	approved	0				article the original does not write, read as one by UDPipe's German-HDT model (Straka and Straková, ÚFAL, CC BY-NC-SA 4.0); rests on 'Bach' → 'נַחֲלָ֖ה'
48:29	12	die				expands	supplied-article-deu	safe	0.6947	approved	0				article the original does not write, read as one by UDPipe's German-HDT model (Straka and Straková, ÚFAL, CC BY-NC-SA 4.0); rests on 'Stämme' → 'שִׁבְטֵ֣י'
48:31	2	die				expands	supplied-article-deu	safe	0.7565	approved	0				article the original does not write, read as one by UDPipe's German-HDT model (Straka and Straková, ÚFAL, CC BY-NC-SA 4.0); rests on 'Tore' → 'שַׁעֲרֵ֣י'
48:31	8	den				expands	supplied-article-deu	safe	0.7897	approved	0				article the original does not write, read as one by UDPipe's German-HDT model (Straka and Straková, ÚFAL, CC BY-NC-SA 4.0); rests on 'Namen' → 'שְׁמֹות֙'
48:31	10	der				expands	supplied-article-deu	safe	0.6947	approved	0				article the original does not write, read as one by UDPipe's German-HDT model (Straka and Straková, ÚFAL, CC BY-NC-SA 4.0); rests on 'Stämme' → 'שִׁבְטֵ֣י'
48:31	19	das				expands	supplied-article-deu	safe	0.7424	approved	0				article the original does not write, read as one by UDPipe's German-HDT model (Straka and Straková, ÚFAL, CC BY-NC-SA 4.0); rests on 'Tor' → 'שַׁ֤עַר'
48:31	23	das				expands	supplied-article-deu	safe	0.7892	approved	0				article the original does not write, read as one by UDPipe's German-HDT model (Straka and Straková, ÚFAL, CC BY-NC-SA 4.0); rests on 'Juda' → 'יְהוּדָה֙'
48:31	26	das				expands	supplied-article-deu	safe	0.7489	approved	0				article the original does not write, read as one by UDPipe's German-HDT model (Straka and Straková, ÚFAL, CC BY-NC-SA 4.0); rests on 'Levi' → 'לֵוִ֖י'
48:32	14	das				expands	supplied-article-deu	safe	0.7424	approved	0				article the original does not write, read as one by UDPipe's German-HDT model (Straka and Straková, ÚFAL, CC BY-NC-SA 4.0); rests on 'Tor' → 'שַׁ֨עַר'
48:32	18	das				expands	supplied-article-deu	safe	0.7967	approved	0				article the original does not write, read as one by UDPipe's German-HDT model (Straka and Straková, ÚFAL, CC BY-NC-SA 4.0); rests on 'Benjamin' → 'בִּנְיָמִן֙'
48:32	21	das				expands	supplied-article-deu	safe	0.7743	approved	0				article the original does not write, read as one by UDPipe's German-HDT model (Straka and Straková, ÚFAL, CC BY-NC-SA 4.0); rests on 'Dan' → 'דָּ֖ן'
48:33	13	das				expands	supplied-article-deu	safe	0.7424	approved	0				article the original does not write, read as one by UDPipe's German-HDT model (Straka and Straková, ÚFAL, CC BY-NC-SA 4.0); rests on 'Tor' → 'שַׁ֣עַר'
48:33	20	das				expands	supplied-article-deu	safe	0.8	approved	0				article the original does not write, read as one by UDPipe's German-HDT model (Straka and Straková, ÚFAL, CC BY-NC-SA 4.0); rests on 'Sebulon' → 'זְבוּלֻ֖ן'
48:34	15	das				expands	supplied-article-deu	safe	0.8	approved	0				article the original does not write, read as one by UDPipe's German-HDT model (Straka and Straková, ÚFAL, CC BY-NC-SA 4.0); rests on 'Asser' → 'אָשֵׁר֙'
48:34	18	das				expands	supplied-article-deu	safe	0.8	approved	0				article the original does not write, read as one by UDPipe's German-HDT model (Straka and Straková, ÚFAL, CC BY-NC-SA 4.0); rests on 'Naphthali' → 'נַפְתָּלִ֖י'
48:35	19	der				expands	supplied-article-deu	safe	0.7102	approved	0				article the original does not write, read as one by UDPipe's German-HDT model (Straka and Straková, ÚFAL, CC BY-NC-SA 4.0); rests on 'HERR' → 'יְהוָ֥ה'
