at	word	surface	target_at	target	target_surface	absence	rule	tier	confidence	verdict	review	corrected_at	corrected	corrected_surface	rationale
1:1	9	Jesus		4	Ἰησοῦ		global-review-known-rendering	safe	0.7975	approved	0				global known-rendering assignment; lexical score 0.65
1:1	10	Christ		5	Χριστοῦ		global-review-known-rendering	safe	0.8	approved	0				global known-rendering assignment; lexical score 0.65
1:1	11	the				expands	supplied-article	safe	0.7729	approved	0				article the original does not write; rests on 'Son' → '(Υἱοῦ'
1:1	12	Son		6	(Υἱοῦ		global-review-known-rendering	safe	0.7729	approved	0				global known-rendering assignment; lexical score 0.62
1:1	14	God		7	Θεοῦ		global-review-known-rendering	safe	0.7935	approved	0				global known-rendering assignment; lexical score 0.64
1:2	10	Isaiah		5	Ἡσαΐᾳ		global-review-known-rendering	safe	0.8	approved	0				global known-rendering assignment; lexical score 0.65
1:2	11	the		6	τῷ		attached-word	safe	0.6727	approved	0				Article of 'prophet'
1:2	12	prophet		7	προφήτῃ		global-review-known-rendering	safe	0.7727	approved	0				global known-rendering assignment; lexical score 0.62
1:2	13	See		8	Ἰδοὺ		global-review-known-rendering	safe	0.6289	approved	0				global known-rendering assignment; lexical score 0.48
1:2	16	my		12	μου		global-review-known-rendering	safe	0.7666	approved	0				global known-rendering assignment; lexical score 0.62
1:2	19	your		15	σου		global-review-known-rendering	safe	0.7903	approved	0				global known-rendering assignment; lexical score 0.64
1:2	20	face		14	προσώπου		global-review-known-rendering	safe	0.7211	approved	0				global known-rendering assignment; lexical score 0.57
1:2	25	your		20	σου		global-review-known-rendering	safe	0.7903	approved	0				global known-rendering assignment; lexical score 0.64
1:2	26	way		19	ὁδόν		global-review-known-rendering	safe	0.6125	approved	0				global known-rendering assignment; lexical score 0.46
1:3	1	The				expands	supplied-article	safe	0.7845	approved	0				article the original does not write; rests on 'voice' → 'φωνὴ'
1:3	2	voice		1	φωνὴ		global-review-known-rendering	safe	0.7845	approved	0				global known-rendering assignment; lexical score 0.63
1:3	15	the				expands	supplied-article	safe	0.7953	approved	0				article the original does not write; rests on 'Lord' → 'Κυρίου'
1:3	16	Lord		9	Κυρίου		global-review-known-rendering	safe	0.7953	approved	0				global known-rendering assignment; lexical score 0.65
1:3	17	make		11	ποιεῖτε		global-review-known-rendering	safe	0.6615	approved	0				global known-rendering assignment; lexical score 0.51
1:3	18	his		14	αὐτοῦ		global-review-known-rendering	safe	0.7891	approved	0				global known-rendering assignment; lexical score 0.64
1:3	19	roads		8	ὁδὸν		global-review-known-rendering	safe	0.7625	approved	0				global known-rendering assignment; lexical score 0.61
1:3	20	straight		10	εὐθείας		global-review-known-rendering	safe	0.6071	approved	0				global known-rendering assignment; lexical score 0.46
1:4	1	John		2	Ἰωάνης		global-review-known-rendering	safe	0.8	approved	0				global known-rendering assignment; lexical score 0.65
1:4	11	baptism		9	βάπτισμα		global-review-known-rendering	safe	0.8	approved	0				global known-rendering assignment; lexical score 0.65
1:4	16	forgiveness		12	ἄφεσιν		global-review-known-rendering	safe	0.62	approved	0				global known-rendering assignment; lexical score 0.47
1:4	18	sin		13	ἁμαρτιῶν		global-review-known-rendering	safe	0.727	approved	0				global known-rendering assignment; lexical score 0.58
1:5	6	him		4	αὐτὸν		global-review-known-rendering	safe	0.7819	approved	0				global known-rendering assignment; lexical score 0.63
1:5	7	all		5	πᾶσα		global-review-known-rendering	safe	0.7307	approved	0				global known-rendering assignment; lexical score 0.58
1:5	11	Judaea		7	Ἰουδαία		global-review-known-rendering	safe	0.789	approved	0				global known-rendering assignment; lexical score 0.64
1:5	13	all		12	πάντες		global-review-known-rendering	safe	0.7307	approved	0				global known-rendering assignment; lexical score 0.58
1:5	23	him		16	αὐτοῦ		global-review-known-rendering	safe	0.7819	approved	0				global known-rendering assignment; lexical score 0.63
1:5	25	the				expands	supplied-article	safe	0.8	approved	0				article the original does not write; rests on 'river' → 'ποταμῷ'
1:5	26	river		20	ποταμῷ		global-review-known-rendering	safe	0.8	approved	0				global known-rendering assignment; lexical score 0.65
1:5	27	Jordan		19	Ἰορδάνῃ		global-review-known-rendering	safe	0.8	approved	0				global known-rendering assignment; lexical score 0.65
1:6	2	John		4	Ἰωάνης		global-review-known-rendering	safe	0.8	approved	0				global known-rendering assignment; lexical score 0.65
1:6	6	camel's		7	καμήλου		global-review-known-rendering	safe	0.8	approved	0				global known-rendering assignment; lexical score 0.65
1:6	7	hair		6	τρίχας		global-review-known-rendering	safe	0.6615	approved	0				global known-rendering assignment; lexical score 0.51
1:6	15	his		14	αὐτοῦ		global-review-known-rendering	safe	0.7891	approved	0				global known-rendering assignment; lexical score 0.64
1:7	3	said		3	λέγων		global-review-known-rendering	safe	0.7692	approved	0				global known-rendering assignment; lexical score 0.62
1:7	12	me		9	μου		global-review-known-rendering	safe	0.7921	approved	0				global known-rendering assignment; lexical score 0.64
1:7	18	whose		10	οὗ		global-review-known-rendering	safe	0.7143	approved	0				global known-rendering assignment; lexical score 0.56
1:7	19	shoes		19	ὑποδημάτων		global-review-known-rendering	safe	0.8	approved	0				global known-rendering assignment; lexical score 0.65
1:7	21	am		12	εἰμὶ		global-review-known-rendering	safe	0.7904	approved	0				global known-rendering assignment; lexical score 0.64
1:7	22	not		11	οὐκ		global-review-known-rendering	safe	0.6286	approved	0				global known-rendering assignment; lexical score 0.48
1:8	1	I		1	ἐγὼ		global-review-known-rendering	safe	0.7467	approved	0				global known-rendering assignment; lexical score 0.60
1:8	7	water		4	ὕδατι		global-review-known-rendering	safe	0.7723	approved	0				global known-rendering assignment; lexical score 0.62
1:8	15	the				expands	supplied-article	safe	0.7831	approved	0				article the original does not write; rests on 'Holy' → 'Ἁγίῳ'
1:8	16	Holy		10	Ἁγίῳ		global-review-known-rendering	safe	0.7831	approved	0				global known-rendering assignment; lexical score 0.63
1:8	17	Spirit		9	Πνεύματι		global-review-known-rendering	safe	0.7964	approved	0				global known-rendering assignment; lexical score 0.65
1:9	6	those		4	ἐκείναις		global-review-known-rendering	safe	0.5891	approved	0				global known-rendering assignment; lexical score 0.44
1:9	7	days		6	ἡμέραις		global-review-known-rendering	safe	0.7748	approved	0				global known-rendering assignment; lexical score 0.62
1:9	9	Jesus		8	Ἰησοῦς		global-review-known-rendering	safe	0.7975	approved	0				global known-rendering assignment; lexical score 0.65
1:9	10	came		7	ἦλθεν		global-review-known-rendering	safe	0.6015	approved	0				global known-rendering assignment; lexical score 0.45
1:9	14	Galilee		12	Γαλιλαίας		global-review-known-rendering	safe	0.7771	approved	0				global known-rendering assignment; lexical score 0.63
1:9	20	John		19	Ἰωάνου		global-review-known-rendering	safe	0.8	approved	0				global known-rendering assignment; lexical score 0.65
1:9	22	the		16	τὸν		attached-word	safe	0.7	approved	0				Article of 'Jordan'
1:9	23	Jordan		17	Ἰορδάνην		global-review-known-rendering	safe	0.8	approved	0				global known-rendering assignment; lexical score 0.65
1:10	8	the		5	τοῦ		attached-word	safe	0.6723	approved	0				Article of 'water'
1:10	9	water		6	ὕδατος		global-review-known-rendering	safe	0.7723	approved	0				global known-rendering assignment; lexical score 0.62
1:10	11	saw		7	εἶδεν		global-review-known-rendering	safe	0.7478	approved	0				global known-rendering assignment; lexical score 0.60
1:10	12	the		9	τοὺς		attached-word	safe	0.7	approved	0				Article of 'heavens'
1:10	13	heavens		10	οὐρανοὺς		global-review-known-rendering	safe	0.8	approved	0				global known-rendering assignment; lexical score 0.65
1:10	17	the		12	τὸ		attached-word	safe	0.6964	approved	0				Article of 'Spirit'
1:10	18	Spirit		13	Πνεῦμα		global-review-known-rendering	safe	0.7964	approved	0				global known-rendering assignment; lexical score 0.65
1:10	22	him		18	αὐτόν		global-review-known-rendering	safe	0.7819	approved	0				global known-rendering assignment; lexical score 0.63
1:11	2	a				expands	supplied-indefinite-article	safe	0.7845	approved	0				indefinite article; rests on 'voice' → 'φωνὴ'
1:11	3	voice		2	φωνὴ		global-review-known-rendering	safe	0.7845	approved	0				global known-rendering assignment; lexical score 0.63
1:11	7	heaven		6	οὐρανῶν		global-review-known-rendering	safe	0.7891	approved	0				global known-rendering assignment; lexical score 0.64
1:11	10	my		11	μου		global-review-known-rendering	safe	0.7666	approved	0				global known-rendering assignment; lexical score 0.62
1:11	11	dearly		13	ἀγαπητός		global-review-known-rendering	safe	0.575	approved	0				global known-rendering assignment; lexical score 0.43
1:11	13	Son		10	Υἱός		global-review-known-rendering	safe	0.7729	approved	0				global known-rendering assignment; lexical score 0.62
1:11	17	am		8	εἶ		global-review-known-rendering	safe	0.7904	approved	0				global known-rendering assignment; lexical score 0.64
1:12	4	the		3	τὸ		attached-word	safe	0.6964	approved	0				Article of 'Spirit'
1:12	5	Spirit		4	Πνεῦμα		global-review-known-rendering	safe	0.7964	approved	0				global known-rendering assignment; lexical score 0.65
1:12	7	him		5	αὐτὸν		global-review-known-rendering	safe	0.7819	approved	0				global known-rendering assignment; lexical score 0.63
1:12	9	into		7	εἰς		global-review-known-rendering	safe	0.7717	approved	0				global known-rendering assignment; lexical score 0.62
1:13	9	forty		6	τεσσεράκοντα		global-review-known-rendering	safe	0.7679	approved	0				global known-rendering assignment; lexical score 0.62
1:13	10	days		7	ἡμέρας		global-review-known-rendering	safe	0.7748	approved	0				global known-rendering assignment; lexical score 0.62
1:13	12	tested		8	πειραζόμενος		global-review-known-rendering	safe	0.665	approved	0				global known-rendering assignment; lexical score 0.52
1:13	14	Satan		11	Σατανᾶ		global-review-known-rendering	safe	0.8	approved	0				global known-rendering assignment; lexical score 0.65
1:13	22	the		18	οἱ		attached-word	safe	0.6889	approved	0				Article of 'angels'
1:13	23	angels		19	ἄγγελοι		global-review-known-rendering	safe	0.7889	approved	0				global known-rendering assignment; lexical score 0.64
1:13	27	him		21	αὐτῷ		global-review-known-rendering	safe	0.7819	approved	0				global known-rendering assignment; lexical score 0.63
1:14	3	John		6	Ἰωάνην		global-review-known-rendering	safe	0.8	approved	0				global known-rendering assignment; lexical score 0.65
1:14	9	Jesus		9	Ἰησοῦς		global-review-known-rendering	safe	0.7975	approved	0				global known-rendering assignment; lexical score 0.65
1:14	10	came		7	ἦλθεν		global-review-known-rendering	safe	0.6015	approved	0				global known-rendering assignment; lexical score 0.45
1:14	11	into		10	εἰς		global-review-known-rendering	safe	0.7717	approved	0				global known-rendering assignment; lexical score 0.62
1:14	12	Galilee		12	Γαλιλαίαν		global-review-known-rendering	safe	0.7771	approved	0				global known-rendering assignment; lexical score 0.63
1:14	18	God		17	Θεοῦ		global-review-known-rendering	safe	0.7935	approved	0				global known-rendering assignment; lexical score 0.64
1:15	2	saying		2	λέγων		global-review-known-rendering	safe	0.7561	approved	0				global known-rendering assignment; lexical score 0.61
1:15	8	the		9	ἡ		attached-word	safe	0.7	approved	0				Article of 'kingdom'
1:15	9	kingdom		10	βασιλεία		global-review-known-rendering	safe	0.8	approved	0				global known-rendering assignment; lexical score 0.65
1:15	11	God		12	Θεοῦ		global-review-known-rendering	safe	0.7935	approved	0				global known-rendering assignment; lexical score 0.64
1:15	13	near		8	ἤγγικεν		global-review-known-rendering	safe	0.5868	approved	0				global known-rendering assignment; lexical score 0.44
1:16	4	the		4	τὴν		attached-word	safe	0.6894	approved	0				Article of 'sea'
1:16	5	sea		5	θάλασσαν		global-review-known-rendering	safe	0.7894	approved	0				global known-rendering assignment; lexical score 0.64
1:16	7	Galilee		7	Γαλιλαίας		global-review-known-rendering	safe	0.7771	approved	0				global known-rendering assignment; lexical score 0.63
1:16	9	saw		8	εἶδεν		global-review-known-rendering	safe	0.7478	approved	0				global known-rendering assignment; lexical score 0.60
1:16	10	Simon		9	Σίμωνα		global-review-known-rendering	safe	0.7932	approved	0				global known-rendering assignment; lexical score 0.64
1:16	12	Andrew		11	Ἀνδρέαν		global-review-known-rendering	safe	0.8	approved	0				global known-rendering assignment; lexical score 0.65
1:16	13	the		12	τὸν		attached-word	safe	0.7	approved	0				Article of 'brother'
1:16	14	brother		13	ἀδελφὸν		global-review-known-rendering	safe	0.8	approved	0				global known-rendering assignment; lexical score 0.65
1:16	16	Simon		14	Σίμωνος		global-review-known-rendering	safe	0.7932	approved	0				global known-rendering assignment; lexical score 0.64
1:16	21	the		17	τῇ		attached-word	safe	0.6894	approved	0				Article of 'sea'
1:16	22	sea		18	θαλάσσῃ		global-review-known-rendering	safe	0.7894	approved	0				global known-rendering assignment; lexical score 0.64
1:17	2	Jesus		5	Ἰησοῦς		global-review-known-rendering	safe	0.7975	approved	0				global known-rendering assignment; lexical score 0.65
1:17	3	said		2	εἶπεν		global-review-known-rendering	safe	0.7692	approved	0				global known-rendering assignment; lexical score 0.62
1:17	5	them		3	αὐτοῖς		global-review-known-rendering	safe	0.7386	approved	0				global known-rendering assignment; lexical score 0.59
1:17	8	me		8	μου		global-review-known-rendering	safe	0.7921	approved	0				global known-rendering assignment; lexical score 0.64
1:17	12	make		10	ποιήσω		global-review-known-rendering	safe	0.6615	approved	0				global known-rendering assignment; lexical score 0.51
1:17	16	men		14	ἀνθρώπων		global-review-known-rendering	safe	0.6235	approved	0				global known-rendering assignment; lexical score 0.47
1:18	7	nets		5	δίκτυα		global-review-known-rendering	safe	0.8	approved	0				global known-rendering assignment; lexical score 0.65
1:18	11	him		7	αὐτῷ		global-review-known-rendering	safe	0.7819	approved	0				global known-rendering assignment; lexical score 0.63
1:19	8	saw		4	εἶδεν		global-review-known-rendering	safe	0.7478	approved	0				global known-rendering assignment; lexical score 0.60
1:19	9	James		5	Ἰάκωβον		global-review-known-rendering	safe	0.8	approved	0				global known-rendering assignment; lexical score 0.65
1:19	13	Zebedee		8	Ζεβεδαίου		global-review-known-rendering	safe	0.8	approved	0				global known-rendering assignment; lexical score 0.65
1:19	15	John		10	Ἰωάνην		global-review-known-rendering	safe	0.8	approved	0				global known-rendering assignment; lexical score 0.65
1:19	16	his		13	αὐτοῦ		global-review-known-rendering	safe	0.7891	approved	0				global known-rendering assignment; lexical score 0.64
1:19	17	brother		12	ἀδελφὸν		global-review-known-rendering	safe	0.8	approved	0				global known-rendering assignment; lexical score 0.65
1:19	26	nets		21	δίκτυα		global-review-known-rendering	safe	0.8	approved	0				global known-rendering assignment; lexical score 0.65
1:20	12	their		9	αὐτῶν		global-review-known-rendering	safe	0.7836	approved	0				global known-rendering assignment; lexical score 0.63
1:20	13	father		8	πατέρα		global-review-known-rendering	safe	0.7987	approved	0				global known-rendering assignment; lexical score 0.65
1:20	14	Zebedee		10	Ζεβεδαῖον		global-review-known-rendering	safe	0.8	approved	0				global known-rendering assignment; lexical score 0.65
1:20	26	him		19	αὐτοῦ		global-review-known-rendering	safe	0.7819	approved	0				global known-rendering assignment; lexical score 0.63
1:21	5	Capernaum		4	Καφαρναούμ		global-review-known-rendering	safe	0.8	approved	0				global known-rendering assignment; lexical score 0.65
1:21	8	the		7	τοῖς		attached-word	safe	0.682	approved	0				Article of 'Sabbath'
1:21	9	Sabbath		8	σάββασιν		global-review-known-rendering	safe	0.782	approved	0				global known-rendering assignment; lexical score 0.63
1:21	12	into		10	εἰς		global-review-known-rendering	safe	0.7717	approved	0				global known-rendering assignment; lexical score 0.62
1:21	13	the		11	τὴν		attached-word	safe	0.5846	approved	0				Article of 'Synagogue'
1:21	14	Synagogue		12	συναγωγὴν		global-review-known-rendering	safe	0.6846	approved	0				global known-rendering assignment; lexical score 0.53
1:21	17	teaching		13	ἐδίδασκεν		global-review-known-rendering	safe	0.7609	approved	0				global known-rendering assignment; lexical score 0.61
1:22	8	his		6	αὐτοῦ		global-review-known-rendering	safe	0.7891	approved	0				global known-rendering assignment; lexical score 0.64
1:22	9	teaching		9	διδάσκων		global-review-known-rendering	safe	0.7609	approved	0				global known-rendering assignment; lexical score 0.61
1:22	16	having		13	ἔχων		global-review-known-rendering	safe	0.7845	approved	0				global known-rendering assignment; lexical score 0.63
1:22	17	authority		12	ἐξουσίαν		global-review-known-rendering	safe	0.7274	approved	0				global known-rendering assignment; lexical score 0.58
1:22	19	not		15	οὐχ		global-review-known-rendering	safe	0.6286	approved	0				global known-rendering assignment; lexical score 0.48
1:22	21	the		17	οἱ		attached-word	safe	0.7	approved	0				Article of 'scribes'
1:22	22	scribes		18	γραμματεῖς		global-review-known-rendering	safe	0.8	approved	0				global known-rendering assignment; lexical score 0.65
1:23	5	their		7	αὐτῶν		global-review-known-rendering	safe	0.7836	approved	0				global known-rendering assignment; lexical score 0.63
1:23	6	Synagogue		6	συναγωγῇ		global-review-known-rendering	safe	0.6846	approved	0				global known-rendering assignment; lexical score 0.53
1:23	10	an				expands	supplied-indefinite-article	safe	0.7357	approved	0				indefinite article; rests on 'unclean' → 'ἀκαθάρτῳ'
1:23	11	unclean		11	ἀκαθάρτῳ		global-review-known-rendering	safe	0.7357	approved	0				global known-rendering assignment; lexical score 0.59
1:23	12	spirit		10	πνεύματι		global-review-known-rendering	safe	0.7964	approved	0				global known-rendering assignment; lexical score 0.65
1:24	1	Saying		1	λέγων		global-review-known-rendering	safe	0.7561	approved	0				global known-rendering assignment; lexical score 0.61
1:24	2	What		2	Τί		global-review-known-rendering	safe	0.6815	approved	0				global known-rendering assignment; lexical score 0.53
1:24	9	Jesus		6	Ἰησοῦ		global-review-known-rendering	safe	0.7975	approved	0				global known-rendering assignment; lexical score 0.65
1:24	14	come		8	ἦλθες		global-review-known-rendering	safe	0.6116	approved	0				global known-rendering assignment; lexical score 0.46
1:24	20	us		10	ἡμᾶς		global-review-known-rendering	safe	0.7978	approved	0				global known-rendering assignment; lexical score 0.65
1:24	26	are		14	εἶ		global-review-known-rendering	safe	0.7848	approved	0				global known-rendering assignment; lexical score 0.63
1:24	27	the		15	ὁ		attached-word	safe	0.6831	approved	0				Article of 'Holy'
1:24	28	Holy		16	Ἅγιος		global-review-known-rendering	safe	0.7831	approved	0				global known-rendering assignment; lexical score 0.63
1:24	31	God		18	Θεοῦ		global-review-known-rendering	safe	0.7935	approved	0				global known-rendering assignment; lexical score 0.64
1:25	2	Jesus		5	Ἰησοῦς		global-review-known-rendering	safe	0.7975	approved	0				global known-rendering assignment; lexical score 0.65
1:25	5	him		3	αὐτῷ		global-review-known-rendering	safe	0.7819	approved	0				global known-rendering assignment; lexical score 0.63
1:25	13	him		10	αὐτοῦ		global-review-known-rendering	safe	0.7819	approved	0				global known-rendering assignment; lexical score 0.63
1:26	2	the		4	τὸ		attached-word	safe	0.6964	approved	0				Article of 'unclean'
1:26	3	unclean		7	ἀκάθαρτον		global-review-known-rendering	safe	0.7357	approved	0				global known-rendering assignment; lexical score 0.59
1:26	4	spirit		5	πνεῦμα		global-review-known-rendering	safe	0.7964	approved	0				global known-rendering assignment; lexical score 0.65
1:26	6	him		3	αὐτὸν		global-review-known-rendering	safe	0.7819	approved	0				global known-rendering assignment; lexical score 0.63
1:26	11	a				expands	supplied-indefinite-article	safe	0.8	approved	0				indefinite article; rests on 'loud' → 'μεγάλῃ'
1:26	12	loud		11	μεγάλῃ		global-review-known-rendering	safe	0.8	approved	0				global known-rendering assignment; lexical score 0.65
1:26	13	voice		10	φωνῇ		global-review-known-rendering	safe	0.7845	approved	0				global known-rendering assignment; lexical score 0.63
1:26	17	him		14	αὐτοῦ		global-review-known-rendering	safe	0.7819	approved	0				global known-rendering assignment; lexical score 0.63
1:27	15	saying		7	λέγοντας		global-review-known-rendering	safe	0.7561	approved	0				global known-rendering assignment; lexical score 0.61
1:27	16	What		8	Τί		global-review-known-rendering	safe	0.6815	approved	0				global known-rendering assignment; lexical score 0.53
1:27	18	this		10	τοῦτο		global-review-known-rendering	safe	0.7776	approved	0				global known-rendering assignment; lexical score 0.63
1:27	19	a				expands	supplied-indefinite-article	safe	0.6579	approved	0				indefinite article; rests on 'new' → 'καινή'
1:27	20	new		12	καινή		global-review-known-rendering	safe	0.6579	approved	0				global known-rendering assignment; lexical score 0.51
1:27	23	authority		14	ἐξουσίαν		global-review-known-rendering	safe	0.7274	approved	0				global known-rendering assignment; lexical score 0.58
1:27	27	even		15	καὶ		global-review-known-rendering	safe	0.7217	approved	0				global known-rendering assignment; lexical score 0.57
1:27	29	the		16	τοῖς		attached-word	safe	0.7	approved	0				Article of 'unclean'
1:27	30	unclean		19	ἀκαθάρτοις		global-review-known-rendering	safe	0.7357	approved	0				global known-rendering assignment; lexical score 0.59
1:27	31	spirits		17	πνεύμασι		global-review-known-rendering	safe	0.8	approved	0				global known-rendering assignment; lexical score 0.65
1:28	4	him		5	αὐτοῦ		global-review-known-rendering	safe	0.7819	approved	0				global known-rendering assignment; lexical score 0.63
1:28	8	everywhere		7	πανταχοῦ		global-review-known-rendering	safe	0.65	approved	0				global known-rendering assignment; lexical score 0.50
1:28	9	into		8	εἰς		global-review-known-rendering	safe	0.7717	approved	0				global known-rendering assignment; lexical score 0.62
1:28	13	Galilee		13	Γαλιλαίας		global-review-known-rendering	safe	0.7771	approved	0				global known-rendering assignment; lexical score 0.63
1:29	4	came		7	ἦλθον		global-review-known-rendering	safe	0.6015	approved	0				global known-rendering assignment; lexical score 0.45
1:29	7	the		4	τῆς		attached-word	safe	0.5846	approved	0				Article of 'Synagogue'
1:29	8	Synagogue		5	συναγωγῆς		global-review-known-rendering	safe	0.6846	approved	0				global known-rendering assignment; lexical score 0.53
1:29	11	into		8	εἰς		global-review-known-rendering	safe	0.7717	approved	0				global known-rendering assignment; lexical score 0.62
1:29	15	Simon		11	Σίμωνος		global-review-known-rendering	safe	0.7932	approved	0				global known-rendering assignment; lexical score 0.64
1:29	17	Andrew		13	Ἀνδρέου		global-review-known-rendering	safe	0.8	approved	0				global known-rendering assignment; lexical score 0.65
1:29	19	James		15	Ἰακώβου		global-review-known-rendering	safe	0.8	approved	0				global known-rendering assignment; lexical score 0.65
1:29	21	John		17	Ἰωάνου		global-review-known-rendering	safe	0.8	approved	0				global known-rendering assignment; lexical score 0.65
1:30	2	Simon's		4	Σίμωνος		global-review-known-rendering	safe	0.8	approved	0				global known-rendering assignment; lexical score 0.65
1:30	14	him		10	αὐτῷ		global-review-known-rendering	safe	0.7819	approved	0				global known-rendering assignment; lexical score 0.63
1:30	17	her		12	αὐτῆς		global-review-known-rendering	safe	0.7897	approved	0				global known-rendering assignment; lexical score 0.64
1:31	6	her		4	αὐτὴν		global-review-known-rendering	safe	0.7897	approved	0				global known-rendering assignment; lexical score 0.64
1:31	8	the		6	τῆς		attached-word	safe	0.4892	approved	0				Article of 'hand'
1:31	9	hand		7	χειρός		global-review-known-rendering	safe	0.5892	approved	0				global known-rendering assignment; lexical score 0.44
1:32	3	the				expands	supplied-article	safe	0.6714	approved	0				article the original does not write; rests on 'evening' → 'Ὀψίας'
1:32	4	evening		1	Ὀψίας		global-review-known-rendering	safe	0.6714	approved	0				global known-rendering assignment; lexical score 0.52
1:32	10	him		10	αὐτὸν		global-review-known-rendering	safe	0.7819	approved	0				global known-rendering assignment; lexical score 0.63
1:32	11	all		11	πάντας		global-review-known-rendering	safe	0.7307	approved	0				global known-rendering assignment; lexical score 0.58
1:32	18	had		14	ἔχοντας		global-review-known-rendering	safe	0.6971	approved	0				global known-rendering assignment; lexical score 0.55
1:33	9	the		8	τὴν		attached-word	safe	0.669	approved	0				Article of 'door'
1:33	10	door		9	θύραν		global-review-known-rendering	safe	0.769	approved	0				global known-rendering assignment; lexical score 0.62
1:34	9	diseases		7	νόσοις		global-review-known-rendering	safe	0.71	approved	0				global known-rendering assignment; lexical score 0.56
1:34	21	not		13	οὐκ		global-review-known-rendering	safe	0.6286	approved	0				global known-rendering assignment; lexical score 0.48
1:34	22	let		14	ἤφιεν		global-review-known-rendering	safe	0.6269	approved	0				global known-rendering assignment; lexical score 0.48
1:34	28	because		18	ὅτι		global-review-known-rendering	safe	0.6762	approved	0				global known-rendering assignment; lexical score 0.53
1:34	30	had		5	ἔχοντας		global-review-known-rendering	safe	0.6971	approved	0				global known-rendering assignment; lexical score 0.55
1:34	33	him		20	αὐτόν		global-review-known-rendering	safe	0.7819	approved	0				global known-rendering assignment; lexical score 0.63
1:35	19	place		11	τόπον		global-review-known-rendering	safe	0.6875	approved	0				global known-rendering assignment; lexical score 0.54
1:36	2	Simon		4	Σίμων		global-review-known-rendering	safe	0.7932	approved	0				global known-rendering assignment; lexical score 0.64
1:36	8	him		3	αὐτὸν		global-review-known-rendering	safe	0.7819	approved	0				global known-rendering assignment; lexical score 0.63
1:36	11	him		8	αὐτοῦ		global-review-known-rendering	safe	0.7819	approved	0				global known-rendering assignment; lexical score 0.63
1:37	7	him		3	αὐτὸν		global-review-known-rendering	safe	0.7819	approved	0				global known-rendering assignment; lexical score 0.63
1:37	9	said		5	λέγουσιν		global-review-known-rendering	safe	0.7692	approved	0				global known-rendering assignment; lexical score 0.62
1:37	11	him		6	αὐτῷ		global-review-known-rendering	safe	0.7819	approved	0				global known-rendering assignment; lexical score 0.63
1:37	12	Everyone		8	Πάντες		global-review-known-rendering	safe	0.7021	approved	0				global known-rendering assignment; lexical score 0.55
1:38	3	said		2	λέγει		global-review-known-rendering	safe	0.7692	approved	0				global known-rendering assignment; lexical score 0.62
1:38	5	them		3	αὐτοῖς		global-review-known-rendering	safe	0.7386	approved	0				global known-rendering assignment; lexical score 0.59
1:38	12	into		6	εἰς		global-review-known-rendering	safe	0.7717	approved	0				global known-rendering assignment; lexical score 0.62
1:38	22	there		12	ἐκεῖ		global-review-known-rendering	safe	0.7024	approved	0				global known-rendering assignment; lexical score 0.55
1:38	25	this		15	τοῦτο		global-review-known-rendering	safe	0.7776	approved	0				global known-rendering assignment; lexical score 0.63
1:39	4	into		4	εἰς		global-review-known-rendering	safe	0.7717	approved	0				global known-rendering assignment; lexical score 0.62
1:39	5	their		7	αὐτῶν		global-review-known-rendering	safe	0.7836	approved	0				global known-rendering assignment; lexical score 0.63
1:39	6	Synagogues		6	συναγωγὰς		global-review-known-rendering	safe	0.7795	approved	0				global known-rendering assignment; lexical score 0.63
1:39	11	Galilee		11	Γαλιλαίαν		global-review-known-rendering	safe	0.7771	approved	0				global known-rendering assignment; lexical score 0.63
1:40	4	came		2	ἔρχεται		global-review-known-rendering	safe	0.6015	approved	0				global known-rendering assignment; lexical score 0.45
1:40	6	him		4	αὐτὸν		global-review-known-rendering	safe	0.7819	approved	0				global known-rendering assignment; lexical score 0.63
1:40	14	him		7	αὐτὸν		global-review-known-rendering	safe	0.7819	approved	0				global known-rendering assignment; lexical score 0.63
1:40	18	saying		10	λέγων		global-review-known-rendering	safe	0.7561	approved	0				global known-rendering assignment; lexical score 0.61
1:40	30	me		16	με		global-review-known-rendering	safe	0.7921	approved	0				global known-rendering assignment; lexical score 0.64
1:41	9	his		6	αὐτοῦ		global-review-known-rendering	safe	0.7891	approved	0				global known-rendering assignment; lexical score 0.64
1:41	10	hand		5	χεῖρα		global-review-known-rendering	safe	0.5892	approved	0				global known-rendering assignment; lexical score 0.44
1:41	14	said		9	λέγει		global-review-known-rendering	safe	0.7692	approved	0				global known-rendering assignment; lexical score 0.62
1:41	16	him		10	αὐτῷ		global-review-known-rendering	safe	0.7819	approved	0				global known-rendering assignment; lexical score 0.63
1:42	8	him		5	αὐτοῦ		global-review-known-rendering	safe	0.7819	approved	0				global known-rendering assignment; lexical score 0.63
1:43	4	him		3	αὐτῷ		global-review-known-rendering	safe	0.7819	approved	0				global known-rendering assignment; lexical score 0.63
1:43	8	him		6	αὐτόν		global-review-known-rendering	safe	0.7819	approved	0				global known-rendering assignment; lexical score 0.63
1:44	1	See		4	Ὅρα		global-review-known-rendering	safe	0.6289	approved	0				global known-rendering assignment; lexical score 0.48
1:44	19	yourself		10	σεαυτὸν		global-review-known-rendering	safe	0.6364	approved	0				global known-rendering assignment; lexical score 0.49
1:44	29	Moses		22	Μωϋσῆς		global-review-known-rendering	safe	0.8	approved	0				global known-rendering assignment; lexical score 0.65
1:44	34	them		25	αὐτοῖς		global-review-known-rendering	safe	0.7386	approved	0				global known-rendering assignment; lexical score 0.59
1:45	10	an				expands	supplied-indefinite-article	safe	0.6269	approved	0				indefinite article; rests on 'account' → 'λόγον'
1:45	11	account		10	λόγον		global-review-known-rendering	safe	0.6269	approved	0				global known-rendering assignment; lexical score 0.48
1:45	20	longer		12	μηκέτι		global-review-known-rendering	safe	0.6071	approved	0				global known-rendering assignment; lexical score 0.46
1:45	21	able		14	δύνασθαι		global-review-known-rendering	safe	0.6432	approved	0				global known-rendering assignment; lexical score 0.49
1:45	25	into		16	εἰς		global-review-known-rendering	safe	0.7717	approved	0				global known-rendering assignment; lexical score 0.62
1:45	37	came		26	ἤρχοντο		global-review-known-rendering	safe	0.6015	approved	0				global known-rendering assignment; lexical score 0.45
1:45	39	him		28	αὐτὸν		global-review-known-rendering	safe	0.7819	approved	0				global known-rendering assignment; lexical score 0.63
2:1	5	into		4	εἰς		global-review-known-rendering	safe	0.7712	approved	0				global known-rendering assignment; lexical score 0.62
2:1	6	Capernaum		5	Καφαρναοὺμ		global-review-known-rendering	safe	0.8	approved	0				global known-rendering assignment; lexical score 0.65
2:1	7	again		3	πάλιν		global-review-known-rendering	safe	0.5725	approved	0				global known-rendering assignment; lexical score 0.42
2:1	10	days		7	ἡμερῶν		global-review-known-rendering	safe	0.7747	approved	0				global known-rendering assignment; lexical score 0.62
2:2	13	longer		5	μηκέτι		global-review-known-rendering	safe	0.6071	approved	0				global known-rendering assignment; lexical score 0.46
2:2	19	even		12	καὶ		global-review-known-rendering	safe	0.717	approved	0				global known-rendering assignment; lexical score 0.57
2:2	21	the		10	τὴν		attached-word	safe	0.669	approved	0				Article of 'door'
2:2	22	door		11	θύραν		global-review-known-rendering	safe	0.769	approved	0				global known-rendering assignment; lexical score 0.62
2:2	26	them		14	αὐτοῖς		global-review-known-rendering	safe	0.7382	approved	0				global known-rendering assignment; lexical score 0.59
2:3	2	four		9	τεσσάρων		global-review-known-rendering	safe	0.7526	approved	0				global known-rendering assignment; lexical score 0.60
2:3	4	came		2	ἔρχονται		global-review-known-rendering	safe	0.601	approved	0				global known-rendering assignment; lexical score 0.45
2:3	6	him		5	αὐτὸν		global-review-known-rendering	safe	0.7821	approved	0				global known-rendering assignment; lexical score 0.63
2:4	9	him		5	αὐτῷ		global-review-known-rendering	safe	0.7821	approved	0				global known-rendering assignment; lexical score 0.63
2:5	2	Jesus		4	Ἰησοῦς		global-review-known-rendering	safe	0.7975	approved	0				global known-rendering assignment; lexical score 0.65
2:5	4	their		7	αὐτῶν		global-review-known-rendering	safe	0.7837	approved	0				global known-rendering assignment; lexical score 0.63
2:5	5	faith		6	πίστιν		global-review-known-rendering	safe	0.7888	approved	0				global known-rendering assignment; lexical score 0.64
2:5	6	said		8	λέγει		global-review-known-rendering	safe	0.7691	approved	0				global known-rendering assignment; lexical score 0.62
2:5	14	your		13	σου		global-review-known-rendering	safe	0.7903	approved	0				global known-rendering assignment; lexical score 0.64
2:5	15	sins		15	ἁμαρτίαι		global-review-known-rendering	safe	0.7712	approved	0				global known-rendering assignment; lexical score 0.62
2:6	4	certain		3	τινες		global-review-known-rendering	safe	0.7752	approved	0				global known-rendering assignment; lexical score 0.63
2:6	6	the		4	τῶν		attached-word	safe	0.7	approved	0				Article of 'scribes'
2:6	7	scribes		5	γραμματέων		global-review-known-rendering	safe	0.8	approved	0				global known-rendering assignment; lexical score 0.65
2:6	9	there		6	ἐκεῖ		global-review-known-rendering	safe	0.6981	approved	0				global known-rendering assignment; lexical score 0.55
2:6	11	reasoning		9	διαλογιζόμενοι		global-review-known-rendering	safe	0.55	approved	0				global known-rendering assignment; lexical score 0.40
2:6	13	their		13	αὐτῶν		global-review-known-rendering	safe	0.7837	approved	0				global known-rendering assignment; lexical score 0.63
2:6	14	hearts		12	καρδίαις		global-review-known-rendering	safe	0.755	approved	0				global known-rendering assignment; lexical score 0.60
2:7	1	Why		1	Τί		global-review-known-rendering	safe	0.7674	approved	0				global known-rendering assignment; lexical score 0.62
2:7	3	this		2	οὗτος		global-review-known-rendering	safe	0.7776	approved	0				global known-rendering assignment; lexical score 0.63
2:7	21	God		14	Θεός		global-review-known-rendering	safe	0.7935	approved	0				global known-rendering assignment; lexical score 0.64
2:8	2	Jesus		5	Ἰησοῦς		global-review-known-rendering	safe	0.7975	approved	0				global known-rendering assignment; lexical score 0.65
2:8	6	his		8	αὐτοῦ		global-review-known-rendering	safe	0.7891	approved	0				global known-rendering assignment; lexical score 0.64
2:8	7	spirit		7	πνεύματι		global-review-known-rendering	safe	0.7964	approved	0				global known-rendering assignment; lexical score 0.65
2:8	11	said		14	λέγει		global-review-known-rendering	safe	0.7691	approved	0				global known-rendering assignment; lexical score 0.62
2:8	13	them		15	αὐτοῖς		global-review-known-rendering	safe	0.7382	approved	0				global known-rendering assignment; lexical score 0.59
2:8	14	Why		16	Τί		global-review-known-rendering	safe	0.7674	approved	0				global known-rendering assignment; lexical score 0.62
2:8	17	reasoning		18	διαλογίζεσθε		global-review-known-rendering	safe	0.55	approved	0				global known-rendering assignment; lexical score 0.40
2:8	19	these		17	ταῦτα		global-review-known-rendering	safe	0.7895	approved	0				global known-rendering assignment; lexical score 0.64
2:8	22	your		22	ὑμῶν		global-review-known-rendering	safe	0.7903	approved	0				global known-rendering assignment; lexical score 0.64
2:8	23	hearts		21	καρδίαις		global-review-known-rendering	safe	0.755	approved	0				global known-rendering assignment; lexical score 0.60
2:9	6	say		4	εἰπεῖν		global-review-known-rendering	safe	0.7337	approved	0				global known-rendering assignment; lexical score 0.58
2:9	17	your		8	σου		global-review-known-rendering	safe	0.7903	approved	0				global known-rendering assignment; lexical score 0.64
2:9	18	sins		10	ἁμαρτίαι		global-review-known-rendering	safe	0.7712	approved	0				global known-rendering assignment; lexical score 0.62
2:9	24	your		18	σου		global-review-known-rendering	safe	0.7903	approved	0				global known-rendering assignment; lexical score 0.64
2:10	8	the		7	ὁ		attached-word	safe	0.6742	approved	0				Article of 'Son'
2:10	9	Son		8	Υἱὸς		global-review-known-rendering	safe	0.7742	approved	0				global known-rendering assignment; lexical score 0.62
2:10	13	authority		5	ἐξουσίαν		global-review-known-rendering	safe	0.7318	approved	0				global known-rendering assignment; lexical score 0.58
2:10	18	sins		12	ἁμαρτίας		global-review-known-rendering	safe	0.7712	approved	0				global known-rendering assignment; lexical score 0.62
2:10	20	earth		15	γῆς		global-review-known-rendering	safe	0.7906	approved	0				global known-rendering assignment; lexical score 0.64
2:10	22	said		16	λέγει		global-review-known-rendering	safe	0.7691	approved	0				global known-rendering assignment; lexical score 0.62
2:11	2	say		2	λέγω		global-review-known-rendering	safe	0.7337	approved	0				global known-rendering assignment; lexical score 0.58
2:11	9	your		7	σου		global-review-known-rendering	safe	0.7903	approved	0				global known-rendering assignment; lexical score 0.64
2:11	14	your		13	σου		global-review-known-rendering	safe	0.7903	approved	0				global known-rendering assignment; lexical score 0.64
2:12	17	all		10	πάντων		global-review-known-rendering	safe	0.7296	approved	0				global known-rendering assignment; lexical score 0.58
2:12	18	so		20	Οὕτως		global-review-known-rendering	safe	0.6682	approved	0				global known-rendering assignment; lexical score 0.52
2:12	22	all		13	πάντας		global-review-known-rendering	safe	0.7296	approved	0				global known-rendering assignment; lexical score 0.58
2:12	30	God		17	Θεὸν		global-review-known-rendering	safe	0.7935	approved	0				global known-rendering assignment; lexical score 0.64
2:12	31	saying		18	λέγοντας		global-review-known-rendering	safe	0.7565	approved	0				global known-rendering assignment; lexical score 0.61
2:12	35	seen		22	εἴδαμεν		global-review-known-rendering	safe	0.6436	approved	0				global known-rendering assignment; lexical score 0.49
2:13	5	again		3	πάλιν		global-review-known-rendering	safe	0.5725	approved	0				global known-rendering assignment; lexical score 0.42
2:13	10	all		8	πᾶς		global-review-known-rendering	safe	0.7296	approved	0				global known-rendering assignment; lexical score 0.58
2:13	13	came		11	ἤρχετο		global-review-known-rendering	safe	0.601	approved	0				global known-rendering assignment; lexical score 0.45
2:13	15	him		13	αὐτόν		global-review-known-rendering	safe	0.7821	approved	0				global known-rendering assignment; lexical score 0.63
2:13	19	them		16	αὐτούς		global-review-known-rendering	safe	0.7382	approved	0				global known-rendering assignment; lexical score 0.59
2:13	20	teaching		15	ἐδίδασκεν		global-review-known-rendering	safe	0.7609	approved	0				global known-rendering assignment; lexical score 0.61
2:14	7	saw		3	εἶδεν		global-review-known-rendering	safe	0.7476	approved	0				global known-rendering assignment; lexical score 0.60
2:14	12	Alphaeus		7	Ἀλφαίου		global-review-known-rendering	safe	0.8	approved	0				global known-rendering assignment; lexical score 0.65
2:14	23	said		13	λέγει		global-review-known-rendering	safe	0.7691	approved	0				global known-rendering assignment; lexical score 0.62
2:14	25	him		14	αὐτῷ		global-review-known-rendering	safe	0.7821	approved	0				global known-rendering assignment; lexical score 0.63
2:14	28	me		16	μοι		global-review-known-rendering	safe	0.7921	approved	0				global known-rendering assignment; lexical score 0.64
2:14	36	him		20	αὐτῷ		global-review-known-rendering	safe	0.7821	approved	0				global known-rendering assignment; lexical score 0.63
2:15	12	his		8	αὐτοῦ		global-review-known-rendering	safe	0.7891	approved	0				global known-rendering assignment; lexical score 0.64
2:15	20	sinners		13	ἁμαρτωλοὶ		global-review-known-rendering	safe	0.7839	approved	0				global known-rendering assignment; lexical score 0.63
2:15	25	Jesus		16	Ἰησοῦ		global-review-known-rendering	safe	0.7975	approved	0				global known-rendering assignment; lexical score 0.65
2:15	27	his		20	αὐτοῦ		global-review-known-rendering	safe	0.7891	approved	0				global known-rendering assignment; lexical score 0.64
2:15	28	disciples		19	μαθηταῖς		global-review-known-rendering	safe	0.8	approved	0				global known-rendering assignment; lexical score 0.65
2:15	41	him		26	αὐτῷ		global-review-known-rendering	safe	0.7821	approved	0				global known-rendering assignment; lexical score 0.63
2:16	2	the		2	οἱ		attached-word	safe	0.7	approved	0				Article of 'scribes'
2:16	3	scribes		3	γραμματεῖς		global-review-known-rendering	safe	0.8	approved	0				global known-rendering assignment; lexical score 0.65
2:16	5	the		4	τῶν		attached-word	safe	0.7	approved	0				Article of 'Pharisees'
2:16	6	Pharisees		5	Φαρισαίων		global-review-known-rendering	safe	0.8	approved	0				global known-rendering assignment; lexical score 0.65
2:16	9	saw		6	ἰδόντες		global-review-known-rendering	safe	0.7476	approved	0				global known-rendering assignment; lexical score 0.60
2:16	19	sinners		11	ἁμαρτωλῶν		global-review-known-rendering	safe	0.7839	approved	0				global known-rendering assignment; lexical score 0.63
2:16	20	said		14	ἔλεγον		global-review-known-rendering	safe	0.7691	approved	0				global known-rendering assignment; lexical score 0.62
2:16	22	his		17	αὐτοῦ		global-review-known-rendering	safe	0.7891	approved	0				global known-rendering assignment; lexical score 0.64
2:16	23	disciples		16	μαθηταῖς		global-review-known-rendering	safe	0.8	approved	0				global known-rendering assignment; lexical score 0.65
2:17	2	Jesus		4	Ἰησοῦς		global-review-known-rendering	safe	0.7975	approved	0				global known-rendering assignment; lexical score 0.65
2:17	5	said		5	λέγει		global-review-known-rendering	safe	0.7691	approved	0				global known-rendering assignment; lexical score 0.62
2:17	7	them		6	αὐτοῖς		global-review-known-rendering	safe	0.7382	approved	0				global known-rendering assignment; lexical score 0.59
2:17	12	have		9	ἔχουσιν		global-review-known-rendering	safe	0.7313	approved	0				global known-rendering assignment; lexical score 0.58
2:17	13	no		7	Οὐ		global-review-known-rendering	safe	0.6031	approved	0				global known-rendering assignment; lexical score 0.45
2:17	14	need		8	χρείαν		global-review-known-rendering	safe	0.625	approved	0				global known-rendering assignment; lexical score 0.48
2:17	26	come		18	ἦλθον		global-review-known-rendering	safe	0.6091	approved	0				global known-rendering assignment; lexical score 0.46
2:17	27	not		17	οὐκ		global-review-known-rendering	safe	0.6287	approved	0				global known-rendering assignment; lexical score 0.48
2:17	33	sinners		22	ἁμαρτωλούς		global-review-known-rendering	safe	0.7839	approved	0				global known-rendering assignment; lexical score 0.63
2:18	3	disciples		4	μαθηταὶ		global-review-known-rendering	safe	0.8	approved	0				global known-rendering assignment; lexical score 0.65
2:18	5	the		7	οἱ		attached-word	safe	0.7	approved	0				Article of 'Pharisees'
2:18	6	Pharisees		8	Φαρισαῖοι		global-review-known-rendering	safe	0.8	approved	0				global known-rendering assignment; lexical score 0.65
2:18	13	came		11	ἔρχονται		global-review-known-rendering	safe	0.601	approved	0				global known-rendering assignment; lexical score 0.45
2:18	15	said		13	λέγουσιν		global-review-known-rendering	safe	0.7691	approved	0				global known-rendering assignment; lexical score 0.62
2:18	17	him		14	αὐτῷ		global-review-known-rendering	safe	0.7821	approved	0				global known-rendering assignment; lexical score 0.63
2:18	18	Why		16	τί		global-review-known-rendering	safe	0.7674	approved	0				global known-rendering assignment; lexical score 0.62
2:18	21	disciples		18	μαθηταὶ		global-review-known-rendering	safe	0.8	approved	0				global known-rendering assignment; lexical score 0.65
2:18	23	the		21	οἱ		attached-word	safe	0.7	approved	0				Article of 'disciples'
2:18	24	disciples		22	μαθηταὶ		global-review-known-rendering	safe	0.8	approved	0				global known-rendering assignment; lexical score 0.65
2:18	26	the		23	τῶν		attached-word	safe	0.7	approved	0				Article of 'Pharisees'
2:18	27	Pharisees		24	Φαρισαίων		global-review-known-rendering	safe	0.8	approved	0				global known-rendering assignment; lexical score 0.65
2:18	33	disciples		29	μαθηταὶ		global-review-known-rendering	safe	0.8	approved	0				global known-rendering assignment; lexical score 0.65
2:18	35	not		30	οὐ		global-review-known-rendering	safe	0.6287	approved	0				global known-rendering assignment; lexical score 0.48
2:19	2	Jesus		5	Ἰησοῦς		global-review-known-rendering	safe	0.7975	approved	0				global known-rendering assignment; lexical score 0.65
2:19	3	said		2	εἶπεν		global-review-known-rendering	safe	0.7691	approved	0				global known-rendering assignment; lexical score 0.62
2:19	5	them		3	αὐτοῖς		global-review-known-rendering	safe	0.7382	approved	0				global known-rendering assignment; lexical score 0.59
2:19	20	them		17	αὐτῶν		global-review-known-rendering	safe	0.7382	approved	0				global known-rendering assignment; lexical score 0.59
2:19	25	have		22	ἔχουσιν		global-review-known-rendering	safe	0.7313	approved	0				global known-rendering assignment; lexical score 0.58
2:19	28	them		26	αὐτῶν		global-review-known-rendering	safe	0.7382	approved	0				global known-rendering assignment; lexical score 0.59
2:19	31	not		27	οὐ		global-review-known-rendering	safe	0.6287	approved	0				global known-rendering assignment; lexical score 0.48
2:20	2	the				expands	supplied-article	safe	0.7747	approved	0				article the original does not write; rests on 'days' → 'ἡμέραι'
2:20	3	days		3	ἡμέραι		global-review-known-rendering	safe	0.7747	approved	0				global known-rendering assignment; lexical score 0.62
2:20	5	come		1	ἐλεύσονται		global-review-known-rendering	safe	0.6091	approved	0				global known-rendering assignment; lexical score 0.46
2:20	14	them		7	αὐτῶν		global-review-known-rendering	safe	0.7382	approved	0				global known-rendering assignment; lexical score 0.59
2:21	14	the		17	τὸ		attached-word	safe	0.601	approved	0				Article of 'new'
2:21	15	new		18	καινὸν		global-review-known-rendering	safe	0.701	approved	0				global known-rendering assignment; lexical score 0.55
2:21	23	a				expands	supplied-indefinite-article	safe	0.6031	approved	0				indefinite article; rests on 'worse' → 'χεῖρον'
2:21	24	worse		22	χεῖρον		global-review-known-rendering	safe	0.6031	approved	0				global known-rendering assignment; lexical score 0.45
2:22	6	wine		4	οἶνον		global-review-known-rendering	safe	0.7437	approved	0				global known-rendering assignment; lexical score 0.59
2:22	7	into		6	εἰς		global-review-known-rendering	safe	0.7712	approved	0				global known-rendering assignment; lexical score 0.62
2:22	17	the		13	ὁ		attached-word	safe	0.6438	approved	0				Article of 'wine'
2:22	18	wine		14	οἶνος		global-review-known-rendering	safe	0.7437	approved	0				global known-rendering assignment; lexical score 0.59
2:22	20	the		18	ὁ		attached-word	safe	0.6438	approved	0				Article of 'wine'
2:22	21	wine		19	οἶνος		global-review-known-rendering	safe	0.7437	approved	0				global known-rendering assignment; lexical score 0.59
2:22	30	wine		25	οἶνον		global-review-known-rendering	safe	0.7437	approved	0				global known-rendering assignment; lexical score 0.59
2:22	35	into		27	εἰς		global-review-known-rendering	safe	0.7712	approved	0				global known-rendering assignment; lexical score 0.62
2:23	7	the		5	τοῖς		attached-word	safe	0.6786	approved	0				Article of 'Sabbath'
2:23	8	Sabbath		6	σάββασιν		global-review-known-rendering	safe	0.7786	approved	0				global known-rendering assignment; lexical score 0.63
2:23	13	through		8	διὰ		global-review-known-rendering	safe	0.6056	approved	0				global known-rendering assignment; lexical score 0.46
2:23	21	his		14	αὐτοῦ		global-review-known-rendering	safe	0.7891	approved	0				global known-rendering assignment; lexical score 0.64
2:23	22	disciples		13	μαθηταὶ		global-review-known-rendering	safe	0.8	approved	0				global known-rendering assignment; lexical score 0.65
2:24	2	the		2	οἱ		attached-word	safe	0.7	approved	0				Article of 'Pharisees'
2:24	3	Pharisees		3	Φαρισαῖοι		global-review-known-rendering	safe	0.8	approved	0				global known-rendering assignment; lexical score 0.65
2:24	4	said		4	ἔλεγον		global-review-known-rendering	safe	0.7691	approved	0				global known-rendering assignment; lexical score 0.62
2:24	6	him		5	αὐτῷ		global-review-known-rendering	safe	0.7821	approved	0				global known-rendering assignment; lexical score 0.63
2:24	7	Why		7	τί		global-review-known-rendering	safe	0.7674	approved	0				global known-rendering assignment; lexical score 0.62
2:24	14	not		12	οὐκ		global-review-known-rendering	safe	0.6287	approved	0				global known-rendering assignment; lexical score 0.48
2:24	17	do		8	ποιοῦσιν		global-review-known-rendering	safe	0.7279	approved	0				global known-rendering assignment; lexical score 0.58
2:24	19	the		9	τοῖς		attached-word	safe	0.6786	approved	0				Article of 'Sabbath'
2:24	20	Sabbath		10	σάββασιν		global-review-known-rendering	safe	0.7786	approved	0				global known-rendering assignment; lexical score 0.63
2:25	3	said		2	λέγει		global-review-known-rendering	safe	0.7691	approved	0				global known-rendering assignment; lexical score 0.62
2:25	5	them		3	αὐτοῖς		global-review-known-rendering	safe	0.7382	approved	0				global known-rendering assignment; lexical score 0.59
2:25	6	Have		11	ἔσχεν		global-review-known-rendering	safe	0.7313	approved	0				global known-rendering assignment; lexical score 0.58
2:25	11	what		6	τί		global-review-known-rendering	safe	0.6815	approved	0				global known-rendering assignment; lexical score 0.53
2:25	12	David		8	Δαυείδ		global-review-known-rendering	safe	0.8	approved	0				global known-rendering assignment; lexical score 0.65
2:25	13	did		7	ἐποίησεν		global-review-known-rendering	safe	0.775	approved	0				global known-rendering assignment; lexical score 0.62
2:25	17	need		10	χρείαν		global-review-known-rendering	safe	0.625	approved	0				global known-rendering assignment; lexical score 0.48
2:25	28	him		18	αὐτοῦ		global-review-known-rendering	safe	0.7821	approved	0				global known-rendering assignment; lexical score 0.63
2:26	1	How		1	πῶς		global-review-known-rendering	safe	0.6542	approved	0				global known-rendering assignment; lexical score 0.50
2:26	4	into		3	εἰς		global-review-known-rendering	safe	0.7712	approved	0				global known-rendering assignment; lexical score 0.62
2:26	8	God		7	Θεοῦ		global-review-known-rendering	safe	0.7935	approved	0				global known-rendering assignment; lexical score 0.64
2:26	18	the		12	τοὺς		attached-word	safe	0.6586	approved	0				Article of 'holy'
2:26	20	bread		13	ἄρτους		global-review-known-rendering	safe	0.7586	approved	0				global known-rendering assignment; lexical score 0.61
2:26	23	the				expands	supplied-article	safe	0.7133	approved	0				article the original does not write; rests on 'priests' → 'ἀρχιερέως'
2:26	24	priests		10	ἀρχιερέως		global-review-known-rendering	safe	0.7133	approved	0				global known-rendering assignment; lexical score 0.56
2:26	28	gave		26	ἔδωκεν		global-review-known-rendering	safe	0.7365	approved	0				global known-rendering assignment; lexical score 0.59
2:26	35	him		30	αὐτῷ		global-review-known-rendering	safe	0.7821	approved	0				global known-rendering assignment; lexical score 0.63
2:27	3	said		2	ἔλεγεν		global-review-known-rendering	safe	0.7691	approved	0				global known-rendering assignment; lexical score 0.62
2:27	5	them		3	αὐτοῖς		global-review-known-rendering	safe	0.7382	approved	0				global known-rendering assignment; lexical score 0.59
2:27	6	The		4	Τὸ		attached-word	safe	0.6786	approved	0				Article of 'Sabbath'
2:27	7	Sabbath		5	σάββατον		global-review-known-rendering	safe	0.7786	approved	0				global known-rendering assignment; lexical score 0.63
2:27	13	not		11	οὐχ		global-review-known-rendering	safe	0.6287	approved	0				global known-rendering assignment; lexical score 0.48
2:27	16	the		15	τὸ		attached-word	safe	0.6786	approved	0				Article of 'Sabbath'
2:27	17	Sabbath		16	σάββατον		global-review-known-rendering	safe	0.7786	approved	0				global known-rendering assignment; lexical score 0.63
2:28	3	the		4	ὁ		attached-word	safe	0.6742	approved	0				Article of 'Son'
2:28	4	Son		5	Υἱὸς		global-review-known-rendering	safe	0.7742	approved	0				global known-rendering assignment; lexical score 0.62
2:28	8	lord		2	κύριός		global-review-known-rendering	safe	0.7953	approved	0				global known-rendering assignment; lexical score 0.65
2:28	9	even		8	καὶ		global-review-known-rendering	safe	0.717	approved	0				global known-rendering assignment; lexical score 0.57
2:28	11	the		9	τοῦ		attached-word	safe	0.6786	approved	0				Article of 'Sabbath'
2:28	12	Sabbath		10	σαββάτου		global-review-known-rendering	safe	0.7786	approved	0				global known-rendering assignment; lexical score 0.63
3:1	4	again		3	πάλιν		global-review-known-rendering	safe	0.5725	approved	0				global known-rendering assignment; lexical score 0.42
3:1	5	into		4	εἰς		global-review-known-rendering	safe	0.7713	approved	0				global known-rendering assignment; lexical score 0.62
3:1	6	the				expands	supplied-article	safe	0.6902	approved	0				article the original does not write; rests on 'Synagogue' → 'συναγωγήν'
3:1	7	Synagogue		5	συναγωγήν		global-review-known-rendering	safe	0.6902	approved	0				global known-rendering assignment; lexical score 0.54
3:1	9	there		8	ἐκεῖ		global-review-known-rendering	safe	0.6981	approved	0				global known-rendering assignment; lexical score 0.55
3:1	15	hand		13	χεῖρα		global-review-known-rendering	safe	0.585	approved	0				global known-rendering assignment; lexical score 0.44
3:2	5	him		3	αὐτὸν		global-review-known-rendering	safe	0.782	approved	0				global known-rendering assignment; lexical score 0.63
3:2	12	him		8	αὐτόν		global-review-known-rendering	safe	0.782	approved	0				global known-rendering assignment; lexical score 0.63
3:2	15	the		5	τοῖς		attached-word	safe	0.682	approved	0				Article of 'Sabbath'
3:2	16	Sabbath		6	σάββασιν		global-review-known-rendering	safe	0.782	approved	0				global known-rendering assignment; lexical score 0.63
3:2	25	him		11	αὐτοῦ		global-review-known-rendering	safe	0.782	approved	0				global known-rendering assignment; lexical score 0.63
3:3	3	said		2	λέγει		global-review-known-rendering	safe	0.7691	approved	0				global known-rendering assignment; lexical score 0.62
3:4	3	said		2	λέγει		global-review-known-rendering	safe	0.7691	approved	0				global known-rendering assignment; lexical score 0.62
3:4	5	them		3	αὐτοῖς		global-review-known-rendering	safe	0.7385	approved	0				global known-rendering assignment; lexical score 0.59
3:4	13	the		5	τοῖς		attached-word	safe	0.682	approved	0				Article of 'Sabbath'
3:4	14	Sabbath		6	σάββασιν		global-review-known-rendering	safe	0.782	approved	0				global known-rendering assignment; lexical score 0.63
3:4	17	do		8	ποιῆσαι		global-review-known-rendering	safe	0.7279	approved	0				global known-rendering assignment; lexical score 0.58
3:5	5	them		3	αὐτοὺς		global-review-known-rendering	safe	0.7385	approved	0				global known-rendering assignment; lexical score 0.59
3:5	13	their		12	αὐτῶν		global-review-known-rendering	safe	0.7838	approved	0				global known-rendering assignment; lexical score 0.63
3:5	15	hearts		11	καρδίας		global-review-known-rendering	safe	0.7557	approved	0				global known-rendering assignment; lexical score 0.61
3:5	18	said		13	λέγει		global-review-known-rendering	safe	0.7691	approved	0				global known-rendering assignment; lexical score 0.62
3:5	25	hand		18	χεῖρα		global-review-known-rendering	safe	0.585	approved	0				global known-rendering assignment; lexical score 0.44
3:5	32	his		25	αὐτοῦ		global-review-known-rendering	safe	0.789	approved	0				global known-rendering assignment; lexical score 0.64
3:5	33	hand		24	χεὶρ		global-review-known-rendering	safe	0.585	approved	0				global known-rendering assignment; lexical score 0.44
3:6	2	the		3	οἱ		attached-word	safe	0.7	approved	0				Article of 'Pharisees'
3:6	3	Pharisees		4	Φαρισαῖοι		global-review-known-rendering	safe	0.8	approved	0				global known-rendering assignment; lexical score 0.65
3:7	2	Jesus		3	Ἰησοῦς		global-review-known-rendering	safe	0.797	approved	0				global known-rendering assignment; lexical score 0.65
3:7	6	his		7	αὐτοῦ		global-review-known-rendering	safe	0.789	approved	0				global known-rendering assignment; lexical score 0.64
3:7	7	disciples		6	μαθητῶν		global-review-known-rendering	safe	0.8	approved	0				global known-rendering assignment; lexical score 0.65
3:7	9	the		10	τὴν		attached-word	safe	0.6895	approved	0				Article of 'sea'
3:7	10	sea		11	θάλασσαν		global-review-known-rendering	safe	0.7895	approved	0				global known-rendering assignment; lexical score 0.64
3:7	16	Galilee		17	Γαλιλαίας		global-review-known-rendering	safe	0.7786	approved	0				global known-rendering assignment; lexical score 0.63
3:7	22	Judaea		22	Ἰουδαίας		global-review-known-rendering	safe	0.789	approved	0				global known-rendering assignment; lexical score 0.64
3:8	12	Jordan		11	Ἰορδάνου		global-review-known-rendering	safe	0.8	approved	0				global known-rendering assignment; lexical score 0.65
3:8	17	Tyre		14	Τύρον		global-review-known-rendering	safe	0.7591	approved	0				global known-rendering assignment; lexical score 0.61
3:8	19	Sidon		16	Σιδῶνα		global-review-known-rendering	safe	0.75	approved	0				global known-rendering assignment; lexical score 0.60
3:8	28	did		21	ποιεῖ		global-review-known-rendering	safe	0.775	approved	0				global known-rendering assignment; lexical score 0.62
3:8	29	came		22	ἦλθον		global-review-known-rendering	safe	0.6012	approved	0				global known-rendering assignment; lexical score 0.45
3:8	31	him		24	αὐτόν		global-review-known-rendering	safe	0.782	approved	0				global known-rendering assignment; lexical score 0.63
3:9	7	his		5	αὐτοῦ		global-review-known-rendering	safe	0.789	approved	0				global known-rendering assignment; lexical score 0.64
3:9	8	disciples		4	μαθηταῖς		global-review-known-rendering	safe	0.8	approved	0				global known-rendering assignment; lexical score 0.65
3:9	16	him		9	αὐτῷ		global-review-known-rendering	safe	0.782	approved	0				global known-rendering assignment; lexical score 0.63
3:10	20	him		6	αὐτῷ		global-review-known-rendering	safe	0.782	approved	0				global known-rendering assignment; lexical score 0.63
3:10	26	him		8	αὐτοῦ		global-review-known-rendering	safe	0.782	approved	0				global known-rendering assignment; lexical score 0.63
3:11	2	the		2	τὰ		attached-word	safe	0.7	approved	0				Article of 'unclean'
3:11	3	unclean		5	ἀκάθαρτα		global-review-known-rendering	safe	0.7379	approved	0				global known-rendering assignment; lexical score 0.59
3:11	4	spirits		3	πνεύματα		global-review-known-rendering	safe	0.8	approved	0				global known-rendering assignment; lexical score 0.65
3:11	8	him		7	αὐτὸν		global-review-known-rendering	safe	0.782	approved	0				global known-rendering assignment; lexical score 0.63
3:11	12	him		10	αὐτῷ		global-review-known-rendering	safe	0.782	approved	0				global known-rendering assignment; lexical score 0.63
3:11	16	saying		13	λέγοντα		global-review-known-rendering	safe	0.7564	approved	0				global known-rendering assignment; lexical score 0.61
3:11	18	are		16	εἶ		global-review-known-rendering	safe	0.7848	approved	0				global known-rendering assignment; lexical score 0.63
3:11	19	the		17	ὁ		attached-word	safe	0.6729	approved	0				Article of 'Son'
3:11	20	Son		18	Υἱὸς		global-review-known-rendering	safe	0.7729	approved	0				global known-rendering assignment; lexical score 0.62
3:11	22	God		20	Θεοῦ		global-review-known-rendering	safe	0.7935	approved	0				global known-rendering assignment; lexical score 0.64
3:12	4	them		4	αὐτοῖς		global-review-known-rendering	safe	0.7385	approved	0				global known-rendering assignment; lexical score 0.59
3:13	5	into		3	εἰς		global-review-known-rendering	safe	0.7713	approved	0				global known-rendering assignment; lexical score 0.62
3:13	6	the		4	τὸ		attached-word	safe	0.7	approved	0				Article of 'mountain'
3:13	7	mountain		5	ὄρος		global-review-known-rendering	safe	0.8	approved	0				global known-rendering assignment; lexical score 0.65
3:13	12	whom		8	οὓς		global-review-known-rendering	safe	0.6937	approved	0				global known-rendering assignment; lexical score 0.54
3:13	20	him		10	αὐτός		global-review-known-rendering	safe	0.782	approved	0				global known-rendering assignment; lexical score 0.63
3:13	25	him		14	αὐτόν		global-review-known-rendering	safe	0.782	approved	0				global known-rendering assignment; lexical score 0.63
3:14	4	twelve		3	δώδεκα		global-review-known-rendering	safe	0.8	approved	0				global known-rendering assignment; lexical score 0.65
3:14	8	him		7	αὐτοῦ		global-review-known-rendering	safe	0.782	approved	0				global known-rendering assignment; lexical score 0.63
3:14	14	them		11	αὐτοὺς		global-review-known-rendering	safe	0.7385	approved	0				global known-rendering assignment; lexical score 0.59
3:16	2	Simon		9	Σίμωνι		global-review-known-rendering	safe	0.7934	approved	0				global known-rendering assignment; lexical score 0.64
3:16	7	name		7	ὄνομα		global-review-known-rendering	safe	0.7973	approved	0				global known-rendering assignment; lexical score 0.65
3:16	9	Peter		10	Πέτρον		global-review-known-rendering	safe	0.8	approved	0				global known-rendering assignment; lexical score 0.65
3:17	3	James		2	Ἰάκωβον		global-review-known-rendering	safe	0.8	approved	0				global known-rendering assignment; lexical score 0.65
3:17	4	the				expands	supplied-article	safe	0.7729	approved	0				article the original does not write; rests on 'son' → 'Υἱοὶ'
3:17	5	son		19	Υἱοὶ		global-review-known-rendering	safe	0.7729	approved	0				global known-rendering assignment; lexical score 0.62
3:17	7	Zebedee		5	Ζεβεδαίου		global-review-known-rendering	safe	0.8	approved	0				global known-rendering assignment; lexical score 0.65
3:17	9	John		7	Ἰωάνην		global-review-known-rendering	safe	0.8	approved	0				global known-rendering assignment; lexical score 0.65
3:17	10	the		8	τὸν		attached-word	safe	0.7	approved	0				Article of 'brother'
3:17	11	brother		9	ἀδελφὸν		global-review-known-rendering	safe	0.8	approved	0				global known-rendering assignment; lexical score 0.65
3:17	13	James		11	Ἰακώβου		global-review-known-rendering	safe	0.8	approved	0				global known-rendering assignment; lexical score 0.65
3:17	18	name		15	ὄνομα		global-review-known-rendering	safe	0.7973	approved	0				global known-rendering assignment; lexical score 0.65
3:18	2	Andrew		2	Ἀνδρέαν		global-review-known-rendering	safe	0.8	approved	0				global known-rendering assignment; lexical score 0.65
3:18	4	Philip		4	Φίλιππον		global-review-known-rendering	safe	0.8	approved	0				global known-rendering assignment; lexical score 0.65
3:18	8	Matthew		8	Μαθθαῖον		global-review-known-rendering	safe	0.8	approved	0				global known-rendering assignment; lexical score 0.65
3:18	10	Thomas		10	Θωμᾶν		global-review-known-rendering	safe	0.8	approved	0				global known-rendering assignment; lexical score 0.65
3:18	12	James		12	Ἰάκωβον		global-review-known-rendering	safe	0.8	approved	0				global known-rendering assignment; lexical score 0.65
3:18	16	Alphaeus		15	Ἁλφαίου		global-review-known-rendering	safe	0.8	approved	0				global known-rendering assignment; lexical score 0.65
3:18	20	Simon		19	Σίμωνα		global-review-known-rendering	safe	0.7934	approved	0				global known-rendering assignment; lexical score 0.64
3:19	2	Judas		2	Ἰούδαν		global-review-known-rendering	safe	0.8	approved	0				global known-rendering assignment; lexical score 0.65
3:19	3	Iscariot		3	Ἰσκαριώθ		global-review-known-rendering	safe	0.8	approved	0				global known-rendering assignment; lexical score 0.65
3:19	8	him		7	αὐτόν		global-review-known-rendering	safe	0.782	approved	0				global known-rendering assignment; lexical score 0.63
3:20	4	into		3	εἰς		global-review-known-rendering	safe	0.7713	approved	0				global known-rendering assignment; lexical score 0.62
3:20	10	came		2	ἔρχεται		global-review-known-rendering	safe	0.6012	approved	0				global known-rendering assignment; lexical score 0.45
3:20	12	again		7	πάλιν		global-review-known-rendering	safe	0.5725	approved	0				global known-rendering assignment; lexical score 0.42
3:20	18	even		5	καὶ		global-review-known-rendering	safe	0.717	approved	0				global known-rendering assignment; lexical score 0.57
3:20	19	able		12	δύνασθαι		global-review-known-rendering	safe	0.6432	approved	0				global known-rendering assignment; lexical score 0.49
3:20	22	bread		15	ἄρτον		global-review-known-rendering	safe	0.758	approved	0				global known-rendering assignment; lexical score 0.61
3:21	3	his		5	αὐτοῦ		global-review-known-rendering	safe	0.789	approved	0				global known-rendering assignment; lexical score 0.64
3:21	14	him		8	αὐτόν		global-review-known-rendering	safe	0.782	approved	0				global known-rendering assignment; lexical score 0.63
3:21	15	saying		9	ἔλεγον		global-review-known-rendering	safe	0.7564	approved	0				global known-rendering assignment; lexical score 0.61
3:22	2	the		2	οἱ		attached-word	safe	0.7	approved	0				Article of 'scribes'
3:22	3	scribes		3	γραμματεῖς		global-review-known-rendering	safe	0.8	approved	0				global known-rendering assignment; lexical score 0.65
3:22	9	said		8	ἔλεγον		global-review-known-rendering	safe	0.7691	approved	0				global known-rendering assignment; lexical score 0.62
3:22	12	Beelzebub		10	Βεελζεβοὺλ		global-review-known-rendering	safe	0.8	approved	0				global known-rendering assignment; lexical score 0.65
3:23	4	them		3	αὐτοὺς		global-review-known-rendering	safe	0.7385	approved	0				global known-rendering assignment; lexical score 0.59
3:23	6	said		6	ἔλεγεν		global-review-known-rendering	safe	0.7691	approved	0				global known-rendering assignment; lexical score 0.62
3:23	8	them		7	αὐτοῖς		global-review-known-rendering	safe	0.7385	approved	0				global known-rendering assignment; lexical score 0.59
3:23	15	How		8	Πῶς		global-review-known-rendering	safe	0.6564	approved	0				global known-rendering assignment; lexical score 0.51
3:23	20	Satan		10	Σατανᾶς		global-review-known-rendering	safe	0.8	approved	0				global known-rendering assignment; lexical score 0.65
3:23	24	Satan		11	Σατανᾶν		global-review-known-rendering	safe	0.8	approved	0				global known-rendering assignment; lexical score 0.65
3:24	6	a				expands	supplied-indefinite-article	safe	0.8	approved	0				indefinite article; rests on 'kingdom' → 'βασιλεία'
3:24	7	kingdom		3	βασιλεία		global-review-known-rendering	safe	0.8	approved	0				global known-rendering assignment; lexical score 0.65
3:24	9	kingdom		11	βασιλεία		global-review-known-rendering	safe	0.8	approved	0				global known-rendering assignment; lexical score 0.65
3:26	3	Satan		4	Σατανᾶς		global-review-known-rendering	safe	0.8	approved	0				global known-rendering assignment; lexical score 0.65
3:26	17	not		10	οὐ		global-review-known-rendering	safe	0.6291	approved	0				global known-rendering assignment; lexical score 0.48
3:26	25	an				expands	supplied-indefinite-article	safe	0.647	approved	0				indefinite article; rests on 'end' → 'τέλος'
3:26	26	end		14	τέλος		global-review-known-rendering	safe	0.647	approved	0				global known-rendering assignment; lexical score 0.50
3:27	2	no		2	οὐ		global-review-known-rendering	safe	0.6039	approved	0				global known-rendering assignment; lexical score 0.45
3:27	5	able		3	δύναται		global-review-known-rendering	safe	0.6432	approved	0				global known-rendering assignment; lexical score 0.49
3:27	8	into		5	εἰς		global-review-known-rendering	safe	0.7713	approved	0				global known-rendering assignment; lexical score 0.62
3:27	17	his		13	αὐτοῦ		global-review-known-rendering	safe	0.789	approved	0				global known-rendering assignment; lexical score 0.64
3:27	32	his		25	αὐτοῦ		global-review-known-rendering	safe	0.789	approved	0				global known-rendering assignment; lexical score 0.64
3:28	3	say		2	λέγω		global-review-known-rendering	safe	0.7342	approved	0				global known-rendering assignment; lexical score 0.58
3:28	6	The		7	τοῖς		attached-word	safe	0.5914	approved	0				Article of 'sons'
3:28	7	sons		8	υἱοῖς		global-review-known-rendering	safe	0.6914	approved	0				global known-rendering assignment; lexical score 0.54
3:28	9	men		10	ἀνθρώπων		global-review-known-rendering	safe	0.6235	approved	0				global known-rendering assignment; lexical score 0.47
3:28	14	all		5	πάντα		global-review-known-rendering	safe	0.7297	approved	0				global known-rendering assignment; lexical score 0.58
3:29	7	the		8	τὸ		attached-word	safe	0.6831	approved	0				Article of 'Holy'
3:29	8	Holy		9	Ἅγιον		global-review-known-rendering	safe	0.7831	approved	0				global known-rendering assignment; lexical score 0.63
3:29	9	Spirit		7	Πνεῦμα		global-review-known-rendering	safe	0.7964	approved	0				global known-rendering assignment; lexical score 0.65
3:29	12	have		11	ἔχει		global-review-known-rendering	safe	0.7318	approved	0				global known-rendering assignment; lexical score 0.58
3:29	13	forgiveness		12	ἄφεσιν		global-review-known-rendering	safe	0.8	approved	0				global known-rendering assignment; lexical score 0.65
3:30	1	Because		1	ὅτι		global-review-known-rendering	safe	0.6774	approved	0				global known-rendering assignment; lexical score 0.53
3:30	3	said		2	ἔλεγον		global-review-known-rendering	safe	0.7691	approved	0				global known-rendering assignment; lexical score 0.62
3:30	6	an				expands	supplied-indefinite-article	safe	0.7379	approved	0				indefinite article; rests on 'unclean' → 'ἀκάθαρτον'
3:30	7	unclean		4	ἀκάθαρτον		global-review-known-rendering	safe	0.7379	approved	0				global known-rendering assignment; lexical score 0.59
3:30	8	spirit		3	Πνεῦμα		global-review-known-rendering	safe	0.7964	approved	0				global known-rendering assignment; lexical score 0.65
3:31	2	his		5	αὐτοῦ		global-review-known-rendering	safe	0.789	approved	0				global known-rendering assignment; lexical score 0.64
3:31	3	mother		4	μήτηρ		global-review-known-rendering	safe	0.7692	approved	0				global known-rendering assignment; lexical score 0.62
3:31	5	brothers		8	ἀδελφοὶ		global-review-known-rendering	safe	0.8	approved	0				global known-rendering assignment; lexical score 0.65
3:31	6	came		2	ἔρχονται		global-review-known-rendering	safe	0.6012	approved	0				global known-rendering assignment; lexical score 0.45
3:31	13	him		15	αὐτὸν		global-review-known-rendering	safe	0.782	approved	0				global known-rendering assignment; lexical score 0.63
3:31	17	him		17	αὐτόν		global-review-known-rendering	safe	0.782	approved	0				global known-rendering assignment; lexical score 0.63
3:32	7	round		12	σου		global-review-known-rendering	safe	0.725	approved	0				global known-rendering assignment; lexical score 0.57
3:32	8	him		4	αὐτὸν		global-review-known-rendering	safe	0.782	approved	0				global known-rendering assignment; lexical score 0.63
3:32	11	said		7	λέγουσιν		global-review-known-rendering	safe	0.7691	approved	0				global known-rendering assignment; lexical score 0.62
3:32	13	him		8	αὐτῷ		global-review-known-rendering	safe	0.782	approved	0				global known-rendering assignment; lexical score 0.63
3:32	14	See		9	Ἰδοὺ		global-review-known-rendering	safe	0.6298	approved	0				global known-rendering assignment; lexical score 0.48
3:32	15	your		16	σου		global-review-known-rendering	safe	0.7903	approved	0				global known-rendering assignment; lexical score 0.64
3:32	16	mother		11	μήτηρ		global-review-known-rendering	safe	0.7692	approved	0				global known-rendering assignment; lexical score 0.62
3:32	18	your		20	σου		global-review-known-rendering	safe	0.7903	approved	0				global known-rendering assignment; lexical score 0.64
3:32	19	brothers		15	ἀδελφοί		global-review-known-rendering	safe	0.8	approved	0				global known-rendering assignment; lexical score 0.65
3:33	3	said		4	λέγει		global-review-known-rendering	safe	0.7691	approved	0				global known-rendering assignment; lexical score 0.62
3:33	5	answer		2	ἀποκριθεὶς		global-review-known-rendering	safe	0.575	approved	0				global known-rendering assignment; lexical score 0.43
3:33	7	are		6	ἐστιν		global-review-known-rendering	safe	0.7848	approved	0				global known-rendering assignment; lexical score 0.63
3:33	8	my		9	μου		global-review-known-rendering	safe	0.7664	approved	0				global known-rendering assignment; lexical score 0.62
3:33	9	mother		8	μήτηρ		global-review-known-rendering	safe	0.7692	approved	0				global known-rendering assignment; lexical score 0.62
3:33	12	brothers		12	ἀδελφοί		global-review-known-rendering	safe	0.8	approved	0				global known-rendering assignment; lexical score 0.65
3:34	10	him		5	αὐτὸν		global-review-known-rendering	safe	0.782	approved	0				global known-rendering assignment; lexical score 0.63
3:34	12	said		8	λέγει		global-review-known-rendering	safe	0.7691	approved	0				global known-rendering assignment; lexical score 0.62
3:34	13	See		9	Ἴδε		global-review-known-rendering	safe	0.6298	approved	0				global known-rendering assignment; lexical score 0.48
3:34	14	my		12	μου		global-review-known-rendering	safe	0.7664	approved	0				global known-rendering assignment; lexical score 0.62
3:34	15	mother		11	μήτηρ		global-review-known-rendering	safe	0.7692	approved	0				global known-rendering assignment; lexical score 0.62
3:34	17	my		16	μου		global-review-known-rendering	safe	0.7664	approved	0				global known-rendering assignment; lexical score 0.62
3:34	18	brothers		15	ἀδελφοί		global-review-known-rendering	safe	0.8	approved	0				global known-rendering assignment; lexical score 0.65
3:35	3	God's		7	Θεοῦ		global-review-known-rendering	safe	0.8	approved	0				global known-rendering assignment; lexical score 0.65
3:35	8	my		10	μου		global-review-known-rendering	safe	0.7664	approved	0				global known-rendering assignment; lexical score 0.62
3:35	9	brother		9	ἀδελφός		global-review-known-rendering	safe	0.8	approved	0				global known-rendering assignment; lexical score 0.65
3:35	11	sister		12	ἀδελφὴ		global-review-known-rendering	safe	0.8	approved	0				global known-rendering assignment; lexical score 0.65
3:35	13	mother		14	μήτηρ		global-review-known-rendering	safe	0.7692	approved	0				global known-rendering assignment; lexical score 0.62
4:1	2	again		2	πάλιν		global-review-known-rendering	safe	0.5733	approved	0				global known-rendering assignment; lexical score 0.42
4:1	5	teaching		4	διδάσκειν		global-review-known-rendering	safe	0.7609	approved	0				global known-rendering assignment; lexical score 0.61
4:1	19	him		15	αὐτὸν		global-review-known-rendering	safe	0.7822	approved	0				global known-rendering assignment; lexical score 0.63
4:1	24	into		16	εἰς		global-review-known-rendering	safe	0.772	approved	0				global known-rendering assignment; lexical score 0.62
4:1	28	the		21	τῇ		attached-word	safe	0.6892	approved	0				Article of 'sea'
4:1	29	sea		22	θαλάσσῃ		global-review-known-rendering	safe	0.7892	approved	0				global known-rendering assignment; lexical score 0.64
4:1	35	all		24	πᾶς		global-review-known-rendering	safe	0.7296	approved	0				global known-rendering assignment; lexical score 0.58
4:1	40	the		31	τῆς		attached-word	safe	0.633	approved	0				Article of 'land'
4:1	41	land		32	γῆς		global-review-known-rendering	safe	0.733	approved	0				global known-rendering assignment; lexical score 0.58
4:2	4	them		3	αὐτοὺς		global-review-known-rendering	safe	0.7386	approved	0				global known-rendering assignment; lexical score 0.59
4:2	5	teaching		2	ἐδίδασκεν		global-review-known-rendering	safe	0.7609	approved	0				global known-rendering assignment; lexical score 0.61
4:2	17	said		8	ἔλεγεν		global-review-known-rendering	safe	0.769	approved	0				global known-rendering assignment; lexical score 0.62
4:2	19	them		9	αὐτοῖς		global-review-known-rendering	safe	0.7386	approved	0				global known-rendering assignment; lexical score 0.59
4:2	21	his		13	αὐτοῦ		global-review-known-rendering	safe	0.7891	approved	0				global known-rendering assignment; lexical score 0.64
4:4	14	the		14	τὰ		attached-word	safe	0.625	approved	0				Article of 'birds'
4:4	15	birds		15	πετεινὰ		global-review-known-rendering	safe	0.725	approved	0				global known-rendering assignment; lexical score 0.57
4:4	16	came		13	ἦλθεν		global-review-known-rendering	safe	0.601	approved	0				global known-rendering assignment; lexical score 0.45
4:5	9	had		9	εἶχεν		global-review-known-rendering	safe	0.6957	approved	0				global known-rendering assignment; lexical score 0.55
4:5	10	not		8	οὐκ		global-review-known-rendering	safe	0.6291	approved	0				global known-rendering assignment; lexical score 0.48
4:5	11	much		11	πολλήν		global-review-known-rendering	safe	0.6663	approved	0				global known-rendering assignment; lexical score 0.52
4:5	12	earth		10	γῆν		global-review-known-rendering	safe	0.7904	approved	0				global known-rendering assignment; lexical score 0.64
4:5	20	the				expands	supplied-article	safe	0.7904	approved	0				article the original does not write; rests on 'earth' → 'γῆς'
4:5	21	earth		20	γῆς		global-review-known-rendering	safe	0.7904	approved	0				global known-rendering assignment; lexical score 0.64
4:6	3	the		4	ὁ		attached-word	safe	0.7	approved	0				Article of 'sun'
4:6	4	sun		5	ἥλιος		global-review-known-rendering	safe	0.8	approved	0				global known-rendering assignment; lexical score 0.65
4:6	13	had		11	ἔχειν		global-review-known-rendering	safe	0.6957	approved	0				global known-rendering assignment; lexical score 0.55
4:6	15	root		12	ῥίζαν		global-review-known-rendering	safe	0.77	approved	0				global known-rendering assignment; lexical score 0.62
4:7	5	the		5	τὰς		attached-word	safe	0.6308	approved	0				Article of 'thorns'
4:7	6	thorns		6	ἀκάνθας		global-review-known-rendering	safe	0.7308	approved	0				global known-rendering assignment; lexical score 0.58
4:7	8	the		9	αἱ		attached-word	safe	0.6308	approved	0				Article of 'thorns'
4:7	9	thorns		10	ἄκανθαι		global-review-known-rendering	safe	0.7308	approved	0				global known-rendering assignment; lexical score 0.58
4:7	20	gave		17	ἔδωκεν		global-review-known-rendering	safe	0.7372	approved	0				global known-rendering assignment; lexical score 0.59
4:7	21	no		16	οὐκ		global-review-known-rendering	safe	0.6036	approved	0				global known-rendering assignment; lexical score 0.45
4:7	22	fruit		15	καρπὸν		global-review-known-rendering	safe	0.7325	approved	0				global known-rendering assignment; lexical score 0.58
4:8	6	earth		6	γῆν		global-review-known-rendering	safe	0.7904	approved	0				global known-rendering assignment; lexical score 0.64
4:8	7	gave		10	ἐδίδου		global-review-known-rendering	safe	0.7372	approved	0				global known-rendering assignment; lexical score 0.59
4:8	8	fruit		11	καρπὸν		global-review-known-rendering	safe	0.7325	approved	0				global known-rendering assignment; lexical score 0.58
4:8	12	increasing		14	αὐξανόμενα		global-review-known-rendering	safe	0.55	approved	0				global known-rendering assignment; lexical score 0.40
4:8	15	thirty		18	τριάκοντα		global-review-known-rendering	safe	0.8	approved	0				global known-rendering assignment; lexical score 0.65
4:9	3	said		2	ἔλεγεν		global-review-known-rendering	safe	0.769	approved	0				global known-rendering assignment; lexical score 0.62
4:9	8	ears		5	ὦτα		global-review-known-rendering	safe	0.6875	approved	0				global known-rendering assignment; lexical score 0.54
4:10	11	him		7	αὐτὸν		global-review-known-rendering	safe	0.7822	approved	0				global known-rendering assignment; lexical score 0.63
4:10	13	the		12	τοῖς		attached-word	safe	0.7	approved	0				Article of 'twelve'
4:10	14	twelve		13	δώδεκα		global-review-known-rendering	safe	0.8	approved	0				global known-rendering assignment; lexical score 0.65
4:10	18	him		10	αὐτὸν		global-review-known-rendering	safe	0.7822	approved	0				global known-rendering assignment; lexical score 0.63
4:11	3	said		2	ἔλεγεν		global-review-known-rendering	safe	0.769	approved	0				global known-rendering assignment; lexical score 0.62
4:11	5	them		3	αὐτοῖς		global-review-known-rendering	safe	0.7386	approved	0				global known-rendering assignment; lexical score 0.59
4:11	9	given		7	δέδοται		global-review-known-rendering	safe	0.745	approved	0				global known-rendering assignment; lexical score 0.59
4:11	13	the		8	τῆς		attached-word	safe	0.7	approved	0				Article of 'kingdom'
4:11	14	kingdom		9	βασιλείας		global-review-known-rendering	safe	0.8	approved	0				global known-rendering assignment; lexical score 0.65
4:11	16	God		11	Θεοῦ		global-review-known-rendering	safe	0.7935	approved	0				global known-rendering assignment; lexical score 0.64
4:11	19	those		12	ἐκείνοις		global-review-known-rendering	safe	0.5923	approved	0				global known-rendering assignment; lexical score 0.44
4:11	23	all		19	πάντα		global-review-known-rendering	safe	0.7296	approved	0				global known-rendering assignment; lexical score 0.58
4:12	6	see		6	ἴδωσιν		global-review-known-rendering	safe	0.6313	approved	0				global known-rendering assignment; lexical score 0.48
4:12	14	them		18	αὐτοῖς		global-review-known-rendering	safe	0.7386	approved	0				global known-rendering assignment; lexical score 0.59
4:13	3	said		2	λέγει		global-review-known-rendering	safe	0.769	approved	0				global known-rendering assignment; lexical score 0.62
4:13	5	them		3	αὐτοῖς		global-review-known-rendering	safe	0.7386	approved	0				global known-rendering assignment; lexical score 0.59
4:13	9	not		4	Οὐκ		global-review-known-rendering	safe	0.6291	approved	0				global known-rendering assignment; lexical score 0.48
4:13	12	this		8	ταύτην		global-review-known-rendering	safe	0.7776	approved	0				global known-rendering assignment; lexical score 0.63
4:13	14	how		10	πῶς		global-review-known-rendering	safe	0.6554	approved	0				global known-rendering assignment; lexical score 0.51
4:14	4	the		3	τὸν		attached-word	safe	0.6227	approved	0				Article of 'word'
4:14	5	word		4	λόγον		global-review-known-rendering	safe	0.7227	approved	0				global known-rendering assignment; lexical score 0.57
4:15	2	these		1	οὗτοι		global-review-known-rendering	safe	0.7893	approved	0				global known-rendering assignment; lexical score 0.64
4:15	3	are		3	εἰσιν		global-review-known-rendering	safe	0.7845	approved	0				global known-rendering assignment; lexical score 0.63
4:15	9	the		10	ὁ		attached-word	safe	0.6227	approved	0				Article of 'word'
4:15	10	word		11	λόγος		global-review-known-rendering	safe	0.7227	approved	0				global known-rendering assignment; lexical score 0.57
4:15	22	comes		16	ἔρχεται		global-review-known-rendering	safe	0.6299	approved	0				global known-rendering assignment; lexical score 0.48
4:15	28	the		21	τὸν		attached-word	safe	0.6227	approved	0				Article of 'word'
4:15	29	word		22	λόγον		global-review-known-rendering	safe	0.7227	approved	0				global known-rendering assignment; lexical score 0.57
4:15	35	them		26	αὐτούς		global-review-known-rendering	safe	0.7386	approved	0				global known-rendering assignment; lexical score 0.59
4:16	6	these		2	οὗτοί		global-review-known-rendering	safe	0.7893	approved	0				global known-rendering assignment; lexical score 0.64
4:16	7	are		3	εἰσιν		global-review-known-rendering	safe	0.7845	approved	0				global known-rendering assignment; lexical score 0.63
4:16	17	the		13	τὸν		attached-word	safe	0.6227	approved	0				Article of 'word'
4:16	18	word		14	λόγον		global-review-known-rendering	safe	0.7227	approved	0				global known-rendering assignment; lexical score 0.57
4:16	26	take		18	λαμβάνουσιν		global-review-known-rendering	safe	0.5515	approved	0				global known-rendering assignment; lexical score 0.40
4:16	29	joy		17	χαρᾶς		global-review-known-rendering	safe	0.725	approved	0				global known-rendering assignment; lexical score 0.57
4:17	3	have		3	ἔχουσιν		global-review-known-rendering	safe	0.7313	approved	0				global known-rendering assignment; lexical score 0.58
4:17	4	no		2	οὐκ		global-review-known-rendering	safe	0.6036	approved	0				global known-rendering assignment; lexical score 0.45
4:17	5	root		4	ῥίζαν		global-review-known-rendering	safe	0.77	approved	0				global known-rendering assignment; lexical score 0.62
4:17	7	themselves		6	ἑαυτοῖς		global-review-known-rendering	safe	0.6038	approved	0				global known-rendering assignment; lexical score 0.45
4:17	22	the		16	τὸν		attached-word	safe	0.6227	approved	0				Article of 'word'
4:17	23	word		17	λόγον		global-review-known-rendering	safe	0.7227	approved	0				global known-rendering assignment; lexical score 0.57
4:17	26	become		11	γενομένης		global-review-known-rendering	safe	0.7833	approved	0				global known-rendering assignment; lexical score 0.63
4:18	2	others		2	ἄλλοι		global-review-known-rendering	safe	0.5923	approved	0				global known-rendering assignment; lexical score 0.44
4:18	3	are		3	εἰσὶν		global-review-known-rendering	safe	0.7845	approved	0				global known-rendering assignment; lexical score 0.63
4:18	7	the		6	τὰς		attached-word	safe	0.6308	approved	0				Article of 'thorns'
4:18	8	thorns		7	ἀκάνθας		global-review-known-rendering	safe	0.7308	approved	0				global known-rendering assignment; lexical score 0.58
4:18	9	these		9	οὗτοί		global-review-known-rendering	safe	0.7893	approved	0				global known-rendering assignment; lexical score 0.64
4:18	10	are		10	εἰσιν		global-review-known-rendering	safe	0.7845	approved	0				global known-rendering assignment; lexical score 0.63
4:18	17	the		12	τὸν		attached-word	safe	0.6227	approved	0				Article of 'word'
4:18	18	word		13	λόγον		global-review-known-rendering	safe	0.7227	approved	0				global known-rendering assignment; lexical score 0.57
4:19	27	the		19	τὸν		attached-word	safe	0.6227	approved	0				Article of 'word'
4:19	28	word		20	λόγον		global-review-known-rendering	safe	0.7227	approved	0				global known-rendering assignment; lexical score 0.57
4:20	3	are		3	εἰσιν		global-review-known-rendering	safe	0.7845	approved	0				global known-rendering assignment; lexical score 0.63
4:20	9	the		6	τὴν		attached-word	safe	0.6904	approved	0				Article of 'good'
4:20	11	earth		7	γῆν		global-review-known-rendering	safe	0.7904	approved	0				global known-rendering assignment; lexical score 0.64
4:20	17	the		13	τὸν		attached-word	safe	0.6227	approved	0				Article of 'word'
4:20	18	word		14	λόγον		global-review-known-rendering	safe	0.7227	approved	0				global known-rendering assignment; lexical score 0.57
4:20	28	thirty		20	τριάκοντα		global-review-known-rendering	safe	0.8	approved	0				global known-rendering assignment; lexical score 0.65
4:21	3	said		2	ἔλεγεν		global-review-known-rendering	safe	0.769	approved	0				global known-rendering assignment; lexical score 0.62
4:21	5	them		3	αὐτοῖς		global-review-known-rendering	safe	0.7386	approved	0				global known-rendering assignment; lexical score 0.59
4:21	9	comes		6	ἔρχεται		global-review-known-rendering	safe	0.6299	approved	0				global known-rendering assignment; lexical score 0.48
4:21	15	under		10	ὑπὸ		global-review-known-rendering	safe	0.593	approved	0				global known-rendering assignment; lexical score 0.44
4:21	19	under		15	ὑπὸ		global-review-known-rendering	safe	0.593	approved	0				global known-rendering assignment; lexical score 0.44
4:21	23	not		18	οὐχ		global-review-known-rendering	safe	0.6291	approved	0				global known-rendering assignment; lexical score 0.48
4:22	7	not		1	οὐ		global-review-known-rendering	safe	0.6291	approved	0				global known-rendering assignment; lexical score 0.48
4:22	16	secret		5	κρυπτὸν		global-review-known-rendering	safe	0.6962	approved	0				global known-rendering assignment; lexical score 0.55
4:22	20	come		15	ἔλθῃ		global-review-known-rendering	safe	0.611	approved	0				global known-rendering assignment; lexical score 0.46
4:23	2	any		2	τις		global-review-known-rendering	safe	0.6017	approved	0				global known-rendering assignment; lexical score 0.45
4:23	5	ears		4	ὦτα		global-review-known-rendering	safe	0.6875	approved	0				global known-rendering assignment; lexical score 0.54
4:24	3	said		2	ἔλεγεν		global-review-known-rendering	safe	0.769	approved	0				global known-rendering assignment; lexical score 0.62
4:24	5	them		3	αὐτοῖς		global-review-known-rendering	safe	0.7386	approved	0				global known-rendering assignment; lexical score 0.59
4:24	8	what		5	τί		global-review-known-rendering	safe	0.6825	approved	0				global known-rendering assignment; lexical score 0.53
4:25	5	him		5	αὐτῷ		global-review-known-rendering	safe	0.7822	approved	0				global known-rendering assignment; lexical score 0.63
4:25	8	given		4	δοθήσεται		global-review-known-rendering	safe	0.745	approved	0				global known-rendering assignment; lexical score 0.59
4:25	13	not		8	οὐκ		global-review-known-rendering	safe	0.6291	approved	0				global known-rendering assignment; lexical score 0.48
4:25	15	him		15	αὐτοῦ		global-review-known-rendering	safe	0.7822	approved	0				global known-rendering assignment; lexical score 0.63
4:25	19	even		10	καὶ		global-review-known-rendering	safe	0.7185	approved	0				global known-rendering assignment; lexical score 0.57
4:26	3	said		2	ἔλεγεν		global-review-known-rendering	safe	0.769	approved	0				global known-rendering assignment; lexical score 0.62
4:26	6	the		5	ἡ		attached-word	safe	0.7	approved	0				Article of 'kingdom'
4:26	7	kingdom		6	βασιλεία		global-review-known-rendering	safe	0.8	approved	0				global known-rendering assignment; lexical score 0.65
4:26	9	God		8	Θεοῦ		global-review-known-rendering	safe	0.7935	approved	0				global known-rendering assignment; lexical score 0.64
4:26	17	the		15	τῆς		attached-word	safe	0.6904	approved	0				Article of 'earth'
4:26	18	earth		16	γῆς		global-review-known-rendering	safe	0.7904	approved	0				global known-rendering assignment; lexical score 0.64
4:27	8	night		5	νύκτα		global-review-known-rendering	safe	0.7845	approved	0				global known-rendering assignment; lexical score 0.63
4:27	10	day		7	ἡμέραν		global-review-known-rendering	safe	0.691	approved	0				global known-rendering assignment; lexical score 0.54
4:27	20	no		15	οὐκ		global-review-known-rendering	safe	0.6036	approved	0				global known-rendering assignment; lexical score 0.45
4:28	1	The		2	ἡ		attached-word	safe	0.6904	approved	0				Article of 'earth'
4:28	2	earth		3	γῆ		global-review-known-rendering	safe	0.7904	approved	0				global known-rendering assignment; lexical score 0.64
4:29	15	because		10	ὅτι		global-review-known-rendering	safe	0.6762	approved	0				global known-rendering assignment; lexical score 0.53
4:30	3	said		2	ἔλεγεν		global-review-known-rendering	safe	0.769	approved	0				global known-rendering assignment; lexical score 0.62
4:30	10	the		5	τὴν		attached-word	safe	0.7	approved	0				Article of 'kingdom'
4:30	11	kingdom		6	βασιλείαν		global-review-known-rendering	safe	0.8	approved	0				global known-rendering assignment; lexical score 0.65
4:30	13	God		8	Θεοῦ		global-review-known-rendering	safe	0.7935	approved	0				global known-rendering assignment; lexical score 0.64
4:30	16	what		11	τίνι		global-review-known-rendering	safe	0.6825	approved	0				global known-rendering assignment; lexical score 0.53
4:31	4	a				expands	supplied-indefinite-article	safe	0.8	approved	0				indefinite article; rests on 'grain' → 'κόκκῳ'
4:31	5	grain		2	κόκκῳ		global-review-known-rendering	safe	0.8	approved	0				global known-rendering assignment; lexical score 0.65
4:31	7	mustard		3	σινάπεως		global-review-known-rendering	safe	0.6875	approved	0				global known-rendering assignment; lexical score 0.54
4:31	15	the		8	τῆς		attached-word	safe	0.6904	approved	0				Article of 'earth'
4:31	16	earth		9	γῆς		global-review-known-rendering	safe	0.7904	approved	0				global known-rendering assignment; lexical score 0.64
4:31	20	all		12	πάντων		global-review-known-rendering	safe	0.7296	approved	0				global known-rendering assignment; lexical score 0.58
4:31	24	the		17	τῆς		attached-word	safe	0.6904	approved	0				Article of 'earth'
4:31	25	earth		18	γῆς		global-review-known-rendering	safe	0.7904	approved	0				global known-rendering assignment; lexical score 0.64
4:32	10	becomes		6	γίνεται		global-review-known-rendering	safe	0.7206	approved	0				global known-rendering assignment; lexical score 0.57
4:32	13	all		8	πάντων		global-review-known-rendering	safe	0.7296	approved	0				global known-rendering assignment; lexical score 0.58
4:32	19	great		14	μεγάλους		global-review-known-rendering	safe	0.655	approved	0				global known-rendering assignment; lexical score 0.51
4:32	20	branches		13	κλάδους		global-review-known-rendering	safe	0.6773	approved	0				global known-rendering assignment; lexical score 0.53
4:32	23	the		21	τὰ		attached-word	safe	0.625	approved	0				Article of 'birds'
4:32	24	birds		22	πετεινὰ		global-review-known-rendering	safe	0.725	approved	0				global known-rendering assignment; lexical score 0.57
4:32	26	heaven		24	οὐρανοῦ		global-review-known-rendering	safe	0.7891	approved	0				global known-rendering assignment; lexical score 0.64
4:32	28	able		16	δύνασθαι		global-review-known-rendering	safe	0.6408	approved	0				global known-rendering assignment; lexical score 0.49
4:33	6	such		2	τοιαύταις		global-review-known-rendering	safe	0.699	approved	0				global known-rendering assignment; lexical score 0.55
4:33	10	them		6	αὐτοῖς		global-review-known-rendering	safe	0.7386	approved	0				global known-rendering assignment; lexical score 0.59
4:33	16	able		10	ἠδύναντο		global-review-known-rendering	safe	0.6408	approved	0				global known-rendering assignment; lexical score 0.49
4:34	9	them		6	αὐτοῖς		global-review-known-rendering	safe	0.7386	approved	0				global known-rendering assignment; lexical score 0.59
4:34	14	disciples		12	μαθηταῖς		global-review-known-rendering	safe	0.8	approved	0				global known-rendering assignment; lexical score 0.65
4:34	17	all		14	πάντα		global-review-known-rendering	safe	0.7296	approved	0				global known-rendering assignment; lexical score 0.58
4:35	4	day		7	ἡμέρᾳ		global-review-known-rendering	safe	0.691	approved	0				global known-rendering assignment; lexical score 0.54
4:35	6	the				expands	supplied-article	safe	0.6714	approved	0				article the original does not write; rests on 'evening' → 'ὀψίας'
4:35	7	evening		8	ὀψίας		global-review-known-rendering	safe	0.6714	approved	0				global known-rendering assignment; lexical score 0.52
4:35	11	said		2	λέγει		global-review-known-rendering	safe	0.769	approved	0				global known-rendering assignment; lexical score 0.62
4:35	13	them		3	αὐτοῖς		global-review-known-rendering	safe	0.7386	approved	0				global known-rendering assignment; lexical score 0.59
4:36	9	him		6	αὐτὸν		global-review-known-rendering	safe	0.7822	approved	0				global known-rendering assignment; lexical score 0.63
4:36	23	him		17	αὐτοῦ		global-review-known-rendering	safe	0.7822	approved	0				global known-rendering assignment; lexical score 0.63
4:37	2	a				expands	supplied-indefinite-article	safe	0.655	approved	0				indefinite article; rests on 'great' → 'μεγάλη'
4:37	3	great		4	μεγάλη		global-review-known-rendering	safe	0.655	approved	0				global known-rendering assignment; lexical score 0.51
4:37	6	wind		5	ἀνέμου		global-review-known-rendering	safe	0.663	approved	0				global known-rendering assignment; lexical score 0.51
4:37	10	the		7	τὰ		attached-word	safe	0.5875	approved	0				Article of 'waves'
4:37	11	waves		8	κύματα		global-review-known-rendering	safe	0.6875	approved	0				global known-rendering assignment; lexical score 0.54
4:37	13	into		10	εἰς		global-review-known-rendering	safe	0.772	approved	0				global known-rendering assignment; lexical score 0.62
4:37	22	becoming		2	γίνεται		global-review-known-rendering	safe	0.7206	approved	0				global known-rendering assignment; lexical score 0.57
4:38	17	awaking		12	ἐγείρουσιν		global-review-known-rendering	safe	0.575	approved	0				global known-rendering assignment; lexical score 0.43
4:38	18	him		13	αὐτὸν		global-review-known-rendering	safe	0.7822	approved	0				global known-rendering assignment; lexical score 0.63
4:38	19	said		15	λέγουσιν		global-review-known-rendering	safe	0.769	approved	0				global known-rendering assignment; lexical score 0.62
4:38	20	Master		17	Διδάσκαλε		global-review-known-rendering	safe	0.6478	approved	0				global known-rendering assignment; lexical score 0.50
4:38	28	are		3	ἦν		global-review-known-rendering	safe	0.7845	approved	0				global known-rendering assignment; lexical score 0.63
4:39	13	the		4	τῷ		attached-word	safe	0.563	approved	0				Article of 'wind'
4:39	14	wind		5	ἀνέμῳ		global-review-known-rendering	safe	0.663	approved	0				global known-rendering assignment; lexical score 0.51
4:39	16	said		7	εἶπεν		global-review-known-rendering	safe	0.769	approved	0				global known-rendering assignment; lexical score 0.62
4:39	18	the		8	τῇ		attached-word	safe	0.6892	approved	0				Article of 'sea'
4:39	19	sea		9	θαλάσσῃ		global-review-known-rendering	safe	0.7892	approved	0				global known-rendering assignment; lexical score 0.64
4:39	25	the		14	ὁ		attached-word	safe	0.563	approved	0				Article of 'wind'
4:39	26	wind		15	ἄνεμος		global-review-known-rendering	safe	0.663	approved	0				global known-rendering assignment; lexical score 0.51
4:39	32	a				expands	supplied-indefinite-article	safe	0.655	approved	0				indefinite article; rests on 'great' → 'μεγάλη'
4:39	33	great		19	μεγάλη		global-review-known-rendering	safe	0.655	approved	0				global known-rendering assignment; lexical score 0.51
4:40	3	said		2	εἶπεν		global-review-known-rendering	safe	0.769	approved	0				global known-rendering assignment; lexical score 0.62
4:40	5	them		3	αὐτοῖς		global-review-known-rendering	safe	0.7386	approved	0				global known-rendering assignment; lexical score 0.59
4:40	6	Why		4	Τί		global-review-known-rendering	safe	0.7683	approved	0				global known-rendering assignment; lexical score 0.62
4:40	7	are		6	ἐστε		global-review-known-rendering	safe	0.7845	approved	0				global known-rendering assignment; lexical score 0.63
4:40	15	no		9	οὐκ		global-review-known-rendering	safe	0.6036	approved	0				global known-rendering assignment; lexical score 0.45
4:40	16	faith		11	πίστιν		global-review-known-rendering	safe	0.7888	approved	0				global known-rendering assignment; lexical score 0.64
4:41	5	great		4	μέγαν		global-review-known-rendering	safe	0.655	approved	0				global known-rendering assignment; lexical score 0.51
4:41	8	said		6	ἔλεγον		global-review-known-rendering	safe	0.769	approved	0				global known-rendering assignment; lexical score 0.62
4:41	15	this		11	οὗτός		global-review-known-rendering	safe	0.7776	approved	0				global known-rendering assignment; lexical score 0.63
4:41	17	even		14	καὶ		global-review-known-rendering	safe	0.7185	approved	0				global known-rendering assignment; lexical score 0.57
4:41	18	the		15	ὁ		attached-word	safe	0.563	approved	0				Article of 'wind'
4:41	19	wind		16	ἄνεμος		global-review-known-rendering	safe	0.663	approved	0				global known-rendering assignment; lexical score 0.51
4:41	21	the		18	ἡ		attached-word	safe	0.6892	approved	0				Article of 'sea'
4:41	22	sea		19	θάλασσα		global-review-known-rendering	safe	0.7892	approved	0				global known-rendering assignment; lexical score 0.64
5:1	3	came		2	ἦλθον		global-review-known-rendering	safe	0.5999	approved	0				global known-rendering assignment; lexical score 0.45
5:1	9	the		6	τῆς		attached-word	safe	0.6892	approved	0				Article of 'sea'
5:1	10	sea		7	θαλάσσης		global-review-known-rendering	safe	0.7892	approved	0				global known-rendering assignment; lexical score 0.64
5:1	11	into		8	εἰς		global-review-known-rendering	safe	0.7712	approved	0				global known-rendering assignment; lexical score 0.62
5:2	15	him		9	αὐτῷ		global-review-known-rendering	safe	0.782	approved	0				global known-rendering assignment; lexical score 0.63
5:2	25	an				expands	supplied-indefinite-article	safe	0.7357	approved	0				indefinite article; rests on 'unclean' → 'ἀκαθάρτῳ'
5:2	26	unclean		16	ἀκαθάρτῳ		global-review-known-rendering	safe	0.7357	approved	0				global known-rendering assignment; lexical score 0.59
5:2	27	spirit		15	πνεύματι		global-review-known-rendering	safe	0.7964	approved	0				global known-rendering assignment; lexical score 0.65
5:3	14	able		13	ἐδύνατο		global-review-known-rendering	safe	0.6432	approved	0				global known-rendering assignment; lexical score 0.49
5:3	17	him		14	αὐτὸν		global-review-known-rendering	safe	0.782	approved	0				global known-rendering assignment; lexical score 0.63
5:4	8	chains		7	ἁλύσεσιν		global-review-known-rendering	safe	0.65	approved	0				global known-rendering assignment; lexical score 0.50
5:4	13	the		13	τὰς		attached-word	safe	0.55	approved	0				Article of 'chains'
5:4	14	chains		14	ἁλύσεις		global-review-known-rendering	safe	0.65	approved	0				global known-rendering assignment; lexical score 0.50
5:4	23	him		12	αὐτοῦ		global-review-known-rendering	safe	0.782	approved	0				global known-rendering assignment; lexical score 0.63
5:4	32	him		22	αὐτὸν		global-review-known-rendering	safe	0.782	approved	0				global known-rendering assignment; lexical score 0.63
5:5	2	all		3	παντὸς		global-review-known-rendering	safe	0.7296	approved	0				global known-rendering assignment; lexical score 0.58
5:5	6	day		6	ἡμέρας		global-review-known-rendering	safe	0.6914	approved	0				global known-rendering assignment; lexical score 0.54
5:5	9	night		4	νυκτὸς		global-review-known-rendering	safe	0.7845	approved	0				global known-rendering assignment; lexical score 0.63
5:5	18	the		12	τοῖς		attached-word	safe	0.7	approved	0				Article of 'mountains'
5:5	19	mountains		13	ὄρεσιν		global-review-known-rendering	safe	0.8	approved	0				global known-rendering assignment; lexical score 0.65
5:5	28	stones		19	λίθοις		global-review-known-rendering	safe	0.8	approved	0				global known-rendering assignment; lexical score 0.65
5:6	4	saw		2	ἰδὼν		global-review-known-rendering	safe	0.7478	approved	0				global known-rendering assignment; lexical score 0.60
5:6	5	Jesus		4	Ἰησοῦν		global-review-known-rendering	safe	0.797	approved	0				global known-rendering assignment; lexical score 0.65
5:6	16	him		10	αὐτόν		global-review-known-rendering	safe	0.782	approved	0				global known-rendering assignment; lexical score 0.63
5:6	17	worship		9	προσεκύνησεν		global-review-known-rendering	safe	0.7163	approved	0				global known-rendering assignment; lexical score 0.57
5:7	5	a				expands	supplied-indefinite-article	safe	0.8	approved	0				indefinite article; rests on 'loud' → 'μεγάλῃ'
5:7	6	loud		4	μεγάλῃ		global-review-known-rendering	safe	0.8	approved	0				global known-rendering assignment; lexical score 0.65
5:7	7	voice		3	φωνῇ		global-review-known-rendering	safe	0.7847	approved	0				global known-rendering assignment; lexical score 0.63
5:7	9	said		5	λέγει		global-review-known-rendering	safe	0.7691	approved	0				global known-rendering assignment; lexical score 0.62
5:7	10	What		6	Τί		global-review-known-rendering	safe	0.6821	approved	0				global known-rendering assignment; lexical score 0.53
5:7	17	Jesus		10	Ἰησοῦ		global-review-known-rendering	safe	0.797	approved	0				global known-rendering assignment; lexical score 0.65
5:7	18	Son		11	Υἱὲ		global-review-known-rendering	safe	0.7729	approved	0				global known-rendering assignment; lexical score 0.62
5:7	20	the		12	τοῦ		attached-word	safe	0.6935	approved	0				Article of 'High'
5:7	23	God		13	Θεοῦ		global-review-known-rendering	safe	0.7935	approved	0				global known-rendering assignment; lexical score 0.64
5:7	25	God's		19	Θεόν		global-review-known-rendering	safe	0.8	approved	0				global known-rendering assignment; lexical score 0.65
5:7	32	me		21	με		global-review-known-rendering	safe	0.7921	approved	0				global known-rendering assignment; lexical score 0.64
5:8	4	said		1	ἔλεγεν		global-review-known-rendering	safe	0.7691	approved	0				global known-rendering assignment; lexical score 0.62
5:8	6	him		3	αὐτῷ		global-review-known-rendering	safe	0.782	approved	0				global known-rendering assignment; lexical score 0.63
5:8	13	unclean		8	ἀκάθαρτον		global-review-known-rendering	safe	0.7357	approved	0				global known-rendering assignment; lexical score 0.59
5:8	14	spirit		6	πνεῦμα		global-review-known-rendering	safe	0.7964	approved	0				global known-rendering assignment; lexical score 0.65
5:9	3	said		8	λέγει		global-review-known-rendering	safe	0.7691	approved	0				global known-rendering assignment; lexical score 0.62
5:9	4	What		4	Τί		global-review-known-rendering	safe	0.6821	approved	0				global known-rendering assignment; lexical score 0.53
5:9	7	name		5	ὄνομά		global-review-known-rendering	safe	0.7973	approved	0				global known-rendering assignment; lexical score 0.65
5:9	13	name		11	ὄνομά		global-review-known-rendering	safe	0.7973	approved	0				global known-rendering assignment; lexical score 0.65
5:9	16	because		13	ὅτι		global-review-known-rendering	safe	0.6766	approved	0				global known-rendering assignment; lexical score 0.53
5:9	18	are		15	ἐσμεν		global-review-known-rendering	safe	0.7847	approved	0				global known-rendering assignment; lexical score 0.63
5:10	7	him		3	αὐτὸν		global-review-known-rendering	safe	0.782	approved	0				global known-rendering assignment; lexical score 0.63
5:10	11	them		7	αὐτὰ		global-review-known-rendering	safe	0.74	approved	0				global known-rendering assignment; lexical score 0.59
5:11	3	the		5	τῷ		attached-word	safe	0.7	approved	0				Article of 'mountain'
5:11	4	mountain		6	ὄρει		global-review-known-rendering	safe	0.8	approved	0				global known-rendering assignment; lexical score 0.65
5:11	6	there		3	ἐκεῖ		global-review-known-rendering	safe	0.6981	approved	0				global known-rendering assignment; lexical score 0.55
5:11	8	a				expands	supplied-indefinite-article	safe	0.6543	approved	0				indefinite article; rests on 'great' → 'μεγάλη'
5:11	9	great		9	μεγάλη		global-review-known-rendering	safe	0.6543	approved	0				global known-rendering assignment; lexical score 0.50
5:11	10	herd		7	ἀγέλη		global-review-known-rendering	safe	0.8	approved	0				global known-rendering assignment; lexical score 0.65
5:11	12	pigs		8	χοίρων		global-review-known-rendering	safe	0.665	approved	0				global known-rendering assignment; lexical score 0.52
5:12	3	said		4	λέγοντες		global-review-known-rendering	safe	0.7691	approved	0				global known-rendering assignment; lexical score 0.62
5:12	5	him		3	αὐτὸν		global-review-known-rendering	safe	0.782	approved	0				global known-rendering assignment; lexical score 0.63
5:12	7	us		6	ἡμᾶς		global-review-known-rendering	safe	0.7978	approved	0				global known-rendering assignment; lexical score 0.65
5:12	8	into		7	εἰς		global-review-known-rendering	safe	0.7712	approved	0				global known-rendering assignment; lexical score 0.62
5:12	9	the		8	τοὺς		attached-word	safe	0.565	approved	0				Article of 'pigs'
5:12	10	pigs		9	χοίρους		global-review-known-rendering	safe	0.665	approved	0				global known-rendering assignment; lexical score 0.52
5:12	16	into		11	εἰς		global-review-known-rendering	safe	0.7712	approved	0				global known-rendering assignment; lexical score 0.62
5:12	17	them		12	αὐτοὺς		global-review-known-rendering	safe	0.74	approved	0				global known-rendering assignment; lexical score 0.59
5:13	4	them		3	αὐτοῖς		global-review-known-rendering	safe	0.74	approved	0				global known-rendering assignment; lexical score 0.59
5:13	8	the		6	τὰ		attached-word	safe	0.7	approved	0				Article of 'unclean'
5:13	9	unclean		9	ἀκάθαρτα		global-review-known-rendering	safe	0.7357	approved	0				global known-rendering assignment; lexical score 0.59
5:13	10	spirits		7	πνεύματα		global-review-known-rendering	safe	0.8	approved	0				global known-rendering assignment; lexical score 0.65
5:13	15	into		11	εἰς		global-review-known-rendering	safe	0.7712	approved	0				global known-rendering assignment; lexical score 0.62
5:13	16	the		12	τοὺς		attached-word	safe	0.565	approved	0				Article of 'pigs'
5:13	17	pigs		13	χοίρους		global-review-known-rendering	safe	0.665	approved	0				global known-rendering assignment; lexical score 0.52
5:13	19	the		16	ἡ		attached-word	safe	0.7	approved	0				Article of 'herd'
5:13	20	herd		17	ἀγέλη		global-review-known-rendering	safe	0.8	approved	0				global known-rendering assignment; lexical score 0.65
5:13	27	into		21	εἰς		global-review-known-rendering	safe	0.7712	approved	0				global known-rendering assignment; lexical score 0.62
5:13	28	the		22	τὴν		attached-word	safe	0.6892	approved	0				Article of 'sea'
5:13	29	sea		23	θάλασσαν		global-review-known-rendering	safe	0.7892	approved	0				global known-rendering assignment; lexical score 0.64
5:13	42	the		29	τῇ		attached-word	safe	0.6892	approved	0				Article of 'sea'
5:13	43	sea		30	θαλάσσῃ		global-review-known-rendering	safe	0.7892	approved	0				global known-rendering assignment; lexical score 0.64
5:14	21	came		16	ἦλθον		global-review-known-rendering	safe	0.5999	approved	0				global known-rendering assignment; lexical score 0.45
5:14	23	see		17	ἰδεῖν		global-review-known-rendering	safe	0.6295	approved	0				global known-rendering assignment; lexical score 0.48
5:14	24	what		18	τί		global-review-known-rendering	safe	0.6821	approved	0				global known-rendering assignment; lexical score 0.53
5:15	3	came		2	ἔρχονται		global-review-known-rendering	safe	0.5999	approved	0				global known-rendering assignment; lexical score 0.45
5:15	5	Jesus		5	Ἰησοῦν		global-review-known-rendering	safe	0.797	approved	0				global known-rendering assignment; lexical score 0.65
5:16	5	seen		5	ἰδόντες		global-review-known-rendering	safe	0.6436	approved	0				global known-rendering assignment; lexical score 0.49
5:16	8	them		3	αὐτοῖς		global-review-known-rendering	safe	0.74	approved	0				global known-rendering assignment; lexical score 0.59
5:16	28	the		12	τῶν		attached-word	safe	0.565	approved	0				Article of 'pigs'
5:16	29	pigs		13	χοίρων		global-review-known-rendering	safe	0.665	approved	0				global known-rendering assignment; lexical score 0.52
5:17	7	him		4	αὐτὸν		global-review-known-rendering	safe	0.782	approved	0				global known-rendering assignment; lexical score 0.63
5:17	12	their		9	αὐτῶν		global-review-known-rendering	safe	0.7838	approved	0				global known-rendering assignment; lexical score 0.63
5:18	6	into		4	εἰς		global-review-known-rendering	safe	0.7712	approved	0				global known-rendering assignment; lexical score 0.62
5:18	25	him		13	αὐτοῦ		global-review-known-rendering	safe	0.782	approved	0				global known-rendering assignment; lexical score 0.63
5:19	4	not		2	οὐκ		global-review-known-rendering	safe	0.629	approved	0				global known-rendering assignment; lexical score 0.48
5:19	5	let		3	ἀφῆκεν		global-review-known-rendering	safe	0.6269	approved	0				global known-rendering assignment; lexical score 0.48
5:19	6	him		4	αὐτόν		global-review-known-rendering	safe	0.782	approved	0				global known-rendering assignment; lexical score 0.63
5:19	8	said		6	λέγει		global-review-known-rendering	safe	0.7691	approved	0				global known-rendering assignment; lexical score 0.62
5:19	10	him		7	αὐτῷ		global-review-known-rendering	safe	0.782	approved	0				global known-rendering assignment; lexical score 0.63
5:19	16	your		12	σου		global-review-known-rendering	safe	0.7903	approved	0				global known-rendering assignment; lexical score 0.64
5:19	20	them		18	αὐτοῖς		global-review-known-rendering	safe	0.74	approved	0				global known-rendering assignment; lexical score 0.59
5:19	26	the		20	ὁ		attached-word	safe	0.6953	approved	0				Article of 'Lord'
5:19	27	Lord		21	Κύριός		global-review-known-rendering	safe	0.7953	approved	0				global known-rendering assignment; lexical score 0.65
5:20	18	Jesus		13	Ἰησοῦς		global-review-known-rendering	safe	0.797	approved	0				global known-rendering assignment; lexical score 0.65
5:20	22	him		11	αὐτῷ		global-review-known-rendering	safe	0.782	approved	0				global known-rendering assignment; lexical score 0.63
5:20	24	all		15	πάντες		global-review-known-rendering	safe	0.7296	approved	0				global known-rendering assignment; lexical score 0.58
5:21	3	Jesus		4	Ἰησοῦ		global-review-known-rendering	safe	0.797	approved	0				global known-rendering assignment; lexical score 0.65
5:21	7	again		8	πάλιν		global-review-known-rendering	safe	0.5733	approved	0				global known-rendering assignment; lexical score 0.42
5:21	22	him		16	αὐτόν		global-review-known-rendering	safe	0.782	approved	0				global known-rendering assignment; lexical score 0.63
5:21	27	the		20	τὴν		attached-word	safe	0.6892	approved	0				Article of 'sea'
5:21	28	sea		21	θάλασσαν		global-review-known-rendering	safe	0.7892	approved	0				global known-rendering assignment; lexical score 0.64
5:22	2	one		3	εἷς		global-review-known-rendering	safe	0.6356	approved	0				global known-rendering assignment; lexical score 0.49
5:22	11	name		6	ὀνόματι		global-review-known-rendering	safe	0.7973	approved	0				global known-rendering assignment; lexical score 0.65
5:22	12	came		2	ἔρχεται		global-review-known-rendering	safe	0.5999	approved	0				global known-rendering assignment; lexical score 0.45
5:22	15	him		10	αὐτὸν		global-review-known-rendering	safe	0.782	approved	0				global known-rendering assignment; lexical score 0.63
5:22	19	his		15	αὐτοῦ		global-review-known-rendering	safe	0.7891	approved	0				global known-rendering assignment; lexical score 0.64
5:22	20	feet		14	πόδας		global-review-known-rendering	safe	0.7939	approved	0				global known-rendering assignment; lexical score 0.64
5:23	6	him		3	αὐτὸν		global-review-known-rendering	safe	0.782	approved	0				global known-rendering assignment; lexical score 0.63
5:23	7	saying		5	λέγων		global-review-known-rendering	safe	0.7563	approved	0				global known-rendering assignment; lexical score 0.61
5:23	17	my		9	μου		global-review-known-rendering	safe	0.7666	approved	0				global known-rendering assignment; lexical score 0.62
5:23	22	come		13	ἐλθὼν		global-review-known-rendering	safe	0.6112	approved	0				global known-rendering assignment; lexical score 0.46
5:23	26	hands		16	χεῖρας		global-review-known-rendering	safe	0.7153	approved	0				global known-rendering assignment; lexical score 0.57
5:23	28	her		17	αὐτῇ		global-review-known-rendering	safe	0.7896	approved	0				global known-rendering assignment; lexical score 0.64
5:23	37	have		11	ἔχει		global-review-known-rendering	safe	0.732	approved	0				global known-rendering assignment; lexical score 0.58
5:24	5	him		4	αὐτοῦ		global-review-known-rendering	safe	0.782	approved	0				global known-rendering assignment; lexical score 0.63
5:24	14	him		7	αὐτῷ		global-review-known-rendering	safe	0.782	approved	0				global known-rendering assignment; lexical score 0.63
5:24	18	him		12	αὐτόν		global-review-known-rendering	safe	0.782	approved	0				global known-rendering assignment; lexical score 0.63
5:25	2	a				expands	supplied-indefinite-article	safe	0.764	approved	0				indefinite article; rests on 'woman' → 'γυνὴ'
5:25	3	woman		2	γυνὴ		global-review-known-rendering	safe	0.764	approved	0				global known-rendering assignment; lexical score 0.61
5:25	10	blood		6	αἵματος		global-review-known-rendering	safe	0.7907	approved	0				global known-rendering assignment; lexical score 0.64
5:25	12	twelve		7	δώδεκα		global-review-known-rendering	safe	0.8	approved	0				global known-rendering assignment; lexical score 0.65
5:25	13	years		8	ἔτη		global-review-known-rendering	safe	0.692	approved	0				global known-rendering assignment; lexical score 0.54
5:26	4	much		2	πολλὰ		global-review-known-rendering	safe	0.6636	approved	0				global known-rendering assignment; lexical score 0.51
5:26	17	all		12	πάντα		global-review-known-rendering	safe	0.7296	approved	0				global known-rendering assignment; lexical score 0.58
5:26	25	even		13	καὶ		global-review-known-rendering	safe	0.717	approved	0				global known-rendering assignment; lexical score 0.57
5:26	26	worse		20	χεῖρον		global-review-known-rendering	safe	0.6393	approved	0				global known-rendering assignment; lexical score 0.49
5:27	9	Jesus		5	Ἰησοῦ		global-review-known-rendering	safe	0.797	approved	0				global known-rendering assignment; lexical score 0.65
5:27	12	among		7	ἐν		global-review-known-rendering	safe	0.6307	approved	0				global known-rendering assignment; lexical score 0.48
5:27	20	her		14	αὐτοῦ		global-review-known-rendering	safe	0.7896	approved	0				global known-rendering assignment; lexical score 0.64
5:28	3	said		1	ἔλεγεν		global-review-known-rendering	safe	0.7691	approved	0				global known-rendering assignment; lexical score 0.62
5:28	12	his		9	αὐτοῦ		global-review-known-rendering	safe	0.7891	approved	0				global known-rendering assignment; lexical score 0.64
5:29	7	her		8	αὐτῆς		global-review-known-rendering	safe	0.7896	approved	0				global known-rendering assignment; lexical score 0.64
5:29	8	blood		7	αἵματος		global-review-known-rendering	safe	0.7907	approved	0				global known-rendering assignment; lexical score 0.64
5:29	18	body		12	σώματι		global-review-known-rendering	safe	0.7935	approved	0				global known-rendering assignment; lexical score 0.64
5:30	4	Jesus		4	Ἰησοῦς		global-review-known-rendering	safe	0.797	approved	0				global known-rendering assignment; lexical score 0.65
5:30	13	him		10	αὐτοῦ		global-review-known-rendering	safe	0.782	approved	0				global known-rendering assignment; lexical score 0.63
5:30	20	said		17	ἔλεγεν		global-review-known-rendering	safe	0.7691	approved	0				global known-rendering assignment; lexical score 0.62
5:30	24	my		19	μου		global-review-known-rendering	safe	0.7666	approved	0				global known-rendering assignment; lexical score 0.62
5:31	2	his		6	αὐτοῦ		global-review-known-rendering	safe	0.7891	approved	0				global known-rendering assignment; lexical score 0.64
5:31	3	disciples		5	μαθηταὶ		global-review-known-rendering	safe	0.8	approved	0				global known-rendering assignment; lexical score 0.65
5:31	4	said		2	ἔλεγον		global-review-known-rendering	safe	0.7691	approved	0				global known-rendering assignment; lexical score 0.62
5:31	6	him		3	αὐτῷ		global-review-known-rendering	safe	0.782	approved	0				global known-rendering assignment; lexical score 0.63
5:31	11	round		11	σε		global-review-known-rendering	safe	0.725	approved	0				global known-rendering assignment; lexical score 0.57
5:31	18	say		13	λέγεις		global-review-known-rendering	safe	0.7342	approved	0				global known-rendering assignment; lexical score 0.58
5:31	22	me		15	μου		global-review-known-rendering	safe	0.7921	approved	0				global known-rendering assignment; lexical score 0.64
5:32	7	see		3	ἰδεῖν		global-review-known-rendering	safe	0.6295	approved	0				global known-rendering assignment; lexical score 0.48
5:32	12	this		5	τοῦτο		global-review-known-rendering	safe	0.7777	approved	0				global known-rendering assignment; lexical score 0.63
5:33	1	The				expands	supplied-article	safe	0.764	approved	0				article the original does not write; rests on 'woman' → 'γυνὴ'
5:33	2	woman		3	γυνὴ		global-review-known-rendering	safe	0.764	approved	0				global known-rendering assignment; lexical score 0.61
5:33	13	her		10	αὐτῇ		global-review-known-rendering	safe	0.7896	approved	0				global known-rendering assignment; lexical score 0.64
5:33	14	came		11	ἦλθεν		global-review-known-rendering	safe	0.5999	approved	0				global known-rendering assignment; lexical score 0.45
5:33	21	him		14	αὐτῷ		global-review-known-rendering	safe	0.782	approved	0				global known-rendering assignment; lexical score 0.63
5:33	23	him		17	αὐτῷ		global-review-known-rendering	safe	0.782	approved	0				global known-rendering assignment; lexical score 0.63
5:33	28	everything		18	πᾶσαν		global-review-known-rendering	safe	0.8	approved	0				global known-rendering assignment; lexical score 0.65
5:34	3	said		3	εἶπεν		global-review-known-rendering	safe	0.7691	approved	0				global known-rendering assignment; lexical score 0.62
5:34	5	her		4	αὐτῇ		global-review-known-rendering	safe	0.7896	approved	0				global known-rendering assignment; lexical score 0.64
5:34	6	Daughter		5	Θυγάτηρ		global-review-known-rendering	safe	0.7609	approved	0				global known-rendering assignment; lexical score 0.61
5:34	7	your		8	σου		global-review-known-rendering	safe	0.7903	approved	0				global known-rendering assignment; lexical score 0.64
5:34	8	faith		7	πίστις		global-review-known-rendering	safe	0.7888	approved	0				global known-rendering assignment; lexical score 0.64
5:34	15	peace		13	εἰρήνην		global-review-known-rendering	safe	0.7068	approved	0				global known-rendering assignment; lexical score 0.56
5:34	20	your		20	σου		global-review-known-rendering	safe	0.7903	approved	0				global known-rendering assignment; lexical score 0.64
5:35	8	came		4	ἔρχονται		global-review-known-rendering	safe	0.5999	approved	0				global known-rendering assignment; lexical score 0.45
5:35	16	saying		8	λέγοντες		global-review-known-rendering	safe	0.7563	approved	0				global known-rendering assignment; lexical score 0.61
5:35	17	Your		12	σου		global-review-known-rendering	safe	0.7903	approved	0				global known-rendering assignment; lexical score 0.64
5:35	18	daughter		11	θυγάτηρ		global-review-known-rendering	safe	0.7609	approved	0				global known-rendering assignment; lexical score 0.61
5:35	21	why		14	τί		global-review-known-rendering	safe	0.7679	approved	0				global known-rendering assignment; lexical score 0.62
5:35	26	the		17	τὸν		attached-word	safe	0.5478	approved	0				Article of 'Master'
5:35	27	Master		18	διδάσκαλον		global-review-known-rendering	safe	0.6478	approved	0				global known-rendering assignment; lexical score 0.50
5:36	2	Jesus		3	Ἰησοῦς		global-review-known-rendering	safe	0.797	approved	0				global known-rendering assignment; lexical score 0.65
5:36	9	said		8	λέγει		global-review-known-rendering	safe	0.7691	approved	0				global known-rendering assignment; lexical score 0.62
5:36	19	only		13	μόνον		global-review-known-rendering	safe	0.6768	approved	0				global known-rendering assignment; lexical score 0.53
5:37	4	not		2	οὐκ		global-review-known-rendering	safe	0.629	approved	0				global known-rendering assignment; lexical score 0.48
5:37	5	let		3	ἀφῆκεν		global-review-known-rendering	safe	0.6269	approved	0				global known-rendering assignment; lexical score 0.48
5:37	9	him		6	αὐτοῦ		global-review-known-rendering	safe	0.782	approved	0				global known-rendering assignment; lexical score 0.63
5:37	11	Peter		11	Πέτρον		global-review-known-rendering	safe	0.8	approved	0				global known-rendering assignment; lexical score 0.65
5:37	13	James		13	Ἰάκωβον		global-review-known-rendering	safe	0.8	approved	0				global known-rendering assignment; lexical score 0.65
5:37	15	John		15	Ἰωάνην		global-review-known-rendering	safe	0.8	approved	0				global known-rendering assignment; lexical score 0.65
5:37	16	the		16	τὸν		attached-word	safe	0.7	approved	0				Article of 'brother'
5:37	17	brother		17	ἀδελφὸν		global-review-known-rendering	safe	0.8	approved	0				global known-rendering assignment; lexical score 0.65
5:37	19	James		18	Ἰακώβου		global-review-known-rendering	safe	0.8	approved	0				global known-rendering assignment; lexical score 0.65
5:38	3	came		2	ἔρχονται		global-review-known-rendering	safe	0.5999	approved	0				global known-rendering assignment; lexical score 0.45
5:39	8	said		3	λέγει		global-review-known-rendering	safe	0.7691	approved	0				global known-rendering assignment; lexical score 0.62
5:39	10	them		4	αὐτοῖς		global-review-known-rendering	safe	0.74	approved	0				global known-rendering assignment; lexical score 0.59
5:39	11	Why		5	Τί		global-review-known-rendering	safe	0.7679	approved	0				global known-rendering assignment; lexical score 0.62
5:39	23	not		11	οὐκ		global-review-known-rendering	safe	0.629	approved	0				global known-rendering assignment; lexical score 0.48
5:40	6	him		4	αὐτὸς		global-review-known-rendering	safe	0.782	approved	0				global known-rendering assignment; lexical score 0.63
5:40	12	all		7	πάντας		global-review-known-rendering	safe	0.7296	approved	0				global known-rendering assignment; lexical score 0.58
5:40	15	the		9	τὸν		attached-word	safe	0.6987	approved	0				Article of 'father'
5:40	16	father		10	πατέρα		global-review-known-rendering	safe	0.7987	approved	0				global known-rendering assignment; lexical score 0.65
5:40	21	her		3	αὐτοῦ		global-review-known-rendering	safe	0.7896	approved	0				global known-rendering assignment; lexical score 0.64
5:40	22	mother		15	μητέρα		global-review-known-rendering	safe	0.7708	approved	0				global known-rendering assignment; lexical score 0.62
5:40	28	him		19	αὐτοῦ		global-review-known-rendering	safe	0.782	approved	0				global known-rendering assignment; lexical score 0.63
5:41	5	the		3	τῆς		attached-word	safe	0.4891	approved	0				Article of 'hand'
5:41	6	hand		4	χειρὸς		global-review-known-rendering	safe	0.5891	approved	0				global known-rendering assignment; lexical score 0.44
5:41	8	said		7	λέγει		global-review-known-rendering	safe	0.7691	approved	0				global known-rendering assignment; lexical score 0.62
5:41	10	her		8	αὐτῇ		global-review-known-rendering	safe	0.7896	approved	0				global known-rendering assignment; lexical score 0.64
5:41	18	say		17	λέγω		global-review-known-rendering	safe	0.7342	approved	0				global known-rendering assignment; lexical score 0.58
5:42	11	walking		7	περιεπάτει		global-review-known-rendering	safe	0.6875	approved	0				global known-rendering assignment; lexical score 0.54
5:42	15	twelve		11	δώδεκα		global-review-known-rendering	safe	0.8	approved	0				global known-rendering assignment; lexical score 0.65
5:42	16	years		10	ἐτῶν		global-review-known-rendering	safe	0.692	approved	0				global known-rendering assignment; lexical score 0.54
5:43	4	them		3	αὐτοῖς		global-review-known-rendering	safe	0.74	approved	0				global known-rendering assignment; lexical score 0.59
5:43	15	this		8	τοῦτο		global-review-known-rendering	safe	0.7777	approved	0				global known-rendering assignment; lexical score 0.63
5:43	18	said		10	εἶπεν		global-review-known-rendering	safe	0.7691	approved	0				global known-rendering assignment; lexical score 0.62
5:43	25	given		11	δοθῆναι		global-review-known-rendering	safe	0.7426	approved	0				global known-rendering assignment; lexical score 0.59
5:43	27	her		12	αὐτῇ		global-review-known-rendering	safe	0.7896	approved	0				global known-rendering assignment; lexical score 0.64
6:1	8	came		5	ἔρχεται		global-review-known-rendering	safe	0.6006	approved	0				global known-rendering assignment; lexical score 0.45
6:1	9	into		6	εἰς		global-review-known-rendering	safe	0.7716	approved	0				global known-rendering assignment; lexical score 0.62
6:1	10	his		9	αὐτοῦ		global-review-known-rendering	safe	0.7889	approved	0				global known-rendering assignment; lexical score 0.64
6:1	13	his		15	αὐτοῦ		global-review-known-rendering	safe	0.7889	approved	0				global known-rendering assignment; lexical score 0.64
6:1	14	disciples		14	μαθηταὶ		global-review-known-rendering	safe	0.8	approved	0				global known-rendering assignment; lexical score 0.65
6:1	17	him		12	αὐτῷ		global-review-known-rendering	safe	0.7821	approved	0				global known-rendering assignment; lexical score 0.63
6:2	3	the				expands	supplied-article	safe	0.782	approved	0				article the original does not write; rests on 'Sabbath' → 'σαββάτου'
6:2	4	Sabbath		3	σαββάτου		global-review-known-rendering	safe	0.782	approved	0				global known-rendering assignment; lexical score 0.63
6:2	10	teaching		5	διδάσκειν		global-review-known-rendering	safe	0.7591	approved	0				global known-rendering assignment; lexical score 0.61
6:2	12	the		7	τῇ		attached-word	safe	0.5902	approved	0				Article of 'Synagogue'
6:2	13	Synagogue		8	συναγωγῇ		global-review-known-rendering	safe	0.6902	approved	0				global known-rendering assignment; lexical score 0.54
6:2	23	saying		14	λέγοντες		global-review-known-rendering	safe	0.7564	approved	0				global known-rendering assignment; lexical score 0.61
6:2	27	this		16	τούτῳ		global-review-known-rendering	safe	0.7775	approved	0				global known-rendering assignment; lexical score 0.63
6:2	30	these		17	ταῦτα		global-review-known-rendering	safe	0.7895	approved	0				global known-rendering assignment; lexical score 0.64
6:2	33	What		19	τίς		global-review-known-rendering	safe	0.6831	approved	0				global known-rendering assignment; lexical score 0.53
6:2	35	the		20	ἡ		attached-word	safe	0.6912	approved	0				Article of 'wisdom'
6:2	36	wisdom		21	σοφία		global-review-known-rendering	safe	0.7912	approved	0				global known-rendering assignment; lexical score 0.64
6:2	37	given		23	δοθεῖσα		global-review-known-rendering	safe	0.7426	approved	0				global known-rendering assignment; lexical score 0.59
6:2	44	these		24	τούτῳ		global-review-known-rendering	safe	0.7895	approved	0				global known-rendering assignment; lexical score 0.64
6:2	50	his		32	αὐτοῦ		global-review-known-rendering	safe	0.7889	approved	0				global known-rendering assignment; lexical score 0.64
6:2	51	hands		31	χειρῶν		global-review-known-rendering	safe	0.7153	approved	0				global known-rendering assignment; lexical score 0.57
6:3	2	not		1	οὐχ		global-review-known-rendering	safe	0.6288	approved	0				global known-rendering assignment; lexical score 0.48
6:3	3	this		2	οὗτός		global-review-known-rendering	safe	0.7775	approved	0				global known-rendering assignment; lexical score 0.63
6:3	6	the		6	ὁ		attached-word	safe	0.6729	approved	0				Article of 'son'
6:3	7	son		7	υἱὸς		global-review-known-rendering	safe	0.7729	approved	0				global known-rendering assignment; lexical score 0.62
6:3	9	Mary		9	Μαρίας		global-review-known-rendering	safe	0.8	approved	0				global known-rendering assignment; lexical score 0.65
6:3	11	brother		11	ἀδελφὸς		global-review-known-rendering	safe	0.8	approved	0				global known-rendering assignment; lexical score 0.65
6:3	13	James		12	Ἰακώβου		global-review-known-rendering	safe	0.8	approved	0				global known-rendering assignment; lexical score 0.65
6:3	17	Judas		16	Ἰούδα		global-review-known-rendering	safe	0.8	approved	0				global known-rendering assignment; lexical score 0.65
6:3	19	Simon		18	Σίμωνος		global-review-known-rendering	safe	0.7935	approved	0				global known-rendering assignment; lexical score 0.64
6:3	21	are		21	εἰσὶν		global-review-known-rendering	safe	0.7847	approved	0				global known-rendering assignment; lexical score 0.63
6:3	22	not		20	οὐκ		global-review-known-rendering	safe	0.6288	approved	0				global known-rendering assignment; lexical score 0.48
6:3	23	his		24	αὐτοῦ		global-review-known-rendering	safe	0.7889	approved	0				global known-rendering assignment; lexical score 0.64
6:3	24	sisters		23	ἀδελφαὶ		global-review-known-rendering	safe	0.8	approved	0				global known-rendering assignment; lexical score 0.65
6:3	25	here		25	ὧδε		global-review-known-rendering	safe	0.7437	approved	0				global known-rendering assignment; lexical score 0.59
6:3	27	us		27	ἡμᾶς		global-review-known-rendering	safe	0.7978	approved	0				global known-rendering assignment; lexical score 0.65
6:3	33	him		31	αὐτῷ		global-review-known-rendering	safe	0.7821	approved	0				global known-rendering assignment; lexical score 0.63
6:4	2	Jesus		5	Ἰησοῦς		global-review-known-rendering	safe	0.797	approved	0				global known-rendering assignment; lexical score 0.65
6:4	3	said		2	ἔλεγεν		global-review-known-rendering	safe	0.7693	approved	0				global known-rendering assignment; lexical score 0.62
6:4	5	them		3	αὐτοῖς		global-review-known-rendering	safe	0.7375	approved	0				global known-rendering assignment; lexical score 0.59
6:4	6	A				expands	supplied-indefinite-article	safe	0.7719	approved	0				indefinite article; rests on 'prophet' → 'προφήτης'
6:4	7	prophet		9	προφήτης		global-review-known-rendering	safe	0.7719	approved	0				global known-rendering assignment; lexical score 0.62
6:4	14	his		16	αὐτοῦ		global-review-known-rendering	safe	0.7889	approved	0				global known-rendering assignment; lexical score 0.64
6:4	17	among		18	ἐν		global-review-known-rendering	safe	0.6307	approved	0				global known-rendering assignment; lexical score 0.48
6:4	18	his		21	αὐτοῦ		global-review-known-rendering	safe	0.7889	approved	0				global known-rendering assignment; lexical score 0.64
6:4	22	his		26	αὐτοῦ		global-review-known-rendering	safe	0.7889	approved	0				global known-rendering assignment; lexical score 0.64
6:5	6	do		5	ποιῆσαι		global-review-known-rendering	safe	0.7279	approved	0				global known-rendering assignment; lexical score 0.58
6:5	11	there		4	ἐκεῖ		global-review-known-rendering	safe	0.6971	approved	0				global known-rendering assignment; lexical score 0.55
6:5	17	hands		14	χεῖρας		global-review-known-rendering	safe	0.7153	approved	0				global known-rendering assignment; lexical score 0.57
6:6	5	surprised		2	ἐθαύμασεν		global-review-known-rendering	safe	0.725	approved	0				global known-rendering assignment; lexical score 0.57
6:6	18	teaching		12	διδάσκων		global-review-known-rendering	safe	0.7591	approved	0				global known-rendering assignment; lexical score 0.61
6:7	6	the		3	τοὺς		attached-word	safe	0.7	approved	0				Article of 'twelve'
6:7	7	twelve		4	δώδεκα		global-review-known-rendering	safe	0.8	approved	0				global known-rendering assignment; lexical score 0.65
6:7	10	them		7	αὐτοὺς		global-review-known-rendering	safe	0.7375	approved	0				global known-rendering assignment; lexical score 0.59
6:7	12	two		9	δύο		global-review-known-rendering	safe	0.7884	approved	0				global known-rendering assignment; lexical score 0.64
6:7	14	two		10	δύο		global-review-known-rendering	safe	0.7884	approved	0				global known-rendering assignment; lexical score 0.64
6:7	17	gave		12	ἐδίδου		global-review-known-rendering	safe	0.7341	approved	0				global known-rendering assignment; lexical score 0.58
6:7	18	them		13	αὐτοῖς		global-review-known-rendering	safe	0.7375	approved	0				global known-rendering assignment; lexical score 0.59
6:7	19	authority		14	ἐξουσίαν		global-review-known-rendering	safe	0.7318	approved	0				global known-rendering assignment; lexical score 0.58
6:7	21	the		15	τῶν		attached-word	safe	0.7	approved	0				Article of 'unclean'
6:7	22	unclean		18	ἀκαθάρτων		global-review-known-rendering	safe	0.74	approved	0				global known-rendering assignment; lexical score 0.59
6:7	23	spirits		16	πνευμάτων		global-review-known-rendering	safe	0.8	approved	0				global known-rendering assignment; lexical score 0.65
6:8	16	only		12	μόνον		global-review-known-rendering	safe	0.6768	approved	0				global known-rendering assignment; lexical score 0.53
6:8	18	bread		14	ἄρτον		global-review-known-rendering	safe	0.7574	approved	0				global known-rendering assignment; lexical score 0.61
6:9	15	two		7	δύο		global-review-known-rendering	safe	0.7884	approved	0				global known-rendering assignment; lexical score 0.64
6:9	16	coats		8	χιτῶνας		global-review-known-rendering	safe	0.8	approved	0				global known-rendering assignment; lexical score 0.65
6:10	3	said		2	ἔλεγεν		global-review-known-rendering	safe	0.7693	approved	0				global known-rendering assignment; lexical score 0.62
6:10	5	them		3	αὐτοῖς		global-review-known-rendering	safe	0.7375	approved	0				global known-rendering assignment; lexical score 0.59
6:10	6	Wherever		4	Ὅπου		global-review-known-rendering	safe	0.65	approved	0				global known-rendering assignment; lexical score 0.50
6:10	9	into		7	εἰς		global-review-known-rendering	safe	0.7716	approved	0				global known-rendering assignment; lexical score 0.62
6:10	16	till		11	ἕως		global-review-known-rendering	safe	0.6131	approved	0				global known-rendering assignment; lexical score 0.46
6:11	3	place		4	τόπος		global-review-known-rendering	safe	0.6887	approved	0				global known-rendering assignment; lexical score 0.54
6:11	25	your		20	ὑμῶν		global-review-known-rendering	safe	0.7903	approved	0				global known-rendering assignment; lexical score 0.64
6:11	26	feet		19	ποδῶν		global-review-known-rendering	safe	0.7939	approved	0				global known-rendering assignment; lexical score 0.64
6:11	31	them		23	αὐτοῖς		global-review-known-rendering	safe	0.7375	approved	0				global known-rendering assignment; lexical score 0.59
6:13	12	oil		7	ἐλαίῳ		global-review-known-rendering	safe	0.8	approved	0				global known-rendering assignment; lexical score 0.65
6:14	2	king		4	βασιλεὺς		global-review-known-rendering	safe	0.7839	approved	0				global known-rendering assignment; lexical score 0.63
6:14	3	Herod		5	Ἡρῴδης		global-review-known-rendering	safe	0.8	approved	0				global known-rendering assignment; lexical score 0.65
6:14	8	because		14	ὅτι		global-review-known-rendering	safe	0.6774	approved	0				global known-rendering assignment; lexical score 0.53
6:14	9	his		11	αὐτοῦ		global-review-known-rendering	safe	0.7889	approved	0				global known-rendering assignment; lexical score 0.64
6:14	10	name		10	ὄνομα		global-review-known-rendering	safe	0.7973	approved	0				global known-rendering assignment; lexical score 0.65
6:14	19	said		13	ἔλεγον		global-review-known-rendering	safe	0.7693	approved	0				global known-rendering assignment; lexical score 0.62
6:14	20	John		15	Ἰωάνης		global-review-known-rendering	safe	0.8	approved	0				global known-rendering assignment; lexical score 0.65
6:14	27	the				expands	supplied-article	safe	0.6603	approved	0				article the original does not write; rests on 'dead' → 'νεκρῶν'
6:14	28	dead		20	νεκρῶν		global-review-known-rendering	safe	0.6603	approved	0				global known-rendering assignment; lexical score 0.51
6:14	33	these		23	τοῦτο		global-review-known-rendering	safe	0.7895	approved	0				global known-rendering assignment; lexical score 0.64
6:14	38	him		28	αὐτῷ		global-review-known-rendering	safe	0.7821	approved	0				global known-rendering assignment; lexical score 0.63
6:15	2	others		1	ἄλλοι		global-review-known-rendering	safe	0.584	approved	0				global known-rendering assignment; lexical score 0.43
6:15	3	said		3	ἔλεγον		global-review-known-rendering	safe	0.7693	approved	0				global known-rendering assignment; lexical score 0.62
6:15	6	Elijah		5	Ἡλείας		global-review-known-rendering	safe	0.7845	approved	0				global known-rendering assignment; lexical score 0.63
6:15	8	others		7	ἄλλοι		global-review-known-rendering	safe	0.584	approved	0				global known-rendering assignment; lexical score 0.43
6:15	9	said		9	ἔλεγον		global-review-known-rendering	safe	0.7693	approved	0				global known-rendering assignment; lexical score 0.62
6:15	12	a				expands	supplied-indefinite-article	safe	0.7719	approved	0				indefinite article; rests on 'prophet' → 'προφήτης'
6:15	13	prophet		11	προφήτης		global-review-known-rendering	safe	0.7719	approved	0				global known-rendering assignment; lexical score 0.62
6:15	16	one		13	εἷς		global-review-known-rendering	safe	0.6356	approved	0				global known-rendering assignment; lexical score 0.49
6:15	18	the		14	τῶν		attached-word	safe	0.6586	approved	0				Article of 'prophets'
6:15	19	prophets		15	προφητῶν		global-review-known-rendering	safe	0.7586	approved	0				global known-rendering assignment; lexical score 0.61
6:16	2	Herod		4	Ἡρῴδης		global-review-known-rendering	safe	0.8	approved	0				global known-rendering assignment; lexical score 0.65
6:16	9	said		5	ἔλεγεν		global-review-known-rendering	safe	0.7693	approved	0				global known-rendering assignment; lexical score 0.62
6:16	10	John		9	Ἰωάνην		global-review-known-rendering	safe	0.8	approved	0				global known-rendering assignment; lexical score 0.65
6:16	11	whom		6	Ὃν		global-review-known-rendering	safe	0.6937	approved	0				global known-rendering assignment; lexical score 0.54
6:16	12	I		7	ἐγὼ		global-review-known-rendering	safe	0.7468	approved	0				global known-rendering assignment; lexical score 0.60
6:17	2	Herod		4	Ἡρῴδης		global-review-known-rendering	safe	0.8	approved	0				global known-rendering assignment; lexical score 0.65
6:17	10	John		8	Ἰωάνην		global-review-known-rendering	safe	0.8	approved	0				global known-rendering assignment; lexical score 0.65
6:17	13	him		11	αὐτὸν		global-review-known-rendering	safe	0.7821	approved	0				global known-rendering assignment; lexical score 0.63
6:17	15	prison		13	φυλακῇ		global-review-known-rendering	safe	0.6902	approved	0				global known-rendering assignment; lexical score 0.54
6:17	16	because		22	ὅτι		global-review-known-rendering	safe	0.6774	approved	0				global known-rendering assignment; lexical score 0.53
6:17	19	his		21	αὐτοῦ		global-review-known-rendering	safe	0.7889	approved	0				global known-rendering assignment; lexical score 0.64
6:17	20	brother		20	ἀδελφοῦ		global-review-known-rendering	safe	0.8	approved	0				global known-rendering assignment; lexical score 0.65
6:17	21	Philip's		18	Φιλίππου		global-review-known-rendering	safe	0.8	approved	0				global known-rendering assignment; lexical score 0.65
6:17	22	wife		17	γυναῖκα		global-review-known-rendering	safe	0.7886	approved	0				global known-rendering assignment; lexical score 0.64
6:18	2	John		4	Ἰωάνης		global-review-known-rendering	safe	0.8	approved	0				global known-rendering assignment; lexical score 0.65
6:18	3	said		1	ἔλεγεν		global-review-known-rendering	safe	0.7693	approved	0				global known-rendering assignment; lexical score 0.62
6:18	5	Herod		6	Ἡρῴδῃ		global-review-known-rendering	safe	0.8	approved	0				global known-rendering assignment; lexical score 0.65
6:18	12	have		11	ἔχειν		global-review-known-rendering	safe	0.7316	approved	0				global known-rendering assignment; lexical score 0.58
6:18	13	your		16	σου		global-review-known-rendering	safe	0.7903	approved	0				global known-rendering assignment; lexical score 0.64
6:18	14	brother's		15	ἀδελφοῦ		global-review-known-rendering	safe	0.8	approved	0				global known-rendering assignment; lexical score 0.65
6:18	15	wife		13	γυναῖκα		global-review-known-rendering	safe	0.7886	approved	0				global known-rendering assignment; lexical score 0.64
6:19	6	him		5	αὐτῷ		global-review-known-rendering	safe	0.7821	approved	0				global known-rendering assignment; lexical score 0.63
6:19	10	him		8	αὐτὸν		global-review-known-rendering	safe	0.7821	approved	0				global known-rendering assignment; lexical score 0.63
6:19	16	not		11	οὐκ		global-review-known-rendering	safe	0.6288	approved	0				global known-rendering assignment; lexical score 0.48
6:19	17	able		12	ἠδύνατο		global-review-known-rendering	safe	0.6432	approved	0				global known-rendering assignment; lexical score 0.49
6:20	2	Herod		3	Ἡρῴδης		global-review-known-rendering	safe	0.8	approved	0				global known-rendering assignment; lexical score 0.65
6:20	7	John		6	Ἰωάνην		global-review-known-rendering	safe	0.8	approved	0				global known-rendering assignment; lexical score 0.65
6:20	16	holy		12	ἅγιον		global-review-known-rendering	safe	0.7831	approved	0				global known-rendering assignment; lexical score 0.63
6:20	20	him		15	αὐτόν		global-review-known-rendering	safe	0.7821	approved	0				global known-rendering assignment; lexical score 0.63
6:20	24	him		18	αὐτοῦ		global-review-known-rendering	safe	0.7821	approved	0				global known-rendering assignment; lexical score 0.63
6:20	27	much		19	πολλὰ		global-review-known-rendering	safe	0.6663	approved	0				global known-rendering assignment; lexical score 0.52
6:20	34	him		23	αὐτοῦ		global-review-known-rendering	safe	0.7821	approved	0				global known-rendering assignment; lexical score 0.63
6:21	6	Herod		6	Ἡρῴδης		global-review-known-rendering	safe	0.8	approved	0				global known-rendering assignment; lexical score 0.65
6:21	8	his		9	αὐτοῦ		global-review-known-rendering	safe	0.7889	approved	0				global known-rendering assignment; lexical score 0.64
6:21	14	his		14	αὐτοῦ		global-review-known-rendering	safe	0.7889	approved	0				global known-rendering assignment; lexical score 0.64
6:21	22	chief		20	πρώτοις		global-review-known-rendering	safe	0.62	approved	0				global known-rendering assignment; lexical score 0.47
6:21	25	Galilee		22	Γαλιλαίας		global-review-known-rendering	safe	0.7786	approved	0				global known-rendering assignment; lexical score 0.63
6:22	3	the		3	τῆς		attached-word	safe	0.646	approved	0				Article of 'daughter'
6:22	4	daughter		4	θυγατρὸς		global-review-known-rendering	safe	0.746	approved	0				global known-rendering assignment; lexical score 0.60
6:22	12	a				expands	supplied-indefinite-article	safe	0.6875	approved	0				indefinite article; rests on 'dance' → 'ὀρχησαμένης'
6:22	13	dance		9	ὀρχησαμένης		global-review-known-rendering	safe	0.6875	approved	0				global known-rendering assignment; lexical score 0.54
6:22	14	Herod		12	Ἡρῴδῃ		global-review-known-rendering	safe	0.8	approved	0				global known-rendering assignment; lexical score 0.65
6:22	26	her		5	αὐτῆς		global-review-known-rendering	safe	0.7895	approved	0				global known-rendering assignment; lexical score 0.64
6:22	28	the				expands	supplied-article	safe	0.7839	approved	0				article the original does not write; rests on 'king' → 'βασιλεὺς'
6:22	29	king		18	βασιλεὺς		global-review-known-rendering	safe	0.7839	approved	0				global known-rendering assignment; lexical score 0.63
6:22	30	said		19	εἶπεν		global-review-known-rendering	safe	0.7693	approved	0				global known-rendering assignment; lexical score 0.62
6:22	42	give		28	δώσω		global-review-known-rendering	safe	0.731	approved	0				global known-rendering assignment; lexical score 0.58
6:23	8	her		3	αὐτῇ		global-review-known-rendering	safe	0.7895	approved	0				global known-rendering assignment; lexical score 0.64
6:23	15	give		8	δώσω		global-review-known-rendering	safe	0.731	approved	0				global known-rendering assignment; lexical score 0.58
6:23	19	even		1	καὶ		global-review-known-rendering	safe	0.7191	approved	0				global known-rendering assignment; lexical score 0.57
6:23	20	half		11	ἡμίσους		global-review-known-rendering	safe	0.8	approved	0				global known-rendering assignment; lexical score 0.65
6:23	22	my		14	μου		global-review-known-rendering	safe	0.7667	approved	0				global known-rendering assignment; lexical score 0.62
6:23	23	kingdom		13	βασιλείας		global-review-known-rendering	safe	0.8	approved	0				global known-rendering assignment; lexical score 0.65
6:24	6	said		3	εἶπεν		global-review-known-rendering	safe	0.7693	approved	0				global known-rendering assignment; lexical score 0.62
6:24	8	her		6	αὐτῆς		global-review-known-rendering	safe	0.7895	approved	0				global known-rendering assignment; lexical score 0.64
6:24	9	mother		5	μητρὶ		global-review-known-rendering	safe	0.7704	approved	0				global known-rendering assignment; lexical score 0.62
6:24	10	What		7	Τί		global-review-known-rendering	safe	0.6831	approved	0				global known-rendering assignment; lexical score 0.53
6:24	17	she		9	ἡ		global-review-known-rendering	safe	0.6217	approved	0				global known-rendering assignment; lexical score 0.47
6:24	18	said		11	εἶπεν		global-review-known-rendering	safe	0.7693	approved	0				global known-rendering assignment; lexical score 0.62
6:24	19	The		12	Τὴν		attached-word	safe	0.6915	approved	0				Article of 'head'
6:24	20	head		13	κεφαλὴν		global-review-known-rendering	safe	0.7915	approved	0				global known-rendering assignment; lexical score 0.64
6:24	22	John		14	Ἰωάνου		global-review-known-rendering	safe	0.8	approved	0				global known-rendering assignment; lexical score 0.65
6:25	7	the		7	τὸν		attached-word	safe	0.6839	approved	0				Article of 'king'
6:25	8	king		8	βασιλέα		global-review-known-rendering	safe	0.7839	approved	0				global known-rendering assignment; lexical score 0.63
6:25	10	said		10	λέγουσα		global-review-known-rendering	safe	0.7693	approved	0				global known-rendering assignment; lexical score 0.62
6:25	16	give		14	δῷς		global-review-known-rendering	safe	0.731	approved	0				global known-rendering assignment; lexical score 0.58
6:25	17	me		15	μοι		global-review-known-rendering	safe	0.7921	approved	0				global known-rendering assignment; lexical score 0.64
6:25	23	the		18	τὴν		attached-word	safe	0.6915	approved	0				Article of 'head'
6:25	24	head		19	κεφαλὴν		global-review-known-rendering	safe	0.7915	approved	0				global known-rendering assignment; lexical score 0.64
6:25	26	John		20	Ἰωάνου		global-review-known-rendering	safe	0.8	approved	0				global known-rendering assignment; lexical score 0.65
6:25	27	the		21	τοῦ		attached-word	safe	0.7	approved	0				Article of 'Baptist'
6:25	28	Baptist		22	Βαπτιστοῦ		global-review-known-rendering	safe	0.8	approved	0				global known-rendering assignment; lexical score 0.65
6:26	2	the		4	ὁ		attached-word	safe	0.6839	approved	0				Article of 'king'
6:26	3	king		5	βασιλεὺς		global-review-known-rendering	safe	0.7839	approved	0				global known-rendering assignment; lexical score 0.63
6:26	21	would		13	ἠθέλησεν		global-review-known-rendering	safe	0.679	approved	0				global known-rendering assignment; lexical score 0.53
6:26	22	not		12	οὐκ		global-review-known-rendering	safe	0.6288	approved	0				global known-rendering assignment; lexical score 0.48
6:26	26	her		15	αὐτήν		global-review-known-rendering	safe	0.7895	approved	0				global known-rendering assignment; lexical score 0.64
6:27	4	the		4	ὁ		attached-word	safe	0.6839	approved	0				Article of 'king'
6:27	5	king		5	βασιλεὺς		global-review-known-rendering	safe	0.7839	approved	0				global known-rendering assignment; lexical score 0.63
6:27	10	his		11	αὐτοῦ		global-review-known-rendering	safe	0.7889	approved	0				global known-rendering assignment; lexical score 0.64
6:27	22	the		9	τὴν		attached-word	safe	0.6915	approved	0				Article of 'head'
6:27	23	head		10	κεφαλὴν		global-review-known-rendering	safe	0.7915	approved	0				global known-rendering assignment; lexical score 0.64
6:28	5	the		10	τὴν		attached-word	safe	0.6915	approved	0				Article of 'head'
6:28	6	head		11	κεφαλὴν		global-review-known-rendering	safe	0.7915	approved	0				global known-rendering assignment; lexical score 0.64
6:28	11	gave		16	ἔδωκεν		global-review-known-rendering	safe	0.7341	approved	0				global known-rendering assignment; lexical score 0.58
6:28	19	gave		23	ἔδωκεν		global-review-known-rendering	safe	0.7341	approved	0				global known-rendering assignment; lexical score 0.58
6:28	22	her		27	αὐτῆς		global-review-known-rendering	safe	0.7895	approved	0				global known-rendering assignment; lexical score 0.64
6:28	23	mother		26	μητρὶ		global-review-known-rendering	safe	0.7704	approved	0				global known-rendering assignment; lexical score 0.62
6:29	3	his		5	αὐτοῦ		global-review-known-rendering	safe	0.7889	approved	0				global known-rendering assignment; lexical score 0.64
6:29	4	disciples		4	μαθηταὶ		global-review-known-rendering	safe	0.8	approved	0				global known-rendering assignment; lexical score 0.65
6:29	10	came		6	ἦλθαν		global-review-known-rendering	safe	0.6006	approved	0				global known-rendering assignment; lexical score 0.45
6:29	14	his		11	αὐτοῦ		global-review-known-rendering	safe	0.7889	approved	0				global known-rendering assignment; lexical score 0.64
6:30	7	Jesus		7	Ἰησοῦν		global-review-known-rendering	safe	0.797	approved	0				global known-rendering assignment; lexical score 0.65
6:30	11	him		10	αὐτῷ		global-review-known-rendering	safe	0.7821	approved	0				global known-rendering assignment; lexical score 0.63
6:30	15	all		11	πάντα		global-review-known-rendering	safe	0.7295	approved	0				global known-rendering assignment; lexical score 0.58
6:30	26	teaching		16	ἐδίδαξαν		global-review-known-rendering	safe	0.7591	approved	0				global known-rendering assignment; lexical score 0.61
6:31	3	said		2	λέγει		global-review-known-rendering	safe	0.7693	approved	0				global known-rendering assignment; lexical score 0.62
6:31	6	Come		18	ἐρχόμενοι		global-review-known-rendering	safe	0.6125	approved	0				global known-rendering assignment; lexical score 0.46
6:31	13	place		11	τόπον		global-review-known-rendering	safe	0.6887	approved	0				global known-rendering assignment; lexical score 0.54
6:31	35	even		23	καὶ		global-review-known-rendering	safe	0.7191	approved	0				global known-rendering assignment; lexical score 0.57
6:32	11	place		8	τόπον		global-review-known-rendering	safe	0.6887	approved	0				global known-rendering assignment; lexical score 0.54
6:33	4	saw		2	εἶδον		global-review-known-rendering	safe	0.7473	approved	0				global known-rendering assignment; lexical score 0.60
6:33	5	them		3	αὐτοὺς		global-review-known-rendering	safe	0.7375	approved	0				global known-rendering assignment; lexical score 0.59
6:33	24	all		11	πασῶν		global-review-known-rendering	safe	0.7295	approved	0				global known-rendering assignment; lexical score 0.58
6:33	29	there		15	ἐκεῖ		global-review-known-rendering	safe	0.6971	approved	0				global known-rendering assignment; lexical score 0.55
6:33	31	them		18	αὐτούς		global-review-known-rendering	safe	0.7375	approved	0				global known-rendering assignment; lexical score 0.59
6:34	6	saw		3	εἶδεν		global-review-known-rendering	safe	0.7473	approved	0				global known-rendering assignment; lexical score 0.60
6:34	14	had		15	ἔχοντα		global-review-known-rendering	safe	0.6979	approved	0				global known-rendering assignment; lexical score 0.55
6:34	17	them		9	αὐτοὺς		global-review-known-rendering	safe	0.7375	approved	0				global known-rendering assignment; lexical score 0.59
6:34	18	because		10	ὅτι		global-review-known-rendering	safe	0.6774	approved	0				global known-rendering assignment; lexical score 0.53
6:34	22	sheep		13	πρόβατα		global-review-known-rendering	safe	0.789	approved	0				global known-rendering assignment; lexical score 0.64
6:34	29	them		20	αὐτοὺς		global-review-known-rendering	safe	0.7375	approved	0				global known-rendering assignment; lexical score 0.59
6:34	30	teaching		19	διδάσκειν		global-review-known-rendering	safe	0.7591	approved	0				global known-rendering assignment; lexical score 0.61
6:35	8	his		10	αὐτοῦ		global-review-known-rendering	safe	0.7889	approved	0				global known-rendering assignment; lexical score 0.64
6:35	9	disciples		9	μαθηταὶ		global-review-known-rendering	safe	0.8	approved	0				global known-rendering assignment; lexical score 0.65
6:35	12	him		7	αὐτῷ		global-review-known-rendering	safe	0.7821	approved	0				global known-rendering assignment; lexical score 0.63
6:35	14	said		11	ἔλεγον		global-review-known-rendering	safe	0.7693	approved	0				global known-rendering assignment; lexical score 0.62
6:35	16	place		16	τόπος		global-review-known-rendering	safe	0.6887	approved	0				global known-rendering assignment; lexical score 0.54
6:36	2	them		2	αὐτούς		global-review-known-rendering	safe	0.7375	approved	0				global known-rendering assignment; lexical score 0.59
6:36	9	into		5	εἰς		global-review-known-rendering	safe	0.7716	approved	0				global known-rendering assignment; lexical score 0.62
6:36	14	towns		10	κώμας		global-review-known-rendering	safe	0.6875	approved	0				global known-rendering assignment; lexical score 0.54
6:36	22	themselves		12	ἑαυτοῖς		global-review-known-rendering	safe	0.6013	approved	0				global known-rendering assignment; lexical score 0.45
6:37	3	said		4	εἶπεν		global-review-known-rendering	safe	0.7693	approved	0				global known-rendering assignment; lexical score 0.62
6:37	5	them		5	αὐτοῖς		global-review-known-rendering	safe	0.7375	approved	0				global known-rendering assignment; lexical score 0.59
6:37	7	answer		3	ἀποκριθεὶς		global-review-known-rendering	safe	0.575	approved	0				global known-rendering assignment; lexical score 0.43
6:37	8	Give		6	Δότε		global-review-known-rendering	safe	0.731	approved	0				global known-rendering assignment; lexical score 0.58
6:37	9	them		7	αὐτοῖς		global-review-known-rendering	safe	0.7375	approved	0				global known-rendering assignment; lexical score 0.59
6:37	14	said		11	λέγουσιν		global-review-known-rendering	safe	0.7693	approved	0				global known-rendering assignment; lexical score 0.62
6:37	16	him		12	αὐτῷ		global-review-known-rendering	safe	0.7821	approved	0				global known-rendering assignment; lexical score 0.63
6:37	23	bread		17	ἄρτους		global-review-known-rendering	safe	0.7574	approved	0				global known-rendering assignment; lexical score 0.61
6:37	27	pence		15	δηναρίων		global-review-known-rendering	safe	0.8	approved	0				global known-rendering assignment; lexical score 0.65
6:37	29	give		19	δώσομεν		global-review-known-rendering	safe	0.731	approved	0				global known-rendering assignment; lexical score 0.58
6:37	32	them		20	αὐτοῖς		global-review-known-rendering	safe	0.7375	approved	0				global known-rendering assignment; lexical score 0.59
6:38	3	said		3	λέγει		global-review-known-rendering	safe	0.7693	approved	0				global known-rendering assignment; lexical score 0.62
6:38	5	them		4	αὐτοῖς		global-review-known-rendering	safe	0.7375	approved	0				global known-rendering assignment; lexical score 0.59
6:38	8	bread		7	ἄρτους		global-review-known-rendering	safe	0.7574	approved	0				global known-rendering assignment; lexical score 0.61
6:38	9	have		6	ἔχετε		global-review-known-rendering	safe	0.7316	approved	0				global known-rendering assignment; lexical score 0.58
6:38	18	seen		9	ἴδετε		global-review-known-rendering	safe	0.6436	approved	0				global known-rendering assignment; lexical score 0.49
6:38	20	said		12	λέγουσιν		global-review-known-rendering	safe	0.7693	approved	0				global known-rendering assignment; lexical score 0.62
6:38	21	Five		13	Πέντε		global-review-known-rendering	safe	0.8	approved	0				global known-rendering assignment; lexical score 0.65
6:38	26	two		15	δύο		global-review-known-rendering	safe	0.7884	approved	0				global known-rendering assignment; lexical score 0.64
6:38	27	fishes		16	ἰχθύας		global-review-known-rendering	safe	0.68	approved	0				global known-rendering assignment; lexical score 0.53
6:39	4	them		3	αὐτοῖς		global-review-known-rendering	safe	0.7375	approved	0				global known-rendering assignment; lexical score 0.59
6:39	5	all		5	πάντας		global-review-known-rendering	safe	0.7295	approved	0				global known-rendering assignment; lexical score 0.58
6:39	11	the		9	τῷ		attached-word	safe	0.7	approved	0				Article of 'green'
6:39	13	grass		11	χόρτῳ		global-review-known-rendering	safe	0.8	approved	0				global known-rendering assignment; lexical score 0.65
6:41	3	took		2	λαβὼν		global-review-known-rendering	safe	0.5771	approved	0				global known-rendering assignment; lexical score 0.43
6:41	4	the		3	τοὺς		attached-word	safe	0.7	approved	0				Article of 'five'
6:41	5	five		4	πέντε		global-review-known-rendering	safe	0.8	approved	0				global known-rendering assignment; lexical score 0.65
6:41	8	bread		5	ἄρτους		global-review-known-rendering	safe	0.7574	approved	0				global known-rendering assignment; lexical score 0.61
6:41	10	the		7	τοὺς		attached-word	safe	0.58	approved	0				Article of 'two'
6:41	11	two		8	δύο		global-review-known-rendering	safe	0.7884	approved	0				global known-rendering assignment; lexical score 0.64
6:41	12	fishes		9	ἰχθύας		global-review-known-rendering	safe	0.68	approved	0				global known-rendering assignment; lexical score 0.53
6:41	17	heaven		13	οὐρανὸν		global-review-known-rendering	safe	0.7891	approved	0				global known-rendering assignment; lexical score 0.64
6:41	32	gave		20	ἐδίδου		global-review-known-rendering	safe	0.7341	approved	0				global known-rendering assignment; lexical score 0.58
6:41	33	them		25	αὐτοῖς		global-review-known-rendering	safe	0.7375	approved	0				global known-rendering assignment; lexical score 0.59
6:41	35	the		21	τοῖς		attached-word	safe	0.7	approved	0				Article of 'disciples'
6:41	36	disciples		22	μαθηταῖς		global-review-known-rendering	safe	0.8	approved	0				global known-rendering assignment; lexical score 0.65
6:41	47	the		27	τοὺς		attached-word	safe	0.58	approved	0				Article of 'two'
6:41	48	two		28	δύο		global-review-known-rendering	safe	0.7884	approved	0				global known-rendering assignment; lexical score 0.64
6:41	49	fishes		29	ἰχθύας		global-review-known-rendering	safe	0.68	approved	0				global known-rendering assignment; lexical score 0.53
6:41	52	all		31	πᾶσιν		global-review-known-rendering	safe	0.7295	approved	0				global known-rendering assignment; lexical score 0.58
6:42	3	all		3	πάντες		global-review-known-rendering	safe	0.7295	approved	0				global known-rendering assignment; lexical score 0.58
6:43	5	twelve		4	δώδεκα		global-review-known-rendering	safe	0.8	approved	0				global known-rendering assignment; lexical score 0.65
6:43	14	the		9	τῶν		attached-word	safe	0.58	approved	0				Article of 'fishes'
6:43	15	fishes		10	ἰχθύων		global-review-known-rendering	safe	0.68	approved	0				global known-rendering assignment; lexical score 0.53
6:44	6	the		5	τοὺς		attached-word	safe	0.6574	approved	0				Article of 'bread'
6:44	7	bread		6	ἄρτους		global-review-known-rendering	safe	0.7574	approved	0				global known-rendering assignment; lexical score 0.61
6:45	6	his		6	αὐτοῦ		global-review-known-rendering	safe	0.7889	approved	0				global known-rendering assignment; lexical score 0.64
6:45	7	disciples		5	μαθητὰς		global-review-known-rendering	safe	0.8	approved	0				global known-rendering assignment; lexical score 0.65
6:45	9	into		8	εἰς		global-review-known-rendering	safe	0.7716	approved	0				global known-rendering assignment; lexical score 0.62
6:45	15	him		19	αὐτὸς		global-review-known-rendering	safe	0.7821	approved	0				global known-rendering assignment; lexical score 0.63
6:46	6	them		3	αὐτοῖς		global-review-known-rendering	safe	0.7375	approved	0				global known-rendering assignment; lexical score 0.59
6:46	11	into		5	εἰς		global-review-known-rendering	safe	0.7716	approved	0				global known-rendering assignment; lexical score 0.62
6:46	12	a				expands	supplied-indefinite-article	safe	0.8	approved	0				indefinite article; rests on 'mountain' → 'ὄρος'
6:46	13	mountain		7	ὄρος		global-review-known-rendering	safe	0.8	approved	0				global known-rendering assignment; lexical score 0.65
6:47	3	evening		2	ὀψίας		global-review-known-rendering	safe	0.6714	approved	0				global known-rendering assignment; lexical score 0.52
6:47	8	the				expands	supplied-article	safe	0.8	approved	0				article the original does not write; rests on 'middle' → 'μέσῳ'
6:47	9	middle		8	μέσῳ		global-review-known-rendering	safe	0.8	approved	0				global known-rendering assignment; lexical score 0.65
6:47	11	the		9	τῆς		attached-word	safe	0.6893	approved	0				Article of 'sea'
6:47	12	sea		10	θαλάσσης		global-review-known-rendering	safe	0.7893	approved	0				global known-rendering assignment; lexical score 0.64
6:47	18	the		15	τῆς		attached-word	safe	0.6315	approved	0				Article of 'land'
6:47	19	land		16	γῆς		global-review-known-rendering	safe	0.7315	approved	0				global known-rendering assignment; lexical score 0.58
6:48	15	the		10	ὁ		attached-word	safe	0.574	approved	0				Article of 'wind'
6:48	16	wind		11	ἄνεμος		global-review-known-rendering	safe	0.674	approved	0				global known-rendering assignment; lexical score 0.52
6:48	19	them		13	αὐτοῖς		global-review-known-rendering	safe	0.7375	approved	0				global known-rendering assignment; lexical score 0.59
6:48	21	the				expands	supplied-article	safe	0.8	approved	0				article the original does not write; rests on 'fourth' → 'τετάρτην'
6:48	22	fourth		15	τετάρτην		global-review-known-rendering	safe	0.8	approved	0				global known-rendering assignment; lexical score 0.65
6:48	25	the		17	τῆς		attached-word	safe	0.6845	approved	0				Article of 'night'
6:48	26	night		18	νυκτὸς		global-review-known-rendering	safe	0.7845	approved	0				global known-rendering assignment; lexical score 0.63
6:48	28	came		19	ἔρχεται		global-review-known-rendering	safe	0.6006	approved	0				global known-rendering assignment; lexical score 0.45
6:48	30	them		21	αὐτοὺς		global-review-known-rendering	safe	0.7375	approved	0				global known-rendering assignment; lexical score 0.59
6:48	31	walking		22	περιπατῶν		global-review-known-rendering	safe	0.6714	approved	0				global known-rendering assignment; lexical score 0.52
6:48	33	the		24	τῆς		attached-word	safe	0.6893	approved	0				Article of 'sea'
6:48	34	sea		25	θαλάσσης		global-review-known-rendering	safe	0.7893	approved	0				global known-rendering assignment; lexical score 0.64
6:48	37	would		27	ἤθελεν		global-review-known-rendering	safe	0.679	approved	0				global known-rendering assignment; lexical score 0.53
6:48	41	them		29	αὐτούς		global-review-known-rendering	safe	0.7375	approved	0				global known-rendering assignment; lexical score 0.59
6:49	5	saw		3	ἰδόντες		global-review-known-rendering	safe	0.7473	approved	0				global known-rendering assignment; lexical score 0.60
6:49	6	him		4	αὐτὸν		global-review-known-rendering	safe	0.7821	approved	0				global known-rendering assignment; lexical score 0.63
6:49	7	walking		8	περιπατοῦντα		global-review-known-rendering	safe	0.6714	approved	0				global known-rendering assignment; lexical score 0.52
6:49	9	the		6	τῆς		attached-word	safe	0.6893	approved	0				Article of 'sea'
6:49	10	sea		7	θαλάσσης		global-review-known-rendering	safe	0.7893	approved	0				global known-rendering assignment; lexical score 0.64
6:50	3	all		1	πάντες		global-review-known-rendering	safe	0.7295	approved	0				global known-rendering assignment; lexical score 0.58
6:50	4	saw		4	εἶδαν		global-review-known-rendering	safe	0.7473	approved	0				global known-rendering assignment; lexical score 0.60
6:50	5	him		3	αὐτὸν		global-review-known-rendering	safe	0.7821	approved	0				global known-rendering assignment; lexical score 0.63
6:50	8	troubled		6	ἐταράχθησαν		global-review-known-rendering	safe	0.65	approved	0				global known-rendering assignment; lexical score 0.50
6:50	13	said		14	λέγει		global-review-known-rendering	safe	0.7693	approved	0				global known-rendering assignment; lexical score 0.62
6:50	15	them		15	αὐτοῖς		global-review-known-rendering	safe	0.7375	approved	0				global known-rendering assignment; lexical score 0.59
6:50	20	I		17	ἐγώ		global-review-known-rendering	safe	0.7468	approved	0				global known-rendering assignment; lexical score 0.60
6:51	5	them		4	αὐτοὺς		global-review-known-rendering	safe	0.7375	approved	0				global known-rendering assignment; lexical score 0.59
6:51	6	into		5	εἰς		global-review-known-rendering	safe	0.7716	approved	0				global known-rendering assignment; lexical score 0.62
6:51	10	the		10	ὁ		attached-word	safe	0.574	approved	0				Article of 'wind'
6:51	11	wind		11	ἄνεμος		global-review-known-rendering	safe	0.674	approved	0				global known-rendering assignment; lexical score 0.52
6:51	21	themselves		17	ἑαυτοῖς		global-review-known-rendering	safe	0.6013	approved	0				global known-rendering assignment; lexical score 0.45
6:52	4	not		1	οὐ		global-review-known-rendering	safe	0.6288	approved	0				global known-rendering assignment; lexical score 0.48
6:52	9	the		5	τοῖς		attached-word	safe	0.6574	approved	0				Article of 'bread'
6:52	10	bread		6	ἄρτοις		global-review-known-rendering	safe	0.7574	approved	0				global known-rendering assignment; lexical score 0.61
6:52	12	their		9	αὐτῶν		global-review-known-rendering	safe	0.7837	approved	0				global known-rendering assignment; lexical score 0.63
6:52	13	hearts		11	καρδία		global-review-known-rendering	safe	0.7565	approved	0				global known-rendering assignment; lexical score 0.61
6:53	8	came		6	ἦλθον		global-review-known-rendering	safe	0.6006	approved	0				global known-rendering assignment; lexical score 0.45
6:53	16	land		5	γῆν		global-review-known-rendering	safe	0.7315	approved	0				global known-rendering assignment; lexical score 0.58
6:54	16	him		9	αὐτὸν		global-review-known-rendering	safe	0.7821	approved	0				global known-rendering assignment; lexical score 0.63
6:55	15	those		5	ἐκείνην		global-review-known-rendering	safe	0.5923	approved	0				global known-rendering assignment; lexical score 0.44
6:56	2	wherever		2	ὅπου		global-review-known-rendering	safe	0.65	approved	0				global known-rendering assignment; lexical score 0.50
6:56	5	into		5	εἰς		global-review-known-rendering	safe	0.7716	approved	0				global known-rendering assignment; lexical score 0.62
6:56	7	towns		6	κώμας		global-review-known-rendering	safe	0.6875	approved	0				global known-rendering assignment; lexical score 0.54
6:56	12	into		8	εἰς		global-review-known-rendering	safe	0.7716	approved	0				global known-rendering assignment; lexical score 0.62
6:56	21	into		11	εἰς		global-review-known-rendering	safe	0.7716	approved	0				global known-rendering assignment; lexical score 0.62
6:56	25	him		21	αὐτὸν		global-review-known-rendering	safe	0.7821	approved	0				global known-rendering assignment; lexical score 0.63
6:56	32	even		19	καὶ		global-review-known-rendering	safe	0.7191	approved	0				global known-rendering assignment; lexical score 0.57
6:56	37	his		28	αὐτοῦ		global-review-known-rendering	safe	0.7889	approved	0				global known-rendering assignment; lexical score 0.64
7:1	6	him		4	αὐτὸν		global-review-known-rendering	safe	0.7821	approved	0				global known-rendering assignment; lexical score 0.63
7:1	7	the		5	οἱ		attached-word	safe	0.7	approved	0				Article of 'Pharisees'
7:1	8	Pharisees		6	Φαρισαῖοι		global-review-known-rendering	safe	0.8	approved	0				global known-rendering assignment; lexical score 0.65
7:1	10	certain		8	τινες		global-review-known-rendering	safe	0.7752	approved	0				global known-rendering assignment; lexical score 0.63
7:1	12	the		9	τῶν		attached-word	safe	0.7	approved	0				Article of 'scribes'
7:1	13	scribes		10	γραμματέων		global-review-known-rendering	safe	0.8	approved	0				global known-rendering assignment; lexical score 0.65
7:1	16	come		11	ἐλθόντες		global-review-known-rendering	safe	0.612	approved	0				global known-rendering assignment; lexical score 0.46
7:2	3	seen		2	ἰδόντες		global-review-known-rendering	safe	0.6436	approved	0				global known-rendering assignment; lexical score 0.49
7:2	7	his		6	αὐτοῦ		global-review-known-rendering	safe	0.789	approved	0				global known-rendering assignment; lexical score 0.64
7:2	8	disciples		5	μαθητῶν		global-review-known-rendering	safe	0.8	approved	0				global known-rendering assignment; lexical score 0.65
7:2	11	bread		15	ἄρτους		global-review-known-rendering	safe	0.7568	approved	0				global known-rendering assignment; lexical score 0.61
7:2	17	hands		9	χερσίν		global-review-known-rendering	safe	0.7136	approved	0				global known-rendering assignment; lexical score 0.56
7:3	2	the				expands	supplied-article	safe	0.8	approved	0				article the original does not write; rests on 'Pharisees' → 'Φαρισαῖοι'
7:3	3	Pharisees		3	Φαρισαῖοι		global-review-known-rendering	safe	0.8	approved	0				global known-rendering assignment; lexical score 0.65
7:3	5	all		5	πάντες		global-review-known-rendering	safe	0.7295	approved	0				global known-rendering assignment; lexical score 0.58
7:3	6	the		6	οἱ		attached-word	safe	0.6945	approved	0				Article of 'Jews'
7:3	7	Jews		7	Ἰουδαῖοι		global-review-known-rendering	safe	0.7945	approved	0				global known-rendering assignment; lexical score 0.64
7:3	9	not		14	οὐκ		global-review-known-rendering	safe	0.6282	approved	0				global known-rendering assignment; lexical score 0.48
7:3	15	hands		13	χεῖρας		global-review-known-rendering	safe	0.7136	approved	0				global known-rendering assignment; lexical score 0.56
7:4	10	no		7	οὐκ		global-review-known-rendering	safe	0.6039	approved	0				global known-rendering assignment; lexical score 0.45
7:4	24	are		12	ἐστιν		global-review-known-rendering	safe	0.7847	approved	0				global known-rendering assignment; lexical score 0.63
7:4	36	cups		17	ποτηρίων		global-review-known-rendering	safe	0.8	approved	0				global known-rendering assignment; lexical score 0.65
7:5	2	the		4	οἱ		attached-word	safe	0.7	approved	0				Article of 'Pharisees'
7:5	3	Pharisees		5	Φαρισαῖοι		global-review-known-rendering	safe	0.8	approved	0				global known-rendering assignment; lexical score 0.65
7:5	5	the		7	οἱ		attached-word	safe	0.7	approved	0				Article of 'scribes'
7:5	6	scribes		8	γραμματεῖς		global-review-known-rendering	safe	0.8	approved	0				global known-rendering assignment; lexical score 0.65
7:5	11	him		3	αὐτὸν		global-review-known-rendering	safe	0.7821	approved	0				global known-rendering assignment; lexical score 0.63
7:5	12	Why		10	τί		global-review-known-rendering	safe	0.7688	approved	0				global known-rendering assignment; lexical score 0.62
7:5	14	your		15	σου		global-review-known-rendering	safe	0.7903	approved	0				global known-rendering assignment; lexical score 0.64
7:5	15	disciples		14	μαθηταί		global-review-known-rendering	safe	0.8	approved	0				global known-rendering assignment; lexical score 0.65
7:5	16	not		11	οὐ		global-review-known-rendering	safe	0.6282	approved	0				global known-rendering assignment; lexical score 0.48
7:5	26	bread		26	ἄρτον		global-review-known-rendering	safe	0.7568	approved	0				global known-rendering assignment; lexical score 0.61
7:5	29	hands		23	χερσὶν		global-review-known-rendering	safe	0.7136	approved	0				global known-rendering assignment; lexical score 0.56
7:6	3	said		3	εἶπεν		global-review-known-rendering	safe	0.7691	approved	0				global known-rendering assignment; lexical score 0.62
7:6	4	Well		5	Καλῶς		global-review-known-rendering	safe	0.63	approved	0				global known-rendering assignment; lexical score 0.48
7:6	6	Isaiah		7	Ἡσαΐας		global-review-known-rendering	safe	0.8	approved	0				global known-rendering assignment; lexical score 0.65
7:6	13	These		15	Οὗτος		global-review-known-rendering	safe	0.7895	approved	0				global known-rendering assignment; lexical score 0.64
7:6	16	me		20	με		global-review-known-rendering	safe	0.7921	approved	0				global known-rendering assignment; lexical score 0.64
7:6	20	lips		19	χείλεσίν		global-review-known-rendering	safe	0.8	approved	0				global known-rendering assignment; lexical score 0.65
7:6	22	their		25	αὐτῶν		global-review-known-rendering	safe	0.7838	approved	0				global known-rendering assignment; lexical score 0.63
7:6	23	heart		24	καρδία		global-review-known-rendering	safe	0.7784	approved	0				global known-rendering assignment; lexical score 0.63
7:6	27	me		29	ἐμοῦ		global-review-known-rendering	safe	0.7921	approved	0				global known-rendering assignment; lexical score 0.64
7:7	13	teaching		5	διδάσκοντες		global-review-known-rendering	safe	0.7591	approved	0				global known-rendering assignment; lexical score 0.61
7:7	17	men		8	ἀνθρώπων		global-review-known-rendering	safe	0.6223	approved	0				global known-rendering assignment; lexical score 0.47
7:8	8	God		5	Θεοῦ		global-review-known-rendering	safe	0.7935	approved	0				global known-rendering assignment; lexical score 0.64
7:8	14	men		10	ἀνθρώπων		global-review-known-rendering	safe	0.6223	approved	0				global known-rendering assignment; lexical score 0.47
7:9	3	said		2	ἔλεγεν		global-review-known-rendering	safe	0.7691	approved	0				global known-rendering assignment; lexical score 0.62
7:9	5	them		3	αὐτοῖς		global-review-known-rendering	safe	0.7386	approved	0				global known-rendering assignment; lexical score 0.59
7:9	15	God		9	Θεοῦ		global-review-known-rendering	safe	0.7935	approved	0				global known-rendering assignment; lexical score 0.64
7:9	20	keep		14	τηρήσητε		global-review-known-rendering	safe	0.611	approved	0				global known-rendering assignment; lexical score 0.46
7:10	2	Moses		1	Μωϋσῆς		global-review-known-rendering	safe	0.8	approved	0				global known-rendering assignment; lexical score 0.65
7:10	3	said		3	εἶπεν		global-review-known-rendering	safe	0.7691	approved	0				global known-rendering assignment; lexical score 0.62
7:10	7	your		7	σου		global-review-known-rendering	safe	0.7903	approved	0				global known-rendering assignment; lexical score 0.64
7:10	8	father		6	πατέρα		global-review-known-rendering	safe	0.7986	approved	0				global known-rendering assignment; lexical score 0.65
7:10	10	mother		10	μητέρα		global-review-known-rendering	safe	0.7696	approved	0				global known-rendering assignment; lexical score 0.62
7:10	17	father		15	πατέρα		global-review-known-rendering	safe	0.7986	approved	0				global known-rendering assignment; lexical score 0.65
7:10	19	mother		17	μητέρα		global-review-known-rendering	safe	0.7696	approved	0				global known-rendering assignment; lexical score 0.62
7:10	26	death		18	θανάτῳ		global-review-known-rendering	safe	0.6934	approved	0				global known-rendering assignment; lexical score 0.54
7:11	3	say		3	λέγετε		global-review-known-rendering	safe	0.7368	approved	0				global known-rendering assignment; lexical score 0.59
7:11	7	says		5	εἴπῃ		global-review-known-rendering	safe	0.7486	approved	0				global known-rendering assignment; lexical score 0.60
7:11	10	father		8	πατρὶ		global-review-known-rendering	safe	0.7986	approved	0				global known-rendering assignment; lexical score 0.65
7:11	13	mother		11	μητρί		global-review-known-rendering	safe	0.7696	approved	0				global known-rendering assignment; lexical score 0.62
7:11	23	me		19	ἐμοῦ		global-review-known-rendering	safe	0.7921	approved	0				global known-rendering assignment; lexical score 0.64
7:12	4	let		2	ἀφίετε		global-review-known-rendering	safe	0.6125	approved	0				global known-rendering assignment; lexical score 0.46
7:12	5	him		3	αὐτὸν		global-review-known-rendering	safe	0.7821	approved	0				global known-rendering assignment; lexical score 0.63
7:12	6	do		5	ποιῆσαι		global-review-known-rendering	safe	0.7276	approved	0				global known-rendering assignment; lexical score 0.58
7:12	10	father		7	πατρὶ		global-review-known-rendering	safe	0.7986	approved	0				global known-rendering assignment; lexical score 0.65
7:12	13	mother		10	μητρί		global-review-known-rendering	safe	0.7696	approved	0				global known-rendering assignment; lexical score 0.62
7:13	1	Making		15	ποιεῖτε		global-review-known-rendering	safe	0.7357	approved	0				global known-rendering assignment; lexical score 0.59
7:13	2	the		2	τὸν		attached-word	safe	0.6257	approved	0				Article of 'word'
7:13	3	word		3	λόγον		global-review-known-rendering	safe	0.7257	approved	0				global known-rendering assignment; lexical score 0.58
7:13	5	God		5	Θεοῦ		global-review-known-rendering	safe	0.7935	approved	0				global known-rendering assignment; lexical score 0.64
7:13	10	your		8	ὑμῶν		global-review-known-rendering	safe	0.7903	approved	0				global known-rendering assignment; lexical score 0.64
7:13	21	such		13	τοιαῦτα		global-review-known-rendering	safe	0.699	approved	0				global known-rendering assignment; lexical score 0.55
7:14	6	again		3	πάλιν		global-review-known-rendering	safe	0.5733	approved	0				global known-rendering assignment; lexical score 0.42
7:14	8	said		6	ἔλεγεν		global-review-known-rendering	safe	0.7691	approved	0				global known-rendering assignment; lexical score 0.62
7:14	10	them		7	αὐτοῖς		global-review-known-rendering	safe	0.7386	approved	0				global known-rendering assignment; lexical score 0.59
7:14	14	me		9	μου		global-review-known-rendering	safe	0.7921	approved	0				global known-rendering assignment; lexical score 0.64
7:14	15	all		10	πάντες		global-review-known-rendering	safe	0.7295	approved	0				global known-rendering assignment; lexical score 0.58
7:15	3	nothing		1	οὐδέν		global-review-known-rendering	safe	0.5944	approved	0				global known-rendering assignment; lexical score 0.44
7:15	9	into		7	εἰς		global-review-known-rendering	safe	0.771	approved	0				global known-rendering assignment; lexical score 0.62
7:15	10	him		8	αὐτὸν		global-review-known-rendering	safe	0.7821	approved	0				global known-rendering assignment; lexical score 0.63
7:15	12	able		10	δύναται		global-review-known-rendering	safe	0.6432	approved	0				global known-rendering assignment; lexical score 0.49
7:15	15	him		12	αὐτόν		global-review-known-rendering	safe	0.7821	approved	0				global known-rendering assignment; lexical score 0.63
7:15	26	are		19	ἐστιν		global-review-known-rendering	safe	0.7847	approved	0				global known-rendering assignment; lexical score 0.63
7:17	6	into		4	εἰς		global-review-known-rendering	safe	0.771	approved	0				global known-rendering assignment; lexical score 0.62
7:17	14	his		13	αὐτοῦ		global-review-known-rendering	safe	0.789	approved	0				global known-rendering assignment; lexical score 0.64
7:17	15	disciples		12	μαθηταὶ		global-review-known-rendering	safe	0.8	approved	0				global known-rendering assignment; lexical score 0.65
7:17	19	him		10	αὐτὸν		global-review-known-rendering	safe	0.7821	approved	0				global known-rendering assignment; lexical score 0.63
7:18	3	said		2	λέγει		global-review-known-rendering	safe	0.7691	approved	0				global known-rendering assignment; lexical score 0.62
7:18	5	them		3	αὐτοῖς		global-review-known-rendering	safe	0.7386	approved	0				global known-rendering assignment; lexical score 0.59
7:18	7	even		5	καὶ		global-review-known-rendering	safe	0.717	approved	0				global known-rendering assignment; lexical score 0.57
7:18	9	so		4	Οὕτως		global-review-known-rendering	safe	0.6682	approved	0				global known-rendering assignment; lexical score 0.52
7:18	14	not		9	οὐ		global-review-known-rendering	safe	0.6282	approved	0				global known-rendering assignment; lexical score 0.48
7:18	19	into		16	εἰς		global-review-known-rendering	safe	0.771	approved	0				global known-rendering assignment; lexical score 0.62
7:18	25	not		19	οὐ		global-review-known-rendering	safe	0.6282	approved	0				global known-rendering assignment; lexical score 0.48
7:18	26	able		20	δύναται		global-review-known-rendering	safe	0.6432	approved	0				global known-rendering assignment; lexical score 0.49
7:18	29	him		21	αὐτὸν		global-review-known-rendering	safe	0.7821	approved	0				global known-rendering assignment; lexical score 0.63
7:19	1	Because		1	ὅτι		global-review-known-rendering	safe	0.6762	approved	0				global known-rendering assignment; lexical score 0.53
7:19	4	not		2	οὐκ		global-review-known-rendering	safe	0.6282	approved	0				global known-rendering assignment; lexical score 0.48
7:19	5	into		5	εἰς		global-review-known-rendering	safe	0.771	approved	0				global known-rendering assignment; lexical score 0.62
7:19	6	the		6	τὴν		attached-word	safe	0.6784	approved	0				Article of 'heart'
7:19	7	heart		7	καρδίαν		global-review-known-rendering	safe	0.7784	approved	0				global known-rendering assignment; lexical score 0.63
7:19	9	into		9	εἰς		global-review-known-rendering	safe	0.771	approved	0				global known-rendering assignment; lexical score 0.62
7:19	10	the		10	τὴν		attached-word	safe	0.625	approved	0				Article of 'stomach'
7:19	11	stomach		11	κοιλίαν		global-review-known-rendering	safe	0.725	approved	0				global known-rendering assignment; lexical score 0.57
7:19	22	all		18	πάντα		global-review-known-rendering	safe	0.7295	approved	0				global known-rendering assignment; lexical score 0.58
7:20	3	said		1	ἔλεγεν		global-review-known-rendering	safe	0.7691	approved	0				global known-rendering assignment; lexical score 0.62
7:21	5	the		4	τῆς		attached-word	safe	0.6784	approved	0				Article of 'heart'
7:21	6	heart		5	καρδίας		global-review-known-rendering	safe	0.7784	approved	0				global known-rendering assignment; lexical score 0.63
7:21	8	men		7	ἀνθρώπων		global-review-known-rendering	safe	0.6223	approved	0				global known-rendering assignment; lexical score 0.47
7:21	11	thoughts		9	διαλογισμοὶ		global-review-known-rendering	safe	0.6125	approved	0				global known-rendering assignment; lexical score 0.46
7:22	26	eye		6	ὀφθαλμὸς		global-review-known-rendering	safe	0.7455	approved	0				global known-rendering assignment; lexical score 0.60
7:23	1	All		1	πάντα		global-review-known-rendering	safe	0.7295	approved	0				global known-rendering assignment; lexical score 0.58
7:23	2	these		2	ταῦτα		global-review-known-rendering	safe	0.7895	approved	0				global known-rendering assignment; lexical score 0.64
7:24	11	Tyre		8	Τύρου		global-review-known-rendering	safe	0.755	approved	0				global known-rendering assignment; lexical score 0.60
7:24	17	into		11	εἰς		global-review-known-rendering	safe	0.771	approved	0				global known-rendering assignment; lexical score 0.62
7:24	32	not		17	οὐκ		global-review-known-rendering	safe	0.6282	approved	0				global known-rendering assignment; lexical score 0.48
7:24	33	able		18	ἠδυνάσθη		global-review-known-rendering	safe	0.6432	approved	0				global known-rendering assignment; lexical score 0.49
7:25	2	a				expands	supplied-indefinite-article	safe	0.764	approved	0				indefinite article; rests on 'woman' → 'γυνὴ'
7:25	3	woman		4	γυνὴ		global-review-known-rendering	safe	0.764	approved	0				global known-rendering assignment; lexical score 0.61
7:25	4	whose		7	ἧς		global-review-known-rendering	safe	0.7071	approved	0				global known-rendering assignment; lexical score 0.56
7:25	7	had		8	εἶχεν		global-review-known-rendering	safe	0.6971	approved	0				global known-rendering assignment; lexical score 0.55
7:25	8	an				expands	supplied-indefinite-article	safe	0.74	approved	0				indefinite article; rests on 'unclean' → 'ἀκάθαρτον'
7:25	9	unclean		13	ἀκάθαρτον		global-review-known-rendering	safe	0.74	approved	0				global known-rendering assignment; lexical score 0.59
7:25	10	spirit		12	πνεῦμα		global-review-known-rendering	safe	0.7964	approved	0				global known-rendering assignment; lexical score 0.65
7:25	15	him		11	αὐτῆς		global-review-known-rendering	safe	0.7821	approved	0				global known-rendering assignment; lexical score 0.63
7:25	16	came		14	ἐλθοῦσα		global-review-known-rendering	safe	0.5999	approved	0				global known-rendering assignment; lexical score 0.45
7:25	23	his		19	αὐτοῦ		global-review-known-rendering	safe	0.789	approved	0				global known-rendering assignment; lexical score 0.64
7:25	24	feet		18	πόδας		global-review-known-rendering	safe	0.7939	approved	0				global known-rendering assignment; lexical score 0.64
7:26	2	the				expands	supplied-article	safe	0.764	approved	0				article the original does not write; rests on 'woman' → 'γυνὴ'
7:26	3	woman		3	γυνὴ		global-review-known-rendering	safe	0.764	approved	0				global known-rendering assignment; lexical score 0.61
7:26	17	him		11	αὐτὸν		global-review-known-rendering	safe	0.7821	approved	0				global known-rendering assignment; lexical score 0.63
7:26	27	her		19	αὐτῆς		global-review-known-rendering	safe	0.7896	approved	0				global known-rendering assignment; lexical score 0.64
7:26	28	daughter		18	θυγατρὸς		global-review-known-rendering	safe	0.7609	approved	0				global known-rendering assignment; lexical score 0.61
7:27	3	said		2	ἔλεγεν		global-review-known-rendering	safe	0.7691	approved	0				global known-rendering assignment; lexical score 0.62
7:27	5	her		3	αὐτῇ		global-review-known-rendering	safe	0.7896	approved	0				global known-rendering assignment; lexical score 0.64
7:27	6	Let		4	Ἄφες		global-review-known-rendering	safe	0.6125	approved	0				global known-rendering assignment; lexical score 0.46
7:27	16	not		9	οὐ		global-review-known-rendering	safe	0.6282	approved	0				global known-rendering assignment; lexical score 0.48
7:27	22	bread		15	ἄρτον		global-review-known-rendering	safe	0.7568	approved	0				global known-rendering assignment; lexical score 0.61
7:28	2	she		1	ἡ		global-review-known-rendering	safe	0.611	approved	0				global known-rendering assignment; lexical score 0.46
7:28	3	said		5	λέγει		global-review-known-rendering	safe	0.7691	approved	0				global known-rendering assignment; lexical score 0.62
7:28	5	him		6	αὐτῷ		global-review-known-rendering	safe	0.7821	approved	0				global known-rendering assignment; lexical score 0.63
7:28	7	answer		3	ἀπεκρίθη		global-review-known-rendering	safe	0.575	approved	0				global known-rendering assignment; lexical score 0.43
7:28	9	Lord		8	Κύριε		global-review-known-rendering	safe	0.7953	approved	0				global known-rendering assignment; lexical score 0.65
7:28	10	even		9	καὶ		global-review-known-rendering	safe	0.717	approved	0				global known-rendering assignment; lexical score 0.57
7:28	14	the		13	τῆς		attached-word	safe	0.61	approved	0				Article of 'table'
7:28	15	table		14	τραπέζης		global-review-known-rendering	safe	0.71	approved	0				global known-rendering assignment; lexical score 0.56
7:29	3	said		2	εἶπεν		global-review-known-rendering	safe	0.7691	approved	0				global known-rendering assignment; lexical score 0.62
7:29	5	her		3	αὐτῇ		global-review-known-rendering	safe	0.7896	approved	0				global known-rendering assignment; lexical score 0.64
7:29	7	this		5	τοῦτον		global-review-known-rendering	safe	0.7776	approved	0				global known-rendering assignment; lexical score 0.63
7:29	19	your		13	σου		global-review-known-rendering	safe	0.7903	approved	0				global known-rendering assignment; lexical score 0.64
7:29	20	daughter		12	θυγατρός		global-review-known-rendering	safe	0.7609	approved	0				global known-rendering assignment; lexical score 0.61
7:30	6	her		6	αὐτῆς		global-review-known-rendering	safe	0.7896	approved	0				global known-rendering assignment; lexical score 0.64
7:31	2	again		2	πάλιν		global-review-known-rendering	safe	0.5733	approved	0				global known-rendering assignment; lexical score 0.42
7:31	7	Tyre		7	Τύρου		global-review-known-rendering	safe	0.755	approved	0				global known-rendering assignment; lexical score 0.60
7:31	9	came		8	ἦλθεν		global-review-known-rendering	safe	0.5999	approved	0				global known-rendering assignment; lexical score 0.45
7:31	10	through		9	διὰ		global-review-known-rendering	safe	0.6083	approved	0				global known-rendering assignment; lexical score 0.46
7:31	11	Sidon		10	Σιδῶνος		global-review-known-rendering	safe	0.75	approved	0				global known-rendering assignment; lexical score 0.60
7:31	13	the		12	τὴν		attached-word	safe	0.6895	approved	0				Article of 'sea'
7:31	14	sea		13	θάλασσαν		global-review-known-rendering	safe	0.7895	approved	0				global known-rendering assignment; lexical score 0.64
7:31	16	Galilee		15	Γαλιλαίας		global-review-known-rendering	safe	0.7786	approved	0				global known-rendering assignment; lexical score 0.63
7:32	5	him		3	αὐτῷ		global-review-known-rendering	safe	0.7821	approved	0				global known-rendering assignment; lexical score 0.63
7:32	25	him		9	αὐτὸν		global-review-known-rendering	safe	0.7821	approved	0				global known-rendering assignment; lexical score 0.63
7:32	29	hands		14	χεῖρα		global-review-known-rendering	safe	0.7136	approved	0				global known-rendering assignment; lexical score 0.56
7:32	31	him		12	αὐτῷ		global-review-known-rendering	safe	0.7821	approved	0				global known-rendering assignment; lexical score 0.63
7:33	4	him		3	αὐτὸν		global-review-known-rendering	safe	0.7821	approved	0				global known-rendering assignment; lexical score 0.63
7:33	16	into		13	εἰς		global-review-known-rendering	safe	0.771	approved	0				global known-rendering assignment; lexical score 0.62
7:33	17	his		12	αὐτοῦ		global-review-known-rendering	safe	0.789	approved	0				global known-rendering assignment; lexical score 0.64
7:33	18	ears		15	ὦτα		global-review-known-rendering	safe	0.7036	approved	0				global known-rendering assignment; lexical score 0.55
7:33	24	his		16	αὐτοῦ		global-review-known-rendering	safe	0.789	approved	0				global known-rendering assignment; lexical score 0.64
7:33	29	tongue		21	γλώσσης		global-review-known-rendering	safe	0.6694	approved	0				global known-rendering assignment; lexical score 0.52
7:33	31	his		22	αὐτοῦ		global-review-known-rendering	safe	0.789	approved	0				global known-rendering assignment; lexical score 0.64
7:34	5	heaven		5	οὐρανὸν		global-review-known-rendering	safe	0.7891	approved	0				global known-rendering assignment; lexical score 0.64
7:34	12	said		8	λέγει		global-review-known-rendering	safe	0.7691	approved	0				global known-rendering assignment; lexical score 0.62
7:34	14	him		9	αὐτῷ		global-review-known-rendering	safe	0.7821	approved	0				global known-rendering assignment; lexical score 0.63
7:35	2	his		3	αὐτοῦ		global-review-known-rendering	safe	0.789	approved	0				global known-rendering assignment; lexical score 0.64
7:35	5	open		2	ἠνοίγησαν		global-review-known-rendering	safe	0.728	approved	0				global known-rendering assignment; lexical score 0.58
7:35	11	tongue		12	γλώσσης		global-review-known-rendering	safe	0.6694	approved	0				global known-rendering assignment; lexical score 0.52
7:35	14	loose		8	ἐλύθη		global-review-known-rendering	safe	0.8	approved	0				global known-rendering assignment; lexical score 0.65
7:35	16	his		13	αὐτοῦ		global-review-known-rendering	safe	0.789	approved	0				global known-rendering assignment; lexical score 0.64
7:36	4	them		3	αὐτοῖς		global-review-known-rendering	safe	0.7386	approved	0				global known-rendering assignment; lexical score 0.59
7:37	7	saying		4	λέγοντες		global-review-known-rendering	safe	0.7574	approved	0				global known-rendering assignment; lexical score 0.61
7:37	11	all		6	πάντα		global-review-known-rendering	safe	0.7295	approved	0				global known-rendering assignment; lexical score 0.58
7:37	13	well		5	Καλῶς		global-review-known-rendering	safe	0.63	approved	0				global known-rendering assignment; lexical score 0.48
7:37	15	even		8	καὶ		global-review-known-rendering	safe	0.717	approved	0				global known-rendering assignment; lexical score 0.57
8:1	2	those		2	ἐκείναις		global-review-known-rendering	safe	0.5891	approved	0				global known-rendering assignment; lexical score 0.44
8:1	3	days		4	ἡμέραις		global-review-known-rendering	safe	0.7747	approved	0				global known-rendering assignment; lexical score 0.62
8:1	4	again		5	πάλιν		global-review-known-rendering	safe	0.5733	approved	0				global known-rendering assignment; lexical score 0.42
8:1	15	had		11	ἐχόντων		global-review-known-rendering	safe	0.6964	approved	0				global known-rendering assignment; lexical score 0.55
8:1	21	disciples		16	μαθητὰς		global-review-known-rendering	safe	0.8	approved	0				global known-rendering assignment; lexical score 0.65
8:1	26	said		17	λέγει		global-review-known-rendering	safe	0.7691	approved	0				global known-rendering assignment; lexical score 0.62
8:1	28	them		18	αὐτοῖς		global-review-known-rendering	safe	0.7385	approved	0				global known-rendering assignment; lexical score 0.59
8:2	7	because		5	ὅτι		global-review-known-rendering	safe	0.6752	approved	0				global known-rendering assignment; lexical score 0.53
8:2	12	me		10	μοι		global-review-known-rendering	safe	0.7921	approved	0				global known-rendering assignment; lexical score 0.64
8:2	14	three		8	τρεῖς		global-review-known-rendering	safe	0.7864	approved	0				global known-rendering assignment; lexical score 0.64
8:2	15	days		7	ἡμέραι		global-review-known-rendering	safe	0.7747	approved	0				global known-rendering assignment; lexical score 0.62
8:2	17	have		13	ἔχουσιν		global-review-known-rendering	safe	0.7309	approved	0				global known-rendering assignment; lexical score 0.58
8:2	18	no		12	οὐκ		global-review-known-rendering	safe	0.6024	approved	0				global known-rendering assignment; lexical score 0.45
8:3	4	them		4	αὐτοὺς		global-review-known-rendering	safe	0.7385	approved	0				global known-rendering assignment; lexical score 0.59
8:3	7	their		8	αὐτῶν		global-review-known-rendering	safe	0.7838	approved	0				global known-rendering assignment; lexical score 0.63
8:3	19	the		11	τῇ		attached-word	safe	0.5103	approved	0				Article of 'way'
8:3	20	way		12	ὁδῷ		global-review-known-rendering	safe	0.6103	approved	0				global known-rendering assignment; lexical score 0.46
8:3	24	them		15	αὐτῶν		global-review-known-rendering	safe	0.7385	approved	0				global known-rendering assignment; lexical score 0.59
8:4	2	his		6	αὐτοῦ		global-review-known-rendering	safe	0.7889	approved	0				global known-rendering assignment; lexical score 0.64
8:4	3	disciples		5	μαθηταὶ		global-review-known-rendering	safe	0.8	approved	0				global known-rendering assignment; lexical score 0.65
8:4	6	answer		2	ἀπεκρίθησαν		global-review-known-rendering	safe	0.575	approved	0				global known-rendering assignment; lexical score 0.43
8:4	15	bread		14	ἄρτων		global-review-known-rendering	safe	0.7563	approved	0				global known-rendering assignment; lexical score 0.61
8:4	17	these		9	τούτους		global-review-known-rendering	safe	0.7895	approved	0				global known-rendering assignment; lexical score 0.64
8:4	19	here		12	ὧδε		global-review-known-rendering	safe	0.7437	approved	0				global known-rendering assignment; lexical score 0.59
8:5	8	bread		6	ἄρτους		global-review-known-rendering	safe	0.7563	approved	0				global known-rendering assignment; lexical score 0.61
8:5	9	have		5	ἔχετε		global-review-known-rendering	safe	0.7309	approved	0				global known-rendering assignment; lexical score 0.58
8:5	13	said		9	εἶπαν		global-review-known-rendering	safe	0.7691	approved	0				global known-rendering assignment; lexical score 0.62
8:5	14	Seven		10	Ἑπτά		global-review-known-rendering	safe	0.8	approved	0				global known-rendering assignment; lexical score 0.65
8:6	9	the		7	τῆς		attached-word	safe	0.6907	approved	0				Article of 'earth'
8:6	10	earth		8	γῆς		global-review-known-rendering	safe	0.7907	approved	0				global known-rendering assignment; lexical score 0.64
8:6	13	took		10	λαβὼν		global-review-known-rendering	safe	0.5793	approved	0				global known-rendering assignment; lexical score 0.43
8:6	14	the		11	τοὺς		attached-word	safe	0.7	approved	0				Article of 'seven'
8:6	15	seven		12	ἑπτὰ		global-review-known-rendering	safe	0.8	approved	0				global known-rendering assignment; lexical score 0.65
8:6	19	given		17	ἐδίδου		global-review-known-rendering	safe	0.7426	approved	0				global known-rendering assignment; lexical score 0.59
8:6	25	bread		13	ἄρτους		global-review-known-rendering	safe	0.7563	approved	0				global known-rendering assignment; lexical score 0.61
8:6	27	his		20	αὐτοῦ		global-review-known-rendering	safe	0.7889	approved	0				global known-rendering assignment; lexical score 0.64
8:6	28	disciples		19	μαθηταῖς		global-review-known-rendering	safe	0.8	approved	0				global known-rendering assignment; lexical score 0.65
8:7	3	had		2	εἶχαν		global-review-known-rendering	safe	0.6964	approved	0				global known-rendering assignment; lexical score 0.55
8:8	13	seven		9	ἑπτὰ		global-review-known-rendering	safe	0.8	approved	0				global known-rendering assignment; lexical score 0.65
8:9	11	them		7	αὐτούς		global-review-known-rendering	safe	0.7385	approved	0				global known-rendering assignment; lexical score 0.59
8:10	4	into		4	εἰς		global-review-known-rendering	safe	0.7712	approved	0				global known-rendering assignment; lexical score 0.62
8:10	8	his		10	αὐτοῦ		global-review-known-rendering	safe	0.7889	approved	0				global known-rendering assignment; lexical score 0.64
8:10	9	disciples		9	μαθητῶν		global-review-known-rendering	safe	0.8	approved	0				global known-rendering assignment; lexical score 0.65
8:10	13	came		11	ἦλθεν		global-review-known-rendering	safe	0.601	approved	0				global known-rendering assignment; lexical score 0.45
8:10	14	into		12	εἰς		global-review-known-rendering	safe	0.7712	approved	0				global known-rendering assignment; lexical score 0.62
8:11	2	the		3	οἱ		attached-word	safe	0.7	approved	0				Article of 'Pharisees'
8:11	3	Pharisees		4	Φαρισαῖοι		global-review-known-rendering	safe	0.8	approved	0				global known-rendering assignment; lexical score 0.65
8:11	10	him		8	αὐτῷ		global-review-known-rendering	safe	0.7821	approved	0				global known-rendering assignment; lexical score 0.63
8:11	13	him		11	αὐτοῦ		global-review-known-rendering	safe	0.7821	approved	0				global known-rendering assignment; lexical score 0.63
8:11	14	a				expands	supplied-indefinite-article	safe	0.7833	approved	0				indefinite article; rests on 'sign' → 'σημεῖον'
8:11	15	sign		12	σημεῖον		global-review-known-rendering	safe	0.7833	approved	0				global known-rendering assignment; lexical score 0.63
8:11	17	heaven		15	οὐρανοῦ		global-review-known-rendering	safe	0.7891	approved	0				global known-rendering assignment; lexical score 0.64
8:11	19	him		17	αὐτόν		global-review-known-rendering	safe	0.7821	approved	0				global known-rendering assignment; lexical score 0.63
8:12	7	spirit		4	πνεύματι		global-review-known-rendering	safe	0.7964	approved	0				global known-rendering assignment; lexical score 0.65
8:12	9	said		6	λέγει		global-review-known-rendering	safe	0.7691	approved	0				global known-rendering assignment; lexical score 0.62
8:12	10	Why		7	Τί		global-review-known-rendering	safe	0.7679	approved	0				global known-rendering assignment; lexical score 0.62
8:12	12	this		10	αὕτη		global-review-known-rendering	safe	0.7776	approved	0				global known-rendering assignment; lexical score 0.63
8:12	13	generation		9	γενεὰ		global-review-known-rendering	safe	0.7229	approved	0				global known-rendering assignment; lexical score 0.57
8:12	16	a				expands	supplied-indefinite-article	safe	0.7833	approved	0				indefinite article; rests on 'sign' → 'σημεῖον'
8:12	17	sign		12	σημεῖον		global-review-known-rendering	safe	0.7833	approved	0				global known-rendering assignment; lexical score 0.63
8:12	20	say		14	λέγω		global-review-known-rendering	safe	0.7335	approved	0				global known-rendering assignment; lexical score 0.58
8:12	24	sign		21	σημεῖον		global-review-known-rendering	safe	0.7833	approved	0				global known-rendering assignment; lexical score 0.63
8:12	27	given		17	δοθήσεται		global-review-known-rendering	safe	0.7426	approved	0				global known-rendering assignment; lexical score 0.59
8:12	29	this		20	ταύτῃ		global-review-known-rendering	safe	0.7776	approved	0				global known-rendering assignment; lexical score 0.63
8:12	30	generation		19	γενεᾷ		global-review-known-rendering	safe	0.7229	approved	0				global known-rendering assignment; lexical score 0.57
8:13	6	them		3	αὐτοὺς		global-review-known-rendering	safe	0.7385	approved	0				global known-rendering assignment; lexical score 0.59
8:13	8	again		4	πάλιν		global-review-known-rendering	safe	0.5733	approved	0				global known-rendering assignment; lexical score 0.42
8:13	10	into		7	εἰς		global-review-known-rendering	safe	0.7712	approved	0				global known-rendering assignment; lexical score 0.62
8:14	5	no		10	οὐκ		global-review-known-rendering	safe	0.6024	approved	0				global known-rendering assignment; lexical score 0.45
8:14	9	bread		4	ἄρτους		global-review-known-rendering	safe	0.7563	approved	0				global known-rendering assignment; lexical score 0.61
8:14	12	had		11	εἶχον		global-review-known-rendering	safe	0.6964	approved	0				global known-rendering assignment; lexical score 0.55
8:14	14	one		8	ἕνα		global-review-known-rendering	safe	0.6353	approved	0				global known-rendering assignment; lexical score 0.49
8:14	17	bread		9	ἄρτον		global-review-known-rendering	safe	0.7563	approved	0				global known-rendering assignment; lexical score 0.61
8:15	3	said		4	λέγων		global-review-known-rendering	safe	0.7691	approved	0				global known-rendering assignment; lexical score 0.62
8:15	5	them		3	αὐτοῖς		global-review-known-rendering	safe	0.7385	approved	0				global known-rendering assignment; lexical score 0.59
8:15	14	the		8	τῆς		attached-word	safe	0.7	approved	0				Article of 'leaven'
8:15	15	leaven		9	ζύμης		global-review-known-rendering	safe	0.8	approved	0				global known-rendering assignment; lexical score 0.65
8:15	17	the		10	τῶν		attached-word	safe	0.7	approved	0				Article of 'Pharisees'
8:15	18	Pharisees		11	Φαρισαίων		global-review-known-rendering	safe	0.8	approved	0				global known-rendering assignment; lexical score 0.65
8:15	20	the		13	τῆς		attached-word	safe	0.7	approved	0				Article of 'leaven'
8:15	21	leaven		14	ζύμης		global-review-known-rendering	safe	0.8	approved	0				global known-rendering assignment; lexical score 0.65
8:15	23	Herod		15	Ἡρῴδου		global-review-known-rendering	safe	0.8	approved	0				global known-rendering assignment; lexical score 0.65
8:16	8	have		8	ἔχουσιν		global-review-known-rendering	safe	0.7309	approved	0				global known-rendering assignment; lexical score 0.58
8:16	9	no		7	οὐκ		global-review-known-rendering	safe	0.6024	approved	0				global known-rendering assignment; lexical score 0.45
8:16	10	bread		6	ἄρτους		global-review-known-rendering	safe	0.7563	approved	0				global known-rendering assignment; lexical score 0.61
8:17	5	said		3	λέγει		global-review-known-rendering	safe	0.7691	approved	0				global known-rendering assignment; lexical score 0.62
8:17	7	them		4	αὐτοῖς		global-review-known-rendering	safe	0.7385	approved	0				global known-rendering assignment; lexical score 0.59
8:17	8	Why		5	Τί		global-review-known-rendering	safe	0.7679	approved	0				global known-rendering assignment; lexical score 0.62
8:17	14	because		7	ὅτι		global-review-known-rendering	safe	0.6752	approved	0				global known-rendering assignment; lexical score 0.53
8:17	16	have		10	ἔχετε		global-review-known-rendering	safe	0.7309	approved	0				global known-rendering assignment; lexical score 0.58
8:17	18	bread		8	ἄρτους		global-review-known-rendering	safe	0.7563	approved	0				global known-rendering assignment; lexical score 0.61
8:17	22	not		9	οὐκ		global-review-known-rendering	safe	0.6285	approved	0				global known-rendering assignment; lexical score 0.48
8:17	33	your		19	ὑμῶν		global-review-known-rendering	safe	0.7903	approved	0				global known-rendering assignment; lexical score 0.64
8:17	34	hearts		18	καρδίαν		global-review-known-rendering	safe	0.7565	approved	0				global known-rendering assignment; lexical score 0.61
8:18	1	Having		2	ἔχοντες		global-review-known-rendering	safe	0.7839	approved	0				global known-rendering assignment; lexical score 0.63
8:18	2	eyes		1	ὀφθαλμοὺς		global-review-known-rendering	safe	0.7723	approved	0				global known-rendering assignment; lexical score 0.62
8:18	5	not		3	οὐ		global-review-known-rendering	safe	0.6285	approved	0				global known-rendering assignment; lexical score 0.48
8:18	8	having		7	ἔχοντες		global-review-known-rendering	safe	0.7839	approved	0				global known-rendering assignment; lexical score 0.63
8:18	9	ears		6	ὦτα		global-review-known-rendering	safe	0.6914	approved	0				global known-rendering assignment; lexical score 0.54
8:18	12	no		8	οὐκ		global-review-known-rendering	safe	0.6024	approved	0				global known-rendering assignment; lexical score 0.45
8:18	17	no		11	οὐ		global-review-known-rendering	safe	0.6024	approved	0				global known-rendering assignment; lexical score 0.45
8:19	7	the		2	τοὺς		attached-word	safe	0.7	approved	0				Article of 'five'
8:19	8	five		3	πέντε		global-review-known-rendering	safe	0.8	approved	0				global known-rendering assignment; lexical score 0.65
8:19	11	bread		4	ἄρτους		global-review-known-rendering	safe	0.7563	approved	0				global known-rendering assignment; lexical score 0.61
8:19	19	baskets		10	κοφίνους		global-review-known-rendering	safe	0.6714	approved	0				global known-rendering assignment; lexical score 0.52
8:19	29	said		14	λέγουσιν		global-review-known-rendering	safe	0.7691	approved	0				global known-rendering assignment; lexical score 0.62
8:19	31	him		15	αὐτῷ		global-review-known-rendering	safe	0.7821	approved	0				global known-rendering assignment; lexical score 0.63
8:19	32	Twelve		16	Δώδεκα		global-review-known-rendering	safe	0.8	approved	0				global known-rendering assignment; lexical score 0.65
8:20	3	the		2	τοὺς		attached-word	safe	0.7	approved	0				Article of 'seven'
8:20	4	seven		3	ἑπτὰ		global-review-known-rendering	safe	0.8	approved	0				global known-rendering assignment; lexical score 0.65
8:20	23	said		13	λέγουσιν		global-review-known-rendering	safe	0.7691	approved	0				global known-rendering assignment; lexical score 0.62
8:20	26	Seven		14	Ἑπτά		global-review-known-rendering	safe	0.8	approved	0				global known-rendering assignment; lexical score 0.65
8:21	3	said		2	ἔλεγεν		global-review-known-rendering	safe	0.7691	approved	0				global known-rendering assignment; lexical score 0.62
8:21	5	them		3	αὐτοῖς		global-review-known-rendering	safe	0.7385	approved	0				global known-rendering assignment; lexical score 0.59
8:22	3	came		2	ἔρχονται		global-review-known-rendering	safe	0.601	approved	0				global known-rendering assignment; lexical score 0.45
8:22	9	a				expands	supplied-indefinite-article	safe	0.8	approved	0				indefinite article; rests on 'blind' → 'τυφλὸν'
8:22	10	blind		8	τυφλὸν		global-review-known-rendering	safe	0.8	approved	0				global known-rendering assignment; lexical score 0.65
8:22	13	him		7	αὐτῷ		global-review-known-rendering	safe	0.7821	approved	0				global known-rendering assignment; lexical score 0.63
8:22	15	him		11	αὐτὸν		global-review-known-rendering	safe	0.7821	approved	0				global known-rendering assignment; lexical score 0.63
8:22	18	his		13	αὐτοῦ		global-review-known-rendering	safe	0.7889	approved	0				global known-rendering assignment; lexical score 0.64
8:23	4	the		5	τοῦ		attached-word	safe	0.7	approved	0				Article of 'blind'
8:23	5	blind		6	τυφλοῦ		global-review-known-rendering	safe	0.8	approved	0				global known-rendering assignment; lexical score 0.65
8:23	8	the		3	τῆς		attached-word	safe	0.4877	approved	0				Article of 'hand'
8:23	9	hand		4	χειρὸς		global-review-known-rendering	safe	0.5877	approved	0				global known-rendering assignment; lexical score 0.44
8:23	13	him		8	αὐτὸν		global-review-known-rendering	safe	0.7821	approved	0				global known-rendering assignment; lexical score 0.63
8:23	16	the		10	τῆς		attached-word	safe	0.7	approved	0				Article of 'town'
8:23	17	town		11	κώμης		global-review-known-rendering	safe	0.8	approved	0				global known-rendering assignment; lexical score 0.65
8:23	25	his		17	αὐτοῦ		global-review-known-rendering	safe	0.7889	approved	0				global known-rendering assignment; lexical score 0.64
8:23	33	hands		20	χεῖρας		global-review-known-rendering	safe	0.7153	approved	0				global known-rendering assignment; lexical score 0.57
8:23	35	him		23	αὐτόν		global-review-known-rendering	safe	0.7821	approved	0				global known-rendering assignment; lexical score 0.63
8:23	41	anything		25	τι		global-review-known-rendering	safe	0.6337	approved	0				global known-rendering assignment; lexical score 0.48
8:24	5	said		3	ἔλεγεν		global-review-known-rendering	safe	0.7691	approved	0				global known-rendering assignment; lexical score 0.62
8:24	8	men		6	ἀνθρώπους		global-review-known-rendering	safe	0.6223	approved	0				global known-rendering assignment; lexical score 0.47
8:24	10	see		10	ὁρῶ		global-review-known-rendering	safe	0.6327	approved	0				global known-rendering assignment; lexical score 0.48
8:24	13	trees		9	δένδρα		global-review-known-rendering	safe	0.7	approved	0				global known-rendering assignment; lexical score 0.55
8:24	14	walking		11	περιπατοῦντας		global-review-known-rendering	safe	0.68	approved	0				global known-rendering assignment; lexical score 0.53
8:25	2	again		2	πάλιν		global-review-known-rendering	safe	0.5733	approved	0				global known-rendering assignment; lexical score 0.42
8:25	6	hands		5	χεῖρας		global-review-known-rendering	safe	0.7153	approved	0				global known-rendering assignment; lexical score 0.57
8:25	8	his		9	αὐτοῦ		global-review-known-rendering	safe	0.7889	approved	0				global known-rendering assignment; lexical score 0.64
8:25	9	eyes		8	ὀφθαλμοὺς		global-review-known-rendering	safe	0.7723	approved	0				global known-rendering assignment; lexical score 0.62
8:26	4	him		3	αὐτὸν		global-review-known-rendering	safe	0.7821	approved	0				global known-rendering assignment; lexical score 0.63
8:26	7	his		6	αὐτοῦ		global-review-known-rendering	safe	0.7889	approved	0				global known-rendering assignment; lexical score 0.64
8:26	9	saying		7	λέγων		global-review-known-rendering	safe	0.7571	approved	0				global known-rendering assignment; lexical score 0.61
8:26	12	even		1	καὶ		global-review-known-rendering	safe	0.717	approved	0				global known-rendering assignment; lexical score 0.57
8:26	14	into		9	εἰς		global-review-known-rendering	safe	0.7712	approved	0				global known-rendering assignment; lexical score 0.62
8:26	15	the		10	τὴν		attached-word	safe	0.7	approved	0				Article of 'town'
8:26	16	town		11	κώμην		global-review-known-rendering	safe	0.8	approved	0				global known-rendering assignment; lexical score 0.65
8:27	2	Jesus		4	Ἰησοῦς		global-review-known-rendering	safe	0.797	approved	0				global known-rendering assignment; lexical score 0.65
8:27	6	his		8	αὐτοῦ		global-review-known-rendering	safe	0.7889	approved	0				global known-rendering assignment; lexical score 0.64
8:27	7	disciples		7	μαθηταὶ		global-review-known-rendering	safe	0.8	approved	0				global known-rendering assignment; lexical score 0.65
8:27	8	into		9	εἰς		global-review-known-rendering	safe	0.7712	approved	0				global known-rendering assignment; lexical score 0.62
8:27	13	Caesarea		12	Καισαρίας		global-review-known-rendering	safe	0.8	approved	0				global known-rendering assignment; lexical score 0.65
8:27	17	the		17	τῇ		attached-word	safe	0.5103	approved	0				Article of 'way'
8:27	18	way		18	ὁδῷ		global-review-known-rendering	safe	0.6103	approved	0				global known-rendering assignment; lexical score 0.46
8:27	24	his		22	αὐτοῦ		global-review-known-rendering	safe	0.7889	approved	0				global known-rendering assignment; lexical score 0.64
8:27	25	disciples		21	μαθητὰς		global-review-known-rendering	safe	0.8	approved	0				global known-rendering assignment; lexical score 0.65
8:27	26	saying		23	λέγων		global-review-known-rendering	safe	0.7571	approved	0				global known-rendering assignment; lexical score 0.61
8:27	29	men		29	ἄνθρωποι		global-review-known-rendering	safe	0.6223	approved	0				global known-rendering assignment; lexical score 0.47
8:27	30	say		27	λέγουσιν		global-review-known-rendering	safe	0.7335	approved	0				global known-rendering assignment; lexical score 0.58
8:27	33	am		30	εἶναι		global-review-known-rendering	safe	0.7904	approved	0				global known-rendering assignment; lexical score 0.64
8:28	5	John		7	Ἰωάνην		global-review-known-rendering	safe	0.8	approved	0				global known-rendering assignment; lexical score 0.65
8:28	6	the		8	τὸν		attached-word	safe	0.6591	approved	0				Article of 'Baptist'
8:28	7	Baptist		9	Βαπτιστήν		global-review-known-rendering	safe	0.7591	approved	0				global known-rendering assignment; lexical score 0.61
8:28	9	others		11	ἄλλοι		global-review-known-rendering	safe	0.5882	approved	0				global known-rendering assignment; lexical score 0.44
8:28	10	Elijah		12	Ἡλείαν		global-review-known-rendering	safe	0.7845	approved	0				global known-rendering assignment; lexical score 0.63
8:28	12	others		13	ἄλλοι		global-review-known-rendering	safe	0.5882	approved	0				global known-rendering assignment; lexical score 0.44
8:28	13	One		16	εἷς		global-review-known-rendering	safe	0.6353	approved	0				global known-rendering assignment; lexical score 0.49
8:28	15	the		17	τῶν		attached-word	safe	0.6586	approved	0				Article of 'prophets'
8:28	16	prophets		18	προφητῶν		global-review-known-rendering	safe	0.7586	approved	0				global known-rendering assignment; lexical score 0.61
8:29	3	said		9	λέγετε		global-review-known-rendering	safe	0.7691	approved	0				global known-rendering assignment; lexical score 0.62
8:29	5	them		4	αὐτούς		global-review-known-rendering	safe	0.7385	approved	0				global known-rendering assignment; lexical score 0.59
8:29	12	am		10	εἶναι		global-review-known-rendering	safe	0.7904	approved	0				global known-rendering assignment; lexical score 0.64
8:29	13	Peter		13	Πέτρος		global-review-known-rendering	safe	0.8	approved	0				global known-rendering assignment; lexical score 0.65
8:29	14	said		14	λέγει		global-review-known-rendering	safe	0.7691	approved	0				global known-rendering assignment; lexical score 0.62
8:29	16	answer		11	ἀποκριθεὶς		global-review-known-rendering	safe	0.575	approved	0				global known-rendering assignment; lexical score 0.43
8:29	18	are		17	εἶ		global-review-known-rendering	safe	0.7848	approved	0				global known-rendering assignment; lexical score 0.63
8:29	19	the		18	ὁ		attached-word	safe	0.7	approved	0				Article of 'Christ'
8:29	20	Christ		19	Χριστός		global-review-known-rendering	safe	0.8	approved	0				global known-rendering assignment; lexical score 0.65
8:30	4	them		3	αὐτοῖς		global-review-known-rendering	safe	0.7385	approved	0				global known-rendering assignment; lexical score 0.59
8:30	9	say		6	λέγωσιν		global-review-known-rendering	safe	0.7335	approved	0				global known-rendering assignment; lexical score 0.58
8:30	12	him		8	αὐτοῦ		global-review-known-rendering	safe	0.7821	approved	0				global known-rendering assignment; lexical score 0.63
8:31	2	teaching		3	διδάσκειν		global-review-known-rendering	safe	0.7609	approved	0				global known-rendering assignment; lexical score 0.61
8:31	3	them		4	αὐτοὺς		global-review-known-rendering	safe	0.7385	approved	0				global known-rendering assignment; lexical score 0.59
8:31	7	the		7	τὸν		attached-word	safe	0.6729	approved	0				Article of 'Son'
8:31	8	Son		8	Υἱὸν		global-review-known-rendering	safe	0.7729	approved	0				global known-rendering assignment; lexical score 0.62
8:31	15	much		11	πολλὰ		global-review-known-rendering	safe	0.6676	approved	0				global known-rendering assignment; lexical score 0.52
8:31	24	the		19	τῶν		attached-word	safe	0.6078	approved	0				Article of 'chief'
8:31	26	priests		20	ἀρχιερέων		global-review-known-rendering	safe	0.7078	approved	0				global known-rendering assignment; lexical score 0.56
8:31	28	the		22	τῶν		attached-word	safe	0.7	approved	0				Article of 'scribes'
8:31	29	scribes		23	γραμματέων		global-review-known-rendering	safe	0.8	approved	0				global known-rendering assignment; lexical score 0.65
8:31	37	three		28	τρεῖς		global-review-known-rendering	safe	0.7864	approved	0				global known-rendering assignment; lexical score 0.64
8:31	38	days		29	ἡμέρας		global-review-known-rendering	safe	0.7747	approved	0				global known-rendering assignment; lexical score 0.62
8:32	7	Peter		9	Πέτρος		global-review-known-rendering	safe	0.8	approved	0				global known-rendering assignment; lexical score 0.65
8:32	9	him		13	αὐτῷ		global-review-known-rendering	safe	0.7821	approved	0				global known-rendering assignment; lexical score 0.63
8:33	7	his		8	αὐτοῦ		global-review-known-rendering	safe	0.7889	approved	0				global known-rendering assignment; lexical score 0.64
8:33	8	disciples		7	μαθητὰς		global-review-known-rendering	safe	0.8	approved	0				global known-rendering assignment; lexical score 0.65
8:33	9	said		12	λέγει		global-review-known-rendering	safe	0.7691	approved	0				global known-rendering assignment; lexical score 0.62
8:33	12	Peter		10	Πέτρῳ		global-review-known-rendering	safe	0.8	approved	0				global known-rendering assignment; lexical score 0.65
8:33	16	my		15	μου		global-review-known-rendering	safe	0.7674	approved	0				global known-rendering assignment; lexical score 0.62
8:33	18	Satan		16	Σατανᾶ		global-review-known-rendering	safe	0.8	approved	0				global known-rendering assignment; lexical score 0.65
8:33	23	not		18	οὐ		global-review-known-rendering	safe	0.6285	approved	0				global known-rendering assignment; lexical score 0.48
8:33	28	God		22	Θεοῦ		global-review-known-rendering	safe	0.7935	approved	0				global known-rendering assignment; lexical score 0.64
8:33	34	men		26	ἀνθρώπων		global-review-known-rendering	safe	0.6223	approved	0				global known-rendering assignment; lexical score 0.47
8:34	9	his		8	αὐτοῦ		global-review-known-rendering	safe	0.7889	approved	0				global known-rendering assignment; lexical score 0.64
8:34	10	disciples		7	μαθηταῖς		global-review-known-rendering	safe	0.8	approved	0				global known-rendering assignment; lexical score 0.65
8:34	12	said		9	εἶπεν		global-review-known-rendering	safe	0.7691	approved	0				global known-rendering assignment; lexical score 0.62
8:34	14	them		10	αὐτοῖς		global-review-known-rendering	safe	0.7385	approved	0				global known-rendering assignment; lexical score 0.59
8:34	16	any		12	τις		global-review-known-rendering	safe	0.6017	approved	0				global known-rendering assignment; lexical score 0.45
8:34	22	come		16	ἐλθεῖν		global-review-known-rendering	safe	0.6099	approved	0				global known-rendering assignment; lexical score 0.46
8:34	24	me		15	μου		global-review-known-rendering	safe	0.7921	approved	0				global known-rendering assignment; lexical score 0.64
8:34	35	his		23	αὐτοῦ		global-review-known-rendering	safe	0.7889	approved	0				global known-rendering assignment; lexical score 0.64
8:34	36	cross		22	σταυρὸν		global-review-known-rendering	safe	0.8	approved	0				global known-rendering assignment; lexical score 0.65
8:34	40	me		26	μοι		global-review-known-rendering	safe	0.7921	approved	0				global known-rendering assignment; lexical score 0.64
8:35	7	his		7	αὐτοῦ		global-review-known-rendering	safe	0.7889	approved	0				global known-rendering assignment; lexical score 0.64
8:35	14	him		10	αὐτήν		global-review-known-rendering	safe	0.7821	approved	0				global known-rendering assignment; lexical score 0.63
8:35	19	his		17	αὐτοῦ		global-review-known-rendering	safe	0.7889	approved	0				global known-rendering assignment; lexical score 0.64
8:35	23	me		19	ἐμοῦ		global-review-known-rendering	safe	0.7921	approved	0				global known-rendering assignment; lexical score 0.64
8:36	1	What		1	τί		global-review-known-rendering	safe	0.6812	approved	0				global known-rendering assignment; lexical score 0.53
8:36	10	the		6	τὸν		attached-word	safe	0.6092	approved	0				Article of 'world'
8:36	11	world		7	κόσμον		global-review-known-rendering	safe	0.7092	approved	0				global known-rendering assignment; lexical score 0.56
8:36	16	his		13	αὐτοῦ		global-review-known-rendering	safe	0.7889	approved	0				global known-rendering assignment; lexical score 0.64
8:37	2	what		1	τί		global-review-known-rendering	safe	0.6812	approved	0				global known-rendering assignment; lexical score 0.53
8:37	6	give		3	δοῖ		global-review-known-rendering	safe	0.7326	approved	0				global known-rendering assignment; lexical score 0.58
8:37	10	his		8	αὐτοῦ		global-review-known-rendering	safe	0.7889	approved	0				global known-rendering assignment; lexical score 0.64
8:38	9	me		5	με		global-review-known-rendering	safe	0.7921	approved	0				global known-rendering assignment; lexical score 0.64
8:38	14	this		13	ταύτῃ		global-review-known-rendering	safe	0.7776	approved	0				global known-rendering assignment; lexical score 0.63
8:38	18	generation		12	γενεᾷ		global-review-known-rendering	safe	0.7229	approved	0				global known-rendering assignment; lexical score 0.57
8:38	19	the		19	ὁ		attached-word	safe	0.6729	approved	0				Article of 'Son'
8:38	20	Son		20	Υἱὸς		global-review-known-rendering	safe	0.7729	approved	0				global known-rendering assignment; lexical score 0.62
8:38	31	him		24	αὐτὸν		global-review-known-rendering	safe	0.7821	approved	0				global known-rendering assignment; lexical score 0.63
8:38	34	comes		26	ἔλθῃ		global-review-known-rendering	safe	0.6287	approved	0				global known-rendering assignment; lexical score 0.48
8:38	36	the		28	τῇ		attached-word	safe	0.6241	approved	0				Article of 'glory'
8:38	37	glory		29	δόξῃ		global-review-known-rendering	safe	0.7241	approved	0				global known-rendering assignment; lexical score 0.57
8:38	39	his		32	αὐτοῦ		global-review-known-rendering	safe	0.7889	approved	0				global known-rendering assignment; lexical score 0.64
8:38	40	Father		31	Πατρὸς		global-review-known-rendering	safe	0.7987	approved	0				global known-rendering assignment; lexical score 0.65
8:38	42	the		34	τῶν		attached-word	safe	0.6889	approved	0				Article of 'holy'
8:38	43	holy		37	ἁγίων		global-review-known-rendering	safe	0.7831	approved	0				global known-rendering assignment; lexical score 0.63
8:38	44	angels		35	ἀγγέλων		global-review-known-rendering	safe	0.7889	approved	0				global known-rendering assignment; lexical score 0.64
9:1	3	said		2	ἔλεγεν		global-review-known-rendering	safe	0.769	approved	0				global known-rendering assignment; lexical score 0.62
9:1	5	them		3	αὐτοῖς		global-review-known-rendering	safe	0.7378	approved	0				global known-rendering assignment; lexical score 0.59
9:1	8	say		5	λέγω		global-review-known-rendering	safe	0.7337	approved	0				global known-rendering assignment; lexical score 0.58
9:1	12	are		8	εἰσίν		global-review-known-rendering	safe	0.7848	approved	0				global known-rendering assignment; lexical score 0.63
9:1	14	here		10	ὧδε		global-review-known-rendering	safe	0.7426	approved	0				global known-rendering assignment; lexical score 0.59
9:1	18	no		14	οὐ		global-review-known-rendering	safe	0.6031	approved	0				global known-rendering assignment; lexical score 0.45
9:1	19	taste		16	γεύσωνται		global-review-known-rendering	safe	0.8	approved	0				global known-rendering assignment; lexical score 0.65
9:1	21	death		17	θανάτου		global-review-known-rendering	safe	0.6934	approved	0				global known-rendering assignment; lexical score 0.54
9:1	22	till		18	ἕως		global-review-known-rendering	safe	0.6258	approved	0				global known-rendering assignment; lexical score 0.48
9:1	24	see		20	ἴδωσιν		global-review-known-rendering	safe	0.6298	approved	0				global known-rendering assignment; lexical score 0.48
9:1	25	the		21	τὴν		attached-word	safe	0.7	approved	0				Article of 'kingdom'
9:1	26	kingdom		22	βασιλείαν		global-review-known-rendering	safe	0.8	approved	0				global known-rendering assignment; lexical score 0.65
9:1	28	God		24	Θεοῦ		global-review-known-rendering	safe	0.7935	approved	0				global known-rendering assignment; lexical score 0.64
9:1	29	come		25	ἐληλυθυῖαν		global-review-known-rendering	safe	0.6102	approved	0				global known-rendering assignment; lexical score 0.46
9:2	3	six		4	ἓξ		global-review-known-rendering	safe	0.6962	approved	0				global known-rendering assignment; lexical score 0.55
9:2	4	days		3	ἡμέρας		global-review-known-rendering	safe	0.775	approved	0				global known-rendering assignment; lexical score 0.62
9:2	5	Jesus		7	Ἰησοῦς		global-review-known-rendering	safe	0.797	approved	0				global known-rendering assignment; lexical score 0.65
9:2	9	Peter		9	Πέτρον		global-review-known-rendering	safe	0.8	approved	0				global known-rendering assignment; lexical score 0.65
9:2	11	James		12	Ἰάκωβον		global-review-known-rendering	safe	0.8	approved	0				global known-rendering assignment; lexical score 0.65
9:2	13	John		14	Ἰωάνην		global-review-known-rendering	safe	0.8	approved	0				global known-rendering assignment; lexical score 0.65
9:2	16	them		17	αὐτοὺς		global-review-known-rendering	safe	0.7378	approved	0				global known-rendering assignment; lexical score 0.59
9:2	21	into		18	εἰς		global-review-known-rendering	safe	0.7706	approved	0				global known-rendering assignment; lexical score 0.62
9:2	24	mountain		19	ὄρος		global-review-known-rendering	safe	0.8	approved	0				global known-rendering assignment; lexical score 0.65
9:2	34	them		27	αὐτῶν		global-review-known-rendering	safe	0.7378	approved	0				global known-rendering assignment; lexical score 0.59
9:3	2	his		4	αὐτοῦ		global-review-known-rendering	safe	0.789	approved	0				global known-rendering assignment; lexical score 0.64
9:3	4	became		5	ἐγένετο		global-review-known-rendering	safe	0.755	approved	0				global known-rendering assignment; lexical score 0.60
9:3	7	white		7	λευκὰ		global-review-known-rendering	safe	0.7069	approved	0				global known-rendering assignment; lexical score 0.56
9:3	9	no		14	οὐ		global-review-known-rendering	safe	0.6031	approved	0				global known-rendering assignment; lexical score 0.45
9:3	12	earth		13	γῆς		global-review-known-rendering	safe	0.7906	approved	0				global known-rendering assignment; lexical score 0.64
9:4	5	them		3	αὐτοῖς		global-review-known-rendering	safe	0.7378	approved	0				global known-rendering assignment; lexical score 0.59
9:4	6	Elijah		4	Ἡλείας		global-review-known-rendering	safe	0.782	approved	0				global known-rendering assignment; lexical score 0.63
9:4	8	Moses		6	Μωϋσεῖ		global-review-known-rendering	safe	0.8	approved	0				global known-rendering assignment; lexical score 0.65
9:4	14	Jesus		11	Ἰησοῦ		global-review-known-rendering	safe	0.797	approved	0				global known-rendering assignment; lexical score 0.65
9:5	2	Peter		4	Πέτρος		global-review-known-rendering	safe	0.8	approved	0				global known-rendering assignment; lexical score 0.65
9:5	3	said		5	λέγει		global-review-known-rendering	safe	0.769	approved	0				global known-rendering assignment; lexical score 0.62
9:5	5	Jesus		7	Ἰησοῦ		global-review-known-rendering	safe	0.797	approved	0				global known-rendering assignment; lexical score 0.65
9:5	11	us		11	ἡμᾶς		global-review-known-rendering	safe	0.7978	approved	0				global known-rendering assignment; lexical score 0.65
9:5	14	here		12	ὧδε		global-review-known-rendering	safe	0.7426	approved	0				global known-rendering assignment; lexical score 0.59
9:5	18	make		15	ποιήσωμεν		global-review-known-rendering	safe	0.6636	approved	0				global known-rendering assignment; lexical score 0.51
9:5	19	three		16	τρεῖς		global-review-known-rendering	safe	0.7866	approved	0				global known-rendering assignment; lexical score 0.64
9:5	21	one		19	μίαν		global-review-known-rendering	safe	0.6351	approved	0				global known-rendering assignment; lexical score 0.49
9:5	24	one		22	μίαν		global-review-known-rendering	safe	0.6351	approved	0				global known-rendering assignment; lexical score 0.49
9:5	26	Moses		21	Μωϋσεῖ		global-review-known-rendering	safe	0.8	approved	0				global known-rendering assignment; lexical score 0.65
9:5	28	one		25	μίαν		global-review-known-rendering	safe	0.6351	approved	0				global known-rendering assignment; lexical score 0.49
9:5	30	Elijah		24	Ἡλείᾳ		global-review-known-rendering	safe	0.782	approved	0				global known-rendering assignment; lexical score 0.63
9:6	4	not		1	οὐ		global-review-known-rendering	safe	0.6283	approved	0				global known-rendering assignment; lexical score 0.48
9:6	6	what		4	τί		global-review-known-rendering	safe	0.6804	approved	0				global known-rendering assignment; lexical score 0.53
9:7	2	a				expands	supplied-indefinite-article	safe	0.7735	approved	0				indefinite article; rests on 'cloud' → 'νεφέλη'
9:7	3	cloud		3	νεφέλη		global-review-known-rendering	safe	0.7735	approved	0				global known-rendering assignment; lexical score 0.62
9:7	6	them		5	αὐτοῖς		global-review-known-rendering	safe	0.7378	approved	0				global known-rendering assignment; lexical score 0.59
9:7	8	a				expands	supplied-indefinite-article	safe	0.7847	approved	0				indefinite article; rests on 'voice' → 'φωνὴ'
9:7	9	voice		8	φωνὴ		global-review-known-rendering	safe	0.7847	approved	0				global known-rendering assignment; lexical score 0.63
9:7	13	the		10	τῆς		attached-word	safe	0.6735	approved	0				Article of 'cloud'
9:7	14	cloud		11	νεφέλης		global-review-known-rendering	safe	0.7735	approved	0				global known-rendering assignment; lexical score 0.62
9:7	16	This		12	Οὗτός		global-review-known-rendering	safe	0.7776	approved	0				global known-rendering assignment; lexical score 0.63
9:7	18	my		16	μου		global-review-known-rendering	safe	0.7665	approved	0				global known-rendering assignment; lexical score 0.62
9:7	19	dearly		18	ἀγαπητός		global-review-known-rendering	safe	0.575	approved	0				global known-rendering assignment; lexical score 0.43
9:7	21	Son		15	Υἱός		global-review-known-rendering	safe	0.7726	approved	0				global known-rendering assignment; lexical score 0.62
9:7	25	him		20	αὐτοῦ		global-review-known-rendering	safe	0.7821	approved	0				global known-rendering assignment; lexical score 0.63
9:8	7	saw		6	εἶδον		global-review-known-rendering	safe	0.7473	approved	0				global known-rendering assignment; lexical score 0.60
9:8	13	Jesus		9	Ἰησοῦν		global-review-known-rendering	safe	0.797	approved	0				global known-rendering assignment; lexical score 0.65
9:8	14	only		10	μόνον		global-review-known-rendering	safe	0.6768	approved	0				global known-rendering assignment; lexical score 0.53
9:8	16	themselves		12	ἑαυτῶν		global-review-known-rendering	safe	0.6151	approved	0				global known-rendering assignment; lexical score 0.47
9:9	8	the		5	τοῦ		attached-word	safe	0.7	approved	0				Article of 'mountain'
9:9	9	mountain		6	ὄρους		global-review-known-rendering	safe	0.8	approved	0				global known-rendering assignment; lexical score 0.65
9:9	12	them		8	αὐτοῖς		global-review-known-rendering	safe	0.7378	approved	0				global known-rendering assignment; lexical score 0.59
9:9	26	seen		12	εἶδον		global-review-known-rendering	safe	0.6409	approved	0				global known-rendering assignment; lexical score 0.49
9:9	28	the		17	ὁ		attached-word	safe	0.6726	approved	0				Article of 'Son'
9:9	29	Son		18	Υἱὸς		global-review-known-rendering	safe	0.7726	approved	0				global known-rendering assignment; lexical score 0.62
9:9	36	the				expands	supplied-article	safe	0.6604	approved	0				article the original does not write; rests on 'dead' → 'νεκρῶν'
9:9	37	dead		22	νεκρῶν		global-review-known-rendering	safe	0.6604	approved	0				global known-rendering assignment; lexical score 0.51
9:10	8	themselves		6	ἑαυτοὺς		global-review-known-rendering	safe	0.6151	approved	0				global known-rendering assignment; lexical score 0.47
9:10	9	what		8	τί		global-review-known-rendering	safe	0.6804	approved	0				global known-rendering assignment; lexical score 0.53
9:10	15	dead		12	νεκρῶν		global-review-known-rendering	safe	0.6604	approved	0				global known-rendering assignment; lexical score 0.51
9:11	7	him		3	αὐτὸν		global-review-known-rendering	safe	0.7821	approved	0				global known-rendering assignment; lexical score 0.63
9:11	8	saying		4	λέγοντες		global-review-known-rendering	safe	0.7583	approved	0				global known-rendering assignment; lexical score 0.61
9:11	11	the		7	οἱ		attached-word	safe	0.7	approved	0				Article of 'scribes'
9:11	12	scribes		8	γραμματεῖς		global-review-known-rendering	safe	0.8	approved	0				global known-rendering assignment; lexical score 0.65
9:11	13	say		6	λέγουσιν		global-review-known-rendering	safe	0.7337	approved	0				global known-rendering assignment; lexical score 0.58
9:11	15	Elijah		10	Ἡλείαν		global-review-known-rendering	safe	0.782	approved	0				global known-rendering assignment; lexical score 0.63
9:11	18	come		12	ἐλθεῖν		global-review-known-rendering	safe	0.6102	approved	0				global known-rendering assignment; lexical score 0.46
9:12	5	them		4	αὐτοῖς		global-review-known-rendering	safe	0.7378	approved	0				global known-rendering assignment; lexical score 0.59
9:12	6	Truly		6	μὲν		global-review-known-rendering	safe	0.625	approved	0				global known-rendering assignment; lexical score 0.48
9:12	7	Elijah		5	Ἡλείας		global-review-known-rendering	safe	0.782	approved	0				global known-rendering assignment; lexical score 0.63
9:12	9	come		7	ἐλθὼν		global-review-known-rendering	safe	0.6102	approved	0				global known-rendering assignment; lexical score 0.46
9:12	13	all		10	πάντα		global-review-known-rendering	safe	0.7296	approved	0				global known-rendering assignment; lexical score 0.58
9:12	18	how		12	πῶς		global-review-known-rendering	safe	0.6542	approved	0				global known-rendering assignment; lexical score 0.50
9:12	26	the		15	τὸν		attached-word	safe	0.6726	approved	0				Article of 'Son'
9:12	27	Son		16	Υἱὸν		global-review-known-rendering	safe	0.7726	approved	0				global known-rendering assignment; lexical score 0.62
9:12	33	much		20	πολλὰ		global-review-known-rendering	safe	0.6676	approved	0				global known-rendering assignment; lexical score 0.52
9:13	3	say		2	λέγω		global-review-known-rendering	safe	0.7337	approved	0				global known-rendering assignment; lexical score 0.58
9:13	7	Elijah		6	Ἡλείας		global-review-known-rendering	safe	0.782	approved	0				global known-rendering assignment; lexical score 0.63
9:13	9	come		7	ἐλήλυθεν		global-review-known-rendering	safe	0.6102	approved	0				global known-rendering assignment; lexical score 0.46
9:13	15	him		10	αὐτῷ		global-review-known-rendering	safe	0.7821	approved	0				global known-rendering assignment; lexical score 0.63
9:13	21	do		9	ἐποίησαν		global-review-known-rendering	safe	0.7279	approved	0				global known-rendering assignment; lexical score 0.58
9:13	22	even		8	καὶ		global-review-known-rendering	safe	0.717	approved	0				global known-rendering assignment; lexical score 0.57
9:13	28	him		16	αὐτόν		global-review-known-rendering	safe	0.7821	approved	0				global known-rendering assignment; lexical score 0.63
9:14	4	came		2	ἐλθόντες		global-review-known-rendering	safe	0.6012	approved	0				global known-rendering assignment; lexical score 0.45
9:14	6	the		4	τοὺς		attached-word	safe	0.7	approved	0				Article of 'disciples'
9:14	7	disciples		5	μαθητὰς		global-review-known-rendering	safe	0.8	approved	0				global known-rendering assignment; lexical score 0.65
9:14	9	saw		6	εἶδον		global-review-known-rendering	safe	0.7473	approved	0				global known-rendering assignment; lexical score 0.60
9:14	16	them		10	αὐτοὺς		global-review-known-rendering	safe	0.7378	approved	0				global known-rendering assignment; lexical score 0.59
9:14	18	scribes		12	γραμματεῖς		global-review-known-rendering	safe	0.8	approved	0				global known-rendering assignment; lexical score 0.65
9:14	20	them		15	αὐτούς		global-review-known-rendering	safe	0.7378	approved	0				global known-rendering assignment; lexical score 0.59
9:15	4	all		3	πᾶς		global-review-known-rendering	safe	0.7296	approved	0				global known-rendering assignment; lexical score 0.58
9:15	9	saw		6	ἰδόντες		global-review-known-rendering	safe	0.7473	approved	0				global known-rendering assignment; lexical score 0.60
9:15	10	him		7	αὐτὸν		global-review-known-rendering	safe	0.7821	approved	0				global known-rendering assignment; lexical score 0.63
9:15	20	him		12	αὐτόν		global-review-known-rendering	safe	0.7821	approved	0				global known-rendering assignment; lexical score 0.63
9:16	4	What		4	Τί		global-review-known-rendering	safe	0.6804	approved	0				global known-rendering assignment; lexical score 0.53
9:16	8	them		7	αὑτούς		global-review-known-rendering	safe	0.7378	approved	0				global known-rendering assignment; lexical score 0.59
9:17	2	one		4	εἷς		global-review-known-rendering	safe	0.6351	approved	0				global known-rendering assignment; lexical score 0.49
9:17	8	him		3	αὐτῷ		global-review-known-rendering	safe	0.7821	approved	0				global known-rendering assignment; lexical score 0.63
9:17	10	answer		2	ἀπεκρίθη		global-review-known-rendering	safe	0.575	approved	0				global known-rendering assignment; lexical score 0.43
9:17	11	Master		8	Διδάσκαλε		global-review-known-rendering	safe	0.65	approved	0				global known-rendering assignment; lexical score 0.50
9:17	17	my		12	μου		global-review-known-rendering	safe	0.7665	approved	0				global known-rendering assignment; lexical score 0.62
9:17	18	son		11	υἱόν		global-review-known-rendering	safe	0.7726	approved	0				global known-rendering assignment; lexical score 0.62
9:17	23	a				expands	supplied-indefinite-article	safe	0.7964	approved	0				indefinite article; rests on 'spirit' → 'πνεῦμα'
9:17	24	spirit		16	πνεῦμα		global-review-known-rendering	safe	0.7964	approved	0				global known-rendering assignment; lexical score 0.65
9:18	2	wherever		2	ὅπου		global-review-known-rendering	safe	0.6568	approved	0				global known-rendering assignment; lexical score 0.51
9:18	5	him		4	αὐτὸν		global-review-known-rendering	safe	0.7821	approved	0				global known-rendering assignment; lexical score 0.63
9:18	8	him		7	αὐτόν		global-review-known-rendering	safe	0.7821	approved	0				global known-rendering assignment; lexical score 0.63
9:18	24	him		22	αὐτὸ		global-review-known-rendering	safe	0.7821	approved	0				global known-rendering assignment; lexical score 0.63
9:18	31	your		20	σου		global-review-known-rendering	safe	0.7903	approved	0				global known-rendering assignment; lexical score 0.64
9:18	32	disciples		19	μαθηταῖς		global-review-known-rendering	safe	0.8	approved	0				global known-rendering assignment; lexical score 0.65
9:18	40	not		25	οὐκ		global-review-known-rendering	safe	0.6283	approved	0				global known-rendering assignment; lexical score 0.48
9:19	3	said		5	λέγει		global-review-known-rendering	safe	0.769	approved	0				global known-rendering assignment; lexical score 0.62
9:19	5	them		4	αὐτοῖς		global-review-known-rendering	safe	0.7378	approved	0				global known-rendering assignment; lexical score 0.59
9:19	7	answer		3	ἀποκριθεὶς		global-review-known-rendering	safe	0.575	approved	0				global known-rendering assignment; lexical score 0.43
9:19	8	O		6	Ὦ		global-review-known-rendering	safe	0.8	approved	0				global known-rendering assignment; lexical score 0.65
9:19	9	generation		7	γενεὰ		global-review-known-rendering	safe	0.727	approved	0				global known-rendering assignment; lexical score 0.58
9:19	30	him		19	αὐτὸν		global-review-known-rendering	safe	0.7821	approved	0				global known-rendering assignment; lexical score 0.63
9:19	33	me		21	με		global-review-known-rendering	safe	0.7921	approved	0				global known-rendering assignment; lexical score 0.64
9:20	4	him		3	αὐτὸν		global-review-known-rendering	safe	0.7821	approved	0				global known-rendering assignment; lexical score 0.63
9:20	6	him		5	αὐτόν		global-review-known-rendering	safe	0.7821	approved	0				global known-rendering assignment; lexical score 0.63
9:20	10	saw		7	ἰδὼν		global-review-known-rendering	safe	0.7473	approved	0				global known-rendering assignment; lexical score 0.60
9:20	11	him		8	αὐτὸν		global-review-known-rendering	safe	0.7821	approved	0				global known-rendering assignment; lexical score 0.63
9:20	12	the		9	τὸ		attached-word	safe	0.6964	approved	0				Article of 'spirit'
9:20	13	spirit		10	πνεῦμα		global-review-known-rendering	safe	0.7964	approved	0				global known-rendering assignment; lexical score 0.65
9:20	15	him		13	αὐτόν		global-review-known-rendering	safe	0.7821	approved	0				global known-rendering assignment; lexical score 0.63
9:20	25	the		17	τῆς		attached-word	safe	0.6906	approved	0				Article of 'earth'
9:20	26	earth		18	γῆς		global-review-known-rendering	safe	0.7906	approved	0				global known-rendering assignment; lexical score 0.64
9:21	4	the		3	τὸν		attached-word	safe	0.6987	approved	0				Article of 'father'
9:21	5	father		4	πατέρα		global-review-known-rendering	safe	0.7987	approved	0				global known-rendering assignment; lexical score 0.65
9:21	13	this		10	τοῦτο		global-review-known-rendering	safe	0.7776	approved	0				global known-rendering assignment; lexical score 0.63
9:21	16	said		15	εἶπεν		global-review-known-rendering	safe	0.769	approved	0				global known-rendering assignment; lexical score 0.62
9:22	6	him		6	αὐτὸν		global-review-known-rendering	safe	0.7821	approved	0				global known-rendering assignment; lexical score 0.63
9:22	7	into		4	εἰς		global-review-known-rendering	safe	0.7706	approved	0				global known-rendering assignment; lexical score 0.62
9:22	8	the				expands	supplied-article	safe	0.7514	approved	0				article the original does not write; rests on 'fire' → 'πῦρ'
9:22	9	fire		5	πῦρ		global-review-known-rendering	safe	0.7514	approved	0				global known-rendering assignment; lexical score 0.60
9:22	11	into		9	εἰς		global-review-known-rendering	safe	0.7706	approved	0				global known-rendering assignment; lexical score 0.62
9:22	12	the				expands	supplied-article	safe	0.7731	approved	0				article the original does not write; rests on 'water' → 'ὕδατα'
9:22	13	water		10	ὕδατα		global-review-known-rendering	safe	0.7731	approved	0				global known-rendering assignment; lexical score 0.62
9:22	21	able		17	δύνῃ		global-review-known-rendering	safe	0.6432	approved	0				global known-rendering assignment; lexical score 0.49
9:22	24	anything		16	τι		global-review-known-rendering	safe	0.643	approved	0				global known-rendering assignment; lexical score 0.49
9:22	28	us		19	ἡμῖν		global-review-known-rendering	safe	0.7978	approved	0				global known-rendering assignment; lexical score 0.65
9:22	31	us		22	ἡμᾶς		global-review-known-rendering	safe	0.7978	approved	0				global known-rendering assignment; lexical score 0.65
9:23	2	Jesus		3	Ἰησοῦς		global-review-known-rendering	safe	0.797	approved	0				global known-rendering assignment; lexical score 0.65
9:23	3	said		4	εἶπεν		global-review-known-rendering	safe	0.769	approved	0				global known-rendering assignment; lexical score 0.62
9:23	5	him		5	αὐτῷ		global-review-known-rendering	safe	0.7821	approved	0				global known-rendering assignment; lexical score 0.63
9:23	9	able		8	δύνῃ		global-review-known-rendering	safe	0.6432	approved	0				global known-rendering assignment; lexical score 0.49
9:23	10	All		9	πάντα		global-review-known-rendering	safe	0.7296	approved	0				global known-rendering assignment; lexical score 0.58
9:23	13	possible		10	δυνατὰ		global-review-known-rendering	safe	0.7357	approved	0				global known-rendering assignment; lexical score 0.59
9:24	3	the		3	ὁ		attached-word	safe	0.6987	approved	0				Article of 'father'
9:24	4	father		4	πατὴρ		global-review-known-rendering	safe	0.7987	approved	0				global known-rendering assignment; lexical score 0.65
9:24	11	saying		7	ἔλεγεν		global-review-known-rendering	safe	0.7583	approved	0				global known-rendering assignment; lexical score 0.61
9:24	16	my		10	μου		global-review-known-rendering	safe	0.7665	approved	0				global known-rendering assignment; lexical score 0.62
9:25	3	Jesus		4	Ἰησοῦς		global-review-known-rendering	safe	0.797	approved	0				global known-rendering assignment; lexical score 0.65
9:25	4	saw		1	ἰδὼν		global-review-known-rendering	safe	0.7473	approved	0				global known-rendering assignment; lexical score 0.60
9:25	15	the		9	τῷ		attached-word	safe	0.6964	approved	0				Article of 'unclean'
9:25	16	unclean		12	ἀκαθάρτῳ		global-review-known-rendering	safe	0.7419	approved	0				global known-rendering assignment; lexical score 0.59
9:25	17	spirit		10	πνεύματι		global-review-known-rendering	safe	0.7964	approved	0				global known-rendering assignment; lexical score 0.65
9:25	18	saying		13	λέγων		global-review-known-rendering	safe	0.7583	approved	0				global known-rendering assignment; lexical score 0.61
9:25	20	him		14	αὐτῷ		global-review-known-rendering	safe	0.7821	approved	0				global known-rendering assignment; lexical score 0.63
9:25	22	spirit		19	πνεῦμα		global-review-known-rendering	safe	0.7964	approved	0				global known-rendering assignment; lexical score 0.65
9:25	28	his		25	αὐτοῦ		global-review-known-rendering	safe	0.789	approved	0				global known-rendering assignment; lexical score 0.64
9:25	34	I		20	ἐγὼ		global-review-known-rendering	safe	0.7469	approved	0				global known-rendering assignment; lexical score 0.60
9:25	46	into		29	εἰς		global-review-known-rendering	safe	0.7706	approved	0				global known-rendering assignment; lexical score 0.62
9:25	47	him		30	αὐτόν		global-review-known-rendering	safe	0.7821	approved	0				global known-rendering assignment; lexical score 0.63
9:26	15	became		8	ἐγένετο		global-review-known-rendering	safe	0.755	approved	0				global known-rendering assignment; lexical score 0.60
9:26	18	dead		10	νεκρὸς		global-review-known-rendering	safe	0.6604	approved	0				global known-rendering assignment; lexical score 0.51
9:26	21	most		13	πολλοὺς		global-review-known-rendering	safe	0.8	approved	0				global known-rendering assignment; lexical score 0.65
9:26	24	said		14	λέγειν		global-review-known-rendering	safe	0.769	approved	0				global known-rendering assignment; lexical score 0.62
9:27	2	Jesus		3	Ἰησοῦς		global-review-known-rendering	safe	0.797	approved	0				global known-rendering assignment; lexical score 0.65
9:27	4	him		7	αὐτοῦ		global-review-known-rendering	safe	0.7821	approved	0				global known-rendering assignment; lexical score 0.63
9:27	6	the		5	τῆς		attached-word	safe	0.4877	approved	0				Article of 'hand'
9:27	7	hand		6	χειρὸς		global-review-known-rendering	safe	0.5877	approved	0				global known-rendering assignment; lexical score 0.44
9:27	9	him		9	αὐτόν		global-review-known-rendering	safe	0.7821	approved	0				global known-rendering assignment; lexical score 0.63
9:28	6	into		4	εἰς		global-review-known-rendering	safe	0.7706	approved	0				global known-rendering assignment; lexical score 0.62
9:28	9	his		8	αὐτοῦ		global-review-known-rendering	safe	0.789	approved	0				global known-rendering assignment; lexical score 0.64
9:28	10	disciples		7	μαθηταὶ		global-review-known-rendering	safe	0.8	approved	0				global known-rendering assignment; lexical score 0.65
9:28	13	him		12	αὐτόν		global-review-known-rendering	safe	0.7821	approved	0				global known-rendering assignment; lexical score 0.63
9:28	17	we		14	ἡμεῖς		global-review-known-rendering	safe	0.7826	approved	0				global known-rendering assignment; lexical score 0.63
9:29	3	said		2	εἶπεν		global-review-known-rendering	safe	0.769	approved	0				global known-rendering assignment; lexical score 0.62
9:29	5	them		3	αὐτοῖς		global-review-known-rendering	safe	0.7378	approved	0				global known-rendering assignment; lexical score 0.59
9:29	6	Nothing		8	οὐδενὶ		global-review-known-rendering	safe	0.5944	approved	0				global known-rendering assignment; lexical score 0.44
9:29	9	this		4	Τοῦτο		global-review-known-rendering	safe	0.7776	approved	0				global known-rendering assignment; lexical score 0.63
9:29	14	prayer		14	προσευχῇ		global-review-known-rendering	safe	0.6554	approved	0				global known-rendering assignment; lexical score 0.51
9:30	7	through		4	διὰ		global-review-known-rendering	safe	0.6056	approved	0				global known-rendering assignment; lexical score 0.46
9:30	8	Galilee		6	Γαλιλαίας		global-review-known-rendering	safe	0.7786	approved	0				global known-rendering assignment; lexical score 0.63
9:30	15	no		8	οὐκ		global-review-known-rendering	safe	0.6031	approved	0				global known-rendering assignment; lexical score 0.45
9:31	5	his		5	αὐτοῦ		global-review-known-rendering	safe	0.789	approved	0				global known-rendering assignment; lexical score 0.64
9:31	6	disciples		4	μαθητὰς		global-review-known-rendering	safe	0.8	approved	0				global known-rendering assignment; lexical score 0.65
9:31	7	teaching		1	ἐδίδασκεν		global-review-known-rendering	safe	0.7609	approved	0				global known-rendering assignment; lexical score 0.61
9:31	9	saying		7	ἔλεγεν		global-review-known-rendering	safe	0.7583	approved	0				global known-rendering assignment; lexical score 0.61
9:31	11	them		8	αὐτοῖς		global-review-known-rendering	safe	0.7378	approved	0				global known-rendering assignment; lexical score 0.59
9:31	12	The		10	Ὁ		attached-word	safe	0.6726	approved	0				Article of 'Son'
9:31	13	Son		11	Υἱὸς		global-review-known-rendering	safe	0.7726	approved	0				global known-rendering assignment; lexical score 0.62
9:31	19	into		15	εἰς		global-review-known-rendering	safe	0.7706	approved	0				global known-rendering assignment; lexical score 0.62
9:31	20	the				expands	supplied-article	safe	0.7145	approved	0				article the original does not write; rests on 'hands' → 'χεῖρας'
9:31	21	hands		16	χεῖρας		global-review-known-rendering	safe	0.7145	approved	0				global known-rendering assignment; lexical score 0.56
9:31	23	men		17	ἀνθρώπων		global-review-known-rendering	safe	0.6235	approved	0				global known-rendering assignment; lexical score 0.47
9:31	28	him		20	αὐτόν		global-review-known-rendering	safe	0.7821	approved	0				global known-rendering assignment; lexical score 0.63
9:31	37	three		24	τρεῖς		global-review-known-rendering	safe	0.7866	approved	0				global known-rendering assignment; lexical score 0.64
9:31	38	days		25	ἡμέρας		global-review-known-rendering	safe	0.775	approved	0				global known-rendering assignment; lexical score 0.62
9:32	16	him		8	αὐτὸν		global-review-known-rendering	safe	0.7821	approved	0				global known-rendering assignment; lexical score 0.63
9:33	3	came		2	ἦλθον		global-review-known-rendering	safe	0.6012	approved	0				global known-rendering assignment; lexical score 0.45
9:33	5	Capernaum		4	Καφαρναούμ		global-review-known-rendering	safe	0.8	approved	0				global known-rendering assignment; lexical score 0.65
9:33	18	them		11	αὐτούς		global-review-known-rendering	safe	0.7378	approved	0				global known-rendering assignment; lexical score 0.59
9:33	19	What		12	Τί		global-review-known-rendering	safe	0.6804	approved	0				global known-rendering assignment; lexical score 0.53
9:33	25	the		14	τῇ		attached-word	safe	0.5103	approved	0				Article of 'way'
9:33	26	way		15	ὁδῷ		global-review-known-rendering	safe	0.6103	approved	0				global known-rendering assignment; lexical score 0.46
9:34	14	the		9	τῇ		attached-word	safe	0.5103	approved	0				Article of 'way'
9:34	15	way		10	ὁδῷ		global-review-known-rendering	safe	0.6103	approved	0				global known-rendering assignment; lexical score 0.46
9:34	19	the				expands	supplied-article	safe	0.8	approved	0				article the original does not write; rests on 'greatest' → 'μείζων'
9:34	20	greatest		12	μείζων		global-review-known-rendering	safe	0.8	approved	0				global known-rendering assignment; lexical score 0.65
9:35	6	the		4	τοὺς		attached-word	safe	0.7	approved	0				Article of 'twelve'
9:35	7	twelve		5	δώδεκα		global-review-known-rendering	safe	0.8	approved	0				global known-rendering assignment; lexical score 0.65
9:35	13	said		7	λέγει		global-review-known-rendering	safe	0.769	approved	0				global known-rendering assignment; lexical score 0.62
9:35	15	them		8	αὐτοῖς		global-review-known-rendering	safe	0.7378	approved	0				global known-rendering assignment; lexical score 0.59
9:35	17	any		10	τις		global-review-known-rendering	safe	0.6017	approved	0				global known-rendering assignment; lexical score 0.45
9:35	28	last		16	ἔσχατος		global-review-known-rendering	safe	0.7559	approved	0				global known-rendering assignment; lexical score 0.61
9:35	30	all		15	πάντων		global-review-known-rendering	safe	0.7296	approved	0				global known-rendering assignment; lexical score 0.58
9:35	34	all		18	πάντων		global-review-known-rendering	safe	0.7296	approved	0				global known-rendering assignment; lexical score 0.58
9:36	9	him		5	αὐτὸ		global-review-known-rendering	safe	0.7821	approved	0				global known-rendering assignment; lexical score 0.63
9:36	11	the				expands	supplied-article	safe	0.8	approved	0				article the original does not write; rests on 'middle' → 'μέσῳ'
9:36	12	middle		7	μέσῳ		global-review-known-rendering	safe	0.8	approved	0				global known-rendering assignment; lexical score 0.65
9:36	14	them		8	αὐτῶν		global-review-known-rendering	safe	0.7378	approved	0				global known-rendering assignment; lexical score 0.59
9:36	16	taking		2	λαβὼν		global-review-known-rendering	safe	0.65	approved	0				global known-rendering assignment; lexical score 0.50
9:36	17	him		11	αὐτὸ		global-review-known-rendering	safe	0.7821	approved	0				global known-rendering assignment; lexical score 0.63
9:36	22	said		12	εἶπεν		global-review-known-rendering	safe	0.769	approved	0				global known-rendering assignment; lexical score 0.62
9:36	24	them		13	αὐτοῖς		global-review-known-rendering	safe	0.7378	approved	0				global known-rendering assignment; lexical score 0.59
9:37	6	one		3	ἓν		global-review-known-rendering	safe	0.6351	approved	0				global known-rendering assignment; lexical score 0.49
9:37	7	such		5	τοιούτων		global-review-known-rendering	safe	0.699	approved	0				global known-rendering assignment; lexical score 0.55
9:37	11	my		11	μου		global-review-known-rendering	safe	0.7665	approved	0				global known-rendering assignment; lexical score 0.62
9:37	12	name		10	ὀνόματί		global-review-known-rendering	safe	0.7973	approved	0				global known-rendering assignment; lexical score 0.65
9:37	16	me		12	ἐμὲ		global-review-known-rendering	safe	0.7921	approved	0				global known-rendering assignment; lexical score 0.64
9:37	22	me		17	ἐμὲ		global-review-known-rendering	safe	0.7921	approved	0				global known-rendering assignment; lexical score 0.64
9:37	25	not		19	οὐκ		global-review-known-rendering	safe	0.6283	approved	0				global known-rendering assignment; lexical score 0.48
9:37	27	me		20	ἐμὲ		global-review-known-rendering	safe	0.7921	approved	0				global known-rendering assignment; lexical score 0.64
9:37	33	me		25	με		global-review-known-rendering	safe	0.7921	approved	0				global known-rendering assignment; lexical score 0.64
9:38	1	John		4	Ἰωάνης		global-review-known-rendering	safe	0.8	approved	0				global known-rendering assignment; lexical score 0.65
9:38	4	him		2	αὐτῷ		global-review-known-rendering	safe	0.7821	approved	0				global known-rendering assignment; lexical score 0.63
9:38	5	Master		5	Διδάσκαλε		global-review-known-rendering	safe	0.65	approved	0				global known-rendering assignment; lexical score 0.50
9:38	7	saw		6	εἴδομέν		global-review-known-rendering	safe	0.7473	approved	0				global known-rendering assignment; lexical score 0.60
9:38	14	your		11	σου		global-review-known-rendering	safe	0.7903	approved	0				global known-rendering assignment; lexical score 0.64
9:38	15	name		10	ὀνόματί		global-review-known-rendering	safe	0.7973	approved	0				global known-rendering assignment; lexical score 0.65
9:38	22	not		15	οὐκ		global-review-known-rendering	safe	0.6283	approved	0				global known-rendering assignment; lexical score 0.48
9:38	23	because		21	ὅτι		global-review-known-rendering	safe	0.6752	approved	0				global known-rendering assignment; lexical score 0.53
9:38	26	not		22	οὐκ		global-review-known-rendering	safe	0.6283	approved	0				global known-rendering assignment; lexical score 0.48
9:38	29	us		24	ἡμῖν		global-review-known-rendering	safe	0.7978	approved	0				global known-rendering assignment; lexical score 0.65
9:39	2	Jesus		3	Ἰησοῦς		global-review-known-rendering	safe	0.797	approved	0				global known-rendering assignment; lexical score 0.65
9:39	3	said		4	εἶπεν		global-review-known-rendering	safe	0.769	approved	0				global known-rendering assignment; lexical score 0.62
9:39	14	do		12	ποιήσει		global-review-known-rendering	safe	0.7279	approved	0				global known-rendering assignment; lexical score 0.58
9:39	19	my		17	μου		global-review-known-rendering	safe	0.7665	approved	0				global known-rendering assignment; lexical score 0.62
9:39	20	name		16	ὀνόματί		global-review-known-rendering	safe	0.7973	approved	0				global known-rendering assignment; lexical score 0.65
9:39	23	able		19	δυνήσεται		global-review-known-rendering	safe	0.6432	approved	0				global known-rendering assignment; lexical score 0.49
9:39	32	me		22	με		global-review-known-rendering	safe	0.7921	approved	0				global known-rendering assignment; lexical score 0.64
9:40	4	not		3	οὐκ		global-review-known-rendering	safe	0.6283	approved	0				global known-rendering assignment; lexical score 0.48
9:40	6	us		6	ἡμῶν		global-review-known-rendering	safe	0.7978	approved	0				global known-rendering assignment; lexical score 0.65
9:40	9	us		8	ἡμῶν		global-review-known-rendering	safe	0.7978	approved	0				global known-rendering assignment; lexical score 0.65
9:41	4	a				expands	supplied-indefinite-article	safe	0.8	approved	0				indefinite article; rests on 'cup' → 'ποτήριον'
9:41	5	cup		6	ποτήριον		global-review-known-rendering	safe	0.8	approved	0				global known-rendering assignment; lexical score 0.65
9:41	7	water		7	ὕδατος		global-review-known-rendering	safe	0.7731	approved	0				global known-rendering assignment; lexical score 0.62
9:41	8	because		10	ὅτι		global-review-known-rendering	safe	0.6752	approved	0				global known-rendering assignment; lexical score 0.53
9:41	10	are		12	ἐστε		global-review-known-rendering	safe	0.7848	approved	0				global known-rendering assignment; lexical score 0.63
9:41	11	Christ's		11	Χριστοῦ		global-review-known-rendering	safe	0.8	approved	0				global known-rendering assignment; lexical score 0.65
9:41	14	say		14	λέγω		global-review-known-rendering	safe	0.7337	approved	0				global known-rendering assignment; lexical score 0.58
9:41	20	no		17	οὐ		global-review-known-rendering	safe	0.6031	approved	0				global known-rendering assignment; lexical score 0.45
9:41	24	his		22	αὐτοῦ		global-review-known-rendering	safe	0.789	approved	0				global known-rendering assignment; lexical score 0.64
9:41	25	reward		21	μισθὸν		global-review-known-rendering	safe	0.6375	approved	0				global known-rendering assignment; lexical score 0.49
9:42	9	one		5	ἕνα		global-review-known-rendering	safe	0.6351	approved	0				global known-rendering assignment; lexical score 0.49
9:42	11	these		8	τούτων		global-review-known-rendering	safe	0.7895	approved	0				global known-rendering assignment; lexical score 0.64
9:42	13	ones		7	μικρῶν		global-review-known-rendering	safe	0.725	approved	0				global known-rendering assignment; lexical score 0.57
9:42	24	him		13	αὐτῷ		global-review-known-rendering	safe	0.7821	approved	0				global known-rendering assignment; lexical score 0.63
9:42	32	his		22	αὐτοῦ		global-review-known-rendering	safe	0.789	approved	0				global known-rendering assignment; lexical score 0.64
9:42	33	neck		21	τράχηλον		global-review-known-rendering	safe	0.8	approved	0				global known-rendering assignment; lexical score 0.65
9:42	38	into		25	εἰς		global-review-known-rendering	safe	0.7706	approved	0				global known-rendering assignment; lexical score 0.62
9:42	39	the		26	τὴν		attached-word	safe	0.6895	approved	0				Article of 'sea'
9:42	40	sea		27	θάλασσαν		global-review-known-rendering	safe	0.7895	approved	0				global known-rendering assignment; lexical score 0.64
9:43	3	your		7	σου		global-review-known-rendering	safe	0.7903	approved	0				global known-rendering assignment; lexical score 0.64
9:43	4	hand		6	χείρ		global-review-known-rendering	safe	0.5877	approved	0				global known-rendering assignment; lexical score 0.44
9:43	24	into		15	εἰς		global-review-known-rendering	safe	0.7706	approved	0				global known-rendering assignment; lexical score 0.62
9:43	25	life		17	ζωὴν		global-review-known-rendering	safe	0.6761	approved	0				global known-rendering assignment; lexical score 0.53
9:43	29	than		18	ἢ		global-review-known-rendering	safe	0.6105	approved	0				global known-rendering assignment; lexical score 0.46
9:43	31	have		22	ἔχοντα		global-review-known-rendering	safe	0.7318	approved	0				global known-rendering assignment; lexical score 0.58
9:43	32	two		20	δύο		global-review-known-rendering	safe	0.7887	approved	0				global known-rendering assignment; lexical score 0.64
9:43	33	hands		21	χεῖρας		global-review-known-rendering	safe	0.7145	approved	0				global known-rendering assignment; lexical score 0.56
9:43	36	into		24	εἰς		global-review-known-rendering	safe	0.7706	approved	0				global known-rendering assignment; lexical score 0.62
9:43	38	into		27	εἰς		global-review-known-rendering	safe	0.7706	approved	0				global known-rendering assignment; lexical score 0.62
9:43	39	the		28	τὸ		attached-word	safe	0.6514	approved	0				Article of 'eternal'
9:43	41	fire		29	πῦρ		global-review-known-rendering	safe	0.7514	approved	0				global known-rendering assignment; lexical score 0.60
9:45	3	your		5	σου		global-review-known-rendering	safe	0.7903	approved	0				global known-rendering assignment; lexical score 0.64
9:45	4	foot		4	πούς		global-review-known-rendering	safe	0.6125	approved	0				global known-rendering assignment; lexical score 0.46
9:45	24	into		14	εἰς		global-review-known-rendering	safe	0.7706	approved	0				global known-rendering assignment; lexical score 0.62
9:45	25	life		16	ζωὴν		global-review-known-rendering	safe	0.6761	approved	0				global known-rendering assignment; lexical score 0.53
9:45	29	than		18	ἢ		global-review-known-rendering	safe	0.6105	approved	0				global known-rendering assignment; lexical score 0.46
9:45	31	have		22	ἔχοντα		global-review-known-rendering	safe	0.7318	approved	0				global known-rendering assignment; lexical score 0.58
9:45	32	two		20	δύο		global-review-known-rendering	safe	0.7887	approved	0				global known-rendering assignment; lexical score 0.64
9:45	33	feet		21	πόδας		global-review-known-rendering	safe	0.7939	approved	0				global known-rendering assignment; lexical score 0.64
9:45	36	into		24	εἰς		global-review-known-rendering	safe	0.7706	approved	0				global known-rendering assignment; lexical score 0.62
9:47	3	your		5	σου		global-review-known-rendering	safe	0.7903	approved	0				global known-rendering assignment; lexical score 0.64
9:47	4	eye		4	ὀφθαλμός		global-review-known-rendering	safe	0.7578	approved	0				global known-rendering assignment; lexical score 0.61
9:47	22	into		15	εἰς		global-review-known-rendering	safe	0.7706	approved	0				global known-rendering assignment; lexical score 0.62
9:47	23	the		16	τὴν		attached-word	safe	0.7	approved	0				Article of 'kingdom'
9:47	24	kingdom		17	βασιλείαν		global-review-known-rendering	safe	0.8	approved	0				global known-rendering assignment; lexical score 0.65
9:47	26	God		19	Θεοῦ		global-review-known-rendering	safe	0.7935	approved	0				global known-rendering assignment; lexical score 0.64
9:47	30	than		20	ἢ		global-review-known-rendering	safe	0.6105	approved	0				global known-rendering assignment; lexical score 0.46
9:47	31	having		23	ἔχοντα		global-review-known-rendering	safe	0.7839	approved	0				global known-rendering assignment; lexical score 0.63
9:47	32	two		21	δύο		global-review-known-rendering	safe	0.7887	approved	0				global known-rendering assignment; lexical score 0.64
9:47	33	eyes		22	ὀφθαλμοὺς		global-review-known-rendering	safe	0.7664	approved	0				global known-rendering assignment; lexical score 0.62
9:47	36	into		25	εἰς		global-review-known-rendering	safe	0.7706	approved	0				global known-rendering assignment; lexical score 0.62
9:48	2	their		4	αὐτῶν		global-review-known-rendering	safe	0.7838	approved	0				global known-rendering assignment; lexical score 0.63
9:48	8	the		8	τὸ		attached-word	safe	0.6514	approved	0				Article of 'fire'
9:48	9	fire		9	πῦρ		global-review-known-rendering	safe	0.7514	approved	0				global known-rendering assignment; lexical score 0.60
9:48	11	not		10	οὐ		global-review-known-rendering	safe	0.6283	approved	0				global known-rendering assignment; lexical score 0.48
9:49	1	Everyone		1	Πᾶς		global-review-known-rendering	safe	0.7021	approved	0				global known-rendering assignment; lexical score 0.55
9:49	6	fire		3	πυρὶ		global-review-known-rendering	safe	0.7514	approved	0				global known-rendering assignment; lexical score 0.60
9:50	1	Salt		3	ἅλας		global-review-known-rendering	safe	0.725	approved	0				global known-rendering assignment; lexical score 0.57
9:50	16	salt		7	ἅλας		global-review-known-rendering	safe	0.725	approved	0				global known-rendering assignment; lexical score 0.57
9:50	19	salt		17	ἅλα		global-review-known-rendering	safe	0.725	approved	0				global known-rendering assignment; lexical score 0.57
9:50	21	yourselves		16	ἑαυτοῖς		global-review-known-rendering	safe	0.5717	approved	0				global known-rendering assignment; lexical score 0.42
10:1	7	into		5	εἰς		global-review-known-rendering	safe	0.7712	approved	0				global known-rendering assignment; lexical score 0.62
10:1	11	Judaea		9	Ἰουδαίας		global-review-known-rendering	safe	0.789	approved	0				global known-rendering assignment; lexical score 0.64
10:1	17	Jordan		13	Ἰορδάνου		global-review-known-rendering	safe	0.8	approved	0				global known-rendering assignment; lexical score 0.65
10:1	23	came		4	ἔρχεται		global-review-known-rendering	safe	0.5999	approved	0				global known-rendering assignment; lexical score 0.45
10:1	26	him		19	αὐτόν		global-review-known-rendering	safe	0.7819	approved	0				global known-rendering assignment; lexical score 0.63
10:1	27	again		16	πάλιν		global-review-known-rendering	safe	0.5708	approved	0				global known-rendering assignment; lexical score 0.42
10:1	35	them		25	αὐτούς		global-review-known-rendering	safe	0.7378	approved	0				global known-rendering assignment; lexical score 0.59
10:1	36	teaching		24	ἐδίδασκεν		global-review-known-rendering	safe	0.7609	approved	0				global known-rendering assignment; lexical score 0.61
10:2	2	Pharisees		3	Φαρισαῖοι		global-review-known-rendering	safe	0.8	approved	0				global known-rendering assignment; lexical score 0.65
10:2	5	him		5	αὐτὸν		global-review-known-rendering	safe	0.7819	approved	0				global known-rendering assignment; lexical score 0.63
10:2	7	him		12	αὐτόν		global-review-known-rendering	safe	0.7819	approved	0				global known-rendering assignment; lexical score 0.63
10:2	21	wife		9	γυναῖκα		global-review-known-rendering	safe	0.7886	approved	0				global known-rendering assignment; lexical score 0.64
10:3	3	said		4	εἶπεν		global-review-known-rendering	safe	0.7688	approved	0				global known-rendering assignment; lexical score 0.62
10:3	5	them		5	αὐτοῖς		global-review-known-rendering	safe	0.7378	approved	0				global known-rendering assignment; lexical score 0.59
10:3	7	answer		3	ἀποκριθεὶς		global-review-known-rendering	safe	0.575	approved	0				global known-rendering assignment; lexical score 0.43
10:3	8	What		6	Τί		global-review-known-rendering	safe	0.6811	approved	0				global known-rendering assignment; lexical score 0.53
10:3	10	Moses		9	Μωϋσῆς		global-review-known-rendering	safe	0.8	approved	0				global known-rendering assignment; lexical score 0.65
10:4	3	said		3	εἶπαν		global-review-known-rendering	safe	0.7688	approved	0				global known-rendering assignment; lexical score 0.62
10:4	6	Moses		5	Μωϋσῆς		global-review-known-rendering	safe	0.8	approved	0				global known-rendering assignment; lexical score 0.65
10:5	2	Jesus		3	Ἰησοῦς		global-review-known-rendering	safe	0.7969	approved	0				global known-rendering assignment; lexical score 0.65
10:5	3	said		4	εἶπεν		global-review-known-rendering	safe	0.7688	approved	0				global known-rendering assignment; lexical score 0.62
10:5	5	them		5	αὐτοῖς		global-review-known-rendering	safe	0.7378	approved	0				global known-rendering assignment; lexical score 0.59
10:5	8	your		9	ὑμῶν		global-review-known-rendering	safe	0.7903	approved	0				global known-rendering assignment; lexical score 0.64
10:5	14	this		14	ταύτην		global-review-known-rendering	safe	0.7776	approved	0				global known-rendering assignment; lexical score 0.63
10:6	10	them		9	αὐτούς		global-review-known-rendering	safe	0.7378	approved	0				global known-rendering assignment; lexical score 0.59
10:7	2	this		2	τούτου		global-review-known-rendering	safe	0.7776	approved	0				global known-rendering assignment; lexical score 0.63
10:7	10	his		7	αὐτοῦ		global-review-known-rendering	safe	0.789	approved	0				global known-rendering assignment; lexical score 0.64
10:7	11	father		6	πατέρα		global-review-known-rendering	safe	0.7986	approved	0				global known-rendering assignment; lexical score 0.65
10:7	13	mother		10	μητέρα		global-review-known-rendering	safe	0.77	approved	0				global known-rendering assignment; lexical score 0.62
10:8	2	the		3	οἱ		attached-word	safe	0.6889	approved	0				Article of 'two'
10:8	3	two		4	δύο		global-review-known-rendering	safe	0.7889	approved	0				global known-rendering assignment; lexical score 0.64
10:8	6	one		7	μίαν		global-review-known-rendering	safe	0.6342	approved	0				global known-rendering assignment; lexical score 0.48
10:8	7	flesh		6	σάρκα		global-review-known-rendering	safe	0.7937	approved	0				global known-rendering assignment; lexical score 0.64
10:8	11	are		10	εἰσὶν		global-review-known-rendering	safe	0.7847	approved	0				global known-rendering assignment; lexical score 0.63
10:8	14	two		11	δύο		global-review-known-rendering	safe	0.7889	approved	0				global known-rendering assignment; lexical score 0.64
10:8	16	one		13	μία		global-review-known-rendering	safe	0.6342	approved	0				global known-rendering assignment; lexical score 0.48
10:8	17	flesh		14	σάρξ		global-review-known-rendering	safe	0.7937	approved	0				global known-rendering assignment; lexical score 0.64
10:9	10	God		4	Θεὸς		global-review-known-rendering	safe	0.7935	approved	0				global known-rendering assignment; lexical score 0.64
10:10	5	the		6	οἱ		attached-word	safe	0.7	approved	0				Article of 'disciples'
10:10	6	disciples		7	μαθηταὶ		global-review-known-rendering	safe	0.8	approved	0				global known-rendering assignment; lexical score 0.65
10:10	10	him		11	αὐτόν		global-review-known-rendering	safe	0.7819	approved	0				global known-rendering assignment; lexical score 0.63
10:10	11	again		5	πάλιν		global-review-known-rendering	safe	0.5708	approved	0				global known-rendering assignment; lexical score 0.42
10:10	13	this		9	τούτου		global-review-known-rendering	safe	0.7776	approved	0				global known-rendering assignment; lexical score 0.63
10:11	3	said		2	λέγει		global-review-known-rendering	safe	0.7688	approved	0				global known-rendering assignment; lexical score 0.62
10:11	5	them		3	αὐτοῖς		global-review-known-rendering	safe	0.7378	approved	0				global known-rendering assignment; lexical score 0.59
10:11	9	his		9	αὐτοῦ		global-review-known-rendering	safe	0.789	approved	0				global known-rendering assignment; lexical score 0.64
10:11	10	wife		8	γυναῖκα		global-review-known-rendering	safe	0.7886	approved	0				global known-rendering assignment; lexical score 0.64
10:12	7	her		7	αὐτῆς		global-review-known-rendering	safe	0.7897	approved	0				global known-rendering assignment; lexical score 0.64
10:12	8	husband		6	ἄνδρα		global-review-known-rendering	safe	0.7885	approved	0				global known-rendering assignment; lexical score 0.64
10:13	5	him		3	αὐτῷ		global-review-known-rendering	safe	0.7819	approved	0				global known-rendering assignment; lexical score 0.63
10:13	16	them		6	αὐτῶν		global-review-known-rendering	safe	0.7378	approved	0				global known-rendering assignment; lexical score 0.59
10:13	18	the				expands	supplied-article	safe	0.8	approved	0				article the original does not write; rests on 'disciples' → 'μαθηταὶ'
10:13	19	disciples		10	μαθηταὶ		global-review-known-rendering	safe	0.8	approved	0				global known-rendering assignment; lexical score 0.65
10:13	24	them		12	αὐτοῖς		global-review-known-rendering	safe	0.7378	approved	0				global known-rendering assignment; lexical score 0.59
10:14	3	Jesus		4	Ἰησοῦς		global-review-known-rendering	safe	0.7969	approved	0				global known-rendering assignment; lexical score 0.65
10:14	4	saw		1	ἰδὼν		global-review-known-rendering	safe	0.7483	approved	0				global known-rendering assignment; lexical score 0.60
10:14	10	said		7	εἶπεν		global-review-known-rendering	safe	0.7688	approved	0				global known-rendering assignment; lexical score 0.62
10:14	12	them		8	αὐτοῖς		global-review-known-rendering	safe	0.7378	approved	0				global known-rendering assignment; lexical score 0.59
10:14	13	Let		9	Ἄφετε		global-review-known-rendering	safe	0.6269	approved	0				global known-rendering assignment; lexical score 0.48
10:14	17	come		12	ἔρχεσθαι		global-review-known-rendering	safe	0.6106	approved	0				global known-rendering assignment; lexical score 0.46
10:14	19	me		14	με		global-review-known-rendering	safe	0.7921	approved	0				global known-rendering assignment; lexical score 0.64
10:14	24	them		17	αὐτά		global-review-known-rendering	safe	0.7378	approved	0				global known-rendering assignment; lexical score 0.59
10:14	28	such		20	τοιούτων		global-review-known-rendering	safe	0.699	approved	0				global known-rendering assignment; lexical score 0.55
10:14	30	the		22	ἡ		attached-word	safe	0.7	approved	0				Article of 'kingdom'
10:14	31	kingdom		23	βασιλεία		global-review-known-rendering	safe	0.8	approved	0				global known-rendering assignment; lexical score 0.65
10:14	33	God		25	Θεοῦ		global-review-known-rendering	safe	0.7935	approved	0				global known-rendering assignment; lexical score 0.64
10:15	3	say		2	λέγω		global-review-known-rendering	safe	0.7337	approved	0				global known-rendering assignment; lexical score 0.58
10:15	12	the		8	τὴν		attached-word	safe	0.7	approved	0				Article of 'kingdom'
10:15	13	kingdom		9	βασιλείαν		global-review-known-rendering	safe	0.8	approved	0				global known-rendering assignment; lexical score 0.65
10:15	15	God		11	Θεοῦ		global-review-known-rendering	safe	0.7935	approved	0				global known-rendering assignment; lexical score 0.64
10:15	21	not		14	οὐ		global-review-known-rendering	safe	0.6298	approved	0				global known-rendering assignment; lexical score 0.48
10:15	23	into		17	εἰς		global-review-known-rendering	safe	0.7712	approved	0				global known-rendering assignment; lexical score 0.62
10:16	15	hands		7	χεῖρας		global-review-known-rendering	safe	0.7153	approved	0				global known-rendering assignment; lexical score 0.57
10:16	17	them		9	αὐτά		global-review-known-rendering	safe	0.7378	approved	0				global known-rendering assignment; lexical score 0.59
10:17	7	into		4	εἰς		global-review-known-rendering	safe	0.7712	approved	0				global known-rendering assignment; lexical score 0.62
10:17	8	the				expands	supplied-article	safe	0.6131	approved	0				article the original does not write; rests on 'way' → 'ὁδὸν'
10:17	9	way		5	ὁδὸν		global-review-known-rendering	safe	0.6131	approved	0				global known-rendering assignment; lexical score 0.46
10:17	15	him		10	αὐτὸν		global-review-known-rendering	safe	0.7819	approved	0				global known-rendering assignment; lexical score 0.63
10:17	20	his		3	αὐτοῦ		global-review-known-rendering	safe	0.789	approved	0				global known-rendering assignment; lexical score 0.64
10:17	24	Master		13	Διδάσκαλε		global-review-known-rendering	safe	0.6432	approved	0				global known-rendering assignment; lexical score 0.49
10:17	25	what		15	τί		global-review-known-rendering	safe	0.6811	approved	0				global known-rendering assignment; lexical score 0.53
10:17	29	do		16	ποιήσω		global-review-known-rendering	safe	0.727	approved	0				global known-rendering assignment; lexical score 0.58
10:17	35	eternal		19	αἰώνιον		global-review-known-rendering	safe	0.75	approved	0				global known-rendering assignment; lexical score 0.60
10:17	36	life		18	ζωὴν		global-review-known-rendering	safe	0.678	approved	0				global known-rendering assignment; lexical score 0.53
10:18	2	Jesus		3	Ἰησοῦς		global-review-known-rendering	safe	0.7969	approved	0				global known-rendering assignment; lexical score 0.65
10:18	3	said		4	εἶπεν		global-review-known-rendering	safe	0.7688	approved	0				global known-rendering assignment; lexical score 0.62
10:18	5	him		5	αὐτῷ		global-review-known-rendering	safe	0.7819	approved	0				global known-rendering assignment; lexical score 0.63
10:18	6	Why		6	Τί		global-review-known-rendering	safe	0.7683	approved	0				global known-rendering assignment; lexical score 0.62
10:18	9	say		8	λέγεις		global-review-known-rendering	safe	0.7337	approved	0				global known-rendering assignment; lexical score 0.58
10:18	18	one		14	εἷς		global-review-known-rendering	safe	0.6342	approved	0				global known-rendering assignment; lexical score 0.48
10:18	22	God		16	Θεός		global-review-known-rendering	safe	0.7935	approved	0				global known-rendering assignment; lexical score 0.64
10:19	46	your		17	σου		global-review-known-rendering	safe	0.7903	approved	0				global known-rendering assignment; lexical score 0.64
10:19	47	father		16	πατέρα		global-review-known-rendering	safe	0.7986	approved	0				global known-rendering assignment; lexical score 0.65
10:19	49	mother		20	μητέρα		global-review-known-rendering	safe	0.77	approved	0				global known-rendering assignment; lexical score 0.62
10:20	5	him		4	αὐτῷ		global-review-known-rendering	safe	0.7819	approved	0				global known-rendering assignment; lexical score 0.63
10:20	6	Master		5	Διδάσκαλε		global-review-known-rendering	safe	0.6432	approved	0				global known-rendering assignment; lexical score 0.49
10:20	7	all		7	πάντα		global-review-known-rendering	safe	0.7296	approved	0				global known-rendering assignment; lexical score 0.58
10:20	8	these		6	ταῦτα		global-review-known-rendering	safe	0.7895	approved	0				global known-rendering assignment; lexical score 0.64
10:21	2	Jesus		3	Ἰησοῦς		global-review-known-rendering	safe	0.7969	approved	0				global known-rendering assignment; lexical score 0.65
10:21	5	him		5	αὐτῷ		global-review-known-rendering	safe	0.7819	approved	0				global known-rendering assignment; lexical score 0.63
10:21	8	him		7	αὐτὸν		global-review-known-rendering	safe	0.7819	approved	0				global known-rendering assignment; lexical score 0.63
10:21	9	said		9	εἶπεν		global-review-known-rendering	safe	0.7688	approved	0				global known-rendering assignment; lexical score 0.62
10:21	12	one		11	Ἕν		global-review-known-rendering	safe	0.6342	approved	0				global known-rendering assignment; lexical score 0.48
10:21	22	give		19	δὸς		global-review-known-rendering	safe	0.7318	approved	0				global known-rendering assignment; lexical score 0.58
10:21	25	the		20	τοῖς		attached-word	safe	0.6578	approved	0				Article of 'poor'
10:21	26	poor		21	πτωχοῖς		global-review-known-rendering	safe	0.7578	approved	0				global known-rendering assignment; lexical score 0.61
10:21	30	have		23	ἕξεις		global-review-known-rendering	safe	0.7316	approved	0				global known-rendering assignment; lexical score 0.58
10:21	33	heaven		26	οὐρανῷ		global-review-known-rendering	safe	0.7891	approved	0				global known-rendering assignment; lexical score 0.64
10:21	37	me		30	μοι		global-review-known-rendering	safe	0.7921	approved	0				global known-rendering assignment; lexical score 0.64
10:22	19	had		11	ἔχων		global-review-known-rendering	safe	0.6996	approved	0				global known-rendering assignment; lexical score 0.55
10:22	20	much		13	πολλά		global-review-known-rendering	safe	0.6676	approved	0				global known-rendering assignment; lexical score 0.52
10:23	2	Jesus		4	Ἰησοῦς		global-review-known-rendering	safe	0.7969	approved	0				global known-rendering assignment; lexical score 0.65
10:23	6	said		5	λέγει		global-review-known-rendering	safe	0.7688	approved	0				global known-rendering assignment; lexical score 0.62
10:23	8	his		8	αὐτοῦ		global-review-known-rendering	safe	0.789	approved	0				global known-rendering assignment; lexical score 0.64
10:23	9	disciples		7	μαθηταῖς		global-review-known-rendering	safe	0.8	approved	0				global known-rendering assignment; lexical score 0.65
10:23	10	How		9	Πῶς		global-review-known-rendering	safe	0.6532	approved	0				global known-rendering assignment; lexical score 0.50
10:23	17	have		14	ἔχοντες		global-review-known-rendering	safe	0.7316	approved	0				global known-rendering assignment; lexical score 0.58
10:23	21	into		15	εἰς		global-review-known-rendering	safe	0.7712	approved	0				global known-rendering assignment; lexical score 0.62
10:23	22	the		16	τὴν		attached-word	safe	0.7	approved	0				Article of 'kingdom'
10:23	23	kingdom		17	βασιλείαν		global-review-known-rendering	safe	0.8	approved	0				global known-rendering assignment; lexical score 0.65
10:23	25	God		19	Θεοῦ		global-review-known-rendering	safe	0.7935	approved	0				global known-rendering assignment; lexical score 0.64
10:24	2	the				expands	supplied-article	safe	0.8	approved	0				article the original does not write; rests on 'disciples' → 'μαθηταὶ'
10:24	3	disciples		3	μαθηταὶ		global-review-known-rendering	safe	0.8	approved	0				global known-rendering assignment; lexical score 0.65
10:24	9	his		8	αὐτοῦ		global-review-known-rendering	safe	0.789	approved	0				global known-rendering assignment; lexical score 0.64
10:24	12	Jesus		11	Ἰησοῦς		global-review-known-rendering	safe	0.7969	approved	0				global known-rendering assignment; lexical score 0.65
10:24	13	said		14	λέγει		global-review-known-rendering	safe	0.7688	approved	0				global known-rendering assignment; lexical score 0.62
10:24	15	them		15	αὐτοῖς		global-review-known-rendering	safe	0.7378	approved	0				global known-rendering assignment; lexical score 0.59
10:24	16	again		12	πάλιν		global-review-known-rendering	safe	0.5708	approved	0				global known-rendering assignment; lexical score 0.42
10:24	18	how		17	πῶς		global-review-known-rendering	safe	0.6532	approved	0				global known-rendering assignment; lexical score 0.50
10:24	31	into		20	εἰς		global-review-known-rendering	safe	0.7712	approved	0				global known-rendering assignment; lexical score 0.62
10:24	32	the		21	τὴν		attached-word	safe	0.7	approved	0				Article of 'kingdom'
10:24	33	kingdom		22	βασιλείαν		global-review-known-rendering	safe	0.8	approved	0				global known-rendering assignment; lexical score 0.65
10:24	35	God		24	Θεοῦ		global-review-known-rendering	safe	0.7935	approved	0				global known-rendering assignment; lexical score 0.64
10:25	9	through		4	διὰ		global-review-known-rendering	safe	0.6056	approved	0				global known-rendering assignment; lexical score 0.46
10:25	13	than		10	ἢ		global-review-known-rendering	safe	0.6169	approved	0				global known-rendering assignment; lexical score 0.47
10:25	21	into		12	εἰς		global-review-known-rendering	safe	0.7712	approved	0				global known-rendering assignment; lexical score 0.62
10:25	22	the		13	τὴν		attached-word	safe	0.7	approved	0				Article of 'kingdom'
10:25	23	kingdom		14	βασιλείαν		global-review-known-rendering	safe	0.8	approved	0				global known-rendering assignment; lexical score 0.65
10:25	25	God		16	Θεοῦ		global-review-known-rendering	safe	0.7935	approved	0				global known-rendering assignment; lexical score 0.64
10:26	6	saying		5	λέγοντες		global-review-known-rendering	safe	0.7572	approved	0				global known-rendering assignment; lexical score 0.61
10:26	11	may		10	δύναται		global-review-known-rendering	safe	0.75	approved	0				global known-rendering assignment; lexical score 0.60
10:27	1	Jesus		4	Ἰησοῦς		global-review-known-rendering	safe	0.7969	approved	0				global known-rendering assignment; lexical score 0.65
10:27	4	them		2	αὐτοῖς		global-review-known-rendering	safe	0.7378	approved	0				global known-rendering assignment; lexical score 0.59
10:27	5	said		5	λέγει		global-review-known-rendering	safe	0.7688	approved	0				global known-rendering assignment; lexical score 0.62
10:27	7	men		7	ἀνθρώποις		global-review-known-rendering	safe	0.6235	approved	0				global known-rendering assignment; lexical score 0.47
10:27	10	impossible		8	ἀδύνατον		global-review-known-rendering	safe	0.6313	approved	0				global known-rendering assignment; lexical score 0.48
10:27	12	not		10	οὐ		global-review-known-rendering	safe	0.6298	approved	0				global known-rendering assignment; lexical score 0.48
10:27	14	God		12	θεῷ		global-review-known-rendering	safe	0.7935	approved	0				global known-rendering assignment; lexical score 0.64
10:27	16	all		13	πάντα		global-review-known-rendering	safe	0.7296	approved	0				global known-rendering assignment; lexical score 0.58
10:27	19	possible		15	δυνατὰ		global-review-known-rendering	safe	0.7357	approved	0				global known-rendering assignment; lexical score 0.59
10:27	21	God		18	θεῷ		global-review-known-rendering	safe	0.7935	approved	0				global known-rendering assignment; lexical score 0.64
10:28	1	Peter		4	Πέτρος		global-review-known-rendering	safe	0.8	approved	0				global known-rendering assignment; lexical score 0.65
10:28	2	said		2	λέγειν		global-review-known-rendering	safe	0.7688	approved	0				global known-rendering assignment; lexical score 0.62
10:28	4	him		5	αὐτῷ		global-review-known-rendering	safe	0.7819	approved	0				global known-rendering assignment; lexical score 0.63
10:28	5	See		6	Ἰδοὺ		global-review-known-rendering	safe	0.6298	approved	0				global known-rendering assignment; lexical score 0.48
10:28	6	we		7	ἡμεῖς		global-review-known-rendering	safe	0.7826	approved	0				global known-rendering assignment; lexical score 0.63
10:28	10	everything		9	πάντα		global-review-known-rendering	safe	0.8	approved	0				global known-rendering assignment; lexical score 0.65
10:29	1	Jesus		3	Ἰησοῦς		global-review-known-rendering	safe	0.7969	approved	0				global known-rendering assignment; lexical score 0.65
10:29	2	said		5	λέγω		global-review-known-rendering	safe	0.7688	approved	0				global known-rendering assignment; lexical score 0.62
10:29	18	brothers		13	ἀδελφοὺς		global-review-known-rendering	safe	0.8	approved	0				global known-rendering assignment; lexical score 0.65
10:29	20	sisters		15	ἀδελφὰς		global-review-known-rendering	safe	0.8	approved	0				global known-rendering assignment; lexical score 0.65
10:29	22	mother		17	μητέρα		global-review-known-rendering	safe	0.77	approved	0				global known-rendering assignment; lexical score 0.62
10:29	24	father		19	πατέρα		global-review-known-rendering	safe	0.7986	approved	0				global known-rendering assignment; lexical score 0.65
10:29	31	me		25	ἐμοῦ		global-review-known-rendering	safe	0.7921	approved	0				global known-rendering assignment; lexical score 0.64
10:30	12	this		9	τούτῳ		global-review-known-rendering	safe	0.7776	approved	0				global known-rendering assignment; lexical score 0.63
10:30	16	brothers		12	ἀδελφοὺς		global-review-known-rendering	safe	0.8	approved	0				global known-rendering assignment; lexical score 0.65
10:30	18	sisters		14	ἀδελφὰς		global-review-known-rendering	safe	0.8	approved	0				global known-rendering assignment; lexical score 0.65
10:30	34	come		28	ἐρχομένῳ		global-review-known-rendering	safe	0.6106	approved	0				global known-rendering assignment; lexical score 0.46
10:30	35	eternal		30	αἰώνιον		global-review-known-rendering	safe	0.75	approved	0				global known-rendering assignment; lexical score 0.60
10:30	36	life		29	ζωὴν		global-review-known-rendering	safe	0.678	approved	0				global known-rendering assignment; lexical score 0.53
10:31	10	last		5	ἔσχατοι		global-review-known-rendering	safe	0.755	approved	0				global known-rendering assignment; lexical score 0.60
10:31	15	last		8	ἔσχατοι		global-review-known-rendering	safe	0.755	approved	0				global known-rendering assignment; lexical score 0.60
10:32	5	the		4	τῇ		attached-word	safe	0.5131	approved	0				Article of 'way'
10:32	6	way		5	ὁδῷ		global-review-known-rendering	safe	0.6131	approved	0				global known-rendering assignment; lexical score 0.46
10:32	12	Jesus		14	Ἰησοῦς		global-review-known-rendering	safe	0.7969	approved	0				global known-rendering assignment; lexical score 0.65
10:32	16	them		12	αὐτοὺς		global-review-known-rendering	safe	0.7378	approved	0				global known-rendering assignment; lexical score 0.59
10:32	33	again		23	πάλιν		global-review-known-rendering	safe	0.5708	approved	0				global known-rendering assignment; lexical score 0.42
10:32	36	the		24	τοὺς		attached-word	safe	0.7	approved	0				Article of 'twelve'
10:32	37	twelve		25	δώδεκα		global-review-known-rendering	safe	0.8	approved	0				global known-rendering assignment; lexical score 0.65
10:32	40	them		27	αὐτοῖς		global-review-known-rendering	safe	0.7378	approved	0				global known-rendering assignment; lexical score 0.59
10:32	50	him		31	αὐτῷ		global-review-known-rendering	safe	0.7819	approved	0				global known-rendering assignment; lexical score 0.63
10:33	2	See		2	Ἰδοὺ		global-review-known-rendering	safe	0.6298	approved	0				global known-rendering assignment; lexical score 0.48
10:33	9	the		7	ὁ		attached-word	safe	0.6726	approved	0				Article of 'Son'
10:33	10	Son		8	Υἱὸς		global-review-known-rendering	safe	0.7726	approved	0				global known-rendering assignment; lexical score 0.62
10:33	20	priests		13	ἀρχιερεῦσιν		global-review-known-rendering	safe	0.7078	approved	0				global known-rendering assignment; lexical score 0.56
10:33	22	the		15	τοῖς		attached-word	safe	0.7	approved	0				Article of 'scribes'
10:33	23	scribes		16	γραμματεῦσιν		global-review-known-rendering	safe	0.8	approved	0				global known-rendering assignment; lexical score 0.65
10:33	32	death		20	θανάτῳ		global-review-known-rendering	safe	0.6934	approved	0				global known-rendering assignment; lexical score 0.54
10:33	36	him		23	αὐτὸν		global-review-known-rendering	safe	0.7819	approved	0				global known-rendering assignment; lexical score 0.63
10:33	39	the		24	τοῖς		attached-word	safe	0.6707	approved	0				Article of 'Gentiles'
10:33	40	Gentiles		25	ἔθνεσιν		global-review-known-rendering	safe	0.7707	approved	0				global known-rendering assignment; lexical score 0.62
10:34	7	him		3	αὐτῷ		global-review-known-rendering	safe	0.7819	approved	0				global known-rendering assignment; lexical score 0.63
10:34	12	him		6	αὐτῷ		global-review-known-rendering	safe	0.7819	approved	0				global known-rendering assignment; lexical score 0.63
10:34	15	him		9	αὐτὸν		global-review-known-rendering	safe	0.7819	approved	0				global known-rendering assignment; lexical score 0.63
10:34	26	three		14	τρεῖς		global-review-known-rendering	safe	0.7868	approved	0				global known-rendering assignment; lexical score 0.64
10:34	27	days		15	ἡμέρας		global-review-known-rendering	safe	0.7752	approved	0				global known-rendering assignment; lexical score 0.63
10:35	5	him		3	αὐτῷ		global-review-known-rendering	safe	0.7819	approved	0				global known-rendering assignment; lexical score 0.63
10:35	6	James		4	Ἰάκωβος		global-review-known-rendering	safe	0.8	approved	0				global known-rendering assignment; lexical score 0.65
10:35	8	John		6	Ἰωάνης		global-review-known-rendering	safe	0.8	approved	0				global known-rendering assignment; lexical score 0.65
10:35	9	the		7	οἱ		attached-word	safe	0.595	approved	0				Article of 'sons'
10:35	10	sons		8	υἱοὶ		global-review-known-rendering	safe	0.695	approved	0				global known-rendering assignment; lexical score 0.55
10:35	12	Zebedee		9	Ζεβεδαίου		global-review-known-rendering	safe	0.8	approved	0				global known-rendering assignment; lexical score 0.65
10:35	13	saying		10	λέγοντες		global-review-known-rendering	safe	0.7572	approved	0				global known-rendering assignment; lexical score 0.61
10:35	15	him		11	αὐτῷ		global-review-known-rendering	safe	0.7819	approved	0				global known-rendering assignment; lexical score 0.63
10:35	16	Master		12	Διδάσκαλε		global-review-known-rendering	safe	0.6432	approved	0				global known-rendering assignment; lexical score 0.49
10:35	20	us		20	ἡμῖν		global-review-known-rendering	safe	0.7978	approved	0				global known-rendering assignment; lexical score 0.65
10:36	3	said		3	εἶπεν		global-review-known-rendering	safe	0.7688	approved	0				global known-rendering assignment; lexical score 0.62
10:36	5	them		4	αὐτοῖς		global-review-known-rendering	safe	0.7378	approved	0				global known-rendering assignment; lexical score 0.59
10:36	6	What		5	Τί		global-review-known-rendering	safe	0.6811	approved	0				global known-rendering assignment; lexical score 0.53
10:36	7	would		6	θέλετε		global-review-known-rendering	safe	0.6803	approved	0				global known-rendering assignment; lexical score 0.53
10:36	10	me		7	με		global-review-known-rendering	safe	0.7921	approved	0				global known-rendering assignment; lexical score 0.64
10:36	11	do		8	ποιήσω		global-review-known-rendering	safe	0.727	approved	0				global known-rendering assignment; lexical score 0.58
10:37	3	said		3	εἶπαν		global-review-known-rendering	safe	0.7688	approved	0				global known-rendering assignment; lexical score 0.62
10:37	5	him		4	αὐτῷ		global-review-known-rendering	safe	0.7819	approved	0				global known-rendering assignment; lexical score 0.63
10:37	7	us		6	ἡμῖν		global-review-known-rendering	safe	0.7978	approved	0				global known-rendering assignment; lexical score 0.65
10:37	10	one		8	εἷς		global-review-known-rendering	safe	0.6342	approved	0				global known-rendering assignment; lexical score 0.48
10:37	12	your		9	σου		global-review-known-rendering	safe	0.7903	approved	0				global known-rendering assignment; lexical score 0.64
10:37	13	right		11	δεξιῶν		global-review-known-rendering	safe	0.5955	approved	0				global known-rendering assignment; lexical score 0.45
10:37	16	one		13	εἷς		global-review-known-rendering	safe	0.6342	approved	0				global known-rendering assignment; lexical score 0.48
10:37	21	your		20	σου		global-review-known-rendering	safe	0.7903	approved	0				global known-rendering assignment; lexical score 0.64
10:37	22	glory		19	δόξῃ		global-review-known-rendering	safe	0.7241	approved	0				global known-rendering assignment; lexical score 0.57
10:38	2	Jesus		3	Ἰησοῦς		global-review-known-rendering	safe	0.7969	approved	0				global known-rendering assignment; lexical score 0.65
10:38	3	said		4	εἶπεν		global-review-known-rendering	safe	0.7688	approved	0				global known-rendering assignment; lexical score 0.62
10:38	5	them		5	αὐτοῖς		global-review-known-rendering	safe	0.7378	approved	0				global known-rendering assignment; lexical score 0.59
10:38	8	no		6	Οὐκ		global-review-known-rendering	safe	0.6039	approved	0				global known-rendering assignment; lexical score 0.45
10:38	11	what		8	τί		global-review-known-rendering	safe	0.6811	approved	0				global known-rendering assignment; lexical score 0.53
10:38	17	able		10	δύνασθε		global-review-known-rendering	safe	0.6432	approved	0				global known-rendering assignment; lexical score 0.49
10:38	22	cup		13	ποτήριον		global-review-known-rendering	safe	0.8	approved	0				global known-rendering assignment; lexical score 0.65
10:38	26	the		18	τὸ		attached-word	safe	0.7	approved	0				Article of 'baptism'
10:38	27	baptism		19	βάπτισμα		global-review-known-rendering	safe	0.8	approved	0				global known-rendering assignment; lexical score 0.65
10:38	29	I		21	ἐγὼ		global-review-known-rendering	safe	0.7464	approved	0				global known-rendering assignment; lexical score 0.60
10:39	3	said		3	εἶπαν		global-review-known-rendering	safe	0.7688	approved	0				global known-rendering assignment; lexical score 0.62
10:39	5	him		4	αὐτῷ		global-review-known-rendering	safe	0.7819	approved	0				global known-rendering assignment; lexical score 0.63
10:39	8	able		5	Δυνάμεθα		global-review-known-rendering	safe	0.6432	approved	0				global known-rendering assignment; lexical score 0.49
10:39	10	Jesus		8	Ἰησοῦς		global-review-known-rendering	safe	0.7969	approved	0				global known-rendering assignment; lexical score 0.65
10:39	11	said		9	εἶπεν		global-review-known-rendering	safe	0.7688	approved	0				global known-rendering assignment; lexical score 0.62
10:39	13	them		10	αὐτοῖς		global-review-known-rendering	safe	0.7378	approved	0				global known-rendering assignment; lexical score 0.59
10:39	18	the		11	Τὸ		attached-word	safe	0.7	approved	0				Article of 'cup'
10:39	19	cup		12	ποτήριον		global-review-known-rendering	safe	0.8	approved	0				global known-rendering assignment; lexical score 0.65
10:39	22	I		14	ἐγὼ		global-review-known-rendering	safe	0.7464	approved	0				global known-rendering assignment; lexical score 0.60
10:39	25	the		18	τὸ		attached-word	safe	0.7	approved	0				Article of 'baptism'
10:39	26	baptism		19	βάπτισμα		global-review-known-rendering	safe	0.8	approved	0				global known-rendering assignment; lexical score 0.65
10:39	28	I		21	ἐγὼ		global-review-known-rendering	safe	0.7464	approved	0				global known-rendering assignment; lexical score 0.60
10:40	7	right		5	δεξιῶν		global-review-known-rendering	safe	0.5955	approved	0				global known-rendering assignment; lexical score 0.45
10:40	14	not		10	οὐκ		global-review-known-rendering	safe	0.6298	approved	0				global known-rendering assignment; lexical score 0.48
10:40	16	me		6	μου		global-review-known-rendering	safe	0.7921	approved	0				global known-rendering assignment; lexical score 0.64
10:40	18	give		13	δοῦναι		global-review-known-rendering	safe	0.7318	approved	0				global known-rendering assignment; lexical score 0.58
10:40	25	whom		15	οἷς		global-review-known-rendering	safe	0.6937	approved	0				global known-rendering assignment; lexical score 0.54
10:41	4	the		3	οἱ		attached-word	safe	0.6812	approved	0				Article of 'ten'
10:41	5	ten		4	δέκα		global-review-known-rendering	safe	0.7812	approved	0				global known-rendering assignment; lexical score 0.63
10:41	10	James		8	Ἰακώβου		global-review-known-rendering	safe	0.8	approved	0				global known-rendering assignment; lexical score 0.65
10:41	12	John		10	Ἰωάνου		global-review-known-rendering	safe	0.8	approved	0				global known-rendering assignment; lexical score 0.65
10:42	2	Jesus		5	Ἰησοῦς		global-review-known-rendering	safe	0.7969	approved	0				global known-rendering assignment; lexical score 0.65
10:42	4	them		3	αὐτοὺς		global-review-known-rendering	safe	0.7378	approved	0				global known-rendering assignment; lexical score 0.59
10:42	9	said		6	λέγει		global-review-known-rendering	safe	0.7688	approved	0				global known-rendering assignment; lexical score 0.62
10:42	11	them		7	αὐτοῖς		global-review-known-rendering	safe	0.7378	approved	0				global known-rendering assignment; lexical score 0.59
10:42	21	the		13	τῶν		attached-word	safe	0.6707	approved	0				Article of 'Gentiles'
10:42	22	Gentiles		14	ἐθνῶν		global-review-known-rendering	safe	0.7707	approved	0				global known-rendering assignment; lexical score 0.62
10:42	26	them		16	αὐτῶν		global-review-known-rendering	safe	0.7378	approved	0				global known-rendering assignment; lexical score 0.59
10:42	28	their		20	αὐτῶν		global-review-known-rendering	safe	0.7838	approved	0				global known-rendering assignment; lexical score 0.63
10:42	29	great		19	μεγάλοι		global-review-known-rendering	safe	0.6564	approved	0				global known-rendering assignment; lexical score 0.51
10:42	34	them		22	αὐτῶν		global-review-known-rendering	safe	0.7378	approved	0				global known-rendering assignment; lexical score 0.59
10:43	4	not		1	οὐχ		global-review-known-rendering	safe	0.6298	approved	0				global known-rendering assignment; lexical score 0.48
10:43	5	so		2	οὕτως		global-review-known-rendering	safe	0.6682	approved	0				global known-rendering assignment; lexical score 0.52
10:43	6	among		5	ἐν		global-review-known-rendering	safe	0.6313	approved	0				global known-rendering assignment; lexical score 0.48
10:43	14	become		12	γενέσθαι		global-review-known-rendering	safe	0.7833	approved	0				global known-rendering assignment; lexical score 0.63
10:43	15	great		11	μέγας		global-review-known-rendering	safe	0.6564	approved	0				global known-rendering assignment; lexical score 0.51
10:43	16	among		13	ἐν		global-review-known-rendering	safe	0.6313	approved	0				global known-rendering assignment; lexical score 0.48
10:43	21	your		16	ὑμῶν		global-review-known-rendering	safe	0.7903	approved	0				global known-rendering assignment; lexical score 0.64
10:44	9	among		5	ἐν		global-review-known-rendering	safe	0.6313	approved	0				global known-rendering assignment; lexical score 0.48
10:44	14	servant		11	δοῦλος		global-review-known-rendering	safe	0.7067	approved	0				global known-rendering assignment; lexical score 0.56
10:44	16	all		10	πάντων		global-review-known-rendering	safe	0.7296	approved	0				global known-rendering assignment; lexical score 0.58
10:45	3	the		3	ὁ		attached-word	safe	0.6726	approved	0				Article of 'Son'
10:45	4	Son		4	Υἱὸς		global-review-known-rendering	safe	0.7726	approved	0				global known-rendering assignment; lexical score 0.62
10:45	8	not		7	οὐκ		global-review-known-rendering	safe	0.6298	approved	0				global known-rendering assignment; lexical score 0.48
10:45	9	come		8	ἦλθεν		global-review-known-rendering	safe	0.6106	approved	0				global known-rendering assignment; lexical score 0.46
10:45	20	give		13	δοῦναι		global-review-known-rendering	safe	0.7318	approved	0				global known-rendering assignment; lexical score 0.58
10:45	21	his		16	αὐτοῦ		global-review-known-rendering	safe	0.789	approved	0				global known-rendering assignment; lexical score 0.64
10:45	27	men		6	ἀνθρώπου		global-review-known-rendering	safe	0.6235	approved	0				global known-rendering assignment; lexical score 0.47
10:46	3	came		2	ἔρχονται		global-review-known-rendering	safe	0.5999	approved	0				global known-rendering assignment; lexical score 0.45
10:46	5	Jericho		4	Ἰερειχώ		global-review-known-rendering	safe	0.8	approved	0				global known-rendering assignment; lexical score 0.65
10:46	13	Jericho		9	Ἰερειχὼ		global-review-known-rendering	safe	0.8	approved	0				global known-rendering assignment; lexical score 0.65
10:46	15	his		7	αὐτοῦ		global-review-known-rendering	safe	0.789	approved	0				global known-rendering assignment; lexical score 0.64
10:46	16	disciples		12	μαθητῶν		global-review-known-rendering	safe	0.8	approved	0				global known-rendering assignment; lexical score 0.65
10:46	23	the		17	ὁ		attached-word	safe	0.6726	approved	0				Article of 'son'
10:46	24	son		18	υἱὸς		global-review-known-rendering	safe	0.7726	approved	0				global known-rendering assignment; lexical score 0.62
10:46	28	a				expands	supplied-indefinite-article	safe	0.8	approved	0				indefinite article; rests on 'blind' → 'τυφλὸς'
10:46	29	blind		21	τυφλὸς		global-review-known-rendering	safe	0.8	approved	0				global known-rendering assignment; lexical score 0.65
10:46	37	his		13	αὐτοῦ		global-review-known-rendering	safe	0.789	approved	0				global known-rendering assignment; lexical score 0.64
10:47	11	Jesus		4	Ἰησοῦς		global-review-known-rendering	safe	0.7969	approved	0				global known-rendering assignment; lexical score 0.65
10:47	19	said		11	λέγειν		global-review-known-rendering	safe	0.7688	approved	0				global known-rendering assignment; lexical score 0.62
10:47	20	Jesus		14	Ἰησοῦ		global-review-known-rendering	safe	0.7969	approved	0				global known-rendering assignment; lexical score 0.65
10:47	21	Son		12	Υἱὲ		global-review-known-rendering	safe	0.7726	approved	0				global known-rendering assignment; lexical score 0.62
10:47	23	David		13	Δαυεὶδ		global-review-known-rendering	safe	0.8	approved	0				global known-rendering assignment; lexical score 0.65
10:47	27	me		16	με		global-review-known-rendering	safe	0.7921	approved	0				global known-rendering assignment; lexical score 0.64
10:48	9	him		3	αὐτῷ		global-review-known-rendering	safe	0.7819	approved	0				global known-rendering assignment; lexical score 0.63
10:48	24	Son		12	Υἱὲ		global-review-known-rendering	safe	0.7726	approved	0				global known-rendering assignment; lexical score 0.62
10:48	26	David		13	Δαυείδ		global-review-known-rendering	safe	0.8	approved	0				global known-rendering assignment; lexical score 0.65
10:48	30	me		15	με		global-review-known-rendering	safe	0.7921	approved	0				global known-rendering assignment; lexical score 0.64
10:49	2	Jesus		4	Ἰησοῦς		global-review-known-rendering	safe	0.7969	approved	0				global known-rendering assignment; lexical score 0.65
10:49	8	said		5	εἶπεν		global-review-known-rendering	safe	0.7688	approved	0				global known-rendering assignment; lexical score 0.62
10:49	10	him		7	αὐτόν		global-review-known-rendering	safe	0.7819	approved	0				global known-rendering assignment; lexical score 0.63
10:49	16	the		10	τὸν		attached-word	safe	0.7	approved	0				Article of 'blind'
10:49	17	blind		11	τυφλὸν		global-review-known-rendering	safe	0.8	approved	0				global known-rendering assignment; lexical score 0.65
10:49	20	said		12	λέγοντες		global-review-known-rendering	safe	0.7688	approved	0				global known-rendering assignment; lexical score 0.62
10:49	22	him		13	αὐτῷ		global-review-known-rendering	safe	0.7819	approved	0				global known-rendering assignment; lexical score 0.63
10:50	5	his		6	αὐτοῦ		global-review-known-rendering	safe	0.789	approved	0				global known-rendering assignment; lexical score 0.64
10:50	11	came		8	ἦλθεν		global-review-known-rendering	safe	0.5999	approved	0				global known-rendering assignment; lexical score 0.45
10:50	13	Jesus		11	Ἰησοῦν		global-review-known-rendering	safe	0.7969	approved	0				global known-rendering assignment; lexical score 0.65
10:51	2	Jesus		5	Ἰησοῦς		global-review-known-rendering	safe	0.7969	approved	0				global known-rendering assignment; lexical score 0.65
10:51	3	said		6	εἶπεν		global-review-known-rendering	safe	0.7688	approved	0				global known-rendering assignment; lexical score 0.62
10:51	5	him		3	αὐτῷ		global-review-known-rendering	safe	0.7819	approved	0				global known-rendering assignment; lexical score 0.63
10:51	6	What		7	Τί		global-review-known-rendering	safe	0.6811	approved	0				global known-rendering assignment; lexical score 0.53
10:51	7	would		9	θέλεις		global-review-known-rendering	safe	0.6803	approved	0				global known-rendering assignment; lexical score 0.53
10:51	11	do		10	ποιήσω		global-review-known-rendering	safe	0.727	approved	0				global known-rendering assignment; lexical score 0.58
10:51	15	the				expands	supplied-article	safe	0.8	approved	0				article the original does not write; rests on 'blind' → 'τυφλὸς'
10:51	16	blind		13	τυφλὸς		global-review-known-rendering	safe	0.8	approved	0				global known-rendering assignment; lexical score 0.65
10:51	18	said		14	εἶπεν		global-review-known-rendering	safe	0.7688	approved	0				global known-rendering assignment; lexical score 0.62
10:52	2	Jesus		3	Ἰησοῦς		global-review-known-rendering	safe	0.7969	approved	0				global known-rendering assignment; lexical score 0.65
10:52	3	said		4	εἶπεν		global-review-known-rendering	safe	0.7688	approved	0				global known-rendering assignment; lexical score 0.62
10:52	5	him		5	αὐτῷ		global-review-known-rendering	safe	0.7819	approved	0				global known-rendering assignment; lexical score 0.63
10:52	8	your		9	σου		global-review-known-rendering	safe	0.7903	approved	0				global known-rendering assignment; lexical score 0.64
10:52	11	faith		8	πίστις		global-review-known-rendering	safe	0.7888	approved	0				global known-rendering assignment; lexical score 0.64
10:52	27	him		17	αὐτῷ		global-review-known-rendering	safe	0.7819	approved	0				global known-rendering assignment; lexical score 0.63
10:52	29	the		19	τῇ		attached-word	safe	0.5131	approved	0				Article of 'way'
10:52	30	way		20	ὁδῷ		global-review-known-rendering	safe	0.6131	approved	0				global known-rendering assignment; lexical score 0.46
11:1	5	near		3	ἐγγίζουσιν		global-review-known-rendering	safe	0.5868	approved	0				global known-rendering assignment; lexical score 0.44
11:1	11	Bethany		9	Βηθανίαν		global-review-known-rendering	safe	0.8	approved	0				global known-rendering assignment; lexical score 0.65
11:1	13	the		11	τὸ		attached-word	safe	0.7	approved	0				Article of 'Mountain'
11:1	14	Mountain		12	ὄρος		global-review-known-rendering	safe	0.8	approved	0				global known-rendering assignment; lexical score 0.65
11:1	16	Olives		14	Ἐλαιῶν		global-review-known-rendering	safe	0.8	approved	0				global known-rendering assignment; lexical score 0.65
11:1	19	two		16	δύο		global-review-known-rendering	safe	0.7888	approved	0				global known-rendering assignment; lexical score 0.64
11:1	21	his		19	αὐτοῦ		global-review-known-rendering	safe	0.7891	approved	0				global known-rendering assignment; lexical score 0.64
11:1	22	disciples		18	μαθητῶν		global-review-known-rendering	safe	0.8	approved	0				global known-rendering assignment; lexical score 0.65
11:2	2	said		2	λέγει		global-review-known-rendering	safe	0.7691	approved	0				global known-rendering assignment; lexical score 0.62
11:2	4	them		3	αὐτοῖς		global-review-known-rendering	safe	0.7385	approved	0				global known-rendering assignment; lexical score 0.59
11:2	6	into		5	εἰς		global-review-known-rendering	safe	0.7712	approved	0				global known-rendering assignment; lexical score 0.62
11:2	7	the		6	τὴν		attached-word	safe	0.7	approved	0				Article of 'little'
11:2	9	town		7	κώμην		global-review-known-rendering	safe	0.8	approved	0				global known-rendering assignment; lexical score 0.65
11:2	26	round		10	ὑμῶν		global-review-known-rendering	safe	0.725	approved	0				global known-rendering assignment; lexical score 0.57
11:2	38	him		15	αὐτὴν		global-review-known-rendering	safe	0.7822	approved	0				global known-rendering assignment; lexical score 0.63
11:2	39	loose		25	λύσατε		global-review-known-rendering	safe	0.8	approved	0				global known-rendering assignment; lexical score 0.65
11:2	44	him		26	αὐτὸν		global-review-known-rendering	safe	0.7822	approved	0				global known-rendering assignment; lexical score 0.63
11:3	4	says		5	εἴπῃ		global-review-known-rendering	safe	0.7467	approved	0				global known-rendering assignment; lexical score 0.60
11:3	7	Why		6	Τί		global-review-known-rendering	safe	0.7683	approved	0				global known-rendering assignment; lexical score 0.62
11:3	11	this		8	τοῦτο		global-review-known-rendering	safe	0.7776	approved	0				global known-rendering assignment; lexical score 0.63
11:3	12	say		9	εἴπατε		global-review-known-rendering	safe	0.7337	approved	0				global known-rendering assignment; lexical score 0.58
11:3	13	The		10	Ὁ		attached-word	safe	0.6953	approved	0				Article of 'Lord'
11:3	14	Lord		11	Κύριος		global-review-known-rendering	safe	0.7953	approved	0				global known-rendering assignment; lexical score 0.65
11:3	16	need		13	χρείαν		global-review-known-rendering	safe	0.6282	approved	0				global known-rendering assignment; lexical score 0.48
11:3	18	him		12	αὐτοῦ		global-review-known-rendering	safe	0.7822	approved	0				global known-rendering assignment; lexical score 0.63
11:3	22	him		17	αὐτὸν		global-review-known-rendering	safe	0.7822	approved	0				global known-rendering assignment; lexical score 0.63
11:4	11	the				expands	supplied-article	safe	0.769	approved	0				article the original does not write; rests on 'door' → 'θύραν'
11:4	12	door		8	θύραν		global-review-known-rendering	safe	0.769	approved	0				global known-rendering assignment; lexical score 0.62
11:4	22	him		15	αὐτόν		global-review-known-rendering	safe	0.7822	approved	0				global known-rendering assignment; lexical score 0.63
11:4	23	loose		14	λύουσιν		global-review-known-rendering	safe	0.8	approved	0				global known-rendering assignment; lexical score 0.65
11:5	7	there		4	ἐκεῖ		global-review-known-rendering	safe	0.6981	approved	0				global known-rendering assignment; lexical score 0.55
11:5	8	said		6	ἔλεγον		global-review-known-rendering	safe	0.7691	approved	0				global known-rendering assignment; lexical score 0.62
11:5	10	them		7	αὐτοῖς		global-review-known-rendering	safe	0.7385	approved	0				global known-rendering assignment; lexical score 0.59
11:5	11	What		8	Τί		global-review-known-rendering	safe	0.6845	approved	0				global known-rendering assignment; lexical score 0.53
11:6	3	said		3	εἶπαν		global-review-known-rendering	safe	0.7691	approved	0				global known-rendering assignment; lexical score 0.62
11:6	5	them		4	αὐτοῖς		global-review-known-rendering	safe	0.7385	approved	0				global known-rendering assignment; lexical score 0.59
11:6	9	Jesus		8	Ἰησοῦς		global-review-known-rendering	safe	0.797	approved	0				global known-rendering assignment; lexical score 0.65
11:6	11	said		6	εἶπεν		global-review-known-rendering	safe	0.7691	approved	0				global known-rendering assignment; lexical score 0.62
11:6	14	let		10	ἀφῆκαν		global-review-known-rendering	safe	0.6269	approved	0				global known-rendering assignment; lexical score 0.48
11:6	15	them		11	αὐτούς		global-review-known-rendering	safe	0.7385	approved	0				global known-rendering assignment; lexical score 0.59
11:7	8	Jesus		7	Ἰησοῦν		global-review-known-rendering	safe	0.797	approved	0				global known-rendering assignment; lexical score 0.65
11:7	11	their		13	αὐτῶν		global-review-known-rendering	safe	0.7837	approved	0				global known-rendering assignment; lexical score 0.63
11:7	14	him		17	αὐτόν		global-review-known-rendering	safe	0.7822	approved	0				global known-rendering assignment; lexical score 0.63
11:8	7	their		5	αὐτῶν		global-review-known-rendering	safe	0.7837	approved	0				global known-rendering assignment; lexical score 0.63
11:8	10	the		8	τὴν		attached-word	safe	0.5147	approved	0				Article of 'way'
11:8	11	way		9	ὁδόν		global-review-known-rendering	safe	0.6147	approved	0				global known-rendering assignment; lexical score 0.46
11:8	13	others		10	ἄλλοι		global-review-known-rendering	safe	0.5882	approved	0				global known-rendering assignment; lexical score 0.44
11:9	20	comes		11	ἐρχόμενος		global-review-known-rendering	safe	0.6295	approved	0				global known-rendering assignment; lexical score 0.48
11:9	22	the				expands	supplied-article	safe	0.7973	approved	0				article the original does not write; rests on 'name' → 'ὀνόματι'
11:9	23	name		13	ὀνόματι		global-review-known-rendering	safe	0.7973	approved	0				global known-rendering assignment; lexical score 0.65
11:9	25	the				expands	supplied-article	safe	0.7953	approved	0				article the original does not write; rests on 'Lord' → 'Κυρίου'
11:9	26	Lord		14	Κυρίου		global-review-known-rendering	safe	0.7953	approved	0				global known-rendering assignment; lexical score 0.65
11:10	4	the				expands	supplied-article	safe	0.8	approved	0				article the original does not write; rests on 'kingdom' → 'βασιλεία'
11:10	6	kingdom		4	βασιλεία		global-review-known-rendering	safe	0.8	approved	0				global known-rendering assignment; lexical score 0.65
11:10	8	our		7	ἡμῶν		global-review-known-rendering	safe	0.7924	approved	0				global known-rendering assignment; lexical score 0.64
11:10	9	father		6	πατρὸς		global-review-known-rendering	safe	0.7987	approved	0				global known-rendering assignment; lexical score 0.65
11:10	10	David		8	Δαυείδ		global-review-known-rendering	safe	0.8	approved	0				global known-rendering assignment; lexical score 0.65
11:10	13	the		11	τοῖς		attached-word	safe	0.7	approved	0				Article of 'highest'
11:10	14	highest		12	ὑψίστοις		global-review-known-rendering	safe	0.8	approved	0				global known-rendering assignment; lexical score 0.65
11:11	4	into		3	εἰς		global-review-known-rendering	safe	0.7712	approved	0				global known-rendering assignment; lexical score 0.62
11:11	6	into		5	εἰς		global-review-known-rendering	safe	0.7712	approved	0				global known-rendering assignment; lexical score 0.62
11:11	15	all		10	πάντα		global-review-known-rendering	safe	0.73	approved	0				global known-rendering assignment; lexical score 0.58
11:11	18	being		13	οὔσης		global-review-known-rendering	safe	0.6642	approved	0				global known-rendering assignment; lexical score 0.51
11:11	25	Bethany		18	Βηθανίαν		global-review-known-rendering	safe	0.8	approved	0				global known-rendering assignment; lexical score 0.65
11:11	27	the		20	τῶν		attached-word	safe	0.7	approved	0				Article of 'twelve'
11:11	28	twelve		21	δώδεκα		global-review-known-rendering	safe	0.8	approved	0				global known-rendering assignment; lexical score 0.65
11:12	12	Bethany		7	Βηθανίας		global-review-known-rendering	safe	0.8	approved	0				global known-rendering assignment; lexical score 0.65
11:13	6	the				expands	supplied-article	safe	0.6043	approved	0				article the original does not write; rests on 'distance' → 'μακρόθεν'
11:13	7	distance		5	μακρόθεν		global-review-known-rendering	safe	0.6043	approved	0				global known-rendering assignment; lexical score 0.45
11:13	9	leaves		7	φύλλα		global-review-known-rendering	safe	0.8	approved	0				global known-rendering assignment; lexical score 0.65
11:13	18	had		6	ἔχουσαν		global-review-known-rendering	safe	0.6979	approved	0				global known-rendering assignment; lexical score 0.55
11:13	19	anything		11	τι		global-review-known-rendering	safe	0.63	approved	0				global known-rendering assignment; lexical score 0.48
11:13	25	came		16	ἐλθὼν		global-review-known-rendering	safe	0.6004	approved	0				global known-rendering assignment; lexical score 0.45
11:13	29	saw		2	ἰδὼν		global-review-known-rendering	safe	0.7483	approved	0				global known-rendering assignment; lexical score 0.60
11:13	30	nothing		19	οὐδὲν		global-review-known-rendering	safe	0.5944	approved	0				global known-rendering assignment; lexical score 0.44
11:13	32	leaves		23	φύλλα		global-review-known-rendering	safe	0.8	approved	0				global known-rendering assignment; lexical score 0.65
11:13	36	not		27	οὐκ		global-review-known-rendering	safe	0.6287	approved	0				global known-rendering assignment; lexical score 0.48
11:14	3	said		3	εἶπεν		global-review-known-rendering	safe	0.7691	approved	0				global known-rendering assignment; lexical score 0.62
11:14	10	fruit		12	καρπὸν		global-review-known-rendering	safe	0.7227	approved	0				global known-rendering assignment; lexical score 0.57
11:14	17	disciples		17	μαθηταὶ		global-review-known-rendering	safe	0.8	approved	0				global known-rendering assignment; lexical score 0.65
11:14	21	his		18	αὐτοῦ		global-review-known-rendering	safe	0.7891	approved	0				global known-rendering assignment; lexical score 0.64
11:15	3	came		2	ἔρχονται		global-review-known-rendering	safe	0.6004	approved	0				global known-rendering assignment; lexical score 0.45
11:15	9	into		7	εἰς		global-review-known-rendering	safe	0.7712	approved	0				global known-rendering assignment; lexical score 0.62
11:15	34	doves		31	περιστερὰς		global-review-known-rendering	safe	0.8	approved	0				global known-rendering assignment; lexical score 0.65
11:16	4	not		2	οὐκ		global-review-known-rendering	safe	0.6287	approved	0				global known-rendering assignment; lexical score 0.48
11:16	5	let		3	ἤφιεν		global-review-known-rendering	safe	0.6269	approved	0				global known-rendering assignment; lexical score 0.48
11:16	6	any		5	τις		global-review-known-rendering	safe	0.5989	approved	0				global known-rendering assignment; lexical score 0.45
11:16	9	a				expands	supplied-indefinite-article	safe	0.8	approved	0				indefinite article; rests on 'vessel' → 'σκεῦος'
11:16	10	vessel		7	σκεῦος		global-review-known-rendering	safe	0.8	approved	0				global known-rendering assignment; lexical score 0.65
11:16	11	through		8	διὰ		global-review-known-rendering	safe	0.6056	approved	0				global known-rendering assignment; lexical score 0.46
11:17	5	teaching		2	ἐδίδασκεν		global-review-known-rendering	safe	0.7609	approved	0				global known-rendering assignment; lexical score 0.61
11:17	7	said		4	ἔλεγεν		global-review-known-rendering	safe	0.7691	approved	0				global known-rendering assignment; lexical score 0.62
11:17	9	them		5	αὐτοῖς		global-review-known-rendering	safe	0.7385	approved	0				global known-rendering assignment; lexical score 0.59
11:17	12	not		6	Οὐ		global-review-known-rendering	safe	0.6287	approved	0				global known-rendering assignment; lexical score 0.48
11:17	16	My		11	μου		global-review-known-rendering	safe	0.7667	approved	0				global known-rendering assignment; lexical score 0.62
11:17	25	prayer		13	προσευχῆς		global-review-known-rendering	safe	0.6554	approved	0				global known-rendering assignment; lexical score 0.51
11:17	27	all		15	πᾶσιν		global-review-known-rendering	safe	0.73	approved	0				global known-rendering assignment; lexical score 0.58
11:17	28	the		16	τοῖς		attached-word	safe	0.7	approved	0				Article of 'nations'
11:17	29	nations		17	ἔθνεσιν		global-review-known-rendering	safe	0.8	approved	0				global known-rendering assignment; lexical score 0.65
11:18	8	the		3	οἱ		attached-word	safe	0.6067	approved	0				Article of 'chief'
11:18	10	priests		4	ἀρχιερεῖς		global-review-known-rendering	safe	0.7067	approved	0				global known-rendering assignment; lexical score 0.56
11:18	12	scribes		7	γραμματεῖς		global-review-known-rendering	safe	0.8	approved	0				global known-rendering assignment; lexical score 0.65
11:18	17	how		10	πῶς		global-review-known-rendering	safe	0.6542	approved	0				global known-rendering assignment; lexical score 0.50
11:18	21	him		11	αὐτὸν		global-review-known-rendering	safe	0.7822	approved	0				global known-rendering assignment; lexical score 0.63
11:18	28	him		15	αὐτόν		global-review-known-rendering	safe	0.7822	approved	0				global known-rendering assignment; lexical score 0.63
11:18	30	all		16	πᾶς		global-review-known-rendering	safe	0.73	approved	0				global known-rendering assignment; lexical score 0.58
11:18	38	his		24	αὐτοῦ		global-review-known-rendering	safe	0.7891	approved	0				global known-rendering assignment; lexical score 0.64
11:20	11	saw		4	εἶδον		global-review-known-rendering	safe	0.7483	approved	0				global known-rendering assignment; lexical score 0.60
11:20	16	the				expands	supplied-article	safe	0.71	approved	0				article the original does not write; rests on 'roots' → 'ῥιζῶν'
11:20	17	roots		9	ῥιζῶν		global-review-known-rendering	safe	0.71	approved	0				global known-rendering assignment; lexical score 0.56
11:21	2	Peter		4	Πέτρος		global-review-known-rendering	safe	0.8	approved	0				global known-rendering assignment; lexical score 0.65
11:21	8	said		5	λέγει		global-review-known-rendering	safe	0.7691	approved	0				global known-rendering assignment; lexical score 0.62
11:21	10	him		6	αὐτῷ		global-review-known-rendering	safe	0.7822	approved	0				global known-rendering assignment; lexical score 0.63
11:21	12	see		8	ἴδε		global-review-known-rendering	safe	0.6298	approved	0				global known-rendering assignment; lexical score 0.48
11:22	2	Jesus		4	Ἰησοῦς		global-review-known-rendering	safe	0.797	approved	0				global known-rendering assignment; lexical score 0.65
11:22	3	answering		2	ἀποκριθεὶς		global-review-known-rendering	safe	0.7804	approved	0				global known-rendering assignment; lexical score 0.63
11:22	4	said		5	λέγει		global-review-known-rendering	safe	0.7691	approved	0				global known-rendering assignment; lexical score 0.62
11:22	6	them		6	αὐτοῖς		global-review-known-rendering	safe	0.7385	approved	0				global known-rendering assignment; lexical score 0.59
11:22	7	Have		7	Ἔχετε		global-review-known-rendering	safe	0.734	approved	0				global known-rendering assignment; lexical score 0.58
11:22	8	God's		9	θεοῦ		global-review-known-rendering	safe	0.8	approved	0				global known-rendering assignment; lexical score 0.65
11:22	9	faith		8	πίστιν		global-review-known-rendering	safe	0.7888	approved	0				global known-rendering assignment; lexical score 0.64
11:23	7	says		2	λέγω		global-review-known-rendering	safe	0.7467	approved	0				global known-rendering assignment; lexical score 0.60
11:23	9	this		10	τούτῳ		global-review-known-rendering	safe	0.7776	approved	0				global known-rendering assignment; lexical score 0.63
11:23	10	mountain		9	ὄρει		global-review-known-rendering	safe	0.8	approved	0				global known-rendering assignment; lexical score 0.65
11:23	17	into		14	εἰς		global-review-known-rendering	safe	0.7712	approved	0				global known-rendering assignment; lexical score 0.62
11:23	18	the		15	τὴν		attached-word	safe	0.6895	approved	0				Article of 'sea'
11:23	19	sea		16	θάλασσαν		global-review-known-rendering	safe	0.7895	approved	0				global known-rendering assignment; lexical score 0.64
11:23	25	his		23	αὐτοῦ		global-review-known-rendering	safe	0.7891	approved	0				global known-rendering assignment; lexical score 0.64
11:23	26	heart		22	καρδίᾳ		global-review-known-rendering	safe	0.7788	approved	0				global known-rendering assignment; lexical score 0.63
11:23	33	says		7	εἴπῃ		global-review-known-rendering	safe	0.7467	approved	0				global known-rendering assignment; lexical score 0.60
11:24	2	this		2	τοῦτο		global-review-known-rendering	safe	0.7776	approved	0				global known-rendering assignment; lexical score 0.63
11:24	5	say		3	λέγω		global-review-known-rendering	safe	0.7337	approved	0				global known-rendering assignment; lexical score 0.58
11:25	7	let		5	ἀφίετε		global-review-known-rendering	safe	0.6269	approved	0				global known-rendering assignment; lexical score 0.48
11:25	16	have		8	ἔχετε		global-review-known-rendering	safe	0.734	approved	0				global known-rendering assignment; lexical score 0.58
11:25	27	your		15	ὑμῶν		global-review-known-rendering	safe	0.7903	approved	0				global known-rendering assignment; lexical score 0.64
11:25	30	your		24	ὑμῶν		global-review-known-rendering	safe	0.7903	approved	0				global known-rendering assignment; lexical score 0.64
11:25	31	Father		14	Πατὴρ		global-review-known-rendering	safe	0.7987	approved	0				global known-rendering assignment; lexical score 0.65
11:25	35	heaven		19	οὐρανοῖς		global-review-known-rendering	safe	0.789	approved	0				global known-rendering assignment; lexical score 0.64
11:27	3	came		2	ἔρχονται		global-review-known-rendering	safe	0.6004	approved	0				global known-rendering assignment; lexical score 0.45
11:27	4	again		3	πάλιν		global-review-known-rendering	safe	0.5733	approved	0				global known-rendering assignment; lexical score 0.42
11:27	11	walking		10	περιπατοῦντος		global-review-known-rendering	safe	0.68	approved	0				global known-rendering assignment; lexical score 0.53
11:27	16	came		12	ἔρχονται		global-review-known-rendering	safe	0.6004	approved	0				global known-rendering assignment; lexical score 0.45
11:27	18	him		14	αὐτὸν		global-review-known-rendering	safe	0.7822	approved	0				global known-rendering assignment; lexical score 0.63
11:27	19	the		15	οἱ		attached-word	safe	0.6067	approved	0				Article of 'chief'
11:27	21	priests		16	ἀρχιερεῖς		global-review-known-rendering	safe	0.7067	approved	0				global known-rendering assignment; lexical score 0.56
11:27	23	the		18	οἱ		attached-word	safe	0.7	approved	0				Article of 'scribes'
11:27	24	scribes		19	γραμματεῖς		global-review-known-rendering	safe	0.8	approved	0				global known-rendering assignment; lexical score 0.65
11:28	3	said		2	ἔλεγον		global-review-known-rendering	safe	0.7691	approved	0				global known-rendering assignment; lexical score 0.62
11:28	5	him		3	αὐτῷ		global-review-known-rendering	safe	0.7822	approved	0				global known-rendering assignment; lexical score 0.63
11:28	7	what		10	τίς		global-review-known-rendering	safe	0.6845	approved	0				global known-rendering assignment; lexical score 0.53
11:28	8	authority		6	ἐξουσίᾳ		global-review-known-rendering	safe	0.7224	approved	0				global known-rendering assignment; lexical score 0.57
11:28	11	do		8	ποιεῖς		global-review-known-rendering	safe	0.7267	approved	0				global known-rendering assignment; lexical score 0.58
11:28	12	these		7	ταῦτα		global-review-known-rendering	safe	0.7895	approved	0				global known-rendering assignment; lexical score 0.64
11:28	16	gave		12	ἔδωκεν		global-review-known-rendering	safe	0.7365	approved	0				global known-rendering assignment; lexical score 0.59
11:28	18	authority		14	ἐξουσίαν		global-review-known-rendering	safe	0.7224	approved	0				global known-rendering assignment; lexical score 0.57
11:28	20	do		18	ποιῇς		global-review-known-rendering	safe	0.7267	approved	0				global known-rendering assignment; lexical score 0.58
11:29	2	Jesus		3	Ἰησοῦς		global-review-known-rendering	safe	0.797	approved	0				global known-rendering assignment; lexical score 0.65
11:29	3	said		4	εἶπεν		global-review-known-rendering	safe	0.7691	approved	0				global known-rendering assignment; lexical score 0.62
11:29	5	them		5	αὐτοῖς		global-review-known-rendering	safe	0.7385	approved	0				global known-rendering assignment; lexical score 0.59
11:29	11	one		8	ἕνα		global-review-known-rendering	safe	0.6356	approved	0				global known-rendering assignment; lexical score 0.49
11:29	14	me		12	μοι		global-review-known-rendering	safe	0.7921	approved	0				global known-rendering assignment; lexical score 0.64
11:29	15	an				expands	supplied-indefinite-article	safe	0.5545	approved	0				indefinite article; rests on 'answer' → 'ἀποκρίθητέ'
11:29	16	answer		11	ἀποκρίθητέ		global-review-known-rendering	safe	0.5545	approved	0				global known-rendering assignment; lexical score 0.40
11:29	23	authority		18	ἐξουσίᾳ		global-review-known-rendering	safe	0.7224	approved	0				global known-rendering assignment; lexical score 0.57
11:29	25	do		20	ποιῶ		global-review-known-rendering	safe	0.7267	approved	0				global known-rendering assignment; lexical score 0.58
11:29	26	these		19	ταῦτα		global-review-known-rendering	safe	0.7895	approved	0				global known-rendering assignment; lexical score 0.64
11:30	1	The		1	τὸ		attached-word	safe	0.7	approved	0				Article of 'baptism'
11:30	2	baptism		2	βάπτισμα		global-review-known-rendering	safe	0.8	approved	0				global known-rendering assignment; lexical score 0.65
11:30	4	John		4	Ἰωάνου		global-review-known-rendering	safe	0.8	approved	0				global known-rendering assignment; lexical score 0.65
11:30	8	heaven		6	οὐρανοῦ		global-review-known-rendering	safe	0.789	approved	0				global known-rendering assignment; lexical score 0.64
11:30	11	men		10	ἀνθρώπων		global-review-known-rendering	safe	0.6229	approved	0				global known-rendering assignment; lexical score 0.47
11:30	13	me		12	μοι		global-review-known-rendering	safe	0.7921	approved	0				global known-rendering assignment; lexical score 0.64
11:30	14	an				expands	supplied-indefinite-article	safe	0.5545	approved	0				indefinite article; rests on 'answer' → 'ἀποκρίθητέ'
11:30	15	answer		11	ἀποκρίθητέ		global-review-known-rendering	safe	0.5545	approved	0				global known-rendering assignment; lexical score 0.40
11:31	8	themselves		4	ἑαυτοὺς		global-review-known-rendering	safe	0.6038	approved	0				global known-rendering assignment; lexical score 0.45
11:31	9	saying		5	λέγοντες		global-review-known-rendering	safe	0.7564	approved	0				global known-rendering assignment; lexical score 0.61
11:31	12	say		7	εἴπωμεν		global-review-known-rendering	safe	0.7337	approved	0				global known-rendering assignment; lexical score 0.58
11:31	14	heaven		9	οὐρανοῦ		global-review-known-rendering	safe	0.789	approved	0				global known-rendering assignment; lexical score 0.64
11:31	18	Why		12	τί		global-review-known-rendering	safe	0.7683	approved	0				global known-rendering assignment; lexical score 0.62
11:31	22	not		14	οὐκ		global-review-known-rendering	safe	0.6287	approved	0				global known-rendering assignment; lexical score 0.48
11:31	26	him		16	αὐτῷ		global-review-known-rendering	safe	0.7822	approved	0				global known-rendering assignment; lexical score 0.63
11:32	4	say		2	εἴπωμεν		global-review-known-rendering	safe	0.7337	approved	0				global known-rendering assignment; lexical score 0.58
11:32	6	men		4	ἀνθρώπων		global-review-known-rendering	safe	0.6229	approved	0				global known-rendering assignment; lexical score 0.47
11:32	14	because		14	ὅτι		global-review-known-rendering	safe	0.6766	approved	0				global known-rendering assignment; lexical score 0.53
11:32	17	John		12	Ἰωάνην		global-review-known-rendering	safe	0.8	approved	0				global known-rendering assignment; lexical score 0.65
11:32	21	a				expands	supplied-indefinite-article	safe	0.7723	approved	0				indefinite article; rests on 'prophet' → 'προφήτης'
11:32	22	prophet		15	προφήτης		global-review-known-rendering	safe	0.7723	approved	0				global known-rendering assignment; lexical score 0.62
11:33	3	said		5	λέγουσιν		global-review-known-rendering	safe	0.7691	approved	0				global known-rendering assignment; lexical score 0.62
11:33	5	answer		2	ἀποκριθέντες		global-review-known-rendering	safe	0.5545	approved	0				global known-rendering assignment; lexical score 0.40
11:33	7	Jesus		4	Ἰησοῦ		global-review-known-rendering	safe	0.797	approved	0				global known-rendering assignment; lexical score 0.65
11:33	13	Jesus		10	Ἰησοῦς		global-review-known-rendering	safe	0.797	approved	0				global known-rendering assignment; lexical score 0.65
11:33	14	said		11	λέγει		global-review-known-rendering	safe	0.7691	approved	0				global known-rendering assignment; lexical score 0.62
11:33	16	them		12	αὐτοῖς		global-review-known-rendering	safe	0.7385	approved	0				global known-rendering assignment; lexical score 0.59
11:33	18	I		14	ἐγὼ		global-review-known-rendering	safe	0.7469	approved	0				global known-rendering assignment; lexical score 0.60
11:33	20	not		6	Οὐκ		global-review-known-rendering	safe	0.6287	approved	0				global known-rendering assignment; lexical score 0.48
11:33	21	say		15	λέγω		global-review-known-rendering	safe	0.7337	approved	0				global known-rendering assignment; lexical score 0.58
11:33	26	authority		19	ἐξουσίᾳ		global-review-known-rendering	safe	0.7224	approved	0				global known-rendering assignment; lexical score 0.57
11:33	28	do		21	ποιῶ		global-review-known-rendering	safe	0.7267	approved	0				global known-rendering assignment; lexical score 0.58
11:33	29	these		20	ταῦτα		global-review-known-rendering	safe	0.7895	approved	0				global known-rendering assignment; lexical score 0.64
12:1	4	them		3	αὐτοῖς		global-review-known-rendering	safe	0.7382	approved	0				global known-rendering assignment; lexical score 0.59
12:1	16	planted		9	ἐφύτευσεν		global-review-known-rendering	safe	0.8	approved	0				global known-rendering assignment; lexical score 0.65
12:2	8	a				expands	supplied-indefinite-article	safe	0.7056	approved	0				indefinite article; rests on 'servant' → 'δοῦλον'
12:2	9	servant		8	δοῦλον		global-review-known-rendering	safe	0.7056	approved	0				global known-rendering assignment; lexical score 0.56
12:2	17	the		15	τῶν		attached-word	safe	0.6227	approved	0				Article of 'fruit'
12:2	18	fruit		16	καρπῶν		global-review-known-rendering	safe	0.7227	approved	0				global known-rendering assignment; lexical score 0.57
12:3	3	took		2	λαβόντες		global-review-known-rendering	safe	0.5707	approved	0				global known-rendering assignment; lexical score 0.42
12:3	4	him		3	αὐτὸν		global-review-known-rendering	safe	0.7824	approved	0				global known-rendering assignment; lexical score 0.63
12:4	2	again		2	πάλιν		global-review-known-rendering	safe	0.5733	approved	0				global known-rendering assignment; lexical score 0.42
12:4	6	them		5	αὐτοὺς		global-review-known-rendering	safe	0.7382	approved	0				global known-rendering assignment; lexical score 0.59
12:4	8	servant		7	δοῦλον		global-review-known-rendering	safe	0.7056	approved	0				global known-rendering assignment; lexical score 0.56
12:5	15	others		8	ἄλλους		global-review-known-rendering	safe	0.584	approved	0				global known-rendering assignment; lexical score 0.43
12:6	4	one		2	ἕνα		global-review-known-rendering	safe	0.6345	approved	0				global known-rendering assignment; lexical score 0.48
12:6	5	a				expands	supplied-indefinite-article	safe	0.7727	approved	0				indefinite article; rests on 'son' → 'υἱὸν'
12:6	6	dearly		5	ἀγαπητόν		global-review-known-rendering	safe	0.575	approved	0				global known-rendering assignment; lexical score 0.43
12:6	8	son		4	υἱὸν		global-review-known-rendering	safe	0.7727	approved	0				global known-rendering assignment; lexical score 0.62
12:6	11	him		7	αὐτὸν		global-review-known-rendering	safe	0.7824	approved	0				global known-rendering assignment; lexical score 0.63
12:6	12	last		8	ἔσχατον		global-review-known-rendering	safe	0.755	approved	0				global known-rendering assignment; lexical score 0.60
12:6	14	them		10	αὐτοὺς		global-review-known-rendering	safe	0.7382	approved	0				global known-rendering assignment; lexical score 0.59
12:6	15	saying		11	λέγων		global-review-known-rendering	safe	0.7563	approved	0				global known-rendering assignment; lexical score 0.61
12:6	18	have		3	εἶχεν		global-review-known-rendering	safe	0.732	approved	0				global known-rendering assignment; lexical score 0.58
12:6	21	my		16	μου		global-review-known-rendering	safe	0.7666	approved	0				global known-rendering assignment; lexical score 0.62
12:6	22	son		15	υἱόν		global-review-known-rendering	safe	0.7727	approved	0				global known-rendering assignment; lexical score 0.62
12:7	2	those		1	ἐκεῖνοι		global-review-known-rendering	safe	0.5891	approved	0				global known-rendering assignment; lexical score 0.44
12:7	4	said		7	εἶπαν		global-review-known-rendering	safe	0.769	approved	0				global known-rendering assignment; lexical score 0.62
12:7	6	themselves		6	ἑαυτοὺς		global-review-known-rendering	safe	0.6038	approved	0				global known-rendering assignment; lexical score 0.45
12:7	7	This		9	Οὗτός		global-review-known-rendering	safe	0.7774	approved	0				global known-rendering assignment; lexical score 0.63
12:7	22	us		17	ἡμῶν		global-review-known-rendering	safe	0.7978	approved	0				global known-rendering assignment; lexical score 0.65
12:7	24	him		15	αὐτόν		global-review-known-rendering	safe	0.7824	approved	0				global known-rendering assignment; lexical score 0.63
12:8	3	took		2	λαβόντες		global-review-known-rendering	safe	0.5707	approved	0				global known-rendering assignment; lexical score 0.42
12:8	4	him		4	αὐτόν		global-review-known-rendering	safe	0.7824	approved	0				global known-rendering assignment; lexical score 0.63
12:8	7	him		7	αὐτὸν		global-review-known-rendering	safe	0.7824	approved	0				global known-rendering assignment; lexical score 0.63
12:9	1	What		1	τί		global-review-known-rendering	safe	0.6815	approved	0				global known-rendering assignment; lexical score 0.53
12:9	9	do		2	ποιήσει		global-review-known-rendering	safe	0.7279	approved	0				global known-rendering assignment; lexical score 0.58
12:9	12	come		7	ἐλεύσεται		global-review-known-rendering	safe	0.6097	approved	0				global known-rendering assignment; lexical score 0.46
12:9	21	give		13	δώσει		global-review-known-rendering	safe	0.7314	approved	0				global known-rendering assignment; lexical score 0.58
12:9	28	others		16	ἄλλοις		global-review-known-rendering	safe	0.584	approved	0				global known-rendering assignment; lexical score 0.43
12:10	5	this		4	ταύτην		global-review-known-rendering	safe	0.7774	approved	0				global known-rendering assignment; lexical score 0.63
12:10	11	The				expands	supplied-article	safe	0.6568	approved	0				article the original does not write; rests on 'stone' → 'Λίθον'
12:10	12	stone		6	Λίθον		global-review-known-rendering	safe	0.6568	approved	0				global known-rendering assignment; lexical score 0.51
12:10	14	the		9	οἱ		attached-word	safe	0.7	approved	0				Article of 'builders'
12:10	15	builders		10	οἰκοδομοῦντες		global-review-known-rendering	safe	0.8	approved	0				global known-rendering assignment; lexical score 0.65
12:11	1	This		4	αὕτη		global-review-known-rendering	safe	0.7774	approved	0				global known-rendering assignment; lexical score 0.63
12:11	3	the				expands	supplied-article	safe	0.725	approved	0				article the original does not write; rests on 'Lord's' → 'Κυρίου'
12:11	4	Lord's		2	Κυρίου		global-review-known-rendering	safe	0.725	approved	0				global known-rendering assignment; lexical score 0.57
12:11	12	our		10	ἡμῶν		global-review-known-rendering	safe	0.7924	approved	0				global known-rendering assignment; lexical score 0.64
12:11	13	eyes		9	ὀφθαλμοῖς		global-review-known-rendering	safe	0.7664	approved	0				global known-rendering assignment; lexical score 0.62
12:12	7	him		3	αὐτὸν		global-review-known-rendering	safe	0.7824	approved	0				global known-rendering assignment; lexical score 0.63
12:12	16	because		11	ὅτι		global-review-known-rendering	safe	0.6766	approved	0				global known-rendering assignment; lexical score 0.53
12:12	24	them		13	αὐτοὺς		global-review-known-rendering	safe	0.7382	approved	0				global known-rendering assignment; lexical score 0.59
12:12	30	him		19	αὐτὸν		global-review-known-rendering	safe	0.7824	approved	0				global known-rendering assignment; lexical score 0.63
12:13	5	him		4	αὐτόν		global-review-known-rendering	safe	0.7824	approved	0				global known-rendering assignment; lexical score 0.63
12:13	6	certain		5	τινας		global-review-known-rendering	safe	0.7792	approved	0				global known-rendering assignment; lexical score 0.63
12:13	8	the		6	τῶν		attached-word	safe	0.7	approved	0				Article of 'Pharisees'
12:13	9	Pharisees		7	Φαρισαίων		global-review-known-rendering	safe	0.8	approved	0				global known-rendering assignment; lexical score 0.65
12:13	24	him		12	αὐτὸν		global-review-known-rendering	safe	0.7824	approved	0				global known-rendering assignment; lexical score 0.63
12:14	5	come		2	ἐλθόντες		global-review-known-rendering	safe	0.6097	approved	0				global known-rendering assignment; lexical score 0.46
12:14	7	said		3	λέγουσιν		global-review-known-rendering	safe	0.769	approved	0				global known-rendering assignment; lexical score 0.62
12:14	9	him		4	αὐτῷ		global-review-known-rendering	safe	0.7824	approved	0				global known-rendering assignment; lexical score 0.63
12:14	10	Master		5	Διδάσκαλε		global-review-known-rendering	safe	0.6432	approved	0				global known-rendering assignment; lexical score 0.49
12:14	12	are		9	εἶ		global-review-known-rendering	safe	0.7847	approved	0				global known-rendering assignment; lexical score 0.63
12:14	20	no		11	οὐ		global-review-known-rendering	safe	0.6043	approved	0				global known-rendering assignment; lexical score 0.45
12:14	26	no		16	οὐ		global-review-known-rendering	safe	0.6043	approved	0				global known-rendering assignment; lexical score 0.45
12:14	35	teaching		29	διδάσκεις		global-review-known-rendering	safe	0.7609	approved	0				global known-rendering assignment; lexical score 0.61
12:14	36	the		25	τὴν		attached-word	safe	0.514	approved	0				Article of 'true'
12:14	38	way		26	ὁδὸν		global-review-known-rendering	safe	0.614	approved	0				global known-rendering assignment; lexical score 0.46
12:14	40	God		28	Θεοῦ		global-review-known-rendering	safe	0.7935	approved	0				global known-rendering assignment; lexical score 0.64
12:14	45	give		31	δοῦναι		global-review-known-rendering	safe	0.7314	approved	0				global known-rendering assignment; lexical score 0.58
12:14	48	Caesar		33	Καίσαρι		global-review-known-rendering	safe	0.8	approved	0				global known-rendering assignment; lexical score 0.65
12:14	50	not		35	οὔ		global-review-known-rendering	safe	0.6283	approved	0				global known-rendering assignment; lexical score 0.48
12:15	13	their		4	αὐτῶν		global-review-known-rendering	safe	0.7837	approved	0				global known-rendering assignment; lexical score 0.63
12:15	16	said		7	εἶπεν		global-review-known-rendering	safe	0.769	approved	0				global known-rendering assignment; lexical score 0.62
12:15	18	them		8	αὐτοῖς		global-review-known-rendering	safe	0.7382	approved	0				global known-rendering assignment; lexical score 0.59
12:15	19	Why		9	Τί		global-review-known-rendering	safe	0.7683	approved	0				global known-rendering assignment; lexical score 0.62
12:15	23	me		10	με		global-review-known-rendering	safe	0.7921	approved	0				global known-rendering assignment; lexical score 0.64
12:15	28	me		13	μοι		global-review-known-rendering	safe	0.7921	approved	0				global known-rendering assignment; lexical score 0.64
12:15	29	a				expands	supplied-indefinite-article	safe	0.8	approved	0				indefinite article; rests on 'penny' → 'δηνάριον'
12:15	30	penny		14	δηνάριον		global-review-known-rendering	safe	0.8	approved	0				global known-rendering assignment; lexical score 0.65
12:15	35	see		16	ἴδω		global-review-known-rendering	safe	0.6313	approved	0				global known-rendering assignment; lexical score 0.48
12:16	8	said		5	λέγει		global-review-known-rendering	safe	0.769	approved	0				global known-rendering assignment; lexical score 0.62
12:16	10	them		6	αὐτοῖς		global-review-known-rendering	safe	0.7382	approved	0				global known-rendering assignment; lexical score 0.59
12:16	13	this		10	αὕτη		global-review-known-rendering	safe	0.7774	approved	0				global known-rendering assignment; lexical score 0.63
12:16	14	image		9	εἰκὼν		global-review-known-rendering	safe	0.7804	approved	0				global known-rendering assignment; lexical score 0.63
12:16	21	said		16	εἶπαν		global-review-known-rendering	safe	0.769	approved	0				global known-rendering assignment; lexical score 0.62
12:16	23	him		17	αὐτῷ		global-review-known-rendering	safe	0.7824	approved	0				global known-rendering assignment; lexical score 0.63
12:16	24	Caesar's		18	Καίσαρος		global-review-known-rendering	safe	0.8	approved	0				global known-rendering assignment; lexical score 0.65
12:17	2	Jesus		3	Ἰησοῦς		global-review-known-rendering	safe	0.797	approved	0				global known-rendering assignment; lexical score 0.65
12:17	3	said		4	εἶπεν		global-review-known-rendering	safe	0.769	approved	0				global known-rendering assignment; lexical score 0.62
12:17	5	them		5	αὐτοῖς		global-review-known-rendering	safe	0.7382	approved	0				global known-rendering assignment; lexical score 0.59
12:17	8	Caesar		7	Καίσαρος		global-review-known-rendering	safe	0.8	approved	0				global known-rendering assignment; lexical score 0.65
12:17	13	Caesar's		9	Καίσαρι		global-review-known-rendering	safe	0.8	approved	0				global known-rendering assignment; lexical score 0.65
12:17	16	God		13	Θεοῦ		global-review-known-rendering	safe	0.7935	approved	0				global known-rendering assignment; lexical score 0.64
12:17	21	God's		15	Θεῷ		global-review-known-rendering	safe	0.8	approved	0				global known-rendering assignment; lexical score 0.65
12:17	29	him		19	αὐτῷ		global-review-known-rendering	safe	0.7824	approved	0				global known-rendering assignment; lexical score 0.63
12:18	3	came		2	ἔρχονται		global-review-known-rendering	safe	0.6018	approved	0				global known-rendering assignment; lexical score 0.45
12:18	5	him		5	αὐτόν		global-review-known-rendering	safe	0.7824	approved	0				global known-rendering assignment; lexical score 0.63
12:18	6	Sadducees		3	Σαδδουκαῖοι		global-review-known-rendering	safe	0.8	approved	0				global known-rendering assignment; lexical score 0.65
12:18	8	say		7	λέγουσιν		global-review-known-rendering	safe	0.7337	approved	0				global known-rendering assignment; lexical score 0.58
12:18	23	him		13	αὐτὸν		global-review-known-rendering	safe	0.7824	approved	0				global known-rendering assignment; lexical score 0.63
12:18	24	saying		14	λέγοντες		global-review-known-rendering	safe	0.7563	approved	0				global known-rendering assignment; lexical score 0.61
12:19	1	Master		1	Διδάσκαλε		global-review-known-rendering	safe	0.6432	approved	0				global known-rendering assignment; lexical score 0.49
12:19	5	Moses		2	Μωϋσῆς		global-review-known-rendering	safe	0.8	approved	0				global known-rendering assignment; lexical score 0.65
12:19	10	brother		8	ἀδελφὸς		global-review-known-rendering	safe	0.8	approved	0				global known-rendering assignment; lexical score 0.65
12:19	17	a				expands	supplied-indefinite-article	safe	0.7882	approved	0				indefinite article; rests on 'wife' → 'γυναῖκα'
12:19	18	wife		12	γυναῖκα		global-review-known-rendering	safe	0.7882	approved	0				global known-rendering assignment; lexical score 0.64
12:19	29	brother		20	ἀδελφὸς		global-review-known-rendering	safe	0.8	approved	0				global known-rendering assignment; lexical score 0.65
12:19	32	his		21	αὐτοῦ		global-review-known-rendering	safe	0.789	approved	0				global known-rendering assignment; lexical score 0.64
12:19	33	wife		23	γυναῖκα		global-review-known-rendering	safe	0.7882	approved	0				global known-rendering assignment; lexical score 0.64
12:19	39	his		29	αὐτοῦ		global-review-known-rendering	safe	0.789	approved	0				global known-rendering assignment; lexical score 0.64
12:19	40	brother		28	ἀδελφῷ		global-review-known-rendering	safe	0.8	approved	0				global known-rendering assignment; lexical score 0.65
12:20	3	seven		1	ἑπτὰ		global-review-known-rendering	safe	0.8	approved	0				global known-rendering assignment; lexical score 0.65
12:20	4	brothers		2	ἀδελφοὶ		global-review-known-rendering	safe	0.8	approved	0				global known-rendering assignment; lexical score 0.65
12:20	8	took		7	ἔλαβεν		global-review-known-rendering	safe	0.5707	approved	0				global known-rendering assignment; lexical score 0.42
12:20	9	a				expands	supplied-indefinite-article	safe	0.7882	approved	0				indefinite article; rests on 'wife' → 'γυναῖκα'
12:20	10	wife		8	γυναῖκα		global-review-known-rendering	safe	0.7882	approved	0				global known-rendering assignment; lexical score 0.64
12:20	17	no		11	οὐκ		global-review-known-rendering	safe	0.6043	approved	0				global known-rendering assignment; lexical score 0.45
12:21	2	the		2	ὁ		attached-word	safe	0.7	approved	0				Article of 'second'
12:21	3	second		3	δεύτερος		global-review-known-rendering	safe	0.8	approved	0				global known-rendering assignment; lexical score 0.65
12:21	4	took		4	ἔλαβεν		global-review-known-rendering	safe	0.5707	approved	0				global known-rendering assignment; lexical score 0.42
12:21	5	her		5	αὐτήν		global-review-known-rendering	safe	0.7896	approved	0				global known-rendering assignment; lexical score 0.64
12:21	15	the		12	ὁ		attached-word	safe	0.7	approved	0				Article of 'third'
12:21	16	third		13	τρίτος		global-review-known-rendering	safe	0.8	approved	0				global known-rendering assignment; lexical score 0.65
12:22	3	the		2	οἱ		attached-word	safe	0.7	approved	0				Article of 'seven'
12:22	4	seven		3	ἑπτὰ		global-review-known-rendering	safe	0.8	approved	0				global known-rendering assignment; lexical score 0.65
12:22	6	no		4	οὐκ		global-review-known-rendering	safe	0.6043	approved	0				global known-rendering assignment; lexical score 0.45
12:22	7	seed		6	σπέρμα		global-review-known-rendering	safe	0.6676	approved	0				global known-rendering assignment; lexical score 0.52
12:22	8	Last		7	ἔσχατον		global-review-known-rendering	safe	0.755	approved	0				global known-rendering assignment; lexical score 0.60
12:22	10	all		8	πάντων		global-review-known-rendering	safe	0.7363	approved	0				global known-rendering assignment; lexical score 0.59
12:22	11	the		10	ἡ		attached-word	safe	0.6644	approved	0				Article of 'woman'
12:22	12	woman		11	γυνὴ		global-review-known-rendering	safe	0.7644	approved	0				global known-rendering assignment; lexical score 0.61
12:23	13	wife		9	γυνή		global-review-known-rendering	safe	0.7882	approved	0				global known-rendering assignment; lexical score 0.64
12:23	18	the				expands	supplied-article	safe	0.8	approved	0				article the original does not write; rests on 'seven' → 'ἑπτὰ'
12:23	19	seven		12	ἑπτὰ		global-review-known-rendering	safe	0.8	approved	0				global known-rendering assignment; lexical score 0.65
12:23	20	had		13	ἔσχον		global-review-known-rendering	safe	0.6964	approved	0				global known-rendering assignment; lexical score 0.55
12:23	21	her		14	αὐτὴν		global-review-known-rendering	safe	0.7896	approved	0				global known-rendering assignment; lexical score 0.64
12:23	23	a				expands	supplied-indefinite-article	safe	0.7882	approved	0				indefinite article; rests on 'wife' → 'γυναῖκα'
12:23	24	wife		15	γυναῖκα		global-review-known-rendering	safe	0.7882	approved	0				global known-rendering assignment; lexical score 0.64
12:24	1	Jesus		4	Ἰησοῦς		global-review-known-rendering	safe	0.797	approved	0				global known-rendering assignment; lexical score 0.65
12:24	4	them		2	αὐτοῖς		global-review-known-rendering	safe	0.7382	approved	0				global known-rendering assignment; lexical score 0.59
12:24	6	not		5	Οὐ		global-review-known-rendering	safe	0.6283	approved	0				global known-rendering assignment; lexical score 0.48
12:24	7	this		7	τοῦτο		global-review-known-rendering	safe	0.7774	approved	0				global known-rendering assignment; lexical score 0.63
12:24	27	God		17	Θεοῦ		global-review-known-rendering	safe	0.7935	approved	0				global known-rendering assignment; lexical score 0.64
12:25	6	the				expands	supplied-article	safe	0.6588	approved	0				article the original does not write; rests on 'dead' → 'νεκρῶν'
12:25	7	dead		4	νεκρῶν		global-review-known-rendering	safe	0.6588	approved	0				global known-rendering assignment; lexical score 0.51
12:25	12	married		7	γαμοῦσιν		global-review-known-rendering	safe	0.665	approved	0				global known-rendering assignment; lexical score 0.52
12:25	14	are		11	εἰσὶν		global-review-known-rendering	safe	0.7847	approved	0				global known-rendering assignment; lexical score 0.63
12:25	16	the				expands	supplied-article	safe	0.7889	approved	0				article the original does not write; rests on 'angels' → 'ἄγγελοι'
12:25	17	angels		13	ἄγγελοι		global-review-known-rendering	safe	0.7889	approved	0				global known-rendering assignment; lexical score 0.64
12:25	19	heaven		16	οὐρανοῖς		global-review-known-rendering	safe	0.7891	approved	0				global known-rendering assignment; lexical score 0.64
12:26	4	the		3	τῶν		attached-word	safe	0.5588	approved	0				Article of 'dead'
12:26	5	dead		4	νεκρῶν		global-review-known-rendering	safe	0.6588	approved	0				global known-rendering assignment; lexical score 0.51
12:26	12	not		7	οὐκ		global-review-known-rendering	safe	0.6283	approved	0				global known-rendering assignment; lexical score 0.48
12:26	18	Moses		12	Μωϋσέως		global-review-known-rendering	safe	0.8	approved	0				global known-rendering assignment; lexical score 0.65
12:26	23	how		16	πῶς		global-review-known-rendering	safe	0.6532	approved	0				global known-rendering assignment; lexical score 0.50
12:26	24	God		20	Θεὸς		global-review-known-rendering	safe	0.7935	approved	0				global known-rendering assignment; lexical score 0.64
12:26	25	said		17	εἶπεν		global-review-known-rendering	safe	0.769	approved	0				global known-rendering assignment; lexical score 0.62
12:26	27	him		18	αὐτῷ		global-review-known-rendering	safe	0.7824	approved	0				global known-rendering assignment; lexical score 0.63
12:26	28	I		22	Ἐγὼ		global-review-known-rendering	safe	0.7469	approved	0				global known-rendering assignment; lexical score 0.60
12:26	30	the		23	ὁ		attached-word	safe	0.6935	approved	0				Article of 'God'
12:26	31	God		24	Θεὸς		global-review-known-rendering	safe	0.7935	approved	0				global known-rendering assignment; lexical score 0.64
12:26	33	Abraham		25	Ἀβραὰμ		global-review-known-rendering	safe	0.8	approved	0				global known-rendering assignment; lexical score 0.65
12:26	35	the				expands	supplied-article	safe	0.7935	approved	0				article the original does not write; rests on 'God' → 'Θεὸς'
12:26	36	God		27	Θεὸς		global-review-known-rendering	safe	0.7935	approved	0				global known-rendering assignment; lexical score 0.64
12:26	38	Isaac		28	Ἰσαὰκ		global-review-known-rendering	safe	0.8	approved	0				global known-rendering assignment; lexical score 0.65
12:26	40	the				expands	supplied-article	safe	0.7935	approved	0				article the original does not write; rests on 'God' → 'Θεὸς'
12:26	41	God		30	Θεὸς		global-review-known-rendering	safe	0.7935	approved	0				global known-rendering assignment; lexical score 0.64
12:26	43	Jacob		31	Ἰακώβ		global-review-known-rendering	safe	0.8	approved	0				global known-rendering assignment; lexical score 0.65
12:27	3	not		1	οὐκ		global-review-known-rendering	safe	0.6283	approved	0				global known-rendering assignment; lexical score 0.48
12:27	4	the				expands	supplied-article	safe	0.7935	approved	0				article the original does not write; rests on 'God' → 'Θεὸς'
12:27	5	God		3	Θεὸς		global-review-known-rendering	safe	0.7935	approved	0				global known-rendering assignment; lexical score 0.64
12:27	7	the				expands	supplied-article	safe	0.6588	approved	0				article the original does not write; rests on 'dead' → 'νεκρῶν'
12:27	8	dead		4	νεκρῶν		global-review-known-rendering	safe	0.6588	approved	0				global known-rendering assignment; lexical score 0.51
12:27	11	the				expands	supplied-article	safe	0.7471	approved	0				article the original does not write; rests on 'living' → 'ζώντων'
12:27	12	living		6	ζώντων		global-review-known-rendering	safe	0.7471	approved	0				global known-rendering assignment; lexical score 0.60
12:27	14	are		2	ἔστιν		global-review-known-rendering	safe	0.7847	approved	0				global known-rendering assignment; lexical score 0.63
12:28	2	one		3	εἷς		global-review-known-rendering	safe	0.6345	approved	0				global known-rendering assignment; lexical score 0.48
12:28	4	the		4	τῶν		attached-word	safe	0.7	approved	0				Article of 'scribes'
12:28	5	scribes		5	γραμματέων		global-review-known-rendering	safe	0.8	approved	0				global known-rendering assignment; lexical score 0.65
12:28	9	their		7	αὐτῶν		global-review-known-rendering	safe	0.7837	approved	0				global known-rendering assignment; lexical score 0.63
12:28	18	them		13	αὐτοῖς		global-review-known-rendering	safe	0.7382	approved	0				global known-rendering assignment; lexical score 0.59
12:28	21	answer		12	ἀπεκρίθη		global-review-known-rendering	safe	0.575	approved	0				global known-rendering assignment; lexical score 0.43
12:28	26	him		15	αὐτόν		global-review-known-rendering	safe	0.7824	approved	0				global known-rendering assignment; lexical score 0.63
12:28	33	all		20	πάντων		global-review-known-rendering	safe	0.7363	approved	0				global known-rendering assignment; lexical score 0.59
12:29	1	Jesus		3	Ἰησοῦς		global-review-known-rendering	safe	0.797	approved	0				global known-rendering assignment; lexical score 0.65
12:29	4	answer		1	ἀπεκρίθη		global-review-known-rendering	safe	0.575	approved	0				global known-rendering assignment; lexical score 0.43
12:29	11	Israel		8	Ἰσραήλ		global-review-known-rendering	safe	0.7688	approved	0				global known-rendering assignment; lexical score 0.62
12:29	12	The				expands	supplied-article	safe	0.7953	approved	0				article the original does not write; rests on 'Lord' → 'Κύριος'
12:29	13	Lord		9	Κύριος		global-review-known-rendering	safe	0.7953	approved	0				global known-rendering assignment; lexical score 0.65
12:29	14	our		12	ἡμῶν		global-review-known-rendering	safe	0.7924	approved	0				global known-rendering assignment; lexical score 0.64
12:29	15	God		11	Θεὸς		global-review-known-rendering	safe	0.7935	approved	0				global known-rendering assignment; lexical score 0.64
12:29	17	one		14	εἷς		global-review-known-rendering	safe	0.6345	approved	0				global known-rendering assignment; lexical score 0.48
12:29	18	Lord		13	Κύριος		global-review-known-rendering	safe	0.7953	approved	0				global known-rendering assignment; lexical score 0.65
12:30	8	the				expands	supplied-article	safe	0.7953	approved	0				article the original does not write; rests on 'Lord' → 'Κύριον'
12:30	9	Lord		3	Κύριον		global-review-known-rendering	safe	0.7953	approved	0				global known-rendering assignment; lexical score 0.65
12:30	10	your		6	σου		global-review-known-rendering	safe	0.7903	approved	0				global known-rendering assignment; lexical score 0.64
12:30	11	God		5	Θεόν		global-review-known-rendering	safe	0.7935	approved	0				global known-rendering assignment; lexical score 0.64
12:30	14	your		11	σου		global-review-known-rendering	safe	0.7903	approved	0				global known-rendering assignment; lexical score 0.64
12:30	15	heart		10	καρδίας		global-review-known-rendering	safe	0.7786	approved	0				global known-rendering assignment; lexical score 0.63
12:30	19	your		17	σου		global-review-known-rendering	safe	0.7903	approved	0				global known-rendering assignment; lexical score 0.64
12:30	20	soul		16	ψυχῆς		global-review-known-rendering	safe	0.8	approved	0				global known-rendering assignment; lexical score 0.65
12:30	24	your		23	σου		global-review-known-rendering	safe	0.7903	approved	0				global known-rendering assignment; lexical score 0.64
12:30	29	your		29	σου		global-review-known-rendering	safe	0.7903	approved	0				global known-rendering assignment; lexical score 0.64
12:31	1	The				expands	supplied-article	safe	0.8	approved	0				article the original does not write; rests on 'second' → 'δευτέρα'
12:31	2	second		1	δευτέρα		global-review-known-rendering	safe	0.8	approved	0				global known-rendering assignment; lexical score 0.65
12:31	4	this		2	αὕτη		global-review-known-rendering	safe	0.7774	approved	0				global known-rendering assignment; lexical score 0.63
12:31	8	your		6	σου		global-review-known-rendering	safe	0.7903	approved	0				global known-rendering assignment; lexical score 0.64
12:31	9	neighbour		5	πλησίον		global-review-known-rendering	safe	0.8	approved	0				global known-rendering assignment; lexical score 0.65
12:31	12	yourself		8	σεαυτόν		global-review-known-rendering	safe	0.6417	approved	0				global known-rendering assignment; lexical score 0.49
12:31	15	no		13	οὐκ		global-review-known-rendering	safe	0.6043	approved	0				global known-rendering assignment; lexical score 0.45
12:31	18	greater		9	μείζων		global-review-known-rendering	safe	0.7308	approved	0				global known-rendering assignment; lexical score 0.58
12:31	20	these		10	τούτων		global-review-known-rendering	safe	0.7894	approved	0				global known-rendering assignment; lexical score 0.64
12:32	4	said		2	εἶπεν		global-review-known-rendering	safe	0.769	approved	0				global known-rendering assignment; lexical score 0.62
12:32	6	him		3	αὐτῷ		global-review-known-rendering	safe	0.7824	approved	0				global known-rendering assignment; lexical score 0.63
12:32	8	Master		7	Διδάσκαλε		global-review-known-rendering	safe	0.6432	approved	0				global known-rendering assignment; lexical score 0.49
12:32	11	well		6	Καλῶς		global-review-known-rendering	safe	0.6337	approved	0				global known-rendering assignment; lexical score 0.48
12:32	12	said		10	εἶπες		global-review-known-rendering	safe	0.769	approved	0				global known-rendering assignment; lexical score 0.62
12:32	16	one		12	εἷς		global-review-known-rendering	safe	0.6345	approved	0				global known-rendering assignment; lexical score 0.48
12:32	20	no		15	οὐκ		global-review-known-rendering	safe	0.6043	approved	0				global known-rendering assignment; lexical score 0.45
12:33	6	him		4	αὐτὸν		global-review-known-rendering	safe	0.7824	approved	0				global known-rendering assignment; lexical score 0.63
12:33	9	the		7	τῆς		attached-word	safe	0.6786	approved	0				Article of 'heart'
12:33	10	heart		8	καρδίας		global-review-known-rendering	safe	0.7786	approved	0				global known-rendering assignment; lexical score 0.63
12:33	29	neighbour		23	πλησίον		global-review-known-rendering	safe	0.8	approved	0				global known-rendering assignment; lexical score 0.65
12:33	32	himself		25	ἑαυτὸν		global-review-known-rendering	safe	0.6261	approved	0				global known-rendering assignment; lexical score 0.48
12:33	37	all		28	πάντων		global-review-known-rendering	safe	0.7363	approved	0				global known-rendering assignment; lexical score 0.59
12:33	40	offerings		30	ὁλοκαυτωμάτων		global-review-known-rendering	safe	0.575	approved	0				global known-rendering assignment; lexical score 0.43
12:34	3	Jesus		3	Ἰησοῦς		global-review-known-rendering	safe	0.797	approved	0				global known-rendering assignment; lexical score 0.65
12:34	4	saw		4	ἰδὼν		global-review-known-rendering	safe	0.7483	approved	0				global known-rendering assignment; lexical score 0.60
12:34	10	answer		8	ἀπεκρίθη		global-review-known-rendering	safe	0.575	approved	0				global known-rendering assignment; lexical score 0.43
12:34	12	said		9	εἶπεν		global-review-known-rendering	safe	0.769	approved	0				global known-rendering assignment; lexical score 0.62
12:34	14	him		10	αὐτῷ		global-review-known-rendering	safe	0.7824	approved	0				global known-rendering assignment; lexical score 0.63
12:34	16	are		13	εἶ		global-review-known-rendering	safe	0.7847	approved	0				global known-rendering assignment; lexical score 0.63
12:34	17	not		11	Οὐ		global-review-known-rendering	safe	0.6283	approved	0				global known-rendering assignment; lexical score 0.48
12:34	20	the		15	τῆς		attached-word	safe	0.7	approved	0				Article of 'kingdom'
12:34	21	kingdom		16	βασιλείας		global-review-known-rendering	safe	0.8	approved	0				global known-rendering assignment; lexical score 0.65
12:34	23	God		18	Θεοῦ		global-review-known-rendering	safe	0.7935	approved	0				global known-rendering assignment; lexical score 0.64
12:34	34	him		23	αὐτὸν		global-review-known-rendering	safe	0.7824	approved	0				global known-rendering assignment; lexical score 0.63
12:35	2	Jesus		4	Ἰησοῦς		global-review-known-rendering	safe	0.797	approved	0				global known-rendering assignment; lexical score 0.65
12:35	6	teaching		6	διδάσκων		global-review-known-rendering	safe	0.7609	approved	0				global known-rendering assignment; lexical score 0.61
12:35	10	said		5	ἔλεγεν		global-review-known-rendering	safe	0.769	approved	0				global known-rendering assignment; lexical score 0.62
12:35	11	How		10	Πῶς		global-review-known-rendering	safe	0.6532	approved	0				global known-rendering assignment; lexical score 0.50
12:35	13	the		12	οἱ		attached-word	safe	0.7	approved	0				Article of 'scribes'
12:35	14	scribes		13	γραμματεῖς		global-review-known-rendering	safe	0.8	approved	0				global known-rendering assignment; lexical score 0.65
12:35	15	say		11	λέγουσιν		global-review-known-rendering	safe	0.7337	approved	0				global known-rendering assignment; lexical score 0.58
12:35	17	the		15	ὁ		attached-word	safe	0.7	approved	0				Article of 'Christ'
12:35	18	Christ		16	Χριστὸς		global-review-known-rendering	safe	0.8	approved	0				global known-rendering assignment; lexical score 0.65
12:35	20	the				expands	supplied-article	safe	0.7727	approved	0				article the original does not write; rests on 'Son' → 'υἱὸς'
12:35	21	Son		17	υἱὸς		global-review-known-rendering	safe	0.7727	approved	0				global known-rendering assignment; lexical score 0.62
12:35	23	David		18	Δαυείδ		global-review-known-rendering	safe	0.8	approved	0				global known-rendering assignment; lexical score 0.65
12:36	1	David		2	Δαυεὶδ		global-review-known-rendering	safe	0.8	approved	0				global known-rendering assignment; lexical score 0.65
12:36	3	said		3	εἶπεν		global-review-known-rendering	safe	0.769	approved	0				global known-rendering assignment; lexical score 0.62
12:36	5	the		7	τῷ		attached-word	safe	0.6831	approved	0				Article of 'Holy'
12:36	6	Holy		8	Ἁγίῳ		global-review-known-rendering	safe	0.7831	approved	0				global known-rendering assignment; lexical score 0.63
12:36	7	Spirit		6	Πνεύματι		global-review-known-rendering	safe	0.7964	approved	0				global known-rendering assignment; lexical score 0.65
12:36	8	The				expands	supplied-article	safe	0.7953	approved	0				article the original does not write; rests on 'Lord' → 'Κύριος'
12:36	9	Lord		10	Κύριος		global-review-known-rendering	safe	0.7953	approved	0				global known-rendering assignment; lexical score 0.65
12:36	10	said		9	Εἶπεν		global-review-known-rendering	safe	0.769	approved	0				global known-rendering assignment; lexical score 0.62
12:36	12	my		13	μου		global-review-known-rendering	safe	0.7666	approved	0				global known-rendering assignment; lexical score 0.62
12:36	13	Lord		12	Κυρίῳ		global-review-known-rendering	safe	0.7953	approved	0				global known-rendering assignment; lexical score 0.65
12:36	17	my		17	μου		global-review-known-rendering	safe	0.7666	approved	0				global known-rendering assignment; lexical score 0.62
12:36	18	right		16	δεξιῶν		global-review-known-rendering	safe	0.5955	approved	0				global known-rendering assignment; lexical score 0.45
12:36	20	till		18	ἕως		global-review-known-rendering	safe	0.6131	approved	0				global known-rendering assignment; lexical score 0.46
12:36	29	your		27	σου		global-review-known-rendering	safe	0.7903	approved	0				global known-rendering assignment; lexical score 0.64
12:36	30	feet		26	ποδῶν		global-review-known-rendering	safe	0.794	approved	0				global known-rendering assignment; lexical score 0.64
12:37	1	David		2	Δαυεὶδ		global-review-known-rendering	safe	0.8	approved	0				global known-rendering assignment; lexical score 0.65
12:37	4	him		4	αὐτὸν		global-review-known-rendering	safe	0.7824	approved	0				global known-rendering assignment; lexical score 0.63
12:37	8	Lord		5	Κύριον		global-review-known-rendering	safe	0.7953	approved	0				global known-rendering assignment; lexical score 0.65
12:37	14	his		8	αὐτοῦ		global-review-known-rendering	safe	0.789	approved	0				global known-rendering assignment; lexical score 0.64
12:37	15	son		10	υἱός		global-review-known-rendering	safe	0.7727	approved	0				global known-rendering assignment; lexical score 0.62
12:37	23	him		16	αὐτοῦ		global-review-known-rendering	safe	0.7824	approved	0				global known-rendering assignment; lexical score 0.63
12:38	3	his		5	αὐτοῦ		global-review-known-rendering	safe	0.789	approved	0				global known-rendering assignment; lexical score 0.64
12:38	6	said		6	ἔλεγεν		global-review-known-rendering	safe	0.769	approved	0				global known-rendering assignment; lexical score 0.62
12:38	12	the		9	τῶν		attached-word	safe	0.7	approved	0				Article of 'scribes'
12:38	13	scribes		10	γραμματέων		global-review-known-rendering	safe	0.8	approved	0				global known-rendering assignment; lexical score 0.65
12:38	23	robes		14	στολαῖς		global-review-known-rendering	safe	0.8	approved	0				global known-rendering assignment; lexical score 0.65
12:39	8	the		4	ταῖς		attached-word	safe	0.6795	approved	0				Article of 'Synagogues'
12:39	9	Synagogues		5	συναγωγαῖς		global-review-known-rendering	safe	0.7795	approved	0				global known-rendering assignment; lexical score 0.63
12:40	7	widows		6	χηρῶν		global-review-known-rendering	safe	0.8	approved	0				global known-rendering assignment; lexical score 0.65
12:40	17	these		11	οὗτοι		global-review-known-rendering	safe	0.7894	approved	0				global known-rendering assignment; lexical score 0.64
12:41	16	how		7	πῶς		global-review-known-rendering	safe	0.6532	approved	0				global known-rendering assignment; lexical score 0.50
12:41	21	into		12	εἰς		global-review-known-rendering	safe	0.7713	approved	0				global known-rendering assignment; lexical score 0.62
12:41	32	much		19	πολλά		global-review-known-rendering	safe	0.6663	approved	0				global known-rendering assignment; lexical score 0.52
12:42	3	came		2	ἐλθοῦσα		global-review-known-rendering	safe	0.6018	approved	0				global known-rendering assignment; lexical score 0.45
12:42	4	a				expands	supplied-indefinite-article	safe	0.7565	approved	0				indefinite article; rests on 'poor' → 'πτωχὴ'
12:42	5	poor		5	πτωχὴ		global-review-known-rendering	safe	0.7565	approved	0				global known-rendering assignment; lexical score 0.61
12:42	6	widow		4	χήρα		global-review-known-rendering	safe	0.8	approved	0				global known-rendering assignment; lexical score 0.65
12:42	11	two		8	δύο		global-review-known-rendering	safe	0.7888	approved	0				global known-rendering assignment; lexical score 0.64
12:43	4	his		5	αὐτοῦ		global-review-known-rendering	safe	0.789	approved	0				global known-rendering assignment; lexical score 0.64
12:43	5	disciples		4	μαθητὰς		global-review-known-rendering	safe	0.8	approved	0				global known-rendering assignment; lexical score 0.65
12:43	10	said		6	εἶπεν		global-review-known-rendering	safe	0.769	approved	0				global known-rendering assignment; lexical score 0.62
12:43	12	them		7	αὐτοῖς		global-review-known-rendering	safe	0.7382	approved	0				global known-rendering assignment; lexical score 0.59
12:43	15	say		9	λέγω		global-review-known-rendering	safe	0.7337	approved	0				global known-rendering assignment; lexical score 0.58
12:43	18	This		14	αὕτη		global-review-known-rendering	safe	0.7774	approved	0				global known-rendering assignment; lexical score 0.63
12:43	19	poor		16	πτωχὴ		global-review-known-rendering	safe	0.7565	approved	0				global known-rendering assignment; lexical score 0.61
12:43	20	widow		13	χήρα		global-review-known-rendering	safe	0.8	approved	0				global known-rendering assignment; lexical score 0.65
12:43	26	all		18	πάντων		global-review-known-rendering	safe	0.7363	approved	0				global known-rendering assignment; lexical score 0.59
12:43	32	into		22	εἰς		global-review-known-rendering	safe	0.7713	approved	0				global known-rendering assignment; lexical score 0.62
12:44	3	all		1	πάντες		global-review-known-rendering	safe	0.7363	approved	0				global known-rendering assignment; lexical score 0.59
12:44	19	her		13	αὐτῆς		global-review-known-rendering	safe	0.7896	approved	0				global known-rendering assignment; lexical score 0.64
12:44	23	all		14	πάντα		global-review-known-rendering	safe	0.7363	approved	0				global known-rendering assignment; lexical score 0.59
12:44	25	had		16	εἶχεν		global-review-known-rendering	safe	0.6964	approved	0				global known-rendering assignment; lexical score 0.55
12:44	28	her		21	αὐτῆς		global-review-known-rendering	safe	0.7896	approved	0				global known-rendering assignment; lexical score 0.64
13:1	10	one		9	εἷς		global-review-known-rendering	safe	0.6356	approved	0				global known-rendering assignment; lexical score 0.49
13:1	12	his		12	αὐτοῦ		global-review-known-rendering	safe	0.789	approved	0				global known-rendering assignment; lexical score 0.64
13:1	13	disciples		11	μαθητῶν		global-review-known-rendering	safe	0.8	approved	0				global known-rendering assignment; lexical score 0.65
13:1	14	said		7	λέγει		global-review-known-rendering	safe	0.7693	approved	0				global known-rendering assignment; lexical score 0.62
13:1	16	him		8	αὐτῷ		global-review-known-rendering	safe	0.7824	approved	0				global known-rendering assignment; lexical score 0.63
13:1	17	Master		13	Διδάσκαλε		global-review-known-rendering	safe	0.6522	approved	0				global known-rendering assignment; lexical score 0.50
13:1	18	see		14	ἴδε		global-review-known-rendering	safe	0.6262	approved	0				global known-rendering assignment; lexical score 0.48
13:1	20	stones		16	λίθοι		global-review-known-rendering	safe	0.8	approved	0				global known-rendering assignment; lexical score 0.65
13:2	2	Jesus		3	Ἰησοῦς		global-review-known-rendering	safe	0.797	approved	0				global known-rendering assignment; lexical score 0.65
13:2	3	said		4	εἶπεν		global-review-known-rendering	safe	0.7693	approved	0				global known-rendering assignment; lexical score 0.62
13:2	5	him		5	αὐτῷ		global-review-known-rendering	safe	0.7824	approved	0				global known-rendering assignment; lexical score 0.63
13:2	9	these		7	ταύτας		global-review-known-rendering	safe	0.7894	approved	0				global known-rendering assignment; lexical score 0.64
13:2	10	great		9	μεγάλας		global-review-known-rendering	safe	0.6564	approved	0				global known-rendering assignment; lexical score 0.51
13:2	14	not		11	οὐ		global-review-known-rendering	safe	0.6293	approved	0				global known-rendering assignment; lexical score 0.48
13:2	16	stone		14	λίθος		global-review-known-rendering	safe	0.66	approved	0				global known-rendering assignment; lexical score 0.51
13:2	23	not		18	οὐ		global-review-known-rendering	safe	0.6293	approved	0				global known-rendering assignment; lexical score 0.48
13:3	7	the		5	τὸ		attached-word	safe	0.7	approved	0				Article of 'Mountain'
13:3	8	Mountain		6	ὄρος		global-review-known-rendering	safe	0.8	approved	0				global known-rendering assignment; lexical score 0.65
13:3	10	Olives		8	Ἐλαιῶν		global-review-known-rendering	safe	0.8	approved	0				global known-rendering assignment; lexical score 0.65
13:3	14	Peter		16	Πέτρος		global-review-known-rendering	safe	0.8	approved	0				global known-rendering assignment; lexical score 0.65
13:3	16	James		18	Ἰάκωβος		global-review-known-rendering	safe	0.8	approved	0				global known-rendering assignment; lexical score 0.65
13:3	18	John		20	Ἰωάνης		global-review-known-rendering	safe	0.8	approved	0				global known-rendering assignment; lexical score 0.65
13:3	20	Andrew		22	Ἀνδρέας		global-review-known-rendering	safe	0.8	approved	0				global known-rendering assignment; lexical score 0.65
13:3	23	him		13	αὐτὸν		global-review-known-rendering	safe	0.7824	approved	0				global known-rendering assignment; lexical score 0.63
13:4	1	Say		1	Εἰπὸν		global-review-known-rendering	safe	0.7335	approved	0				global known-rendering assignment; lexical score 0.58
13:4	3	these		4	ταῦτα		global-review-known-rendering	safe	0.7894	approved	0				global known-rendering assignment; lexical score 0.64
13:4	8	what		7	τί		global-review-known-rendering	safe	0.6831	approved	0				global known-rendering assignment; lexical score 0.53
13:4	11	the		8	τὸ		attached-word	safe	0.6845	approved	0				Article of 'sign'
13:4	12	sign		9	σημεῖον		global-review-known-rendering	safe	0.7845	approved	0				global known-rendering assignment; lexical score 0.63
13:4	14	these		12	ταῦτα		global-review-known-rendering	safe	0.7894	approved	0				global known-rendering assignment; lexical score 0.64
13:4	17	all		14	πάντα		global-review-known-rendering	safe	0.7294	approved	0				global known-rendering assignment; lexical score 0.58
13:5	2	Jesus		3	Ἰησοῦς		global-review-known-rendering	safe	0.797	approved	0				global known-rendering assignment; lexical score 0.65
13:5	3	said		5	λέγειν		global-review-known-rendering	safe	0.7693	approved	0				global known-rendering assignment; lexical score 0.62
13:5	5	them		6	αὐτοῖς		global-review-known-rendering	safe	0.7404	approved	0				global known-rendering assignment; lexical score 0.59
13:6	3	come		2	ἐλεύσονται		global-review-known-rendering	safe	0.6099	approved	0				global known-rendering assignment; lexical score 0.46
13:6	5	my		6	μου		global-review-known-rendering	safe	0.7666	approved	0				global known-rendering assignment; lexical score 0.62
13:6	6	name		5	ὀνόματί		global-review-known-rendering	safe	0.7973	approved	0				global known-rendering assignment; lexical score 0.65
13:6	7	saying		7	λέγοντες		global-review-known-rendering	safe	0.7565	approved	0				global known-rendering assignment; lexical score 0.61
13:6	8	I		9	Ἐγώ		global-review-known-rendering	safe	0.7469	approved	0				global known-rendering assignment; lexical score 0.60
13:6	9	am		10	εἰμι		global-review-known-rendering	safe	0.7904	approved	0				global known-rendering assignment; lexical score 0.64
13:7	7	wars		4	πολέμους		global-review-known-rendering	safe	0.8	approved	0				global known-rendering assignment; lexical score 0.65
13:7	11	wars		7	πολέμων		global-review-known-rendering	safe	0.8	approved	0				global known-rendering assignment; lexical score 0.65
13:7	26	the		14	τὸ		attached-word	safe	0.5439	approved	0				Article of 'end'
13:7	27	end		15	τέλος		global-review-known-rendering	safe	0.6439	approved	0				global known-rendering assignment; lexical score 0.49
13:8	1	Nation		3	ἔθνος		global-review-known-rendering	safe	0.7379	approved	0				global known-rendering assignment; lexical score 0.59
13:8	7	nation		5	ἔθνος		global-review-known-rendering	safe	0.7379	approved	0				global known-rendering assignment; lexical score 0.59
13:8	9	kingdom		7	βασιλεία		global-review-known-rendering	safe	0.8	approved	0				global known-rendering assignment; lexical score 0.65
13:8	11	kingdom		9	βασιλείαν		global-review-known-rendering	safe	0.8	approved	0				global known-rendering assignment; lexical score 0.65
13:8	18	places		13	τόπους		global-review-known-rendering	safe	0.5955	approved	0				global known-rendering assignment; lexical score 0.45
13:8	28	these		18	ταῦτα		global-review-known-rendering	safe	0.7894	approved	0				global known-rendering assignment; lexical score 0.64
13:9	11	the				expands	supplied-article	safe	0.7063	approved	0				article the original does not write; rests on 'Sanhedrins' → 'συνέδρια'
13:9	12	Sanhedrins		8	συνέδρια		global-review-known-rendering	safe	0.7063	approved	0				global known-rendering assignment; lexical score 0.56
13:9	15	Synagogues		11	συναγωγὰς		global-review-known-rendering	safe	0.7795	approved	0				global known-rendering assignment; lexical score 0.63
13:9	28	kings		17	βασιλέων		global-review-known-rendering	safe	0.7679	approved	0				global known-rendering assignment; lexical score 0.62
13:9	31	me		20	ἐμοῦ		global-review-known-rendering	safe	0.7921	approved	0				global known-rendering assignment; lexical score 0.64
13:9	36	them		23	αὐτοῖς		global-review-known-rendering	safe	0.7404	approved	0				global known-rendering assignment; lexical score 0.59
13:10	11	all		3	πάντα		global-review-known-rendering	safe	0.7294	approved	0				global known-rendering assignment; lexical score 0.58
13:10	12	the		4	τὰ		attached-word	safe	0.7	approved	0				Article of 'nations'
13:10	13	nations		5	ἔθνη		global-review-known-rendering	safe	0.8	approved	0				global known-rendering assignment; lexical score 0.65
13:11	4	are		23	ἐστε		global-review-known-rendering	safe	0.7848	approved	0				global known-rendering assignment; lexical score 0.63
13:11	17	what		8	τί		global-review-known-rendering	safe	0.6831	approved	0				global known-rendering assignment; lexical score 0.53
13:11	23	given		13	δοθῇ		global-review-known-rendering	safe	0.7426	approved	0				global known-rendering assignment; lexical score 0.59
13:11	28	hour		18	ὥρᾳ		global-review-known-rendering	safe	0.7892	approved	0				global known-rendering assignment; lexical score 0.64
13:11	33	not		21	οὐ		global-review-known-rendering	safe	0.6293	approved	0				global known-rendering assignment; lexical score 0.48
13:11	39	the		28	τὸ		attached-word	safe	0.6964	approved	0				Article of 'Holy'
13:11	40	Holy		31	Ἅγιον		global-review-known-rendering	safe	0.7831	approved	0				global known-rendering assignment; lexical score 0.63
13:11	41	Spirit		29	Πνεῦμα		global-review-known-rendering	safe	0.7964	approved	0				global known-rendering assignment; lexical score 0.65
13:12	2	brother		3	ἀδελφὸς		global-review-known-rendering	safe	0.8	approved	0				global known-rendering assignment; lexical score 0.65
13:12	6	brother		4	ἀδελφὸν		global-review-known-rendering	safe	0.8	approved	0				global known-rendering assignment; lexical score 0.65
13:12	8	death		6	θάνατον		global-review-known-rendering	safe	0.698	approved	0				global known-rendering assignment; lexical score 0.55
13:12	10	the				expands	supplied-article	safe	0.7987	approved	0				article the original does not write; rests on 'father' → 'πατὴρ'
13:12	11	father		8	πατὴρ		global-review-known-rendering	safe	0.7987	approved	0				global known-rendering assignment; lexical score 0.65
13:12	25	them		17	αὐτούς		global-review-known-rendering	safe	0.7404	approved	0				global known-rendering assignment; lexical score 0.59
13:13	5	hated		3	μισούμενοι		global-review-known-rendering	safe	0.8	approved	0				global known-rendering assignment; lexical score 0.65
13:13	7	all		5	πάντων		global-review-known-rendering	safe	0.7294	approved	0				global known-rendering assignment; lexical score 0.58
13:13	11	my		9	μου		global-review-known-rendering	safe	0.7666	approved	0				global known-rendering assignment; lexical score 0.62
13:13	12	name		8	ὄνομά		global-review-known-rendering	safe	0.7973	approved	0				global known-rendering assignment; lexical score 0.65
13:13	17	through		6	διὰ		global-review-known-rendering	safe	0.6067	approved	0				global known-rendering assignment; lexical score 0.46
13:13	19	the				expands	supplied-article	safe	0.6439	approved	0				article the original does not write; rests on 'end' → 'τέλος'
13:13	20	end		14	τέλος		global-review-known-rendering	safe	0.6439	approved	0				global known-rendering assignment; lexical score 0.49
13:14	4	see		3	ἴδητε		global-review-known-rendering	safe	0.6262	approved	0				global known-rendering assignment; lexical score 0.48
13:14	17	no		10	οὐ		global-review-known-rendering	safe	0.6041	approved	0				global known-rendering assignment; lexical score 0.45
13:14	34	Judaea		19	Ἰουδαίᾳ		global-review-known-rendering	safe	0.789	approved	0				global known-rendering assignment; lexical score 0.64
13:14	38	the		22	τὰ		attached-word	safe	0.7	approved	0				Article of 'mountains'
13:14	39	mountains		23	ὄρη		global-review-known-rendering	safe	0.8	approved	0				global known-rendering assignment; lexical score 0.65
13:15	17	anything		9	τι		global-review-known-rendering	safe	0.63	approved	0				global known-rendering assignment; lexical score 0.48
13:15	20	his		14	αὐτοῦ		global-review-known-rendering	safe	0.789	approved	0				global known-rendering assignment; lexical score 0.64
13:16	8	the		4	τὸν		attached-word	safe	0.6386	approved	0				Article of 'field'
13:16	9	field		5	ἀγρὸν		global-review-known-rendering	safe	0.7386	approved	0				global known-rendering assignment; lexical score 0.59
13:16	14	his		14	αὐτοῦ		global-review-known-rendering	safe	0.789	approved	0				global known-rendering assignment; lexical score 0.64
13:17	23	those		11	ἐκείναις		global-review-known-rendering	safe	0.5823	approved	0				global known-rendering assignment; lexical score 0.43
13:17	24	days		13	ἡμέραις		global-review-known-rendering	safe	0.7744	approved	0				global known-rendering assignment; lexical score 0.62
13:19	3	those		5	ἐκεῖναι		global-review-known-rendering	safe	0.5823	approved	0				global known-rendering assignment; lexical score 0.43
13:19	4	days		4	ἡμέραι		global-review-known-rendering	safe	0.7744	approved	0				global known-rendering assignment; lexical score 0.62
13:19	9	such		10	τοιαύτη		global-review-known-rendering	safe	0.701	approved	0				global known-rendering assignment; lexical score 0.55
13:19	13	not		8	οὐ		global-review-known-rendering	safe	0.6293	approved	0				global known-rendering assignment; lexical score 0.48
13:19	19	God		17	Θεὸς		global-review-known-rendering	safe	0.7935	approved	0				global known-rendering assignment; lexical score 0.64
13:19	23	till		18	ἕως		global-review-known-rendering	safe	0.6159	approved	0				global known-rendering assignment; lexical score 0.47
13:19	27	not		22	οὐ		global-review-known-rendering	safe	0.6293	approved	0				global known-rendering assignment; lexical score 0.48
13:20	3	the				expands	supplied-article	safe	0.7953	approved	0				article the original does not write; rests on 'Lord' → 'Κύριος'
13:20	4	Lord		5	Κύριος		global-review-known-rendering	safe	0.7953	approved	0				global known-rendering assignment; lexical score 0.65
13:20	6	not		8	οὐκ		global-review-known-rendering	safe	0.6293	approved	0				global known-rendering assignment; lexical score 0.48
13:20	12	flesh		12	σάρξ		global-review-known-rendering	safe	0.7937	approved	0				global known-rendering assignment; lexical score 0.64
13:21	4	any		4	τις		global-review-known-rendering	safe	0.6004	approved	0				global known-rendering assignment; lexical score 0.45
13:21	6	says		6	εἴπῃ		global-review-known-rendering	safe	0.7466	approved	0				global known-rendering assignment; lexical score 0.60
13:21	9	See		7	Ἴδε		global-review-known-rendering	safe	0.6262	approved	0				global known-rendering assignment; lexical score 0.48
13:21	10	here		8	ὧδε		global-review-known-rendering	safe	0.7437	approved	0				global known-rendering assignment; lexical score 0.59
13:21	12	Christ		10	Χριστός		global-review-known-rendering	safe	0.8	approved	0				global known-rendering assignment; lexical score 0.65
13:21	14	See		11	Ἴδε		global-review-known-rendering	safe	0.6262	approved	0				global known-rendering assignment; lexical score 0.48
13:21	15	there		12	ἐκεῖ		global-review-known-rendering	safe	0.6981	approved	0				global known-rendering assignment; lexical score 0.55
13:22	14	signs		8	σημεῖα		global-review-known-rendering	safe	0.7795	approved	0				global known-rendering assignment; lexical score 0.63
13:22	16	wonders		10	τέρατα		global-review-known-rendering	safe	0.7719	approved	0				global known-rendering assignment; lexical score 0.62
13:22	22	even		9	καὶ		global-review-known-rendering	safe	0.7179	approved	0				global known-rendering assignment; lexical score 0.57
13:23	8	all		6	πάντα		global-review-known-rendering	safe	0.7294	approved	0				global known-rendering assignment; lexical score 0.58
13:24	3	those		3	ἐκείναις		global-review-known-rendering	safe	0.5823	approved	0				global known-rendering assignment; lexical score 0.43
13:24	4	days		5	ἡμέραις		global-review-known-rendering	safe	0.7744	approved	0				global known-rendering assignment; lexical score 0.62
13:24	10	the		10	ὁ		attached-word	safe	0.7	approved	0				Article of 'sun'
13:24	11	sun		11	ἥλιος		global-review-known-rendering	safe	0.8	approved	0				global known-rendering assignment; lexical score 0.65
13:24	17	the		14	ἡ		attached-word	safe	0.65	approved	0				Article of 'moon'
13:24	18	moon		15	σελήνη		global-review-known-rendering	safe	0.75	approved	0				global known-rendering assignment; lexical score 0.60
13:24	20	not		16	οὐ		global-review-known-rendering	safe	0.6293	approved	0				global known-rendering assignment; lexical score 0.48
13:24	21	give		17	δώσει		global-review-known-rendering	safe	0.7326	approved	0				global known-rendering assignment; lexical score 0.58
13:24	22	her		20	αὐτῆς		global-review-known-rendering	safe	0.7897	approved	0				global known-rendering assignment; lexical score 0.64
13:25	2	the		2	οἱ		attached-word	safe	0.61	approved	0				Article of 'stars'
13:25	3	stars		3	ἀστέρες		global-review-known-rendering	safe	0.71	approved	0				global known-rendering assignment; lexical score 0.56
13:25	8	heaven		7	οὐρανοῦ		global-review-known-rendering	safe	0.7889	approved	0				global known-rendering assignment; lexical score 0.64
13:25	15	the		14	τοῖς		attached-word	safe	0.7	approved	0				Article of 'heavens'
13:25	16	heavens		15	οὐρανοῖς		global-review-known-rendering	safe	0.8	approved	0				global known-rendering assignment; lexical score 0.65
13:26	5	see		3	ὄψονται		global-review-known-rendering	safe	0.6262	approved	0				global known-rendering assignment; lexical score 0.48
13:26	6	the		4	τὸν		attached-word	safe	0.6742	approved	0				Article of 'Son'
13:26	7	Son		5	Υἱὸν		global-review-known-rendering	safe	0.7742	approved	0				global known-rendering assignment; lexical score 0.62
13:26	12	clouds		10	νεφέλαις		global-review-known-rendering	safe	0.8	approved	0				global known-rendering assignment; lexical score 0.65
13:26	17	glory		15	δόξης		global-review-known-rendering	safe	0.7241	approved	0				global known-rendering assignment; lexical score 0.57
13:27	7	the		4	τοὺς		attached-word	safe	0.6888	approved	0				Article of 'angels'
13:27	8	angels		5	ἀγγέλους		global-review-known-rendering	safe	0.7887	approved	0				global known-rendering assignment; lexical score 0.64
13:27	13	his		10	αὐτοῦ		global-review-known-rendering	safe	0.789	approved	0				global known-rendering assignment; lexical score 0.64
13:27	16	the		12	τῶν		attached-word	safe	0.7	approved	0				Article of 'four'
13:27	17	four		13	τεσσάρων		global-review-known-rendering	safe	0.7526	approved	0				global known-rendering assignment; lexical score 0.60
13:27	18	winds		14	ἀνέμων		global-review-known-rendering	safe	0.8	approved	0				global known-rendering assignment; lexical score 0.65
13:27	24	the				expands	supplied-article	safe	0.7906	approved	0				article the original does not write; rests on 'earth' → 'γῆς'
13:27	25	earth		17	γῆς		global-review-known-rendering	safe	0.7906	approved	0				global known-rendering assignment; lexical score 0.64
13:27	31	heaven		20	οὐρανοῦ		global-review-known-rendering	safe	0.7889	approved	0				global known-rendering assignment; lexical score 0.64
13:28	9	branches		11	κλάδος		global-review-known-rendering	safe	0.6875	approved	0				global known-rendering assignment; lexical score 0.54
13:28	10	become		14	γένηται		global-review-known-rendering	safe	0.7833	approved	0				global known-rendering assignment; lexical score 0.63
13:28	16	leaves		18	φύλλα		global-review-known-rendering	safe	0.8	approved	0				global known-rendering assignment; lexical score 0.65
13:29	1	Even		2	καὶ		global-review-known-rendering	safe	0.7179	approved	0				global known-rendering assignment; lexical score 0.57
13:29	2	so		1	οὕτως		global-review-known-rendering	safe	0.6682	approved	0				global known-rendering assignment; lexical score 0.52
13:29	5	see		5	ἴδητε		global-review-known-rendering	safe	0.6262	approved	0				global known-rendering assignment; lexical score 0.48
13:29	6	these		6	ταῦτα		global-review-known-rendering	safe	0.7894	approved	0				global known-rendering assignment; lexical score 0.64
13:29	20	the				expands	supplied-article	safe	0.8	approved	0				article the original does not write; rests on 'doors' → 'θύραις'
13:29	21	doors		13	θύραις		global-review-known-rendering	safe	0.8	approved	0				global known-rendering assignment; lexical score 0.65
13:30	3	say		2	λέγω		global-review-known-rendering	safe	0.7335	approved	0				global known-rendering assignment; lexical score 0.58
13:30	6	This		10	αὕτη		global-review-known-rendering	safe	0.7776	approved	0				global known-rendering assignment; lexical score 0.63
13:30	7	generation		9	γενεὰ		global-review-known-rendering	safe	0.727	approved	0				global known-rendering assignment; lexical score 0.58
13:30	9	not		5	οὐ		global-review-known-rendering	safe	0.6293	approved	0				global known-rendering assignment; lexical score 0.48
13:30	15	all		14	πάντα		global-review-known-rendering	safe	0.7294	approved	0				global known-rendering assignment; lexical score 0.58
13:30	16	these		13	ταῦτα		global-review-known-rendering	safe	0.7894	approved	0				global known-rendering assignment; lexical score 0.64
13:31	1	Heaven		2	οὐρανὸς		global-review-known-rendering	safe	0.7889	approved	0				global known-rendering assignment; lexical score 0.64
13:31	3	earth		5	γῆ		global-review-known-rendering	safe	0.7906	approved	0				global known-rendering assignment; lexical score 0.64
13:31	10	my		10	μου		global-review-known-rendering	safe	0.7666	approved	0				global known-rendering assignment; lexical score 0.62
13:31	13	not		11	οὐ		global-review-known-rendering	safe	0.6293	approved	0				global known-rendering assignment; lexical score 0.48
13:32	4	day		4	ἡμέρας		global-review-known-rendering	safe	0.6914	approved	0				global known-rendering assignment; lexical score 0.54
13:32	7	hour		8	ὥρας		global-review-known-rendering	safe	0.7892	approved	0				global known-rendering assignment; lexical score 0.64
13:32	14	the		12	οἱ		attached-word	safe	0.6888	approved	0				Article of 'angels'
13:32	15	angels		13	ἄγγελοι		global-review-known-rendering	safe	0.7887	approved	0				global known-rendering assignment; lexical score 0.64
13:32	17	heaven		15	οὐρανῷ		global-review-known-rendering	safe	0.7889	approved	0				global known-rendering assignment; lexical score 0.64
13:32	19	the		17	ὁ		attached-word	safe	0.6742	approved	0				Article of 'Son'
13:32	20	Son		18	Υἱός		global-review-known-rendering	safe	0.7742	approved	0				global known-rendering assignment; lexical score 0.62
13:32	22	the		21	ὁ		attached-word	safe	0.6987	approved	0				Article of 'Father'
13:32	23	Father		22	Πατήρ		global-review-known-rendering	safe	0.7987	approved	0				global known-rendering assignment; lexical score 0.65
13:33	9	are		9	ἐστιν		global-review-known-rendering	safe	0.7848	approved	0				global known-rendering assignment; lexical score 0.63
13:33	10	not		3	οὐκ		global-review-known-rendering	safe	0.6293	approved	0				global known-rendering assignment; lexical score 0.48
13:34	19	his		7	αὐτοῦ		global-review-known-rendering	safe	0.789	approved	0				global known-rendering assignment; lexical score 0.64
13:34	22	given		9	δοὺς		global-review-known-rendering	safe	0.7426	approved	0				global known-rendering assignment; lexical score 0.59
13:34	23	authority		14	ἐξουσίαν		global-review-known-rendering	safe	0.7297	approved	0				global known-rendering assignment; lexical score 0.58
13:34	25	his		12	αὐτοῦ		global-review-known-rendering	safe	0.789	approved	0				global known-rendering assignment; lexical score 0.64
13:34	26	servants		11	δούλοις		global-review-known-rendering	safe	0.6925	approved	0				global known-rendering assignment; lexical score 0.54
13:34	30	his		18	αὐτοῦ		global-review-known-rendering	safe	0.789	approved	0				global known-rendering assignment; lexical score 0.64
13:34	31	work		17	ἔργον		global-review-known-rendering	safe	0.6568	approved	0				global known-rendering assignment; lexical score 0.51
13:34	39	watch		24	γρηγορῇ		global-review-known-rendering	safe	0.5667	approved	0				global known-rendering assignment; lexical score 0.42
13:35	6	watch		1	γρηγορεῖτε		global-review-known-rendering	safe	0.5667	approved	0				global known-rendering assignment; lexical score 0.42
13:35	10	not		3	οὐκ		global-review-known-rendering	safe	0.6293	approved	0				global known-rendering assignment; lexical score 0.48
13:37	4	say		4	λέγω		global-review-known-rendering	safe	0.7335	approved	0				global known-rendering assignment; lexical score 0.58
13:37	8	say		6	λέγω		global-review-known-rendering	safe	0.7335	approved	0				global known-rendering assignment; lexical score 0.58
13:37	10	all		5	πᾶσιν		global-review-known-rendering	safe	0.7294	approved	0				global known-rendering assignment; lexical score 0.58
13:37	12	watch		7	γρηγορεῖτε		global-review-known-rendering	safe	0.5667	approved	0				global known-rendering assignment; lexical score 0.42
14:1	4	two		9	δύο		global-review-known-rendering	safe	0.7887	approved	0				global known-rendering assignment; lexical score 0.64
14:1	5	days		10	ἡμέρας		global-review-known-rendering	safe	0.7748	approved	0				global known-rendering assignment; lexical score 0.62
14:1	10	the		3	τὸ		attached-word	safe	0.7	approved	0				Article of 'Passover'
14:1	11	Passover		4	πάσχα		global-review-known-rendering	safe	0.8	approved	0				global known-rendering assignment; lexical score 0.65
14:1	17	the		13	οἱ		attached-word	safe	0.6032	approved	0				Article of 'chief'
14:1	19	priests		14	ἀρχιερεῖς		global-review-known-rendering	safe	0.7032	approved	0				global known-rendering assignment; lexical score 0.55
14:1	21	the		16	οἱ		attached-word	safe	0.7	approved	0				Article of 'scribes'
14:1	22	scribes		17	γραμματεῖς		global-review-known-rendering	safe	0.8	approved	0				global known-rendering assignment; lexical score 0.65
14:1	25	how		18	πῶς		global-review-known-rendering	safe	0.6532	approved	0				global known-rendering assignment; lexical score 0.50
14:1	29	him		19	αὐτὸν		global-review-known-rendering	safe	0.7819	approved	0				global known-rendering assignment; lexical score 0.63
14:2	3	said		1	ἔλεγον		global-review-known-rendering	safe	0.7692	approved	0				global known-rendering assignment; lexical score 0.62
14:2	6	the		5	τῇ		attached-word	safe	0.595	approved	0				Article of 'feast'
14:2	7	feast		6	ἑορτῇ		global-review-known-rendering	safe	0.695	approved	0				global known-rendering assignment; lexical score 0.55
14:2	17	among		4	ἐν		global-review-known-rendering	safe	0.6315	approved	0				global known-rendering assignment; lexical score 0.48
14:3	6	Bethany		5	Βηθανίᾳ		global-review-known-rendering	safe	0.8	approved	0				global known-rendering assignment; lexical score 0.65
14:3	11	Simon		9	Σίμωνος		global-review-known-rendering	safe	0.7934	approved	0				global known-rendering assignment; lexical score 0.64
14:3	18	came		14	ἦλθεν		global-review-known-rendering	safe	0.5999	approved	0				global known-rendering assignment; lexical score 0.45
14:3	19	a				expands	supplied-indefinite-article	safe	0.7644	approved	0				indefinite article; rests on 'woman' → 'γυνὴ'
14:3	20	woman		15	γυνὴ		global-review-known-rendering	safe	0.7644	approved	0				global known-rendering assignment; lexical score 0.61
14:3	25	perfumed		18	μύρου		global-review-known-rendering	safe	0.725	approved	0				global known-rendering assignment; lexical score 0.57
14:3	41	his		26	αὐτοῦ		global-review-known-rendering	safe	0.789	approved	0				global known-rendering assignment; lexical score 0.64
14:3	42	head		28	κεφαλῆς		global-review-known-rendering	safe	0.792	approved	0				global known-rendering assignment; lexical score 0.64
14:4	8	themselves		6	ἑαυτούς		global-review-known-rendering	safe	0.6038	approved	0				global known-rendering assignment; lexical score 0.45
14:4	11	what		8	τί		global-review-known-rendering	safe	0.6804	approved	0				global known-rendering assignment; lexical score 0.53
14:4	14	this		11	αὕτη		global-review-known-rendering	safe	0.7774	approved	0				global known-rendering assignment; lexical score 0.63
14:5	9	pence		8	δηναρίων		global-review-known-rendering	safe	0.8	approved	0				global known-rendering assignment; lexical score 0.65
14:5	13	given		11	δοθῆναι		global-review-known-rendering	safe	0.7421	approved	0				global known-rendering assignment; lexical score 0.59
14:5	17	the		12	τοῖς		attached-word	safe	0.6565	approved	0				Article of 'poor'
14:5	18	poor		13	πτωχοῖς		global-review-known-rendering	safe	0.7565	approved	0				global known-rendering assignment; lexical score 0.61
14:5	24	her		16	αὐτῇ		global-review-known-rendering	safe	0.7896	approved	0				global known-rendering assignment; lexical score 0.64
14:6	2	Jesus		3	Ἰησοῦς		global-review-known-rendering	safe	0.797	approved	0				global known-rendering assignment; lexical score 0.65
14:6	3	said		4	εἶπεν		global-review-known-rendering	safe	0.7692	approved	0				global known-rendering assignment; lexical score 0.62
14:6	4	Let		5	Ἄφετε		global-review-known-rendering	safe	0.6269	approved	0				global known-rendering assignment; lexical score 0.48
14:6	7	why		7	τί		global-review-known-rendering	safe	0.7679	approved	0				global known-rendering assignment; lexical score 0.62
14:6	11	her		8	αὐτῇ		global-review-known-rendering	safe	0.7896	approved	0				global known-rendering assignment; lexical score 0.64
14:6	19	me		15	ἐμοί		global-review-known-rendering	safe	0.792	approved	0				global known-rendering assignment; lexical score 0.64
14:7	1	The		3	τοὺς		attached-word	safe	0.6565	approved	0				Article of 'poor'
14:7	2	poor		4	πτωχοὺς		global-review-known-rendering	safe	0.7565	approved	0				global known-rendering assignment; lexical score 0.61
14:7	4	have		5	ἔχετε		global-review-known-rendering	safe	0.7316	approved	0				global known-rendering assignment; lexical score 0.58
14:7	15	may		11	δύνασθε		global-review-known-rendering	safe	0.7437	approved	0				global known-rendering assignment; lexical score 0.59
14:7	16	do		14	ποιῆσαι		global-review-known-rendering	safe	0.7279	approved	0				global known-rendering assignment; lexical score 0.58
14:7	17	them		12	αὐτοῖς		global-review-known-rendering	safe	0.7381	approved	0				global known-rendering assignment; lexical score 0.59
14:7	20	me		15	ἐμὲ		global-review-known-rendering	safe	0.792	approved	0				global known-rendering assignment; lexical score 0.64
14:7	22	have		19	ἔχετε		global-review-known-rendering	safe	0.7316	approved	0				global known-rendering assignment; lexical score 0.58
14:7	23	not		17	οὐ		global-review-known-rendering	safe	0.6286	approved	0				global known-rendering assignment; lexical score 0.48
14:8	13	my		8	μου		global-review-known-rendering	safe	0.7664	approved	0				global known-rendering assignment; lexical score 0.62
14:8	14	body		7	σῶμά		global-review-known-rendering	safe	0.7934	approved	0				global known-rendering assignment; lexical score 0.64
14:8	16	make		3	ἐποίησεν		global-review-known-rendering	safe	0.6657	approved	0				global known-rendering assignment; lexical score 0.52
14:9	4	say		3	λέγω		global-review-known-rendering	safe	0.7329	approved	0				global known-rendering assignment; lexical score 0.58
14:9	7	Wherever		5	ὅπου		global-review-known-rendering	safe	0.6579	approved	0				global known-rendering assignment; lexical score 0.51
14:9	18	this		17	αὕτη		global-review-known-rendering	safe	0.7774	approved	0				global known-rendering assignment; lexical score 0.63
14:9	24	talked		18	λαληθήσεται		global-review-known-rendering	safe	0.71	approved	0				global known-rendering assignment; lexical score 0.56
14:9	29	her		21	αὐτῆς		global-review-known-rendering	safe	0.7896	approved	0				global known-rendering assignment; lexical score 0.64
14:10	2	Judas		2	Ἰούδας		global-review-known-rendering	safe	0.8	approved	0				global known-rendering assignment; lexical score 0.65
14:10	3	Iscariot		3	Ἰσκαριὼθ		global-review-known-rendering	safe	0.8	approved	0				global known-rendering assignment; lexical score 0.65
14:10	6	one		5	εἷς		global-review-known-rendering	safe	0.6333	approved	0				global known-rendering assignment; lexical score 0.48
14:10	8	the		6	τῶν		attached-word	safe	0.7	approved	0				Article of 'twelve'
14:10	9	twelve		7	δώδεκα		global-review-known-rendering	safe	0.8	approved	0				global known-rendering assignment; lexical score 0.65
14:10	15	priests		11	ἀρχιερεῖς		global-review-known-rendering	safe	0.7032	approved	0				global known-rendering assignment; lexical score 0.55
14:10	21	him		13	αὐτὸν		global-review-known-rendering	safe	0.7819	approved	0				global known-rendering assignment; lexical score 0.63
14:10	24	them		15	αὐτοῖς		global-review-known-rendering	safe	0.7381	approved	0				global known-rendering assignment; lexical score 0.59
14:11	8	glad		4	ἐχάρησαν		global-review-known-rendering	safe	0.584	approved	0				global known-rendering assignment; lexical score 0.43
14:11	10	gave		9	δοῦναι		global-review-known-rendering	safe	0.7357	approved	0				global known-rendering assignment; lexical score 0.59
14:11	11	him		7	αὐτῷ		global-review-known-rendering	safe	0.7819	approved	0				global known-rendering assignment; lexical score 0.63
14:11	20	money		8	ἀργύριον		global-review-known-rendering	safe	0.5643	approved	0				global known-rendering assignment; lexical score 0.41
14:11	25	how		12	πῶς		global-review-known-rendering	safe	0.6532	approved	0				global known-rendering assignment; lexical score 0.50
14:11	30	him		13	αὐτὸν		global-review-known-rendering	safe	0.7819	approved	0				global known-rendering assignment; lexical score 0.63
14:12	3	the		2	τῇ		attached-word	safe	0.5923	approved	0				Article of 'first'
14:12	5	day		4	ἡμέρᾳ		global-review-known-rendering	safe	0.6923	approved	0				global known-rendering assignment; lexical score 0.54
14:12	10	the		8	τὸ		attached-word	safe	0.7	approved	0				Article of 'Passover'
14:12	11	Passover		9	πάσχα		global-review-known-rendering	safe	0.8	approved	0				global known-rendering assignment; lexical score 0.65
14:12	17	his		15	αὐτοῦ		global-review-known-rendering	safe	0.789	approved	0				global known-rendering assignment; lexical score 0.64
14:12	18	disciples		14	μαθηταὶ		global-review-known-rendering	safe	0.8	approved	0				global known-rendering assignment; lexical score 0.65
14:12	19	said		11	λέγουσιν		global-review-known-rendering	safe	0.7692	approved	0				global known-rendering assignment; lexical score 0.62
14:12	21	him		12	αὐτῷ		global-review-known-rendering	safe	0.7819	approved	0				global known-rendering assignment; lexical score 0.63
14:12	34	the		22	τὸ		attached-word	safe	0.7	approved	0				Article of 'Passover'
14:12	35	Passover		23	πάσχα		global-review-known-rendering	safe	0.8	approved	0				global known-rendering assignment; lexical score 0.65
14:13	4	two		3	δύο		global-review-known-rendering	safe	0.7887	approved	0				global known-rendering assignment; lexical score 0.64
14:13	6	his		6	αὐτοῦ		global-review-known-rendering	safe	0.789	approved	0				global known-rendering assignment; lexical score 0.64
14:13	7	disciples		5	μαθητῶν		global-review-known-rendering	safe	0.8	approved	0				global known-rendering assignment; lexical score 0.65
14:13	9	said		8	λέγει		global-review-known-rendering	safe	0.7692	approved	0				global known-rendering assignment; lexical score 0.62
14:13	11	them		9	αὐτοῖς		global-review-known-rendering	safe	0.7381	approved	0				global known-rendering assignment; lexical score 0.59
14:13	13	into		11	εἰς		global-review-known-rendering	safe	0.7711	approved	0				global known-rendering assignment; lexical score 0.62
14:13	28	water		19	ὕδατος		global-review-known-rendering	safe	0.7727	approved	0				global known-rendering assignment; lexical score 0.62
14:13	31	him		22	αὐτῷ		global-review-known-rendering	safe	0.7819	approved	0				global known-rendering assignment; lexical score 0.63
14:14	2	wherever		2	ὅπου		global-review-known-rendering	safe	0.6579	approved	0				global known-rendering assignment; lexical score 0.51
14:14	6	say		5	εἴπατε		global-review-known-rendering	safe	0.7329	approved	0				global known-rendering assignment; lexical score 0.58
14:14	13	The		9	Ὁ		attached-word	safe	0.5568	approved	0				Article of 'Master'
14:14	14	Master		10	Διδάσκαλος		global-review-known-rendering	safe	0.6568	approved	0				global known-rendering assignment; lexical score 0.51
14:14	15	says		11	λέγει		global-review-known-rendering	safe	0.7461	approved	0				global known-rendering assignment; lexical score 0.60
14:14	18	my		16	μου		global-review-known-rendering	safe	0.7664	approved	0				global known-rendering assignment; lexical score 0.62
14:14	24	the		18	τὸ		attached-word	safe	0.7	approved	0				Article of 'Passover'
14:14	25	Passover		19	πάσχα		global-review-known-rendering	safe	0.8	approved	0				global known-rendering assignment; lexical score 0.65
14:14	27	my		23	μου		global-review-known-rendering	safe	0.7664	approved	0				global known-rendering assignment; lexical score 0.62
14:14	28	disciples		22	μαθητῶν		global-review-known-rendering	safe	0.8	approved	0				global known-rendering assignment; lexical score 0.65
14:15	9	a				expands	supplied-indefinite-article	safe	0.6557	approved	0				indefinite article; rests on 'great' → 'μέγα'
14:15	10	great		6	μέγα		global-review-known-rendering	safe	0.6557	approved	0				global known-rendering assignment; lexical score 0.51
14:15	17	there		10	ἐκεῖ		global-review-known-rendering	safe	0.6981	approved	0				global known-rendering assignment; lexical score 0.55
14:15	21	us		12	ἡμῖν		global-review-known-rendering	safe	0.7978	approved	0				global known-rendering assignment; lexical score 0.65
14:16	2	the		3	οἱ		attached-word	safe	0.7	approved	0				Article of 'disciples'
14:16	3	disciples		4	μαθηταὶ		global-review-known-rendering	safe	0.8	approved	0				global known-rendering assignment; lexical score 0.65
14:16	7	came		6	ἦλθον		global-review-known-rendering	safe	0.5999	approved	0				global known-rendering assignment; lexical score 0.45
14:16	8	into		7	εἰς		global-review-known-rendering	safe	0.7711	approved	0				global known-rendering assignment; lexical score 0.62
14:16	19	said		13	εἶπεν		global-review-known-rendering	safe	0.7692	approved	0				global known-rendering assignment; lexical score 0.62
14:16	24	the		17	τὸ		attached-word	safe	0.7	approved	0				Article of 'Passover'
14:16	25	Passover		18	πάσχα		global-review-known-rendering	safe	0.8	approved	0				global known-rendering assignment; lexical score 0.65
14:17	5	evening		2	ὀψίας		global-review-known-rendering	safe	0.65	approved	0				global known-rendering assignment; lexical score 0.50
14:17	7	came		4	ἔρχεται		global-review-known-rendering	safe	0.5999	approved	0				global known-rendering assignment; lexical score 0.45
14:17	9	the		6	τῶν		attached-word	safe	0.7	approved	0				Article of 'twelve'
14:17	10	twelve		7	δώδεκα		global-review-known-rendering	safe	0.8	approved	0				global known-rendering assignment; lexical score 0.65
14:18	8	Jesus		7	Ἰησοῦς		global-review-known-rendering	safe	0.797	approved	0				global known-rendering assignment; lexical score 0.65
14:18	9	said		8	εἶπεν		global-review-known-rendering	safe	0.7692	approved	0				global known-rendering assignment; lexical score 0.62
14:18	12	say		10	λέγω		global-review-known-rendering	safe	0.7329	approved	0				global known-rendering assignment; lexical score 0.58
14:18	15	One		13	εἷς		global-review-known-rendering	safe	0.6333	approved	0				global known-rendering assignment; lexical score 0.48
14:18	22	me		17	με		global-review-known-rendering	safe	0.792	approved	0				global known-rendering assignment; lexical score 0.64
14:18	29	me		21	ἐμοῦ		global-review-known-rendering	safe	0.792	approved	0				global known-rendering assignment; lexical score 0.64
14:19	5	said		4	λέγειν		global-review-known-rendering	safe	0.7692	approved	0				global known-rendering assignment; lexical score 0.62
14:19	7	him		5	αὐτῷ		global-review-known-rendering	safe	0.7819	approved	0				global known-rendering assignment; lexical score 0.63
14:19	8	one		6	εἷς		global-review-known-rendering	safe	0.6333	approved	0				global known-rendering assignment; lexical score 0.48
14:19	10	one		8	εἷς		global-review-known-rendering	safe	0.6333	approved	0				global known-rendering assignment; lexical score 0.48
14:19	13	I		10	ἐγώ		global-review-known-rendering	safe	0.7462	approved	0				global known-rendering assignment; lexical score 0.60
14:20	3	said		3	εἶπεν		global-review-known-rendering	safe	0.7692	approved	0				global known-rendering assignment; lexical score 0.62
14:20	5	them		4	αὐτοῖς		global-review-known-rendering	safe	0.7381	approved	0				global known-rendering assignment; lexical score 0.59
14:20	8	one		5	Εἷς		global-review-known-rendering	safe	0.6333	approved	0				global known-rendering assignment; lexical score 0.48
14:20	10	the		6	τῶν		attached-word	safe	0.7	approved	0				Article of 'twelve'
14:20	11	twelve		7	δώδεκα		global-review-known-rendering	safe	0.8	approved	0				global known-rendering assignment; lexical score 0.65
14:20	19	me		11	ἐμοῦ		global-review-known-rendering	safe	0.792	approved	0				global known-rendering assignment; lexical score 0.64
14:20	20	into		12	εἰς		global-review-known-rendering	safe	0.7711	approved	0				global known-rendering assignment; lexical score 0.62
14:21	1	The				expands	supplied-article	safe	0.7726	approved	0				article the original does not write; rests on 'Son' → 'Υἱὸς'
14:21	2	Son		4	Υἱὸς		global-review-known-rendering	safe	0.7726	approved	0				global known-rendering assignment; lexical score 0.62
14:21	12	him		11	αὐτοῦ		global-review-known-rendering	safe	0.7819	approved	0				global known-rendering assignment; lexical score 0.63
14:21	18	through		17	δι		global-review-known-rendering	safe	0.6067	approved	0				global known-rendering assignment; lexical score 0.46
14:21	19	whom		18	οὗ		global-review-known-rendering	safe	0.6934	approved	0				global known-rendering assignment; lexical score 0.54
14:21	20	the		19	ὁ		attached-word	safe	0.6726	approved	0				Article of 'Son'
14:21	21	Son		20	Υἱὸς		global-review-known-rendering	safe	0.7726	approved	0				global known-rendering assignment; lexical score 0.62
14:22	5	taking		4	λαβὼν		global-review-known-rendering	safe	0.65	approved	0				global known-rendering assignment; lexical score 0.50
14:22	8	took		13	Λάβετε		global-review-known-rendering	safe	0.5772	approved	0				global known-rendering assignment; lexical score 0.43
14:22	9	bread		5	ἄρτον		global-review-known-rendering	safe	0.7692	approved	0				global known-rendering assignment; lexical score 0.62
14:22	15	gave		9	ἔδωκεν		global-review-known-rendering	safe	0.7357	approved	0				global known-rendering assignment; lexical score 0.59
14:22	20	them		10	αὐτοῖς		global-review-known-rendering	safe	0.7381	approved	0				global known-rendering assignment; lexical score 0.59
14:22	22	said		12	εἶπεν		global-review-known-rendering	safe	0.7692	approved	0				global known-rendering assignment; lexical score 0.62
14:22	25	this		14	τοῦτό		global-review-known-rendering	safe	0.7774	approved	0				global known-rendering assignment; lexical score 0.63
14:22	27	my		18	μου		global-review-known-rendering	safe	0.7664	approved	0				global known-rendering assignment; lexical score 0.62
14:22	28	body		17	σῶμά		global-review-known-rendering	safe	0.7934	approved	0				global known-rendering assignment; lexical score 0.64
14:23	3	took		2	λαβὼν		global-review-known-rendering	safe	0.5772	approved	0				global known-rendering assignment; lexical score 0.43
14:23	4	a				expands	supplied-indefinite-article	safe	0.8	approved	0				indefinite article; rests on 'cup' → 'ποτήριον'
14:23	5	cup		3	ποτήριον		global-review-known-rendering	safe	0.8	approved	0				global known-rendering assignment; lexical score 0.65
14:23	10	given		5	ἔδωκεν		global-review-known-rendering	safe	0.7421	approved	0				global known-rendering assignment; lexical score 0.59
14:23	16	them		6	αὐτοῖς		global-review-known-rendering	safe	0.7381	approved	0				global known-rendering assignment; lexical score 0.59
14:23	19	all		11	πάντες		global-review-known-rendering	safe	0.7297	approved	0				global known-rendering assignment; lexical score 0.58
14:23	21	a				expands	supplied-indefinite-article	safe	0.6256	approved	0				indefinite article; rests on 'drink' → 'ἔπιον'
14:23	22	drink		8	ἔπιον		global-review-known-rendering	safe	0.6256	approved	0				global known-rendering assignment; lexical score 0.48
14:24	3	said		2	εἶπεν		global-review-known-rendering	safe	0.7692	approved	0				global known-rendering assignment; lexical score 0.62
14:24	5	them		3	αὐτοῖς		global-review-known-rendering	safe	0.7381	approved	0				global known-rendering assignment; lexical score 0.59
14:24	6	This		4	Τοῦτό		global-review-known-rendering	safe	0.7774	approved	0				global known-rendering assignment; lexical score 0.63
14:24	8	my		8	μου		global-review-known-rendering	safe	0.7664	approved	0				global known-rendering assignment; lexical score 0.62
14:24	9	blood		7	αἷμά		global-review-known-rendering	safe	0.7908	approved	0				global known-rendering assignment; lexical score 0.64
14:24	11	the		9	τῆς		attached-word	safe	0.7	approved	0				Article of 'testament'
14:24	12	testament		10	διαθήκης		global-review-known-rendering	safe	0.8	approved	0				global known-rendering assignment; lexical score 0.65
14:25	3	say		2	λέγω		global-review-known-rendering	safe	0.7329	approved	0				global known-rendering assignment; lexical score 0.58
14:25	9	no		6	οὐ		global-review-known-rendering	safe	0.6041	approved	0				global known-rendering assignment; lexical score 0.45
14:25	15	the		12	τῆς		attached-word	safe	0.7	approved	0				Article of 'vine'
14:25	16	vine		13	ἀμπέλου		global-review-known-rendering	safe	0.8	approved	0				global known-rendering assignment; lexical score 0.65
14:25	17	till		14	ἕως		global-review-known-rendering	safe	0.6119	approved	0				global known-rendering assignment; lexical score 0.46
14:25	18	the		15	τῆς		attached-word	safe	0.5923	approved	0				Article of 'day'
14:25	19	day		16	ἡμέρας		global-review-known-rendering	safe	0.6923	approved	0				global known-rendering assignment; lexical score 0.54
14:25	24	new		21	καινὸν		global-review-known-rendering	safe	0.6579	approved	0				global known-rendering assignment; lexical score 0.51
14:25	26	the		23	τῇ		attached-word	safe	0.7	approved	0				Article of 'kingdom'
14:25	27	kingdom		24	βασιλείᾳ		global-review-known-rendering	safe	0.8	approved	0				global known-rendering assignment; lexical score 0.65
14:25	29	God		26	Θεοῦ		global-review-known-rendering	safe	0.7935	approved	0				global known-rendering assignment; lexical score 0.64
14:26	13	the		5	τὸ		attached-word	safe	0.7	approved	0				Article of 'Mountain'
14:26	14	Mountain		6	ὄρος		global-review-known-rendering	safe	0.8	approved	0				global known-rendering assignment; lexical score 0.65
14:26	16	Olives		8	Ἐλαιῶν		global-review-known-rendering	safe	0.8	approved	0				global known-rendering assignment; lexical score 0.65
14:27	2	Jesus		5	Ἰησοῦς		global-review-known-rendering	safe	0.797	approved	0				global known-rendering assignment; lexical score 0.65
14:27	3	said		2	λέγει		global-review-known-rendering	safe	0.7692	approved	0				global known-rendering assignment; lexical score 0.62
14:27	5	them		3	αὐτοῖς		global-review-known-rendering	safe	0.7381	approved	0				global known-rendering assignment; lexical score 0.59
14:27	8	all		7	Πάντες		global-review-known-rendering	safe	0.7297	approved	0				global known-rendering assignment; lexical score 0.58
14:27	31	the		15	τὰ		attached-word	safe	0.689	approved	0				Article of 'sheep'
14:27	32	sheep		16	πρόβατα		global-review-known-rendering	safe	0.789	approved	0				global known-rendering assignment; lexical score 0.64
14:28	15	into		8	εἰς		global-review-known-rendering	safe	0.7711	approved	0				global known-rendering assignment; lexical score 0.62
14:28	16	Galilee		10	Γαλιλαίαν		global-review-known-rendering	safe	0.7786	approved	0				global known-rendering assignment; lexical score 0.63
14:29	2	Peter		3	Πέτρος		global-review-known-rendering	safe	0.8	approved	0				global known-rendering assignment; lexical score 0.65
14:29	5	him		5	αὐτῷ		global-review-known-rendering	safe	0.7819	approved	0				global known-rendering assignment; lexical score 0.63
14:29	15	I		12	ἐγώ		global-review-known-rendering	safe	0.7462	approved	0				global known-rendering assignment; lexical score 0.60
14:29	17	not		11	οὐκ		global-review-known-rendering	safe	0.6286	approved	0				global known-rendering assignment; lexical score 0.48
14:30	2	Jesus		5	Ἰησοῦς		global-review-known-rendering	safe	0.797	approved	0				global known-rendering assignment; lexical score 0.65
14:30	3	said		2	λέγει		global-review-known-rendering	safe	0.7692	approved	0				global known-rendering assignment; lexical score 0.62
14:30	5	him		3	αὐτῷ		global-review-known-rendering	safe	0.7819	approved	0				global known-rendering assignment; lexical score 0.63
14:30	8	say		7	λέγω		global-review-known-rendering	safe	0.7329	approved	0				global known-rendering assignment; lexical score 0.58
14:30	13	today		11	σήμερον		global-review-known-rendering	safe	0.7775	approved	0				global known-rendering assignment; lexical score 0.63
14:30	14	even		1	καὶ		global-review-known-rendering	safe	0.7196	approved	0				global known-rendering assignment; lexical score 0.57
14:30	15	this		12	ταύτῃ		global-review-known-rendering	safe	0.7774	approved	0				global known-rendering assignment; lexical score 0.63
14:30	16	night		14	νυκτὶ		global-review-known-rendering	safe	0.7845	approved	0				global known-rendering assignment; lexical score 0.63
14:30	18	the				expands	supplied-article	safe	0.8	approved	0				article the original does not write; rests on 'cock's' → 'ἀλέκτορα'
14:30	19	cock's		18	ἀλέκτορα		global-review-known-rendering	safe	0.8	approved	0				global known-rendering assignment; lexical score 0.65
14:30	32	me		21	με		global-review-known-rendering	safe	0.792	approved	0				global known-rendering assignment; lexical score 0.64
14:31	18	not		10	οὐ		global-review-known-rendering	safe	0.6286	approved	0				global known-rendering assignment; lexical score 0.48
14:31	25	all		17	πάντες		global-review-known-rendering	safe	0.7297	approved	0				global known-rendering assignment; lexical score 0.58
14:31	26	said		18	ἔλεγον		global-review-known-rendering	safe	0.7692	approved	0				global known-rendering assignment; lexical score 0.62
14:32	3	came		2	ἔρχονται		global-review-known-rendering	safe	0.5999	approved	0				global known-rendering assignment; lexical score 0.45
14:32	9	named		7	ὄνομα		global-review-known-rendering	safe	0.6615	approved	0				global known-rendering assignment; lexical score 0.51
14:32	13	said		10	λέγει		global-review-known-rendering	safe	0.7692	approved	0				global known-rendering assignment; lexical score 0.62
14:32	15	his		13	αὐτοῦ		global-review-known-rendering	safe	0.789	approved	0				global known-rendering assignment; lexical score 0.64
14:32	16	disciples		12	μαθηταῖς		global-review-known-rendering	safe	0.8	approved	0				global known-rendering assignment; lexical score 0.65
14:32	19	here		15	ὧδε		global-review-known-rendering	safe	0.7426	approved	0				global known-rendering assignment; lexical score 0.59
14:33	6	Peter		4	Πέτρον		global-review-known-rendering	safe	0.8	approved	0				global known-rendering assignment; lexical score 0.65
14:33	8	James		7	Ἰάκωβον		global-review-known-rendering	safe	0.8	approved	0				global known-rendering assignment; lexical score 0.65
14:33	10	John		10	Ἰωάνην		global-review-known-rendering	safe	0.8	approved	0				global known-rendering assignment; lexical score 0.65
14:33	18	him		12	αὐτοῦ		global-review-known-rendering	safe	0.7819	approved	0				global known-rendering assignment; lexical score 0.63
14:34	3	said		2	λέγει		global-review-known-rendering	safe	0.7692	approved	0				global known-rendering assignment; lexical score 0.62
14:34	5	them		3	αὐτοῖς		global-review-known-rendering	safe	0.7381	approved	0				global known-rendering assignment; lexical score 0.59
14:34	6	My		8	μου		global-review-known-rendering	safe	0.7664	approved	0				global known-rendering assignment; lexical score 0.62
14:34	7	soul		7	ψυχή		global-review-known-rendering	safe	0.8	approved	0				global known-rendering assignment; lexical score 0.65
14:34	11	even		13	καὶ		global-review-known-rendering	safe	0.7196	approved	0				global known-rendering assignment; lexical score 0.57
14:34	13	death		10	θανάτου		global-review-known-rendering	safe	0.6997	approved	0				global known-rendering assignment; lexical score 0.55
14:34	15	here		12	ὧδε		global-review-known-rendering	safe	0.7426	approved	0				global known-rendering assignment; lexical score 0.59
14:34	21	watch		14	γρηγορεῖτε		global-review-known-rendering	safe	0.5589	approved	0				global known-rendering assignment; lexical score 0.41
14:35	5	a				expands	supplied-indefinite-article	safe	0.5643	approved	0				indefinite article; rests on 'little' → 'μικρὸν'
14:35	6	little		3	μικρὸν		global-review-known-rendering	safe	0.5643	approved	0				global known-rendering assignment; lexical score 0.41
14:35	11	the		6	τῆς		attached-word	safe	0.6907	approved	0				Article of 'earth'
14:35	12	earth		7	γῆς		global-review-known-rendering	safe	0.7907	approved	0				global known-rendering assignment; lexical score 0.64
14:35	17	possible		12	δυνατόν		global-review-known-rendering	safe	0.7308	approved	0				global known-rendering assignment; lexical score 0.58
14:35	18	the		17	ἡ		attached-word	safe	0.689	approved	0				Article of 'hour'
14:35	19	hour		18	ὥρα		global-review-known-rendering	safe	0.789	approved	0				global known-rendering assignment; lexical score 0.64
14:35	23	him		16	αὐτοῦ		global-review-known-rendering	safe	0.7819	approved	0				global known-rendering assignment; lexical score 0.63
14:36	3	said		2	ἔλεγεν		global-review-known-rendering	safe	0.7692	approved	0				global known-rendering assignment; lexical score 0.62
14:36	5	Father		5	Πατήρ		global-review-known-rendering	safe	0.7987	approved	0				global known-rendering assignment; lexical score 0.65
14:36	6	all		6	πάντα		global-review-known-rendering	safe	0.7297	approved	0				global known-rendering assignment; lexical score 0.58
14:36	9	possible		7	δυνατά		global-review-known-rendering	safe	0.7308	approved	0				global known-rendering assignment; lexical score 0.58
14:36	14	this		12	τοῦτο		global-review-known-rendering	safe	0.7774	approved	0				global known-rendering assignment; lexical score 0.63
14:36	15	cup		11	ποτήριον		global-review-known-rendering	safe	0.8	approved	0				global known-rendering assignment; lexical score 0.65
14:36	17	me		18	ἐγὼ		global-review-known-rendering	safe	0.792	approved	0				global known-rendering assignment; lexical score 0.64
14:36	19	even		1	καὶ		global-review-known-rendering	safe	0.7196	approved	0				global known-rendering assignment; lexical score 0.57
14:36	22	not		16	οὐ		global-review-known-rendering	safe	0.6286	approved	0				global known-rendering assignment; lexical score 0.48
14:36	23	my		14	ἐμοῦ		global-review-known-rendering	safe	0.7664	approved	0				global known-rendering assignment; lexical score 0.62
14:36	26	yours		22	σύ		global-review-known-rendering	safe	0.6714	approved	0				global known-rendering assignment; lexical score 0.52
14:37	3	came		2	ἔρχεται		global-review-known-rendering	safe	0.5999	approved	0				global known-rendering assignment; lexical score 0.45
14:37	6	them		5	αὐτοὺς		global-review-known-rendering	safe	0.7381	approved	0				global known-rendering assignment; lexical score 0.59
14:37	9	said		8	λέγει		global-review-known-rendering	safe	0.7692	approved	0				global known-rendering assignment; lexical score 0.62
14:37	11	Peter		10	Πέτρῳ		global-review-known-rendering	safe	0.8	approved	0				global known-rendering assignment; lexical score 0.65
14:37	12	Simon		11	Σίμων		global-review-known-rendering	safe	0.7934	approved	0				global known-rendering assignment; lexical score 0.64
14:37	18	not		13	οὐκ		global-review-known-rendering	safe	0.6286	approved	0				global known-rendering assignment; lexical score 0.48
14:37	22	watch		17	γρηγορῆσαι		global-review-known-rendering	safe	0.5589	approved	0				global known-rendering assignment; lexical score 0.41
14:37	23	one		15	μίαν		global-review-known-rendering	safe	0.6333	approved	0				global known-rendering assignment; lexical score 0.48
14:37	24	hour		16	ὥραν		global-review-known-rendering	safe	0.789	approved	0				global known-rendering assignment; lexical score 0.64
14:38	2	watch		1	γρηγορεῖτε		global-review-known-rendering	safe	0.5589	approved	0				global known-rendering assignment; lexical score 0.41
14:38	15	the				expands	supplied-article	safe	0.7964	approved	0				article the original does not write; rests on 'spirit' → 'πνεῦμα'
14:38	16	spirit		11	πνεῦμα		global-review-known-rendering	safe	0.7964	approved	0				global known-rendering assignment; lexical score 0.65
14:38	17	truly		10	μὲν		global-review-known-rendering	safe	0.6147	approved	0				global known-rendering assignment; lexical score 0.46
14:38	21	the				expands	supplied-article	safe	0.7937	approved	0				article the original does not write; rests on 'flesh' → 'σὰρξ'
14:38	22	flesh		15	σὰρξ		global-review-known-rendering	safe	0.7937	approved	0				global known-rendering assignment; lexical score 0.64
14:39	2	again		2	πάλιν		global-review-known-rendering	safe	0.5691	approved	0				global known-rendering assignment; lexical score 0.42
14:39	7	said		8	εἰπών		global-review-known-rendering	safe	0.7692	approved	0				global known-rendering assignment; lexical score 0.62
14:40	2	again		2	πάλιν		global-review-known-rendering	safe	0.5691	approved	0				global known-rendering assignment; lexical score 0.42
14:40	4	came		3	ἐλθὼν		global-review-known-rendering	safe	0.5999	approved	0				global known-rendering assignment; lexical score 0.45
14:40	7	them		5	αὐτοὺς		global-review-known-rendering	safe	0.7381	approved	0				global known-rendering assignment; lexical score 0.59
14:40	10	their		9	αὐτῶν		global-review-known-rendering	safe	0.7836	approved	0				global known-rendering assignment; lexical score 0.63
14:40	11	eyes		11	ὀφθαλμοὶ		global-review-known-rendering	safe	0.7669	approved	0				global known-rendering assignment; lexical score 0.62
14:40	22	answer		17	ἀποκριθῶσιν		global-review-known-rendering	safe	0.5652	approved	0				global known-rendering assignment; lexical score 0.42
14:41	3	came		2	ἔρχεται		global-review-known-rendering	safe	0.5999	approved	0				global known-rendering assignment; lexical score 0.45
14:41	4	the		3	τὸ		attached-word	safe	0.7	approved	0				Article of 'third'
14:41	5	third		4	τρίτον		global-review-known-rendering	safe	0.8	approved	0				global known-rendering assignment; lexical score 0.65
14:41	8	said		6	λέγει		global-review-known-rendering	safe	0.7692	approved	0				global known-rendering assignment; lexical score 0.62
14:41	10	them		7	αὐτοῖς		global-review-known-rendering	safe	0.7381	approved	0				global known-rendering assignment; lexical score 0.59
14:41	22	the		15	ἡ		attached-word	safe	0.689	approved	0				Article of 'hour'
14:41	23	hour		16	ὥρα		global-review-known-rendering	safe	0.789	approved	0				global known-rendering assignment; lexical score 0.64
14:41	25	come		14	ἦλθεν		global-review-known-rendering	safe	0.6095	approved	0				global known-rendering assignment; lexical score 0.46
14:41	26	see		17	ἰδοὺ		global-review-known-rendering	safe	0.6289	approved	0				global known-rendering assignment; lexical score 0.48
14:41	27	the		19	ὁ		attached-word	safe	0.6726	approved	0				Article of 'Son'
14:41	28	Son		20	Υἱὸς		global-review-known-rendering	safe	0.7726	approved	0				global known-rendering assignment; lexical score 0.62
14:41	34	into		23	εἰς		global-review-known-rendering	safe	0.7711	approved	0				global known-rendering assignment; lexical score 0.62
14:41	35	the		24	τὰς		attached-word	safe	0.6258	approved	0				Article of 'hands'
14:41	36	hands		25	χεῖρας		global-review-known-rendering	safe	0.7258	approved	0				global known-rendering assignment; lexical score 0.58
14:41	39	men		22	ἀνθρώπου		global-review-known-rendering	safe	0.6249	approved	0				global known-rendering assignment; lexical score 0.47
14:42	7	see		3	ἰδοὺ		global-review-known-rendering	safe	0.6289	approved	0				global known-rendering assignment; lexical score 0.48
14:42	11	me		6	με		global-review-known-rendering	safe	0.792	approved	0				global known-rendering assignment; lexical score 0.64
14:42	14	near		7	ἤγγικεν		global-review-known-rendering	safe	0.5868	approved	0				global known-rendering assignment; lexical score 0.44
14:43	9	Judas		8	Ἰούδας		global-review-known-rendering	safe	0.8	approved	0				global known-rendering assignment; lexical score 0.65
14:43	10	one		9	εἷς		global-review-known-rendering	safe	0.6333	approved	0				global known-rendering assignment; lexical score 0.48
14:43	12	the		10	τῶν		attached-word	safe	0.7	approved	0				Article of 'twelve'
14:43	13	twelve		11	δώδεκα		global-review-known-rendering	safe	0.8	approved	0				global known-rendering assignment; lexical score 0.65
14:43	17	him		14	αὐτοῦ		global-review-known-rendering	safe	0.7819	approved	0				global known-rendering assignment; lexical score 0.63
14:43	22	swords		17	μαχαιρῶν		global-review-known-rendering	safe	0.8	approved	0				global known-rendering assignment; lexical score 0.65
14:43	26	the		21	τῶν		attached-word	safe	0.6032	approved	0				Article of 'chief'
14:43	28	priests		22	ἀρχιερέων		global-review-known-rendering	safe	0.7032	approved	0				global known-rendering assignment; lexical score 0.55
14:43	30	the		24	τῶν		attached-word	safe	0.7	approved	0				Article of 'scribes'
14:43	31	scribes		25	γραμματέων		global-review-known-rendering	safe	0.8	approved	0				global known-rendering assignment; lexical score 0.65
14:44	8	him		5	αὐτὸν		global-review-known-rendering	safe	0.7819	approved	0				global known-rendering assignment; lexical score 0.63
14:44	10	given		1	δεδώκει		global-review-known-rendering	safe	0.7421	approved	0				global known-rendering assignment; lexical score 0.59
14:44	11	them		7	αὐτοῖς		global-review-known-rendering	safe	0.7381	approved	0				global known-rendering assignment; lexical score 0.59
14:44	14	saying		8	λέγων		global-review-known-rendering	safe	0.7562	approved	0				global known-rendering assignment; lexical score 0.61
14:44	18	whom		9	Ὃν		global-review-known-rendering	safe	0.6934	approved	0				global known-rendering assignment; lexical score 0.54
14:44	27	him		12	αὐτός		global-review-known-rendering	safe	0.7819	approved	0				global known-rendering assignment; lexical score 0.63
14:44	30	him		15	αὐτὸν		global-review-known-rendering	safe	0.7819	approved	0				global known-rendering assignment; lexical score 0.63
14:45	5	come		2	ἐλθὼν		global-review-known-rendering	safe	0.6095	approved	0				global known-rendering assignment; lexical score 0.46
14:45	10	him		5	αὐτῷ		global-review-known-rendering	safe	0.7819	approved	0				global known-rendering assignment; lexical score 0.63
14:45	12	said		6	λέγει		global-review-known-rendering	safe	0.7692	approved	0				global known-rendering assignment; lexical score 0.62
14:45	16	him		10	αὐτόν		global-review-known-rendering	safe	0.7819	approved	0				global known-rendering assignment; lexical score 0.63
14:46	5	hands		5	χεῖρας		global-review-known-rendering	safe	0.7258	approved	0				global known-rendering assignment; lexical score 0.58
14:46	7	him		6	αὐτῷ		global-review-known-rendering	safe	0.7819	approved	0				global known-rendering assignment; lexical score 0.63
14:46	10	him		9	αὐτόν		global-review-known-rendering	safe	0.7819	approved	0				global known-rendering assignment; lexical score 0.63
14:47	3	certain		3	τις		global-review-known-rendering	safe	0.775	approved	0				global known-rendering assignment; lexical score 0.62
14:47	4	one		1	εἷς		global-review-known-rendering	safe	0.6333	approved	0				global known-rendering assignment; lexical score 0.48
14:47	13	sword		8	μάχαιραν		global-review-known-rendering	safe	0.6875	approved	0				global known-rendering assignment; lexical score 0.54
14:47	16	the		10	τὸν		attached-word	safe	0.6067	approved	0				Article of 'servant'
14:47	17	servant		11	δοῦλον		global-review-known-rendering	safe	0.7067	approved	0				global known-rendering assignment; lexical score 0.56
14:47	19	the		12	τοῦ		attached-word	safe	0.5746	approved	0				Article of 'high'
14:47	21	priest		13	ἀρχιερέως		global-review-known-rendering	safe	0.6746	approved	0				global known-rendering assignment; lexical score 0.52
14:47	26	his		16	αὐτοῦ		global-review-known-rendering	safe	0.789	approved	0				global known-rendering assignment; lexical score 0.64
14:48	2	Jesus		4	Ἰησοῦς		global-review-known-rendering	safe	0.797	approved	0				global known-rendering assignment; lexical score 0.65
14:48	3	said		5	εἶπεν		global-review-known-rendering	safe	0.7692	approved	0				global known-rendering assignment; lexical score 0.62
14:48	5	them		6	αὐτοῖς		global-review-known-rendering	safe	0.7381	approved	0				global known-rendering assignment; lexical score 0.59
14:48	15	swords		12	μαχαιρῶν		global-review-known-rendering	safe	0.8	approved	0				global known-rendering assignment; lexical score 0.65
14:48	20	me		16	με		global-review-known-rendering	safe	0.792	approved	0				global known-rendering assignment; lexical score 0.64
14:49	6	day		2	ἡμέραν		global-review-known-rendering	safe	0.6923	approved	0				global known-rendering assignment; lexical score 0.54
14:49	10	teaching		9	διδάσκων		global-review-known-rendering	safe	0.7591	approved	0				global known-rendering assignment; lexical score 0.61
14:49	14	not		11	οὐκ		global-review-known-rendering	safe	0.6286	approved	0				global known-rendering assignment; lexical score 0.48
14:49	16	me		13	με		global-review-known-rendering	safe	0.792	approved	0				global known-rendering assignment; lexical score 0.64
14:50	3	all		5	πάντες		global-review-known-rendering	safe	0.7297	approved	0				global known-rendering assignment; lexical score 0.58
14:50	7	him		3	αὐτὸν		global-review-known-rendering	safe	0.7819	approved	0				global known-rendering assignment; lexical score 0.63
14:51	3	certain		3	τις		global-review-known-rendering	safe	0.775	approved	0				global known-rendering assignment; lexical score 0.62
14:51	8	him		5	αὐτῷ		global-review-known-rendering	safe	0.7819	approved	0				global known-rendering assignment; lexical score 0.63
14:51	23	him		12	αὐτόν		global-review-known-rendering	safe	0.7819	approved	0				global known-rendering assignment; lexical score 0.63
14:53	4	Jesus		4	Ἰησοῦν		global-review-known-rendering	safe	0.797	approved	0				global known-rendering assignment; lexical score 0.65
14:53	7	the		6	τὸν		attached-word	safe	0.5746	approved	0				Article of 'high'
14:53	9	priest		7	ἀρχιερέα		global-review-known-rendering	safe	0.6746	approved	0				global known-rendering assignment; lexical score 0.52
14:53	16	all		10	πάντες		global-review-known-rendering	safe	0.7297	approved	0				global known-rendering assignment; lexical score 0.58
14:53	17	the		11	οἱ		attached-word	safe	0.6032	approved	0				Article of 'chief'
14:53	19	priests		12	ἀρχιερεῖς		global-review-known-rendering	safe	0.7032	approved	0				global known-rendering assignment; lexical score 0.55
14:53	25	the		17	οἱ		attached-word	safe	0.7	approved	0				Article of 'scribes'
14:53	26	scribes		18	γραμματεῖς		global-review-known-rendering	safe	0.8	approved	0				global known-rendering assignment; lexical score 0.65
14:54	2	Peter		3	Πέτρος		global-review-known-rendering	safe	0.8	approved	0				global known-rendering assignment; lexical score 0.65
14:54	6	him		7	αὐτῷ		global-review-known-rendering	safe	0.7819	approved	0				global known-rendering assignment; lexical score 0.63
14:54	8	a				expands	supplied-indefinite-article	safe	0.6043	approved	0				indefinite article; rests on 'distance' → 'μακρόθεν'
14:54	9	distance		5	μακρόθεν		global-review-known-rendering	safe	0.6043	approved	0				global known-rendering assignment; lexical score 0.45
14:54	10	even		15	καὶ		global-review-known-rendering	safe	0.7196	approved	0				global known-rendering assignment; lexical score 0.57
14:54	11	into		10	εἰς		global-review-known-rendering	safe	0.7711	approved	0				global known-rendering assignment; lexical score 0.62
14:54	15	the		13	τοῦ		attached-word	safe	0.5746	approved	0				Article of 'high'
14:54	17	priest		14	ἀρχιερέως		global-review-known-rendering	safe	0.6746	approved	0				global known-rendering assignment; lexical score 0.52
14:54	25	warming		22	θερμαινόμενος		global-review-known-rendering	safe	0.8	approved	0				global known-rendering assignment; lexical score 0.65
14:54	28	the		24	τὸ		attached-word	safe	0.5442	approved	0				Article of 'light'
14:54	29	light		25	φῶς		global-review-known-rendering	safe	0.6442	approved	0				global known-rendering assignment; lexical score 0.49
14:55	4	priests		3	ἀρχιερεῖς		global-review-known-rendering	safe	0.7032	approved	0				global known-rendering assignment; lexical score 0.55
14:55	7	the		6	τὸ		attached-word	safe	0.6022	approved	0				Article of 'Sanhedrin'
14:55	8	Sanhedrin		7	συνέδριον		global-review-known-rendering	safe	0.7022	approved	0				global known-rendering assignment; lexical score 0.55
14:55	14	Jesus		11	Ἰησοῦ		global-review-known-rendering	safe	0.797	approved	0				global known-rendering assignment; lexical score 0.65
14:55	20	him		16	αὐτόν		global-review-known-rendering	safe	0.7819	approved	0				global known-rendering assignment; lexical score 0.63
14:56	8	him		5	αὐτοῦ		global-review-known-rendering	safe	0.7819	approved	0				global known-rendering assignment; lexical score 0.63
14:56	13	not		10	οὐκ		global-review-known-rendering	safe	0.6286	approved	0				global known-rendering assignment; lexical score 0.48
14:57	10	him		6	αὐτοῦ		global-review-known-rendering	safe	0.7819	approved	0				global known-rendering assignment; lexical score 0.63
14:57	11	saying		7	λέγοντες		global-review-known-rendering	safe	0.7562	approved	0				global known-rendering assignment; lexical score 0.61
14:58	2	said		5	λέγοντος		global-review-known-rendering	safe	0.7692	approved	0				global known-rendering assignment; lexical score 0.62
14:58	6	I		7	Ἐγὼ		global-review-known-rendering	safe	0.7462	approved	0				global known-rendering assignment; lexical score 0.60
14:58	12	this		11	τοῦτον		global-review-known-rendering	safe	0.7774	approved	0				global known-rendering assignment; lexical score 0.63
14:58	21	three		16	τριῶν		global-review-known-rendering	safe	0.7866	approved	0				global known-rendering assignment; lexical score 0.64
14:58	22	days		17	ἡμερῶν		global-review-known-rendering	safe	0.7748	approved	0				global known-rendering assignment; lexical score 0.62
14:59	2	even		1	καὶ		global-review-known-rendering	safe	0.7196	approved	0				global known-rendering assignment; lexical score 0.57
14:59	3	so		3	οὕτως		global-review-known-rendering	safe	0.6682	approved	0				global known-rendering assignment; lexical score 0.52
14:59	4	their		8	αὐτῶν		global-review-known-rendering	safe	0.7836	approved	0				global known-rendering assignment; lexical score 0.63
14:60	2	the		3	ὁ		attached-word	safe	0.5746	approved	0				Article of 'high'
14:60	4	priest		4	ἀρχιερεὺς		global-review-known-rendering	safe	0.6746	approved	0				global known-rendering assignment; lexical score 0.52
14:60	8	the				expands	supplied-article	safe	0.8	approved	0				article the original does not write; rests on 'middle' → 'μέσον'
14:60	9	middle		6	μέσον		global-review-known-rendering	safe	0.8	approved	0				global known-rendering assignment; lexical score 0.65
14:60	13	said		10	λέγων		global-review-known-rendering	safe	0.7692	approved	0				global known-rendering assignment; lexical score 0.62
14:60	15	Jesus		9	Ἰησοῦν		global-review-known-rendering	safe	0.797	approved	0				global known-rendering assignment; lexical score 0.65
14:60	19	nothing		13	οὐδέν		global-review-known-rendering	safe	0.5926	approved	0				global known-rendering assignment; lexical score 0.44
14:60	21	answer		12	ἀποκρίνῃ		global-review-known-rendering	safe	0.5652	approved	0				global known-rendering assignment; lexical score 0.42
14:60	22	what		14	τί		global-review-known-rendering	safe	0.6804	approved	0				global known-rendering assignment; lexical score 0.53
14:60	26	these		15	οὗτοί		global-review-known-rendering	safe	0.7895	approved	0				global known-rendering assignment; lexical score 0.64
14:61	7	nothing		7	οὐδέν		global-review-known-rendering	safe	0.5926	approved	0				global known-rendering assignment; lexical score 0.44
14:61	8	Again		8	πάλιν		global-review-known-rendering	safe	0.5691	approved	0				global known-rendering assignment; lexical score 0.42
14:61	9	the		9	ὁ		attached-word	safe	0.5746	approved	0				Article of 'high'
14:61	11	priest		10	ἀρχιερεὺς		global-review-known-rendering	safe	0.6746	approved	0				global known-rendering assignment; lexical score 0.52
14:61	13	him		12	αὐτὸν		global-review-known-rendering	safe	0.7819	approved	0				global known-rendering assignment; lexical score 0.63
14:61	14	said		14	λέγει		global-review-known-rendering	safe	0.7692	approved	0				global known-rendering assignment; lexical score 0.62
14:61	15	Are		17	εἶ		global-review-known-rendering	safe	0.7848	approved	0				global known-rendering assignment; lexical score 0.63
14:61	17	the		18	ὁ		attached-word	safe	0.7	approved	0				Article of 'Christ'
14:61	18	Christ		19	Χριστὸς		global-review-known-rendering	safe	0.8	approved	0				global known-rendering assignment; lexical score 0.65
14:61	19	the		20	ὁ		attached-word	safe	0.6726	approved	0				Article of 'son'
14:61	20	son		21	Υἱὸς		global-review-known-rendering	safe	0.7726	approved	0				global known-rendering assignment; lexical score 0.62
14:62	2	Jesus		3	Ἰησοῦς		global-review-known-rendering	safe	0.797	approved	0				global known-rendering assignment; lexical score 0.65
14:62	3	said		4	εἶπεν		global-review-known-rendering	safe	0.7692	approved	0				global known-rendering assignment; lexical score 0.62
14:62	4	I		5	Ἐγώ		global-review-known-rendering	safe	0.7462	approved	0				global known-rendering assignment; lexical score 0.60
14:62	5	am		6	εἰμι		global-review-known-rendering	safe	0.7935	approved	0				global known-rendering assignment; lexical score 0.64
14:62	9	see		8	ὄψεσθε		global-review-known-rendering	safe	0.6289	approved	0				global known-rendering assignment; lexical score 0.48
14:62	10	the		9	τὸν		attached-word	safe	0.6726	approved	0				Article of 'Son'
14:62	11	Son		10	Υἱὸν		global-review-known-rendering	safe	0.7726	approved	0				global known-rendering assignment; lexical score 0.62
14:62	16	the				expands	supplied-article	safe	0.5955	approved	0				article the original does not write; rests on 'right' → 'δεξιῶν'
14:62	17	right		14	δεξιῶν		global-review-known-rendering	safe	0.5955	approved	0				global known-rendering assignment; lexical score 0.45
14:62	24	the		21	τῶν		attached-word	safe	0.7	approved	0				Article of 'clouds'
14:62	25	clouds		22	νεφελῶν		global-review-known-rendering	safe	0.8	approved	0				global known-rendering assignment; lexical score 0.65
14:62	27	heaven		24	οὐρανοῦ		global-review-known-rendering	safe	0.7891	approved	0				global known-rendering assignment; lexical score 0.64
14:63	4	priest		3	ἀρχιερεὺς		global-review-known-rendering	safe	0.6746	approved	0				global known-rendering assignment; lexical score 0.52
14:63	7	his		7	αὐτοῦ		global-review-known-rendering	safe	0.789	approved	0				global known-rendering assignment; lexical score 0.64
14:63	9	said		8	λέγει		global-review-known-rendering	safe	0.7692	approved	0				global known-rendering assignment; lexical score 0.62
14:63	10	What		9	Τί		global-review-known-rendering	safe	0.6804	approved	0				global known-rendering assignment; lexical score 0.53
14:63	12	need		11	χρείαν		global-review-known-rendering	safe	0.6333	approved	0				global known-rendering assignment; lexical score 0.48
14:63	16	witnesses		13	μαρτύρων		global-review-known-rendering	safe	0.725	approved	0				global known-rendering assignment; lexical score 0.57
14:64	10	what		4	τί		global-review-known-rendering	safe	0.6804	approved	0				global known-rendering assignment; lexical score 0.53
14:64	16	all		9	πάντες		global-review-known-rendering	safe	0.7297	approved	0				global known-rendering assignment; lexical score 0.58
14:64	22	him		11	αὐτὸν		global-review-known-rendering	safe	0.7819	approved	0				global known-rendering assignment; lexical score 0.63
14:64	27	death		14	θανάτου		global-review-known-rendering	safe	0.6997	approved	0				global known-rendering assignment; lexical score 0.55
14:65	6	him		5	αὐτῷ		global-review-known-rendering	safe	0.7819	approved	0				global known-rendering assignment; lexical score 0.63
14:65	9	his		8	αὐτοῦ		global-review-known-rendering	safe	0.789	approved	0				global known-rendering assignment; lexical score 0.64
14:65	10	face		10	πρόσωπον		global-review-known-rendering	safe	0.7211	approved	0				global known-rendering assignment; lexical score 0.57
14:65	12	him		13	αὐτὸν		global-review-known-rendering	safe	0.7819	approved	0				global known-rendering assignment; lexical score 0.63
14:65	15	said		15	λέγειν		global-review-known-rendering	safe	0.7692	approved	0				global known-rendering assignment; lexical score 0.62
14:65	17	him		16	αὐτῷ		global-review-known-rendering	safe	0.7819	approved	0				global known-rendering assignment; lexical score 0.63
14:65	27	took		23	ἔλαβον		global-review-known-rendering	safe	0.5772	approved	0				global known-rendering assignment; lexical score 0.43
14:65	28	him		22	αὐτὸν		global-review-known-rendering	safe	0.7819	approved	0				global known-rendering assignment; lexical score 0.63
14:66	3	Peter		4	Πέτρου		global-review-known-rendering	safe	0.8	approved	0				global known-rendering assignment; lexical score 0.65
14:66	13	one		10	μία		global-review-known-rendering	safe	0.6333	approved	0				global known-rendering assignment; lexical score 0.48
14:66	18	the		13	τοῦ		attached-word	safe	0.5746	approved	0				Article of 'high'
14:66	20	priest		14	ἀρχιερέως		global-review-known-rendering	safe	0.6746	approved	0				global known-rendering assignment; lexical score 0.52
14:66	21	came		9	ἔρχεται		global-review-known-rendering	safe	0.5999	approved	0				global known-rendering assignment; lexical score 0.45
14:67	3	Peter		4	Πέτρον		global-review-known-rendering	safe	0.8	approved	0				global known-rendering assignment; lexical score 0.65
14:67	4	warming		5	θερμαινόμενον		global-review-known-rendering	safe	0.8	approved	0				global known-rendering assignment; lexical score 0.65
14:67	11	him		7	αὐτῷ		global-review-known-rendering	safe	0.7819	approved	0				global known-rendering assignment; lexical score 0.63
14:67	15	said		8	λέγει		global-review-known-rendering	safe	0.7692	approved	0				global known-rendering assignment; lexical score 0.62
14:67	21	even		9	Καὶ		global-review-known-rendering	safe	0.7196	approved	0				global known-rendering assignment; lexical score 0.57
14:67	22	Jesus		16	Ἰησοῦ		global-review-known-rendering	safe	0.797	approved	0				global known-rendering assignment; lexical score 0.65
14:68	3	said		4	λέγων		global-review-known-rendering	safe	0.7692	approved	0				global known-rendering assignment; lexical score 0.62
14:68	12	what		10	τί		global-review-known-rendering	safe	0.6804	approved	0				global known-rendering assignment; lexical score 0.53
14:68	15	saying		11	λέγεις		global-review-known-rendering	safe	0.7562	approved	0				global known-rendering assignment; lexical score 0.61
14:68	20	into		15	εἰς		global-review-known-rendering	safe	0.7711	approved	0				global known-rendering assignment; lexical score 0.62
14:69	4	saw		4	ἰδοῦσα		global-review-known-rendering	safe	0.7481	approved	0				global known-rendering assignment; lexical score 0.60
14:69	5	him		5	αὐτὸν		global-review-known-rendering	safe	0.7819	approved	0				global known-rendering assignment; lexical score 0.63
14:69	7	said		8	λέγειν		global-review-known-rendering	safe	0.7692	approved	0				global known-rendering assignment; lexical score 0.62
14:69	8	again		7	πάλιν		global-review-known-rendering	safe	0.5691	approved	0				global known-rendering assignment; lexical score 0.42
14:69	14	This		12	Οὗτος		global-review-known-rendering	safe	0.7774	approved	0				global known-rendering assignment; lexical score 0.63
14:69	18	them		14	αὐτῶν		global-review-known-rendering	safe	0.7381	approved	0				global known-rendering assignment; lexical score 0.59
14:70	2	again		3	πάλιν		global-review-known-rendering	safe	0.5691	approved	0				global known-rendering assignment; lexical score 0.42
14:70	11	a				expands	supplied-indefinite-article	safe	0.5643	approved	0				indefinite article; rests on 'little' → 'μικρὸν'
14:70	12	little		7	μικρὸν		global-review-known-rendering	safe	0.5643	approved	0				global known-rendering assignment; lexical score 0.41
14:70	14	again		8	πάλιν		global-review-known-rendering	safe	0.5691	approved	0				global known-rendering assignment; lexical score 0.42
14:70	19	said		11	ἔλεγον		global-review-known-rendering	safe	0.7692	approved	0				global known-rendering assignment; lexical score 0.62
14:70	21	Peter		13	Πέτρῳ		global-review-known-rendering	safe	0.8	approved	0				global known-rendering assignment; lexical score 0.65
14:70	24	are		17	εἶ		global-review-known-rendering	safe	0.7848	approved	0				global known-rendering assignment; lexical score 0.63
14:70	27	them		16	αὐτῶν		global-review-known-rendering	safe	0.7381	approved	0				global known-rendering assignment; lexical score 0.59
14:70	30	are		21	εἶ		global-review-known-rendering	safe	0.7848	approved	0				global known-rendering assignment; lexical score 0.63
14:71	7	said		14	λέγετε		global-review-known-rendering	safe	0.7692	approved	0				global known-rendering assignment; lexical score 0.62
14:71	10	no		8	Οὐκ		global-review-known-rendering	safe	0.6041	approved	0				global known-rendering assignment; lexical score 0.45
14:71	16	whom		13	ὃν		global-review-known-rendering	safe	0.6934	approved	0				global known-rendering assignment; lexical score 0.54
14:72	6	the				expands	supplied-article	safe	0.8	approved	0				article the original does not write; rests on 'cock' → 'ἀλέκτωρ'
14:72	7	cock		5	ἀλέκτωρ		global-review-known-rendering	safe	0.8	approved	0				global known-rendering assignment; lexical score 0.65
14:72	9	a				expands	supplied-indefinite-article	safe	0.8	approved	0				indefinite article; rests on 'second' → 'δευτέρου'
14:72	10	second		4	δευτέρου		global-review-known-rendering	safe	0.8	approved	0				global known-rendering assignment; lexical score 0.65
14:72	16	Peter's		10	Πέτρος		global-review-known-rendering	safe	0.8	approved	0				global known-rendering assignment; lexical score 0.65
14:72	19	Jesus		17	Ἰησοῦς		global-review-known-rendering	safe	0.797	approved	0				global known-rendering assignment; lexical score 0.65
14:72	21	said		14	εἶπεν		global-review-known-rendering	safe	0.7692	approved	0				global known-rendering assignment; lexical score 0.62
14:72	23	him		15	αὐτῷ		global-review-known-rendering	safe	0.7819	approved	0				global known-rendering assignment; lexical score 0.63
14:72	25	the				expands	supplied-article	safe	0.8	approved	0				article the original does not write; rests on 'cock's' → 'ἀλέκτορα'
14:72	26	cock's		20	ἀλέκτορα		global-review-known-rendering	safe	0.8	approved	0				global known-rendering assignment; lexical score 0.65
14:72	40	me		24	με		global-review-known-rendering	safe	0.792	approved	0				global known-rendering assignment; lexical score 0.64
15:1	8	the		6	οἱ		attached-word	safe	0.6032	approved	0				Article of 'chief'
15:1	10	priests		7	ἀρχιερεῖς		global-review-known-rendering	safe	0.7032	approved	0				global known-rendering assignment; lexical score 0.55
15:1	16	the				expands	supplied-article	safe	0.8	approved	0				article the original does not write; rests on 'scribes' → 'γραμματέων'
15:1	17	scribes		12	γραμματέων		global-review-known-rendering	safe	0.8	approved	0				global known-rendering assignment; lexical score 0.65
15:1	20	the		15	τὸ		attached-word	safe	0.6022	approved	0				Article of 'Sanhedrin'
15:1	21	Sanhedrin		16	συνέδριον		global-review-known-rendering	safe	0.7022	approved	0				global known-rendering assignment; lexical score 0.55
15:1	29	Jesus		19	Ἰησοῦν		global-review-known-rendering	safe	0.797	approved	0				global known-rendering assignment; lexical score 0.65
15:1	39	Pilate		23	Πειλάτῳ		global-review-known-rendering	safe	0.8	approved	0				global known-rendering assignment; lexical score 0.65
15:2	2	Pilate		5	Πειλᾶτος		global-review-known-rendering	safe	0.8	approved	0				global known-rendering assignment; lexical score 0.65
15:2	7	him		3	αὐτὸν		global-review-known-rendering	safe	0.782	approved	0				global known-rendering assignment; lexical score 0.63
15:2	8	Are		7	εἶ		global-review-known-rendering	safe	0.7848	approved	0				global known-rendering assignment; lexical score 0.63
15:2	10	the		8	ὁ		attached-word	safe	0.6837	approved	0				Article of 'King'
15:2	11	King		9	Βασιλεὺς		global-review-known-rendering	safe	0.7837	approved	0				global known-rendering assignment; lexical score 0.63
15:2	13	the		10	τῶν		attached-word	safe	0.6944	approved	0				Article of 'Jews'
15:2	14	Jews		11	Ἰουδαίων		global-review-known-rendering	safe	0.7944	approved	0				global known-rendering assignment; lexical score 0.64
15:2	17	answering		14	ἀποκριθεὶς		global-review-known-rendering	safe	0.7812	approved	0				global known-rendering assignment; lexical score 0.63
15:2	18	said		16	λέγει		global-review-known-rendering	safe	0.7691	approved	0				global known-rendering assignment; lexical score 0.62
15:2	20	him		15	αὐτῷ		global-review-known-rendering	safe	0.782	approved	0				global known-rendering assignment; lexical score 0.63
15:2	22	say		18	λέγεις		global-review-known-rendering	safe	0.7343	approved	0				global known-rendering assignment; lexical score 0.58
15:3	2	the		4	οἱ		attached-word	safe	0.6032	approved	0				Article of 'chief'
15:3	4	priests		5	ἀρχιερεῖς		global-review-known-rendering	safe	0.7032	approved	0				global known-rendering assignment; lexical score 0.55
15:3	11	him		3	αὐτοῦ		global-review-known-rendering	safe	0.782	approved	0				global known-rendering assignment; lexical score 0.63
15:4	2	Pilate		3	Πειλᾶτος		global-review-known-rendering	safe	0.8	approved	0				global known-rendering assignment; lexical score 0.65
15:4	3	again		4	πάλιν		global-review-known-rendering	safe	0.5716	approved	0				global known-rendering assignment; lexical score 0.42
15:4	9	say		7	λέγων		global-review-known-rendering	safe	0.7343	approved	0				global known-rendering assignment; lexical score 0.58
15:4	10	nothing		10	οὐδέν		global-review-known-rendering	safe	0.5926	approved	0				global known-rendering assignment; lexical score 0.44
15:4	12	answer		9	ἀποκρίνῃ		global-review-known-rendering	safe	0.575	approved	0				global known-rendering assignment; lexical score 0.43
15:4	13	see		11	ἴδε		global-review-known-rendering	safe	0.628	approved	0				global known-rendering assignment; lexical score 0.48
15:5	2	Jesus		3	Ἰησοῦς		global-review-known-rendering	safe	0.797	approved	0				global known-rendering assignment; lexical score 0.65
15:5	6	answers		6	ἀπεκρίθη		global-review-known-rendering	safe	0.7738	approved	0				global known-rendering assignment; lexical score 0.62
15:5	9	Pilate		10	Πειλᾶτον		global-review-known-rendering	safe	0.8	approved	0				global known-rendering assignment; lexical score 0.65
15:6	3	the				expands	supplied-article	safe	0.695	approved	0				article the original does not write; rests on 'feast' → 'ἑορτὴν'
15:6	4	feast		3	ἑορτὴν		global-review-known-rendering	safe	0.695	approved	0				global known-rendering assignment; lexical score 0.55
15:6	9	one		6	ἕνα		global-review-known-rendering	safe	0.6359	approved	0				global known-rendering assignment; lexical score 0.49
15:6	10	prisoner		7	δέσμιον		global-review-known-rendering	safe	0.8	approved	0				global known-rendering assignment; lexical score 0.65
15:7	6	Barabbas		5	Βαραββᾶς		global-review-known-rendering	safe	0.8	approved	0				global known-rendering assignment; lexical score 0.65
15:8	9	do		8	ἐποίει		global-review-known-rendering	safe	0.7279	approved	0				global known-rendering assignment; lexical score 0.58
15:8	15	them		9	αὐτοῖς		global-review-known-rendering	safe	0.7384	approved	0				global known-rendering assignment; lexical score 0.59
15:9	2	Pilate		3	Πειλᾶτος		global-review-known-rendering	safe	0.8	approved	0				global known-rendering assignment; lexical score 0.65
15:9	3	said		6	λέγων		global-review-known-rendering	safe	0.7691	approved	0				global known-rendering assignment; lexical score 0.62
15:9	5	answer		4	ἀπεκρίθη		global-review-known-rendering	safe	0.575	approved	0				global known-rendering assignment; lexical score 0.43
15:9	7	them		5	αὐτοῖς		global-review-known-rendering	safe	0.7384	approved	0				global known-rendering assignment; lexical score 0.59
15:9	15	the		10	τὸν		attached-word	safe	0.6837	approved	0				Article of 'King'
15:9	16	King		11	Βασιλέα		global-review-known-rendering	safe	0.7837	approved	0				global known-rendering assignment; lexical score 0.63
15:9	18	the		12	τῶν		attached-word	safe	0.6944	approved	0				Article of 'Jews'
15:9	19	Jews		13	Ἰουδαίων		global-review-known-rendering	safe	0.7944	approved	0				global known-rendering assignment; lexical score 0.64
15:10	5	the		8	οἱ		attached-word	safe	0.6032	approved	0				Article of 'chief'
15:10	7	priests		9	ἀρχιερεῖς		global-review-known-rendering	safe	0.7032	approved	0				global known-rendering assignment; lexical score 0.55
15:10	10	him		7	αὐτὸν		global-review-known-rendering	safe	0.782	approved	0				global known-rendering assignment; lexical score 0.63
15:10	12	through		4	διὰ		global-review-known-rendering	safe	0.6067	approved	0				global known-rendering assignment; lexical score 0.46
15:10	13	envy		5	φθόνον		global-review-known-rendering	safe	0.65	approved	0				global known-rendering assignment; lexical score 0.50
15:11	9	priests		3	ἀρχιερεῖς		global-review-known-rendering	safe	0.7032	approved	0				global known-rendering assignment; lexical score 0.55
15:11	14	Barabbas		10	Βαραββᾶν		global-review-known-rendering	safe	0.8	approved	0				global known-rendering assignment; lexical score 0.65
15:12	2	Pilate		3	Πειλᾶτος		global-review-known-rendering	safe	0.8	approved	0				global known-rendering assignment; lexical score 0.65
15:12	3	again		4	πάλιν		global-review-known-rendering	safe	0.5716	approved	0				global known-rendering assignment; lexical score 0.42
15:12	4	said		6	ἔλεγεν		global-review-known-rendering	safe	0.7691	approved	0				global known-rendering assignment; lexical score 0.62
15:12	6	answer		5	ἀποκριθεὶς		global-review-known-rendering	safe	0.575	approved	0				global known-rendering assignment; lexical score 0.43
15:12	8	them		7	αὐτοῖς		global-review-known-rendering	safe	0.7384	approved	0				global known-rendering assignment; lexical score 0.59
15:12	9	What		8	Τί		global-review-known-rendering	safe	0.6812	approved	0				global known-rendering assignment; lexical score 0.53
15:12	14	do		10	ποιήσω		global-review-known-rendering	safe	0.7279	approved	0				global known-rendering assignment; lexical score 0.58
15:12	18	whom		11	ὃν		global-review-known-rendering	safe	0.6934	approved	0				global known-rendering assignment; lexical score 0.54
15:12	24	the		13	τὸν		attached-word	safe	0.6837	approved	0				Article of 'King'
15:12	25	King		14	Βασιλέα		global-review-known-rendering	safe	0.7837	approved	0				global known-rendering assignment; lexical score 0.63
15:12	27	the		15	τῶν		attached-word	safe	0.6944	approved	0				Article of 'Jews'
15:12	28	Jews		16	Ἰουδαίων		global-review-known-rendering	safe	0.7944	approved	0				global known-rendering assignment; lexical score 0.64
15:13	4	again		3	πάλιν		global-review-known-rendering	safe	0.5716	approved	0				global known-rendering assignment; lexical score 0.42
15:13	10	him		6	αὐτόν		global-review-known-rendering	safe	0.782	approved	0				global known-rendering assignment; lexical score 0.63
15:14	2	Pilate		3	Πειλᾶτος		global-review-known-rendering	safe	0.8	approved	0				global known-rendering assignment; lexical score 0.65
15:14	3	said		4	ἔλεγεν		global-review-known-rendering	safe	0.7691	approved	0				global known-rendering assignment; lexical score 0.62
15:14	5	them		5	αὐτοῖς		global-review-known-rendering	safe	0.7384	approved	0				global known-rendering assignment; lexical score 0.59
15:14	6	Why		6	Τί		global-review-known-rendering	safe	0.7743	approved	0				global known-rendering assignment; lexical score 0.62
15:15	2	Pilate		3	Πειλᾶτος		global-review-known-rendering	safe	0.8	approved	0				global known-rendering assignment; lexical score 0.65
15:15	5	do		9	ποιῆσαι		global-review-known-rendering	safe	0.7279	approved	0				global known-rendering assignment; lexical score 0.58
15:15	13	Barabbas		13	Βαραββᾶν		global-review-known-rendering	safe	0.8	approved	0				global known-rendering assignment; lexical score 0.65
15:15	19	Jesus		17	Ἰησοῦν		global-review-known-rendering	safe	0.797	approved	0				global known-rendering assignment; lexical score 0.65
15:16	8	him		5	αὐτὸν		global-review-known-rendering	safe	0.782	approved	0				global known-rendering assignment; lexical score 0.63
15:16	20	the				expands	supplied-article	safe	0.8	approved	0				article the original does not write; rests on 'Praetorium' → 'Πραιτώριον'
15:16	21	Praetorium		11	Πραιτώριον		global-review-known-rendering	safe	0.8	approved	0				global known-rendering assignment; lexical score 0.65
15:16	27	the		15	τὴν		attached-word	safe	0.7	approved	0				Article of 'band'
15:16	28	band		16	σπεῖραν		global-review-known-rendering	safe	0.8	approved	0				global known-rendering assignment; lexical score 0.65
15:17	8	him		3	αὐτὸν		global-review-known-rendering	safe	0.782	approved	0				global known-rendering assignment; lexical score 0.63
15:17	11	a				expands	supplied-indefinite-article	safe	0.8	approved	0				indefinite article; rests on 'crown' → 'στέφανον'
15:17	12	crown		10	στέφανον		global-review-known-rendering	safe	0.8	approved	0				global known-rendering assignment; lexical score 0.65
15:17	19	him		7	αὐτῷ		global-review-known-rendering	safe	0.782	approved	0				global known-rendering assignment; lexical score 0.63
15:18	5	him		4	αὐτόν		global-review-known-rendering	safe	0.782	approved	0				global known-rendering assignment; lexical score 0.63
15:18	11	the				expands	supplied-article	safe	0.7837	approved	0				article the original does not write; rests on 'King' → 'Βασιλεῦ'
15:18	12	King		6	Βασιλεῦ		global-review-known-rendering	safe	0.7837	approved	0				global known-rendering assignment; lexical score 0.63
15:18	14	the		7	τῶν		attached-word	safe	0.6944	approved	0				Article of 'Jews'
15:18	15	Jews		8	Ἰουδαίων		global-review-known-rendering	safe	0.7944	approved	0				global known-rendering assignment; lexical score 0.64
15:19	4	him		3	αὐτοῦ		global-review-known-rendering	safe	0.782	approved	0				global known-rendering assignment; lexical score 0.63
15:19	7	the		4	τὴν		attached-word	safe	0.692	approved	0				Article of 'head'
15:19	8	head		5	κεφαλὴν		global-review-known-rendering	safe	0.792	approved	0				global known-rendering assignment; lexical score 0.64
15:19	16	him		9	αὐτῷ		global-review-known-rendering	safe	0.782	approved	0				global known-rendering assignment; lexical score 0.63
15:19	24	him		15	αὐτῷ		global-review-known-rendering	safe	0.782	approved	0				global known-rendering assignment; lexical score 0.63
15:19	25	worship		14	προσεκύνουν		global-review-known-rendering	safe	0.7163	approved	0				global known-rendering assignment; lexical score 0.57
15:20	8	him		4	αὐτῷ		global-review-known-rendering	safe	0.782	approved	0				global known-rendering assignment; lexical score 0.63
15:20	15	him		6	αὐτὸν		global-review-known-rendering	safe	0.782	approved	0				global known-rendering assignment; lexical score 0.63
15:20	18	his		14	αὐτοῦ		global-review-known-rendering	safe	0.7891	approved	0				global known-rendering assignment; lexical score 0.64
15:20	21	him		11	αὐτὸν		global-review-known-rendering	safe	0.782	approved	0				global known-rendering assignment; lexical score 0.63
15:20	25	him		17	αὐτὸν		global-review-known-rendering	safe	0.782	approved	0				global known-rendering assignment; lexical score 0.63
15:20	29	him		20	αὐτόν		global-review-known-rendering	safe	0.782	approved	0				global known-rendering assignment; lexical score 0.63
15:21	5	Simon		5	Σίμωνα		global-review-known-rendering	safe	0.7935	approved	0				global known-rendering assignment; lexical score 0.64
15:21	7	Cyrene		6	Κυρηναῖον		global-review-known-rendering	safe	0.6875	approved	0				global known-rendering assignment; lexical score 0.54
15:21	8	the		10	τὸν		attached-word	safe	0.6987	approved	0				Article of 'father'
15:21	9	father		11	πατέρα		global-review-known-rendering	safe	0.7987	approved	0				global known-rendering assignment; lexical score 0.65
15:21	11	Alexander		12	Ἀλεξάνδρου		global-review-known-rendering	safe	0.8	approved	0				global known-rendering assignment; lexical score 0.65
15:21	30	his		19	αὐτοῦ		global-review-known-rendering	safe	0.7891	approved	0				global known-rendering assignment; lexical score 0.64
15:21	31	cross		18	σταυρὸν		global-review-known-rendering	safe	0.8	approved	0				global known-rendering assignment; lexical score 0.65
15:22	4	him		3	αὐτὸν		global-review-known-rendering	safe	0.782	approved	0				global known-rendering assignment; lexical score 0.63
15:22	6	the				expands	supplied-article	safe	0.6863	approved	0				article the original does not write; rests on 'place' → 'τόπον'
15:22	7	place		7	τόπον		global-review-known-rendering	safe	0.6863	approved	0				global known-rendering assignment; lexical score 0.54
15:23	3	gave		2	ἐδίδουν		global-review-known-rendering	safe	0.7411	approved	0				global known-rendering assignment; lexical score 0.59
15:23	4	him		3	αὐτῷ		global-review-known-rendering	safe	0.782	approved	0				global known-rendering assignment; lexical score 0.63
15:23	5	wine		5	οἶνον		global-review-known-rendering	safe	0.7486	approved	0				global known-rendering assignment; lexical score 0.60
15:23	12	not		8	οὐκ		global-review-known-rendering	safe	0.6288	approved	0				global known-rendering assignment; lexical score 0.48
15:23	13	take		9	ἔλαβεν		global-review-known-rendering	safe	0.5545	approved	0				global known-rendering assignment; lexical score 0.40
15:24	14	his		8	αὐτοῦ		global-review-known-rendering	safe	0.7891	approved	0				global known-rendering assignment; lexical score 0.64
15:24	17	them		12	αὐτὰ		global-review-known-rendering	safe	0.7384	approved	0				global known-rendering assignment; lexical score 0.59
15:24	24	what		14	τί		global-review-known-rendering	safe	0.6812	approved	0				global known-rendering assignment; lexical score 0.53
15:25	4	the				expands	supplied-article	safe	0.8	approved	0				article the original does not write; rests on 'third' → 'τρίτη'
15:25	5	third		4	τρίτη		global-review-known-rendering	safe	0.8	approved	0				global known-rendering assignment; lexical score 0.65
15:25	6	hour		3	ὥρα		global-review-known-rendering	safe	0.7889	approved	0				global known-rendering assignment; lexical score 0.64
15:25	10	him		7	αὐτόν		global-review-known-rendering	safe	0.782	approved	0				global known-rendering assignment; lexical score 0.63
15:26	5	his		7	αὐτοῦ		global-review-known-rendering	safe	0.7891	approved	0				global known-rendering assignment; lexical score 0.64
15:26	14	THE		9	Ο		attached-word	safe	0.6837	approved	0				Article of 'KING'
15:26	15	KING		10	ΒΑΣΙΛΕΥΣ		global-review-known-rendering	safe	0.7837	approved	0				global known-rendering assignment; lexical score 0.63
15:26	17	THE		11	ΤΩΝ		attached-word	safe	0.6944	approved	0				Article of 'JEWS'
15:26	18	JEWS		12	ΙΟΥΔΑΙΩΝ		global-review-known-rendering	safe	0.7944	approved	0				global known-rendering assignment; lexical score 0.64
15:27	4	two		5	δύο		global-review-known-rendering	safe	0.7888	approved	0				global known-rendering assignment; lexical score 0.64
15:27	9	him		3	αὐτῷ		global-review-known-rendering	safe	0.782	approved	0				global known-rendering assignment; lexical score 0.63
15:27	10	one		7	ἕνα		global-review-known-rendering	safe	0.6359	approved	0				global known-rendering assignment; lexical score 0.49
15:27	13	right		9	δεξιῶν		global-review-known-rendering	safe	0.5955	approved	0				global known-rendering assignment; lexical score 0.45
15:27	16	one		11	ἕνα		global-review-known-rendering	safe	0.6359	approved	0				global known-rendering assignment; lexical score 0.49
15:27	18	his		14	αὐτοῦ		global-review-known-rendering	safe	0.7891	approved	0				global known-rendering assignment; lexical score 0.64
15:29	9	him		5	αὐτὸν		global-review-known-rendering	safe	0.782	approved	0				global known-rendering assignment; lexical score 0.63
15:29	11	their		9	αὐτῶν		global-review-known-rendering	safe	0.7838	approved	0				global known-rendering assignment; lexical score 0.63
15:29	12	heads		8	κεφαλὰς		global-review-known-rendering	safe	0.8	approved	0				global known-rendering assignment; lexical score 0.65
15:29	14	saying		11	λέγοντες		global-review-known-rendering	safe	0.7562	approved	0				global known-rendering assignment; lexical score 0.61
15:29	29	three		20	τρισὶν		global-review-known-rendering	safe	0.7866	approved	0				global known-rendering assignment; lexical score 0.64
15:29	30	days		21	ἡμέραις		global-review-known-rendering	safe	0.775	approved	0				global known-rendering assignment; lexical score 0.62
15:30	2	yourself		2	σεαυτὸν		global-review-known-rendering	safe	0.6364	approved	0				global known-rendering assignment; lexical score 0.49
15:30	9	the		5	τοῦ		attached-word	safe	0.7	approved	0				Article of 'cross'
15:30	10	cross		6	σταυροῦ		global-review-known-rendering	safe	0.8	approved	0				global known-rendering assignment; lexical score 0.65
15:31	5	the		3	οἱ		attached-word	safe	0.6032	approved	0				Article of 'chief'
15:31	7	priests		4	ἀρχιερεῖς		global-review-known-rendering	safe	0.7032	approved	0				global known-rendering assignment; lexical score 0.55
15:31	14	the		9	τῶν		attached-word	safe	0.7	approved	0				Article of 'scribes'
15:31	15	scribes		10	γραμματέων		global-review-known-rendering	safe	0.8	approved	0				global known-rendering assignment; lexical score 0.65
15:31	16	said		11	ἔλεγον		global-review-known-rendering	safe	0.7691	approved	0				global known-rendering assignment; lexical score 0.62
15:31	20	others		12	Ἄλλους		global-review-known-rendering	safe	0.5882	approved	0				global known-rendering assignment; lexical score 0.44
15:31	23	no		15	οὐ		global-review-known-rendering	safe	0.6039	approved	0				global known-rendering assignment; lexical score 0.45
15:32	2	the		1	ὁ		attached-word	safe	0.7	approved	0				Article of 'Christ'
15:32	3	Christ		2	Χριστὸς		global-review-known-rendering	safe	0.8	approved	0				global known-rendering assignment; lexical score 0.65
15:32	4	the		3	ὁ		attached-word	safe	0.6837	approved	0				Article of 'King'
15:32	5	King		4	Βασιλεὺς		global-review-known-rendering	safe	0.7837	approved	0				global known-rendering assignment; lexical score 0.63
15:32	7	Israel		5	Ἰσραὴλ		global-review-known-rendering	safe	0.7688	approved	0				global known-rendering assignment; lexical score 0.62
15:32	12	the		9	τοῦ		attached-word	safe	0.7	approved	0				Article of 'cross'
15:32	13	cross		10	σταυροῦ		global-review-known-rendering	safe	0.8	approved	0				global known-rendering assignment; lexical score 0.65
15:32	18	see		12	ἴδωμεν		global-review-known-rendering	safe	0.628	approved	0				global known-rendering assignment; lexical score 0.48
15:32	30	him		19	αὐτῷ		global-review-known-rendering	safe	0.782	approved	0				global known-rendering assignment; lexical score 0.63
15:32	35	him		21	αὐτόν		global-review-known-rendering	safe	0.782	approved	0				global known-rendering assignment; lexical score 0.63
15:33	3	the				expands	supplied-article	safe	0.8	approved	0				article the original does not write; rests on 'sixth' → 'ἕκτης'
15:33	4	sixth		4	ἕκτης		global-review-known-rendering	safe	0.8	approved	0				global known-rendering assignment; lexical score 0.65
15:33	5	hour		3	ὥρας		global-review-known-rendering	safe	0.7889	approved	0				global known-rendering assignment; lexical score 0.64
15:33	13	the		9	τὴν		attached-word	safe	0.633	approved	0				Article of 'land'
15:33	14	land		10	γῆν		global-review-known-rendering	safe	0.733	approved	0				global known-rendering assignment; lexical score 0.58
15:33	15	till		11	ἕως		global-review-known-rendering	safe	0.6119	approved	0				global known-rendering assignment; lexical score 0.46
15:33	16	the				expands	supplied-article	safe	0.8	approved	0				article the original does not write; rests on 'ninth' → 'ἐνάτης'
15:33	17	ninth		13	ἐνάτης		global-review-known-rendering	safe	0.8	approved	0				global known-rendering assignment; lexical score 0.65
15:33	18	hour		12	ὥρας		global-review-known-rendering	safe	0.7889	approved	0				global known-rendering assignment; lexical score 0.64
15:34	3	the		2	τῇ		attached-word	safe	0.6889	approved	0				Article of 'ninth'
15:34	4	ninth		3	ἐνάτῃ		global-review-known-rendering	safe	0.8	approved	0				global known-rendering assignment; lexical score 0.65
15:34	5	hour		4	ὥρᾳ		global-review-known-rendering	safe	0.7889	approved	0				global known-rendering assignment; lexical score 0.64
15:34	6	Jesus		7	Ἰησοῦς		global-review-known-rendering	safe	0.797	approved	0				global known-rendering assignment; lexical score 0.65
15:34	9	a				expands	supplied-indefinite-article	safe	0.8	approved	0				indefinite article; rests on 'loud' → 'μεγάλῃ'
15:34	10	loud		9	μεγάλῃ		global-review-known-rendering	safe	0.8	approved	0				global known-rendering assignment; lexical score 0.65
15:34	11	voice		8	φωνῇ		global-review-known-rendering	safe	0.7846	approved	0				global known-rendering assignment; lexical score 0.63
15:34	18	My		19	μου		global-review-known-rendering	safe	0.7666	approved	0				global known-rendering assignment; lexical score 0.62
15:34	19	God		18	Θεός		global-review-known-rendering	safe	0.7935	approved	0				global known-rendering assignment; lexical score 0.64
15:34	20	my		22	μου		global-review-known-rendering	safe	0.7666	approved	0				global known-rendering assignment; lexical score 0.62
15:34	21	God		21	Θεός		global-review-known-rendering	safe	0.7935	approved	0				global known-rendering assignment; lexical score 0.64
15:34	22	why		24	τί		global-review-known-rendering	safe	0.7743	approved	0				global known-rendering assignment; lexical score 0.62
15:34	23	are		15	ἐστιν		global-review-known-rendering	safe	0.7848	approved	0				global known-rendering assignment; lexical score 0.63
15:34	28	me		26	με		global-review-known-rendering	safe	0.7921	approved	0				global known-rendering assignment; lexical score 0.64
15:35	10	said		6	ἔλεγον		global-review-known-rendering	safe	0.7691	approved	0				global known-rendering assignment; lexical score 0.62
15:35	11	See		7	Ἴδε		global-review-known-rendering	safe	0.628	approved	0				global known-rendering assignment; lexical score 0.48
15:35	16	Elijah		8	Ἡλείαν		global-review-known-rendering	safe	0.7839	approved	0				global known-rendering assignment; lexical score 0.63
15:36	24	him		11	αὐτόν		global-review-known-rendering	safe	0.782	approved	0				global known-rendering assignment; lexical score 0.63
15:36	27	saying		12	λέγων		global-review-known-rendering	safe	0.7562	approved	0				global known-rendering assignment; lexical score 0.61
15:36	28	Let		13	Ἄφετε		global-review-known-rendering	safe	0.6269	approved	0				global known-rendering assignment; lexical score 0.48
15:36	32	see		14	ἴδωμεν		global-review-known-rendering	safe	0.628	approved	0				global known-rendering assignment; lexical score 0.48
15:36	34	Elijah		17	Ἡλείας		global-review-known-rendering	safe	0.7839	approved	0				global known-rendering assignment; lexical score 0.63
15:36	36	come		16	ἔρχεται		global-review-known-rendering	safe	0.611	approved	0				global known-rendering assignment; lexical score 0.46
15:36	39	him		19	αὐτόν		global-review-known-rendering	safe	0.782	approved	0				global known-rendering assignment; lexical score 0.63
15:37	2	Jesus		3	Ἰησοῦς		global-review-known-rendering	safe	0.797	approved	0				global known-rendering assignment; lexical score 0.65
15:37	4	a				expands	supplied-indefinite-article	safe	0.8	approved	0				indefinite article; rests on 'loud' → 'μεγάλην'
15:37	5	loud		6	μεγάλην		global-review-known-rendering	safe	0.8	approved	0				global known-rendering assignment; lexical score 0.65
15:38	10	two		8	δύο		global-review-known-rendering	safe	0.7888	approved	0				global known-rendering assignment; lexical score 0.64
15:39	8	saw		1	Ἰδὼν		global-review-known-rendering	safe	0.7483	approved	0				global known-rendering assignment; lexical score 0.60
15:39	13	his		9	αὐτοῦ		global-review-known-rendering	safe	0.7891	approved	0				global known-rendering assignment; lexical score 0.64
15:39	16	said		13	εἶπεν		global-review-known-rendering	safe	0.7691	approved	0				global known-rendering assignment; lexical score 0.62
15:39	18	this		15	οὗτος		global-review-known-rendering	safe	0.7776	approved	0				global known-rendering assignment; lexical score 0.63
15:39	21	a				expands	supplied-indefinite-article	safe	0.7729	approved	0				indefinite article; rests on 'son' → 'Υἱὸς'
15:39	22	son		18	Υἱὸς		global-review-known-rendering	safe	0.7729	approved	0				global known-rendering assignment; lexical score 0.62
15:39	24	God		19	Θεοῦ		global-review-known-rendering	safe	0.7935	approved	0				global known-rendering assignment; lexical score 0.64
15:40	4	women		4	γυναῖκες		global-review-known-rendering	safe	0.727	approved	0				global known-rendering assignment; lexical score 0.58
15:40	7	a				expands	supplied-indefinite-article	safe	0.6043	approved	0				indefinite article; rests on 'distance' → 'μακρόθεν'
15:40	8	distance		6	μακρόθεν		global-review-known-rendering	safe	0.6043	approved	0				global known-rendering assignment; lexical score 0.45
15:40	9	among		8	ἐν		global-review-known-rendering	safe	0.6321	approved	0				global known-rendering assignment; lexical score 0.48
15:40	12	Mary		11	Μαρία		global-review-known-rendering	safe	0.8	approved	0				global known-rendering assignment; lexical score 0.65
15:40	13	Magdalene		13	Μαγδαληνὴ		global-review-known-rendering	safe	0.8	approved	0				global known-rendering assignment; lexical score 0.65
15:40	15	Mary		15	Μαρία		global-review-known-rendering	safe	0.8	approved	0				global known-rendering assignment; lexical score 0.65
15:40	16	the				expands	supplied-article	safe	0.7708	approved	0				article the original does not write; rests on 'mother' → 'μήτηρ'
15:40	17	mother		22	μήτηρ		global-review-known-rendering	safe	0.7708	approved	0				global known-rendering assignment; lexical score 0.62
15:40	19	James		17	Ἰακώβου		global-review-known-rendering	safe	0.8	approved	0				global known-rendering assignment; lexical score 0.65
15:41	4	him		8	αὐτῷ		global-review-known-rendering	safe	0.782	approved	0				global known-rendering assignment; lexical score 0.63
15:41	9	Galilee		6	Γαλιλαίᾳ		global-review-known-rendering	safe	0.7786	approved	0				global known-rendering assignment; lexical score 0.63
15:41	14	him		11	αὐτῷ		global-review-known-rendering	safe	0.782	approved	0				global known-rendering assignment; lexical score 0.63
15:41	25	him		17	αὐτῷ		global-review-known-rendering	safe	0.782	approved	0				global known-rendering assignment; lexical score 0.63
15:42	5	evening		3	ὀψίας		global-review-known-rendering	safe	0.6714	approved	0				global known-rendering assignment; lexical score 0.52
15:43	2	came		1	ἐλθὼν		global-review-known-rendering	safe	0.601	approved	0				global known-rendering assignment; lexical score 0.45
15:43	3	Joseph		2	Ἰωσὴφ		global-review-known-rendering	safe	0.8	approved	0				global known-rendering assignment; lexical score 0.65
15:43	17	the		13	τὴν		attached-word	safe	0.7	approved	0				Article of 'kingdom'
15:43	18	kingdom		14	βασιλείαν		global-review-known-rendering	safe	0.8	approved	0				global known-rendering assignment; lexical score 0.65
15:43	20	God		16	Θεοῦ		global-review-known-rendering	safe	0.7935	approved	0				global known-rendering assignment; lexical score 0.64
15:43	26	Pilate		21	Πειλᾶτον		global-review-known-rendering	safe	0.8	approved	0				global known-rendering assignment; lexical score 0.65
15:43	34	the		24	τὸ		attached-word	safe	0.6935	approved	0				Article of 'body'
15:43	35	body		25	σῶμα		global-review-known-rendering	safe	0.7935	approved	0				global known-rendering assignment; lexical score 0.64
15:43	37	Jesus		27	Ἰησοῦ		global-review-known-rendering	safe	0.797	approved	0				global known-rendering assignment; lexical score 0.65
15:44	2	Pilate		3	Πειλᾶτος		global-review-known-rendering	safe	0.8	approved	0				global known-rendering assignment; lexical score 0.65
15:44	4	surprised		4	ἐθαύμασεν		global-review-known-rendering	safe	0.71	approved	0				global known-rendering assignment; lexical score 0.56
15:45	13	Joseph		10	Ἰωσήφ		global-review-known-rendering	safe	0.8	approved	0				global known-rendering assignment; lexical score 0.65
15:46	9	him		5	αὐτὸν		global-review-known-rendering	safe	0.782	approved	0				global known-rendering assignment; lexical score 0.63
15:46	19	him		11	αὐτὸν		global-review-known-rendering	safe	0.782	approved	0				global known-rendering assignment; lexical score 0.63
15:46	32	a				expands	supplied-indefinite-article	safe	0.8	approved	0				indefinite article; rests on 'rock' → 'πέτρας'
15:46	33	rock		18	πέτρας		global-review-known-rendering	safe	0.8	approved	0				global known-rendering assignment; lexical score 0.65
15:46	35	a				expands	supplied-indefinite-article	safe	0.6568	approved	0				indefinite article; rests on 'stone' → 'λίθον'
15:46	36	stone		21	λίθον		global-review-known-rendering	safe	0.6568	approved	0				global known-rendering assignment; lexical score 0.51
15:46	40	the		23	τὴν		attached-word	safe	0.669	approved	0				Article of 'door'
15:46	41	door		24	θύραν		global-review-known-rendering	safe	0.769	approved	0				global known-rendering assignment; lexical score 0.62
15:47	2	Mary		3	Μαρία		global-review-known-rendering	safe	0.8	approved	0				global known-rendering assignment; lexical score 0.65
15:47	3	Magdalene		5	Μαγδαληνὴ		global-review-known-rendering	safe	0.8	approved	0				global known-rendering assignment; lexical score 0.65
15:47	5	Mary		7	Μαρία		global-review-known-rendering	safe	0.8	approved	0				global known-rendering assignment; lexical score 0.65
16:1	3	the		3	τοῦ		attached-word	safe	0.6812	approved	0				Article of 'Sabbath'
16:1	4	Sabbath		4	σαββάτου		global-review-known-rendering	safe	0.7812	approved	0				global known-rendering assignment; lexical score 0.63
16:1	7	Mary		5	Μαρία		global-review-known-rendering	safe	0.8	approved	0				global known-rendering assignment; lexical score 0.65
16:1	8	Magdalene		7	Μαγδαληνὴ		global-review-known-rendering	safe	0.8	approved	0				global known-rendering assignment; lexical score 0.65
16:1	10	Mary		9	Μαρία		global-review-known-rendering	safe	0.8	approved	0				global known-rendering assignment; lexical score 0.65
16:1	14	James		12	Ἰακώβου		global-review-known-rendering	safe	0.8	approved	0				global known-rendering assignment; lexical score 0.65
16:1	23	come		18	ἐλθοῦσαι		global-review-known-rendering	safe	0.6099	approved	0				global known-rendering assignment; lexical score 0.46
16:1	28	him		20	αὐτόν		global-review-known-rendering	safe	0.7822	approved	0				global known-rendering assignment; lexical score 0.63
16:2	11	the		6	τῶν		attached-word	safe	0.7	approved	0				Article of 'week'
16:2	12	week		7	σαββάτων		global-review-known-rendering	safe	0.8	approved	0				global known-rendering assignment; lexical score 0.65
16:2	14	came		8	ἔρχονται		global-review-known-rendering	safe	0.601	approved	0				global known-rendering assignment; lexical score 0.45
16:2	23	the		13	τοῦ		attached-word	safe	0.7	approved	0				Article of 'sun'
16:2	24	sun		14	ἡλίου		global-review-known-rendering	safe	0.8	approved	0				global known-rendering assignment; lexical score 0.65
16:3	4	saying		2	ἔλεγον		global-review-known-rendering	safe	0.7566	approved	0				global known-rendering assignment; lexical score 0.61
16:3	6	themselves		4	ἑαυτάς		global-review-known-rendering	safe	0.6038	approved	0				global known-rendering assignment; lexical score 0.45
16:3	10	the		8	τὸν		attached-word	safe	0.5535	approved	0				Article of 'stone'
16:3	11	stone		9	λίθον		global-review-known-rendering	safe	0.6535	approved	0				global known-rendering assignment; lexical score 0.50
16:3	15	the		11	τῆς		attached-word	safe	0.669	approved	0				Article of 'door'
16:3	16	door		12	θύρας		global-review-known-rendering	safe	0.769	approved	0				global known-rendering assignment; lexical score 0.62
16:3	18	us		7	ἡμῖν		global-review-known-rendering	safe	0.7978	approved	0				global known-rendering assignment; lexical score 0.65
16:4	7	the		6	ὁ		attached-word	safe	0.5535	approved	0				Article of 'stone'
16:4	8	stone		7	λίθος		global-review-known-rendering	safe	0.6535	approved	0				global known-rendering assignment; lexical score 0.50
16:4	16	great		10	μέγας		global-review-known-rendering	safe	0.655	approved	0				global known-rendering assignment; lexical score 0.50
16:5	7	saw		6	εἶδον		global-review-known-rendering	safe	0.7502	approved	0				global known-rendering assignment; lexical score 0.60
16:5	13	the		10	τοῖς		attached-word	safe	0.4955	approved	0				Article of 'right'
16:5	14	right		11	δεξιοῖς		global-review-known-rendering	safe	0.5955	approved	0				global known-rendering assignment; lexical score 0.45
16:5	18	a				expands	supplied-indefinite-article	safe	0.6984	approved	0				indefinite article; rests on 'white' → 'λευκήν'
16:5	19	white		14	λευκήν		global-review-known-rendering	safe	0.6984	approved	0				global known-rendering assignment; lexical score 0.55
16:6	3	said		3	λέγει		global-review-known-rendering	safe	0.7692	approved	0				global known-rendering assignment; lexical score 0.62
16:6	5	them		4	αὐταῖς		global-review-known-rendering	safe	0.7395	approved	0				global known-rendering assignment; lexical score 0.59
16:6	11	are		15	ἔστιν		global-review-known-rendering	safe	0.7848	approved	0				global known-rendering assignment; lexical score 0.63
16:6	14	Jesus		7	Ἰησοῦν		global-review-known-rendering	safe	0.797	approved	0				global known-rendering assignment; lexical score 0.65
16:6	35	not		14	οὐκ		global-review-known-rendering	safe	0.6291	approved	0				global known-rendering assignment; lexical score 0.48
16:6	36	here		16	ὧδε		global-review-known-rendering	safe	0.7437	approved	0				global known-rendering assignment; lexical score 0.59
16:6	37	see		17	ἴδε		global-review-known-rendering	safe	0.6289	approved	0				global known-rendering assignment; lexical score 0.48
16:6	38	the		18	ὁ		attached-word	safe	0.5875	approved	0				Article of 'place'
16:6	39	place		19	τόπος		global-review-known-rendering	safe	0.6875	approved	0				global known-rendering assignment; lexical score 0.54
16:6	43	him		22	αὐτόν		global-review-known-rendering	safe	0.7822	approved	0				global known-rendering assignment; lexical score 0.63
16:7	3	say		3	εἴπατε		global-review-known-rendering	safe	0.7343	approved	0				global known-rendering assignment; lexical score 0.58
16:7	5	his		6	αὐτοῦ		global-review-known-rendering	safe	0.7891	approved	0				global known-rendering assignment; lexical score 0.64
16:7	6	disciples		5	μαθηταῖς		global-review-known-rendering	safe	0.8	approved	0				global known-rendering assignment; lexical score 0.65
16:7	9	Peter		9	Πέτρῳ		global-review-known-rendering	safe	0.8	approved	0				global known-rendering assignment; lexical score 0.65
16:7	14	into		13	εἰς		global-review-known-rendering	safe	0.7712	approved	0				global known-rendering assignment; lexical score 0.62
16:7	15	Galilee		15	Γαλιλαίαν		global-review-known-rendering	safe	0.7786	approved	0				global known-rendering assignment; lexical score 0.63
16:7	16	there		16	ἐκεῖ		global-review-known-rendering	safe	0.6981	approved	0				global known-rendering assignment; lexical score 0.55
16:7	19	see		18	ὄψεσθε		global-review-known-rendering	safe	0.6289	approved	0				global known-rendering assignment; lexical score 0.48
16:7	20	him		17	αὐτὸν		global-review-known-rendering	safe	0.7822	approved	0				global known-rendering assignment; lexical score 0.63
16:7	23	said		20	εἶπεν		global-review-known-rendering	safe	0.7692	approved	0				global known-rendering assignment; lexical score 0.62
16:8	17	them		9	αὐτὰς		global-review-known-rendering	safe	0.7395	approved	0				global known-rendering assignment; lexical score 0.59
16:8	20	said		16	εἶπαν		global-review-known-rendering	safe	0.7692	approved	0				global known-rendering assignment; lexical score 0.62
16:9	15	the				expands	supplied-article	safe	0.8	approved	0				article the original does not write; rests on 'week' → 'σαββάτου'
16:9	16	week		5	σαββάτου		global-review-known-rendering	safe	0.8	approved	0				global known-rendering assignment; lexical score 0.65
16:9	21	Mary		8	Μαρίᾳ		global-review-known-rendering	safe	0.8	approved	0				global known-rendering assignment; lexical score 0.65
16:9	22	Magdalene		10	Μαγδαληνῇ		global-review-known-rendering	safe	0.8	approved	0				global known-rendering assignment; lexical score 0.65
16:9	24	whom		12	ἧς		global-review-known-rendering	safe	0.6937	approved	0				global known-rendering assignment; lexical score 0.54
16:9	29	seven		14	ἑπτὰ		global-review-known-rendering	safe	0.8	approved	0				global known-rendering assignment; lexical score 0.65
16:10	9	those		1	ἐκείνη		global-review-known-rendering	safe	0.5923	approved	0				global known-rendering assignment; lexical score 0.44
16:10	14	him		6	αὐτοῦ		global-review-known-rendering	safe	0.7822	approved	0				global known-rendering assignment; lexical score 0.63
16:11	12	living		4	ζῇ		global-review-known-rendering	safe	0.7375	approved	0				global known-rendering assignment; lexical score 0.59
16:11	18	her		8	αὐτῆς		global-review-known-rendering	safe	0.7897	approved	0				global known-rendering assignment; lexical score 0.64
16:12	3	these		3	ταῦτα		global-review-known-rendering	safe	0.7895	approved	0				global known-rendering assignment; lexical score 0.64
16:12	12	two		4	δυσὶν		global-review-known-rendering	safe	0.7888	approved	0				global known-rendering assignment; lexical score 0.64
16:12	18	walking		7	περιπατοῦσιν		global-review-known-rendering	safe	0.6875	approved	0				global known-rendering assignment; lexical score 0.54
16:12	20	their		6	αὐτῶν		global-review-known-rendering	safe	0.7838	approved	0				global known-rendering assignment; lexical score 0.63
16:12	22	into		13	εἰς		global-review-known-rendering	safe	0.7712	approved	0				global known-rendering assignment; lexical score 0.62
16:14	7	the		5	τοῖς		attached-word	safe	0.7	approved	0				Article of 'eleven'
16:14	8	eleven		6	ἕνδεκα		global-review-known-rendering	safe	0.8	approved	0				global known-rendering assignment; lexical score 0.65
16:14	21	them		4	αὐτοῖς		global-review-known-rendering	safe	0.7395	approved	0				global known-rendering assignment; lexical score 0.59
16:14	28	their		12	αὐτῶν		global-review-known-rendering	safe	0.7838	approved	0				global known-rendering assignment; lexical score 0.63
16:14	33	because		15	ὅτι		global-review-known-rendering	safe	0.6762	approved	0				global known-rendering assignment; lexical score 0.53
16:14	36	no		20	οὐκ		global-review-known-rendering	safe	0.6039	approved	0				global known-rendering assignment; lexical score 0.45
16:14	43	him		18	αὐτὸν		global-review-known-rendering	safe	0.7822	approved	0				global known-rendering assignment; lexical score 0.63
16:15	3	said		2	εἶπεν		global-review-known-rendering	safe	0.7692	approved	0				global known-rendering assignment; lexical score 0.62
16:15	5	them		3	αὐτοῖς		global-review-known-rendering	safe	0.7395	approved	0				global known-rendering assignment; lexical score 0.59
16:15	7	into		5	εἰς		global-review-known-rendering	safe	0.7712	approved	0				global known-rendering assignment; lexical score 0.62
16:15	8	all		12	πάσῃ		global-review-known-rendering	safe	0.7302	approved	0				global known-rendering assignment; lexical score 0.58
16:15	9	the		6	τὸν		attached-word	safe	0.6092	approved	0				Article of 'world'
16:15	10	world		7	κόσμον		global-review-known-rendering	safe	0.7092	approved	0				global known-rendering assignment; lexical score 0.56
16:17	2	these		5	ταῦτα		global-review-known-rendering	safe	0.7895	approved	0				global known-rendering assignment; lexical score 0.64
16:17	3	signs		1	σημεῖα		global-review-known-rendering	safe	0.7786	approved	0				global known-rendering assignment; lexical score 0.63
16:17	12	my		10	μου		global-review-known-rendering	safe	0.7667	approved	0				global known-rendering assignment; lexical score 0.62
16:17	13	name		9	ὀνόματί		global-review-known-rendering	safe	0.7973	approved	0				global known-rendering assignment; lexical score 0.65
16:17	26	new		15	καιναῖς		global-review-known-rendering	safe	0.6579	approved	0				global known-rendering assignment; lexical score 0.51
16:18	5	snakes		1	ὄφεις		global-review-known-rendering	safe	0.8	approved	0				global known-rendering assignment; lexical score 0.65
16:18	13	drink		6	πίωσιν		global-review-known-rendering	safe	0.6278	approved	0				global known-rendering assignment; lexical score 0.48
16:18	17	them		9	αὐτοὺς		global-review-known-rendering	safe	0.7395	approved	0				global known-rendering assignment; lexical score 0.59
16:18	18	no		7	οὐ		global-review-known-rendering	safe	0.6039	approved	0				global known-rendering assignment; lexical score 0.45
16:18	24	hands		13	χεῖρας		global-review-known-rendering	safe	0.7153	approved	0				global known-rendering assignment; lexical score 0.57
16:18	34	well		16	καλῶς		global-review-known-rendering	safe	0.6406	approved	0				global known-rendering assignment; lexical score 0.49
16:19	3	the				expands	supplied-article	safe	0.7953	approved	0				article the original does not write; rests on 'Lord' → 'Κύριος'
16:19	4	Lord		4	Κύριος		global-review-known-rendering	safe	0.7953	approved	0				global known-rendering assignment; lexical score 0.65
16:19	5	Jesus		5	Ἰησοῦς		global-review-known-rendering	safe	0.797	approved	0				global known-rendering assignment; lexical score 0.65
16:19	13	them		9	αὐτοῖς		global-review-known-rendering	safe	0.7395	approved	0				global known-rendering assignment; lexical score 0.59
16:19	17	into		11	εἰς		global-review-known-rendering	safe	0.7712	approved	0				global known-rendering assignment; lexical score 0.62
16:19	18	heaven		13	οὐρανὸν		global-review-known-rendering	safe	0.7891	approved	0				global known-rendering assignment; lexical score 0.64
16:19	25	right		17	δεξιῶν		global-review-known-rendering	safe	0.5955	approved	0				global known-rendering assignment; lexical score 0.45
16:19	28	God		19	Θεοῦ		global-review-known-rendering	safe	0.7935	approved	0				global known-rendering assignment; lexical score 0.64
16:20	6	everywhere		5	πανταχοῦ		global-review-known-rendering	safe	0.6313	approved	0				global known-rendering assignment; lexical score 0.48
16:20	7	the		6	τοῦ		attached-word	safe	0.6953	approved	0				Article of 'Lord'
16:20	8	Lord		7	Κυρίου		global-review-known-rendering	safe	0.7953	approved	0				global known-rendering assignment; lexical score 0.65
16:20	16	the		10	τὸν		attached-word	safe	0.6254	approved	0				Article of 'word'
16:20	17	word		11	λόγον		global-review-known-rendering	safe	0.7254	approved	0				global known-rendering assignment; lexical score 0.58
16:20	19	the				expands	supplied-article	safe	0.7786	approved	0				article the original does not write; rests on 'signs' → 'σημείων'
16:20	20	signs		16	σημείων		global-review-known-rendering	safe	0.7786	approved	0				global known-rendering assignment; lexical score 0.63
