at	word	surface	target_at	target	target_surface	absence	rule	tier	confidence	verdict	review	corrected_at	corrected	corrected_surface	rationale
1:1	1	Paul		1	Παῦλος		global-review-known-rendering	safe	0.8	approved	0				global known-rendering assignment; lexical score 0.65
1:1	2	an				expands	supplied-indefinite-article	safe	0.8	approved	0				indefinite article; rests on 'Apostle' → 'ἀπόστολος'
1:1	3	Apostle		2	ἀπόστολος		global-review-known-rendering	safe	0.8	approved	0				global known-rendering assignment; lexical score 0.65
1:1	4	(not		3	οὐκ		global-review-known-rendering	safe	0.6284	approved	0				global known-rendering assignment; lexical score 0.48
1:1	6	men		5	ἀνθρώπων		global-review-known-rendering	safe	0.6218	approved	0				global known-rendering assignment; lexical score 0.47
1:1	9	through		7	δι		global-review-known-rendering	safe	0.6067	approved	0				global known-rendering assignment; lexical score 0.46
1:1	12	through		10	διὰ		global-review-known-rendering	safe	0.6067	approved	0				global known-rendering assignment; lexical score 0.46
1:1	13	Jesus		11	Ἰησοῦ		global-review-known-rendering	safe	0.797	approved	0				global known-rendering assignment; lexical score 0.65
1:1	14	Christ		12	Χριστοῦ		global-review-known-rendering	safe	0.8	approved	0				global known-rendering assignment; lexical score 0.65
1:1	16	God		14	Θεοῦ		global-review-known-rendering	safe	0.7935	approved	0				global known-rendering assignment; lexical score 0.64
1:1	17	the				expands	supplied-article	safe	0.7986	approved	0				article the original does not write; rests on 'Father' → 'Πατρὸς'
1:1	18	Father		15	Πατρὸς		global-review-known-rendering	safe	0.7986	approved	0				global known-rendering assignment; lexical score 0.65
1:1	21	him		18	αὐτὸν		global-review-known-rendering	safe	0.7822	approved	0				global known-rendering assignment; lexical score 0.63
1:1	25	the				expands	supplied-article	safe	0.6603	approved	0				article the original does not write; rests on 'dead' → 'νεκρῶν'
1:1	26	dead		20	νεκρῶν		global-review-known-rendering	safe	0.6603	approved	0				global known-rendering assignment; lexical score 0.51
1:2	2	all		5	πάντες		global-review-known-rendering	safe	0.7297	approved	0				global known-rendering assignment; lexical score 0.58
1:2	3	the				expands	supplied-article	safe	0.8	approved	0				article the original does not write; rests on 'brothers' → 'ἀδελφοί'
1:2	4	brothers		6	ἀδελφοί		global-review-known-rendering	safe	0.8	approved	0				global known-rendering assignment; lexical score 0.65
1:2	8	me		4	ἐμοὶ		global-review-known-rendering	safe	0.7921	approved	0				global known-rendering assignment; lexical score 0.64
1:2	10	the		7	ταῖς		attached-word	safe	0.6871	approved	0				Article of 'churches'
1:2	11	churches		8	ἐκκλησίαις		global-review-known-rendering	safe	0.7871	approved	0				global known-rendering assignment; lexical score 0.64
1:3	1	Grace		1	χάρις		global-review-known-rendering	safe	0.7966	approved	0				global known-rendering assignment; lexical score 0.65
1:3	5	peace		4	εἰρήνη		global-review-known-rendering	safe	0.7068	approved	0				global known-rendering assignment; lexical score 0.56
1:3	7	God		6	Θεοῦ		global-review-known-rendering	safe	0.7935	approved	0				global known-rendering assignment; lexical score 0.64
1:3	8	the				expands	supplied-article	safe	0.7986	approved	0				article the original does not write; rests on 'Father' → 'Πατρὸς'
1:3	9	Father		7	Πατρὸς		global-review-known-rendering	safe	0.7986	approved	0				global known-rendering assignment; lexical score 0.65
1:3	11	our		8	ἡμῶν		global-review-known-rendering	safe	0.7924	approved	0				global known-rendering assignment; lexical score 0.64
1:3	12	Lord		10	Κυρίου		global-review-known-rendering	safe	0.7953	approved	0				global known-rendering assignment; lexical score 0.65
1:3	13	Jesus		11	Ἰησοῦ		global-review-known-rendering	safe	0.797	approved	0				global known-rendering assignment; lexical score 0.65
1:3	14	Christ		12	Χριστοῦ		global-review-known-rendering	safe	0.8	approved	0				global known-rendering assignment; lexical score 0.65
1:4	2	gave		2	δόντος		global-review-known-rendering	safe	0.7365	approved	0				global known-rendering assignment; lexical score 0.59
1:4	5	our		7	ἡμῶν		global-review-known-rendering	safe	0.7924	approved	0				global known-rendering assignment; lexical score 0.64
1:4	6	sins		6	ἁμαρτιῶν		global-review-known-rendering	safe	0.7722	approved	0				global known-rendering assignment; lexical score 0.62
1:4	12	us		10	ἡμᾶς		global-review-known-rendering	safe	0.7978	approved	0				global known-rendering assignment; lexical score 0.65
1:4	23	our		24	ἡμῶν		global-review-known-rendering	safe	0.7924	approved	0				global known-rendering assignment; lexical score 0.64
1:4	24	God		21	Θεοῦ		global-review-known-rendering	safe	0.7935	approved	0				global known-rendering assignment; lexical score 0.64
1:4	26	Father		23	Πατρὸς		global-review-known-rendering	safe	0.7986	approved	0				global known-rendering assignment; lexical score 0.65
1:5	2	whom		1	ᾧ		global-review-known-rendering	safe	0.6937	approved	0				global known-rendering assignment; lexical score 0.54
1:5	4	the		2	ἡ		attached-word	safe	0.6241	approved	0				Article of 'glory'
1:5	5	glory		3	δόξα		global-review-known-rendering	safe	0.7241	approved	0				global known-rendering assignment; lexical score 0.57
1:6	3	surprised		1	Θαυμάζω		global-review-known-rendering	safe	0.725	approved	0				global known-rendering assignment; lexical score 0.57
1:6	8	so		3	οὕτως		global-review-known-rendering	safe	0.6697	approved	0				global known-rendering assignment; lexical score 0.52
1:6	20	the				expands	supplied-article	safe	0.7966	approved	0				article the original does not write; rests on 'grace' → 'χάριτι'
1:6	21	grace		11	χάριτι		global-review-known-rendering	safe	0.7966	approved	0				global known-rendering assignment; lexical score 0.65
1:6	23	Christ		12	Χριστοῦ		global-review-known-rendering	safe	0.8	approved	0				global known-rendering assignment; lexical score 0.65
1:7	3	not		2	οὐκ		global-review-known-rendering	safe	0.6284	approved	0				global known-rendering assignment; lexical score 0.48
1:7	8	are		8	εἰσιν		global-review-known-rendering	safe	0.7848	approved	0				global known-rendering assignment; lexical score 0.63
1:7	23	Christ		18	Χριστοῦ		global-review-known-rendering	safe	0.8	approved	0				global known-rendering assignment; lexical score 0.65
1:8	2	even		2	καὶ		global-review-known-rendering	safe	0.717	approved	0				global known-rendering assignment; lexical score 0.57
1:8	4	we		4	ἡμεῖς		global-review-known-rendering	safe	0.7826	approved	0				global known-rendering assignment; lexical score 0.63
1:8	6	an				expands	supplied-indefinite-article	safe	0.8	approved	0				indefinite article; rests on 'angel' → 'ἄγγελος'
1:8	7	angel		6	ἄγγελος		global-review-known-rendering	safe	0.8	approved	0				global known-rendering assignment; lexical score 0.65
1:8	9	heaven		8	οὐρανοῦ		global-review-known-rendering	safe	0.7891	approved	0				global known-rendering assignment; lexical score 0.64
1:8	21	than		5	ἢ		global-review-known-rendering	safe	0.6293	approved	0				global known-rendering assignment; lexical score 0.48
1:9	4	said		6	λέγω		global-review-known-rendering	safe	0.7693	approved	0				global known-rendering assignment; lexical score 0.62
1:9	10	again		5	πάλιν		global-review-known-rendering	safe	0.5725	approved	0				global known-rendering assignment; lexical score 0.42
1:10	1	Am		20	ἤμην		global-review-known-rendering	safe	0.7904	approved	0				global known-rendering assignment; lexical score 0.64
1:10	7	men		3	ἀνθρώπους		global-review-known-rendering	safe	0.6218	approved	0				global known-rendering assignment; lexical score 0.47
1:10	9	God		7	Θεόν		global-review-known-rendering	safe	0.7935	approved	0				global known-rendering assignment; lexical score 0.64
1:10	17	men		10	ἀνθρώποις		global-review-known-rendering	safe	0.6218	approved	0				global known-rendering assignment; lexical score 0.47
1:10	24	men		14	ἀνθρώποις		global-review-known-rendering	safe	0.6218	approved	0				global known-rendering assignment; lexical score 0.47
1:10	27	not		18	οὐκ		global-review-known-rendering	safe	0.6284	approved	0				global known-rendering assignment; lexical score 0.48
1:10	29	a				expands	supplied-indefinite-article	safe	0.7067	approved	0				indefinite article; rests on 'servant' → 'δοῦλος'
1:10	30	servant		17	δοῦλος		global-review-known-rendering	safe	0.7067	approved	0				global known-rendering assignment; lexical score 0.56
1:10	32	Christ		16	Χριστοῦ		global-review-known-rendering	safe	0.8	approved	0				global known-rendering assignment; lexical score 0.65
1:11	1	Because		11	ὅτι		global-review-known-rendering	safe	0.6766	approved	0				global known-rendering assignment; lexical score 0.53
1:11	6	my		10	ἐμοῦ		global-review-known-rendering	safe	0.7673	approved	0				global known-rendering assignment; lexical score 0.62
1:11	7	brothers		4	ἀδελφοί		global-review-known-rendering	safe	0.8	approved	0				global known-rendering assignment; lexical score 0.65
1:11	19	not		12	οὐκ		global-review-known-rendering	safe	0.6284	approved	0				global known-rendering assignment; lexical score 0.48
1:12	14	teaching		9	ἐδιδάχθην		global-review-known-rendering	safe	0.7609	approved	0				global known-rendering assignment; lexical score 0.61
1:12	21	me		3	ἐγὼ		global-review-known-rendering	safe	0.7921	approved	0				global known-rendering assignment; lexical score 0.64
1:12	22	through		11	δι		global-review-known-rendering	safe	0.6067	approved	0				global known-rendering assignment; lexical score 0.46
1:12	23	revelation		12	ἀποκαλύψεως		global-review-known-rendering	safe	0.8	approved	0				global known-rendering assignment; lexical score 0.65
1:12	25	Jesus		13	Ἰησοῦ		global-review-known-rendering	safe	0.797	approved	0				global known-rendering assignment; lexical score 0.65
1:12	26	Christ		14	Χριστοῦ		global-review-known-rendering	safe	0.8	approved	0				global known-rendering assignment; lexical score 0.65
1:13	26	the		14	τὴν		attached-word	safe	0.6939	approved	0				Article of 'church'
1:13	27	church		15	ἐκκλησίαν		global-review-known-rendering	safe	0.7939	approved	0				global known-rendering assignment; lexical score 0.64
1:13	29	God		17	Θεοῦ		global-review-known-rendering	safe	0.7935	approved	0				global known-rendering assignment; lexical score 0.64
1:14	15	among		9	ἐν		global-review-known-rendering	safe	0.6307	approved	0				global known-rendering assignment; lexical score 0.48
1:14	16	my		12	μου		global-review-known-rendering	safe	0.7673	approved	0				global known-rendering assignment; lexical score 0.62
1:14	29	my		18	μου		global-review-known-rendering	safe	0.7673	approved	0				global known-rendering assignment; lexical score 0.62
1:15	16	even		11	καὶ		global-review-known-rendering	safe	0.717	approved	0				global known-rendering assignment; lexical score 0.57
1:15	18	my		10	μου		global-review-known-rendering	safe	0.7673	approved	0				global known-rendering assignment; lexical score 0.62
1:15	19	mother's		9	μητρός		global-review-known-rendering	safe	0.8	approved	0				global known-rendering assignment; lexical score 0.65
1:15	21	through		13	διὰ		global-review-known-rendering	safe	0.6067	approved	0				global known-rendering assignment; lexical score 0.46
1:15	22	his		16	αὐτοῦ		global-review-known-rendering	safe	0.7891	approved	0				global known-rendering assignment; lexical score 0.64
1:15	23	grace		15	χάριτος		global-review-known-rendering	safe	0.7966	approved	0				global known-rendering assignment; lexical score 0.65
1:16	6	his		4	αὐτοῦ		global-review-known-rendering	safe	0.7891	approved	0				global known-rendering assignment; lexical score 0.64
1:16	7	Son		3	Υἱὸν		global-review-known-rendering	safe	0.7729	approved	0				global known-rendering assignment; lexical score 0.62
1:16	9	me		6	ἐμοὶ		global-review-known-rendering	safe	0.7921	approved	0				global known-rendering assignment; lexical score 0.64
1:16	18	him		9	αὐτὸν		global-review-known-rendering	safe	0.7822	approved	0				global known-rendering assignment; lexical score 0.63
1:16	20	the		11	τοῖς		attached-word	safe	0.6713	approved	0				Article of 'Gentiles'
1:16	21	Gentiles		12	ἔθνεσιν		global-review-known-rendering	safe	0.7713	approved	0				global known-rendering assignment; lexical score 0.62
1:16	25	not		14	οὐ		global-review-known-rendering	safe	0.6284	approved	0				global known-rendering assignment; lexical score 0.48
1:16	30	flesh		16	σαρκὶ		global-review-known-rendering	safe	0.7937	approved	0				global known-rendering assignment; lexical score 0.64
1:16	32	blood		18	αἵματι		global-review-known-rendering	safe	0.7908	approved	0				global known-rendering assignment; lexical score 0.64
1:17	12	Apostles		9	ἀποστόλους		global-review-known-rendering	safe	0.7918	approved	0				global known-rendering assignment; lexical score 0.64
1:17	14	me		8	ἐμοῦ		global-review-known-rendering	safe	0.7921	approved	0				global known-rendering assignment; lexical score 0.64
1:17	19	into		12	εἰς		global-review-known-rendering	safe	0.772	approved	0				global known-rendering assignment; lexical score 0.62
1:17	22	again		15	πάλιν		global-review-known-rendering	safe	0.5725	approved	0				global known-rendering assignment; lexical score 0.42
1:17	27	Damascus		18	Δαμασκόν		global-review-known-rendering	safe	0.8	approved	0				global known-rendering assignment; lexical score 0.65
1:18	3	three		3	τρία		global-review-known-rendering	safe	0.7866	approved	0				global known-rendering assignment; lexical score 0.64
1:18	4	years		4	ἔτη		global-review-known-rendering	safe	0.6941	approved	0				global known-rendering assignment; lexical score 0.54
1:18	12	Cephas		9	Κηφᾶν		global-review-known-rendering	safe	0.8	approved	0				global known-rendering assignment; lexical score 0.65
1:18	17	him		13	αὐτὸν		global-review-known-rendering	safe	0.7822	approved	0				global known-rendering assignment; lexical score 0.63
1:18	18	fifteen		15	δεκαπέντε		global-review-known-rendering	safe	0.575	approved	0				global known-rendering assignment; lexical score 0.43
1:18	19	days		14	ἡμέρας		global-review-known-rendering	safe	0.775	approved	0				global known-rendering assignment; lexical score 0.62
1:19	3	the		3	τῶν		attached-word	safe	0.6918	approved	0				Article of 'other'
1:19	5	Apostles		4	ἀποστόλων		global-review-known-rendering	safe	0.7918	approved	0				global known-rendering assignment; lexical score 0.64
1:19	7	saw		6	εἶδον		global-review-known-rendering	safe	0.7483	approved	0				global known-rendering assignment; lexical score 0.60
1:19	9	James		9	Ἰάκωβον		global-review-known-rendering	safe	0.8	approved	0				global known-rendering assignment; lexical score 0.65
1:19	10	the		12	τοῦ		attached-word	safe	0.6182	approved	0				Article of 'Lord's'
1:19	11	Lord's		13	Κυρίου		global-review-known-rendering	safe	0.7182	approved	0				global known-rendering assignment; lexical score 0.57
1:19	12	brother		11	ἀδελφὸν		global-review-known-rendering	safe	0.8	approved	0				global known-rendering assignment; lexical score 0.65
1:20	2	God		8	Θεοῦ		global-review-known-rendering	safe	0.7935	approved	0				global known-rendering assignment; lexical score 0.64
1:21	3	came		2	ἦλθον		global-review-known-rendering	safe	0.601	approved	0				global known-rendering assignment; lexical score 0.45
1:21	8	Syria		7	Συρίας		global-review-known-rendering	safe	0.8	approved	0				global known-rendering assignment; lexical score 0.65
1:21	10	Cilicia		10	Κιλικίας		global-review-known-rendering	safe	0.8	approved	0				global known-rendering assignment; lexical score 0.65
1:22	2	the		6	ταῖς		attached-word	safe	0.6871	approved	0				Article of 'churches'
1:22	3	churches		7	ἐκκλησίαις		global-review-known-rendering	safe	0.7871	approved	0				global known-rendering assignment; lexical score 0.64
1:22	5	Judaea		9	Ἰουδαίας		global-review-known-rendering	safe	0.789	approved	0				global known-rendering assignment; lexical score 0.64
1:22	9	Christ		12	Χριστῷ		global-review-known-rendering	safe	0.8	approved	0				global known-rendering assignment; lexical score 0.65
1:22	16	face		5	προσώπῳ		global-review-known-rendering	safe	0.7211	approved	0				global known-rendering assignment; lexical score 0.57
1:23	1	Only		1	μόνον		global-review-known-rendering	safe	0.6768	approved	0				global known-rendering assignment; lexical score 0.53
1:23	16	us		8	ἡμᾶς		global-review-known-rendering	safe	0.7978	approved	0				global known-rendering assignment; lexical score 0.65
1:23	20	the		12	τὴν		attached-word	safe	0.6888	approved	0				Article of 'faith'
1:23	21	faith		13	πίστιν		global-review-known-rendering	safe	0.7888	approved	0				global known-rendering assignment; lexical score 0.64
1:24	6	God		6	Θεόν		global-review-known-rendering	safe	0.7935	approved	0				global known-rendering assignment; lexical score 0.64
1:24	8	me		4	ἐμοὶ		global-review-known-rendering	safe	0.7921	approved	0				global known-rendering assignment; lexical score 0.64
2:1	6	fourteen		3	δεκατεσσάρων		global-review-known-rendering	safe	0.8	approved	0				global known-rendering assignment; lexical score 0.65
2:1	7	years		4	ἐτῶν		global-review-known-rendering	safe	0.6941	approved	0				global known-rendering assignment; lexical score 0.54
2:1	11	again		5	πάλιν		global-review-known-rendering	safe	0.5725	approved	0				global known-rendering assignment; lexical score 0.42
2:1	15	Barnabas		10	Βαρνάβα		global-review-known-rendering	safe	0.8	approved	0				global known-rendering assignment; lexical score 0.65
2:1	17	Titus		13	Τίτον		global-review-known-rendering	safe	0.8	approved	0				global known-rendering assignment; lexical score 0.65
2:2	6	revelation		4	ἀποκάλυψιν		global-review-known-rendering	safe	0.8	approved	0				global known-rendering assignment; lexical score 0.65
2:2	11	them		7	αὐτοῖς		global-review-known-rendering	safe	0.7396	approved	0				global known-rendering assignment; lexical score 0.59
2:2	19	among		12	ἐν		global-review-known-rendering	safe	0.6307	approved	0				global known-rendering assignment; lexical score 0.48
2:2	20	the		13	τοῖς		attached-word	safe	0.6744	approved	0				Article of 'Gentiles'
2:2	21	Gentiles		14	ἔθνεσιν		global-review-known-rendering	safe	0.7744	approved	0				global known-rendering assignment; lexical score 0.62
2:3	4	Titus		3	Τίτος		global-review-known-rendering	safe	0.8	approved	0				global known-rendering assignment; lexical score 0.65
2:3	8	me		6	ἐμοί		global-review-known-rendering	safe	0.7921	approved	0				global known-rendering assignment; lexical score 0.64
2:3	9	being		8	ὤν		global-review-known-rendering	safe	0.6676	approved	0				global known-rendering assignment; lexical score 0.52
2:3	10	a				expands	supplied-indefinite-article	safe	0.62	approved	0				indefinite article; rests on 'Greek' → 'Ἕλλην'
2:3	11	Greek		7	Ἕλλην		global-review-known-rendering	safe	0.62	approved	0				global known-rendering assignment; lexical score 0.47
2:4	15	our		11	ἡμῶν		global-review-known-rendering	safe	0.7924	approved	0				global known-rendering assignment; lexical score 0.64
2:4	20	have		13	ἔχομεν		global-review-known-rendering	safe	0.7318	approved	0				global known-rendering assignment; lexical score 0.58
2:4	22	Christ		15	Χριστῷ		global-review-known-rendering	safe	0.8	approved	0				global known-rendering assignment; lexical score 0.65
2:4	23	Jesus		16	Ἰησοῦ		global-review-known-rendering	safe	0.797	approved	0				global known-rendering assignment; lexical score 0.65
2:4	31	us		18	ἡμᾶς		global-review-known-rendering	safe	0.7978	approved	0				global known-rendering assignment; lexical score 0.65
2:5	2	whom		1	οἷς		global-review-known-rendering	safe	0.6937	approved	0				global known-rendering assignment; lexical score 0.54
2:5	9	an				expands	supplied-indefinite-article	safe	0.7893	approved	0				indefinite article; rests on 'hour' → 'ὥραν'
2:5	10	hour		4	ὥραν		global-review-known-rendering	safe	0.7893	approved	0				global known-rendering assignment; lexical score 0.64
2:6	16	me		11	μοι		global-review-known-rendering	safe	0.7921	approved	0				global known-rendering assignment; lexical score 0.64
2:6	17	God		15	Θεὸς		global-review-known-rendering	safe	0.7935	approved	0				global known-rendering assignment; lexical score 0.64
2:6	19	not		17	οὐ		global-review-known-rendering	safe	0.6286	approved	0				global known-rendering assignment; lexical score 0.48
2:6	20	take		18	λαμβάνει		global-review-known-rendering	safe	0.5515	approved	0				global known-rendering assignment; lexical score 0.40
2:6	22	person		13	πρόσωπον		global-review-known-rendering	safe	0.575	approved	0				global known-rendering assignment; lexical score 0.43
2:6	32	nothing		23	οὐδὲν		global-review-known-rendering	safe	0.5926	approved	0				global known-rendering assignment; lexical score 0.44
2:6	35	me		19	ἐμοὶ		global-review-known-rendering	safe	0.7921	approved	0				global known-rendering assignment; lexical score 0.64
2:7	7	saw		3	ἰδόντες		global-review-known-rendering	safe	0.7481	approved	0				global known-rendering assignment; lexical score 0.60
2:7	25	Peter		11	Πέτρος		global-review-known-rendering	safe	0.8	approved	0				global known-rendering assignment; lexical score 0.65
2:7	31	the		12	τῆς		attached-word	safe	0.7	approved	0				Article of 'circumcision'
2:7	32	circumcision		13	περιτομῆς		global-review-known-rendering	safe	0.8	approved	0				global known-rendering assignment; lexical score 0.65
2:8	7	Peter		4	Πέτρῳ		global-review-known-rendering	safe	0.8	approved	0				global known-rendering assignment; lexical score 0.65
2:8	12	the		7	τῆς		attached-word	safe	0.7	approved	0				Article of 'circumcision'
2:8	13	circumcision		8	περιτομῆς		global-review-known-rendering	safe	0.8	approved	0				global known-rendering assignment; lexical score 0.65
2:8	19	me		11	ἐμοὶ		global-review-known-rendering	safe	0.7921	approved	0				global known-rendering assignment; lexical score 0.64
2:8	21	the		13	τὰ		attached-word	safe	0.6744	approved	0				Article of 'Gentiles'
2:8	22	Gentiles		14	ἔθνη		global-review-known-rendering	safe	0.7744	approved	0				global known-rendering assignment; lexical score 0.62
2:9	4	the		3	τὴν		attached-word	safe	0.6967	approved	0				Article of 'grace'
2:9	5	grace		4	χάριν		global-review-known-rendering	safe	0.7967	approved	0				global known-rendering assignment; lexical score 0.65
2:9	8	given		6	δοθεῖσάν		global-review-known-rendering	safe	0.7426	approved	0				global known-rendering assignment; lexical score 0.59
2:9	10	me		7	μοι		global-review-known-rendering	safe	0.7921	approved	0				global known-rendering assignment; lexical score 0.64
2:9	11	James		8	Ἰάκωβος		global-review-known-rendering	safe	0.8	approved	0				global known-rendering assignment; lexical score 0.65
2:9	13	Cephas		10	Κηφᾶς		global-review-known-rendering	safe	0.8	approved	0				global known-rendering assignment; lexical score 0.65
2:9	15	John		12	Ἰωάνης		global-review-known-rendering	safe	0.8	approved	0				global known-rendering assignment; lexical score 0.65
2:9	21	being		16	εἶναι		global-review-known-rendering	safe	0.6676	approved	0				global known-rendering assignment; lexical score 0.52
2:9	23	gave		18	ἔδωκαν		global-review-known-rendering	safe	0.7411	approved	0				global known-rendering assignment; lexical score 0.59
2:9	25	me		19	ἐμοὶ		global-review-known-rendering	safe	0.7921	approved	0				global known-rendering assignment; lexical score 0.64
2:9	27	Barnabas		21	Βαρνάβα		global-review-known-rendering	safe	0.8	approved	0				global known-rendering assignment; lexical score 0.65
2:9	29	right		17	δεξιὰς		global-review-known-rendering	safe	0.5955	approved	0				global known-rendering assignment; lexical score 0.45
2:9	35	we		24	ἡμεῖς		global-review-known-rendering	safe	0.7848	approved	0				global known-rendering assignment; lexical score 0.63
2:9	39	the		26	τὰ		attached-word	safe	0.6744	approved	0				Article of 'Gentiles'
2:9	40	Gentiles		27	ἔθνη		global-review-known-rendering	safe	0.7744	approved	0				global known-rendering assignment; lexical score 0.62
2:9	44	the		31	τὴν		attached-word	safe	0.7	approved	0				Article of 'circumcision'
2:9	45	circumcision		32	περιτομήν		global-review-known-rendering	safe	0.8	approved	0				global known-rendering assignment; lexical score 0.65
2:10	1	Only		1	μόνον		global-review-known-rendering	safe	0.6768	approved	0				global known-rendering assignment; lexical score 0.53
2:10	12	the		2	τῶν		attached-word	safe	0.6578	approved	0				Article of 'poor'
2:10	13	poor		3	πτωχῶν		global-review-known-rendering	safe	0.7578	approved	0				global known-rendering assignment; lexical score 0.61
2:10	23	do		11	ποιῆσαι		global-review-known-rendering	safe	0.7279	approved	0				global known-rendering assignment; lexical score 0.58
2:11	3	Cephas		4	Κηφᾶς		global-review-known-rendering	safe	0.8	approved	0				global known-rendering assignment; lexical score 0.65
2:11	4	came		3	ἦλθεν		global-review-known-rendering	safe	0.601	approved	0				global known-rendering assignment; lexical score 0.45
2:11	6	Antioch		6	Ἀντιόχειαν		global-review-known-rendering	safe	0.775	approved	0				global known-rendering assignment; lexical score 0.62
2:11	12	him		9	αὐτῷ		global-review-known-rendering	safe	0.7822	approved	0				global known-rendering assignment; lexical score 0.63
2:11	15	face		8	πρόσωπον		global-review-known-rendering	safe	0.7211	approved	0				global known-rendering assignment; lexical score 0.57
2:11	16	because		11	ὅτι		global-review-known-rendering	safe	0.6774	approved	0				global known-rendering assignment; lexical score 0.53
2:12	3	certain		5	τινας		global-review-known-rendering	safe	0.7752	approved	0				global known-rendering assignment; lexical score 0.63
2:12	5	came		4	ἐλθεῖν		global-review-known-rendering	safe	0.601	approved	0				global known-rendering assignment; lexical score 0.45
2:12	7	James		7	Ἰακώβου		global-review-known-rendering	safe	0.8	approved	0				global known-rendering assignment; lexical score 0.65
2:12	13	the		9	τῶν		attached-word	safe	0.6744	approved	0				Article of 'Gentiles'
2:12	14	Gentiles		10	ἐθνῶν		global-review-known-rendering	safe	0.7744	approved	0				global known-rendering assignment; lexical score 0.62
2:12	18	came		14	ἦλθον		global-review-known-rendering	safe	0.601	approved	0				global known-rendering assignment; lexical score 0.45
2:12	26	fearing		19	φοβούμενος		global-review-known-rendering	safe	0.8	approved	0				global known-rendering assignment; lexical score 0.65
2:12	32	circumcision		22	περιτομῆς		global-review-known-rendering	safe	0.8	approved	0				global known-rendering assignment; lexical score 0.65
2:13	6	Jews		7	Ἰουδαῖοι		global-review-known-rendering	safe	0.8	approved	0				global known-rendering assignment; lexical score 0.65
2:13	9	him		3	αὐτῷ		global-review-known-rendering	safe	0.7822	approved	0				global known-rendering assignment; lexical score 0.63
2:13	12	even		9	καὶ		global-review-known-rendering	safe	0.7164	approved	0				global known-rendering assignment; lexical score 0.57
2:13	13	Barnabas		10	Βαρνάβας		global-review-known-rendering	safe	0.8	approved	0				global known-rendering assignment; lexical score 0.65
2:13	17	their		12	αὐτῶν		global-review-known-rendering	safe	0.7838	approved	0				global known-rendering assignment; lexical score 0.63
2:14	4	saw		3	εἶδον		global-review-known-rendering	safe	0.7481	approved	0				global known-rendering assignment; lexical score 0.60
2:14	8	not		5	οὐκ		global-review-known-rendering	safe	0.6286	approved	0				global known-rendering assignment; lexical score 0.48
2:14	22	said		12	εἶπον		global-review-known-rendering	safe	0.7693	approved	0				global known-rendering assignment; lexical score 0.62
2:14	24	Cephas		14	Κηφᾷ		global-review-known-rendering	safe	0.8	approved	0				global known-rendering assignment; lexical score 0.65
2:14	27	all		16	πάντων		global-review-known-rendering	safe	0.7297	approved	0				global known-rendering assignment; lexical score 0.58
2:14	31	a				expands	supplied-indefinite-article	safe	0.8	approved	0				indefinite article; rests on 'Jew' → 'Ἰουδαῖος'
2:14	32	Jew		19	Ἰουδαῖος		global-review-known-rendering	safe	0.8	approved	0				global known-rendering assignment; lexical score 0.65
2:14	34	living		25	ζῇς		global-review-known-rendering	safe	0.7375	approved	0				global known-rendering assignment; lexical score 0.59
2:14	39	not		23	οὐκ		global-review-known-rendering	safe	0.6286	approved	0				global known-rendering assignment; lexical score 0.48
2:14	43	how		26	πῶς		global-review-known-rendering	safe	0.6552	approved	0				global known-rendering assignment; lexical score 0.51
2:14	47	the		27	τὰ		attached-word	safe	0.6744	approved	0				Article of 'Gentiles'
2:14	48	Gentiles		28	ἔθνη		global-review-known-rendering	safe	0.7744	approved	0				global known-rendering assignment; lexical score 0.62
2:15	1	We		1	Ἡμεῖς		global-review-known-rendering	safe	0.7848	approved	0				global known-rendering assignment; lexical score 0.63
2:15	3	Jews		3	Ἰουδαῖοι		global-review-known-rendering	safe	0.8	approved	0				global known-rendering assignment; lexical score 0.65
2:15	7	not		5	οὐκ		global-review-known-rendering	safe	0.6286	approved	0				global known-rendering assignment; lexical score 0.48
2:15	8	sinners		8	ἁμαρτωλοί		global-review-known-rendering	safe	0.785	approved	0				global known-rendering assignment; lexical score 0.64
2:15	10	the				expands	supplied-article	safe	0.7744	approved	0				article the original does not write; rests on 'Gentiles' → 'ἐθνῶν'
2:15	11	Gentiles		7	ἐθνῶν		global-review-known-rendering	safe	0.7744	approved	0				global known-rendering assignment; lexical score 0.62
2:16	7	not		4	οὐ		global-review-known-rendering	safe	0.6286	approved	0				global known-rendering assignment; lexical score 0.48
2:16	11	the				expands	supplied-article	safe	0.7458	approved	0				article the original does not write; rests on 'works' → 'ἔργων'
2:16	12	works		8	ἔργων		global-review-known-rendering	safe	0.7458	approved	0				global known-rendering assignment; lexical score 0.60
2:16	14	the				expands	supplied-article	safe	0.7326	approved	0				article the original does not write; rests on 'law' → 'νόμου'
2:16	15	law		9	νόμου		global-review-known-rendering	safe	0.7326	approved	0				global known-rendering assignment; lexical score 0.58
2:16	17	through		12	διὰ		global-review-known-rendering	safe	0.6056	approved	0				global known-rendering assignment; lexical score 0.46
2:16	18	faith		13	πίστεως		global-review-known-rendering	safe	0.7887	approved	0				global known-rendering assignment; lexical score 0.64
2:16	20	Jesus		15	Ἰησοῦ		global-review-known-rendering	safe	0.797	approved	0				global known-rendering assignment; lexical score 0.65
2:16	21	Christ		14	Χριστοῦ		global-review-known-rendering	safe	0.8	approved	0				global known-rendering assignment; lexical score 0.65
2:16	22	we		17	ἡμεῖς		global-review-known-rendering	safe	0.7848	approved	0				global known-rendering assignment; lexical score 0.63
2:16	26	Christ		19	Χριστὸν		global-review-known-rendering	safe	0.8	approved	0				global known-rendering assignment; lexical score 0.65
2:16	27	Jesus		20	Ἰησοῦν		global-review-known-rendering	safe	0.797	approved	0				global known-rendering assignment; lexical score 0.65
2:16	35	faith		25	πίστεως		global-review-known-rendering	safe	0.7887	approved	0				global known-rendering assignment; lexical score 0.64
2:16	37	Christ		26	Χριστοῦ		global-review-known-rendering	safe	0.8	approved	0				global known-rendering assignment; lexical score 0.65
2:16	39	not		28	οὐκ		global-review-known-rendering	safe	0.6286	approved	0				global known-rendering assignment; lexical score 0.48
2:16	41	the				expands	supplied-article	safe	0.7458	approved	0				article the original does not write; rests on 'works' → 'ἔργων'
2:16	42	works		30	ἔργων		global-review-known-rendering	safe	0.7458	approved	0				global known-rendering assignment; lexical score 0.60
2:16	44	the				expands	supplied-article	safe	0.7326	approved	0				article the original does not write; rests on 'law' → 'νόμου'
2:16	45	law		31	νόμου		global-review-known-rendering	safe	0.7326	approved	0				global known-rendering assignment; lexical score 0.58
2:16	46	because		32	ὅτι		global-review-known-rendering	safe	0.6774	approved	0				global known-rendering assignment; lexical score 0.53
2:16	48	the				expands	supplied-article	safe	0.7458	approved	0				article the original does not write; rests on 'works' → 'ἔργων'
2:16	49	works		34	ἔργων		global-review-known-rendering	safe	0.7458	approved	0				global known-rendering assignment; lexical score 0.60
2:16	51	the				expands	supplied-article	safe	0.7326	approved	0				article the original does not write; rests on 'law' → 'νόμου'
2:16	52	law		35	νόμου		global-review-known-rendering	safe	0.7326	approved	0				global known-rendering assignment; lexical score 0.58
2:16	54	no		36	οὐ		global-review-known-rendering	safe	0.6024	approved	0				global known-rendering assignment; lexical score 0.45
2:16	55	flesh		39	σάρξ		global-review-known-rendering	safe	0.7937	approved	0				global known-rendering assignment; lexical score 0.64
2:17	11	Christ		6	Χριστῷ		global-review-known-rendering	safe	0.8	approved	0				global known-rendering assignment; lexical score 0.65
2:17	18	sinners		10	ἁμαρτωλοί		global-review-known-rendering	safe	0.785	approved	0				global known-rendering assignment; lexical score 0.64
2:17	20	Christ		12	Χριστὸς		global-review-known-rendering	safe	0.8	approved	0				global known-rendering assignment; lexical score 0.65
2:17	24	sin		13	ἁμαρτίας		global-review-known-rendering	safe	0.7264	approved	0				global known-rendering assignment; lexical score 0.58
2:18	6	again		6	πάλιν		global-review-known-rendering	safe	0.5725	approved	0				global known-rendering assignment; lexical score 0.42
2:19	2	I		1	ἐγὼ		global-review-known-rendering	safe	0.7468	approved	0				global known-rendering assignment; lexical score 0.60
2:19	3	through		3	διὰ		global-review-known-rendering	safe	0.6056	approved	0				global known-rendering assignment; lexical score 0.46
2:19	4	the				expands	supplied-article	safe	0.7326	approved	0				article the original does not write; rests on 'law' → 'νόμου'
2:19	5	law		4	νόμου		global-review-known-rendering	safe	0.7326	approved	0				global known-rendering assignment; lexical score 0.58
2:19	10	the				expands	supplied-article	safe	0.7326	approved	0				article the original does not write; rests on 'law' → 'νόμῳ'
2:19	11	law		5	νόμῳ		global-review-known-rendering	safe	0.7326	approved	0				global known-rendering assignment; lexical score 0.58
2:19	17	living		9	ζήσω		global-review-known-rendering	safe	0.7375	approved	0				global known-rendering assignment; lexical score 0.59
2:19	19	God		8	Θεῷ		global-review-known-rendering	safe	0.7935	approved	0				global known-rendering assignment; lexical score 0.64
2:20	1	I		4	ἐγώ		global-review-known-rendering	safe	0.7468	approved	0				global known-rendering assignment; lexical score 0.60
2:20	15	living		1	ζῶ		global-review-known-rendering	safe	0.7375	approved	0				global known-rendering assignment; lexical score 0.59
2:20	20	Christ		9	Χριστός		global-review-known-rendering	safe	0.8	approved	0				global known-rendering assignment; lexical score 0.65
2:20	22	living		5	ζῇ		global-review-known-rendering	safe	0.7375	approved	0				global known-rendering assignment; lexical score 0.59
2:20	24	me		8	ἐμοὶ		global-review-known-rendering	safe	0.7921	approved	0				global known-rendering assignment; lexical score 0.64
2:20	32	living		13	ζῶ		global-review-known-rendering	safe	0.7375	approved	0				global known-rendering assignment; lexical score 0.59
2:20	34	the				expands	supplied-article	safe	0.7937	approved	0				article the original does not write; rests on 'flesh' → 'σαρκί'
2:20	35	flesh		15	σαρκί		global-review-known-rendering	safe	0.7937	approved	0				global known-rendering assignment; lexical score 0.64
2:20	38	living		18	ζῶ		global-review-known-rendering	safe	0.7375	approved	0				global known-rendering assignment; lexical score 0.59
2:20	40	faith		17	πίστει		global-review-known-rendering	safe	0.7887	approved	0				global known-rendering assignment; lexical score 0.64
2:20	44	the		20	τοῦ		attached-word	safe	0.6729	approved	0				Article of 'Son'
2:20	45	Son		21	Υἱοῦ		global-review-known-rendering	safe	0.7729	approved	0				global known-rendering assignment; lexical score 0.62
2:20	47	God		23	Θεοῦ		global-review-known-rendering	safe	0.7935	approved	0				global known-rendering assignment; lexical score 0.64
2:20	52	me		26	με		global-review-known-rendering	safe	0.7921	approved	0				global known-rendering assignment; lexical score 0.64
2:20	57	me		31	ἐμοῦ		global-review-known-rendering	safe	0.7921	approved	0				global known-rendering assignment; lexical score 0.64
2:21	3	not		1	Οὐκ		global-review-known-rendering	safe	0.6286	approved	0				global known-rendering assignment; lexical score 0.48
2:21	5	the		3	τὴν		attached-word	safe	0.6967	approved	0				Article of 'grace'
2:21	6	grace		4	χάριν		global-review-known-rendering	safe	0.7967	approved	0				global known-rendering assignment; lexical score 0.65
2:21	8	God		6	Θεοῦ		global-review-known-rendering	safe	0.7935	approved	0				global known-rendering assignment; lexical score 0.64
2:21	14	righteousness		11	δικαιοσύνη		global-review-known-rendering	safe	0.7722	approved	0				global known-rendering assignment; lexical score 0.62
2:21	16	through		9	διὰ		global-review-known-rendering	safe	0.6056	approved	0				global known-rendering assignment; lexical score 0.46
2:21	17	the				expands	supplied-article	safe	0.7326	approved	0				article the original does not write; rests on 'law' → 'νόμου'
2:21	18	law		10	νόμου		global-review-known-rendering	safe	0.7326	approved	0				global known-rendering assignment; lexical score 0.58
2:21	20	Christ		13	Χριστὸς		global-review-known-rendering	safe	0.8	approved	0				global known-rendering assignment; lexical score 0.65
3:1	1	O		1	Ὦ		global-review-known-rendering	safe	0.8	approved	0				global known-rendering assignment; lexical score 0.65
3:1	5	what		4	τίς		global-review-known-rendering	safe	0.6819	approved	0				global known-rendering assignment; lexical score 0.53
3:1	13	whom		7	οἷς		global-review-known-rendering	safe	0.6937	approved	0				global known-rendering assignment; lexical score 0.54
3:1	19	Jesus		10	Ἰησοῦς		global-review-known-rendering	safe	0.797	approved	0				global known-rendering assignment; lexical score 0.65
3:1	20	Christ		11	Χριστὸς		global-review-known-rendering	safe	0.8	approved	0				global known-rendering assignment; lexical score 0.65
3:2	6	this		1	τοῦτο		global-review-known-rendering	safe	0.7776	approved	0				global known-rendering assignment; lexical score 0.63
3:2	10	the		10	τὸ		attached-word	safe	0.6964	approved	0				Article of 'Spirit'
3:2	11	Spirit		11	Πνεῦμα		global-review-known-rendering	safe	0.7964	approved	0				global known-rendering assignment; lexical score 0.65
3:2	16	the				expands	supplied-article	safe	0.7458	approved	0				article the original does not write; rests on 'works' → 'ἔργων'
3:2	17	works		8	ἔργων		global-review-known-rendering	safe	0.7458	approved	0				global known-rendering assignment; lexical score 0.60
3:2	19	the				expands	supplied-article	safe	0.7298	approved	0				article the original does not write; rests on 'law' → 'νόμου'
3:2	20	law		9	νόμου		global-review-known-rendering	safe	0.7298	approved	0				global known-rendering assignment; lexical score 0.58
3:2	26	faith		16	πίστεως		global-review-known-rendering	safe	0.7882	approved	0				global known-rendering assignment; lexical score 0.64
3:3	1	Are		3	ἐστε		global-review-known-rendering	safe	0.7844	approved	0				global known-rendering assignment; lexical score 0.63
3:3	3	so		1	οὕτως		global-review-known-rendering	safe	0.6682	approved	0				global known-rendering assignment; lexical score 0.52
3:3	10	the				expands	supplied-article	safe	0.7964	approved	0				article the original does not write; rests on 'Spirit' → 'Πνεύματι'
3:3	11	Spirit		5	Πνεύματι		global-review-known-rendering	safe	0.7964	approved	0				global known-rendering assignment; lexical score 0.65
3:3	19	the				expands	supplied-article	safe	0.7937	approved	0				article the original does not write; rests on 'flesh' → 'σαρκὶ'
3:3	20	flesh		7	σαρκὶ		global-review-known-rendering	safe	0.7937	approved	0				global known-rendering assignment; lexical score 0.64
3:5	5	the		5	τὸ		attached-word	safe	0.6964	approved	0				Article of 'Spirit'
3:5	6	Spirit		6	Πνεῦμα		global-review-known-rendering	safe	0.7964	approved	0				global known-rendering assignment; lexical score 0.65
3:5	12	among		10	ἐν		global-review-known-rendering	safe	0.6307	approved	0				global known-rendering assignment; lexical score 0.48
3:5	17	the				expands	supplied-article	safe	0.7458	approved	0				article the original does not write; rests on 'works' → 'ἔργων'
3:5	18	works		13	ἔργων		global-review-known-rendering	safe	0.7458	approved	0				global known-rendering assignment; lexical score 0.60
3:5	20	law		14	νόμου		global-review-known-rendering	safe	0.7298	approved	0				global known-rendering assignment; lexical score 0.58
3:5	26	faith		18	πίστεως		global-review-known-rendering	safe	0.7882	approved	0				global known-rendering assignment; lexical score 0.64
3:6	1	Even		6	καὶ		global-review-known-rendering	safe	0.717	approved	0				global known-rendering assignment; lexical score 0.57
3:6	3	Abraham		2	Ἀβραὰμ		global-review-known-rendering	safe	0.8	approved	0				global known-rendering assignment; lexical score 0.65
3:6	7	God		5	Θεῷ		global-review-known-rendering	safe	0.7935	approved	0				global known-rendering assignment; lexical score 0.64
3:6	16	righteousness		10	δικαιοσύνην		global-review-known-rendering	safe	0.7719	approved	0				global known-rendering assignment; lexical score 0.62
3:7	9	faith		6	πίστεως		global-review-known-rendering	safe	0.7882	approved	0				global known-rendering assignment; lexical score 0.64
3:7	12	are		9	εἰσιν		global-review-known-rendering	safe	0.7844	approved	0				global known-rendering assignment; lexical score 0.63
3:7	13	sons		8	υἱοί		global-review-known-rendering	safe	0.6984	approved	0				global known-rendering assignment; lexical score 0.55
3:7	15	Abraham		10	Ἀβραάμ		global-review-known-rendering	safe	0.8	approved	0				global known-rendering assignment; lexical score 0.65
3:8	10	God		12	Θεὸς		global-review-known-rendering	safe	0.7935	approved	0				global known-rendering assignment; lexical score 0.64
3:8	13	the		9	τὰ		attached-word	safe	0.671	approved	0				Article of 'Gentiles'
3:8	14	Gentiles		10	ἔθνη		global-review-known-rendering	safe	0.771	approved	0				global known-rendering assignment; lexical score 0.62
3:8	17	faith		7	πίστεως		global-review-known-rendering	safe	0.7882	approved	0				global known-rendering assignment; lexical score 0.64
3:8	24	Abraham		15	Ἀβραὰμ		global-review-known-rendering	safe	0.8	approved	0				global known-rendering assignment; lexical score 0.65
3:8	29	all		20	πάντα		global-review-known-rendering	safe	0.7295	approved	0				global known-rendering assignment; lexical score 0.58
3:8	30	the		21	τὰ		attached-word	safe	0.7	approved	0				Article of 'nations'
3:8	31	nations		22	ἔθνη		global-review-known-rendering	safe	0.8	approved	0				global known-rendering assignment; lexical score 0.65
3:9	7	faith		4	πίστεως		global-review-known-rendering	safe	0.7882	approved	0				global known-rendering assignment; lexical score 0.64
3:9	15	Abraham		9	Ἀβραάμ		global-review-known-rendering	safe	0.8	approved	0				global known-rendering assignment; lexical score 0.65
3:10	2	all		14	πᾶς		global-review-known-rendering	safe	0.7295	approved	0				global known-rendering assignment; lexical score 0.58
3:10	4	are		6	εἰσὶν		global-review-known-rendering	safe	0.7844	approved	0				global known-rendering assignment; lexical score 0.63
3:10	6	the				expands	supplied-article	safe	0.7458	approved	0				article the original does not write; rests on 'works' → 'ἔργων'
3:10	7	works		4	ἔργων		global-review-known-rendering	safe	0.7458	approved	0				global known-rendering assignment; lexical score 0.60
3:10	9	the				expands	supplied-article	safe	0.7298	approved	0				article the original does not write; rests on 'law' → 'νόμου'
3:10	10	law		5	νόμου		global-review-known-rendering	safe	0.7298	approved	0				global known-rendering assignment; lexical score 0.58
3:10	11	are		9	εἰσίν		global-review-known-rendering	safe	0.7844	approved	0				global known-rendering assignment; lexical score 0.63
3:10	12	under		7	ὑπὸ		global-review-known-rendering	safe	0.5909	approved	0				global known-rendering assignment; lexical score 0.44
3:10	15	because		12	ὅτι		global-review-known-rendering	safe	0.6779	approved	0				global known-rendering assignment; lexical score 0.53
3:10	29	not		16	οὐκ		global-review-known-rendering	safe	0.6285	approved	0				global known-rendering assignment; lexical score 0.48
3:10	33	all		18	πᾶσιν		global-review-known-rendering	safe	0.7295	approved	0				global known-rendering assignment; lexical score 0.58
3:10	40	the		22	τῷ		attached-word	safe	0.55	approved	0				Article of 'book'
3:10	41	book		23	βιβλίῳ		global-review-known-rendering	safe	0.65	approved	0				global known-rendering assignment; lexical score 0.50
3:10	43	the		24	τοῦ		attached-word	safe	0.6298	approved	0				Article of 'law'
3:10	44	law		25	νόμου		global-review-known-rendering	safe	0.7298	approved	0				global known-rendering assignment; lexical score 0.58
3:11	8	the				expands	supplied-article	safe	0.7298	approved	0				article the original does not write; rests on 'law' → 'νόμῳ'
3:11	9	law		4	νόμῳ		global-review-known-rendering	safe	0.7298	approved	0				global known-rendering assignment; lexical score 0.58
3:11	14	God		9	Θεῷ		global-review-known-rendering	safe	0.7935	approved	0				global known-rendering assignment; lexical score 0.64
3:11	17	because		11	ὅτι		global-review-known-rendering	safe	0.6779	approved	0				global known-rendering assignment; lexical score 0.53
3:11	22	living		16	ζήσεται		global-review-known-rendering	safe	0.7375	approved	0				global known-rendering assignment; lexical score 0.59
3:11	24	faith		15	πίστεως		global-review-known-rendering	safe	0.7882	approved	0				global known-rendering assignment; lexical score 0.64
3:12	2	the				expands	supplied-article	safe	0.7298	approved	0				article the original does not write; rests on 'law' → 'νόμος'
3:12	3	law		3	νόμος		global-review-known-rendering	safe	0.7298	approved	0				global known-rendering assignment; lexical score 0.58
3:12	5	not		4	οὐκ		global-review-known-rendering	safe	0.6285	approved	0				global known-rendering assignment; lexical score 0.48
3:12	7	faith		7	πίστεως		global-review-known-rendering	safe	0.7882	approved	0				global known-rendering assignment; lexical score 0.64
3:12	12	them		11	αὐτὰ		global-review-known-rendering	safe	0.7387	approved	0				global known-rendering assignment; lexical score 0.59
3:12	17	them		14	αὐτοῖς		global-review-known-rendering	safe	0.7387	approved	0				global known-rendering assignment; lexical score 0.59
3:13	1	Christ		1	Χριστὸς		global-review-known-rendering	safe	0.8	approved	0				global known-rendering assignment; lexical score 0.65
3:13	4	us		2	ἡμᾶς		global-review-known-rendering	safe	0.7978	approved	0				global known-rendering assignment; lexical score 0.65
3:13	10	the		7	τοῦ		attached-word	safe	0.6298	approved	0				Article of 'law'
3:13	11	law		8	νόμου		global-review-known-rendering	safe	0.7298	approved	0				global known-rendering assignment; lexical score 0.58
3:13	13	become		9	γενόμενος		global-review-known-rendering	safe	0.7833	approved	0				global known-rendering assignment; lexical score 0.63
3:13	17	us		11	ἡμῶν		global-review-known-rendering	safe	0.7978	approved	0				global known-rendering assignment; lexical score 0.65
3:13	18	because		13	ὅτι		global-review-known-rendering	safe	0.6779	approved	0				global known-rendering assignment; lexical score 0.53
3:13	28	everyone		16	πᾶς		global-review-known-rendering	safe	0.7016	approved	0				global known-rendering assignment; lexical score 0.55
3:13	35	hanging		18	κρεμάμενος		global-review-known-rendering	safe	0.65	approved	0				global known-rendering assignment; lexical score 0.50
3:14	4	the		3	τὰ		attached-word	safe	0.671	approved	0				Article of 'Gentiles'
3:14	5	Gentiles		4	ἔθνη		global-review-known-rendering	safe	0.771	approved	0				global known-rendering assignment; lexical score 0.62
3:14	8	the		5	ἡ		attached-word	safe	0.5875	approved	0				Article of 'blessing'
3:14	9	blessing		6	εὐλογία		global-review-known-rendering	safe	0.6875	approved	0				global known-rendering assignment; lexical score 0.54
3:14	11	Abraham		8	Ἀβραὰμ		global-review-known-rendering	safe	0.8	approved	0				global known-rendering assignment; lexical score 0.65
3:14	13	Christ		12	Χριστῷ		global-review-known-rendering	safe	0.8	approved	0				global known-rendering assignment; lexical score 0.65
3:14	14	Jesus		11	Ἰησοῦ		global-review-known-rendering	safe	0.797	approved	0				global known-rendering assignment; lexical score 0.65
3:14	19	through		19	διὰ		global-review-known-rendering	safe	0.6087	approved	0				global known-rendering assignment; lexical score 0.46
3:14	20	faith		21	πίστεως		global-review-known-rendering	safe	0.7882	approved	0				global known-rendering assignment; lexical score 0.64
3:14	23	the		16	τοῦ		attached-word	safe	0.6964	approved	0				Article of 'Spirit'
3:14	24	Spirit		17	Πνεύματος		global-review-known-rendering	safe	0.7964	approved	0				global known-rendering assignment; lexical score 0.65
3:15	1	Brothers		1	Ἀδελφοί		global-review-known-rendering	safe	0.8	approved	0				global known-rendering assignment; lexical score 0.65
3:15	3	men		3	ἄνθρωπον		global-review-known-rendering	safe	0.6235	approved	0				global known-rendering assignment; lexical score 0.47
3:15	5	say		4	λέγω		global-review-known-rendering	safe	0.7342	approved	0				global known-rendering assignment; lexical score 0.58
3:16	3	Abraham		3	Ἀβραὰμ		global-review-known-rendering	safe	0.8	approved	0				global known-rendering assignment; lexical score 0.65
3:16	10	his		10	αὐτοῦ		global-review-known-rendering	safe	0.7891	approved	0				global known-rendering assignment; lexical score 0.64
3:16	11	seed		9	σπέρματι		global-review-known-rendering	safe	0.6676	approved	0				global known-rendering assignment; lexical score 0.52
3:16	13	says		12	λέγει		global-review-known-rendering	safe	0.7469	approved	0				global known-rendering assignment; lexical score 0.60
3:16	14	not		11	οὐ		global-review-known-rendering	safe	0.6285	approved	0				global known-rendering assignment; lexical score 0.48
3:16	26	one		22	ἑνός		global-review-known-rendering	safe	0.6358	approved	0				global known-rendering assignment; lexical score 0.49
3:16	31	your		26	σου		global-review-known-rendering	safe	0.7903	approved	0				global known-rendering assignment; lexical score 0.64
3:16	32	seed		25	σπέρματί		global-review-known-rendering	safe	0.6676	approved	0				global known-rendering assignment; lexical score 0.52
3:16	35	Christ		29	Χριστός		global-review-known-rendering	safe	0.8	approved	0				global known-rendering assignment; lexical score 0.65
3:17	2	this		1	τοῦτο		global-review-known-rendering	safe	0.7776	approved	0				global known-rendering assignment; lexical score 0.63
3:17	4	say		3	λέγω		global-review-known-rendering	safe	0.7342	approved	0				global known-rendering assignment; lexical score 0.58
3:17	5	The				expands	supplied-article	safe	0.7298	approved	0				article the original does not write; rests on 'law' → 'νόμος'
3:17	6	law		16	νόμος		global-review-known-rendering	safe	0.7298	approved	0				global known-rendering assignment; lexical score 0.58
3:17	12	thirty		13	τριάκοντα		global-review-known-rendering	safe	0.8	approved	0				global known-rendering assignment; lexical score 0.65
3:17	13	years		14	ἔτη		global-review-known-rendering	safe	0.6941	approved	0				global known-rendering assignment; lexical score 0.54
3:17	16	not		17	οὐκ		global-review-known-rendering	safe	0.6285	approved	0				global known-rendering assignment; lexical score 0.48
3:17	26	God		8	Θεοῦ		global-review-known-rendering	safe	0.7935	approved	0				global known-rendering assignment; lexical score 0.64
3:18	7	the				expands	supplied-article	safe	0.7298	approved	0				article the original does not write; rests on 'law' → 'νόμου'
3:18	8	law		4	νόμου		global-review-known-rendering	safe	0.7298	approved	0				global known-rendering assignment; lexical score 0.58
3:18	20	God		17	Θεός		global-review-known-rendering	safe	0.7935	approved	0				global known-rendering assignment; lexical score 0.64
3:18	24	Abraham		12	Ἀβραὰμ		global-review-known-rendering	safe	0.8	approved	0				global known-rendering assignment; lexical score 0.65
3:19	1	What		1	Τί		global-review-known-rendering	safe	0.6819	approved	0				global known-rendering assignment; lexical score 0.53
3:19	4	the		3	ὁ		attached-word	safe	0.6298	approved	0				Article of 'law'
3:19	5	law		4	νόμος		global-review-known-rendering	safe	0.7298	approved	0				global known-rendering assignment; lexical score 0.58
3:19	18	the		12	τὸ		attached-word	safe	0.5676	approved	0				Article of 'seed'
3:19	19	seed		13	σπέρμα		global-review-known-rendering	safe	0.6676	approved	0				global known-rendering assignment; lexical score 0.52
3:19	21	whom		14	ᾧ		global-review-known-rendering	safe	0.6937	approved	0				global known-rendering assignment; lexical score 0.54
3:19	31	through		17	δι		global-review-known-rendering	safe	0.6087	approved	0				global known-rendering assignment; lexical score 0.46
3:19	32	angels		18	ἀγγέλων		global-review-known-rendering	safe	0.7889	approved	0				global known-rendering assignment; lexical score 0.64
3:19	34	the				expands	supplied-article	safe	0.5891	approved	0				article the original does not write; rests on 'hand' → 'χειρὶ'
3:19	35	hand		20	χειρὶ		global-review-known-rendering	safe	0.5891	approved	0				global known-rendering assignment; lexical score 0.44
3:20	5	not		5	οὐκ		global-review-known-rendering	safe	0.6285	approved	0				global known-rendering assignment; lexical score 0.48
3:20	9	one		4	ἑνὸς		global-review-known-rendering	safe	0.6358	approved	0				global known-rendering assignment; lexical score 0.49
3:20	11	God		9	Θεὸς		global-review-known-rendering	safe	0.7935	approved	0				global known-rendering assignment; lexical score 0.64
3:20	13	one		10	εἷς		global-review-known-rendering	safe	0.6358	approved	0				global known-rendering assignment; lexical score 0.49
3:21	2	the				expands	supplied-article	safe	0.7298	approved	0				article the original does not write; rests on 'law' → 'νόμος'
3:21	3	law		3	νόμος		global-review-known-rendering	safe	0.7298	approved	0				global known-rendering assignment; lexical score 0.58
3:21	9	God		8	Θεοῦ		global-review-known-rendering	safe	0.7935	approved	0				global known-rendering assignment; lexical score 0.64
3:21	18	a				expands	supplied-indefinite-article	safe	0.7298	approved	0				indefinite article; rests on 'law' → 'νόμος'
3:21	19	law		14	νόμος		global-review-known-rendering	safe	0.7298	approved	0				global known-rendering assignment; lexical score 0.58
3:21	22	able		16	δυνάμενος		global-review-known-rendering	safe	0.6432	approved	0				global known-rendering assignment; lexical score 0.49
3:21	24	give		13	ἐδόθη		global-review-known-rendering	safe	0.733	approved	0				global known-rendering assignment; lexical score 0.58
3:21	27	righteousness		24	δικαιοσύνη		global-review-known-rendering	safe	0.7719	approved	0				global known-rendering assignment; lexical score 0.62
3:21	32	the				expands	supplied-article	safe	0.7298	approved	0				article the original does not write; rests on 'law' → 'νόμου'
3:21	33	law		20	νόμου		global-review-known-rendering	safe	0.7298	approved	0				global known-rendering assignment; lexical score 0.58
3:22	7	all		6	πάντα		global-review-known-rendering	safe	0.7295	approved	0				global known-rendering assignment; lexical score 0.58
3:22	9	under		7	ὑπὸ		global-review-known-rendering	safe	0.5909	approved	0				global known-rendering assignment; lexical score 0.44
3:22	10	sin		8	ἁμαρτίαν		global-review-known-rendering	safe	0.7264	approved	0				global known-rendering assignment; lexical score 0.58
3:22	22	faith		13	πίστεως		global-review-known-rendering	safe	0.7882	approved	0				global known-rendering assignment; lexical score 0.64
3:22	24	Jesus		14	Ἰησοῦ		global-review-known-rendering	safe	0.797	approved	0				global known-rendering assignment; lexical score 0.65
3:22	25	Christ		15	Χριστοῦ		global-review-known-rendering	safe	0.8	approved	0				global known-rendering assignment; lexical score 0.65
3:22	28	given		16	δοθῇ		global-review-known-rendering	safe	0.7421	approved	0				global known-rendering assignment; lexical score 0.59
3:23	3	faith		6	πίστιν		global-review-known-rendering	safe	0.7882	approved	0				global known-rendering assignment; lexical score 0.64
3:23	10	under		7	ὑπὸ		global-review-known-rendering	safe	0.5909	approved	0				global known-rendering assignment; lexical score 0.44
3:23	11	the				expands	supplied-article	safe	0.7298	approved	0				article the original does not write; rests on 'law' → 'νόμον'
3:23	12	law		8	νόμον		global-review-known-rendering	safe	0.7298	approved	0				global known-rendering assignment; lexical score 0.58
3:23	18	the				expands	supplied-article	safe	0.7882	approved	0				article the original does not write; rests on 'faith' → 'πίστιν'
3:23	19	faith		14	πίστιν		global-review-known-rendering	safe	0.7882	approved	0				global known-rendering assignment; lexical score 0.64
3:23	23	come		4	ἐλθεῖν		global-review-known-rendering	safe	0.6101	approved	0				global known-rendering assignment; lexical score 0.46
3:24	2	the		2	ὁ		attached-word	safe	0.6298	approved	0				Article of 'law'
3:24	3	law		3	νόμος		global-review-known-rendering	safe	0.7298	approved	0				global known-rendering assignment; lexical score 0.58
3:24	10	us		5	ἡμῶν		global-review-known-rendering	safe	0.7978	approved	0				global known-rendering assignment; lexical score 0.65
3:24	12	Christ		8	Χριστόν		global-review-known-rendering	safe	0.8	approved	0				global known-rendering assignment; lexical score 0.65
3:24	20	faith		11	πίστεως		global-review-known-rendering	safe	0.7882	approved	0				global known-rendering assignment; lexical score 0.64
3:25	4	faith		4	πίστεως		global-review-known-rendering	safe	0.7882	approved	0				global known-rendering assignment; lexical score 0.64
3:25	6	come		1	ἐλθούσης		global-review-known-rendering	safe	0.6101	approved	0				global known-rendering assignment; lexical score 0.46
3:25	8	are		8	ἐσμεν		global-review-known-rendering	safe	0.7844	approved	0				global known-rendering assignment; lexical score 0.63
3:25	11	under		6	ὑπὸ		global-review-known-rendering	safe	0.5909	approved	0				global known-rendering assignment; lexical score 0.44
3:26	3	are		5	ἐστε		global-review-known-rendering	safe	0.7844	approved	0				global known-rendering assignment; lexical score 0.63
3:26	4	all		1	Πάντες		global-review-known-rendering	safe	0.7295	approved	0				global known-rendering assignment; lexical score 0.58
3:26	5	sons		3	υἱοὶ		global-review-known-rendering	safe	0.6984	approved	0				global known-rendering assignment; lexical score 0.55
3:26	7	God		4	Θεοῦ		global-review-known-rendering	safe	0.7935	approved	0				global known-rendering assignment; lexical score 0.64
3:26	8	through		6	διὰ		global-review-known-rendering	safe	0.6087	approved	0				global known-rendering assignment; lexical score 0.46
3:26	9	faith		8	πίστεως		global-review-known-rendering	safe	0.7882	approved	0				global known-rendering assignment; lexical score 0.64
3:26	11	Christ		10	Χριστῷ		global-review-known-rendering	safe	0.8	approved	0				global known-rendering assignment; lexical score 0.65
3:26	12	Jesus		11	Ἰησοῦ		global-review-known-rendering	safe	0.797	approved	0				global known-rendering assignment; lexical score 0.65
3:27	10	into		3	εἰς		global-review-known-rendering	safe	0.7714	approved	0				global known-rendering assignment; lexical score 0.62
3:27	11	Christ		4	Χριστὸν		global-review-known-rendering	safe	0.8	approved	0				global known-rendering assignment; lexical score 0.65
3:27	15	Christ		6	Χριστὸν		global-review-known-rendering	safe	0.8	approved	0				global known-rendering assignment; lexical score 0.65
3:28	3	no		1	οὐκ		global-review-known-rendering	safe	0.6039	approved	0				global known-rendering assignment; lexical score 0.45
3:28	4	Jew		3	Ἰουδαῖος		global-review-known-rendering	safe	0.8	approved	0				global known-rendering assignment; lexical score 0.65
3:28	6	Greek		5	Ἕλλην		global-review-known-rendering	safe	0.62	approved	0				global known-rendering assignment; lexical score 0.47
3:28	7	servant		8	δοῦλος		global-review-known-rendering	safe	0.7078	approved	0				global known-rendering assignment; lexical score 0.56
3:28	9	free		10	ἐλεύθερος		global-review-known-rendering	safe	0.6442	approved	0				global known-rendering assignment; lexical score 0.49
3:28	15	are		20	ἐστε		global-review-known-rendering	safe	0.7844	approved	0				global known-rendering assignment; lexical score 0.63
3:28	16	all		16	πάντες		global-review-known-rendering	safe	0.7295	approved	0				global known-rendering assignment; lexical score 0.58
3:28	17	one		19	εἷς		global-review-known-rendering	safe	0.6358	approved	0				global known-rendering assignment; lexical score 0.49
3:28	19	Jesus		23	Ἰησοῦ		global-review-known-rendering	safe	0.797	approved	0				global known-rendering assignment; lexical score 0.65
3:28	20	Christ		22	Χριστῷ		global-review-known-rendering	safe	0.8	approved	0				global known-rendering assignment; lexical score 0.65
3:29	5	Christ's		4	Χριστοῦ		global-review-known-rendering	safe	0.8	approved	0				global known-rendering assignment; lexical score 0.65
3:29	8	are		9	ἐστέ		global-review-known-rendering	safe	0.7844	approved	0				global known-rendering assignment; lexical score 0.63
3:29	9	Abraham's		7	Ἀβραὰμ		global-review-known-rendering	safe	0.8	approved	0				global known-rendering assignment; lexical score 0.65
3:29	10	seed		8	σπέρμα		global-review-known-rendering	safe	0.6676	approved	0				global known-rendering assignment; lexical score 0.52
3:29	12	yours		3	ὑμεῖς		global-review-known-rendering	safe	0.6714	approved	0				global known-rendering assignment; lexical score 0.52
4:1	3	say		1	Λέγω		global-review-known-rendering	safe	0.7342	approved	0				global known-rendering assignment; lexical score 0.58
4:1	20	a				expands	supplied-indefinite-article	safe	0.7056	approved	0				indefinite article; rests on 'servant' → 'δούλου'
4:1	21	servant		12	δούλου		global-review-known-rendering	safe	0.7056	approved	0				global known-rendering assignment; lexical score 0.56
4:1	25	lord		13	κύριος		global-review-known-rendering	safe	0.7953	approved	0				global known-rendering assignment; lexical score 0.65
4:1	27	all		14	πάντων		global-review-known-rendering	safe	0.7313	approved	0				global known-rendering assignment; lexical score 0.58
4:2	3	under		2	ὑπὸ		global-review-known-rendering	safe	0.5888	approved	0				global known-rendering assignment; lexical score 0.44
4:2	6	managers		6	οἰκονόμους		global-review-known-rendering	safe	0.55	approved	0				global known-rendering assignment; lexical score 0.40
4:2	12	the		10	τοῦ		attached-word	safe	0.6987	approved	0				Article of 'father'
4:2	13	father		11	πατρός		global-review-known-rendering	safe	0.7987	approved	0				global known-rendering assignment; lexical score 0.65
4:3	1	So		1	οὕτως		global-review-known-rendering	safe	0.6676	approved	0				global known-rendering assignment; lexical score 0.52
4:3	9	under		7	ὑπὸ		global-review-known-rendering	safe	0.5888	approved	0				global known-rendering assignment; lexical score 0.44
4:3	14	the		10	τοῦ		attached-word	safe	0.6092	approved	0				Article of 'world'
4:3	15	world		11	κόσμου		global-review-known-rendering	safe	0.7092	approved	0				global known-rendering assignment; lexical score 0.56
4:4	6	come		3	ἦλθεν		global-review-known-rendering	safe	0.6099	approved	0				global known-rendering assignment; lexical score 0.46
4:4	7	God		10	Θεὸς		global-review-known-rendering	safe	0.7935	approved	0				global known-rendering assignment; lexical score 0.64
4:4	10	his		13	αὐτοῦ		global-review-known-rendering	safe	0.7891	approved	0				global known-rendering assignment; lexical score 0.64
4:4	11	Son		12	Υἱὸν		global-review-known-rendering	safe	0.7724	approved	0				global known-rendering assignment; lexical score 0.62
4:4	14	a				expands	supplied-indefinite-article	safe	0.7644	approved	0				indefinite article; rests on 'woman' → 'γυναικός'
4:4	15	woman		16	γυναικός		global-review-known-rendering	safe	0.7644	approved	0				global known-rendering assignment; lexical score 0.61
4:4	17	under		18	ὑπὸ		global-review-known-rendering	safe	0.5888	approved	0				global known-rendering assignment; lexical score 0.44
4:4	18	the				expands	supplied-article	safe	0.7332	approved	0				article the original does not write; rests on 'law' → 'νόμον'
4:4	19	law		19	νόμον		global-review-known-rendering	safe	0.7332	approved	0				global known-rendering assignment; lexical score 0.58
4:5	9	under		3	ὑπὸ		global-review-known-rendering	safe	0.5888	approved	0				global known-rendering assignment; lexical score 0.44
4:5	11	law		4	νόμον		global-review-known-rendering	safe	0.7332	approved	0				global known-rendering assignment; lexical score 0.58
4:6	2	because		1	Ὅτι		global-review-known-rendering	safe	0.6762	approved	0				global known-rendering assignment; lexical score 0.53
4:6	4	are		3	ἐστε		global-review-known-rendering	safe	0.7845	approved	0				global known-rendering assignment; lexical score 0.63
4:6	5	sons		4	υἱοί		global-review-known-rendering	safe	0.7036	approved	0				global known-rendering assignment; lexical score 0.55
4:6	6	God		7	Θεὸς		global-review-known-rendering	safe	0.7935	approved	0				global known-rendering assignment; lexical score 0.64
4:6	10	the		8	τὸ		attached-word	safe	0.6964	approved	0				Article of 'Spirit'
4:6	11	Spirit		9	Πνεῦμα		global-review-known-rendering	safe	0.7964	approved	0				global known-rendering assignment; lexical score 0.65
4:6	13	his		12	αὐτοῦ		global-review-known-rendering	safe	0.7891	approved	0				global known-rendering assignment; lexical score 0.64
4:6	14	Son		11	Υἱοῦ		global-review-known-rendering	safe	0.7724	approved	0				global known-rendering assignment; lexical score 0.62
4:6	15	into		13	εἰς		global-review-known-rendering	safe	0.7714	approved	0				global known-rendering assignment; lexical score 0.62
4:6	16	our		16	ἡμῶν		global-review-known-rendering	safe	0.7925	approved	0				global known-rendering assignment; lexical score 0.64
4:6	17	hearts		15	καρδίας		global-review-known-rendering	safe	0.7557	approved	0				global known-rendering assignment; lexical score 0.61
4:6	20	Father		20	Πατήρ		global-review-known-rendering	safe	0.7987	approved	0				global known-rendering assignment; lexical score 0.65
4:7	4	are		3	εἶ		global-review-known-rendering	safe	0.7845	approved	0				global known-rendering assignment; lexical score 0.63
4:7	7	a				expands	supplied-indefinite-article	safe	0.7056	approved	0				indefinite article; rests on 'servant' → 'δοῦλος'
4:7	8	servant		4	δοῦλος		global-review-known-rendering	safe	0.7056	approved	0				global known-rendering assignment; lexical score 0.56
4:7	10	a				expands	supplied-indefinite-article	safe	0.7724	approved	0				indefinite article; rests on 'son' → 'υἱός'
4:7	11	son		6	υἱός		global-review-known-rendering	safe	0.7724	approved	0				global known-rendering assignment; lexical score 0.62
4:7	14	a				expands	supplied-indefinite-article	safe	0.7724	approved	0				indefinite article; rests on 'son' → 'υἱός'
4:7	15	son		9	υἱός		global-review-known-rendering	safe	0.7724	approved	0				global known-rendering assignment; lexical score 0.62
4:7	20	God		13	Θεοῦ		global-review-known-rendering	safe	0.7935	approved	0				global known-rendering assignment; lexical score 0.64
4:8	6	no		4	οὐκ		global-review-known-rendering	safe	0.6049	approved	0				global known-rendering assignment; lexical score 0.45
4:8	9	God		6	Θεὸν		global-review-known-rendering	safe	0.7935	approved	0				global known-rendering assignment; lexical score 0.64
4:8	18	are		11	οὖσιν		global-review-known-rendering	safe	0.7845	approved	0				global known-rendering assignment; lexical score 0.63
4:8	20	gods		12	θεοῖς		global-review-known-rendering	safe	0.7437	approved	0				global known-rendering assignment; lexical score 0.59
4:9	11	God		4	Θεόν		global-review-known-rendering	safe	0.7935	approved	0				global known-rendering assignment; lexical score 0.64
4:9	15	God		9	Θεοῦ		global-review-known-rendering	safe	0.7935	approved	0				global known-rendering assignment; lexical score 0.64
4:9	20	how		10	πῶς		global-review-known-rendering	safe	0.6564	approved	0				global known-rendering assignment; lexical score 0.51
4:9	27	again		12	πάλιν		global-review-known-rendering	safe	0.5725	approved	0				global known-rendering assignment; lexical score 0.42
4:9	29	the				expands	supplied-article	safe	0.7591	approved	0				article the original does not write; rests on 'poor' → 'πτωχὰ'
4:9	30	poor		17	πτωχὰ		global-review-known-rendering	safe	0.7591	approved	0				global known-rendering assignment; lexical score 0.61
4:9	41	again		20	πάλιν		global-review-known-rendering	safe	0.5725	approved	0				global known-rendering assignment; lexical score 0.42
4:10	3	days		1	ἡμέρας		global-review-known-rendering	safe	0.775	approved	0				global known-rendering assignment; lexical score 0.62
4:10	5	months		4	μῆνας		global-review-known-rendering	safe	0.74	approved	0				global known-rendering assignment; lexical score 0.59
4:12	5	brothers		8	ἀδελφοί		global-review-known-rendering	safe	0.8	approved	0				global known-rendering assignment; lexical score 0.65
4:12	12	I		3	ἐγώ		global-review-known-rendering	safe	0.7474	approved	0				global known-rendering assignment; lexical score 0.60
4:12	14	because		4	ὅτι		global-review-known-rendering	safe	0.6762	approved	0				global known-rendering assignment; lexical score 0.53
4:12	23	me		12	με		global-review-known-rendering	safe	0.7921	approved	0				global known-rendering assignment; lexical score 0.64
4:12	25	wrong		13	ἠδικήσατε		global-review-known-rendering	safe	0.6412	approved	0				global known-rendering assignment; lexical score 0.49
4:14	4	not		9	οὐκ		global-review-known-rendering	safe	0.6285	approved	0				global known-rendering assignment; lexical score 0.48
4:14	10	me		8	μου		global-review-known-rendering	safe	0.7921	approved	0				global known-rendering assignment; lexical score 0.64
4:14	17	flesh		7	σαρκί		global-review-known-rendering	safe	0.7936	approved	0				global known-rendering assignment; lexical score 0.64
4:14	26	me		18	με		global-review-known-rendering	safe	0.7921	approved	0				global known-rendering assignment; lexical score 0.64
4:14	28	your		4	ὑμῶν		global-review-known-rendering	safe	0.7903	approved	0				global known-rendering assignment; lexical score 0.64
4:14	31	an				expands	supplied-indefinite-article	safe	0.8	approved	0				indefinite article; rests on 'angel' → 'ἄγγελον'
4:14	32	angel		15	ἄγγελον		global-review-known-rendering	safe	0.8	approved	0				global known-rendering assignment; lexical score 0.65
4:14	34	God		16	Θεοῦ		global-review-known-rendering	safe	0.7935	approved	0				global known-rendering assignment; lexical score 0.64
4:14	35	even		1	καὶ		global-review-known-rendering	safe	0.7158	approved	0				global known-rendering assignment; lexical score 0.57
4:14	37	Christ		20	Χριστὸν		global-review-known-rendering	safe	0.8	approved	0				global known-rendering assignment; lexical score 0.65
4:14	38	Jesus		21	Ἰησοῦν		global-review-known-rendering	safe	0.797	approved	0				global known-rendering assignment; lexical score 0.65
4:15	9	because		9	ὅτι		global-review-known-rendering	safe	0.6762	approved	0				global known-rendering assignment; lexical score 0.53
4:15	16	possible		11	δυνατὸν		global-review-known-rendering	safe	0.7357	approved	0				global known-rendering assignment; lexical score 0.59
4:15	22	your		14	ὑμῶν		global-review-known-rendering	safe	0.7903	approved	0				global known-rendering assignment; lexical score 0.64
4:15	23	eyes		13	ὀφθαλμοὺς		global-review-known-rendering	safe	0.7664	approved	0				global known-rendering assignment; lexical score 0.62
4:15	25	given		16	ἐδώκατέ		global-review-known-rendering	safe	0.7426	approved	0				global known-rendering assignment; lexical score 0.59
4:15	28	me		17	μοι		global-review-known-rendering	safe	0.7921	approved	0				global known-rendering assignment; lexical score 0.64
4:16	7	your		3	ὑμῶν		global-review-known-rendering	safe	0.7903	approved	0				global known-rendering assignment; lexical score 0.64
4:17	6	not		3	οὐ		global-review-known-rendering	safe	0.6285	approved	0				global known-rendering assignment; lexical score 0.48
4:17	24	them		10	αὐτοὺς		global-review-known-rendering	safe	0.7391	approved	0				global known-rendering assignment; lexical score 0.59
4:18	18	only		9	μόνον		global-review-known-rendering	safe	0.6768	approved	0				global known-rendering assignment; lexical score 0.53
4:19	1	My		2	μου		global-review-known-rendering	safe	0.7664	approved	0				global known-rendering assignment; lexical score 0.62
4:19	4	whom		3	οὓς		global-review-known-rendering	safe	0.6934	approved	0				global known-rendering assignment; lexical score 0.54
4:19	7	again		4	πάλιν		global-review-known-rendering	safe	0.5725	approved	0				global known-rendering assignment; lexical score 0.42
4:19	11	Christ		9	Χριστὸς		global-review-known-rendering	safe	0.8	approved	0				global known-rendering assignment; lexical score 0.65
4:20	2	my		11	μου		global-review-known-rendering	safe	0.7664	approved	0				global known-rendering assignment; lexical score 0.62
4:20	12	a				expands	supplied-indefinite-article	safe	0.7847	approved	0				indefinite article; rests on 'voice' → 'φωνήν'
4:20	13	changed		8	ἀλλάξαι		global-review-known-rendering	safe	0.6071	approved	0				global known-rendering assignment; lexical score 0.46
4:20	14	voice		10	φωνήν		global-review-known-rendering	safe	0.7847	approved	0				global known-rendering assignment; lexical score 0.63
4:21	1	Say		1	Λέγετέ		global-review-known-rendering	safe	0.7342	approved	0				global known-rendering assignment; lexical score 0.58
4:21	9	under		4	ὑπὸ		global-review-known-rendering	safe	0.5888	approved	0				global known-rendering assignment; lexical score 0.44
4:21	11	law		5	νόμον		global-review-known-rendering	safe	0.7332	approved	0				global known-rendering assignment; lexical score 0.58
4:21	14	not		10	οὐκ		global-review-known-rendering	safe	0.6285	approved	0				global known-rendering assignment; lexical score 0.48
4:21	18	the		8	τὸν		attached-word	safe	0.6332	approved	0				Article of 'law'
4:21	19	law		9	νόμον		global-review-known-rendering	safe	0.7332	approved	0				global known-rendering assignment; lexical score 0.58
4:22	1	Because		3	ὅτι		global-review-known-rendering	safe	0.6762	approved	0				global known-rendering assignment; lexical score 0.53
4:22	8	Abraham		4	Ἀβραὰμ		global-review-known-rendering	safe	0.8	approved	0				global known-rendering assignment; lexical score 0.65
4:22	9	had		7	ἔσχεν		global-review-known-rendering	safe	0.6971	approved	0				global known-rendering assignment; lexical score 0.55
4:22	10	two		5	δύο		global-review-known-rendering	safe	0.7887	approved	0				global known-rendering assignment; lexical score 0.64
4:22	11	sons		6	υἱοὺς		global-review-known-rendering	safe	0.7036	approved	0				global known-rendering assignment; lexical score 0.55
4:22	12	one		8	ἕνα		global-review-known-rendering	safe	0.6359	approved	0				global known-rendering assignment; lexical score 0.49
4:22	17	one		13	ἕνα		global-review-known-rendering	safe	0.6359	approved	0				global known-rendering assignment; lexical score 0.49
4:22	20	free		16	ἐλευθέρας		global-review-known-rendering	safe	0.638	approved	0				global known-rendering assignment; lexical score 0.49
4:23	11	the				expands	supplied-article	safe	0.7936	approved	0				article the original does not write; rests on 'flesh' → 'σάρκα'
4:23	12	flesh		8	σάρκα		global-review-known-rendering	safe	0.7936	approved	0				global known-rendering assignment; lexical score 0.64
4:23	18	free		14	ἐλευθέρας		global-review-known-rendering	safe	0.638	approved	0				global known-rendering assignment; lexical score 0.49
4:23	23	through		15	διὰ		global-review-known-rendering	safe	0.6043	approved	0				global known-rendering assignment; lexical score 0.45
4:24	8	these		4	αὗται		global-review-known-rendering	safe	0.7895	approved	0				global known-rendering assignment; lexical score 0.64
4:24	10	are		6	εἰσιν		global-review-known-rendering	safe	0.7845	approved	0				global known-rendering assignment; lexical score 0.63
4:24	11	the				expands	supplied-article	safe	0.7887	approved	0				article the original does not write; rests on 'two' → 'δύο'
4:24	12	two		7	δύο		global-review-known-rendering	safe	0.7887	approved	0				global known-rendering assignment; lexical score 0.64
4:24	14	one		9	μία		global-review-known-rendering	safe	0.6359	approved	0				global known-rendering assignment; lexical score 0.49
4:24	16	the				expands	supplied-article	safe	0.8	approved	0				article the original does not write; rests on 'mountain' → 'ὄρους'
4:24	17	mountain		12	ὄρους		global-review-known-rendering	safe	0.8	approved	0				global known-rendering assignment; lexical score 0.65
4:25	5	the				expands	supplied-article	safe	0.8	approved	0				article the original does not write; rests on 'mountain' → 'ὄρος'
4:25	6	mountain		5	ὄρος		global-review-known-rendering	safe	0.8	approved	0				global known-rendering assignment; lexical score 0.65
4:25	25	her		20	αὐτῆς		global-review-known-rendering	safe	0.7897	approved	0				global known-rendering assignment; lexical score 0.64
4:26	7	free		5	ἐλευθέρα		global-review-known-rendering	safe	0.638	approved	0				global known-rendering assignment; lexical score 0.49
4:26	10	our		10	ἡμῶν		global-review-known-rendering	safe	0.7925	approved	0				global known-rendering assignment; lexical score 0.64
4:26	11	mother		9	μήτηρ		global-review-known-rendering	safe	0.7708	approved	0				global known-rendering assignment; lexical score 0.62
4:27	22	had		23	ἐχούσης		global-review-known-rendering	safe	0.6971	approved	0				global known-rendering assignment; lexical score 0.55
4:27	23	no		12	οὐκ		global-review-known-rendering	safe	0.6049	approved	0				global known-rendering assignment; lexical score 0.45
4:27	40	than		21	ἢ		global-review-known-rendering	safe	0.6169	approved	0				global known-rendering assignment; lexical score 0.47
4:27	47	a				expands	supplied-indefinite-article	safe	0.7885	approved	0				indefinite article; rests on 'husband' → 'ἄνδρα'
4:27	48	husband		25	ἄνδρα		global-review-known-rendering	safe	0.7885	approved	0				global known-rendering assignment; lexical score 0.64
4:28	3	brothers		3	ἀδελφοί		global-review-known-rendering	safe	0.8	approved	0				global known-rendering assignment; lexical score 0.65
4:28	5	Isaac		5	Ἰσαὰκ		global-review-known-rendering	safe	0.8	approved	0				global known-rendering assignment; lexical score 0.65
4:28	7	are		8	ἐστέ		global-review-known-rendering	safe	0.7845	approved	0				global known-rendering assignment; lexical score 0.63
4:29	12	flesh		6	σάρκα		global-review-known-rendering	safe	0.7936	approved	0				global known-rendering assignment; lexical score 0.64
4:29	22	Spirit		11	Πνεῦμα		global-review-known-rendering	safe	0.7964	approved	0				global known-rendering assignment; lexical score 0.65
4:29	23	even		13	καὶ		global-review-known-rendering	safe	0.7158	approved	0				global known-rendering assignment; lexical score 0.57
4:29	24	so		12	οὕτως		global-review-known-rendering	safe	0.6676	approved	0				global known-rendering assignment; lexical score 0.52
4:30	1	What		2	τί		global-review-known-rendering	safe	0.6815	approved	0				global known-rendering assignment; lexical score 0.53
4:30	6	say		3	λέγει		global-review-known-rendering	safe	0.7342	approved	0				global known-rendering assignment; lexical score 0.58
4:30	12	her		12	αὐτῆς		global-review-known-rendering	safe	0.7897	approved	0				global known-rendering assignment; lexical score 0.64
4:30	13	son		11	υἱὸν		global-review-known-rendering	safe	0.7724	approved	0				global known-rendering assignment; lexical score 0.62
4:30	15	the		17	ὁ		attached-word	safe	0.6724	approved	0				Article of 'son'
4:30	16	son		18	υἱὸς		global-review-known-rendering	safe	0.7724	approved	0				global known-rendering assignment; lexical score 0.62
4:30	21	not		13	οὐ		global-review-known-rendering	safe	0.6285	approved	0				global known-rendering assignment; lexical score 0.48
4:30	29	the		22	τοῦ		attached-word	safe	0.6724	approved	0				Article of 'son'
4:30	30	son		23	υἱοῦ		global-review-known-rendering	safe	0.7724	approved	0				global known-rendering assignment; lexical score 0.62
4:30	32	the		24	τῆς		attached-word	safe	0.538	approved	0				Article of 'free'
4:30	33	free		25	ἐλευθέρας		global-review-known-rendering	safe	0.638	approved	0				global known-rendering assignment; lexical score 0.49
4:31	2	brothers		2	ἀδελφοί		global-review-known-rendering	safe	0.8	approved	0				global known-rendering assignment; lexical score 0.65
4:31	4	are		4	ἐσμὲν		global-review-known-rendering	safe	0.7845	approved	0				global known-rendering assignment; lexical score 0.63
4:31	5	not		3	οὐκ		global-review-known-rendering	safe	0.6285	approved	0				global known-rendering assignment; lexical score 0.48
4:31	13	free		9	ἐλευθέρας		global-review-known-rendering	safe	0.638	approved	0				global known-rendering assignment; lexical score 0.49
5:1	1	Christ		4	Χριστὸς		global-review-known-rendering	safe	0.8	approved	0				global known-rendering assignment; lexical score 0.65
5:1	5	us		3	ἡμᾶς		global-review-known-rendering	safe	0.7978	approved	0				global known-rendering assignment; lexical score 0.65
5:1	17	a				expands	supplied-indefinite-article	safe	0.71	approved	0				indefinite article; rests on 'yoke' → 'ζυγῷ'
5:1	18	yoke		11	ζυγῷ		global-review-known-rendering	safe	0.71	approved	0				global known-rendering assignment; lexical score 0.56
5:1	21	again		10	πάλιν		global-review-known-rendering	safe	0.5733	approved	0				global known-rendering assignment; lexical score 0.42
5:2	1	See		1	Ἴδε		global-review-known-rendering	safe	0.6298	approved	0				global known-rendering assignment; lexical score 0.48
5:2	2	I		2	ἐγὼ		global-review-known-rendering	safe	0.7467	approved	0				global known-rendering assignment; lexical score 0.60
5:2	3	Paul		3	Παῦλος		global-review-known-rendering	safe	0.8	approved	0				global known-rendering assignment; lexical score 0.65
5:2	4	say		4	λέγω		global-review-known-rendering	safe	0.734	approved	0				global known-rendering assignment; lexical score 0.58
5:2	12	Christ		9	Χριστὸς		global-review-known-rendering	safe	0.8	approved	0				global known-rendering assignment; lexical score 0.65
5:3	5	again		3	πάλιν		global-review-known-rendering	safe	0.5733	approved	0				global known-rendering assignment; lexical score 0.42
5:3	18	all		4	παντὶ		global-review-known-rendering	safe	0.7297	approved	0				global known-rendering assignment; lexical score 0.58
5:3	19	the		11	τὸν		attached-word	safe	0.6329	approved	0				Article of 'law'
5:3	20	law		12	νόμον		global-review-known-rendering	safe	0.7329	approved	0				global known-rendering assignment; lexical score 0.58
5:4	6	Christ		3	Χριστοῦ		global-review-known-rendering	safe	0.8	approved	0				global known-rendering assignment; lexical score 0.65
5:4	13	the				expands	supplied-article	safe	0.7329	approved	0				article the original does not write; rests on 'law' → 'νόμῳ'
5:4	14	law		6	νόμῳ		global-review-known-rendering	safe	0.7329	approved	0				global known-rendering assignment; lexical score 0.58
5:4	20	grace		9	χάριτος		global-review-known-rendering	safe	0.7967	approved	0				global known-rendering assignment; lexical score 0.65
5:5	2	we		1	ἡμεῖς		global-review-known-rendering	safe	0.7826	approved	0				global known-rendering assignment; lexical score 0.63
5:5	4	the				expands	supplied-article	safe	0.7963	approved	0				article the original does not write; rests on 'Spirit' → 'Πνεύματι'
5:5	5	Spirit		3	Πνεύματι		global-review-known-rendering	safe	0.7963	approved	0				global known-rendering assignment; lexical score 0.65
5:5	7	faith		5	πίστεως		global-review-known-rendering	safe	0.7887	approved	0				global known-rendering assignment; lexical score 0.64
5:5	11	the				expands	supplied-article	safe	0.7619	approved	0				article the original does not write; rests on 'hope' → 'ἐλπίδα'
5:5	12	hope		6	ἐλπίδα		global-review-known-rendering	safe	0.7619	approved	0				global known-rendering assignment; lexical score 0.61
5:5	14	righteousness		7	δικαιοσύνης		global-review-known-rendering	safe	0.7722	approved	0				global known-rendering assignment; lexical score 0.62
5:6	3	Christ		3	Χριστῷ		global-review-known-rendering	safe	0.8	approved	0				global known-rendering assignment; lexical score 0.65
5:6	4	Jesus		4	Ἰησοῦ		global-review-known-rendering	safe	0.797	approved	0				global known-rendering assignment; lexical score 0.65
5:6	6	circumcision		6	περιτομή		global-review-known-rendering	safe	0.8	approved	0				global known-rendering assignment; lexical score 0.65
5:6	18	faith		12	πίστις		global-review-known-rendering	safe	0.7887	approved	0				global known-rendering assignment; lexical score 0.64
5:6	20	through		13	δι		global-review-known-rendering	safe	0.6083	approved	0				global known-rendering assignment; lexical score 0.46
5:7	5	well		2	καλῶς		global-review-known-rendering	safe	0.6372	approved	0				global known-rendering assignment; lexical score 0.49
5:7	16	what		3	τίς		global-review-known-rendering	safe	0.6819	approved	0				global known-rendering assignment; lexical score 0.53
5:8	5	not		3	οὐκ		global-review-known-rendering	safe	0.6293	approved	0				global known-rendering assignment; lexical score 0.48
5:9	3	leaven		2	ζύμη		global-review-known-rendering	safe	0.8	approved	0				global known-rendering assignment; lexical score 0.65
5:10	1	I		1	ἐγὼ		global-review-known-rendering	safe	0.7467	approved	0				global known-rendering assignment; lexical score 0.60
5:10	2	am		20	ᾖ		global-review-known-rendering	safe	0.7904	approved	0				global known-rendering assignment; lexical score 0.64
5:10	7	the				expands	supplied-article	safe	0.7953	approved	0				article the original does not write; rests on 'Lord' → 'Κυρίῳ'
5:10	8	Lord		6	Κυρίῳ		global-review-known-rendering	safe	0.7953	approved	0				global known-rendering assignment; lexical score 0.65
5:11	2	I		1	Ἐγὼ		global-review-known-rendering	safe	0.7467	approved	0				global known-rendering assignment; lexical score 0.60
5:11	3	brothers		3	ἀδελφοί		global-review-known-rendering	safe	0.8	approved	0				global known-rendering assignment; lexical score 0.65
5:11	9	circumcision		5	περιτομὴν		global-review-known-rendering	safe	0.8	approved	0				global known-rendering assignment; lexical score 0.65
5:11	10	why		8	τί		global-review-known-rendering	safe	0.7683	approved	0				global known-rendering assignment; lexical score 0.62
5:11	20	the		15	τοῦ		attached-word	safe	0.7	approved	0				Article of 'cross'
5:11	21	cross		16	σταυροῦ		global-review-known-rendering	safe	0.8	approved	0				global known-rendering assignment; lexical score 0.65
5:12	11	even		2	καὶ		global-review-known-rendering	safe	0.7164	approved	0				global known-rendering assignment; lexical score 0.57
5:13	3	brothers		6	ἀδελφοί		global-review-known-rendering	safe	0.8	approved	0				global known-rendering assignment; lexical score 0.65
5:13	10	only		7	μόνον		global-review-known-rendering	safe	0.6768	approved	0				global known-rendering assignment; lexical score 0.53
5:13	21	the		13	τῇ		attached-word	safe	0.6935	approved	0				Article of 'flesh'
5:13	22	flesh		14	σαρκί		global-review-known-rendering	safe	0.7935	approved	0				global known-rendering assignment; lexical score 0.64
5:13	26	through		16	διὰ		global-review-known-rendering	safe	0.6083	approved	0				global known-rendering assignment; lexical score 0.46
5:14	2	all		3	πᾶς		global-review-known-rendering	safe	0.7297	approved	0				global known-rendering assignment; lexical score 0.58
5:14	3	the				expands	supplied-article	safe	0.7329	approved	0				article the original does not write; rests on 'law' → 'νόμος'
5:14	4	law		4	νόμος		global-review-known-rendering	safe	0.7329	approved	0				global known-rendering assignment; lexical score 0.58
5:14	9	one		6	ἑνὶ		global-review-known-rendering	safe	0.6356	approved	0				global known-rendering assignment; lexical score 0.49
5:14	10	word		7	λόγῳ		global-review-known-rendering	safe	0.7254	approved	0				global known-rendering assignment; lexical score 0.58
5:14	17	your		14	σου		global-review-known-rendering	safe	0.7903	approved	0				global known-rendering assignment; lexical score 0.64
5:14	18	neighbour		13	πλησίον		global-review-known-rendering	safe	0.8	approved	0				global known-rendering assignment; lexical score 0.65
5:14	21	yourself		16	σεαυτόν		global-review-known-rendering	safe	0.6364	approved	0				global known-rendering assignment; lexical score 0.49
5:16	3	say		1	Λέγω		global-review-known-rendering	safe	0.734	approved	0				global known-rendering assignment; lexical score 0.58
5:16	7	the				expands	supplied-article	safe	0.7963	approved	0				article the original does not write; rests on 'Spirit' → 'Πνεύματι'
5:16	8	Spirit		3	Πνεύματι		global-review-known-rendering	safe	0.7963	approved	0				global known-rendering assignment; lexical score 0.65
5:16	12	not		8	οὐ		global-review-known-rendering	safe	0.6293	approved	0				global known-rendering assignment; lexical score 0.48
5:16	22	the				expands	supplied-article	safe	0.7935	approved	0				article the original does not write; rests on 'flesh' → 'σαρκὸς'
5:16	23	flesh		7	σαρκὸς		global-review-known-rendering	safe	0.7935	approved	0				global known-rendering assignment; lexical score 0.64
5:17	2	the				expands	supplied-article	safe	0.7935	approved	0				article the original does not write; rests on 'flesh' → 'σὰρξ'
5:17	3	flesh		3	σὰρξ		global-review-known-rendering	safe	0.7935	approved	0				global known-rendering assignment; lexical score 0.64
5:17	7	the		6	τοῦ		attached-word	safe	0.6963	approved	0				Article of 'Spirit'
5:17	8	Spirit		7	Πνεύματος		global-review-known-rendering	safe	0.7963	approved	0				global known-rendering assignment; lexical score 0.65
5:17	10	the				expands	supplied-article	safe	0.7963	approved	0				article the original does not write; rests on 'Spirit' → 'Πνεῦμα'
5:17	11	Spirit		10	Πνεῦμα		global-review-known-rendering	safe	0.7963	approved	0				global known-rendering assignment; lexical score 0.65
5:17	13	the		12	τῆς		attached-word	safe	0.6935	approved	0				Article of 'flesh'
5:17	14	flesh		13	σαρκός		global-review-known-rendering	safe	0.7935	approved	0				global known-rendering assignment; lexical score 0.64
5:17	16	these		14	ταῦτα		global-review-known-rendering	safe	0.7895	approved	0				global known-rendering assignment; lexical score 0.64
5:17	38	do		24	ποιῆτε		global-review-known-rendering	safe	0.7293	approved	0				global known-rendering assignment; lexical score 0.58
5:18	7	the				expands	supplied-article	safe	0.7963	approved	0				article the original does not write; rests on 'Spirit' → 'Πνεύματι'
5:18	8	Spirit		3	Πνεύματι		global-review-known-rendering	safe	0.7963	approved	0				global known-rendering assignment; lexical score 0.65
5:18	10	are		6	ἐστὲ		global-review-known-rendering	safe	0.7847	approved	0				global known-rendering assignment; lexical score 0.63
5:18	11	not		5	οὐκ		global-review-known-rendering	safe	0.6293	approved	0				global known-rendering assignment; lexical score 0.48
5:18	12	under		7	ὑπὸ		global-review-known-rendering	safe	0.5971	approved	0				global known-rendering assignment; lexical score 0.45
5:18	13	the				expands	supplied-article	safe	0.7329	approved	0				article the original does not write; rests on 'law' → 'νόμον'
5:18	14	law		8	νόμον		global-review-known-rendering	safe	0.7329	approved	0				global known-rendering assignment; lexical score 0.58
5:19	2	the		4	τὰ		attached-word	safe	0.6468	approved	0				Article of 'works'
5:19	3	works		5	ἔργα		global-review-known-rendering	safe	0.7468	approved	0				global known-rendering assignment; lexical score 0.60
5:19	5	the		6	τῆς		attached-word	safe	0.6935	approved	0				Article of 'flesh'
5:19	6	flesh		7	σαρκός		global-review-known-rendering	safe	0.7935	approved	0				global known-rendering assignment; lexical score 0.64
5:19	7	are		3	ἐστιν		global-review-known-rendering	safe	0.7847	approved	0				global known-rendering assignment; lexical score 0.63
5:19	10	are		9	ἐστιν		global-review-known-rendering	safe	0.7847	approved	0				global known-rendering assignment; lexical score 0.63
5:21	1	Envy		1	φθόνοι		global-review-known-rendering	safe	0.665	approved	0				global known-rendering assignment; lexical score 0.52
5:21	16	even		4	καὶ		global-review-known-rendering	safe	0.7164	approved	0				global known-rendering assignment; lexical score 0.57
5:21	27	such		16	τοιαῦτα		global-review-known-rendering	safe	0.7063	approved	0				global known-rendering assignment; lexical score 0.56
5:21	31	no		20	οὐ		global-review-known-rendering	safe	0.6031	approved	0				global known-rendering assignment; lexical score 0.45
5:21	34	the				expands	supplied-article	safe	0.8	approved	0				article the original does not write; rests on 'kingdom' → 'βασιλείαν'
5:21	35	kingdom		18	βασιλείαν		global-review-known-rendering	safe	0.8	approved	0				global known-rendering assignment; lexical score 0.65
5:21	37	God		19	Θεοῦ		global-review-known-rendering	safe	0.7935	approved	0				global known-rendering assignment; lexical score 0.64
5:22	2	the				expands	supplied-article	safe	0.7227	approved	0				article the original does not write; rests on 'fruit' → 'καρπὸς'
5:22	3	fruit		3	καρπὸς		global-review-known-rendering	safe	0.7227	approved	0				global known-rendering assignment; lexical score 0.57
5:22	5	the		4	τοῦ		attached-word	safe	0.6963	approved	0				Article of 'Spirit'
5:22	6	Spirit		5	Πνεύματός		global-review-known-rendering	safe	0.7963	approved	0				global known-rendering assignment; lexical score 0.65
5:22	9	joy		8	χαρά		global-review-known-rendering	safe	0.7237	approved	0				global known-rendering assignment; lexical score 0.57
5:22	10	peace		9	εἰρήνη		global-review-known-rendering	safe	0.7068	approved	0				global known-rendering assignment; lexical score 0.56
5:22	17	faith		13	πίστις		global-review-known-rendering	safe	0.7887	approved	0				global known-rendering assignment; lexical score 0.64
5:23	7	such		5	τοιούτων		global-review-known-rendering	safe	0.7063	approved	0				global known-rendering assignment; lexical score 0.56
5:23	10	no		6	οὐκ		global-review-known-rendering	safe	0.6031	approved	0				global known-rendering assignment; lexical score 0.45
5:23	11	law		8	νόμος		global-review-known-rendering	safe	0.7329	approved	0				global known-rendering assignment; lexical score 0.58
5:24	5	Christ's		4	Χριστοῦ		global-review-known-rendering	safe	0.8	approved	0				global known-rendering assignment; lexical score 0.65
5:24	13	the		6	τὴν		attached-word	safe	0.6935	approved	0				Article of 'flesh'
5:24	14	flesh		7	σάρκα		global-review-known-rendering	safe	0.7935	approved	0				global known-rendering assignment; lexical score 0.64
5:25	4	living		2	ζῶμεν		global-review-known-rendering	safe	0.7375	approved	0				global known-rendering assignment; lexical score 0.59
5:25	6	the				expands	supplied-article	safe	0.7963	approved	0				article the original does not write; rests on 'Spirit' → 'Πνεύματι'
5:25	7	Spirit		3	Πνεύματι		global-review-known-rendering	safe	0.7963	approved	0				global known-rendering assignment; lexical score 0.65
5:25	9	the				expands	supplied-article	safe	0.7963	approved	0				article the original does not write; rests on 'Spirit' → 'Πνεύματι'
5:25	10	Spirit		4	Πνεύματι		global-review-known-rendering	safe	0.7963	approved	0				global known-rendering assignment; lexical score 0.65
6:1	1	Brothers		1	Ἀδελφοί		global-review-known-rendering	safe	0.8	approved	0				global known-rendering assignment; lexical score 0.65
6:1	8	any		7	τινι		global-review-known-rendering	safe	0.6017	approved	0				global known-rendering assignment; lexical score 0.45
6:1	18	such		14	τοιοῦτον		global-review-known-rendering	safe	0.701	approved	0				global known-rendering assignment; lexical score 0.55
6:1	23	a				expands	supplied-indefinite-article	safe	0.7964	approved	0				indefinite article; rests on 'spirit' → 'πνεύματι'
6:1	24	spirit		16	πνεύματι		global-review-known-rendering	safe	0.7964	approved	0				global known-rendering assignment; lexical score 0.65
6:1	30	yourself		19	σεαυτόν		global-review-known-rendering	safe	0.6364	approved	0				global known-rendering assignment; lexical score 0.49
6:1	38	tested		23	πειρασθῇς		global-review-known-rendering	safe	0.665	approved	0				global known-rendering assignment; lexical score 0.52
6:2	8	so		6	οὕτως		global-review-known-rendering	safe	0.6682	approved	0				global known-rendering assignment; lexical score 0.52
6:2	10	the		8	τὸν		attached-word	safe	0.6338	approved	0				Article of 'law'
6:2	11	law		9	νόμον		global-review-known-rendering	safe	0.7338	approved	0				global known-rendering assignment; lexical score 0.58
6:2	13	Christ		11	Χριστοῦ		global-review-known-rendering	safe	0.8	approved	0				global known-rendering assignment; lexical score 0.65
6:3	11	something		6	τι		global-review-known-rendering	safe	0.8	approved	0				global known-rendering assignment; lexical score 0.65
6:4	9	work		3	ἔργον		global-review-known-rendering	safe	0.6568	approved	0				global known-rendering assignment; lexical score 0.51
6:4	22	not		16	οὐκ		global-review-known-rendering	safe	0.6291	approved	0				global known-rendering assignment; lexical score 0.48
6:6	8	the		5	τὸν		attached-word	safe	0.6254	approved	0				Article of 'word'
6:6	9	word		6	λόγον		global-review-known-rendering	safe	0.7254	approved	0				global known-rendering assignment; lexical score 0.58
6:6	14	all		10	πᾶσιν		global-review-known-rendering	safe	0.7296	approved	0				global known-rendering assignment; lexical score 0.58
6:7	4	God		3	Θεὸς		global-review-known-rendering	safe	0.7935	approved	0				global known-rendering assignment; lexical score 0.64
6:7	6	not		4	οὐ		global-review-known-rendering	safe	0.6291	approved	0				global known-rendering assignment; lexical score 0.48
6:8	1	Because		1	ὅτι		global-review-known-rendering	safe	0.6766	approved	0				global known-rendering assignment; lexical score 0.53
6:8	9	the		5	τὴν		attached-word	safe	0.6936	approved	0				Article of 'flesh'
6:8	10	flesh		6	σάρκα		global-review-known-rendering	safe	0.7936	approved	0				global known-rendering assignment; lexical score 0.64
6:8	13	the		9	τῆς		attached-word	safe	0.6936	approved	0				Article of 'flesh'
6:8	14	flesh		10	σαρκὸς		global-review-known-rendering	safe	0.7936	approved	0				global known-rendering assignment; lexical score 0.64
6:8	28	the		17	τὸ		attached-word	safe	0.6964	approved	0				Article of 'Spirit'
6:8	29	Spirit		18	Πνεῦμα		global-review-known-rendering	safe	0.7964	approved	0				global known-rendering assignment; lexical score 0.65
6:8	32	the		20	τοῦ		attached-word	safe	0.6964	approved	0				Article of 'Spirit'
6:8	33	Spirit		21	Πνεύματος		global-review-known-rendering	safe	0.7964	approved	0				global known-rendering assignment; lexical score 0.65
6:8	38	eternal		24	αἰώνιον		global-review-known-rendering	safe	0.7521	approved	0				global known-rendering assignment; lexical score 0.60
6:8	39	life		23	ζωὴν		global-review-known-rendering	safe	0.6768	approved	0				global known-rendering assignment; lexical score 0.53
6:10	5	have		5	ἔχωμεν		global-review-known-rendering	safe	0.7316	approved	0				global known-rendering assignment; lexical score 0.58
6:10	13	all		10	πάντας		global-review-known-rendering	safe	0.7296	approved	0				global known-rendering assignment; lexical score 0.58
6:10	16	specially		11	μάλιστα		global-review-known-rendering	safe	0.8	approved	0				global known-rendering assignment; lexical score 0.65
6:10	25	the		16	τῆς		attached-word	safe	0.6888	approved	0				Article of 'faith'
6:10	26	faith		17	πίστεως		global-review-known-rendering	safe	0.7888	approved	0				global known-rendering assignment; lexical score 0.64
6:11	1	See		1	Ἴδετε		global-review-known-rendering	safe	0.6289	approved	0				global known-rendering assignment; lexical score 0.48
6:12	10	the				expands	supplied-article	safe	0.7936	approved	0				article the original does not write; rests on 'flesh' → 'σαρκί'
6:12	11	flesh		5	σαρκί		global-review-known-rendering	safe	0.7936	approved	0				global known-rendering assignment; lexical score 0.64
6:12	19	only		10	μόνον		global-review-known-rendering	safe	0.6768	approved	0				global known-rendering assignment; lexical score 0.53
6:12	28	the		12	τῷ		attached-word	safe	0.7	approved	0				Article of 'cross'
6:12	29	cross		13	σταυρῷ		global-review-known-rendering	safe	0.8	approved	0				global known-rendering assignment; lexical score 0.65
6:12	31	Christ		15	Χριστοῦ		global-review-known-rendering	safe	0.8	approved	0				global known-rendering assignment; lexical score 0.65
6:13	11	the				expands	supplied-article	safe	0.7338	approved	0				article the original does not write; rests on 'law' → 'νόμον'
6:13	12	law		6	νόμον		global-review-known-rendering	safe	0.7338	approved	0				global known-rendering assignment; lexical score 0.58
6:13	15	would		9	θέλουσιν		global-review-known-rendering	safe	0.6828	approved	0				global known-rendering assignment; lexical score 0.53
6:13	28	flesh		16	σαρκὶ		global-review-known-rendering	safe	0.7936	approved	0				global known-rendering assignment; lexical score 0.64
6:14	6	me		1	ἐμοὶ		global-review-known-rendering	safe	0.7921	approved	0				global known-rendering assignment; lexical score 0.64
6:14	15	the		9	τῷ		attached-word	safe	0.7	approved	0				Article of 'cross'
6:14	16	cross		10	σταυρῷ		global-review-known-rendering	safe	0.8	approved	0				global known-rendering assignment; lexical score 0.65
6:14	18	our		13	ἡμῶν		global-review-known-rendering	safe	0.7924	approved	0				global known-rendering assignment; lexical score 0.64
6:14	19	Lord		12	Κυρίου		global-review-known-rendering	safe	0.7953	approved	0				global known-rendering assignment; lexical score 0.65
6:14	20	Jesus		14	Ἰησοῦ		global-review-known-rendering	safe	0.797	approved	0				global known-rendering assignment; lexical score 0.65
6:14	21	Christ		15	Χριστοῦ		global-review-known-rendering	safe	0.8	approved	0				global known-rendering assignment; lexical score 0.65
6:14	22	through		16	δι		global-review-known-rendering	safe	0.6067	approved	0				global known-rendering assignment; lexical score 0.46
6:14	25	world		19	κόσμος		global-review-known-rendering	safe	0.7088	approved	0				global known-rendering assignment; lexical score 0.56
6:14	35	me		18	ἐμοὶ		global-review-known-rendering	safe	0.7921	approved	0				global known-rendering assignment; lexical score 0.64
6:15	3	circumcision		3	περιτομή		global-review-known-rendering	safe	0.8	approved	0				global known-rendering assignment; lexical score 0.65
6:15	14	a				expands	supplied-indefinite-article	safe	0.6579	approved	0				indefinite article; rests on 'new' → 'καινὴ'
6:15	15	new		9	καινὴ		global-review-known-rendering	safe	0.6579	approved	0				global known-rendering assignment; lexical score 0.51
6:16	8	this		5	τούτῳ		global-review-known-rendering	safe	0.7776	approved	0				global known-rendering assignment; lexical score 0.63
6:16	11	peace		7	εἰρήνη		global-review-known-rendering	safe	0.7068	approved	0				global known-rendering assignment; lexical score 0.56
6:16	16	the		14	τὸν		attached-word	safe	0.6687	approved	0				Article of 'Israel'
6:16	17	Israel		15	Ἰσραὴλ		global-review-known-rendering	safe	0.7688	approved	0				global known-rendering assignment; lexical score 0.62
6:16	19	God		17	Θεοῦ		global-review-known-rendering	safe	0.7935	approved	0				global known-rendering assignment; lexical score 0.64
6:17	12	me		7	ἐγὼ		global-review-known-rendering	safe	0.7921	approved	0				global known-rendering assignment; lexical score 0.64
6:17	14	my		16	μου		global-review-known-rendering	safe	0.7667	approved	0				global known-rendering assignment; lexical score 0.62
6:17	15	body		15	σώματί		global-review-known-rendering	safe	0.7935	approved	0				global known-rendering assignment; lexical score 0.64
6:17	22	Jesus		12	Ἰησοῦ		global-review-known-rendering	safe	0.797	approved	0				global known-rendering assignment; lexical score 0.65
6:18	1	The		1	Ἡ		attached-word	safe	0.6967	approved	0				Article of 'grace'
6:18	2	grace		2	χάρις		global-review-known-rendering	safe	0.7967	approved	0				global known-rendering assignment; lexical score 0.65
6:18	4	our		5	ἡμῶν		global-review-known-rendering	safe	0.7924	approved	0				global known-rendering assignment; lexical score 0.64
6:18	5	Lord		4	Κυρίου		global-review-known-rendering	safe	0.7953	approved	0				global known-rendering assignment; lexical score 0.65
6:18	6	Jesus		6	Ἰησοῦ		global-review-known-rendering	safe	0.797	approved	0				global known-rendering assignment; lexical score 0.65
6:18	7	Christ		7	Χριστοῦ		global-review-known-rendering	safe	0.8	approved	0				global known-rendering assignment; lexical score 0.65
6:18	10	your		11	ὑμῶν		global-review-known-rendering	safe	0.7915	approved	0				global known-rendering assignment; lexical score 0.64
6:18	11	spirit		10	πνεύματος		global-review-known-rendering	safe	0.7964	approved	0				global known-rendering assignment; lexical score 0.65
6:18	12	brothers		12	ἀδελφοί		global-review-known-rendering	safe	0.8	approved	0				global known-rendering assignment; lexical score 0.65
