at	word	surface	target_at	target	target_surface	absence	rule	tier	confidence	verdict	review	corrected_at	corrected	corrected_surface	rationale
1:1	3	a				expands	supplied-indefinite-article	safe	0.6002	approved	0				indefinite article; rests on 'man' → 'אִ֛ישׁ'
1:1	4	man		1	אִ֛ישׁ		global-review-known-rendering	safe	0.6002	approved	0				global known-rendering assignment; lexical score 0.45
1:1	6	the				expands	supplied-article	safe	0.7252	approved	0				article the original does not write; rests on 'land' → 'אֶֽרֶץ'
1:1	7	land		4	אֶֽרֶץ		global-review-known-rendering	safe	0.7252	approved	0				global known-rendering assignment; lexical score 0.58
1:1	8	of		5	ע֖וּץ		attached-word	safe	0.7	approved	0				Genitive of 'Uz'
1:1	9	Uz		5	ע֖וּץ		global-review-known-rendering	safe	0.8	approved	0				global known-rendering assignment; lexical score 0.65
1:1	11	name		7	שְׁמֹ֑ו		global-review-known-rendering	safe	0.7896	approved	0				global known-rendering assignment; lexical score 0.64
1:1	13	Job		6	אִיֹּ֣וב		global-review-known-rendering	safe	0.782	approved	0				global known-rendering assignment; lexical score 0.63
1:1	19	upright		16	יָשָׁ֛ר		global-review-known-rendering	safe	0.6313	approved	0				global known-rendering assignment; lexical score 0.48
1:1	21	God		19	אֱלֹהִ֖ים		global-review-known-rendering	safe	0.6915	approved	0				global known-rendering assignment; lexical score 0.54
1:1	27	evil		23	רָֽע		global-review-known-rendering	safe	0.7322	approved	0				global known-rendering assignment; lexical score 0.58
1:2	4	seven		4	שִׁבְעָ֥ה		global-review-known-rendering	safe	0.783	approved	0				global known-rendering assignment; lexical score 0.63
1:2	5	sons		5	בָנִ֖ים		global-review-known-rendering	safe	0.7673	approved	0				global known-rendering assignment; lexical score 0.62
1:2	7	three		7	שָׁלֹ֥ושׁ		global-review-known-rendering	safe	0.7754	approved	0				global known-rendering assignment; lexical score 0.63
1:2	8	daughters		8	בָּנֹֽות		global-review-known-rendering	safe	0.7586	approved	0				global known-rendering assignment; lexical score 0.61
1:3	6	seven		4	שִֽׁבְעַ֨ת		global-review-known-rendering	safe	0.783	approved	0				global known-rendering assignment; lexical score 0.63
1:3	7	thousand		5	אַלְפֵי		global-review-known-rendering	safe	0.773	approved	0				global known-rendering assignment; lexical score 0.62
1:3	8	sheep		6	צֹ֜אן		global-review-known-rendering	safe	0.6899	approved	0				global known-rendering assignment; lexical score 0.54
1:3	12	three		8	שְׁלֹ֧שֶׁת		global-review-known-rendering	safe	0.7754	approved	0				global known-rendering assignment; lexical score 0.63
1:3	13	thousand		9	אַלְפֵ֣י		global-review-known-rendering	safe	0.773	approved	0				global known-rendering assignment; lexical score 0.62
1:3	14	camels		10	גְמַלִּ֗ים		global-review-known-rendering	safe	0.78	approved	0				global known-rendering assignment; lexical score 0.63
1:3	18	oxen		15	בָּקָר֙		global-review-known-rendering	safe	0.7011	approved	0				global known-rendering assignment; lexical score 0.55
1:3	20	five		17	חֲמֵ֣שׁ		global-review-known-rendering	safe	0.7924	approved	0				global known-rendering assignment; lexical score 0.64
1:3	21	hundred		18	מֵאֹ֣ות		global-review-known-rendering	safe	0.7877	approved	0				global known-rendering assignment; lexical score 0.64
1:3	25	very		23	מְאֹ֑ד		global-review-known-rendering	safe	0.5843	approved	0				global known-rendering assignment; lexical score 0.43
1:3	31	the		26	הָ		attached-word	safe	0.5002	approved	0				Article of 'man'
1:3	32	man		27	אִ֣ישׁ		global-review-known-rendering	safe	0.6002	approved	0				global known-rendering assignment; lexical score 0.45
1:3	34	greater		30	גָּדֹ֖ול		global-review-known-rendering	safe	0.6071	approved	0				global known-rendering assignment; lexical score 0.46
1:3	35	than		31	מִ		global-review-known-rendering	safe	0.5849	approved	0				global known-rendering assignment; lexical score 0.43
1:3	38	the				expands	supplied-article	safe	0.7673	approved	0				article the original does not write; rests on 'sons' → 'בְּנֵי'
1:3	39	sons		33	בְּנֵי		global-review-known-rendering	safe	0.7673	approved	0				global known-rendering assignment; lexical score 0.62
1:4	1	His		3	בָנָיו֙		attached-word	safe	0.6673	approved	0				PossessivePronoun of 'sons'
1:4	2	sons		3	בָנָיו֙		global-review-known-rendering	safe	0.7673	approved	0				global known-rendering assignment; lexical score 0.62
1:4	8	houses		7	בֵּ֖ית		global-review-known-rendering	safe	0.755	approved	0				global known-rendering assignment; lexical score 0.60
1:4	13	his		9	יֹומֹ֑ו		attached-word	safe	0.6654	approved	0				PossessivePronoun of 'day'
1:4	14	day		9	יֹומֹ֑ו		global-review-known-rendering	safe	0.7654	approved	0				global known-rendering assignment; lexical score 0.62
1:4	23	sent		11	שָׁלְח֗וּ		global-review-known-rendering	safe	0.745	approved	0				global known-rendering assignment; lexical score 0.59
1:4	25	their		16	אחיתיהם		attached-word	safe	0.7	approved	0				PossessivePronoun of 'sisters'
1:4	26	three		15	שְׁלֹ֣שֶׁת		global-review-known-rendering	safe	0.7754	approved	0				global known-rendering assignment; lexical score 0.63
1:4	27	sisters		16	אחיתיהם		global-review-known-rendering	safe	0.8	approved	0				global known-rendering assignment; lexical score 0.65
1:5	7	days		5	יְמֵ֨י		global-review-known-rendering	safe	0.7783	approved	0				global known-rendering assignment; lexical score 0.63
1:5	8	of		7	מִּשְׁתֶּ֜ה		attached-word	safe	0.7	approved	0				Genitive of 'feasting'
1:5	9	feasting		7	מִּשְׁתֶּ֜ה		global-review-known-rendering	safe	0.8	approved	0				global known-rendering assignment; lexical score 0.65
1:5	10	Job		10	אִיֹּ֣וב		global-review-known-rendering	safe	0.782	approved	0				global known-rendering assignment; lexical score 0.63
1:5	11	sent		9	יִּשְׁלַ֧ח		global-review-known-rendering	safe	0.745	approved	0				global known-rendering assignment; lexical score 0.59
1:5	18	early		14	הִשְׁכִּ֣ים		global-review-known-rendering	safe	0.7199	approved	0				global known-rendering assignment; lexical score 0.57
1:5	20	the		16			attached-word	safe	0.6522	approved	0				Article of 'morning'
1:5	21	morning		17	בֹּקֶר֮		global-review-known-rendering	safe	0.7522	approved	0				global known-rendering assignment; lexical score 0.60
1:5	28	all		22	כֻּלָּם֒		global-review-known-rendering	safe	0.7586	approved	0				global known-rendering assignment; lexical score 0.61
1:5	30	Job		25	אִיֹּ֔וב		global-review-known-rendering	safe	0.782	approved	0				global known-rendering assignment; lexical score 0.63
1:5	31	said		24	אָמַ֣ר		global-review-known-rendering	safe	0.7771	approved	0				global known-rendering assignment; lexical score 0.63
1:5	36	my		28	בָנַ֔י		attached-word	safe	0.6673	approved	0				PossessivePronoun of 'sons'
1:5	37	sons		28	בָנַ֔י		global-review-known-rendering	safe	0.7673	approved	0				global known-rendering assignment; lexical score 0.62
1:5	39	done		35	יַעֲשֶׂ֥ה		global-review-known-rendering	safe	0.6992	approved	0				global known-rendering assignment; lexical score 0.55
1:5	45	God		31	אֱלֹהִ֖ים		global-review-known-rendering	safe	0.6915	approved	0				global known-rendering assignment; lexical score 0.54
1:5	50	Job		36	אִיֹּ֖וב		global-review-known-rendering	safe	0.782	approved	0				global known-rendering assignment; lexical score 0.63
1:6	4	a				expands	supplied-indefinite-article	safe	0.7654	approved	0				indefinite article; rests on 'day' → 'יֹּ֔ום'
1:6	5	day		4	יֹּ֔ום		global-review-known-rendering	safe	0.7654	approved	0				global known-rendering assignment; lexical score 0.62
1:6	7	the				expands	supplied-article	safe	0.7673	approved	0				article the original does not write; rests on 'sons' → 'בְּנֵ֣י'
1:6	8	sons		7	בְּנֵ֣י		global-review-known-rendering	safe	0.7673	approved	0				global known-rendering assignment; lexical score 0.62
1:6	9	of		9	אֱלֹהִ֔ים		attached-word	safe	0.6609	approved	0				Genitive of 'gods'
1:6	10	the		8	הָ		attached-word	safe	0.6609	approved	0				Article of 'gods'
1:6	11	gods		9	אֱלֹהִ֔ים		global-review-known-rendering	safe	0.7609	approved	0				global known-rendering assignment; lexical score 0.61
1:6	15	the				expands	supplied-article	safe	0.7286	approved	0				article the original does not write; rests on 'Lord' → 'יְהוָ֑ה'
1:6	16	Lord		13	יְהוָ֑ה		global-review-known-rendering	safe	0.7286	approved	0				global known-rendering assignment; lexical score 0.58
1:6	18	the		17	הַ		attached-word	safe	0.6625	approved	0				Article of 'Satan'
1:6	19	Satan		18	שָּׂטָ֖ן		global-review-known-rendering	safe	0.7625	approved	0				global known-rendering assignment; lexical score 0.61
1:7	4	said		2	יֹּ֧אמֶר		global-review-known-rendering	safe	0.7771	approved	0				global known-rendering assignment; lexical score 0.63
1:7	6	the		5	הַ		attached-word	safe	0.6625	approved	0				Article of 'Satan'
1:7	7	Satan		6	שָּׂטָ֖ן		global-review-known-rendering	safe	0.7625	approved	0				global known-rendering assignment; lexical score 0.61
1:7	11	come		9	תָּבֹ֑א		global-review-known-rendering	safe	0.5727	approved	0				global known-rendering assignment; lexical score 0.42
1:7	14	the		12	הַ		attached-word	safe	0.6625	approved	0				Article of 'Satan'
1:7	15	Satan		13	שָּׂטָ֤ן		global-review-known-rendering	safe	0.7625	approved	0				global known-rendering assignment; lexical score 0.61
1:7	16	said		17	יֹּאמַ֔ר		global-review-known-rendering	safe	0.7771	approved	0				global known-rendering assignment; lexical score 0.63
1:7	18	answer		11	יַּ֨עַן		global-review-known-rendering	safe	0.5917	approved	0				global known-rendering assignment; lexical score 0.44
1:7	26	the		21			attached-word	safe	0.6441	approved	0				Article of 'earth'
1:7	27	earth		22	אָ֔רֶץ		global-review-known-rendering	safe	0.7441	approved	0				global known-rendering assignment; lexical score 0.59
1:7	29	walking		25	הִתְהַלֵּ֖ךְ		global-review-known-rendering	safe	0.71	approved	0				global known-rendering assignment; lexical score 0.56
1:8	2	the				expands	supplied-article	safe	0.7286	approved	0				article the original does not write; rests on 'Lord' → 'יְהוָה֙'
1:8	3	Lord		3	יְהוָה֙		global-review-known-rendering	safe	0.7286	approved	0				global known-rendering assignment; lexical score 0.58
1:8	4	said		2	יֹּ֤אמֶר		global-review-known-rendering	safe	0.7771	approved	0				global known-rendering assignment; lexical score 0.63
1:8	6	the		5	הַ		attached-word	safe	0.6625	approved	0				Article of 'Satan'
1:8	7	Satan		6	שָּׂטָ֔ן		global-review-known-rendering	safe	0.7625	approved	0				global known-rendering assignment; lexical score 0.61
1:8	13	my		11	עַבְדִּ֣י		attached-word	safe	0.6445	approved	0				PossessivePronoun of 'servant'
1:8	14	servant		11	עַבְדִּ֣י		global-review-known-rendering	safe	0.7445	approved	0				global known-rendering assignment; lexical score 0.59
1:8	15	Job		12	אִיֹּ֑וב		global-review-known-rendering	safe	0.782	approved	0				global known-rendering assignment; lexical score 0.63
1:8	24	the		17			attached-word	safe	0.6441	approved	0				Article of 'earth'
1:8	25	earth		18	אָ֔רֶץ		global-review-known-rendering	safe	0.7441	approved	0				global known-rendering assignment; lexical score 0.59
1:8	26	a				expands	supplied-indefinite-article	safe	0.6002	approved	0				indefinite article; rests on 'man' → 'אִ֣ישׁ'
1:8	27	man		19	אִ֣ישׁ		global-review-known-rendering	safe	0.6002	approved	0				global known-rendering assignment; lexical score 0.45
1:8	31	upright		22	יָשָׁ֛ר		global-review-known-rendering	safe	0.6313	approved	0				global known-rendering assignment; lexical score 0.48
1:8	33	God		24	אֱלֹהִ֖ים		global-review-known-rendering	safe	0.6915	approved	0				global known-rendering assignment; lexical score 0.54
1:8	39	evil		28	רָֽע		global-review-known-rendering	safe	0.7322	approved	0				global known-rendering assignment; lexical score 0.58
1:9				1	וַ	omits	unrendered-conjunction	safe	0.5917	approved	0				conjunction no word of the verse renders; rests on 'answer' → 'יַּ֧עַן'
1:9				5	אֶת	omits	unrendered-object-marker	safe	0.7286	approved	0				object marker; rests on 'Lord' → 'יְהוָ֖ה'
1:9	2	the		3	הַ		attached-word	safe	0.6625	approved	0				Article of 'Satan'
1:9	3	Satan		4	שָּׂטָ֛ן		global-review-known-rendering	safe	0.7625	approved	0				global known-rendering assignment; lexical score 0.61
1:9	4	said		8	יֹּאמַ֑ר		global-review-known-rendering	safe	0.7771	approved	0				global known-rendering assignment; lexical score 0.63
1:9	6	answer		2	יַּ֧עַן		global-review-known-rendering	safe	0.5917	approved	0				global known-rendering assignment; lexical score 0.44
1:9	8	the				expands	supplied-article	safe	0.7286	approved	0				article the original does not write; rests on 'Lord' → 'יְהוָ֖ה'
1:9	9	Lord		6	יְהוָ֖ה		global-review-known-rendering	safe	0.7286	approved	0				global known-rendering assignment; lexical score 0.58
1:9	15	Job		12	אִיֹּ֖וב		global-review-known-rendering	safe	0.782	approved	0				global known-rendering assignment; lexical score 0.63
1:10	4	not		2	לֹֽא		global-review-known-rendering	safe	0.6791	approved	0				global known-rendering assignment; lexical score 0.53
1:10	8	round		15	סָּבִ֑יב		global-review-known-rendering	safe	0.7207	approved	0				global known-rendering assignment; lexical score 0.57
1:10	11	his		8	בֵּיתֹ֛ו		attached-word	safe	0.6633	approved	0				PossessivePronoun of 'house'
1:10	12	house		8	בֵּיתֹ֛ו		global-review-known-rendering	safe	0.7633	approved	0				global known-rendering assignment; lexical score 0.61
1:10	14	all		11	כָּל		global-review-known-rendering	safe	0.7586	approved	0				global known-rendering assignment; lexical score 0.61
1:10	23	of		17	יָדָיו֙		attached-word	safe	0.4716	approved	0				Genitive of 'his'
1:10	24	his		17	יָדָיו֙		attached-word	safe	0.5716	approved	0				PossessivePronoun of 'hands'
1:10	25	hands		17	יָדָיו֙		global-review-known-rendering	safe	0.6716	approved	0				global known-rendering assignment; lexical score 0.52
1:10	31	the		23			attached-word	safe	0.6252	approved	0				Article of 'land'
1:10	32	land		24	אָֽרֶץ		global-review-known-rendering	safe	0.7252	approved	0				global known-rendering assignment; lexical score 0.58
1:11	5	your		5	יָֽדְךָ֔		attached-word	safe	0.5695	approved	0				PossessivePronoun of 'hand'
1:11	6	hand		5	יָֽדְךָ֔		global-review-known-rendering	safe	0.6695	approved	0				global known-rendering assignment; lexical score 0.52
1:11	8	all		9	כָל		global-review-known-rendering	safe	0.7586	approved	0				global known-rendering assignment; lexical score 0.61
1:11	18	your		15	פָּנֶ֖יךָ		attached-word	safe	0.639	approved	0				PossessivePronoun of 'face'
1:11	19	face		15	פָּנֶ֖יךָ		global-review-known-rendering	safe	0.739	approved	0				global known-rendering assignment; lexical score 0.59
1:12	2	the				expands	supplied-article	safe	0.7286	approved	0				article the original does not write; rests on 'Lord' → 'יְהוָ֜ה'
1:12	3	Lord		3	יְהוָ֜ה		global-review-known-rendering	safe	0.7286	approved	0				global known-rendering assignment; lexical score 0.58
1:12	4	said		2	יֹּ֨אמֶר		global-review-known-rendering	safe	0.7771	approved	0				global known-rendering assignment; lexical score 0.63
1:12	6	the		5	הַ		attached-word	safe	0.6625	approved	0				Article of 'Satan'
1:12	7	Satan		6	שָּׂטָ֗ן		global-review-known-rendering	safe	0.7625	approved	0				global known-rendering assignment; lexical score 0.61
1:12	11	all		8	כָל		global-review-known-rendering	safe	0.7586	approved	0				global known-rendering assignment; lexical score 0.61
1:12	15	your		12	יָדֶ֔ךָ		attached-word	safe	0.5716	approved	0				PossessivePronoun of 'hands'
1:12	16	hands		12	יָדֶ֔ךָ		global-review-known-rendering	safe	0.6716	approved	0				global known-rendering assignment; lexical score 0.52
1:12	28	the		20	הַ		attached-word	safe	0.6625	approved	0				Article of 'Satan'
1:12	29	Satan		21	שָּׂטָ֔ן		global-review-known-rendering	safe	0.7625	approved	0				global known-rendering assignment; lexical score 0.61
1:12	33	before		24	פְּנֵ֥י		global-review-known-rendering	safe	0.6582	approved	0				global known-rendering assignment; lexical score 0.51
1:12	34	the				expands	supplied-article	safe	0.7286	approved	0				article the original does not write; rests on 'Lord' → 'יְהוָֽה'
1:12	35	Lord		25	יְהוָֽה		global-review-known-rendering	safe	0.7286	approved	0				global known-rendering assignment; lexical score 0.58
1:13	4	a				expands	supplied-indefinite-article	safe	0.7654	approved	0				indefinite article; rests on 'day' → 'יֹּ֑ום'
1:13	5	day		4	יֹּ֑ום		global-review-known-rendering	safe	0.7654	approved	0				global known-rendering assignment; lexical score 0.62
1:13	7	his		6	בָנָ֨יו		attached-word	safe	0.6673	approved	0				PossessivePronoun of 'sons'
1:13	8	sons		6	בָנָ֨יו		global-review-known-rendering	safe	0.7673	approved	0				global known-rendering assignment; lexical score 0.62
1:13	10	daughters		8	בְנֹתָ֤יו		global-review-known-rendering	safe	0.7586	approved	0				global known-rendering assignment; lexical score 0.61
1:13	14	the				expands	supplied-article	safe	0.7633	approved	0				article the original does not write; rests on 'house' → 'בֵ֖ית'
1:13	15	house		14	בֵ֖ית		global-review-known-rendering	safe	0.7633	approved	0				global known-rendering assignment; lexical score 0.61
1:13	19	brother		15	אֲחִיהֶ֥ם		global-review-known-rendering	safe	0.772	approved	0				global known-rendering assignment; lexical score 0.62
1:14	6	Job		5	אִיֹּ֖וב		global-review-known-rendering	safe	0.782	approved	0				global known-rendering assignment; lexical score 0.63
1:14	8	said		7	יֹּאמַ֑ר		global-review-known-rendering	safe	0.7771	approved	0				global known-rendering assignment; lexical score 0.63
1:14	9	The		8	הַ		attached-word	safe	0.6011	approved	0				Article of 'oxen'
1:14	10	oxen		9	בָּקָר֙		global-review-known-rendering	safe	0.7011	approved	0				global known-rendering assignment; lexical score 0.55
1:14	12	ploughing		11	חֹֽרְשֹׁ֔ות		global-review-known-rendering	safe	0.7654	approved	0				global known-rendering assignment; lexical score 0.62
1:15	5	Sheba		3	שְׁבָא֙		global-review-known-rendering	safe	0.6279	approved	0				global known-rendering assignment; lexical score 0.48
1:15	10	took		5	תִּקָּחֵ֔ם		global-review-known-rendering	safe	0.5779	approved	0				global known-rendering assignment; lexical score 0.43
1:15	18	the				expands	supplied-article	safe	0.7805	approved	0				article the original does not write; rests on 'sword' → 'חָ֑רֶב'
1:15	19	sword		13	חָ֑רֶב		global-review-known-rendering	safe	0.7805	approved	0				global known-rendering assignment; lexical score 0.63
1:16	6	talking		3	מְדַבֵּ֗ר		global-review-known-rendering	safe	0.62	approved	0				global known-rendering assignment; lexical score 0.47
1:16	11	said		8	יֹּאמַר֒		global-review-known-rendering	safe	0.7771	approved	0				global known-rendering assignment; lexical score 0.63
1:16	12	The				expands	supplied-article	safe	0.6966	approved	0				article the original does not write; rests on 'fire' → 'אֵ֣שׁ'
1:16	13	fire		9	אֵ֣שׁ		global-review-known-rendering	safe	0.6966	approved	0				global known-rendering assignment; lexical score 0.55
1:16	14	of		10	אֱלֹהִ֗ים		attached-word	safe	0.5915	approved	0				Genitive of 'God'
1:16	15	God		10	אֱלֹהִ֗ים		global-review-known-rendering	safe	0.6915	approved	0				global known-rendering assignment; lexical score 0.54
1:16	19	heaven		14	שָּׁמַ֔יִם		global-review-known-rendering	safe	0.7268	approved	0				global known-rendering assignment; lexical score 0.58
1:16	22	the		18			attached-word	safe	0.5899	approved	0				Article of 'sheep'
1:16	23	sheep		19	צֹּ֛אן		global-review-known-rendering	safe	0.6899	approved	0				global known-rendering assignment; lexical score 0.54
1:17	6	talking		3	מְדַבֵּ֗ר		global-review-known-rendering	safe	0.62	approved	0				global known-rendering assignment; lexical score 0.47
1:17	11	said		8	יֹּאמַר֒		global-review-known-rendering	safe	0.7771	approved	0				global known-rendering assignment; lexical score 0.63
1:17	17	three		11	שְׁלֹשָׁ֣ה		global-review-known-rendering	safe	0.7754	approved	0				global known-rendering assignment; lexical score 0.63
1:17	23	the		16	הַ		attached-word	safe	0.68	approved	0				Article of 'camels'
1:17	24	camels		17	גְּמַלִּים֙		global-review-known-rendering	safe	0.78	approved	0				global known-rendering assignment; lexical score 0.63
1:17	26	took		19	יִּקָּח֔וּם		global-review-known-rendering	safe	0.5779	approved	0				global known-rendering assignment; lexical score 0.43
1:17	34	the				expands	supplied-article	safe	0.7805	approved	0				article the original does not write; rests on 'sword' → 'חָ֑רֶב'
1:17	35	sword		27	חָ֑רֶב		global-review-known-rendering	safe	0.7805	approved	0				global known-rendering assignment; lexical score 0.63
1:18	6	talking		3	מְדַבֵּ֔ר		global-review-known-rendering	safe	0.62	approved	0				global known-rendering assignment; lexical score 0.47
1:18	11	said		8	יֹּאמַ֑ר		global-review-known-rendering	safe	0.7771	approved	0				global known-rendering assignment; lexical score 0.63
1:18	12	Your		9	בָּנֶ֨יךָ		attached-word	safe	0.6673	approved	0				PossessivePronoun of 'sons'
1:18	13	sons		9	בָּנֶ֨יךָ		global-review-known-rendering	safe	0.7673	approved	0				global known-rendering assignment; lexical score 0.62
1:18	15	your		11	בְנֹותֶ֤יךָ		attached-word	safe	0.6586	approved	0				PossessivePronoun of 'daughters'
1:18	16	daughters		11	בְנֹותֶ֤יךָ		global-review-known-rendering	safe	0.7586	approved	0				global known-rendering assignment; lexical score 0.61
1:18	23	brother's		18	אֲחִיהֶ֥ם		global-review-known-rendering	safe	0.7481	approved	0				global known-rendering assignment; lexical score 0.60
1:18	24	house		17	בֵ֖ית		global-review-known-rendering	safe	0.7633	approved	0				global known-rendering assignment; lexical score 0.61
1:19	2	a				expands	supplied-indefinite-article	safe	0.6042	approved	0				indefinite article; rests on 'great' → 'גְּדֹולָ֜ה'
1:19	3	great		4	גְּדֹולָ֜ה		global-review-known-rendering	safe	0.6042	approved	0				global known-rendering assignment; lexical score 0.45
1:19	4	wind		3	ר֨וּחַ		global-review-known-rendering	safe	0.7315	approved	0				global known-rendering assignment; lexical score 0.58
1:19	12	the				expands	supplied-article	safe	0.7787	approved	0				article the original does not write; rests on 'four' → 'אַרְבַּע֙'
1:19	13	four		13	אַרְבַּע֙		global-review-known-rendering	safe	0.7787	approved	0				global known-rendering assignment; lexical score 0.63
1:19	16	the		15	הַ		attached-word	safe	0.6633	approved	0				Article of 'house'
1:19	17	house		16	בַּ֔יִת		global-review-known-rendering	safe	0.7633	approved	0				global known-rendering assignment; lexical score 0.61
1:19	29	dead		23	יָּמ֑וּתוּ		global-review-known-rendering	safe	0.6901	approved	0				global known-rendering assignment; lexical score 0.54
1:20	2	Job		3	אִיֹּוב֙		global-review-known-rendering	safe	0.782	approved	0				global known-rendering assignment; lexical score 0.63
1:20	22	the				expands	supplied-article	safe	0.7441	approved	0				article the original does not write; rests on 'earth' → 'אַ֖רְצָה'
1:20	23	earth		14	אַ֖רְצָה		global-review-known-rendering	safe	0.7441	approved	0				global known-rendering assignment; lexical score 0.59
1:20	26	worship		16	יִּשְׁתָּֽחוּ		global-review-known-rendering	safe	0.7347	approved	0				global known-rendering assignment; lexical score 0.58
1:21	7	my		7	אִמִּ֗י		attached-word	safe	0.7	approved	0				PossessivePronoun of 'mother's'
1:21	8	mother's		7	אִמִּ֗י		global-review-known-rendering	safe	0.8	approved	0				global known-rendering assignment; lexical score 0.65
1:21	16	back		10	אָשׁ֣וּב		global-review-known-rendering	safe	0.5608	approved	0				global known-rendering assignment; lexical score 0.41
1:21	18	the				expands	supplied-article	safe	0.7286	approved	0				article the original does not write; rests on 'Lord' → 'יְהוָ֣ה'
1:21	19	Lord		12	יְהוָ֣ה		global-review-known-rendering	safe	0.7286	approved	0				global known-rendering assignment; lexical score 0.58
1:21	20	gave		13	נָתַ֔ן		global-review-known-rendering	safe	0.6889	approved	0				global known-rendering assignment; lexical score 0.54
1:21	22	the				expands	supplied-article	safe	0.7286	approved	0				article the original does not write; rests on 'Lord' → 'יהוָ֖ה'
1:21	23	Lord		15	יהוָ֖ה		global-review-known-rendering	safe	0.7286	approved	0				global known-rendering assignment; lexical score 0.58
1:21	28	the				expands	supplied-article	safe	0.7076	approved	0				article the original does not write; rests on 'Lord's' → 'יְהוָ֖ה'
1:21	29	Lord's		19	יְהוָ֖ה		global-review-known-rendering	safe	0.7076	approved	0				global known-rendering assignment; lexical score 0.56
1:21	30	name		18	שֵׁ֥ם		global-review-known-rendering	safe	0.7896	approved	0				global known-rendering assignment; lexical score 0.64
1:22	2	all		2	כָל		global-review-known-rendering	safe	0.7586	approved	0				global known-rendering assignment; lexical score 0.61
1:22	4	Job		6	אִיֹּ֑וב		global-review-known-rendering	safe	0.782	approved	0				global known-rendering assignment; lexical score 0.63
1:22	10	not		8	לֹא		global-review-known-rendering	safe	0.6791	approved	0				global known-rendering assignment; lexical score 0.53
1:22	13	God's		12	אלֹהִֽים		global-review-known-rendering	safe	0.6364	approved	0				global known-rendering assignment; lexical score 0.49
2:1	4	a				expands	supplied-indefinite-article	safe	0.7654	approved	0				indefinite article; rests on 'day' → 'יֹּ֔ום'
2:1	5	day		4	יֹּ֔ום		global-review-known-rendering	safe	0.7654	approved	0				global known-rendering assignment; lexical score 0.62
2:1	7	the				expands	supplied-article	safe	0.7675	approved	0				article the original does not write; rests on 'sons' → 'בְּנֵ֣י'
2:1	8	sons		7	בְּנֵ֣י		global-review-known-rendering	safe	0.7675	approved	0				global known-rendering assignment; lexical score 0.62
2:1	9	of		9	אֱלֹהִ֔ים		attached-word	safe	0.6609	approved	0				Genitive of 'gods'
2:1	10	the		8	הָֽ		attached-word	safe	0.6609	approved	0				Article of 'gods'
2:1	11	gods		9	אֱלֹהִ֔ים		global-review-known-rendering	safe	0.7609	approved	0				global known-rendering assignment; lexical score 0.61
2:1	15	the				expands	supplied-article	safe	0.7286	approved	0				article the original does not write; rests on 'Lord' → 'יְהוָ֑ה'
2:1	16	Lord		13	יְהוָ֑ה		global-review-known-rendering	safe	0.7286	approved	0				global known-rendering assignment; lexical score 0.58
2:1	18	the		17	הַ		attached-word	safe	0.7	approved	0				Article of 'Satan'
2:1	19	Satan		18	שָּׂטָן֙		global-review-known-rendering	safe	0.8	approved	0				global known-rendering assignment; lexical score 0.65
2:2	2	the				expands	supplied-article	safe	0.7286	approved	0				article the original does not write; rests on 'Lord' → 'יְהוָה֙'
2:2	3	Lord		3	יְהוָה֙		global-review-known-rendering	safe	0.7286	approved	0				global known-rendering assignment; lexical score 0.58
2:2	4	said		2	יֹּ֤אמֶר		global-review-known-rendering	safe	0.7771	approved	0				global known-rendering assignment; lexical score 0.63
2:2	6	the		5	הַ		attached-word	safe	0.7	approved	0				Article of 'Satan'
2:2	7	Satan		6	שָּׂטָ֔ן		global-review-known-rendering	safe	0.8	approved	0				global known-rendering assignment; lexical score 0.65
2:2	11	come		10	תָּבֹ֑א		global-review-known-rendering	safe	0.5724	approved	0				global known-rendering assignment; lexical score 0.42
2:2	14	the		13	הַ		attached-word	safe	0.7	approved	0				Article of 'Satan'
2:2	15	Satan		14	שָּׂטָ֤ן		global-review-known-rendering	safe	0.8	approved	0				global known-rendering assignment; lexical score 0.65
2:2	16	said		18	יֹּאמַ֔ר		global-review-known-rendering	safe	0.7771	approved	0				global known-rendering assignment; lexical score 0.63
2:2	18	answer		12	יַּ֨עַן		global-review-known-rendering	safe	0.5917	approved	0				global known-rendering assignment; lexical score 0.44
2:2	26	the		22			attached-word	safe	0.6441	approved	0				Article of 'earth'
2:2	27	earth		23	אָ֔רֶץ		global-review-known-rendering	safe	0.7441	approved	0				global known-rendering assignment; lexical score 0.59
2:2	29	walking		26	הִתְהַלֵּ֖ךְ		global-review-known-rendering	safe	0.71	approved	0				global known-rendering assignment; lexical score 0.56
2:3	2	the				expands	supplied-article	safe	0.7286	approved	0				article the original does not write; rests on 'Lord' → 'יְהוָ֜ה'
2:3	3	Lord		3	יְהוָ֜ה		global-review-known-rendering	safe	0.7286	approved	0				global known-rendering assignment; lexical score 0.58
2:3	4	said		2	יֹּ֨אמֶר		global-review-known-rendering	safe	0.7771	approved	0				global known-rendering assignment; lexical score 0.63
2:3	6	the		5	הַ		attached-word	safe	0.7	approved	0				Article of 'Satan'
2:3	7	Satan		6	שָּׂטָ֗ן		global-review-known-rendering	safe	0.8	approved	0				global known-rendering assignment; lexical score 0.65
2:3	13	my		11	עַבְדִּ֣י		attached-word	safe	0.6445	approved	0				PossessivePronoun of 'servant'
2:3	14	servant		11	עַבְדִּ֣י		global-review-known-rendering	safe	0.7445	approved	0				global known-rendering assignment; lexical score 0.59
2:3	15	Job		12	אִיֹּוב֒		global-review-known-rendering	safe	0.7839	approved	0				global known-rendering assignment; lexical score 0.63
2:3	24	the		17			attached-word	safe	0.6441	approved	0				Article of 'earth'
2:3	25	earth		18	אָ֗רֶץ		global-review-known-rendering	safe	0.7441	approved	0				global known-rendering assignment; lexical score 0.59
2:3	26	a				expands	supplied-indefinite-article	safe	0.6004	approved	0				indefinite article; rests on 'man' → 'אִ֣ישׁ'
2:3	27	man		19	אִ֣ישׁ		global-review-known-rendering	safe	0.6004	approved	0				global known-rendering assignment; lexical score 0.45
2:3	31	upright		22	יָשָׁ֛ר		global-review-known-rendering	safe	0.6338	approved	0				global known-rendering assignment; lexical score 0.48
2:3	33	God		24	אֱלֹהִ֖ים		global-review-known-rendering	safe	0.6916	approved	0				global known-rendering assignment; lexical score 0.54
2:3	39	evil		28	רָ֑ע		global-review-known-rendering	safe	0.7313	approved	0				global known-rendering assignment; lexical score 0.58
2:4				1	וַ	omits	unrendered-conjunction	safe	0.5917	approved	0				conjunction no word of the verse renders; rests on 'answer' → 'יַּ֧עַן'
2:4				5	אֶת	omits	unrendered-object-marker	safe	0.7286	approved	0				object marker; rests on 'Lord' → 'יְהוָ֖ה'
2:4				12	וְ	omits	unrendered-conjunction	safe	0.7585	approved	0				conjunction no word of the verse renders; rests on 'all' → 'כֹל֙'
2:4	2	the		3	הַ		attached-word	safe	0.7	approved	0				Article of 'Satan'
2:4	3	Satan		4	שָּׂטָ֛ן		global-review-known-rendering	safe	0.8	approved	0				global known-rendering assignment; lexical score 0.65
2:4	4	said		8	יֹּאמַ֑ר		global-review-known-rendering	safe	0.7771	approved	0				global known-rendering assignment; lexical score 0.63
2:4	6	answer		2	יַּ֧עַן		global-review-known-rendering	safe	0.5917	approved	0				global known-rendering assignment; lexical score 0.44
2:4	8	the				expands	supplied-article	safe	0.7286	approved	0				article the original does not write; rests on 'Lord' → 'יְהוָ֖ה'
2:4	9	Lord		6	יְהוָ֖ה		global-review-known-rendering	safe	0.7286	approved	0				global known-rendering assignment; lexical score 0.58
2:4	10	Skin		9	עֹ֣ור		global-review-known-rendering	safe	0.776	approved	0				global known-rendering assignment; lexical score 0.63
2:4	12	skin		11	עֹ֗ור		global-review-known-rendering	safe	0.776	approved	0				global known-rendering assignment; lexical score 0.63
2:4	13	all		13	כֹל֙		global-review-known-rendering	safe	0.7585	approved	0				global known-rendering assignment; lexical score 0.61
2:4	14	a				expands	supplied-indefinite-article	safe	0.6004	approved	0				indefinite article; rests on 'man' → 'אִ֔ישׁ'
2:4	15	man		17	אִ֔ישׁ		global-review-known-rendering	safe	0.6004	approved	0				global known-rendering assignment; lexical score 0.45
2:4	19	give		18	יִתֵּ֖ן		global-review-known-rendering	safe	0.6517	approved	0				global known-rendering assignment; lexical score 0.50
2:5	3	if		12	אִם		global-review-known-rendering	safe	0.6411	approved	0				global known-rendering assignment; lexical score 0.49
2:5	7	your		4	יָֽדְךָ֔		attached-word	safe	0.5697	approved	0				PossessivePronoun of 'hand'
2:5	8	hand		4	יָֽדְךָ֔		global-review-known-rendering	safe	0.6697	approved	0				global known-rendering assignment; lexical score 0.52
2:5	10	his		8	עַצְמֹ֖ו		attached-word	safe	0.6	approved	0				PossessivePronoun of 'bone'
2:5	11	bone		8	עַצְמֹ֖ו		global-review-known-rendering	safe	0.7	approved	0				global known-rendering assignment; lexical score 0.55
2:5	13	his		11	בְּשָׂרֹ֑ו		attached-word	safe	0.6507	approved	0				PossessivePronoun of 'flesh'
2:5	14	flesh		11	בְּשָׂרֹ֑ו		global-review-known-rendering	safe	0.7507	approved	0				global known-rendering assignment; lexical score 0.60
2:5	22	your		15	פָּנֶ֖יךָ		attached-word	safe	0.639	approved	0				PossessivePronoun of 'face'
2:5	23	face		15	פָּנֶ֖יךָ		global-review-known-rendering	safe	0.739	approved	0				global known-rendering assignment; lexical score 0.59
2:6	4	said		2	יֹּ֧אמֶר		global-review-known-rendering	safe	0.7771	approved	0				global known-rendering assignment; lexical score 0.63
2:6	6	the		5	הַ		attached-word	safe	0.7	approved	0				Article of 'Satan'
2:6	7	Satan		6	שָּׂטָ֖ן		global-review-known-rendering	safe	0.8	approved	0				global known-rendering assignment; lexical score 0.65
2:6	12	your		9	יָדֶ֑ךָ		attached-word	safe	0.5719	approved	0				PossessivePronoun of 'hands'
2:6	13	hands		9	יָדֶ֑ךָ		global-review-known-rendering	safe	0.6719	approved	0				global known-rendering assignment; lexical score 0.52
2:7				6	אֵ֖ת	omits	unrendered-object-marker	safe	0.6584	approved	0				object marker; rests on 'before' → 'פְּנֵ֣י'
2:7				11	אֶת	omits	unrendered-object-marker	safe	0.7839	approved	0				object marker; rests on 'Job' → 'אִיֹּוב֙'
2:7	2	the		3	הַ		attached-word	safe	0.7	approved	0				Article of 'Satan'
2:7	3	Satan		4	שָּׂטָ֔ן		global-review-known-rendering	safe	0.8	approved	0				global known-rendering assignment; lexical score 0.65
2:7	7	before		7	פְּנֵ֣י		global-review-known-rendering	safe	0.6584	approved	0				global known-rendering assignment; lexical score 0.51
2:7	8	the				expands	supplied-article	safe	0.7286	approved	0				article the original does not write; rests on 'Lord' → 'יְהוָ֑ה'
2:7	9	Lord		8	יְהוָ֑ה		global-review-known-rendering	safe	0.7286	approved	0				global known-rendering assignment; lexical score 0.58
2:7	13	Job		12	אִיֹּוב֙		global-review-known-rendering	safe	0.7839	approved	0				global known-rendering assignment; lexical score 0.63
2:7	14	an				expands	supplied-indefinite-article	safe	0.7313	approved	0				indefinite article; rests on 'evil' → 'רָ֔ע'
2:7	15	evil		15	רָ֔ע		global-review-known-rendering	safe	0.7313	approved	0				global known-rendering assignment; lexical score 0.58
2:7	21	his		18	רַגְלֹ֖ו		attached-word	safe	0.6372	approved	0				PossessivePronoun of 'feet'
2:7	22	feet		18	רַגְלֹ֖ו		global-review-known-rendering	safe	0.7372	approved	0				global known-rendering assignment; lexical score 0.59
2:8	3	took		2	יִּֽקַּֽח		global-review-known-rendering	safe	0.5779	approved	0				global known-rendering assignment; lexical score 0.43
2:9	2	his		4	אִשְׁתֹּ֔ו		attached-word	safe	0.6827	approved	0				PossessivePronoun of 'wife'
2:9	3	wife		4	אִשְׁתֹּ֔ו		global-review-known-rendering	safe	0.7827	approved	0				global known-rendering assignment; lexical score 0.63
2:9	4	said		2	תֹּ֤אמֶר		global-review-known-rendering	safe	0.7771	approved	0				global known-rendering assignment; lexical score 0.63
2:9	17	God		10	אֱלֹהִ֖ים		global-review-known-rendering	safe	0.6916	approved	0				global known-rendering assignment; lexical score 0.54
2:10				11	אֶת	omits	unrendered-object-marker	safe	0.6856	approved	0				object marker; rests on 'good' → 'טֹּ֗וב'
2:10				16	אֵ֣ת	omits	unrendered-object-marker	safe	0.6916	approved	0				object marker; rests on 'God' → 'אֱלֹהִ֔ים'
2:10				17	הָ	omits	unrendered-article	safe	0.6916	approved	0				article no the of the verse renders; rests on 'God' → 'אֱלֹהִ֔ים'
2:10				20	אֶת	omits	unrendered-object-marker	safe	0.7313	approved	0				object marker; rests on 'evil' → 'רָ֖ע'
2:10	3	said		2	יֹּ֣אמֶר		global-review-known-rendering	safe	0.7771	approved	0				global known-rendering assignment; lexical score 0.63
2:10	8	talking		5	דַבֵּ֞ר		global-review-known-rendering	safe	0.62	approved	0				global known-rendering assignment; lexical score 0.47
2:10	10	one		6	אַחַ֤ת		global-review-known-rendering	safe	0.5903	approved	0				global known-rendering assignment; lexical score 0.44
2:10	18	the		12	הַ		attached-word	safe	0.5856	approved	0				Article of 'good'
2:10	19	good		13	טֹּ֗וב		global-review-known-rendering	safe	0.6856	approved	0				global known-rendering assignment; lexical score 0.54
2:10	20	God		18	אֱלֹהִ֔ים		global-review-known-rendering	safe	0.6916	approved	0				global known-rendering assignment; lexical score 0.54
2:10	25	not		23	לֹ֣א		global-review-known-rendering	safe	0.6789	approved	0				global known-rendering assignment; lexical score 0.53
2:10	28	the		21	הָ		attached-word	safe	0.6313	approved	0				Article of 'evil'
2:10	29	evil		22	רָ֖ע		global-review-known-rendering	safe	0.7313	approved	0				global known-rendering assignment; lexical score 0.58
2:10	34	all		26	כָל		global-review-known-rendering	safe	0.7585	approved	0				global known-rendering assignment; lexical score 0.61
2:10	36	Job		30	אִיֹּ֖וב		global-review-known-rendering	safe	0.7839	approved	0				global known-rendering assignment; lexical score 0.63
2:10	38	his		32	שְׂפָתָֽיו		attached-word	safe	0.6839	approved	0				PossessivePronoun of 'lips'
2:10	39	lips		32	שְׂפָתָֽיו		global-review-known-rendering	safe	0.7839	approved	0				global known-rendering assignment; lexical score 0.63
2:11				6	אֵ֣ת	omits	unrendered-object-marker	safe	0.7585	approved	0				object marker; rests on 'all' → 'כָּל'
2:11				8	הָ	omits	unrendered-article	safe	0.7313	approved	0				article no the of the verse renders; rests on 'evil' → 'רָעָ֣ה'
2:11				12	הַ	omits	unrendered-article	safe	0.5724	approved	0				article no the of the verse renders; rests on 'come' → 'בָּ֣אָה'
2:11	2	Job's		5	אִיֹּ֗וב		global-review-known-rendering	safe	0.7839	approved	0				global known-rendering assignment; lexical score 0.63
2:11	3	three		3	שְׁלֹ֣שֶׁת		global-review-known-rendering	safe	0.7756	approved	0				global known-rendering assignment; lexical score 0.63
2:11	8	all		7	כָּל		global-review-known-rendering	safe	0.7585	approved	0				global known-rendering assignment; lexical score 0.61
2:11	10	evil		9	רָעָ֣ה		global-review-known-rendering	safe	0.7313	approved	0				global known-rendering assignment; lexical score 0.58
2:11	13	come		13	בָּ֣אָה		global-review-known-rendering	safe	0.5724	approved	0				global known-rendering assignment; lexical score 0.42
2:11	22	his		19	מְּקֹמֹ֔ו		attached-word	safe	0.5415	approved	0				PossessivePronoun of 'place'
2:11	23	place		19	מְּקֹמֹ֔ו		global-review-known-rendering	safe	0.6415	approved	0				global known-rendering assignment; lexical score 0.49
2:11	24	Eliphaz		20	אֱלִיפַ֤ז		global-review-known-rendering	safe	0.77	approved	0				global known-rendering assignment; lexical score 0.62
2:11	25	the		21	הַ		attached-word	safe	0.7	approved	0				Article of 'Temanite'
2:11	26	Temanite		22	תֵּימָנִי֙		global-review-known-rendering	safe	0.8	approved	0				global known-rendering assignment; lexical score 0.65
2:11	28	Bildad		24	בִלְדַּ֣ד		global-review-known-rendering	safe	0.8	approved	0				global known-rendering assignment; lexical score 0.65
2:11	29	the		25	הַ		attached-word	safe	0.7	approved	0				Article of 'Shuhite'
2:11	30	Shuhite		26	שּׁוּחִ֔י		global-review-known-rendering	safe	0.8	approved	0				global known-rendering assignment; lexical score 0.65
2:11	60	comfort		41	נַחֲמֹֽו		global-review-known-rendering	safe	0.6988	approved	0				global known-rendering assignment; lexical score 0.55
2:12				3	אֶת	omits	unrendered-object-marker	safe	0.7842	approved	0				object marker; rests on 'eyes' → 'עֵינֵיהֶ֤ם'
2:12	4	their		4	עֵינֵיהֶ֤ם		attached-word	safe	0.6842	approved	0				PossessivePronoun of 'eyes'
2:12	5	eyes		4	עֵינֵיהֶ֤ם		global-review-known-rendering	safe	0.7842	approved	0				global known-rendering assignment; lexical score 0.63
2:12	14	not		8	לֹ֣א		global-review-known-rendering	safe	0.6789	approved	0				global known-rendering assignment; lexical score 0.53
2:12	17	the				expands	supplied-article	safe	0.6004	approved	0				article the original does not write; rests on 'man' → 'אִ֣ישׁ'
2:12	18	man		17	אִ֣ישׁ		global-review-known-rendering	safe	0.6004	approved	0				global known-rendering assignment; lexical score 0.45
2:12	42	dust		21	עָפָ֛ר		global-review-known-rendering	safe	0.7308	approved	0				global known-rendering assignment; lexical score 0.58
2:12	44	their		23	רָאשֵׁיהֶ֖ם		attached-word	safe	0.6654	approved	0				PossessivePronoun of 'heads'
2:12	45	heads		23	רָאשֵׁיהֶ֖ם		global-review-known-rendering	safe	0.7654	approved	0				global known-rendering assignment; lexical score 0.62
2:13	7	the		5			attached-word	safe	0.6441	approved	0				Article of 'earth'
2:13	8	earth		6	אָ֔רֶץ		global-review-known-rendering	safe	0.7441	approved	0				global known-rendering assignment; lexical score 0.59
2:13	13	seven		7	שִׁבְעַ֥ת		global-review-known-rendering	safe	0.783	approved	0				global known-rendering assignment; lexical score 0.63
2:13	14	days		8	יָמִ֖ים		global-review-known-rendering	safe	0.7783	approved	0				global known-rendering assignment; lexical score 0.63
2:13	16	seven		10	שִׁבְעַ֣ת		global-review-known-rendering	safe	0.783	approved	0				global known-rendering assignment; lexical score 0.63
2:13	17	nights		11	לֵילֹ֑ות		global-review-known-rendering	safe	0.8	approved	0				global known-rendering assignment; lexical score 0.65
2:13	22	a				expands	supplied-indefinite-article	safe	0.7455	approved	0				indefinite article; rests on 'word' → 'דָּבָ֔ר'
2:13	23	word		16	דָּבָ֔ר		global-review-known-rendering	safe	0.7455	approved	0				global known-rendering assignment; lexical score 0.60
2:13	28	saw		18	רָא֔וּ		global-review-known-rendering	safe	0.7193	approved	0				global known-rendering assignment; lexical score 0.57
2:13	33	very		23	מְאֹֽד		global-review-known-rendering	safe	0.5862	approved	0				global known-rendering assignment; lexical score 0.44
3:1				5	אֶת	omits	unrendered-object-marker	safe	0.7136	approved	0				object marker; rests on 'mouth' → 'פִּ֔יהוּ'
3:1				9	אֶת	omits	unrendered-object-marker	safe	0.7656	approved	0				object marker; rests on 'day' → 'יֹומֹֽו'
3:1	3	his		6	פִּ֔יהוּ		attached-word	safe	0.6136	approved	0				PossessivePronoun of 'mouth'
3:1	4	mouth		6	פִּ֔יהוּ		global-review-known-rendering	safe	0.7136	approved	0				global known-rendering assignment; lexical score 0.56
3:1	7	the				expands	supplied-article	safe	0.7656	approved	0				article the original does not write; rests on 'day' → 'יֹומֹֽו'
3:1	8	day		10	יֹומֹֽו		global-review-known-rendering	safe	0.7656	approved	0				global known-rendering assignment; lexical score 0.62
3:2				1	וַ	omits	unrendered-conjunction	safe	0.5917	approved	0				conjunction no word of the verse renders; rests on 'answer' → 'יַּ֥עַן'
3:2	1	Job		3	אִיֹּ֗וב		global-review-known-rendering	safe	0.792	approved	0				global known-rendering assignment; lexical score 0.64
3:2	3	answer		2	יַּ֥עַן		global-review-known-rendering	safe	0.5917	approved	0				global known-rendering assignment; lexical score 0.44
3:2	5	said		5	יֹּאמַֽר		global-review-known-rendering	safe	0.7772	approved	0				global known-rendering assignment; lexical score 0.63
3:3	4	the				expands	supplied-article	safe	0.7656	approved	0				article the original does not write; rests on 'day' → 'יֹ֖ום'
3:3	5	day		2	יֹ֖ום		global-review-known-rendering	safe	0.7656	approved	0				global known-rendering assignment; lexical score 0.62
3:3	10	the		6	הַ		attached-word	safe	0.6343	approved	0				Article of 'night'
3:3	11	night		7	לַּ֥יְלָה		global-review-known-rendering	safe	0.7343	approved	0				global known-rendering assignment; lexical score 0.58
3:3	16	said		8	אָ֝מַ֗ר		global-review-known-rendering	safe	0.7772	approved	0				global known-rendering assignment; lexical score 0.63
3:4	2	day		2	יֹּ֥ום		global-review-known-rendering	safe	0.7656	approved	0				global known-rendering assignment; lexical score 0.62
3:5	24	day		10	יֹֽום		global-review-known-rendering	safe	0.7656	approved	0				global known-rendering assignment; lexical score 0.62
3:6	2	night		2	לַּ֥יְלָה		global-review-known-rendering	safe	0.7343	approved	0				global known-rendering assignment; lexical score 0.58
3:6	7	take		5	יִקָּחֵ֢ה֫וּ		global-review-known-rendering	safe	0.5504	approved	0				global known-rendering assignment; lexical score 0.40
3:6	15	the				expands	supplied-article	safe	0.7783	approved	0				article the original does not write; rests on 'days' → 'ימֵ֣י'
3:6	16	days		10	ימֵ֣י		global-review-known-rendering	safe	0.7783	approved	0				global known-rendering assignment; lexical score 0.63
3:6	17	of		11	שָׁנָ֑ה		attached-word	safe	0.6705	approved	0				Genitive of 'year'
3:6	18	the				expands	supplied-article	safe	0.7705	approved	0				article the original does not write; rests on 'year' → 'שָׁנָ֑ה'
3:6	19	year		11	שָׁנָ֑ה		global-review-known-rendering	safe	0.7705	approved	0				global known-rendering assignment; lexical score 0.62
3:6	23	come		16	יָבֹֽא		global-review-known-rendering	safe	0.5724	approved	0				global known-rendering assignment; lexical score 0.42
3:6	25	the				expands	supplied-article	safe	0.6443	approved	0				article the original does not write; rests on 'number' → 'מִסְפַּ֥ר'
3:6	26	number		13	מִסְפַּ֥ר		global-review-known-rendering	safe	0.6443	approved	0				global known-rendering assignment; lexical score 0.49
3:7				2	הַ	omits	unrendered-article	safe	0.7343	approved	0				article no the of the verse renders; rests on 'night' → 'לַּ֣יְלָה'
3:7	4	night		3	לַּ֣יְלָה		global-review-known-rendering	safe	0.7343	approved	0				global known-rendering assignment; lexical score 0.58
3:8	4	cursed		2	אֹרְרֵי		global-review-known-rendering	safe	0.6412	approved	0				global known-rendering assignment; lexical score 0.49
3:8	12	the				expands	supplied-article	safe	0.7656	approved	0				article the original does not write; rests on 'day' → 'יֹ֑ום'
3:8	13	day		3	יֹ֑ום		global-review-known-rendering	safe	0.7656	approved	0				global known-rendering assignment; lexical score 0.62
3:8	19	Leviathan		7	לִוְיָתָֽן		global-review-known-rendering	safe	0.8	approved	0				global known-rendering assignment; lexical score 0.65
3:8	20	awake		6	עֹרֵ֥ר		global-review-known-rendering	safe	0.6625	approved	0				global known-rendering assignment; lexical score 0.51
3:9	4	stars		2	כֹּוכְבֵ֢י		global-review-known-rendering	safe	0.7614	approved	0				global known-rendering assignment; lexical score 0.61
3:9	12	light		6	אֹ֥ור		global-review-known-rendering	safe	0.6273	approved	0				global known-rendering assignment; lexical score 0.48
3:9	22	see		11	יִ֝רְאֶ֗ה		global-review-known-rendering	safe	0.7063	approved	0				global known-rendering assignment; lexical score 0.56
3:9	26	the				expands	supplied-article	safe	0.575	approved	0				article the original does not write; rests on 'dawn' → 'נִ֫שְׁפֹּ֥ו'
3:9	27	dawn		3	נִ֫שְׁפֹּ֥ו		global-review-known-rendering	safe	0.575	approved	0				global known-rendering assignment; lexical score 0.43
3:10	4	not		2	לֹ֣א		global-review-known-rendering	safe	0.6792	approved	0				global known-rendering assignment; lexical score 0.53
3:10	6	the				expands	supplied-article	safe	0.6911	approved	0				article the original does not write; rests on 'doors' → 'דַּלְתֵ֣י'
3:10	7	doors		4	דַּלְתֵ֣י		global-review-known-rendering	safe	0.6911	approved	0				global known-rendering assignment; lexical score 0.54
3:10	12	shut		3	סָ֭גַר		global-review-known-rendering	safe	0.6085	approved	0				global known-rendering assignment; lexical score 0.46
3:10	20	my		10	עֵינָֽי		attached-word	safe	0.6852	approved	0				PossessivePronoun of 'eyes'
3:10	21	eyes		10	עֵינָֽי		global-review-known-rendering	safe	0.7852	approved	0				global known-rendering assignment; lexical score 0.64
3:11	1	Why		1	לָ֤מָּה		global-review-known-rendering	safe	0.6603	approved	0				global known-rendering assignment; lexical score 0.51
3:11	4	not		2	לֹּ֣א		global-review-known-rendering	safe	0.6792	approved	0				global known-rendering assignment; lexical score 0.53
3:12	3	the				expands	supplied-article	safe	0.764	approved	0				article the original does not write; rests on 'knees' → 'בִרְכָּ֑יִם'
3:12	4	knees		3	בִרְכָּ֑יִם		global-review-known-rendering	safe	0.764	approved	0				global known-rendering assignment; lexical score 0.61
3:12	8	why		5	מַה		global-review-known-rendering	safe	0.6603	approved	0				global known-rendering assignment; lexical score 0.51
3:12	9	the				expands	supplied-article	safe	0.656	approved	0				article the original does not write; rests on 'breasts' → 'שָּׁ֝דַ֗יִם'
3:12	10	breasts		6	שָּׁ֝דַ֗יִם		global-review-known-rendering	safe	0.656	approved	0				global known-rendering assignment; lexical score 0.51
3:13	11	quiet		5	אֶשְׁקֹ֑וט		global-review-known-rendering	safe	0.602	approved	0				global known-rendering assignment; lexical score 0.45
3:14	2	kings		2	מְ֭לָכִים		global-review-known-rendering	safe	0.7743	approved	0				global known-rendering assignment; lexical score 0.62
3:14	8	the				expands	supplied-article	safe	0.7442	approved	0				article the original does not write; rests on 'earth' → 'אָ֑רֶץ'
3:14	9	earth		5	אָ֑רֶץ		global-review-known-rendering	safe	0.7442	approved	0				global known-rendering assignment; lexical score 0.59
3:15	6	gold		4	זָהָ֣ב		global-review-known-rendering	safe	0.7408	approved	0				global known-rendering assignment; lexical score 0.59
3:15	9	houses		8	בָּתֵּיהֶ֣ם		global-review-known-rendering	safe	0.755	approved	0				global known-rendering assignment; lexical score 0.60
3:15	13	silver		9	כָּֽסֶף		global-review-known-rendering	safe	0.7717	approved	0				global known-rendering assignment; lexical score 0.62
3:16	10	never		5	לֹ֣א		global-review-known-rendering	safe	0.6347	approved	0				global known-rendering assignment; lexical score 0.48
3:16	20	not		9	לֹא		global-review-known-rendering	safe	0.6792	approved	0				global known-rendering assignment; lexical score 0.53
3:16	21	seen		10	רָ֥אוּ		global-review-known-rendering	safe	0.7113	approved	0				global known-rendering assignment; lexical score 0.56
3:16	22	the				expands	supplied-article	safe	0.6273	approved	0				article the original does not write; rests on 'light' → 'אֹֽור'
3:16	23	light		11	אֹֽור		global-review-known-rendering	safe	0.6273	approved	0				global known-rendering assignment; lexical score 0.48
3:18	8	the				expands	supplied-article	safe	0.787	approved	0				article the original does not write; rests on 'voice' → 'קֹ֣ול'
3:18	9	voice		6	קֹ֣ול		global-review-known-rendering	safe	0.787	approved	0				global known-rendering assignment; lexical score 0.64
3:18	14	not		4	לֹ֥א		global-review-known-rendering	safe	0.6792	approved	0				global known-rendering assignment; lexical score 0.53
3:19	4	the				expands	supplied-article	safe	0.6038	approved	0				article the original does not write; rests on 'great' → 'גָדֹול'
3:19	5	great		3	גָדֹול		global-review-known-rendering	safe	0.6038	approved	0				global known-rendering assignment; lexical score 0.45
3:19	9	the				expands	supplied-article	safe	0.7445	approved	0				article the original does not write; rests on 'servant' → 'עֶ֗בֶד'
3:19	10	servant		7	עֶ֗בֶד		global-review-known-rendering	safe	0.7445	approved	0				global known-rendering assignment; lexical score 0.59
3:19	12	free		8	חָפְשִׁ֥י		global-review-known-rendering	safe	0.6096	approved	0				global known-rendering assignment; lexical score 0.46
3:19	14	his		10	אֲדֹנָֽיו		attached-word	safe	0.6506	approved	0				PossessivePronoun of 'master'
3:19	15	master		10	אֲדֹנָֽיו		global-review-known-rendering	safe	0.7506	approved	0				global known-rendering assignment; lexical score 0.60
3:20	1	Why		1	לָ֤מָּה		global-review-known-rendering	safe	0.6603	approved	0				global known-rendering assignment; lexical score 0.51
3:20	4	give		2	יִתֵּ֣ן		global-review-known-rendering	safe	0.6523	approved	0				global known-rendering assignment; lexical score 0.50
3:20	5	light		5	אֹ֑ור		global-review-known-rendering	safe	0.6273	approved	0				global known-rendering assignment; lexical score 0.48
3:20	15	the				expands	supplied-article	safe	0.6293	approved	0				article the original does not write; rests on 'bitter' → 'מָ֣רֵי'
3:20	16	bitter		9	מָ֣רֵי		global-review-known-rendering	safe	0.6293	approved	0				global known-rendering assignment; lexical score 0.48
3:20	18	soul		10	נָֽפֶשׁ		global-review-known-rendering	safe	0.7921	approved	0				global known-rendering assignment; lexical score 0.64
3:21	18	than		10	מִ		global-review-known-rendering	safe	0.5849	approved	0				global known-rendering assignment; lexical score 0.43
3:22				1	הַ	omits	unrendered-article	safe	0.6091	approved	0				article no the of the verse renders; rests on 'glad' → 'שְּׂמֵחִ֥ים'
3:22	3	glad		2	שְּׂמֵחִ֥ים		global-review-known-rendering	safe	0.6091	approved	0				global known-rendering assignment; lexical score 0.46
3:23	5	way		4	דַּרְכֹּ֣ו		global-review-known-rendering	safe	0.7232	approved	0				global known-rendering assignment; lexical score 0.57
3:24				10		omits	unrendered-article	safe	0.7746	approved	0				article no the of the verse renders; rests on 'water' → 'מַּ֗יִם'
3:24	13	come		6	תָבֹ֑א		global-review-known-rendering	safe	0.5724	approved	0				global known-rendering assignment; lexical score 0.42
3:24	17	water		11	מַּ֗יִם		global-review-known-rendering	safe	0.7746	approved	0				global known-rendering assignment; lexical score 0.62
3:25	8	comes		9	יָ֣בֹא		global-review-known-rendering	safe	0.5786	approved	0				global known-rendering assignment; lexical score 0.43
3:26	6	quiet		5	שָׁקַ֥טְתִּי		global-review-known-rendering	safe	0.602	approved	0				global known-rendering assignment; lexical score 0.45
3:26	13	comes		10	יָּ֥בֹא		global-review-known-rendering	safe	0.5786	approved	0				global known-rendering assignment; lexical score 0.43
4:1	2	Eliphaz		3	אֱלִיפַ֥ז		global-review-known-rendering	safe	0.77	approved	0				global known-rendering assignment; lexical score 0.62
4:1	3	the		4	הַֽ		attached-word	safe	0.7	approved	0				Article of 'Temanite'
4:1	4	Temanite		5	תֵּימָנִ֗י		global-review-known-rendering	safe	0.8	approved	0				global known-rendering assignment; lexical score 0.65
4:1	6	answer		2	יַּעַן		global-review-known-rendering	safe	0.5917	approved	0				global known-rendering assignment; lexical score 0.44
4:1	8	said		7	יֹּאמַֽר		global-review-known-rendering	safe	0.7772	approved	0				global known-rendering assignment; lexical score 0.63
4:2	4	a				expands	supplied-indefinite-article	safe	0.7457	approved	0				indefinite article; rests on 'word' → 'דָבָ֣ר'
4:2	5	word		3	דָבָ֣ר		global-review-known-rendering	safe	0.7457	approved	0				global known-rendering assignment; lexical score 0.60
4:2	14	who		10	מִ֣י		global-review-known-rendering	safe	0.5984	approved	0				global known-rendering assignment; lexical score 0.45
4:3	14	hands		5	יָדַ֖יִם		global-review-known-rendering	safe	0.6716	approved	0				global known-rendering assignment; lexical score 0.52
4:4	21	knees		5	בִרְכַּ֖יִם		global-review-known-rendering	safe	0.764	approved	0				global known-rendering assignment; lexical score 0.61
4:5	2	now		2	עַתָּ֨ה		global-review-known-rendering	safe	0.6316	approved	0				global known-rendering assignment; lexical score 0.48
4:5	5	come		3	תָּבֹ֣וא		global-review-known-rendering	safe	0.5725	approved	0				global known-rendering assignment; lexical score 0.42
4:5	17	touched		7	תִּגַּ֥ע		global-review-known-rendering	safe	0.7357	approved	0				global known-rendering assignment; lexical score 0.59
4:6	2	not		2	לֹ֣א		global-review-known-rendering	safe	0.6789	approved	0				global known-rendering assignment; lexical score 0.53
4:6	12	way		8	דְּרָכֶֽיךָ		global-review-known-rendering	safe	0.7234	approved	0				global known-rendering assignment; lexical score 0.57
4:7	8	an				expands	supplied-indefinite-article	safe	0.6364	approved	0				indefinite article; rests on 'upright' → 'יְשָׁרִ֥ים'
4:7	9	upright		9	יְשָׁרִ֥ים		global-review-known-rendering	safe	0.6364	approved	0				global known-rendering assignment; lexical score 0.49
4:8	4	seen		3	רָ֭אִיתִי		global-review-known-rendering	safe	0.7109	approved	0				global known-rendering assignment; lexical score 0.56
4:8	9	whom		2	אֲשֶׁ֣ר		global-review-known-rendering	safe	0.6483	approved	0				global known-rendering assignment; lexical score 0.50
4:8	13	ploughed		4	חֹ֣רְשֵׁי		global-review-known-rendering	safe	0.7654	approved	0				global known-rendering assignment; lexical score 0.62
4:9	11	the				expands	supplied-article	safe	0.7323	approved	0				article the original does not write; rests on 'wind' → 'ר֖וּחַ'
4:9	12	wind		7	ר֖וּחַ		global-review-known-rendering	safe	0.7323	approved	0				global known-rendering assignment; lexical score 0.58
4:10	5	the				expands	supplied-article	safe	0.625	approved	0				article the original does not write; rests on 'lion' → 'אַ֭רְיֵה'
4:10	6	lion		2	אַ֭רְיֵה		global-review-known-rendering	safe	0.625	approved	0				global known-rendering assignment; lexical score 0.48
4:10	12	voice		4	קֹ֣ול		global-review-known-rendering	safe	0.7858	approved	0				global known-rendering assignment; lexical score 0.64
4:10	16	the				expands	supplied-article	safe	0.7027	approved	0				article the original does not write; rests on 'teeth' → 'שִׁנֵּ֖י'
4:10	17	teeth		7	שִׁנֵּ֖י		global-review-known-rendering	safe	0.7027	approved	0				global known-rendering assignment; lexical score 0.55
4:12	1	A				expands	supplied-indefinite-article	safe	0.7457	approved	0				indefinite article; rests on 'word' → 'דָּבָ֣ר'
4:12	2	word		3	דָּבָ֣ר		global-review-known-rendering	safe	0.7457	approved	0				global known-rendering assignment; lexical score 0.60
4:12	16	my		7	אָ֝זְנִ֗י		attached-word	safe	0.6206	approved	0				PossessivePronoun of 'ears'
4:12	17	ears		7	אָ֝זְנִ֗י		global-review-known-rendering	safe	0.7206	approved	0				global known-rendering assignment; lexical score 0.57
4:13	7	the				expands	supplied-article	safe	0.7349	approved	0				article the original does not write; rests on 'night' → 'לָ֑יְלָה'
4:13	8	night		5	לָ֑יְלָה		global-review-known-rendering	safe	0.7349	approved	0				global known-rendering assignment; lexical score 0.58
4:13	14	men		10	אֲנָשִֽׁים		global-review-known-rendering	safe	0.5619	approved	0				global known-rendering assignment; lexical score 0.41
4:14	8	my		7	עַצְמֹותַ֣י		attached-word	safe	0.6621	approved	0				PossessivePronoun of 'bones'
4:14	9	bones		7	עַצְמֹותַ֣י		global-review-known-rendering	safe	0.7621	approved	0				global known-rendering assignment; lexical score 0.61
4:15	2	a				expands	supplied-indefinite-article	safe	0.6393	approved	0				indefinite article; rests on 'breath' → 'רוּחַ'
4:15	3	breath		2	רוּחַ		global-review-known-rendering	safe	0.6393	approved	0				global known-rendering assignment; lexical score 0.49
4:15	6	over		3	עַל		global-review-known-rendering	safe	0.5668	approved	0				global known-rendering assignment; lexical score 0.42
4:15	7	my		4	פָּנַ֣י		attached-word	safe	0.639	approved	0				PossessivePronoun of 'face'
4:15	8	face		4	פָּנַ֣י		global-review-known-rendering	safe	0.739	approved	0				global known-rendering assignment; lexical score 0.59
4:15	11	of		8	בְּשָׂרִֽי		attached-word	safe	0.5507	approved	0				Genitive of 'my'
4:15	12	my		8	בְּשָׂרִֽי		attached-word	safe	0.6507	approved	0				PossessivePronoun of 'flesh'
4:15	13	flesh		8	בְּשָׂרִֽי		global-review-known-rendering	safe	0.7507	approved	0				global known-rendering assignment; lexical score 0.60
4:16	9	not		3	לֹא		global-review-known-rendering	safe	0.6789	approved	0				global known-rendering assignment; lexical score 0.53
4:16	20	my		9	עֵינָ֑י		attached-word	safe	0.6842	approved	0				PossessivePronoun of 'eyes'
4:16	21	eyes		9	עֵינָ֑י		global-review-known-rendering	safe	0.7842	approved	0				global known-rendering assignment; lexical score 0.63
4:16	24	voice		12	קֹ֣ול		global-review-known-rendering	safe	0.7858	approved	0				global known-rendering assignment; lexical score 0.64
4:17	2	a				expands	supplied-indefinite-article	safe	0.6007	approved	0				indefinite article; rests on 'man' → 'אֱנֹושׁ'
4:17	3	man		2	אֱנֹושׁ		global-review-known-rendering	safe	0.6007	approved	0				global known-rendering assignment; lexical score 0.45
4:17	14	his		8	עֹשֵׂ֗הוּ		attached-word	safe	0.55	approved	0				PossessivePronoun of 'Maker'
4:17	15	Maker		8	עֹשֵׂ֗הוּ		global-review-known-rendering	safe	0.65	approved	0				global known-rendering assignment; lexical score 0.50
4:18	7	his		3	עֲבָדָיו		attached-word	safe	0.6357	approved	0				PossessivePronoun of 'servants'
4:18	8	servants		3	עֲבָדָיו		global-review-known-rendering	safe	0.7357	approved	0				global known-rendering assignment; lexical score 0.59
4:18	14	his		8	מַלְאָכָ֗יו		attached-word	safe	0.5615	approved	0				PossessivePronoun of 'angels'
4:18	15	angels		8	מַלְאָכָ֗יו		global-review-known-rendering	safe	0.6615	approved	0				global known-rendering assignment; lexical score 0.51
4:19	7	houses		3	בָֽתֵּי		global-review-known-rendering	safe	0.755	approved	0				global known-rendering assignment; lexical score 0.60
4:19	14	the		7			attached-word	safe	0.6308	approved	0				Article of 'dust'
4:19	15	dust		8	עָפָ֥ר		global-review-known-rendering	safe	0.7308	approved	0				global known-rendering assignment; lexical score 0.58
4:20				4		omits	unrendered-article	safe	0.7575	approved	0				article no the of the verse renders; rests on 'evening' → 'עֶ֣רֶב'
4:20	2	morning		2	בֹּ֣קֶר		global-review-known-rendering	safe	0.7541	approved	0				global known-rendering assignment; lexical score 0.60
4:20	4	evening		5	עֶ֣רֶב		global-review-known-rendering	safe	0.7575	approved	0				global known-rendering assignment; lexical score 0.61
4:21	9	not		8	לֹ֣א		global-review-known-rendering	safe	0.6789	approved	0				global known-rendering assignment; lexical score 0.53
4:21	16	wisdom		10	חָכְמָֽה		global-review-known-rendering	safe	0.7036	approved	0				global known-rendering assignment; lexical score 0.55
5:1	10	who		8	מִ֖י		global-review-known-rendering	safe	0.5992	approved	0				global known-rendering assignment; lexical score 0.45
5:1	14	an				expands	supplied-indefinite-article	safe	0.5897	approved	0				indefinite article; rests on 'answer' → 'עֹונֶ֑ךָּ'
5:1	15	answer		5	עֹונֶ֑ךָּ		global-review-known-rendering	safe	0.5897	approved	0				global known-rendering assignment; lexical score 0.44
5:3	3	seen		2	רָ֭אִיתִי		global-review-known-rendering	safe	0.7109	approved	0				global known-rendering assignment; lexical score 0.56
5:3	9	suddenly		8	פִתְאֹֽם		global-review-known-rendering	safe	0.665	approved	0				global known-rendering assignment; lexical score 0.52
5:4	2	his		2	בָנָ֣יו		attached-word	safe	0.6611	approved	0				PossessivePronoun of 'children'
5:4	3	children		2	בָנָ֣יו		global-review-known-rendering	safe	0.7611	approved	0				global known-rendering assignment; lexical score 0.61
5:6	4	not		2	לֹא		global-review-known-rendering	safe	0.6792	approved	0				global known-rendering assignment; lexical score 0.53
5:6	8	the				expands	supplied-article	safe	0.7345	approved	0				article the original does not write; rests on 'dust' → 'עָפָ֣ר'
5:6	9	dust		5	עָפָ֣ר		global-review-known-rendering	safe	0.7345	approved	0				global known-rendering assignment; lexical score 0.58
5:8	11	God		8	אֱ֝לֹהִ֗ים		global-review-known-rendering	safe	0.6919	approved	0				global known-rendering assignment; lexical score 0.54
5:9	3	great		2	גְ֭דֹלֹות		global-review-known-rendering	safe	0.6042	approved	0				global known-rendering assignment; lexical score 0.45
5:9	10	number		9	מִסְפָּֽר		global-review-known-rendering	safe	0.6443	approved	0				global known-rendering assignment; lexical score 0.49
5:10	2	gives		2	נֹּתֵ֣ן		global-review-known-rendering	safe	0.6543	approved	0				global known-rendering assignment; lexical score 0.50
5:10	5	the				expands	supplied-article	safe	0.744	approved	0				article the original does not write; rests on 'earth' → 'אָ֑רֶץ'
5:10	6	earth		6	אָ֑רֶץ		global-review-known-rendering	safe	0.744	approved	0				global known-rendering assignment; lexical score 0.59
5:10	8	sends		8	שֹׁ֥לֵֽחַ		global-review-known-rendering	safe	0.7348	approved	0				global known-rendering assignment; lexical score 0.58
5:10	9	water		9	מַ֝יִם		global-review-known-rendering	safe	0.7746	approved	0				global known-rendering assignment; lexical score 0.62
5:12	14	unable		5	לֹא		global-review-known-rendering	safe	0.638	approved	0				global known-rendering assignment; lexical score 0.49
5:12	20	purposes		2	מַחְשְׁבֹ֣ות		global-review-known-rendering	safe	0.62	approved	0				global known-rendering assignment; lexical score 0.47
5:13	3	the				expands	supplied-article	safe	0.6164	approved	0				article the original does not write; rests on 'wise' → 'חֲכָמִ֣ים'
5:13	4	wise		2	חֲכָמִ֣ים		global-review-known-rendering	safe	0.6164	approved	0				global known-rendering assignment; lexical score 0.47
5:14	21	night		7	לַּ֗יְלָה		global-review-known-rendering	safe	0.7352	approved	0				global known-rendering assignment; lexical score 0.59
5:15	7	sword		4	חֶרֶב		global-review-known-rendering	safe	0.7816	approved	0				global known-rendering assignment; lexical score 0.63
5:16	8	the				expands	supplied-article	safe	0.7143	approved	0				article the original does not write; rests on 'mouth' → 'פִּֽיהָ'
5:16	9	mouth		10	פִּֽיהָ		global-review-known-rendering	safe	0.7143	approved	0				global known-rendering assignment; lexical score 0.56
5:17	5	happy		2	אַשְׁרֵ֣י		global-review-known-rendering	safe	0.6977	approved	0				global known-rendering assignment; lexical score 0.55
5:18	11	his		8	ידו		attached-word	safe	0.5713	approved	0				PossessivePronoun of 'hands'
5:18	12	hands		8	ידו		global-review-known-rendering	safe	0.6713	approved	0				global known-rendering assignment; lexical score 0.52
5:19	7	six		2	שֵׁ֣שׁ		global-review-known-rendering	safe	0.7927	approved	0				global known-rendering assignment; lexical score 0.64
5:19	8	troubles		3	צָ֭רֹות		global-review-known-rendering	safe	0.7182	approved	0				global known-rendering assignment; lexical score 0.57
5:19	11	seven		7	שֶׁ֓בַע		global-review-known-rendering	safe	0.783	approved	0				global known-rendering assignment; lexical score 0.63
5:19	13	evil		11	רָֽע		global-review-known-rendering	safe	0.7308	approved	0				global known-rendering assignment; lexical score 0.58
5:20	15	war		8	מִלְחָמָ֗ה		global-review-known-rendering	safe	0.6708	approved	0				global known-rendering assignment; lexical score 0.52
5:20	19	of		11	חָֽרֶב		attached-word	safe	0.6816	approved	0				Genitive of 'sword'
5:20	20	the				expands	supplied-article	safe	0.7816	approved	0				article the original does not write; rests on 'sword' → 'חָֽרֶב'
5:20	21	sword		11	חָֽרֶב		global-review-known-rendering	safe	0.7816	approved	0				global known-rendering assignment; lexical score 0.63
5:21	9	tongue		3	לָ֭שֹׁון		global-review-known-rendering	safe	0.7613	approved	0				global known-rendering assignment; lexical score 0.61
5:21	20	comes		11	יָבֹֽוא		global-review-known-rendering	safe	0.579	approved	0				global known-rendering assignment; lexical score 0.43
5:22	4	sport		6	תִּשְׂחָ֑ק		global-review-known-rendering	safe	0.575	approved	0				global known-rendering assignment; lexical score 0.43
5:22	17	of		11	אָ֗רֶץ		attached-word	safe	0.644	approved	0				Genitive of 'earth'
5:22	18	the		10	הָ֝		attached-word	safe	0.644	approved	0				Article of 'earth'
5:22	19	earth		11	אָ֗רֶץ		global-review-known-rendering	safe	0.744	approved	0				global known-rendering assignment; lexical score 0.59
5:23	8	the				expands	supplied-article	safe	0.7385	approved	0				article the original does not write; rests on 'stones' → 'אַבְנֵ֣י'
5:23	9	stones		3	אַבְנֵ֣י		global-review-known-rendering	safe	0.7385	approved	0				global known-rendering assignment; lexical score 0.59
5:23	16	of		10	שָּׂדֶ֗ה		attached-word	safe	0.6596	approved	0				Genitive of 'field'
5:23	17	the		9	הַ֝		attached-word	safe	0.6596	approved	0				Article of 'field'
5:23	18	field		10	שָּׂדֶ֗ה		global-review-known-rendering	safe	0.7596	approved	0				global known-rendering assignment; lexical score 0.61
5:24	7	your		5	אָהֳלֶ֑ךָ		attached-word	safe	0.6308	approved	0				PossessivePronoun of 'tent'
5:24	8	tent		5	אָהֳלֶ֑ךָ		global-review-known-rendering	safe	0.7308	approved	0				global known-rendering assignment; lexical score 0.58
5:24	11	peace		4	שָׁלֹ֣ום		global-review-known-rendering	safe	0.597	approved	0				global known-rendering assignment; lexical score 0.45
5:25	6	your		5	זַרְעֶ֑ךָ		attached-word	safe	0.6373	approved	0				PossessivePronoun of 'seed'
5:25	7	seed		5	זַרְעֶ֑ךָ		global-review-known-rendering	safe	0.7373	approved	0				global known-rendering assignment; lexical score 0.59
5:25	12	your		7	צֶאֱצָאֶ֗יךָ		attached-word	safe	0.7	approved	0				PossessivePronoun of 'offspring'
5:25	13	offspring		7	צֶאֱצָאֶ֗יךָ		global-review-known-rendering	safe	0.8	approved	0				global known-rendering assignment; lexical score 0.65
5:25	17	of		11	אָֽרֶץ		attached-word	safe	0.644	approved	0				Genitive of 'earth'
5:25	18	the		10	הָ		attached-word	safe	0.644	approved	0				Article of 'earth'
5:25	19	earth		11	אָֽרֶץ		global-review-known-rendering	safe	0.744	approved	0				global known-rendering assignment; lexical score 0.59
5:26	3	come		1	תָּבֹ֣וא		global-review-known-rendering	safe	0.5725	approved	0				global known-rendering assignment; lexical score 0.42
5:26	21	its		10	עִתֹּֽו		attached-word	safe	0.4721	approved	0				PossessivePronoun of 'time'
5:26	22	time		10	עִתֹּֽו		global-review-known-rendering	safe	0.5721	approved	0				global known-rendering assignment; lexical score 0.42
5:27	11	so		4	כֶּֽן		global-review-known-rendering	safe	0.5972	approved	0				global known-rendering assignment; lexical score 0.45
6:1	2	Job		3	אִיֹּ֗וב		global-review-known-rendering	safe	0.7845	approved	0				global known-rendering assignment; lexical score 0.63
6:1	4	answer		2	יַּ֥עַן		global-review-known-rendering	safe	0.5917	approved	0				global known-rendering assignment; lexical score 0.44
6:1	6	said		5	יֹּאמַֽר		global-review-known-rendering	safe	0.7772	approved	0				global known-rendering assignment; lexical score 0.63
6:3	8	than		3	מֵ		global-review-known-rendering	safe	0.5849	approved	0				global known-rendering assignment; lexical score 0.43
6:3	9	the				expands	supplied-article	safe	0.7625	approved	0				article the original does not write; rests on 'sand' → 'חֹ֣ול'
6:3	10	sand		4	חֹ֣ול		global-review-known-rendering	safe	0.7625	approved	0				global known-rendering assignment; lexical score 0.61
6:3	11	of		5	יַמִּ֣ים		attached-word	safe	0.6654	approved	0				Genitive of 'seas'
6:3	12	the				expands	supplied-article	safe	0.7654	approved	0				article the original does not write; rests on 'seas' → 'יַמִּ֣ים'
6:3	13	seas		5	יַמִּ֣ים		global-review-known-rendering	safe	0.7654	approved	0				global known-rendering assignment; lexical score 0.62
6:3	17	my		9	דְּבָרַ֥י		attached-word	safe	0.6211	approved	0				PossessivePronoun of 'words'
6:3	18	words		9	דְּבָרַ֥י		global-review-known-rendering	safe	0.7211	approved	0				global known-rendering assignment; lexical score 0.57
6:4	2	the				expands	supplied-article	safe	0.65	approved	0				article the original does not write; rests on 'arrows' → 'חִצֵּ֪י'
6:4	3	arrows		2	חִצֵּ֪י		global-review-known-rendering	safe	0.65	approved	0				global known-rendering assignment; lexical score 0.50
6:4	14	their		6	חֲ֭מָתָם		attached-word	safe	0.625	approved	0				PossessivePronoun of 'poison'
6:4	15	poison		6	חֲ֭מָתָם		global-review-known-rendering	safe	0.725	approved	0				global known-rendering assignment; lexical score 0.57
6:4	19	my		8	רוּחִ֑י		attached-word	safe	0.6661	approved	0				PossessivePronoun of 'spirit'
6:4	20	spirit		8	רוּחִ֑י		global-review-known-rendering	safe	0.7661	approved	0				global known-rendering assignment; lexical score 0.62
6:5	17	the				expands	supplied-article	safe	0.7227	approved	0				article the original does not write; rests on 'ox' → 'שֹּׁ֝֗ור'
6:5	18	ox		8	שֹּׁ֝֗ור		global-review-known-rendering	safe	0.7227	approved	0				global known-rendering assignment; lexical score 0.57
6:5	21	over		9	עַל		global-review-known-rendering	safe	0.5666	approved	0				global known-rendering assignment; lexical score 0.42
6:6	11	salt		6	מֶ֑לַח		global-review-known-rendering	safe	0.7357	approved	0				global known-rendering assignment; lexical score 0.59
6:7	1	My		4	נַפְשִׁ֑י		attached-word	safe	0.6921	approved	0				PossessivePronoun of 'soul'
6:7	2	soul		4	נַפְשִׁ֑י		global-review-known-rendering	safe	0.7921	approved	0				global known-rendering assignment; lexical score 0.64
6:8	14	give		7	יִתֵּ֥ן		global-review-known-rendering	safe	0.6523	approved	0				global known-rendering assignment; lexical score 0.50
6:9	17	his		7	יָ֝דֹ֗ו		attached-word	safe	0.5701	approved	0				PossessivePronoun of 'hand'
6:9	18	hand		7	יָ֝דֹ֗ו		global-review-known-rendering	safe	0.6701	approved	0				global known-rendering assignment; lexical score 0.52
6:12	7	stones		3	אֲבָנִ֣ים		global-review-known-rendering	safe	0.7385	approved	0				global known-rendering assignment; lexical score 0.59
6:12	10	my		6	בְּשָׂרִ֥י		attached-word	safe	0.6507	approved	0				PossessivePronoun of 'flesh'
6:12	11	flesh		6	בְּשָׂרִ֥י		global-review-known-rendering	safe	0.7507	approved	0				global known-rendering assignment; lexical score 0.60
6:14	7	his		5	רֵעֵ֣הוּ		attached-word	safe	0.5714	approved	0				PossessivePronoun of 'friend'
6:14	8	friend		5	רֵעֵ֣הוּ		global-review-known-rendering	safe	0.6714	approved	0				global known-rendering assignment; lexical score 0.52
6:15	7	a				expands	supplied-indefinite-article	safe	0.7	approved	0				indefinite article; rests on 'stream' → 'נָ֑חַל'
6:15	8	stream		4	נָ֑חַל		global-review-known-rendering	safe	0.7	approved	0				global known-rendering assignment; lexical score 0.55
6:16	9	the				expands	supplied-article	safe	0.6773	approved	0				article the original does not write; rests on 'snow' → 'שָֽׁלֶג'
6:16	10	snow		7	שָֽׁלֶג		global-review-known-rendering	safe	0.6773	approved	0				global known-rendering assignment; lexical score 0.53
6:18	6	their		3	דַּרְכָּ֑ם		attached-word	safe	0.6232	approved	0				PossessivePronoun of 'way'
6:18	7	way		3	דַּרְכָּ֑ם		global-review-known-rendering	safe	0.7232	approved	0				global known-rendering assignment; lexical score 0.57
6:19	4	Tema		3	תֵּמָ֑א		global-review-known-rendering	safe	0.8	approved	0				global known-rendering assignment; lexical score 0.65
6:19	12	Sheba		5	שְׁ֝בָ֗א		global-review-known-rendering	safe	0.6227	approved	0				global known-rendering assignment; lexical score 0.47
6:21	4	now		2	עַ֭תָּה		global-review-known-rendering	safe	0.6311	approved	0				global known-rendering assignment; lexical score 0.48
6:21	5	become		3	הֱיִ֣יתֶם		global-review-known-rendering	safe	0.6701	approved	0				global known-rendering assignment; lexical score 0.52
6:21	9	see		5	תִּֽרְא֥וּ		global-review-known-rendering	safe	0.7063	approved	0				global known-rendering assignment; lexical score 0.56
6:22	3	say		3	אָ֭מַרְתִּי		global-review-known-rendering	safe	0.7664	approved	0				global known-rendering assignment; lexical score 0.62
6:26	19	the				expands	supplied-article	safe	0.7315	approved	0				article the original does not write; rests on 'wind' → 'ר֗וּחַ'
6:26	20	wind		8	ר֗וּחַ		global-review-known-rendering	safe	0.7315	approved	0				global known-rendering assignment; lexical score 0.58
6:27	25	your		8	רֵֽיעֲכֶֽם		attached-word	safe	0.5714	approved	0				PossessivePronoun of 'friend'
6:27	26	friend		8	רֵֽיעֲכֶֽם		global-review-known-rendering	safe	0.6714	approved	0				global known-rendering assignment; lexical score 0.52
6:28	1	Now		2	עַתָּה		global-review-known-rendering	safe	0.6311	approved	0				global known-rendering assignment; lexical score 0.48
6:28	20	your		8	פְּ֝נֵיכֶ֗ם		attached-word	safe	0.6392	approved	0				PossessivePronoun of 'face'
6:28	21	face		8	פְּ֝נֵיכֶ֗ם		global-review-known-rendering	safe	0.7392	approved	0				global known-rendering assignment; lexical score 0.59
6:30	5	my		4	לְשֹׁונִ֥י		attached-word	safe	0.6658	approved	0				PossessivePronoun of 'tongue'
6:30	6	tongue		4	לְשֹׁונִ֥י		global-review-known-rendering	safe	0.7658	approved	0				global known-rendering assignment; lexical score 0.62
6:30	8	not		8	לֹא		global-review-known-rendering	safe	0.6791	approved	0				global known-rendering assignment; lexical score 0.53
7:1	2	not		2	לֹא		global-review-known-rendering	safe	0.679	approved	0				global known-rendering assignment; lexical score 0.53
7:1	16	days		10	ימֵ֖י		global-review-known-rendering	safe	0.7782	approved	0				global known-rendering assignment; lexical score 0.63
7:1	18	the				expands	supplied-article	safe	0.7782	approved	0				article the original does not write; rests on 'days' → 'יָמָֽיו'
7:1	19	days		12	יָמָֽיו		global-review-known-rendering	safe	0.7782	approved	0				global known-rendering assignment; lexical score 0.63
7:2	2	a				expands	supplied-indefinite-article	safe	0.7445	approved	0				indefinite article; rests on 'servant' → 'עֶ֥בֶד'
7:2	3	servant		2	עֶ֥בֶד		global-review-known-rendering	safe	0.7445	approved	0				global known-rendering assignment; lexical score 0.59
7:2	5	the				expands	supplied-article	safe	0.7357	approved	0				article the original does not write; rests on 'shades' → 'צֵ֑ל'
7:2	6	shades		4	צֵ֑ל		global-review-known-rendering	safe	0.7357	approved	0				global known-rendering assignment; lexical score 0.59
7:3	1	So		1	כֵּ֤ן		global-review-known-rendering	safe	0.5973	approved	0				global known-rendering assignment; lexical score 0.45
7:3	14	nights		7	לֵילֹ֥ות		global-review-known-rendering	safe	0.8	approved	0				global known-rendering assignment; lexical score 0.65
7:4	8	say		4	אָמַ֗רְתִּי		global-review-known-rendering	safe	0.7664	approved	0				global known-rendering assignment; lexical score 0.62
7:4	30	till		13	עֲדֵי		global-review-known-rendering	safe	0.6272	approved	0				global known-rendering assignment; lexical score 0.48
7:5	1	My		2	בְּשָׂרִ֣י		attached-word	safe	0.6507	approved	0				PossessivePronoun of 'flesh'
7:5	2	flesh		2	בְּשָׂרִ֣י		global-review-known-rendering	safe	0.7507	approved	0				global known-rendering assignment; lexical score 0.60
7:5	8	dust		6	עָפָ֑ר		global-review-known-rendering	safe	0.7308	approved	0				global known-rendering assignment; lexical score 0.58
7:5	9	my		7	עֹורִ֥י		attached-word	safe	0.6662	approved	0				PossessivePronoun of 'skin'
7:5	10	skin		7	עֹורִ֥י		global-review-known-rendering	safe	0.7663	approved	0				global known-rendering assignment; lexical score 0.62
7:6	1	My		1	יָמַ֣י		attached-word	safe	0.6782	approved	0				PossessivePronoun of 'days'
7:6	2	days		1	יָמַ֣י		global-review-known-rendering	safe	0.7782	approved	0				global known-rendering assignment; lexical score 0.63
7:6	5	than		3	מִנִּי		global-review-known-rendering	safe	0.5845	approved	0				global known-rendering assignment; lexical score 0.43
7:7	9	wind		3	ר֣וּחַ		global-review-known-rendering	safe	0.7315	approved	0				global known-rendering assignment; lexical score 0.58
7:7	10	my		7	עֵ֝ינִ֗י		attached-word	safe	0.6941	approved	0				PossessivePronoun of 'eye'
7:7	11	eye		7	עֵ֝ינִ֗י		global-review-known-rendering	safe	0.7941	approved	0				global known-rendering assignment; lexical score 0.64
7:7	13	never		5	לֹא		global-review-known-rendering	safe	0.638	approved	0				global known-rendering assignment; lexical score 0.49
7:7	14	again		6	תָשׁ֥וּב		global-review-known-rendering	safe	0.5673	approved	0				global known-rendering assignment; lexical score 0.42
7:7	15	see		9	רְאֹ֥ות		global-review-known-rendering	safe	0.7071	approved	0				global known-rendering assignment; lexical score 0.56
7:7	16	good		10	טֹֽוב		global-review-known-rendering	safe	0.6856	approved	0				global known-rendering assignment; lexical score 0.54
7:8	1	The				expands	supplied-article	safe	0.7941	approved	0				article the original does not write; rests on 'eye' → 'עֵ֣ין'
7:8	2	eye		3	עֵ֣ין		global-review-known-rendering	safe	0.7941	approved	0				global known-rendering assignment; lexical score 0.64
7:8	13	your		5	עֵינֶ֖יךָ		attached-word	safe	0.6842	approved	0				PossessivePronoun of 'eyes'
7:8	14	eyes		5	עֵינֶ֖יךָ		global-review-known-rendering	safe	0.7842	approved	0				global known-rendering assignment; lexical score 0.63
7:9	1	A				expands	supplied-indefinite-article	safe	0.7372	approved	0				indefinite article; rests on 'cloud' → 'עָ֭נָן'
7:9	2	cloud		2	עָ֭נָן		global-review-known-rendering	safe	0.7372	approved	0				global known-rendering assignment; lexical score 0.59
7:9	10	so		5	כֵּ֥ן		global-review-known-rendering	safe	0.5973	approved	0				global known-rendering assignment; lexical score 0.45
7:9	19	not		8	לֹ֣א		global-review-known-rendering	safe	0.679	approved	0				global known-rendering assignment; lexical score 0.53
7:10	3	not		1	לֹא		global-review-known-rendering	safe	0.679	approved	0				global known-rendering assignment; lexical score 0.53
7:10	5	back		2	יָשׁ֣וּב		global-review-known-rendering	safe	0.5608	approved	0				global known-rendering assignment; lexical score 0.41
7:10	7	his		5	בֵיתֹ֑ו		attached-word	safe	0.6634	approved	0				PossessivePronoun of 'house'
7:10	8	house		5	בֵיתֹ֑ו		global-review-known-rendering	safe	0.7634	approved	0				global known-rendering assignment; lexical score 0.61
7:10	10	his		10	מְקֹמֹֽו		attached-word	safe	0.541	approved	0				PossessivePronoun of 'place'
7:10	11	place		10	מְקֹמֹֽו		global-review-known-rendering	safe	0.641	approved	0				global known-rendering assignment; lexical score 0.49
7:11	4	not		3	לֹ֤א		global-review-known-rendering	safe	0.679	approved	0				global known-rendering assignment; lexical score 0.53
7:11	6	my		5	פִּ֥י		attached-word	safe	0.6136	approved	0				PossessivePronoun of 'mouth'
7:11	7	mouth		5	פִּ֥י		global-review-known-rendering	safe	0.7136	approved	0				global known-rendering assignment; lexical score 0.56
7:11	21	my		9	רוּחִ֑י		attached-word	safe	0.6661	approved	0				PossessivePronoun of 'spirit'
7:11	22	spirit		9	רוּחִ֑י		global-review-known-rendering	safe	0.7661	approved	0				global known-rendering assignment; lexical score 0.62
7:11	23	my		13	נַפְשִֽׁי		attached-word	safe	0.6921	approved	0				PossessivePronoun of 'soul'
7:11	24	soul		13	נַפְשִֽׁי		global-review-known-rendering	safe	0.7921	approved	0				global known-rendering assignment; lexical score 0.64
7:11	27	a				expands	supplied-indefinite-article	safe	0.635	approved	0				indefinite article; rests on 'bitter' → 'מַ֣ר'
7:11	28	bitter		12	מַ֣ר		global-review-known-rendering	safe	0.635	approved	0				global known-rendering assignment; lexical score 0.48
7:12	3	a				expands	supplied-indefinite-article	safe	0.7752	approved	0				indefinite article; rests on 'sea' → 'יָם'
7:12	4	sea		2	יָם		global-review-known-rendering	safe	0.7752	approved	0				global known-rendering assignment; lexical score 0.63
7:12	13	over		8	עָלַ֣י		global-review-known-rendering	safe	0.5666	approved	0				global known-rendering assignment; lexical score 0.42
7:13	3	say		2	אָ֭מַרְתִּי		global-review-known-rendering	safe	0.7664	approved	0				global known-rendering assignment; lexical score 0.62
7:13	10	comfort		3	תְּנַחֲמֵ֣נִי		global-review-known-rendering	safe	0.7012	approved	0				global known-rendering assignment; lexical score 0.55
7:14	4	dreams		4	חֲלֹמֹ֑ות		global-review-known-rendering	safe	0.7763	approved	0				global known-rendering assignment; lexical score 0.63
7:15	9	my		4	נַפְשִׁ֑י		attached-word	safe	0.6921	approved	0				PossessivePronoun of 'soul'
7:15	10	soul		4	נַפְשִׁ֑י		global-review-known-rendering	safe	0.7921	approved	0				global known-rendering assignment; lexical score 0.64
7:15	11	than		6	מֵֽ		global-review-known-rendering	safe	0.5845	approved	0				global known-rendering assignment; lexical score 0.43
7:16	9	not		2	לֹא		global-review-known-rendering	safe	0.679	approved	0				global known-rendering assignment; lexical score 0.53
7:16	13	ever		4	עֹלָ֣ם		global-review-known-rendering	safe	0.6357	approved	0				global known-rendering assignment; lexical score 0.49
7:16	19	my		10	יָמָֽי		attached-word	safe	0.6782	approved	0				PossessivePronoun of 'days'
7:16	20	days		10	יָמָֽי		global-review-known-rendering	safe	0.7782	approved	0				global known-rendering assignment; lexical score 0.63
7:17	1	What		1	מָֽה		global-review-known-rendering	safe	0.6681	approved	0				global known-rendering assignment; lexical score 0.52
7:18	9	morning		4	בְקָרִ֑ים		global-review-known-rendering	safe	0.7522	approved	0				global known-rendering assignment; lexical score 0.60
7:20	6	what		2	מָ֤ה		global-review-known-rendering	safe	0.6681	approved	0				global known-rendering assignment; lexical score 0.52
7:20	16	why		8	לָ֤מָה		global-review-known-rendering	safe	0.6594	approved	0				global known-rendering assignment; lexical score 0.51
7:21	2	why		2	מֶ֤ה		global-review-known-rendering	safe	0.6594	approved	0				global known-rendering assignment; lexical score 0.51
7:21	5	not		3	לֹא		global-review-known-rendering	safe	0.679	approved	0				global known-rendering assignment; lexical score 0.53
7:21	17	now		11	עַ֭תָּה		global-review-known-rendering	safe	0.6319	approved	0				global known-rendering assignment; lexical score 0.48
7:21	22	the		13			attached-word	safe	0.6308	approved	0				Article of 'dust'
7:21	23	dust		14	עָפָ֣ר		global-review-known-rendering	safe	0.7308	approved	0				global known-rendering assignment; lexical score 0.58
8:1	2	Bildad		3	בִּלְדַּ֥ד		global-review-known-rendering	safe	0.8	approved	0				global known-rendering assignment; lexical score 0.65
8:1	3	the		4	הַ		attached-word	safe	0.7	approved	0				Article of 'Shuhite'
8:1	4	Shuhite		5	שּׁוּחִ֗י		global-review-known-rendering	safe	0.8	approved	0				global known-rendering assignment; lexical score 0.65
8:1	6	answer		2	יַּעַן		global-review-known-rendering	safe	0.5917	approved	0				global known-rendering assignment; lexical score 0.44
8:1	8	said		7	יֹאמַֽר		global-review-known-rendering	safe	0.7772	approved	0				global known-rendering assignment; lexical score 0.63
8:2	6	these		4	אֵ֑לֶּה		global-review-known-rendering	safe	0.7108	approved	0				global known-rendering assignment; lexical score 0.56
8:2	14	of		9	פִֽיךָ		attached-word	safe	0.5134	approved	0				Genitive of 'your'
8:2	15	your		9	פִֽיךָ		attached-word	safe	0.6134	approved	0				PossessivePronoun of 'mouth'
8:2	16	mouth		9	פִֽיךָ		global-review-known-rendering	safe	0.7134	approved	0				global known-rendering assignment; lexical score 0.56
8:2	21	wind		6	ר֥וּחַ		global-review-known-rendering	safe	0.7315	approved	0				global known-rendering assignment; lexical score 0.58
8:4	1	If		1	אִם		global-review-known-rendering	safe	0.6404	approved	0				global known-rendering assignment; lexical score 0.49
8:4	2	your		2	בָּנֶ֥יךָ		attached-word	safe	0.6611	approved	0				PossessivePronoun of 'children'
8:4	3	children		2	בָּנֶ֥יךָ		global-review-known-rendering	safe	0.7611	approved	0				global known-rendering assignment; lexical score 0.61
8:4	15	hand		8	יַד		global-review-known-rendering	safe	0.6697	approved	0				global known-rendering assignment; lexical score 0.52
8:5	1	If		1	אִם		global-review-known-rendering	safe	0.6404	approved	0				global known-rendering assignment; lexical score 0.49
8:6	1	If		1	אִם		global-review-known-rendering	safe	0.6404	approved	0				global known-rendering assignment; lexical score 0.49
8:6	6	upright		4	יָשָׁ֗ר		global-review-known-rendering	safe	0.6338	approved	0				global known-rendering assignment; lexical score 0.48
8:7	11	very		8	מְאֹֽד		global-review-known-rendering	safe	0.5852	approved	0				global known-rendering assignment; lexical score 0.44
8:8	19	their		11	אֲבֹותָֽם		attached-word	safe	0.6882	approved	0				PossessivePronoun of 'fathers'
8:8	20	fathers		11	אֲבֹותָֽם		global-review-known-rendering	safe	0.7882	approved	0				global known-rendering assignment; lexical score 0.64
8:9	6	yesterday		2	תְמֹ֣ול		global-review-known-rendering	safe	0.575	approved	0				global known-rendering assignment; lexical score 0.43
8:9	12	our		9	יָמֵ֣ינוּ		attached-word	safe	0.6784	approved	0				PossessivePronoun of 'days'
8:9	13	days		9	יָמֵ֣ינוּ		global-review-known-rendering	safe	0.7784	approved	0				global known-rendering assignment; lexical score 0.63
8:9	15	earth		11	אָֽרֶץ		global-review-known-rendering	safe	0.7452	approved	0				global known-rendering assignment; lexical score 0.60
8:9	19	a				expands	supplied-indefinite-article	safe	0.7571	approved	0				indefinite article; rests on 'shade' → 'צֵ֖ל'
8:9	20	shade		8	צֵ֖ל		global-review-known-rendering	safe	0.7571	approved	0				global known-rendering assignment; lexical score 0.61
8:10	3	not		2	לֹא		global-review-known-rendering	safe	0.6788	approved	0				global known-rendering assignment; lexical score 0.53
8:10	8	say		5	יֹ֣אמְרוּ		global-review-known-rendering	safe	0.7664	approved	0				global known-rendering assignment; lexical score 0.62
8:11	18	water		10	מָֽיִם		global-review-known-rendering	safe	0.7745	approved	0				global known-rendering assignment; lexical score 0.62
8:12	15	before		8	פְנֵ֖י		global-review-known-rendering	safe	0.6579	approved	0				global known-rendering assignment; lexical score 0.51
8:13	1	So		1	כֵּ֗ן		global-review-known-rendering	safe	0.5972	approved	0				global known-rendering assignment; lexical score 0.45
8:13	6	all		3	כָּל		global-review-known-rendering	safe	0.7585	approved	0				global known-rendering assignment; lexical score 0.61
8:15	12	not		5	לֹ֣א		global-review-known-rendering	safe	0.6788	approved	0				global known-rendering assignment; lexical score 0.53
8:16	6	before		4	פְנֵי		global-review-known-rendering	safe	0.6579	approved	0				global known-rendering assignment; lexical score 0.51
8:16	7	the				expands	supplied-article	safe	0.7643	approved	0				article the original does not write; rests on 'sun' → 'שָׁ֑מֶשׁ'
8:16	8	sun		5	שָׁ֑מֶשׁ		global-review-known-rendering	safe	0.7643	approved	0				global known-rendering assignment; lexical score 0.61
8:16	14	over		7	עַ֥ל		global-review-known-rendering	safe	0.5668	approved	0				global known-rendering assignment; lexical score 0.42
8:17	1	His		3	שָֽׁרָשָׁ֣יו		attached-word	safe	0.52	approved	0				PossessivePronoun of 'roots'
8:17	2	roots		3	שָֽׁרָשָׁ֣יו		global-review-known-rendering	safe	0.62	approved	0				global known-rendering assignment; lexical score 0.47
8:17	6	the				expands	supplied-article	safe	0.7385	approved	0				article the original does not write; rests on 'stones' → 'אֲבָנִ֣ים'
8:17	7	stones		6	אֲבָנִ֣ים		global-review-known-rendering	safe	0.7385	approved	0				global known-rendering assignment; lexical score 0.59
8:18	1	If		1	אִם		global-review-known-rendering	safe	0.6404	approved	0				global known-rendering assignment; lexical score 0.49
8:18	7	his		4	מְּקֹומֹ֑ו		attached-word	safe	0.5425	approved	0				PossessivePronoun of 'place'
8:18	8	place		4	מְּקֹומֹ֑ו		global-review-known-rendering	safe	0.6425	approved	0				global known-rendering assignment; lexical score 0.49
8:18	15	not		8	לֹ֣א		global-review-known-rendering	safe	0.6788	approved	0				global known-rendering assignment; lexical score 0.53
8:18	16	seen		9	רְאִיתִֽיךָ		global-review-known-rendering	safe	0.7109	approved	0				global known-rendering assignment; lexical score 0.56
8:19	5	of		4	דַּרְכֹּ֑ו		attached-word	safe	0.5232	approved	0				Genitive of 'his'
8:19	6	his		4	דַּרְכֹּ֑ו		attached-word	safe	0.6232	approved	0				PossessivePronoun of 'way'
8:19	7	way		4	דַּרְכֹּ֑ו		global-review-known-rendering	safe	0.7232	approved	0				global known-rendering assignment; lexical score 0.57
8:19	11	the				expands	supplied-article	safe	0.7314	approved	0				article the original does not write; rests on 'dust' → 'עָפָ֗ר'
8:19	12	dust		7	עָפָ֗ר		global-review-known-rendering	safe	0.7314	approved	0				global known-rendering assignment; lexical score 0.58
8:20	4	not		3	לֹ֣א		global-review-known-rendering	safe	0.6788	approved	0				global known-rendering assignment; lexical score 0.53
8:20	14	not		7	לֹֽא		global-review-known-rendering	safe	0.6788	approved	0				global known-rendering assignment; lexical score 0.53
8:20	18	the				expands	supplied-article	safe	0.6697	approved	0				article the original does not write; rests on 'hand' → 'יַד'
8:20	19	hand		10	יַד		global-review-known-rendering	safe	0.6697	approved	0				global known-rendering assignment; lexical score 0.52
8:21	6	your		4	פִּ֑יךָ		attached-word	safe	0.6134	approved	0				PossessivePronoun of 'mouth'
8:21	7	mouth		4	פִּ֑יךָ		global-review-known-rendering	safe	0.7134	approved	0				global known-rendering assignment; lexical score 0.56
8:21	20	your		6	שְׂפָתֶ֥יךָ		attached-word	safe	0.6839	approved	0				PossessivePronoun of 'lips'
8:21	21	lips		6	שְׂפָתֶ֥יךָ		global-review-known-rendering	safe	0.7839	approved	0				global known-rendering assignment; lexical score 0.63
8:22	5	clothed		2	יִלְבְּשׁוּ		global-review-known-rendering	safe	0.7284	approved	0				global known-rendering assignment; lexical score 0.58
8:22	9	the				expands	supplied-article	safe	0.7308	approved	0				article the original does not write; rests on 'tent' → 'אֹ֖הֶל'
8:22	10	tent		5	אֹ֖הֶל		global-review-known-rendering	safe	0.7308	approved	0				global known-rendering assignment; lexical score 0.58
9:1	2	Job		3	אִיֹּ֗וב		global-review-known-rendering	safe	0.7845	approved	0				global known-rendering assignment; lexical score 0.63
9:1	4	answer		2	יַּ֥עַן		global-review-known-rendering	safe	0.5837	approved	0				global known-rendering assignment; lexical score 0.43
9:1	6	said		5	יֹּאמַֽר		global-review-known-rendering	safe	0.7772	approved	0				global known-rendering assignment; lexical score 0.63
9:2	7	so		4	כֵ֑ן		global-review-known-rendering	safe	0.5973	approved	0				global known-rendering assignment; lexical score 0.45
9:3	1	If		1	אִם		global-review-known-rendering	safe	0.6395	approved	0				global known-rendering assignment; lexical score 0.49
9:3	14	not		6	לֹֽא		global-review-known-rendering	safe	0.6787	approved	0				global known-rendering assignment; lexical score 0.53
9:3	20	an				expands	supplied-indefinite-article	safe	0.5837	approved	0				indefinite article; rests on 'answer' → 'יַ֝עֲנֶ֗נּוּ'
9:3	21	answer		7	יַ֝עֲנֶ֗נּוּ		global-review-known-rendering	safe	0.5837	approved	0				global known-rendering assignment; lexical score 0.43
9:3	23	one		8	אַחַ֥ת		global-review-known-rendering	safe	0.5895	approved	0				global known-rendering assignment; lexical score 0.44
9:3	26	a				expands	supplied-indefinite-article	safe	0.773	approved	0				indefinite article; rests on 'thousand' → 'אָֽלֶף'
9:3	27	thousand		10	אָֽלֶף		global-review-known-rendering	safe	0.773	approved	0				global known-rendering assignment; lexical score 0.62
9:4	3	wise		1	חֲכַ֣ם		global-review-known-rendering	safe	0.6164	approved	0				global known-rendering assignment; lexical score 0.47
9:4	10	who		6	מִֽי		global-review-known-rendering	safe	0.5972	approved	0				global known-rendering assignment; lexical score 0.45
9:5	7	the				expands	supplied-article	safe	0.7675	approved	0				article the original does not write; rests on 'mountains' → 'הָ֭רִים'
9:5	8	mountains		3	הָ֭רִים		global-review-known-rendering	safe	0.7675	approved	0				global known-rendering assignment; lexical score 0.62
9:6	4	the				expands	supplied-article	safe	0.7441	approved	0				article the original does not write; rests on 'earth' → 'אֶ֭רֶץ'
9:6	5	earth		3	אֶ֭רֶץ		global-review-known-rendering	safe	0.7441	approved	0				global known-rendering assignment; lexical score 0.59
9:6	8	its		5	מְּקֹומָ֑הּ		attached-word	safe	0.5415	approved	0				PossessivePronoun of 'place'
9:6	9	place		5	מְּקֹומָ֑הּ		global-review-known-rendering	safe	0.6415	approved	0				global known-rendering assignment; lexical score 0.49
9:6	12	its		7	עַמּוּדֶ֗יהָ		attached-word	safe	0.6634	approved	0				PossessivePronoun of 'pillars'
9:6	13	pillars		7	עַמּוּדֶ֗יהָ		global-review-known-rendering	safe	0.7634	approved	0				global known-rendering assignment; lexical score 0.61
9:7	10	not		7	לֹ֣א		global-review-known-rendering	safe	0.6787	approved	0				global known-rendering assignment; lexical score 0.53
9:7	17	the				expands	supplied-article	safe	0.7614	approved	0				article the original does not write; rests on 'stars' → 'כֹּוכָבִ֣ים'
9:7	18	stars		11	כֹּוכָבִ֣ים		global-review-known-rendering	safe	0.7614	approved	0				global known-rendering assignment; lexical score 0.61
9:8	4	the				expands	supplied-article	safe	0.7755	approved	0				article the original does not write; rests on 'heavens' → 'שָׁמַ֣יִם'
9:8	5	heavens		2	שָׁמַ֣יִם		global-review-known-rendering	safe	0.7755	approved	0				global known-rendering assignment; lexical score 0.63
9:8	7	stretched		1	נֹטֶ֣ה		global-review-known-rendering	safe	0.6839	approved	0				global known-rendering assignment; lexical score 0.53
9:8	16	of		9	יָֽם		attached-word	safe	0.6752	approved	0				Genitive of 'sea'
9:8	17	the				expands	supplied-article	safe	0.7752	approved	0				article the original does not write; rests on 'sea' → 'יָֽם'
9:8	18	sea		9	יָֽם		global-review-known-rendering	safe	0.7752	approved	0				global known-rendering assignment; lexical score 0.63
9:10	3	great		2	גְ֭דֹלֹות		global-review-known-rendering	safe	0.6038	approved	0				global known-rendering assignment; lexical score 0.45
9:10	13	number		10	מִסְפָּֽר		global-review-known-rendering	safe	0.6443	approved	0				global known-rendering assignment; lexical score 0.49
9:11	8	see		6	אֶרְאֶ֑ה		global-review-known-rendering	safe	0.7061	approved	0				global known-rendering assignment; lexical score 0.56
9:11	10	not		5	לֹ֣א		global-review-known-rendering	safe	0.6787	approved	0				global known-rendering assignment; lexical score 0.53
9:12	15	back		4	יְשִׁיבֶ֑נּוּ		global-review-known-rendering	safe	0.5608	approved	0				global known-rendering assignment; lexical score 0.41
9:12	16	who		5	מִֽי		global-review-known-rendering	safe	0.5972	approved	0				global known-rendering assignment; lexical score 0.45
9:12	18	say		6	יֹאמַ֥ר		global-review-known-rendering	safe	0.7663	approved	0				global known-rendering assignment; lexical score 0.62
9:12	21	What		8	מַֽה		global-review-known-rendering	safe	0.6683	approved	0				global known-rendering assignment; lexical score 0.52
9:12	24	doing		9	תַּעֲשֶֽׂה		global-review-known-rendering	safe	0.675	approved	0				global known-rendering assignment; lexical score 0.53
9:13	4	not		2	לֹא		global-review-known-rendering	safe	0.6787	approved	0				global known-rendering assignment; lexical score 0.53
9:13	7	back		3	יָשִׁ֣יב		global-review-known-rendering	safe	0.5608	approved	0				global known-rendering assignment; lexical score 0.41
9:13	8	the				expands	supplied-article	safe	0.6875	approved	0				article the original does not write; rests on 'helpers' → 'עֹ֣זְרֵי'
9:13	9	helpers		7	עֹ֣זְרֵי		global-review-known-rendering	safe	0.6875	approved	0				global known-rendering assignment; lexical score 0.54
9:13	15	under		5	תחתו		global-review-known-rendering	safe	0.6593	approved	0				global known-rendering assignment; lexical score 0.51
9:14	7	an				expands	supplied-indefinite-article	safe	0.5837	approved	0				indefinite article; rests on 'answer' → 'אֶֽעֱנֶ֑נּוּ'
9:14	8	answer		4	אֶֽעֱנֶ֑נּוּ		global-review-known-rendering	safe	0.5837	approved	0				global known-rendering assignment; lexical score 0.43
9:14	14	words		6	דְבָרַ֣י		global-review-known-rendering	safe	0.7186	approved	0				global known-rendering assignment; lexical score 0.57
9:15	2	if		2	אִם		global-review-known-rendering	safe	0.6395	approved	0				global known-rendering assignment; lexical score 0.49
9:15	9	not		4	לֹ֣א		global-review-known-rendering	safe	0.6787	approved	0				global known-rendering assignment; lexical score 0.53
9:15	14	an				expands	supplied-indefinite-article	safe	0.5837	approved	0				indefinite article; rests on 'answer' → 'אֶעֱנֶ֑ה'
9:15	15	answer		5	אֶעֱנֶ֑ה		global-review-known-rendering	safe	0.5837	approved	0				global known-rendering assignment; lexical score 0.43
9:16	1	If		1	אִם		global-review-known-rendering	safe	0.6395	approved	0				global known-rendering assignment; lexical score 0.49
9:16	25	my		9	קֹולִֽי		attached-word	safe	0.6859	approved	0				PossessivePronoun of 'voice'
9:16	26	voice		9	קֹולִֽי		global-review-known-rendering	safe	0.7859	approved	0				global known-rendering assignment; lexical score 0.64
9:18	3	not		1	לֹֽא		global-review-known-rendering	safe	0.6787	approved	0				global known-rendering assignment; lexical score 0.53
9:18	7	my		4	רוּחִ֑י		attached-word	safe	0.5326	approved	0				PossessivePronoun of 'breath'
9:18	8	breath		4	רוּחִ֑י		global-review-known-rendering	safe	0.6326	approved	0				global known-rendering assignment; lexical score 0.48
9:19	1	If		1	אִם		global-review-known-rendering	safe	0.6395	approved	0				global known-rendering assignment; lexical score 0.49
9:19	14	if		7	אִם		global-review-known-rendering	safe	0.6395	approved	0				global known-rendering assignment; lexical score 0.49
9:19	26	Who		10	מִ֣י		global-review-known-rendering	safe	0.5972	approved	0				global known-rendering assignment; lexical score 0.45
9:22	4	the				expands	supplied-article	safe	0.5687	approved	0				article the original does not write; rests on 'same' → 'הִ֥יא'
9:22	5	same		2	הִ֥יא		global-review-known-rendering	safe	0.5687	approved	0				global known-rendering assignment; lexical score 0.42
9:22	8	so		4	כֵּ֥ן		global-review-known-rendering	safe	0.5973	approved	0				global known-rendering assignment; lexical score 0.45
9:22	10	say		5	אָמַ֑רְתִּי		global-review-known-rendering	safe	0.7663	approved	0				global known-rendering assignment; lexical score 0.62
9:23	1	If		1	אִם		global-review-known-rendering	safe	0.6395	approved	0				global known-rendering assignment; lexical score 0.49
9:23	4	suddenly		4	פִּתְאֹ֑ם		global-review-known-rendering	safe	0.665	approved	0				global known-rendering assignment; lexical score 0.52
9:24	1	The				expands	supplied-article	safe	0.7253	approved	0				article the original does not write; rests on 'land' → 'אֶ֤רֶץ'
9:24	2	land		1	אֶ֤רֶץ		global-review-known-rendering	safe	0.7253	approved	0				global known-rendering assignment; lexical score 0.58
9:24	4	given		2	נִתְּנָ֬ה		global-review-known-rendering	safe	0.6912	approved	0				global known-rendering assignment; lexical score 0.54
9:24	11	the				expands	supplied-article	safe	0.743	approved	0				article the original does not write; rests on 'faces' → 'פְּנֵֽי'
9:24	12	faces		6	פְּנֵֽי		global-review-known-rendering	safe	0.743	approved	0				global known-rendering assignment; lexical score 0.59
9:24	13	of		7	שֹׁפְטֶ֥יהָ		attached-word	safe	0.5022	approved	0				Genitive of 'its'
9:24	14	its		7	שֹׁפְטֶ֥יהָ		attached-word	safe	0.6022	approved	0				PossessivePronoun of 'judges'
9:24	15	judges		7	שֹׁפְטֶ֥יהָ		global-review-known-rendering	safe	0.7022	approved	0				global known-rendering assignment; lexical score 0.55
9:24	17	covered		8	יְכַסֶּ֑ה		global-review-known-rendering	safe	0.6023	approved	0				global known-rendering assignment; lexical score 0.45
9:24	18	if		9	אִם		global-review-known-rendering	safe	0.6395	approved	0				global known-rendering assignment; lexical score 0.49
9:24	19	not		10	לֹ֖א		global-review-known-rendering	safe	0.6787	approved	0				global known-rendering assignment; lexical score 0.53
9:24	23	who		12	מִי		global-review-known-rendering	safe	0.5972	approved	0				global known-rendering assignment; lexical score 0.45
9:25				1	וְ	omits	unrendered-conjunction	safe	0.7783	approved	0				conjunction no word of the verse renders; rests on 'days' → 'יָמַ֣י'
9:25	1	My		2	יָמַ֣י		attached-word	safe	0.6783	approved	0				PossessivePronoun of 'days'
9:25	2	days		2	יָמַ֣י		global-review-known-rendering	safe	0.7783	approved	0				global known-rendering assignment; lexical score 0.63
9:25	5	than		4	מִנִּי		global-review-known-rendering	safe	0.5845	approved	0				global known-rendering assignment; lexical score 0.43
9:25	13	see		8	רָא֥וּ		global-review-known-rendering	safe	0.7061	approved	0				global known-rendering assignment; lexical score 0.56
9:25	15	good		9	טֹובָֽה		global-review-known-rendering	safe	0.6856	approved	0				global known-rendering assignment; lexical score 0.54
9:26	8	an				expands	supplied-indefinite-article	safe	0.755	approved	0				indefinite article; rests on 'eagle' → 'נֶ֗שֶׁר'
9:26	9	eagle		6	נֶ֗שֶׁר		global-review-known-rendering	safe	0.755	approved	0				global known-rendering assignment; lexical score 0.60
9:27	1	If		1	אִם		global-review-known-rendering	safe	0.6395	approved	0				global known-rendering assignment; lexical score 0.49
9:27	3	say		2	אָ֭מְרִי		global-review-known-rendering	safe	0.7663	approved	0				global known-rendering assignment; lexical score 0.62
9:27	15	my		6	פָנַ֣י		attached-word	safe	0.6392	approved	0				PossessivePronoun of 'face'
9:27	16	face		6	פָנַ֣י		global-review-known-rendering	safe	0.7392	approved	0				global known-rendering assignment; lexical score 0.59
9:28	6	all		2	כָל		global-review-known-rendering	safe	0.7585	approved	0				global known-rendering assignment; lexical score 0.61
9:28	15	not		6	לֹ֥א		global-review-known-rendering	safe	0.6787	approved	0				global known-rendering assignment; lexical score 0.53
9:29	10	why		3	לָמָּה		global-review-known-rendering	safe	0.6594	approved	0				global known-rendering assignment; lexical score 0.51
9:30	1	If		1	אִם		global-review-known-rendering	safe	0.6395	approved	0				global known-rendering assignment; lexical score 0.49
9:30	4	washed		2	הִתְרָחַ֥צְתִּי		global-review-known-rendering	safe	0.5968	approved	0				global known-rendering assignment; lexical score 0.45
9:30	7	water		5	שָׁ֑לֶג		global-review-known-rendering	safe	0.7745	approved	0				global known-rendering assignment; lexical score 0.62
9:32	4	not		2	לֹא		global-review-known-rendering	safe	0.6787	approved	0				global known-rendering assignment; lexical score 0.53
9:32	5	a				expands	supplied-indefinite-article	safe	0.6007	approved	0				indefinite article; rests on 'man' → 'אִ֣ישׁ'
9:32	6	man		3	אִ֣ישׁ		global-review-known-rendering	safe	0.6007	approved	0				global known-rendering assignment; lexical score 0.45
9:32	15	an				expands	supplied-indefinite-article	safe	0.5837	approved	0				indefinite article; rests on 'answer' → 'אֶֽעֱנֶ֑נּוּ'
9:32	16	answer		5	אֶֽעֱנֶ֑נּוּ		global-review-known-rendering	safe	0.5837	approved	0				global known-rendering assignment; lexical score 0.43
9:32	20	come		6	נָבֹ֥וא		global-review-known-rendering	safe	0.5725	approved	0				global known-rendering assignment; lexical score 0.42
9:33	9	between		3	בֵּינֵ֣ינוּ		global-review-known-rendering	safe	0.743	approved	0				global known-rendering assignment; lexical score 0.59
9:33	15	over		7	עַל		global-review-known-rendering	safe	0.5668	approved	0				global known-rendering assignment; lexical score 0.42
10:1	1	My		2	נַפְשִׁ֗י		attached-word	safe	0.6921	approved	0				PossessivePronoun of 'soul'
10:1	2	soul		2	נַפְשִׁ֗י		global-review-known-rendering	safe	0.7921	approved	0				global known-rendering assignment; lexical score 0.64
10:1	17	my		11	נַפְשִֽׁי		attached-word	safe	0.6921	approved	0				PossessivePronoun of 'soul'
10:1	18	soul		11	נַפְשִֽׁי		global-review-known-rendering	safe	0.7921	approved	0				global known-rendering assignment; lexical score 0.64
10:1	21	a				expands	supplied-indefinite-article	safe	0.635	approved	0				indefinite article; rests on 'bitter' → 'מַ֣ר'
10:1	22	bitter		10	מַ֣ר		global-review-known-rendering	safe	0.635	approved	0				global known-rendering assignment; lexical score 0.48
10:2	3	say		1	אֹמַ֣ר		global-review-known-rendering	safe	0.7664	approved	0				global known-rendering assignment; lexical score 0.62
10:2	18	what		8	מַה		global-review-known-rendering	safe	0.6686	approved	0				global known-rendering assignment; lexical score 0.52
10:4	3	eyes		2	עֵינֵ֣י		global-review-known-rendering	safe	0.7842	approved	0				global known-rendering assignment; lexical score 0.63
10:4	4	of		3	בָשָׂ֣ר		attached-word	safe	0.6505	approved	0				Genitive of 'flesh'
10:4	5	flesh		3	בָשָׂ֣ר		global-review-known-rendering	safe	0.7505	approved	0				global known-rendering assignment; lexical score 0.60
10:4	9	see		7	רְאֹ֖ות		global-review-known-rendering	safe	0.7063	approved	0				global known-rendering assignment; lexical score 0.56
10:4	12	sees		9	תִּרְאֶֽה		global-review-known-rendering	safe	0.6675	approved	0				global known-rendering assignment; lexical score 0.52
10:5	3	days		3	ימֵ֣י		global-review-known-rendering	safe	0.7782	approved	0				global known-rendering assignment; lexical score 0.63
10:5	5	the				expands	supplied-article	safe	0.7782	approved	0				article the original does not write; rests on 'days' → 'יָמֶ֑יךָ'
10:5	6	days		5	יָמֶ֑יךָ		global-review-known-rendering	safe	0.7782	approved	0				global known-rendering assignment; lexical score 0.63
10:5	10	your		7	שְׁ֝נֹותֶ֗יךָ		attached-word	safe	0.6649	approved	0				PossessivePronoun of 'years'
10:5	11	years		7	שְׁ֝נֹותֶ֗יךָ		global-review-known-rendering	safe	0.7649	approved	0				global known-rendering assignment; lexical score 0.61
10:6	6	my		7	חַטָּאתִ֥י		attached-word	safe	0.514	approved	0				PossessivePronoun of 'sin'
10:6	7	sin		7	חַטָּאתִ֥י		global-review-known-rendering	safe	0.614	approved	0				global known-rendering assignment; lexical score 0.46
10:7	7	not		4	לֹ֣א		global-review-known-rendering	safe	0.6789	approved	0				global known-rendering assignment; lexical score 0.53
10:7	24	your		9	יָּדְךָ֣		attached-word	safe	0.5725	approved	0				PossessivePronoun of 'hands'
10:7	25	hands		9	יָּדְךָ֣		global-review-known-rendering	safe	0.6725	approved	0				global known-rendering assignment; lexical score 0.52
10:8	1	Your		1	יָדֶ֣יךָ		attached-word	safe	0.5725	approved	0				PossessivePronoun of 'hands'
10:8	2	hands		1	יָדֶ֣יךָ		global-review-known-rendering	safe	0.6725	approved	0				global known-rendering assignment; lexical score 0.52
10:9	18	again		11	תְּשִׁיבֵֽנִי		global-review-known-rendering	safe	0.5663	approved	0				global known-rendering assignment; lexical score 0.42
10:9	20	dust		10	עָפָ֥ר		global-review-known-rendering	safe	0.7351	approved	0				global known-rendering assignment; lexical score 0.59
10:10				4		omits	unrendered-article	safe	0.7591	approved	0				article no the of the verse renders; rests on 'milk' → 'חָלָב'
10:10	3	not		2	לֹ֣א		global-review-known-rendering	safe	0.6789	approved	0				global known-rendering assignment; lexical score 0.53
10:10	7	milk		5	חָלָב		global-review-known-rendering	safe	0.7591	approved	0				global known-rendering assignment; lexical score 0.61
10:11	5	clothed		4	תַּלְבִּישֵׁ֑נִי		global-review-known-rendering	safe	0.7284	approved	0				global known-rendering assignment; lexical score 0.58
10:11	7	skin		1	עֹ֣ור		global-review-known-rendering	safe	0.7663	approved	0				global known-rendering assignment; lexical score 0.62
10:11	9	flesh		3	בָשָׂר		global-review-known-rendering	safe	0.7505	approved	0				global known-rendering assignment; lexical score 0.60
10:11	14	bones		7	עֲצָמֹ֥ות		global-review-known-rendering	safe	0.7621	approved	0				global known-rendering assignment; lexical score 0.61
10:12	18	kept		8	שָֽׁמְרָ֥ה		global-review-known-rendering	safe	0.5641	approved	0				global known-rendering assignment; lexical score 0.41
10:12	19	my		9	רוּחִֽי		attached-word	safe	0.6661	approved	0				PossessivePronoun of 'spirit'
10:12	20	spirit		9	רוּחִֽי		global-review-known-rendering	safe	0.7661	approved	0				global known-rendering assignment; lexical score 0.62
10:13	4	these		2	אֵלֶּה		global-review-known-rendering	safe	0.7108	approved	0				global known-rendering assignment; lexical score 0.56
10:14	2	if		1	אִם		global-review-known-rendering	safe	0.6407	approved	0				global known-rendering assignment; lexical score 0.49
10:14	14	not		8	לֹ֣א		global-review-known-rendering	safe	0.6789	approved	0				global known-rendering assignment; lexical score 0.53
10:15	2	if		1	אִם		global-review-known-rendering	safe	0.6407	approved	0				global known-rendering assignment; lexical score 0.49
10:15	18	my		9	רֹאשִׁ֑י		attached-word	safe	0.6391	approved	0				PossessivePronoun of 'head'
10:15	19	head		9	רֹאשִׁ֑י		global-review-known-rendering	safe	0.7391	approved	0				global known-rendering assignment; lexical score 0.59
10:15	21	not		7	לֹא		global-review-known-rendering	safe	0.6789	approved	0				global known-rendering assignment; lexical score 0.53
10:15	23	lifted		8	אֶשָּׂ֣א		global-review-known-rendering	safe	0.6267	approved	0				global known-rendering assignment; lexical score 0.48
10:16	18	again		8	תָשֹׁ֗ב		global-review-known-rendering	safe	0.5663	approved	0				global known-rendering assignment; lexical score 0.42
10:17	6	witnesses		2	עֵדֶ֨יךָ		global-review-known-rendering	safe	0.8	approved	0				global known-rendering assignment; lexical score 0.65
10:17	18	armies		10	צָבָ֣א		global-review-known-rendering	safe	0.5857	approved	0				global known-rendering assignment; lexical score 0.44
10:18	1	Why		2	לָ֣מָּה		global-review-known-rendering	safe	0.6602	approved	0				global known-rendering assignment; lexical score 0.51
10:18	29	eye		8	עַ֣יִן		global-review-known-rendering	safe	0.7942	approved	0				global known-rendering assignment; lexical score 0.64
10:18	32	seen		10	תִרְאֵֽנִי		global-review-known-rendering	safe	0.7109	approved	0				global known-rendering assignment; lexical score 0.56
10:19	11	not		3	לֹא		global-review-known-rendering	safe	0.6789	approved	0				global known-rendering assignment; lexical score 0.53
10:20	2	not		2	לֹא		global-review-known-rendering	safe	0.6789	approved	0				global known-rendering assignment; lexical score 0.53
10:20	3	the				expands	supplied-article	safe	0.7782	approved	0				article the original does not write; rests on 'days' → 'יָמַ֣י'
10:20	4	days		4	יָמַ֣י		global-review-known-rendering	safe	0.7782	approved	0				global known-rendering assignment; lexical score 0.63
10:21	11	not		5	לֹ֣א		global-review-known-rendering	safe	0.6789	approved	0				global known-rendering assignment; lexical score 0.53
10:21	13	back		6	אָשׁ֑וּב		global-review-known-rendering	safe	0.5608	approved	0				global known-rendering assignment; lexical score 0.41
10:21	15	the				expands	supplied-article	safe	0.7252	approved	0				article the original does not write; rests on 'land' → 'אֶ֖רֶץ'
10:21	16	land		8	אֶ֖רֶץ		global-review-known-rendering	safe	0.7252	approved	0				global known-rendering assignment; lexical score 0.58
10:22	1	A				expands	supplied-indefinite-article	safe	0.7252	approved	0				indefinite article; rests on 'land' → 'אֶ֤רֶץ'
10:22	2	land		1	אֶ֤רֶץ		global-review-known-rendering	safe	0.7252	approved	0				global known-rendering assignment; lexical score 0.58
11:1	6	answer		2	יַּעַן		global-review-known-rendering	safe	0.5917	approved	0				global known-rendering assignment; lexical score 0.44
11:1	8	said		7	יֹּאמַֽר		global-review-known-rendering	safe	0.7772	approved	0				global known-rendering assignment; lexical score 0.63
11:2	4	words		3	דְּ֭בָרִים		global-review-known-rendering	safe	0.7186	approved	0				global known-rendering assignment; lexical score 0.57
11:2	10	a				expands	supplied-indefinite-article	safe	0.6007	approved	0				indefinite article; rests on 'man' → 'אִ֖ישׁ'
11:2	11	man		8	אִ֖ישׁ		global-review-known-rendering	safe	0.6007	approved	0				global known-rendering assignment; lexical score 0.45
11:4	3	say		2	תֹּאמֶר		global-review-known-rendering	safe	0.7664	approved	0				global known-rendering assignment; lexical score 0.62
11:4	15	your		9	עֵינֶֽיךָ		attached-word	safe	0.6842	approved	0				PossessivePronoun of 'eyes'
11:4	16	eyes		9	עֵינֶֽיךָ		global-review-known-rendering	safe	0.7842	approved	0				global known-rendering assignment; lexical score 0.63
11:5	11	his		9	שְׂפָתָ֣יו		attached-word	safe	0.6839	approved	0				PossessivePronoun of 'lips'
11:5	12	lips		9	שְׂפָתָ֣יו		global-review-known-rendering	safe	0.7839	approved	0				global known-rendering assignment; lexical score 0.63
11:6	10	wisdom		5	חָכְמָה֮		global-review-known-rendering	safe	0.7036	approved	0				global known-rendering assignment; lexical score 0.55
11:8	5	heaven		2	שָׁ֭מַיִם		global-review-known-rendering	safe	0.7268	approved	0				global known-rendering assignment; lexical score 0.58
11:8	6	what		3	מַה		global-review-known-rendering	safe	0.6681	approved	0				global known-rendering assignment; lexical score 0.52
11:8	13	deeper		5	עֲמֻקָּ֥ה		global-review-known-rendering	safe	0.7437	approved	0				global known-rendering assignment; lexical score 0.59
11:8	14	than		6	מִ֝		global-review-known-rendering	safe	0.5846	approved	0				global known-rendering assignment; lexical score 0.43
11:9	4	than		2	מֵ		global-review-known-rendering	safe	0.5846	approved	0				global known-rendering assignment; lexical score 0.43
11:9	5	the				expands	supplied-article	safe	0.7447	approved	0				article the original does not write; rests on 'earth' → 'אֶ֣רֶץ'
11:9	6	earth		3	אֶ֣רֶץ		global-review-known-rendering	safe	0.7447	approved	0				global known-rendering assignment; lexical score 0.59
11:9	9	than		7	מִנִּי		global-review-known-rendering	safe	0.5846	approved	0				global known-rendering assignment; lexical score 0.43
11:9	10	the				expands	supplied-article	safe	0.7752	approved	0				article the original does not write; rests on 'sea' → 'יָֽם'
11:9	11	sea		8	יָֽם		global-review-known-rendering	safe	0.7752	approved	0				global known-rendering assignment; lexical score 0.63
11:10	1	If		1	אִם		global-review-known-rendering	safe	0.6405	approved	0				global known-rendering assignment; lexical score 0.49
11:10	7	shutting		4	יַסְגִּ֑יר		global-review-known-rendering	safe	0.5971	approved	0				global known-rendering assignment; lexical score 0.45
11:10	16	who		8	מִ֣י		global-review-known-rendering	safe	0.5988	approved	0				global known-rendering assignment; lexical score 0.45
11:10	21	back		9	יְשִׁיבֶֽנּוּ		global-review-known-rendering	safe	0.5608	approved	0				global known-rendering assignment; lexical score 0.41
11:11	10	sees		7	יַּרְא		global-review-known-rendering	safe	0.6678	approved	0				global known-rendering assignment; lexical score 0.52
11:11	14	note		10	לֹ֣א		global-review-known-rendering	safe	0.6791	approved	0				global known-rendering assignment; lexical score 0.53
11:12	5	man		2	אִ֣ישׁ		global-review-known-rendering	safe	0.6007	approved	0				global known-rendering assignment; lexical score 0.45
11:13	2	if		1	אִם		global-review-known-rendering	safe	0.6405	approved	0				global known-rendering assignment; lexical score 0.49
11:13	5	your		4	לִבֶּ֑ךָ		attached-word	safe	0.5439	approved	0				PossessivePronoun of 'heart'
11:13	6	heart		4	לִבֶּ֑ךָ		global-review-known-rendering	safe	0.6439	approved	0				global known-rendering assignment; lexical score 0.49
11:14	1	If		1	אִם		global-review-known-rendering	safe	0.6405	approved	0				global known-rendering assignment; lexical score 0.49
11:14	9	your		4	יָדְךָ		attached-word	safe	0.5728	approved	0				PossessivePronoun of 'hands'
11:14	10	hands		4	יָדְךָ		global-review-known-rendering	safe	0.6728	approved	0				global known-rendering assignment; lexical score 0.52
11:14	19	your		10	אֹהָלֶ֣יךָ		attached-word	safe	0.6308	approved	0				PossessivePronoun of 'tent'
11:14	20	tent		10	אֹהָלֶ֣יךָ		global-review-known-rendering	safe	0.7308	approved	0				global known-rendering assignment; lexical score 0.58
11:15	3	your		4	פָנֶ֣יךָ		attached-word	safe	0.639	approved	0				PossessivePronoun of 'face'
11:15	4	face		4	פָנֶ֣יךָ		global-review-known-rendering	safe	0.739	approved	0				global known-rendering assignment; lexical score 0.59
11:15	7	lifted		3	תִּשָּׂ֣א		global-review-known-rendering	safe	0.6267	approved	0				global known-rendering assignment; lexical score 0.48
11:16	10	waters		6	מַ֖יִם		global-review-known-rendering	safe	0.7786	approved	0				global known-rendering assignment; lexical score 0.63
11:17	7	than		2	מִ		global-review-known-rendering	safe	0.5846	approved	0				global known-rendering assignment; lexical score 0.43
11:17	15	become		10	תִּהְיֶֽה		global-review-known-rendering	safe	0.6701	approved	0				global known-rendering assignment; lexical score 0.52
11:17	17	the		8			attached-word	safe	0.6522	approved	0				Article of 'morning'
11:17	18	morning		9	בֹּ֥קֶר		global-review-known-rendering	safe	0.7522	approved	0				global known-rendering assignment; lexical score 0.60
11:20	2	the				expands	supplied-article	safe	0.7842	approved	0				article the original does not write; rests on 'eyes' → 'עֵינֵ֥י'
11:20	3	eyes		2	עֵינֵ֥י		global-review-known-rendering	safe	0.7842	approved	0				global known-rendering assignment; lexical score 0.63
12:1	2	Job		3	אִיֹּ֗וב		global-review-known-rendering	safe	0.7845	approved	0				global known-rendering assignment; lexical score 0.63
12:1	4	answer		2	יַּ֥עַן		global-review-known-rendering	safe	0.5917	approved	0				global known-rendering assignment; lexical score 0.44
12:1	6	said		5	יֹּאמַֽר		global-review-known-rendering	safe	0.7772	approved	0				global known-rendering assignment; lexical score 0.63
12:2	7	wisdom		8	חָכְמָֽה		global-review-known-rendering	safe	0.7045	approved	0				global known-rendering assignment; lexical score 0.55
12:3	16	who		11	מִי		global-review-known-rendering	safe	0.5989	approved	0				global known-rendering assignment; lexical score 0.45
12:3	18	not		5	לֹא		global-review-known-rendering	safe	0.679	approved	0				global known-rendering assignment; lexical score 0.53
12:3	24	these		14	אֵֽלֶּה		global-review-known-rendering	safe	0.7111	approved	0				global known-rendering assignment; lexical score 0.56
12:4	17	his		3	רֵעֵ֨הוּ		attached-word	safe	0.5947	approved	0				PossessivePronoun of 'neighbour'
12:4	18	neighbour		3	רֵעֵ֨הוּ		global-review-known-rendering	safe	0.6947	approved	0				global known-rendering assignment; lexical score 0.54
12:5	27	feet		11	רָֽגֶל		global-review-known-rendering	safe	0.7368	approved	0				global known-rendering assignment; lexical score 0.59
12:6	5	the				expands	supplied-article	safe	0.6875	approved	0				article the original does not write; rests on 'tents' → 'אֹֽהָלִ֨ים'
12:6	6	tents		2	אֹֽהָלִ֨ים		global-review-known-rendering	safe	0.6875	approved	0				global known-rendering assignment; lexical score 0.54
12:6	15	whom		11	אֲשֶׁ֤ר		global-review-known-rendering	safe	0.6483	approved	0				global known-rendering assignment; lexical score 0.50
12:7	18	of		11	שָּׁמַ֗יִם		attached-word	safe	0.627	approved	0				Genitive of 'heaven'
12:7	19	the		10	הַ֝		attached-word	safe	0.627	approved	0				Article of 'heaven'
12:7	20	heaven		11	שָּׁמַ֗יִם		global-review-known-rendering	safe	0.727	approved	0				global known-rendering assignment; lexical score 0.58
12:8	9	the		4			attached-word	safe	0.644	approved	0				Article of 'earth'
12:8	10	earth		5	אָ֣רֶץ		global-review-known-rendering	safe	0.744	approved	0				global known-rendering assignment; lexical score 0.59
12:8	18	the				expands	supplied-article	safe	0.8	approved	0				article the original does not write; rests on 'fishes' → 'דְּגֵ֣י'
12:8	19	fishes		11	דְּגֵ֣י		global-review-known-rendering	safe	0.8	approved	0				global known-rendering assignment; lexical score 0.65
12:8	20	of		13	יָּֽם		attached-word	safe	0.6752	approved	0				Genitive of 'sea'
12:8	21	the		12	הַ		attached-word	safe	0.6752	approved	0				Article of 'sea'
12:8	22	sea		13	יָּֽם		global-review-known-rendering	safe	0.7752	approved	0				global known-rendering assignment; lexical score 0.63
12:9	1	Who		1	מִ֭י		global-review-known-rendering	safe	0.5989	approved	0				global known-rendering assignment; lexical score 0.45
12:9	3	not		2	לֹא		global-review-known-rendering	safe	0.679	approved	0				global known-rendering assignment; lexical score 0.53
12:9	6	all		5	כָל		global-review-known-rendering	safe	0.7585	approved	0				global known-rendering assignment; lexical score 0.61
12:9	7	these		6	אֵ֑לֶּה		global-review-known-rendering	safe	0.7111	approved	0				global known-rendering assignment; lexical score 0.56
12:9	9	the				expands	supplied-article	safe	0.6694	approved	0				article the original does not write; rests on 'hand' → 'יַד'
12:9	10	hand		8	יַד		global-review-known-rendering	safe	0.6694	approved	0				global known-rendering assignment; lexical score 0.52
12:9	15	done		10	עָ֣שְׂתָה		global-review-known-rendering	safe	0.6992	approved	0				global known-rendering assignment; lexical score 0.55
12:10	3	hand		3	יָדֹו		global-review-known-rendering	safe	0.6694	approved	0				global known-rendering assignment; lexical score 0.52
12:10	5	the				expands	supplied-article	safe	0.7921	approved	0				article the original does not write; rests on 'soul' → 'נֶ֣פֶשׁ'
12:10	6	soul		4	נֶ֣פֶשׁ		global-review-known-rendering	safe	0.7921	approved	0				global known-rendering assignment; lexical score 0.64
12:10	9	living		6	חָ֑י		global-review-known-rendering	safe	0.7657	approved	0				global known-rendering assignment; lexical score 0.62
12:10	12	the				expands	supplied-article	safe	0.6326	approved	0				article the original does not write; rests on 'breath' → 'ר֗וּחַ'
12:10	13	breath		8	ר֗וּחַ		global-review-known-rendering	safe	0.6326	approved	0				global known-rendering assignment; lexical score 0.48
12:10	15	all		9	כָּל		global-review-known-rendering	safe	0.7585	approved	0				global known-rendering assignment; lexical score 0.61
12:10	16	flesh		10	בְּשַׂר		global-review-known-rendering	safe	0.7509	approved	0				global known-rendering assignment; lexical score 0.60
12:10	17	of		11	אִֽישׁ		attached-word	safe	0.5006	approved	0				Genitive of 'man'
12:10	18	man		11	אִֽישׁ		global-review-known-rendering	safe	0.6006	approved	0				global known-rendering assignment; lexical score 0.45
12:11	2	not		2	לֹא		global-review-known-rendering	safe	0.679	approved	0				global known-rendering assignment; lexical score 0.53
12:11	6	the				expands	supplied-article	safe	0.6534	approved	0				article the original does not write; rests on 'ear' → 'אֹ֭זֶן'
12:11	7	ear		3	אֹ֭זֶן		global-review-known-rendering	safe	0.6534	approved	0				global known-rendering assignment; lexical score 0.50
12:12	4	wisdom		3	חָכְמָ֑ה		global-review-known-rendering	safe	0.7045	approved	0				global known-rendering assignment; lexical score 0.55
12:13	5	wisdom		2	חָכְמָ֣ה		global-review-known-rendering	safe	0.7045	approved	0				global known-rendering assignment; lexical score 0.55
12:14	5	building		5	יִבָּנֶ֑ה		global-review-known-rendering	safe	0.5545	approved	0				global known-rendering assignment; lexical score 0.40
12:14	15	a				expands	supplied-indefinite-article	safe	0.6006	approved	0				indefinite article; rests on 'man' → 'אִ֝֗ישׁ'
12:14	16	man		8	אִ֝֗ישׁ		global-review-known-rendering	safe	0.6006	approved	0				global known-rendering assignment; lexical score 0.45
12:14	18	shut		6	יִסְגֹּ֥ר		global-review-known-rendering	safe	0.6078	approved	0				global known-rendering assignment; lexical score 0.46
12:14	27	loose		11	יִפָּתֵֽחַ		global-review-known-rendering	safe	0.575	approved	0				global known-rendering assignment; lexical score 0.43
12:15	5	the		4			attached-word	safe	0.6786	approved	0				Article of 'waters'
12:15	6	waters		5	מַּ֣יִם		global-review-known-rendering	safe	0.7786	approved	0				global known-rendering assignment; lexical score 0.63
12:15	12	sends		9	ישַׁלְּחֵ֗ם		global-review-known-rendering	safe	0.7348	approved	0				global known-rendering assignment; lexical score 0.58
12:15	16	the				expands	supplied-article	safe	0.744	approved	0				article the original does not write; rests on 'earth' → 'אָֽרֶץ'
12:15	17	earth		12	אָֽרֶץ		global-review-known-rendering	safe	0.744	approved	0				global known-rendering assignment; lexical score 0.59
12:17	12	judges		5	שֹׁפְטִ֥ים		global-review-known-rendering	safe	0.7022	approved	0				global known-rendering assignment; lexical score 0.55
12:18	6	kings		2	מְלָכִ֣ים		global-review-known-rendering	safe	0.7742	approved	0				global known-rendering assignment; lexical score 0.62
12:19	3	priests		2	כֹּהֲנִ֣ים		global-review-known-rendering	safe	0.7785	approved	0				global known-rendering assignment; lexical score 0.63
12:22	1	Uncovering		1	מְגַלֶּ֣ה		global-review-known-rendering	safe	0.6781	approved	0				global known-rendering assignment; lexical score 0.53
12:23	2	nations		4	גֹּויִם		global-review-known-rendering	safe	0.7495	approved	0				global known-rendering assignment; lexical score 0.60
12:24	10	the		5	הָ		attached-word	safe	0.644	approved	0				Article of 'earth'
12:24	11	earth		6	אָ֑רֶץ		global-review-known-rendering	safe	0.744	approved	0				global known-rendering assignment; lexical score 0.59
12:24	23	way		12	דָֽרֶךְ		global-review-known-rendering	safe	0.7232	approved	0				global known-rendering assignment; lexical score 0.57
12:25	9	light		5	אֹ֑ור		global-review-known-rendering	safe	0.6267	approved	0				global known-rendering assignment; lexical score 0.48
13:1	2	my		4	עֵינִ֑י		attached-word	safe	0.6942	approved	0				PossessivePronoun of 'eye'
13:1	3	eye		4	עֵינִ֑י		global-review-known-rendering	safe	0.7942	approved	0				global known-rendering assignment; lexical score 0.64
13:1	5	seen		3	רָאֲתָ֣ה		global-review-known-rendering	safe	0.7109	approved	0				global known-rendering assignment; lexical score 0.56
13:1	6	all		2	כֹּ֖ל		global-review-known-rendering	safe	0.7585	approved	0				global known-rendering assignment; lexical score 0.61
13:1	14	my		6	אָ֝זְנִ֗י		attached-word	safe	0.5534	approved	0				PossessivePronoun of 'ear'
13:1	15	ear		6	אָ֝זְנִ֗י		global-review-known-rendering	safe	0.6534	approved	0				global known-rendering assignment; lexical score 0.50
13:3	5	talk		5	אֲדַבֵּ֑ר		global-review-known-rendering	safe	0.5643	approved	0				global known-rendering assignment; lexical score 0.41
13:4	4	a				expands	supplied-indefinite-article	safe	0.6147	approved	0				indefinite article; rests on 'false' → 'שָׁ֑קֶר'
13:4	5	false		5	שָׁ֑קֶר		global-review-known-rendering	safe	0.6147	approved	0				global known-rendering assignment; lexical score 0.46
13:4	9	all		8	כֻּלְּכֶֽם		global-review-known-rendering	safe	0.7585	approved	0				global known-rendering assignment; lexical score 0.61
13:5	13	wisdom		9	חָכְמָֽה		global-review-known-rendering	safe	0.7036	approved	0				global known-rendering assignment; lexical score 0.55
13:6	16	my		6	שְׂפָתַ֣י		attached-word	safe	0.6839	approved	0				PossessivePronoun of 'lips'
13:6	17	lips		6	שְׂפָתַ֣י		global-review-known-rendering	safe	0.7839	approved	0				global known-rendering assignment; lexical score 0.63
13:9	4	good		2	טֹוב		global-review-known-rendering	safe	0.6856	approved	0				global known-rendering assignment; lexical score 0.54
13:9	26	a				expands	supplied-indefinite-article	safe	0.6006	approved	0				indefinite article; rests on 'man' → 'אֱנֹ֗ושׁ'
13:9	27	man		10	אֱנֹ֗ושׁ		global-review-known-rendering	safe	0.6006	approved	0				global known-rendering assignment; lexical score 0.45
13:10	7	if		4	אִם		global-review-known-rendering	safe	0.6412	approved	0				global known-rendering assignment; lexical score 0.49
13:11	2	not		2	לֹ֣א		global-review-known-rendering	safe	0.679	approved	0				global known-rendering assignment; lexical score 0.53
13:13	7	what		9	מָֽה		global-review-known-rendering	safe	0.6689	approved	0				global known-rendering assignment; lexical score 0.52
13:14	4	my		4	בְשָׂרִ֣י		attached-word	safe	0.6507	approved	0				PossessivePronoun of 'flesh'
13:14	5	flesh		4	בְשָׂרִ֣י		global-review-known-rendering	safe	0.7507	approved	0				global known-rendering assignment; lexical score 0.60
13:14	7	my		6	שִׁנָּ֑י		attached-word	safe	0.6027	approved	0				PossessivePronoun of 'teeth'
13:14	8	teeth		6	שִׁנָּ֑י		global-review-known-rendering	safe	0.7027	approved	0				global known-rendering assignment; lexical score 0.55
13:15	16	not		3	לא		global-review-known-rendering	safe	0.679	approved	0				global known-rendering assignment; lexical score 0.53
13:15	18	way		6	דְּ֝רָכַ֗י		global-review-known-rendering	safe	0.7234	approved	0				global known-rendering assignment; lexical score 0.57
13:15	21	before		8	פָּנָ֥יו		global-review-known-rendering	safe	0.658	approved	0				global known-rendering assignment; lexical score 0.51
13:16	11	not		7	לֹ֥א		global-review-known-rendering	safe	0.679	approved	0				global known-rendering assignment; lexical score 0.53
13:16	12	come		11	יָבֹֽוא		global-review-known-rendering	safe	0.5727	approved	0				global known-rendering assignment; lexical score 0.42
13:16	13	before		9	פָנָ֗יו		global-review-known-rendering	safe	0.658	approved	0				global known-rendering assignment; lexical score 0.51
13:17	2	ear		7	אָזְנֵיכֶֽם		global-review-known-rendering	safe	0.6534	approved	0				global known-rendering assignment; lexical score 0.50
13:20	2	two		2	שְׁ֭תַּיִם		global-review-known-rendering	safe	0.6869	approved	0				global known-rendering assignment; lexical score 0.54
13:20	5	not		9	לֹ֣א		global-review-known-rendering	safe	0.679	approved	0				global known-rendering assignment; lexical score 0.53
13:20	6	do		4	תַּ֣עַשׂ		global-review-known-rendering	safe	0.6293	approved	0				global known-rendering assignment; lexical score 0.48
13:20	14	your		8	פָּנֶ֗יךָ		attached-word	safe	0.639	approved	0				PossessivePronoun of 'face'
13:20	15	face		8	פָּנֶ֗יךָ		global-review-known-rendering	safe	0.739	approved	0				global known-rendering assignment; lexical score 0.59
13:22	11	answer		5	אֶֽעֱנֶ֑ה		global-review-known-rendering	safe	0.592	approved	0				global known-rendering assignment; lexical score 0.44
13:23	1	What		2	מָּ֣ה		global-review-known-rendering	safe	0.6689	approved	0				global known-rendering assignment; lexical score 0.52
13:23	10	sins		6	חַטָּאֹ֑ות		global-review-known-rendering	safe	0.7069	approved	0				global known-rendering assignment; lexical score 0.56
13:24	1	Why		1	לָֽמָּה		global-review-known-rendering	safe	0.6602	approved	0				global known-rendering assignment; lexical score 0.51
13:24	3	your		2	פָנֶ֥יךָ		attached-word	safe	0.639	approved	0				PossessivePronoun of 'face'
13:24	4	face		2	פָנֶ֥יךָ		global-review-known-rendering	safe	0.739	approved	0				global known-rendering assignment; lexical score 0.59
13:25	6	a				expands	supplied-indefinite-article	safe	0.8	approved	0				indefinite article; rests on 'leaf' → 'עָלֶ֣ה'
13:25	7	leaf		2	עָלֶ֣ה		global-review-known-rendering	safe	0.8	approved	0				global known-rendering assignment; lexical score 0.65
13:26	12	punishment		7	עֲוֹנֹ֥ות		global-review-known-rendering	safe	0.62	approved	0				global known-rendering assignment; lexical score 0.47
13:27	6	my		6	רַגְלַ֗י		attached-word	safe	0.6365	approved	0				PossessivePronoun of 'feet'
13:27	7	feet		6	רַגְלַ֗י		global-review-known-rendering	safe	0.7365	approved	0				global known-rendering assignment; lexical score 0.59
13:27	9	all		9	כָּל		global-review-known-rendering	safe	0.7585	approved	0				global known-rendering assignment; lexical score 0.61
14:1	7	woman		3	אִשָּׁ֑ה		global-review-known-rendering	safe	0.7226	approved	0				global known-rendering assignment; lexical score 0.57
14:1	9	days		5	יָ֝מִ֗ים		global-review-known-rendering	safe	0.7783	approved	0				global known-rendering assignment; lexical score 0.63
14:2				9		omits	unrendered-article	safe	0.7571	approved	0				article no the of the verse renders; rests on 'shade' → 'צֵּ֗ל'
14:2	16	a				expands	supplied-indefinite-article	safe	0.7571	approved	0				indefinite article; rests on 'shade' → 'צֵּ֗ל'
14:2	17	shade		10	צֵּ֗ל		global-review-known-rendering	safe	0.7571	approved	0				global known-rendering assignment; lexical score 0.61
14:2	20	never		12	לֹ֣א		global-review-known-rendering	safe	0.638	approved	0				global known-rendering assignment; lexical score 0.49
14:3	10	your		5	עֵינֶ֑ךָ		attached-word	safe	0.6842	approved	0				PossessivePronoun of 'eyes'
14:3	11	eyes		5	עֵינֶ֑ךָ		global-review-known-rendering	safe	0.7842	approved	0				global known-rendering assignment; lexical score 0.63
14:4	15	not		6	לֹ֣א		global-review-known-rendering	safe	0.6788	approved	0				global known-rendering assignment; lexical score 0.53
14:5	1	If		1	אִ֥ם		global-review-known-rendering	safe	0.6407	approved	0				global known-rendering assignment; lexical score 0.49
14:5	2	his		3	יָמָ֗יו		attached-word	safe	0.6783	approved	0				PossessivePronoun of 'days'
14:5	3	days		3	יָמָ֗יו		global-review-known-rendering	safe	0.7783	approved	0				global known-rendering assignment; lexical score 0.63
14:5	11	the				expands	supplied-article	safe	0.6443	approved	0				article the original does not write; rests on 'number' → 'מִֽסְפַּר'
14:5	12	number		4	מִֽסְפַּר		global-review-known-rendering	safe	0.6443	approved	0				global known-rendering assignment; lexical score 0.49
14:5	13	of		5	חֳדָשָׁ֥יו		attached-word	safe	0.5341	approved	0				Genitive of 'his'
14:5	14	his		5	חֳדָשָׁ֥יו		attached-word	safe	0.6341	approved	0				PossessivePronoun of 'months'
14:5	15	months		5	חֳדָשָׁ֥יו		global-review-known-rendering	safe	0.7341	approved	0				global known-rendering assignment; lexical score 0.58
14:5	26	not		10	לֹ֣א		global-review-known-rendering	safe	0.6788	approved	0				global known-rendering assignment; lexical score 0.53
14:6	25	his		10	יֹומֹֽו		attached-word	safe	0.6654	approved	0				PossessivePronoun of 'day'
14:6	26	day		10	יֹומֹֽו		global-review-known-rendering	safe	0.7654	approved	0				global known-rendering assignment; lexical score 0.62
14:7				4		omits	unrendered-article	safe	0.5912	approved	0				article no the of the verse renders; rests on 'tree' → 'עֵ֗ץ'
14:7	6	a				expands	supplied-indefinite-article	safe	0.5912	approved	0				indefinite article; rests on 'tree' → 'עֵ֗ץ'
14:7	7	tree		5	עֵ֗ץ		global-review-known-rendering	safe	0.5912	approved	0				global known-rendering assignment; lexical score 0.44
14:7	8	if		7	אִֽם		global-review-known-rendering	safe	0.6407	approved	0				global known-rendering assignment; lexical score 0.49
14:7	11	cut		8	יִ֭כָּרֵת		global-review-known-rendering	safe	0.5831	approved	0				global known-rendering assignment; lexical score 0.43
14:7	23	not		14	לֹ֣א		global-review-known-rendering	safe	0.6788	approved	0				global known-rendering assignment; lexical score 0.53
14:8	2	its		6	שָׁרְשֹׁ֑ו		attached-word	safe	0.5138	approved	0				PossessivePronoun of 'root'
14:8	3	root		6	שָׁרְשֹׁ֑ו		global-review-known-rendering	safe	0.6138	approved	0				global known-rendering assignment; lexical score 0.46
14:8	8	the		4			attached-word	safe	0.6441	approved	0				Article of 'earth'
14:8	9	earth		5	אָ֣רֶץ		global-review-known-rendering	safe	0.7441	approved	0				global known-rendering assignment; lexical score 0.59
14:8	16	dead		11	יָמ֥וּת		global-review-known-rendering	safe	0.6907	approved	0				global known-rendering assignment; lexical score 0.54
14:8	18	the		9			attached-word	safe	0.6308	approved	0				Article of 'dust'
14:8	19	dust		10	עָפָ֗ר		global-review-known-rendering	safe	0.7308	approved	0				global known-rendering assignment; lexical score 0.58
14:9	3	the				expands	supplied-article	safe	0.625	approved	0				article the original does not write; rests on 'smell' → 'רֵ֣יחַ'
14:9	4	smell		2	רֵ֣יחַ		global-review-known-rendering	safe	0.625	approved	0				global known-rendering assignment; lexical score 0.48
14:9	5	of		3	מַ֣יִם		attached-word	safe	0.6745	approved	0				Genitive of 'water'
14:9	6	water		3	מַ֣יִם		global-review-known-rendering	safe	0.7745	approved	0				global known-rendering assignment; lexical score 0.62
14:11	1	The				expands	supplied-article	safe	0.7786	approved	0				article the original does not write; rests on 'waters' → 'מַ֭יִם'
14:11	2	waters		2	מַ֭יִם		global-review-known-rendering	safe	0.7786	approved	0				global known-rendering assignment; lexical score 0.63
14:12	2	man		2	אִ֥ישׁ		global-review-known-rendering	safe	0.6013	approved	0				global known-rendering assignment; lexical score 0.45
14:12	11	not		5	לֹא		global-review-known-rendering	safe	0.6788	approved	0				global known-rendering assignment; lexical score 0.53
14:12	13	till		7	עַד		global-review-known-rendering	safe	0.6244	approved	0				global known-rendering assignment; lexical score 0.47
14:12	14	the				expands	supplied-article	safe	0.7755	approved	0				article the original does not write; rests on 'heavens' → 'שָׁ֭מַיִם'
14:12	15	heavens		9	שָׁ֭מַיִם		global-review-known-rendering	safe	0.7755	approved	0				global known-rendering assignment; lexical score 0.63
14:12	22	not		13	לֹֽא		global-review-known-rendering	safe	0.6788	approved	0				global known-rendering assignment; lexical score 0.53
14:12	24	awake		14	יֵ֝עֹ֗רוּ		global-review-known-rendering	safe	0.6714	approved	0				global known-rendering assignment; lexical score 0.52
14:13	17	till		7	עַד		global-review-known-rendering	safe	0.6244	approved	0				global known-rendering assignment; lexical score 0.47
14:13	22	giving		2	יִתֵּ֨ן		global-review-known-rendering	safe	0.6313	approved	0				global known-rendering assignment; lexical score 0.48
14:13	34	again		8	שׁ֣וּב		global-review-known-rendering	safe	0.5678	approved	0				global known-rendering assignment; lexical score 0.42
14:14	1	If		1	אִם		global-review-known-rendering	safe	0.6407	approved	0				global known-rendering assignment; lexical score 0.49
14:14	8	come		11	בֹּ֝֗וא		global-review-known-rendering	safe	0.5727	approved	0				global known-rendering assignment; lexical score 0.42
14:14	12	All		6	כָּל		global-review-known-rendering	safe	0.7585	approved	0				global known-rendering assignment; lexical score 0.61
14:14	13	the				expands	supplied-article	safe	0.7783	approved	0				article the original does not write; rests on 'days' → 'יְמֵ֣י'
14:14	14	days		7	יְמֵ֣י		global-review-known-rendering	safe	0.7783	approved	0				global known-rendering assignment; lexical score 0.63
14:14	22	till		10	עַד		global-review-known-rendering	safe	0.6244	approved	0				global known-rendering assignment; lexical score 0.47
14:15	10	an				expands	supplied-indefinite-article	safe	0.5897	approved	0				indefinite article; rests on 'answer' → 'אֶֽעֱנֶ֑ךָּ'
14:15	11	answer		4	אֶֽעֱנֶ֑ךָּ		global-review-known-rendering	safe	0.5897	approved	0				global known-rendering assignment; lexical score 0.44
14:15	21	of		7	יָדֶ֣יךָ		attached-word	safe	0.4716	approved	0				Genitive of 'your'
14:15	22	your		7	יָדֶ֣יךָ		attached-word	safe	0.5716	approved	0				PossessivePronoun of 'hands'
14:15	23	hands		7	יָדֶ֣יךָ		global-review-known-rendering	safe	0.6716	approved	0				global known-rendering assignment; lexical score 0.52
14:16	2	now		2	עַ֭תָּה		global-review-known-rendering	safe	0.6316	approved	0				global known-rendering assignment; lexical score 0.48
14:16	10	my		8	חַטָּאתִֽי		attached-word	safe	0.5133	approved	0				PossessivePronoun of 'sin'
14:16	11	sin		8	חַטָּאתִֽי		global-review-known-rendering	safe	0.6133	approved	0				global known-rendering assignment; lexical score 0.46
14:16	13	not		5	לֹֽא		global-review-known-rendering	safe	0.6788	approved	0				global known-rendering assignment; lexical score 0.53
14:18	3	a				expands	supplied-indefinite-article	safe	0.7664	approved	0				indefinite article; rests on 'mountain' → 'הַר'
14:18	4	mountain		3	הַר		global-review-known-rendering	safe	0.7664	approved	0				global known-rendering assignment; lexical score 0.62
14:18	15	its		10	מְּקֹמֹֽו		attached-word	safe	0.5413	approved	0				PossessivePronoun of 'place'
14:18	16	place		10	מְּקֹמֹֽו		global-review-known-rendering	safe	0.6413	approved	0				global known-rendering assignment; lexical score 0.49
14:19	1	The				expands	supplied-article	safe	0.7385	approved	0				article the original does not write; rests on 'stones' → 'אֲבָנִ֤ים'
14:19	2	stones		1	אֲבָנִ֤ים		global-review-known-rendering	safe	0.7385	approved	0				global known-rendering assignment; lexical score 0.59
14:19	10	the				expands	supplied-article	safe	0.7786	approved	0				article the original does not write; rests on 'waters' → 'מַ֗יִם'
14:19	11	waters		3	מַ֗יִם		global-review-known-rendering	safe	0.7786	approved	0				global known-rendering assignment; lexical score 0.63
14:19	12	the				expands	supplied-article	safe	0.7308	approved	0				article the original does not write; rests on 'dust' → 'עֲפַר'
14:19	13	dust		6	עֲפַר		global-review-known-rendering	safe	0.7308	approved	0				global known-rendering assignment; lexical score 0.58
14:19	14	of		7	אָ֑רֶץ		attached-word	safe	0.6441	approved	0				Genitive of 'earth'
14:19	15	the				expands	supplied-article	safe	0.7441	approved	0				article the original does not write; rests on 'earth' → 'אָ֑רֶץ'
14:19	16	earth		7	אָ֑רֶץ		global-review-known-rendering	safe	0.7441	approved	0				global known-rendering assignment; lexical score 0.59
14:19	22	overflowing		4	תִּשְׁטֹֽף		global-review-known-rendering	safe	0.6125	approved	0				global known-rendering assignment; lexical score 0.46
14:20	10	his		7	פָ֝נָ֗יו		attached-word	safe	0.6392	approved	0				PossessivePronoun of 'face'
14:20	11	face		7	פָ֝נָ֗יו		global-review-known-rendering	safe	0.7392	approved	0				global known-rendering assignment; lexical score 0.59
14:20	18	send		9	תְּשַׁלְּחֵֽהוּ		global-review-known-rendering	safe	0.7419	approved	0				global known-rendering assignment; lexical score 0.59
14:21	1	His		2	בָ֭נָיו		attached-word	safe	0.6675	approved	0				PossessivePronoun of 'sons'
14:21	2	sons		2	בָ֭נָיו		global-review-known-rendering	safe	0.7675	approved	0				global known-rendering assignment; lexical score 0.62
14:21	20	not		9	לֹא		global-review-known-rendering	safe	0.6788	approved	0				global known-rendering assignment; lexical score 0.53
14:22	2	his		2	בְּ֭שָׂרֹו		attached-word	safe	0.6507	approved	0				PossessivePronoun of 'flesh'
14:22	3	flesh		2	בְּ֭שָׂרֹו		global-review-known-rendering	safe	0.7507	approved	0				global known-rendering assignment; lexical score 0.60
14:22	8	his		6	נַפְשֹׁ֗ו		attached-word	safe	0.6921	approved	0				PossessivePronoun of 'soul'
14:22	9	soul		6	נַפְשֹׁ֗ו		global-review-known-rendering	safe	0.7921	approved	0				global known-rendering assignment; lexical score 0.64
15:1	2	Eliphaz		3	אֱלִיפַ֥ז		global-review-known-rendering	safe	0.77	approved	0				global known-rendering assignment; lexical score 0.62
15:1	3	the		4	הַֽ		attached-word	safe	0.7	approved	0				Article of 'Temanite'
15:1	4	Temanite		5	תֵּימָנִ֗י		global-review-known-rendering	safe	0.8	approved	0				global known-rendering assignment; lexical score 0.65
15:1	6	answer		2	יַּעַן		global-review-known-rendering	safe	0.5917	approved	0				global known-rendering assignment; lexical score 0.44
15:1	8	said		7	יֹּאמַֽר		global-review-known-rendering	safe	0.7772	approved	0				global known-rendering assignment; lexical score 0.63
15:2	2	a				expands	supplied-indefinite-article	safe	0.6155	approved	0				indefinite article; rests on 'wise' → 'חָכָ֗ם'
15:2	3	wise		2	חָכָ֗ם		global-review-known-rendering	safe	0.6155	approved	0				global known-rendering assignment; lexical score 0.47
15:2	6	answer		3	יַעֲנֶ֥ה		global-review-known-rendering	safe	0.5917	approved	0				global known-rendering assignment; lexical score 0.44
15:2	8	knowledge		4	דַֽעַת		global-review-known-rendering	safe	0.6344	approved	0				global known-rendering assignment; lexical score 0.48
15:2	20	wind		5	ר֑וּחַ		global-review-known-rendering	safe	0.7364	approved	0				global known-rendering assignment; lexical score 0.59
15:3	6	words		3	דָבָר		global-review-known-rendering	safe	0.7196	approved	0				global known-rendering assignment; lexical score 0.57
15:3	11	profit		9	יֹועִ֥יל		global-review-known-rendering	safe	0.62	approved	0				global known-rendering assignment; lexical score 0.47
15:4	17	before		9	פְנֵי		global-review-known-rendering	safe	0.658	approved	0				global known-rendering assignment; lexical score 0.51
15:5	2	your		4	פִ֑יךָ		attached-word	safe	0.6139	approved	0				PossessivePronoun of 'mouth'
15:5	3	mouth		4	פִ֑יךָ		global-review-known-rendering	safe	0.7139	approved	0				global known-rendering assignment; lexical score 0.56
15:5	13	the				expands	supplied-article	safe	0.7613	approved	0				article the original does not write; rests on 'tongue' → 'לְשֹׁ֣ון'
15:5	14	tongue		7	לְשֹׁ֣ון		global-review-known-rendering	safe	0.7613	approved	0				global known-rendering assignment; lexical score 0.61
15:6	4	your		2	פִ֣יךָ		attached-word	safe	0.6139	approved	0				PossessivePronoun of 'mouth'
15:6	5	mouth		2	פִ֣יךָ		global-review-known-rendering	safe	0.7139	approved	0				global known-rendering assignment; lexical score 0.56
15:6	18	not		4	לֹא		global-review-known-rendering	safe	0.6788	approved	0				global known-rendering assignment; lexical score 0.53
15:6	22	your		7	שְׂפָתֶ֗יךָ		attached-word	safe	0.6839	approved	0				PossessivePronoun of 'lips'
15:6	23	lips		7	שְׂפָתֶ֗יךָ		global-review-known-rendering	safe	0.7839	approved	0				global known-rendering assignment; lexical score 0.63
15:7	3	the				expands	supplied-article	safe	0.5637	approved	0				article the original does not write; rests on 'first' → 'רִאישֹׁ֣ון'
15:7	4	first		2	רִאישֹׁ֣ון		global-review-known-rendering	safe	0.5637	approved	0				global known-rendering assignment; lexical score 0.41
15:7	17	before		7	פְנֵ֖י		global-review-known-rendering	safe	0.658	approved	0				global known-rendering assignment; lexical score 0.51
15:8	15	wisdom		9	חָכְמָֽה		global-review-known-rendering	safe	0.7036	approved	0				global known-rendering assignment; lexical score 0.55
15:9				3	וְ	omits	unrendered-conjunction	safe	0.6788	approved	0				conjunction no word of the verse renders; rests on 'not' → 'לֹ֣א'
15:9				7	וְֽ	omits	unrendered-conjunction	safe	0.6788	approved	0				conjunction no word of the verse renders; rests on 'not' → 'לֹא'
15:9	1	What		1	מַה		global-review-known-rendering	safe	0.6679	approved	0				global known-rendering assignment; lexical score 0.52
15:9	8	not		4	לֹ֣א		global-review-known-rendering	safe	0.6788	approved	0				global known-rendering assignment; lexical score 0.53
15:9	17	not		8	לֹא		global-review-known-rendering	safe	0.6788	approved	0				global known-rendering assignment; lexical score 0.53
15:10	14	than		7	מֵ		global-review-known-rendering	safe	0.5849	approved	0				global known-rendering assignment; lexical score 0.43
15:10	15	your		8	אָבִ֣יךָ		attached-word	safe	0.6641	approved	0				PossessivePronoun of 'father'
15:10	16	father		8	אָבִ֣יךָ		global-review-known-rendering	safe	0.7641	approved	0				global known-rendering assignment; lexical score 0.61
15:11	13	word		7	דָבָ֗ר		global-review-known-rendering	safe	0.7457	approved	0				global known-rendering assignment; lexical score 0.60
15:12	1	Why		1	מַה		global-review-known-rendering	safe	0.6594	approved	0				global known-rendering assignment; lexical score 0.51
15:12	3	your		3	לִבֶּ֑ךָ		attached-word	safe	0.5439	approved	0				PossessivePronoun of 'heart'
15:12	4	heart		3	לִבֶּ֑ךָ		global-review-known-rendering	safe	0.6439	approved	0				global known-rendering assignment; lexical score 0.49
15:12	7	why		5	מַה		global-review-known-rendering	safe	0.6594	approved	0				global known-rendering assignment; lexical score 0.51
15:12	9	your		7	עֵינֶֽיךָ		attached-word	safe	0.6842	approved	0				PossessivePronoun of 'eyes'
15:12	10	eyes		7	עֵינֶֽיךָ		global-review-known-rendering	safe	0.7842	approved	0				global known-rendering assignment; lexical score 0.63
15:13	6	your		5	רוּחֶ֑ךָ		attached-word	safe	0.6661	approved	0				PossessivePronoun of 'spirit'
15:13	7	spirit		5	רוּחֶ֑ךָ		global-review-known-rendering	safe	0.7661	approved	0				global known-rendering assignment; lexical score 0.62
15:13	17	your		9	פִּ֣יךָ		attached-word	safe	0.6139	approved	0				PossessivePronoun of 'mouth'
15:13	18	mouth		9	פִּ֣יךָ		global-review-known-rendering	safe	0.7139	approved	0				global known-rendering assignment; lexical score 0.56
15:14	1	What		1	מָֽה		global-review-known-rendering	safe	0.6679	approved	0				global known-rendering assignment; lexical score 0.52
15:14	15	woman		9	אִשָּֽׁה		global-review-known-rendering	safe	0.7226	approved	0				global known-rendering assignment; lexical score 0.57
15:15	11	the				expands	supplied-article	safe	0.7755	approved	0				article the original does not write; rests on 'heavens' → 'שָׁמַ֗יִם'
15:15	12	heavens		7	שָׁמַ֗יִם		global-review-known-rendering	safe	0.7755	approved	0				global known-rendering assignment; lexical score 0.63
15:15	14	not		8	לֹא		global-review-known-rendering	safe	0.6788	approved	0				global known-rendering assignment; lexical score 0.53
15:15	17	his		11	עֵינָֽיו		attached-word	safe	0.6842	approved	0				PossessivePronoun of 'eyes'
15:15	18	eyes		11	עֵינָֽיו		global-review-known-rendering	safe	0.7842	approved	0				global known-rendering assignment; lexical score 0.63
15:16				9		omits	unrendered-article	safe	0.7745	approved	0				article no the of the verse renders; rests on 'water' → 'מַּ֣יִם'
15:16	10	a				expands	supplied-indefinite-article	safe	0.6013	approved	0				indefinite article; rests on 'man' → 'אִישׁ'
15:16	11	man		6	אִישׁ		global-review-known-rendering	safe	0.6013	approved	0				global known-rendering assignment; lexical score 0.45
15:16	17	water		10	מַּ֣יִם		global-review-known-rendering	safe	0.7745	approved	0				global known-rendering assignment; lexical score 0.62
15:18	3	which		1	אֲשֶׁר		global-review-known-rendering	safe	0.6696	approved	0				global known-rendering assignment; lexical score 0.52
15:18	4	wise		2	חֲכָמִ֥ים		global-review-known-rendering	safe	0.6155	approved	0				global known-rendering assignment; lexical score 0.47
15:18	9	their		8	אֲבֹותָֽם		attached-word	safe	0.689	approved	0				PossessivePronoun of 'fathers'
15:18	10	fathers		8	אֲבֹותָֽם		global-review-known-rendering	safe	0.789	approved	0				global known-rendering assignment; lexical score 0.64
15:18	13	not		5	לֹ֥א		global-review-known-rendering	safe	0.6788	approved	0				global known-rendering assignment; lexical score 0.53
15:19	6	the		5	הָ		attached-word	safe	0.6253	approved	0				Article of 'land'
15:19	7	land		6	אָ֑רֶץ		global-review-known-rendering	safe	0.7253	approved	0				global known-rendering assignment; lexical score 0.58
15:19	8	given		4	נִתְּנָ֣ה		global-review-known-rendering	safe	0.6912	approved	0				global known-rendering assignment; lexical score 0.54
15:20	7	all		1	כָּל		global-review-known-rendering	safe	0.7585	approved	0				global known-rendering assignment; lexical score 0.61
15:20	9	days		2	יְמֵ֣י		global-review-known-rendering	safe	0.7783	approved	0				global known-rendering assignment; lexical score 0.63
15:20	11	the				expands	supplied-article	safe	0.6443	approved	0				article the original does not write; rests on 'number' → 'מִסְפַּ֥ר'
15:20	12	number		7	מִסְפַּ֥ר		global-review-known-rendering	safe	0.6443	approved	0				global known-rendering assignment; lexical score 0.49
15:20	13	of		8	שָׁ֝נִ֗ים		attached-word	safe	0.6649	approved	0				Genitive of 'years'
15:20	14	the				expands	supplied-article	safe	0.7649	approved	0				article the original does not write; rests on 'years' → 'שָׁ֝נִ֗ים'
15:20	15	years		8	שָׁ֝נִ֗ים		global-review-known-rendering	safe	0.7649	approved	0				global known-rendering assignment; lexical score 0.61
15:21				6		omits	unrendered-article	safe	0.5969	approved	0				article no the of the verse renders; rests on 'peace' → 'שָּׁלֹ֗ום'
15:21	1	A				expands	supplied-indefinite-article	safe	0.6102	approved	0				indefinite article; rests on 'sound' → 'קֹול'
15:21	2	sound		1	קֹול		global-review-known-rendering	safe	0.6102	approved	0				global known-rendering assignment; lexical score 0.46
15:21	7	his		4	אָזְנָ֑יו		attached-word	safe	0.6199	approved	0				PossessivePronoun of 'ears'
15:21	8	ears		4	אָזְנָ֑יו		global-review-known-rendering	safe	0.7199	approved	0				global known-rendering assignment; lexical score 0.57
15:21	12	peace		7	שָּׁלֹ֗ום		global-review-known-rendering	safe	0.5969	approved	0				global known-rendering assignment; lexical score 0.45
15:21	15	come		9	יְבֹואֶֽנּוּ		global-review-known-rendering	safe	0.5725	approved	0				global known-rendering assignment; lexical score 0.42
15:22	17	the				expands	supplied-article	safe	0.7805	approved	0				article the original does not write; rests on 'sword' → 'חָֽרֶב'
15:22	18	sword		10	חָֽרֶב		global-review-known-rendering	safe	0.7805	approved	0				global known-rendering assignment; lexical score 0.63
15:23	8	bread		5	לֶּ֣חֶם		global-review-known-rendering	safe	0.7288	approved	0				global known-rendering assignment; lexical score 0.58
15:23	18	the				expands	supplied-article	safe	0.7654	approved	0				article the original does not write; rests on 'day' → 'יֹֽום'
15:23	19	day		12	יֹֽום		global-review-known-rendering	safe	0.7654	approved	0				global known-rendering assignment; lexical score 0.62
15:25	2	his		5	יָדֹ֑ו		attached-word	safe	0.5695	approved	0				PossessivePronoun of 'hand'
15:25	3	hand		5	יָדֹ֑ו		global-review-known-rendering	safe	0.6695	approved	0				global known-rendering assignment; lexical score 0.52
15:25	5	stretched		2	נָטָ֣ה		global-review-known-rendering	safe	0.6839	approved	0				global known-rendering assignment; lexical score 0.53
15:27	2	his		3	פָנָ֣יו		attached-word	safe	0.639	approved	0				PossessivePronoun of 'face'
15:27	3	face		3	פָנָ֣יו		global-review-known-rendering	safe	0.739	approved	0				global known-rendering assignment; lexical score 0.59
15:27	5	covered		2	כִסָּ֣ה		global-review-known-rendering	safe	0.6023	approved	0				global known-rendering assignment; lexical score 0.45
15:27	7	fat		5	חֶלְבֹּ֑ו		global-review-known-rendering	safe	0.6153	approved	0				global known-rendering assignment; lexical score 0.47
15:28	10	which		9	אֲשֶׁ֖ר		global-review-known-rendering	safe	0.6696	approved	0				global known-rendering assignment; lexical score 0.52
15:28	16	houses		5	בָּ֭תִּים		global-review-known-rendering	safe	0.755	approved	0				global known-rendering assignment; lexical score 0.60
15:29				7	וְ	omits	unrendered-conjunction	safe	0.6788	approved	0				conjunction no word of the verse renders; rests on 'not' → 'לֹֽא'
15:29	3	not		1	לֹֽא		global-review-known-rendering	safe	0.6788	approved	0				global known-rendering assignment; lexical score 0.53
15:29	10	unable		4	לֹא		global-review-known-rendering	safe	0.638	approved	0				global known-rendering assignment; lexical score 0.49
15:29	23	not		8	לֹֽא		global-review-known-rendering	safe	0.6788	approved	0				global known-rendering assignment; lexical score 0.53
15:29	27	the		11			attached-word	safe	0.6441	approved	0				Article of 'earth'
15:29	28	earth		12	אָ֣רֶץ		global-review-known-rendering	safe	0.7441	approved	0				global known-rendering assignment; lexical score 0.59
15:30	3	not		1	לֹֽא		global-review-known-rendering	safe	0.6788	approved	0				global known-rendering assignment; lexical score 0.53
15:30	17	the				expands	supplied-article	safe	0.7364	approved	0				article the original does not write; rests on 'wind' → 'ר֣וּחַ'
15:30	18	wind		11	ר֣וּחַ		global-review-known-rendering	safe	0.7364	approved	0				global known-rendering assignment; lexical score 0.59
15:32	15	green		8	רַעֲנָֽנָה		global-review-known-rendering	safe	0.5686	approved	0				global known-rendering assignment; lexical score 0.42
15:33				3		omits	unrendered-article	safe	0.7083	approved	0				article no the of the verse renders; rests on 'vine' → 'גֶּ֣פֶן'
15:33	4	a				expands	supplied-indefinite-article	safe	0.7083	approved	0				indefinite article; rests on 'vine' → 'גֶּ֣פֶן'
15:33	5	vine		4	גֶּ֣פֶן		global-review-known-rendering	safe	0.7083	approved	0				global known-rendering assignment; lexical score 0.56
15:34	11	the				expands	supplied-article	safe	0.6875	approved	0				article the original does not write; rests on 'tents' → 'אָֽהֳלֵי'
15:34	12	tents		8	אָֽהֳלֵי		global-review-known-rendering	safe	0.6875	approved	0				global known-rendering assignment; lexical score 0.54
15:34	24	fire		6	אֵ֗שׁ		global-review-known-rendering	safe	0.6966	approved	0				global known-rendering assignment; lexical score 0.55
16:1	2	Job		3	אִיֹּ֗וב		global-review-known-rendering	safe	0.7845	approved	0				global known-rendering assignment; lexical score 0.63
16:1	4	answer		2	יַּ֥עַן		global-review-known-rendering	safe	0.5917	approved	0				global known-rendering assignment; lexical score 0.44
16:1	6	said		5	יֹּאמַֽר		global-review-known-rendering	safe	0.7772	approved	0				global known-rendering assignment; lexical score 0.63
16:2	11	comforters		5	מְנַחֲמֵ֖י		global-review-known-rendering	safe	0.8	approved	0				global known-rendering assignment; lexical score 0.65
16:3	2	words		4	דִבְרֵי		global-review-known-rendering	safe	0.7194	approved	0				global known-rendering assignment; lexical score 0.57
16:3	6	the				expands	supplied-article	safe	0.7323	approved	0				article the original does not write; rests on 'wind' → 'ר֑וּחַ'
16:3	7	wind		5	ר֑וּחַ		global-review-known-rendering	safe	0.7323	approved	0				global known-rendering assignment; lexical score 0.58
16:3	11	what		7	מַה		global-review-known-rendering	safe	0.6687	approved	0				global known-rendering assignment; lexical score 0.52
16:3	17	answer		10	תַעֲנֶֽה		global-review-known-rendering	safe	0.5917	approved	0				global known-rendering assignment; lexical score 0.44
16:4	13	your		7	נַפְשְׁכֶ֡ם		attached-word	safe	0.6565	approved	0				PossessivePronoun of 'souls'
16:4	14	souls		7	נַפְשְׁכֶ֡ם		global-review-known-rendering	safe	0.7565	approved	0				global known-rendering assignment; lexical score 0.61
16:4	17	my		9	נַפְשִׁ֗י		attached-word	safe	0.6874	approved	0				PossessivePronoun of 'soul's'
16:4	18	soul's		9	נַפְשִׁ֗י		global-review-known-rendering	safe	0.7874	approved	0				global known-rendering assignment; lexical score 0.64
16:4	27	my		18	רֹאשִֽׁי		attached-word	safe	0.6391	approved	0				PossessivePronoun of 'head'
16:4	28	head		18	רֹאשִֽׁי		global-review-known-rendering	safe	0.7391	approved	0				global known-rendering assignment; lexical score 0.59
16:5	7	my		3	פִ֑י		attached-word	safe	0.6134	approved	0				PossessivePronoun of 'mouth'
16:5	8	mouth		3	פִ֑י		global-review-known-rendering	safe	0.7134	approved	0				global known-rendering assignment; lexical score 0.56
16:5	16	my		6	שְׂפָתַ֣י		attached-word	safe	0.6839	approved	0				PossessivePronoun of 'lips'
16:5	17	lips		6	שְׂפָתַ֣י		global-review-known-rendering	safe	0.7839	approved	0				global known-rendering assignment; lexical score 0.63
16:6	1	If		1	אִֽם		global-review-known-rendering	safe	0.6414	approved	0				global known-rendering assignment; lexical score 0.49
16:6	4	what		8	מַה		global-review-known-rendering	safe	0.6687	approved	0				global known-rendering assignment; lexical score 0.52
16:7	2	now		2	עַתָּ֥ה		global-review-known-rendering	safe	0.6313	approved	0				global known-rendering assignment; lexical score 0.48
16:7	18	all		5	כָּל		global-review-known-rendering	safe	0.7585	approved	0				global known-rendering assignment; lexical score 0.61
16:8	6	a				expands	supplied-indefinite-article	safe	0.678	approved	0				indefinite article; rests on 'witness' → 'עֵ֣ד'
16:8	7	witness		4	עֵ֣ד		global-review-known-rendering	safe	0.678	approved	0				global known-rendering assignment; lexical score 0.53
16:8	17	answer		12	יַעֲנֶֽה		global-review-known-rendering	safe	0.5917	approved	0				global known-rendering assignment; lexical score 0.44
16:8	19	my		11	פָנַ֥י		attached-word	safe	0.6389	approved	0				PossessivePronoun of 'face'
16:8	20	face		11	פָנַ֥י		global-review-known-rendering	safe	0.7389	approved	0				global known-rendering assignment; lexical score 0.59
16:9	17	his		8	שִׁנָּ֑יו		attached-word	safe	0.6027	approved	0				PossessivePronoun of 'teeth'
16:9	18	teeth		8	שִׁנָּ֑יו		global-review-known-rendering	safe	0.7027	approved	0				global known-rendering assignment; lexical score 0.55
16:9	30	eyes		11	עֵינָ֣יו		global-review-known-rendering	safe	0.7842	approved	0				global known-rendering assignment; lexical score 0.63
16:10	1	Their		4	פִיהֶ֗ם		attached-word	safe	0.6357	approved	0				PossessivePronoun of 'mouths'
16:10	2	mouths		4	פִיהֶ֗ם		global-review-known-rendering	safe	0.7357	approved	0				global known-rendering assignment; lexical score 0.59
16:11				5	וְ	omits	unrendered-conjunction	safe	0.5671	approved	0				conjunction no word of the verse renders; rests on 'over' → 'עַל'
16:11	4	over		6	עַל		global-review-known-rendering	safe	0.5671	approved	0				global known-rendering assignment; lexical score 0.42
16:11	14	the				expands	supplied-article	safe	0.6725	approved	0				article the original does not write; rests on 'hands' → 'יְדֵ֖י'
16:11	15	hands		7	יְדֵ֖י		global-review-known-rendering	safe	0.6725	approved	0				global known-rendering assignment; lexical score 0.52
16:13	21	the		11			attached-word	safe	0.6442	approved	0				Article of 'earth'
16:13	22	earth		12	אָ֗רֶץ		global-review-known-rendering	safe	0.7442	approved	0				global known-rendering assignment; lexical score 0.59
16:15	11	my		10	קַרְנִֽי		attached-word	safe	0.6182	approved	0				PossessivePronoun of 'horn'
16:15	12	horn		10	קַרְנִֽי		global-review-known-rendering	safe	0.7182	approved	0				global known-rendering assignment; lexical score 0.57
16:15	16	the		8			attached-word	safe	0.6308	approved	0				Article of 'dust'
16:15	17	dust		9	עָפָ֣ר		global-review-known-rendering	safe	0.7308	approved	0				global known-rendering assignment; lexical score 0.58
16:16	1	My		1	פָּנַ֣י		attached-word	safe	0.6389	approved	0				PossessivePronoun of 'face'
16:16	2	face		1	פָּנַ֣י		global-review-known-rendering	safe	0.7389	approved	0				global known-rendering assignment; lexical score 0.59
16:16	6	weeping		4	בֶ֑כִי		global-review-known-rendering	safe	0.6448	approved	0				global known-rendering assignment; lexical score 0.49
16:17	7	violent		3	חָמָ֣ס		global-review-known-rendering	safe	0.575	approved	0				global known-rendering assignment; lexical score 0.43
16:17	10	my		7	תְפִלָּתִ֥י		attached-word	safe	0.6597	approved	0				PossessivePronoun of 'prayer'
16:17	11	prayer		7	תְפִלָּתִ֥י		global-review-known-rendering	safe	0.7597	approved	0				global known-rendering assignment; lexical score 0.61
16:18	2	earth		1	אֶ֭רֶץ		global-review-known-rendering	safe	0.7442	approved	0				global known-rendering assignment; lexical score 0.59
16:18	5	my		4	דָמִ֑י		attached-word	safe	0.6567	approved	0				PossessivePronoun of 'blood'
16:18	6	blood		4	דָמִ֑י		global-review-known-rendering	safe	0.7567	approved	0				global known-rendering assignment; lexical score 0.61
16:18	8	covered		3	תְּכַסִּ֣י		global-review-known-rendering	safe	0.6023	approved	0				global known-rendering assignment; lexical score 0.45
16:19	2	now		2	עַ֭תָּה		global-review-known-rendering	safe	0.6313	approved	0				global known-rendering assignment; lexical score 0.48
16:19	3	my		7	עֵדִ֑י		attached-word	safe	0.578	approved	0				PossessivePronoun of 'witness'
16:19	4	witness		7	עֵדִ֑י		global-review-known-rendering	safe	0.678	approved	0				global known-rendering assignment; lexical score 0.53
16:19	7	heaven		6	שָּׁמַ֣יִם		global-review-known-rendering	safe	0.7268	approved	0				global known-rendering assignment; lexical score 0.58
16:20	9	my		6	עֵינִֽי		attached-word	safe	0.6842	approved	0				PossessivePronoun of 'eyes'
16:20	10	eyes		6	עֵינִֽי		global-review-known-rendering	safe	0.7842	approved	0				global known-rendering assignment; lexical score 0.63
16:21	17	a				expands	supplied-indefinite-article	safe	0.7887	approved	0				indefinite article; rests on 'son' → 'בֶן'
16:21	18	son		8	בֶן		global-review-known-rendering	safe	0.7887	approved	0				global known-rendering assignment; lexical score 0.64
16:21	22	his		11	רֵעֵֽהוּ		attached-word	safe	0.5947	approved	0				PossessivePronoun of 'neighbour'
16:21	23	neighbour		11	רֵעֵֽהוּ		global-review-known-rendering	safe	0.6947	approved	0				global known-rendering assignment; lexical score 0.54
16:22	15	not		7	לֹא		global-review-known-rendering	safe	0.679	approved	0				global known-rendering assignment; lexical score 0.53
16:22	17	back		8	אָשׁ֣וּב		global-review-known-rendering	safe	0.5608	approved	0				global known-rendering assignment; lexical score 0.41
17:1	1	My		1	רוּחִ֣י		attached-word	safe	0.6662	approved	0				PossessivePronoun of 'spirit'
17:1	2	spirit		1	רוּחִ֣י		global-review-known-rendering	safe	0.7663	approved	0				global known-rendering assignment; lexical score 0.62
17:1	5	my		3	יָמַ֥י		attached-word	safe	0.6783	approved	0				PossessivePronoun of 'days'
17:1	6	days		3	יָמַ֥י		global-review-known-rendering	safe	0.7783	approved	0				global known-rendering assignment; lexical score 0.63
17:2	13	my		9	עֵינִֽי		attached-word	safe	0.6842	approved	0				PossessivePronoun of 'eyes'
17:2	14	eyes		9	עֵינִֽי		global-review-known-rendering	safe	0.7842	approved	0				global known-rendering assignment; lexical score 0.63
17:3	16	who		5	מִֽי		global-review-known-rendering	safe	0.5984	approved	0				global known-rendering assignment; lexical score 0.45
17:3	20	hand		8	יָדִ֥י		global-review-known-rendering	safe	0.6697	approved	0				global known-rendering assignment; lexical score 0.52
17:4	13	not		8	לֹ֣א		global-review-known-rendering	safe	0.679	approved	0				global known-rendering assignment; lexical score 0.53
17:5				5	וְ	omits	unrendered-conjunction	safe	0.7842	approved	0				conjunction no word of the verse renders; rests on 'eyes' → 'עֵינֵ֖י'
17:5	9	friend		4	רֵעִ֑ים		global-review-known-rendering	safe	0.6697	approved	0				global known-rendering assignment; lexical score 0.52
17:5	19	the				expands	supplied-article	safe	0.7842	approved	0				article the original does not write; rests on 'eyes' → 'עֵינֵ֖י'
17:5	20	eyes		6	עֵינֵ֖י		global-review-known-rendering	safe	0.7842	approved	0				global known-rendering assignment; lexical score 0.63
17:5	21	of		7	בָנָ֣יו		attached-word	safe	0.5611	approved	0				Genitive of 'his'
17:5	22	his		7	בָנָ֣יו		attached-word	safe	0.6611	approved	0				PossessivePronoun of 'children'
17:5	23	children		7	בָנָ֣יו		global-review-known-rendering	safe	0.7611	approved	0				global known-rendering assignment; lexical score 0.61
17:6	10	the				expands	supplied-article	safe	0.7671	approved	0				article the original does not write; rests on 'peoples' → 'עַמִּ֑ים'
17:6	11	peoples		5	עַמִּ֑ים		global-review-known-rendering	safe	0.7671	approved	0				global known-rendering assignment; lexical score 0.62
17:6	14	become		10	אֶֽהְיֶֽה		global-review-known-rendering	safe	0.6701	approved	0				global known-rendering assignment; lexical score 0.52
17:7				9		omits	unrendered-article	safe	0.7571	approved	0				article no the of the verse renders; rests on 'shade' → 'צֵּ֣ל'
17:7	1	My		5	עֵינִ֑י		attached-word	safe	0.6842	approved	0				PossessivePronoun of 'eyes'
17:7	2	eyes		5	עֵינִ֑י		global-review-known-rendering	safe	0.7842	approved	0				global known-rendering assignment; lexical score 0.63
17:7	11	all		11	כֻּלָּֽם		global-review-known-rendering	safe	0.7585	approved	0				global known-rendering assignment; lexical score 0.61
17:7	17	a				expands	supplied-indefinite-article	safe	0.7571	approved	0				indefinite article; rests on 'shade' → 'צֵּ֣ל'
17:7	18	shade		10	צֵּ֣ל		global-review-known-rendering	safe	0.7571	approved	0				global known-rendering assignment; lexical score 0.61
17:8	1	The				expands	supplied-article	safe	0.6338	approved	0				article the original does not write; rests on 'upright' → 'יְשָׁרִ֣ים'
17:8	2	upright		2	יְשָׁרִ֣ים		global-review-known-rendering	safe	0.6338	approved	0				global known-rendering assignment; lexical score 0.48
17:9	6	his		4	דַּרְכֹּ֑ו		attached-word	safe	0.6232	approved	0				PossessivePronoun of 'way'
17:9	7	way		4	דַּרְכֹּ֑ו		global-review-known-rendering	safe	0.7232	approved	0				global known-rendering assignment; lexical score 0.57
17:9	13	hands		7	יָ֝דַ֗יִם		global-review-known-rendering	safe	0.6713	approved	0				global known-rendering assignment; lexical score 0.52
17:10	3	back		4	תָּ֭שֻׁבוּ		global-review-known-rendering	safe	0.5608	approved	0				global known-rendering assignment; lexical score 0.41
17:10	5	all		3	כֻּלָּ֣ם		global-review-known-rendering	safe	0.7585	approved	0				global known-rendering assignment; lexical score 0.61
17:10	8	come		6	בֹ֣אוּ		global-review-known-rendering	safe	0.5725	approved	0				global known-rendering assignment; lexical score 0.42
17:10	12	not		9	לֹֽא		global-review-known-rendering	safe	0.679	approved	0				global known-rendering assignment; lexical score 0.53
17:10	14	a				expands	supplied-indefinite-article	safe	0.6164	approved	0				indefinite article; rests on 'wise' → 'חָכָֽם'
17:10	15	wise		12	חָכָֽם		global-review-known-rendering	safe	0.6164	approved	0				global known-rendering assignment; lexical score 0.47
17:11	1	My		1	יָמַ֣י		attached-word	safe	0.6783	approved	0				PossessivePronoun of 'days'
17:11	2	days		1	יָמַ֣י		global-review-known-rendering	safe	0.7783	approved	0				global known-rendering assignment; lexical score 0.63
17:12	4	night		1	לַ֭יְלָה		global-review-known-rendering	safe	0.7349	approved	0				global known-rendering assignment; lexical score 0.58
17:12	6	day		3	יֹ֣ום		global-review-known-rendering	safe	0.7654	approved	0				global known-rendering assignment; lexical score 0.62
17:12	9	The				expands	supplied-article	safe	0.6277	approved	0				article the original does not write; rests on 'light' → 'אֹ֝֗ור'
17:12	10	light		5	אֹ֝֗ור		global-review-known-rendering	safe	0.6277	approved	0				global known-rendering assignment; lexical score 0.48
17:13	1	If		1	אִם		global-review-known-rendering	safe	0.6409	approved	0				global known-rendering assignment; lexical score 0.49
17:13	9	my		4	בֵּיתִ֑י		attached-word	safe	0.6634	approved	0				PossessivePronoun of 'house'
17:13	10	house		4	בֵּיתִ֑י		global-review-known-rendering	safe	0.7634	approved	0				global known-rendering assignment; lexical score 0.61
17:14	9	my		5	אָ֣בִי		attached-word	safe	0.6635	approved	0				PossessivePronoun of 'father'
17:14	10	father		5	אָ֣בִי		global-review-known-rendering	safe	0.7635	approved	0				global known-rendering assignment; lexical score 0.61
17:14	15	My		7	אִמִּ֥י		attached-word	safe	0.6596	approved	0				PossessivePronoun of 'mother'
17:14	16	mother		7	אִמִּ֥י		global-review-known-rendering	safe	0.7596	approved	0				global known-rendering assignment; lexical score 0.61
17:14	18	my		9	אֲחֹתִ֗י		attached-word	safe	0.6852	approved	0				PossessivePronoun of 'sister'
17:14	19	sister		9	אֲחֹתִ֗י		global-review-known-rendering	safe	0.7852	approved	0				global known-rendering assignment; lexical score 0.64
17:15	7	who		7	מִ֣י		global-review-known-rendering	safe	0.5984	approved	0				global known-rendering assignment; lexical score 0.45
17:16	16	the				expands	supplied-article	safe	0.7308	approved	0				article the original does not write; rests on 'dust' → 'עָפָ֣ר'
17:16	17	dust		7	עָפָ֣ר		global-review-known-rendering	safe	0.7308	approved	0				global known-rendering assignment; lexical score 0.58
18:1	2	Bildad		3	בִּלְדַּ֥ד		global-review-known-rendering	safe	0.8	approved	0				global known-rendering assignment; lexical score 0.65
18:1	3	the		4	הַ		attached-word	safe	0.7	approved	0				Article of 'Shuhite'
18:1	4	Shuhite		5	שֻּׁחִ֗י		global-review-known-rendering	safe	0.8	approved	0				global known-rendering assignment; lexical score 0.65
18:1	6	answer		2	יַּעַן		global-review-known-rendering	safe	0.5917	approved	0				global known-rendering assignment; lexical score 0.44
18:1	8	said		7	יֹּאמַֽר		global-review-known-rendering	safe	0.7772	approved	0				global known-rendering assignment; lexical score 0.63
18:2	10	talking		10	נְדַבֵּֽר		global-review-known-rendering	safe	0.62	approved	0				global known-rendering assignment; lexical score 0.47
18:3	8	your		8	עֵינֵיכֶֽם		attached-word	safe	0.6842	approved	0				PossessivePronoun of 'eyes'
18:3	9	eyes		8	עֵינֵיכֶֽם		global-review-known-rendering	safe	0.7842	approved	0				global known-rendering assignment; lexical score 0.63
18:4	15	the				expands	supplied-article	safe	0.7441	approved	0				article the original does not write; rests on 'earth' → 'אָ֑רֶץ'
18:4	16	earth		8	אָ֑רֶץ		global-review-known-rendering	safe	0.7441	approved	0				global known-rendering assignment; lexical score 0.59
18:4	30	its		13	מְּקֹמֹֽו		attached-word	safe	0.5412	approved	0				PossessivePronoun of 'place'
18:4	31	place		13	מְּקֹמֹֽו		global-review-known-rendering	safe	0.6412	approved	0				global known-rendering assignment; lexical score 0.49
18:5	2	the				expands	supplied-article	safe	0.6273	approved	0				article the original does not write; rests on 'light' → 'אֹ֣ור'
18:5	3	light		2	אֹ֣ור		global-review-known-rendering	safe	0.6273	approved	0				global known-rendering assignment; lexical score 0.48
18:5	13	of		9	אִשֹּֽׁו		attached-word	safe	0.4966	approved	0				Genitive of 'his'
18:5	14	his		9	אִשֹּֽׁו		attached-word	safe	0.5966	approved	0				PossessivePronoun of 'fire'
18:5	15	fire		9	אִשֹּֽׁו		global-review-known-rendering	safe	0.6966	approved	0				global known-rendering assignment; lexical score 0.55
18:5	17	not		6	לֹֽא		global-review-known-rendering	safe	0.6789	approved	0				global known-rendering assignment; lexical score 0.53
18:6	1	The				expands	supplied-article	safe	0.6273	approved	0				article the original does not write; rests on 'light' → 'אֹ֖ור'
18:6	2	light		1	אֹ֖ור		global-review-known-rendering	safe	0.6273	approved	0				global known-rendering assignment; lexical score 0.48
18:6	6	his		4	אָהֳלֹ֑ו		attached-word	safe	0.6308	approved	0				PossessivePronoun of 'tent'
18:6	7	tent		4	אָהֳלֹ֑ו		global-review-known-rendering	safe	0.7308	approved	0				global known-rendering assignment; lexical score 0.58
18:6	12	over		7	עָלָ֥יו		global-review-known-rendering	safe	0.5668	approved	0				global known-rendering assignment; lexical score 0.42
18:8	1	His		6	רַגְלָ֑יו		attached-word	safe	0.6365	approved	0				PossessivePronoun of 'feet'
18:8	2	feet		6	רַגְלָ֑יו		global-review-known-rendering	safe	0.7365	approved	0				global known-rendering assignment; lexical score 0.59
18:8	6	the				expands	supplied-article	safe	0.6258	approved	0				article the original does not write; rests on 'net' → 'רֶ֣שֶׁת'
18:8	7	net		4	רֶ֣שֶׁת		global-review-known-rendering	safe	0.6258	approved	0				global known-rendering assignment; lexical score 0.48
18:8	11	walking		10	יִתְהַלָּֽךְ		global-review-known-rendering	safe	0.6941	approved	0				global known-rendering assignment; lexical score 0.54
18:9	12	grip		1	יֹאחֵ֣ז		global-review-known-rendering	safe	0.62	approved	0				global known-rendering assignment; lexical score 0.47
18:10	8	the		3			attached-word	safe	0.6441	approved	0				Article of 'earth'
18:10	9	earth		4	אָ֣רֶץ		global-review-known-rendering	safe	0.7441	approved	0				global known-rendering assignment; lexical score 0.59
18:10	14	the				expands	supplied-article	safe	0.65	approved	0				article the original does not write; rests on 'cord' → 'חַבְלֹ֑ו'
18:10	15	cord		5	חַבְלֹ֑ו		global-review-known-rendering	safe	0.65	approved	0				global known-rendering assignment; lexical score 0.50
18:13	1	His		3	עֹורֹ֑ו		attached-word	safe	0.6662	approved	0				PossessivePronoun of 'skin'
18:13	2	skin		3	עֹורֹ֑ו		global-review-known-rendering	safe	0.7663	approved	0				global known-rendering assignment; lexical score 0.62
18:14	6	his		3	אָהֳלֹו		attached-word	safe	0.6308	approved	0				PossessivePronoun of 'tent'
18:14	7	tent		3	אָהֳלֹו		global-review-known-rendering	safe	0.7308	approved	0				global known-rendering assignment; lexical score 0.58
18:14	18	the				expands	supplied-article	safe	0.7534	approved	0				article the original does not write; rests on 'king' → 'מֶ֣לֶךְ'
18:14	19	king		8	מֶ֣לֶךְ		global-review-known-rendering	safe	0.7534	approved	0				global known-rendering assignment; lexical score 0.60
18:15	2	his		3	אָהֳלֹו		attached-word	safe	0.6308	approved	0				PossessivePronoun of 'tent'
18:15	3	tent		3	אָהֳלֹו		global-review-known-rendering	safe	0.7308	approved	0				global known-rendering assignment; lexical score 0.58
18:16	1	Under		2	תַּחַת		global-review-known-rendering	safe	0.6597	approved	0				global known-rendering assignment; lexical score 0.51
18:16	4	his		3	שָֽׁרָשָׁ֣יו		attached-word	safe	0.52	approved	0				PossessivePronoun of 'roots'
18:16	5	roots		3	שָֽׁרָשָׁ֣יו		global-review-known-rendering	safe	0.62	approved	0				global known-rendering assignment; lexical score 0.47
18:17	1	His		1	זִֽכְרֹו		attached-word	safe	0.7	approved	0				PossessivePronoun of 'memory'
18:17	2	memory		1	זִֽכְרֹו		global-review-known-rendering	safe	0.8	approved	0				global known-rendering assignment; lexical score 0.65
18:17	6	the				expands	supplied-article	safe	0.7441	approved	0				article the original does not write; rests on 'earth' → 'אָ֑רֶץ'
18:17	7	earth		4	אָ֑רֶץ		global-review-known-rendering	safe	0.7441	approved	0				global known-rendering assignment; lexical score 0.59
18:17	19	name		7	שֵׁ֥ם		global-review-known-rendering	safe	0.7896	approved	0				global known-rendering assignment; lexical score 0.64
18:18				6	וּֽ	omits	unrendered-conjunction	safe	0.666	approved	0				conjunction no word of the verse renders; rests on 'world' → 'תֵּבֵ֥ל'
18:18	6	the				expands	supplied-article	safe	0.6273	approved	0				article the original does not write; rests on 'light' → 'אֹ֣ור'
18:18	7	light		3	אֹ֣ור		global-review-known-rendering	safe	0.6273	approved	0				global known-rendering assignment; lexical score 0.48
18:18	16	the				expands	supplied-article	safe	0.666	approved	0				article the original does not write; rests on 'world' → 'תֵּבֵ֥ל'
18:18	17	world		8	תֵּבֵ֥ל		global-review-known-rendering	safe	0.666	approved	0				global known-rendering assignment; lexical score 0.52
18:19	8	his		8	עַמֹּ֑ו		attached-word	safe	0.6673	approved	0				PossessivePronoun of 'people'
18:19	9	people		8	עַמֹּ֑ו		global-review-known-rendering	safe	0.7673	approved	0				global known-rendering assignment; lexical score 0.62
18:21	2	these		2	אֵ֭לֶּה		global-review-known-rendering	safe	0.7109	approved	0				global known-rendering assignment; lexical score 0.56
18:21	12	the				expands	supplied-article	safe	0.6412	approved	0				article the original does not write; rests on 'place' → 'מְקֹ֣ום'
18:21	13	place		7	מְקֹ֣ום		global-review-known-rendering	safe	0.6412	approved	0				global known-rendering assignment; lexical score 0.49
19:1	2	Job		3	אִיֹּ֗וב		global-review-known-rendering	safe	0.7845	approved	0				global known-rendering assignment; lexical score 0.63
19:1	4	answer		2	יַּ֥עַן		global-review-known-rendering	safe	0.5897	approved	0				global known-rendering assignment; lexical score 0.44
19:1	6	said		5	יֹּאמַֽר		global-review-known-rendering	safe	0.7772	approved	0				global known-rendering assignment; lexical score 0.63
19:3	1	Ten		2	עֶ֣שֶׂר		global-review-known-rendering	safe	0.6865	approved	0				global known-rendering assignment; lexical score 0.54
19:5	1	If		1	אִם		global-review-known-rendering	safe	0.6409	approved	0				global known-rendering assignment; lexical score 0.49
19:7	7	the				expands	supplied-article	safe	0.575	approved	0				article the original does not write; rests on 'violent' → 'חָ֭מָס'
19:7	8	violent		3	חָ֭מָס		global-review-known-rendering	safe	0.575	approved	0				global known-rendering assignment; lexical score 0.43
19:7	14	answer		6	אֵעָנֶ֑ה		global-review-known-rendering	safe	0.5897	approved	0				global known-rendering assignment; lexical score 0.44
19:8	12	not		4	לֹ֣א		global-review-known-rendering	safe	0.6789	approved	0				global known-rendering assignment; lexical score 0.53
19:9	5	my		1	כְּ֭בֹודִי		attached-word	safe	0.55	approved	0				PossessivePronoun of 'glory'
19:9	6	glory		1	כְּ֭בֹודִי		global-review-known-rendering	safe	0.65	approved	0				global known-rendering assignment; lexical score 0.50
19:9	14	my		8	רֹאשִֽׁי		attached-word	safe	0.6391	approved	0				PossessivePronoun of 'head'
19:9	15	head		8	רֹאשִֽׁי		global-review-known-rendering	safe	0.7391	approved	0				global known-rendering assignment; lexical score 0.59
19:10				8		omits	unrendered-article	safe	0.5912	approved	0				article no the of the verse renders; rests on 'tree' → 'עֵ֗ץ'
19:10	19	a				expands	supplied-indefinite-article	safe	0.5912	approved	0				indefinite article; rests on 'tree' → 'עֵ֗ץ'
19:10	20	tree		9	עֵ֗ץ		global-review-known-rendering	safe	0.5912	approved	0				global known-rendering assignment; lexical score 0.44
19:12	3	come		2	יָ֘בֹ֤אוּ		global-review-known-rendering	safe	0.5725	approved	0				global known-rendering assignment; lexical score 0.42
19:12	8	their		7	דַּרְכָּ֑ם		attached-word	safe	0.6156	approved	0				PossessivePronoun of 'road'
19:12	9	road		7	דַּרְכָּ֑ם		global-review-known-rendering	safe	0.7156	approved	0				global known-rendering assignment; lexical score 0.57
19:12	17	tents		12	אָהֳלִֽי		global-review-known-rendering	safe	0.6875	approved	0				global known-rendering assignment; lexical score 0.54
19:12	18	round		10	סָבִ֣יב		global-review-known-rendering	safe	0.7205	approved	0				global known-rendering assignment; lexical score 0.57
19:13	4	my		1	אַ֭חַי		attached-word	safe	0.6701	approved	0				PossessivePronoun of 'brothers'
19:13	5	brothers		1	אַ֭חַי		global-review-known-rendering	safe	0.7701	approved	0				global known-rendering assignment; lexical score 0.62
19:16	2	my		2	עַבְדִּ֣י		attached-word	safe	0.6445	approved	0				PossessivePronoun of 'servant'
19:16	4	my		2	עַבְדִּ֣י		attached-word	safe	0.6445	approved	0				PossessivePronoun of 'servant'
19:16	5	servant		2	עַבְדִּ֣י		global-review-known-rendering	safe	0.7445	approved	0				global known-rendering assignment; lexical score 0.59
19:16	9	answer		6	יַעֲנֶ֑ה		global-review-known-rendering	safe	0.5897	approved	0				global known-rendering assignment; lexical score 0.44
19:17	1	My		1	ר֭וּחִֽי		attached-word	safe	0.5326	approved	0				PossessivePronoun of 'breath'
19:17	2	breath		1	ר֭וּחִֽי		global-review-known-rendering	safe	0.6326	approved	0				global known-rendering assignment; lexical score 0.48
19:17	6	my		4	אִשְׁתִּ֑י		attached-word	safe	0.6827	approved	0				PossessivePronoun of 'wife'
19:17	7	wife		4	אִשְׁתִּ֑י		global-review-known-rendering	safe	0.7827	approved	0				global known-rendering assignment; lexical score 0.63
19:19	1	All		2	כָּל		global-review-known-rendering	safe	0.7585	approved	0				global known-rendering assignment; lexical score 0.61
19:20	1	My		7	עַצְמִ֑י		attached-word	safe	0.6625	approved	0				PossessivePronoun of 'bones'
19:20	2	bones		7	עַצְמִ֑י		global-review-known-rendering	safe	0.7625	approved	0				global known-rendering assignment; lexical score 0.61
19:20	7	skin		11	עֹ֣ור		global-review-known-rendering	safe	0.7654	approved	0				global known-rendering assignment; lexical score 0.62
19:20	14	my		5	בְשָׂרִי		attached-word	safe	0.6532	approved	0				PossessivePronoun of 'flesh'
19:20	15	flesh		5	בְשָׂרִי		global-review-known-rendering	safe	0.7532	approved	0				global known-rendering assignment; lexical score 0.60
19:20	17	my		12	שִׁנָּֽי		attached-word	safe	0.6027	approved	0				PossessivePronoun of 'teeth'
19:20	18	teeth		12	שִׁנָּֽי		global-review-known-rendering	safe	0.7027	approved	0				global known-rendering assignment; lexical score 0.55
19:21	13	the				expands	supplied-article	safe	0.6696	approved	0				article the original does not write; rests on 'hand' → 'יַד'
19:21	14	hand		6	יַד		global-review-known-rendering	safe	0.6696	approved	0				global known-rendering assignment; lexical score 0.52
19:22	1	Why		1	לָ֭מָּה		global-review-known-rendering	safe	0.6586	approved	0				global known-rendering assignment; lexical score 0.51
19:23				10		omits	unrendered-article	safe	0.7574	approved	0				article no the of the verse renders; rests on 'book' → 'סֵּ֣פֶר'
19:23	16	a				expands	supplied-indefinite-article	safe	0.7574	approved	0				indefinite article; rests on 'book' → 'סֵּ֣פֶר'
19:23	17	book		11	סֵּ֣פֶר		global-review-known-rendering	safe	0.7574	approved	0				global known-rendering assignment; lexical score 0.61
19:24	3	an				expands	supplied-indefinite-article	safe	0.6912	approved	0				indefinite article; rests on 'iron' → 'בַּרְזֶ֥ל'
19:24	4	iron		3	בַּרְזֶ֥ל		global-review-known-rendering	safe	0.6912	approved	0				global known-rendering assignment; lexical score 0.54
19:24	5	pen		2	עֵט		global-review-known-rendering	safe	0.575	approved	0				global known-rendering assignment; lexical score 0.43
19:25	14	living		5	חָ֑י		global-review-known-rendering	safe	0.766	approved	0				global known-rendering assignment; lexical score 0.62
19:25	27	the				expands	supplied-article	safe	0.7314	approved	0				article the original does not write; rests on 'dust' → 'עָפָ֥ר'
19:25	28	dust		9	עָפָ֥ר		global-review-known-rendering	safe	0.7314	approved	0				global known-rendering assignment; lexical score 0.58
19:26	3	my		8	בְּשָׂרִ֗י		attached-word	safe	0.6532	approved	0				PossessivePronoun of 'flesh'
19:26	4	flesh		8	בְּשָׂרִ֗י		global-review-known-rendering	safe	0.7532	approved	0				global known-rendering assignment; lexical score 0.60
19:27	1	Whom		1	אֲשֶׁ֤ר		global-review-known-rendering	safe	0.6486	approved	0				global known-rendering assignment; lexical score 0.50
19:27	4	see		7	רָא֣וּ		global-review-known-rendering	safe	0.7081	approved	0				global known-rendering assignment; lexical score 0.56
19:27	9	not		9	לֹא		global-review-known-rendering	safe	0.6789	approved	0				global known-rendering assignment; lexical score 0.53
19:28				6	וְ	omits	unrendered-conjunction	safe	0.6138	approved	0				conjunction no word of the verse renders; rests on 'root' → 'שֹׁ֥רֶשׁ'
19:28	3	say		2	תֹ֖אמְרוּ		global-review-known-rendering	safe	0.7664	approved	0				global known-rendering assignment; lexical score 0.62
19:28	12	the				expands	supplied-article	safe	0.6138	approved	0				article the original does not write; rests on 'root' → 'שֹׁ֥רֶשׁ'
19:28	13	root		7	שֹׁ֥רֶשׁ		global-review-known-rendering	safe	0.6138	approved	0				global known-rendering assignment; lexical score 0.46
19:29	5	the				expands	supplied-article	safe	0.7805	approved	0				article the original does not write; rests on 'sword' → 'חֶ֗רֶב'
19:29	6	sword		5	חֶ֗רֶב		global-review-known-rendering	safe	0.7805	approved	0				global known-rendering assignment; lexical score 0.63
19:29	8	the				expands	supplied-article	safe	0.7805	approved	0				article the original does not write; rests on 'sword' → 'חָ֑רֶב'
19:29	9	sword		9	חָ֑רֶב		global-review-known-rendering	safe	0.7805	approved	0				global known-rendering assignment; lexical score 0.63
19:29	11	the				expands	supplied-article	safe	0.62	approved	0				article the original does not write; rests on 'punishment' → 'עֲוֹנֹ֣ות'
19:29	12	punishment		8	עֲוֹנֹ֣ות		global-review-known-rendering	safe	0.62	approved	0				global known-rendering assignment; lexical score 0.47
20:1	6	answer		2	יַּעַן		global-review-known-rendering	safe	0.592	approved	0				global known-rendering assignment; lexical score 0.44
20:1	8	said		7	יֹּאמַֽר		global-review-known-rendering	safe	0.7772	approved	0				global known-rendering assignment; lexical score 0.63
20:3	19	wind		5	ר֗וּחַ		global-review-known-rendering	safe	0.7323	approved	0				global known-rendering assignment; lexical score 0.58
20:4	14	the				expands	supplied-article	safe	0.7441	approved	0				article the original does not write; rests on 'earth' → 'אָֽרֶץ'
20:4	15	earth		10	אָֽרֶץ		global-review-known-rendering	safe	0.7441	approved	0				global known-rendering assignment; lexical score 0.59
20:6	7	the		4			attached-word	safe	0.6755	approved	0				Article of 'heavens'
20:6	8	heavens		5	שָּׁמַ֣יִם		global-review-known-rendering	safe	0.7755	approved	0				global known-rendering assignment; lexical score 0.63
20:6	10	his		8	רֹאשֹׁ֗ו		attached-word	safe	0.6391	approved	0				PossessivePronoun of 'head'
20:6	11	head		8	רֹאשֹׁ֗ו		global-review-known-rendering	safe	0.7391	approved	0				global known-rendering assignment; lexical score 0.59
20:7	17	seen		6	רֹ֝אָ֗יו		global-review-known-rendering	safe	0.7109	approved	0				global known-rendering assignment; lexical score 0.56
20:7	19	say		7	יֹאמְר֥וּ		global-review-known-rendering	safe	0.7664	approved	0				global known-rendering assignment; lexical score 0.62
20:8	9	not		5	לֹ֣א		global-review-known-rendering	safe	0.6789	approved	0				global known-rendering assignment; lexical score 0.53
20:8	19	of		11	לָֽיְלָה		attached-word	safe	0.6349	approved	0				Genitive of 'night'
20:8	20	the				expands	supplied-article	safe	0.7349	approved	0				article the original does not write; rests on 'night' → 'לָֽיְלָה'
20:8	21	night		11	לָֽיְלָה		global-review-known-rendering	safe	0.7349	approved	0				global known-rendering assignment; lexical score 0.58
20:9	1	The				expands	supplied-article	safe	0.7942	approved	0				article the original does not write; rests on 'eye' → 'עַ֣יִן'
20:9	2	eye		1	עַ֣יִן		global-review-known-rendering	safe	0.7942	approved	0				global known-rendering assignment; lexical score 0.64
20:9	9	longer		8	עֹ֝֗וד		global-review-known-rendering	safe	0.6071	approved	0				global known-rendering assignment; lexical score 0.46
20:9	11	his		10	מְקֹומֹֽו		attached-word	safe	0.541	approved	0				PossessivePronoun of 'place'
20:9	12	place		10	מְקֹומֹֽו		global-review-known-rendering	safe	0.641	approved	0				global known-rendering assignment; lexical score 0.49
20:10	1	His		1	בָּ֭נָיו		attached-word	safe	0.6611	approved	0				PossessivePronoun of 'children'
20:10	2	children		1	בָּ֭נָיו		global-review-known-rendering	safe	0.7611	approved	0				global known-rendering assignment; lexical score 0.61
20:10	14	his		5	יָדָ֗יו		attached-word	safe	0.5716	approved	0				PossessivePronoun of 'hands'
20:10	15	hands		5	יָדָ֗יו		global-review-known-rendering	safe	0.6716	approved	0				global known-rendering assignment; lexical score 0.52
20:10	17	back		6	תָּשֵׁ֥בְנָה		global-review-known-rendering	safe	0.5608	approved	0				global known-rendering assignment; lexical score 0.41
20:11	1	His		1	עַ֭צְמֹותָיו		attached-word	safe	0.6621	approved	0				PossessivePronoun of 'bones'
20:11	2	bones		1	עַ֭צְמֹותָיו		global-review-known-rendering	safe	0.7621	approved	0				global known-rendering assignment; lexical score 0.61
20:11	16	the				expands	supplied-article	safe	0.7308	approved	0				article the original does not write; rests on 'dust' → 'עָפָ֥ר'
20:11	17	dust		7	עָפָ֥ר		global-review-known-rendering	safe	0.7308	approved	0				global known-rendering assignment; lexical score 0.58
20:12	6	his		4	פִ֣יו		attached-word	safe	0.6146	approved	0				PossessivePronoun of 'mouth'
20:12	7	mouth		4	פִ֣יו		global-review-known-rendering	safe	0.7146	approved	0				global known-rendering assignment; lexical score 0.56
20:12	13	under		7	תַּ֣חַת		global-review-known-rendering	safe	0.6593	approved	0				global known-rendering assignment; lexical score 0.51
20:12	14	his		8	לְשֹׁונֹֽו		attached-word	safe	0.6609	approved	0				PossessivePronoun of 'tongue'
20:12	15	tongue		8	לְשֹׁונֹֽו		global-review-known-rendering	safe	0.7609	approved	0				global known-rendering assignment; lexical score 0.61
20:13	9	not		4	לֹ֣א		global-review-known-rendering	safe	0.6789	approved	0				global known-rendering assignment; lexical score 0.53
20:16	10	the				expands	supplied-article	safe	0.7609	approved	0				article the original does not write; rests on 'tongue' → 'לְשֹׁ֣ון'
20:16	11	tongue		5	לְשֹׁ֣ון		global-review-known-rendering	safe	0.7609	approved	0				global known-rendering assignment; lexical score 0.61
20:17	4	see		2	יֵ֥רֶא		global-review-known-rendering	safe	0.7063	approved	0				global known-rendering assignment; lexical score 0.56
20:17	11	of		7	דְּבַ֣שׁ		attached-word	safe	0.675	approved	0				Genitive of 'honey'
20:17	12	honey		7	דְּבַ֣שׁ		global-review-known-rendering	safe	0.775	approved	0				global known-rendering assignment; lexical score 0.62
20:18	6	back		1	מֵשִׁ֣יב		global-review-known-rendering	safe	0.5608	approved	0				global known-rendering assignment; lexical score 0.41
20:18	14	not		4	לֹ֣א		global-review-known-rendering	safe	0.6789	approved	0				global known-rendering assignment; lexical score 0.53
20:19				7	וְ	omits	unrendered-conjunction	safe	0.6789	approved	0				conjunction no word of the verse renders; rests on 'not' → 'לֹ֣א'
20:19	20	a				expands	supplied-indefinite-article	safe	0.7634	approved	0				indefinite article; rests on 'house' → 'בַּ֥יִת'
20:19	21	house		5	בַּ֥יִת		global-review-known-rendering	safe	0.7634	approved	0				global known-rendering assignment; lexical score 0.61
20:19	27	not		8	לֹ֣א		global-review-known-rendering	safe	0.6789	approved	0				global known-rendering assignment; lexical score 0.53
20:21	3	never		7	לֹא		global-review-known-rendering	safe	0.638	approved	0				global known-rendering assignment; lexical score 0.49
20:22	13	the				expands	supplied-article	safe	0.6696	approved	0				article the original does not write; rests on 'hand' → 'יַ֖ד'
20:22	14	hand		7	יַ֖ד		global-review-known-rendering	safe	0.6696	approved	0				global known-rendering assignment; lexical score 0.52
20:22	16	everyone		6	כָּל		global-review-known-rendering	safe	0.7242	approved	0				global known-rendering assignment; lexical score 0.57
20:23	7	sends		5	יְֽשַׁלַּח		global-review-known-rendering	safe	0.7351	approved	0				global known-rendering assignment; lexical score 0.59
20:24	7	the				expands	supplied-article	safe	0.6912	approved	0				article the original does not write; rests on 'iron' → 'בַּרְזֶ֑ל'
20:24	8	iron		4	בַּרְזֶ֑ל		global-review-known-rendering	safe	0.6912	approved	0				global known-rendering assignment; lexical score 0.54
20:24	14	the				expands	supplied-article	safe	0.621	approved	0				article the original does not write; rests on 'bow' → 'קֶ֣שֶׁת'
20:24	15	bow		6	קֶ֣שֶׁת		global-review-known-rendering	safe	0.621	approved	0				global known-rendering assignment; lexical score 0.47
20:26	1	All		1	כָּל		global-review-known-rendering	safe	0.7585	approved	0				global known-rendering assignment; lexical score 0.61
20:26	10	a				expands	supplied-indefinite-article	safe	0.6966	approved	0				indefinite article; rests on 'fire' → 'אֵ֣שׁ'
20:26	11	fire		7	אֵ֣שׁ		global-review-known-rendering	safe	0.6966	approved	0				global known-rendering assignment; lexical score 0.55
20:26	12	not		8	לֹֽא		global-review-known-rendering	safe	0.6789	approved	0				global known-rendering assignment; lexical score 0.53
20:26	24	his		13	אָהֳלֹֽו		attached-word	safe	0.6308	approved	0				PossessivePronoun of 'tent'
20:26	25	tent		13	אָהֳלֹֽו		global-review-known-rendering	safe	0.7308	approved	0				global known-rendering assignment; lexical score 0.58
20:27	1	The				expands	supplied-article	safe	0.7755	approved	0				article the original does not write; rests on 'heavens' → 'שָׁמַ֣יִם'
20:27	2	heavens		2	שָׁמַ֣יִם		global-review-known-rendering	safe	0.7755	approved	0				global known-rendering assignment; lexical score 0.63
20:27	8	the				expands	supplied-article	safe	0.7441	approved	0				article the original does not write; rests on 'earth' → 'אֶ֗רֶץ'
20:27	9	earth		5	אֶ֗רֶץ		global-review-known-rendering	safe	0.7441	approved	0				global known-rendering assignment; lexical score 0.59
20:28	3	of		3	בֵּיתֹ֑ו		attached-word	safe	0.5634	approved	0				Genitive of 'his'
20:28	4	his		3	בֵּיתֹ֑ו		attached-word	safe	0.6634	approved	0				PossessivePronoun of 'house'
20:28	5	house		3	בֵּיתֹ֑ו		global-review-known-rendering	safe	0.7634	approved	0				global known-rendering assignment; lexical score 0.61
20:28	21	the				expands	supplied-article	safe	0.7654	approved	0				article the original does not write; rests on 'day' → 'יֹ֣ום'
20:28	22	day		6	יֹ֣ום		global-review-known-rendering	safe	0.7654	approved	0				global known-rendering assignment; lexical score 0.62
20:29	10	the				expands	supplied-article	safe	0.7379	approved	0				article the original does not write; rests on 'heritage' → 'נַחֲלַ֖ת'
20:29	11	heritage		8	נַחֲלַ֖ת		global-review-known-rendering	safe	0.7379	approved	0				global known-rendering assignment; lexical score 0.59
20:29	16	God		6	אֱלֹהִ֑ים		global-review-known-rendering	safe	0.6921	approved	0				global known-rendering assignment; lexical score 0.54
21:1	2	Job		3	אִיֹּ֗וב		global-review-known-rendering	safe	0.7845	approved	0				global known-rendering assignment; lexical score 0.63
21:1	4	answer		2	יַּ֥עַן		global-review-known-rendering	safe	0.5917	approved	0				global known-rendering assignment; lexical score 0.44
21:1	6	said		5	יֹּאמַֽר		global-review-known-rendering	safe	0.7772	approved	0				global known-rendering assignment; lexical score 0.63
21:3	10	after		6	אַחַ֖ר		global-review-known-rendering	safe	0.5881	approved	0				global known-rendering assignment; lexical score 0.44
21:4	16	if		7	אִם		global-review-known-rendering	safe	0.6412	approved	0				global known-rendering assignment; lexical score 0.49
21:4	17	my		11	רוּחִֽי		attached-word	safe	0.6661	approved	0				PossessivePronoun of 'spirit'
21:4	18	spirit		11	רוּחִֽי		global-review-known-rendering	safe	0.7661	approved	0				global known-rendering assignment; lexical score 0.62
21:5	12	hand		7	יָ֣ד		global-review-known-rendering	safe	0.6695	approved	0				global known-rendering assignment; lexical score 0.52
21:5	15	mouth		9	פֶּֽה		global-review-known-rendering	safe	0.7136	approved	0				global known-rendering assignment; lexical score 0.56
21:6	7	my		8	בְּ֝שָׂרִ֗י		attached-word	safe	0.6507	approved	0				PossessivePronoun of 'flesh'
21:6	8	flesh		8	בְּ֝שָׂרִ֗י		global-review-known-rendering	safe	0.7507	approved	0				global known-rendering assignment; lexical score 0.60
21:8	8	their		7	צֶאֱצָאֵיהֶ֗ם		attached-word	safe	0.7	approved	0				PossessivePronoun of 'offspring'
21:8	9	offspring		7	צֶאֱצָאֵיהֶ֗ם		global-review-known-rendering	safe	0.8	approved	0				global known-rendering assignment; lexical score 0.65
21:8	10	before		4	פְנֵיהֶ֣ם		global-review-known-rendering	safe	0.658	approved	0				global known-rendering assignment; lexical score 0.51
21:8	11	their		9	עֵינֵיהֶֽם		attached-word	safe	0.6842	approved	0				PossessivePronoun of 'eyes'
21:8	12	eyes		9	עֵינֵיהֶֽם		global-review-known-rendering	safe	0.7842	approved	0				global known-rendering assignment; lexical score 0.63
21:9	1	Their		1	בָּתֵּיהֶ֣ם		attached-word	safe	0.655	approved	0				PossessivePronoun of 'houses'
21:9	2	houses		1	בָּתֵּיהֶ֣ם		global-review-known-rendering	safe	0.755	approved	0				global known-rendering assignment; lexical score 0.60
21:9	13	not		6	לֹ֤א		global-review-known-rendering	safe	0.6789	approved	0				global known-rendering assignment; lexical score 0.53
21:10	2	ox		1	שֹׁורֹ֣ו		global-review-known-rendering	safe	0.7238	approved	0				global known-rendering assignment; lexical score 0.57
21:11	2	send		1	יְשַׁלְּח֣וּ		global-review-known-rendering	safe	0.7415	approved	0				global known-rendering assignment; lexical score 0.59
21:11	8	a				expands	supplied-indefinite-article	safe	0.7118	approved	0				indefinite article; rests on 'flock' → 'צֹּאן'
21:11	9	flock		4	צֹּאן		global-review-known-rendering	safe	0.7118	approved	0				global known-rendering assignment; lexical score 0.56
21:12	11	glad		7	יִשְׂמְח֗וּ		global-review-known-rendering	safe	0.6052	approved	0				global known-rendering assignment; lexical score 0.46
21:12	13	the				expands	supplied-article	safe	0.6102	approved	0				article the original does not write; rests on 'sound' → 'קֹ֣ול'
21:12	14	sound		9	קֹ֣ול		global-review-known-rendering	safe	0.6102	approved	0				global known-rendering assignment; lexical score 0.46
21:13	1	Their		5	יְמֵיהֶ֑ם		attached-word	safe	0.6783	approved	0				PossessivePronoun of 'days'
21:13	2	days		5	יְמֵיהֶ֑ם		global-review-known-rendering	safe	0.7783	approved	0				global known-rendering assignment; lexical score 0.63
21:14				1	וַ	omits	unrendered-conjunction	safe	0.7772	approved	0				conjunction no word of the verse renders; rests on 'said' → 'יֹּאמְר֣וּ'
21:14				8	וְ	omits	unrendered-conjunction	safe	0.6331	approved	0				conjunction no word of the verse renders; rests on 'knowledge' → 'דַ֥עַת'
21:14	3	said		2	יֹּאמְר֣וּ		global-review-known-rendering	safe	0.7772	approved	0				global known-rendering assignment; lexical score 0.63
21:14	16	the				expands	supplied-article	safe	0.6331	approved	0				article the original does not write; rests on 'knowledge' → 'דַ֥עַת'
21:14	17	knowledge		9	דַ֥עַת		global-review-known-rendering	safe	0.6331	approved	0				global known-rendering assignment; lexical score 0.48
21:14	18	of		10	דְּ֝רָכֶ֗יךָ		attached-word	safe	0.5155	approved	0				Genitive of 'your'
21:14	19	your		10	דְּ֝רָכֶ֗יךָ		attached-word	safe	0.6155	approved	0				PossessivePronoun of 'ways'
21:14	20	ways		10	דְּ֝רָכֶ֗יךָ		global-review-known-rendering	safe	0.7155	approved	0				global known-rendering assignment; lexical score 0.57
21:15	1	What		1	מַה		global-review-known-rendering	safe	0.6679	approved	0				global known-rendering assignment; lexical score 0.52
21:15	14	what		6	מַה		global-review-known-rendering	safe	0.6679	approved	0				global known-rendering assignment; lexical score 0.52
21:15	15	profit		7	נֹּ֝ועִ֗יל		global-review-known-rendering	safe	0.6138	approved	0				global known-rendering assignment; lexical score 0.46
21:16	3	not		2	לֹ֣א		global-review-known-rendering	safe	0.6789	approved	0				global known-rendering assignment; lexical score 0.53
21:17	14	come		7	יָבֹ֣א		global-review-known-rendering	safe	0.5727	approved	0				global known-rendering assignment; lexical score 0.42
21:18	8	before		5	פְנֵי		global-review-known-rendering	safe	0.658	approved	0				global known-rendering assignment; lexical score 0.51
21:18	9	the				expands	supplied-article	safe	0.7315	approved	0				article the original does not write; rests on 'wind' → 'ר֑וּחַ'
21:18	10	wind		6	ר֑וּחַ		global-review-known-rendering	safe	0.7315	approved	0				global known-rendering assignment; lexical score 0.58
21:19	9	his		4	בָנָ֥יו		attached-word	safe	0.6614	approved	0				PossessivePronoun of 'children'
21:19	10	children		4	בָנָ֥יו		global-review-known-rendering	safe	0.7614	approved	0				global known-rendering assignment; lexical score 0.61
21:20	2	his		2	עינו		attached-word	safe	0.6842	approved	0				PossessivePronoun of 'eyes'
21:20	3	eyes		2	עינו		global-review-known-rendering	safe	0.7842	approved	0				global known-rendering assignment; lexical score 0.63
21:20	4	see		1	יִרְא֣וּ		global-review-known-rendering	safe	0.7063	approved	0				global known-rendering assignment; lexical score 0.56
21:21				7	וּ	omits	unrendered-conjunction	safe	0.6443	approved	0				conjunction no word of the verse renders; rests on 'number' → 'מִסְפַּ֖ר'
21:21	2	what		2	מַה		global-review-known-rendering	safe	0.6679	approved	0				global known-rendering assignment; lexical score 0.52
21:21	7	his		5	בֵיתֹ֣ו		attached-word	safe	0.6634	approved	0				PossessivePronoun of 'house'
21:21	8	house		5	בֵיתֹ֣ו		global-review-known-rendering	safe	0.7634	approved	0				global known-rendering assignment; lexical score 0.61
21:21	9	after		6	אַחֲרָ֑יו		global-review-known-rendering	safe	0.5881	approved	0				global known-rendering assignment; lexical score 0.44
21:21	12	the				expands	supplied-article	safe	0.6443	approved	0				article the original does not write; rests on 'number' → 'מִסְפַּ֖ר'
21:21	13	number		8	מִסְפַּ֖ר		global-review-known-rendering	safe	0.6443	approved	0				global known-rendering assignment; lexical score 0.49
21:21	14	of		9	חֳדָשָׁ֣יו		attached-word	safe	0.5341	approved	0				Genitive of 'his'
21:21	15	his		9	חֳדָשָׁ֣יו		attached-word	safe	0.6341	approved	0				PossessivePronoun of 'months'
21:21	16	months		9	חֳדָשָׁ֣יו		global-review-known-rendering	safe	0.7341	approved	0				global known-rendering assignment; lexical score 0.58
21:22	12	the				expands	supplied-article	safe	0.6917	approved	0				article the original does not write; rests on 'judge' → 'יִשְׁפֹּֽוט'
21:22	13	judge		9	יִשְׁפֹּֽוט		global-review-known-rendering	safe	0.6917	approved	0				global known-rendering assignment; lexical score 0.54
21:24	6	milk		3	חָלָ֑ב		global-review-known-rendering	safe	0.7591	approved	0				global known-rendering assignment; lexical score 0.61
21:24	15	his		6	עַצְמֹותָ֣יו		attached-word	safe	0.6621	approved	0				PossessivePronoun of 'bones'
21:24	16	bones		6	עַצְמֹותָ֣יו		global-review-known-rendering	safe	0.7621	approved	0				global known-rendering assignment; lexical score 0.61
21:25				11		omits	unrendered-article	safe	0.6865	approved	0				article no the of the verse renders; rests on 'good' → 'טֹּובָֽה'
21:25	8	a				expands	supplied-indefinite-article	safe	0.635	approved	0				indefinite article; rests on 'bitter' → 'מָרָ֑ה'
21:25	9	bitter		6	מָרָ֑ה		global-review-known-rendering	safe	0.635	approved	0				global known-rendering assignment; lexical score 0.48
21:25	10	soul		5	נֶ֣פֶשׁ		global-review-known-rendering	safe	0.7921	approved	0				global known-rendering assignment; lexical score 0.64
21:25	14	good		12	טֹּובָֽה		global-review-known-rendering	safe	0.6865	approved	0				global known-rendering assignment; lexical score 0.54
21:26	6	the				expands	supplied-article	safe	0.7308	approved	0				article the original does not write; rests on 'dust' → 'עָפָ֣ר'
21:26	7	dust		3	עָפָ֣ר		global-review-known-rendering	safe	0.7308	approved	0				global known-rendering assignment; lexical score 0.58
21:26	10	covered		7	תְּכַסֶּ֥ה		global-review-known-rendering	safe	0.6023	approved	0				global known-rendering assignment; lexical score 0.45
21:27	6	your		3	מַחְשְׁבֹֽותֵיכֶ֑ם		attached-word	safe	0.5221	approved	0				PossessivePronoun of 'thoughts'
21:27	7	thoughts		3	מַחְשְׁבֹֽותֵיכֶ֑ם		global-review-known-rendering	safe	0.6221	approved	0				global known-rendering assignment; lexical score 0.47
21:28	3	say		2	תֹֽאמְר֗וּ		global-review-known-rendering	safe	0.7663	approved	0				global known-rendering assignment; lexical score 0.62
21:28	6	the				expands	supplied-article	safe	0.7634	approved	0				article the original does not write; rests on 'house' → 'בֵית'
21:28	7	house		4	בֵית		global-review-known-rendering	safe	0.7634	approved	0				global known-rendering assignment; lexical score 0.61
21:28	14	the				expands	supplied-article	safe	0.7308	approved	0				article the original does not write; rests on 'tent' → 'אֹ֤הֶל'
21:28	15	tent		8	אֹ֤הֶל		global-review-known-rendering	safe	0.7308	approved	0				global known-rendering assignment; lexical score 0.58
21:29	3	not		2	לֹ֣א		global-review-known-rendering	safe	0.6789	approved	0				global known-rendering assignment; lexical score 0.53
21:29	13	not		8	לֹ֣א		global-review-known-rendering	safe	0.6789	approved	0				global known-rendering assignment; lexical score 0.53
21:30	2	the				expands	supplied-article	safe	0.731	approved	0				article the original does not write; rests on 'evil' → 'רָ֑ע'
21:30	3	evil		6	רָ֑ע		global-review-known-rendering	safe	0.731	approved	0				global known-rendering assignment; lexical score 0.58
21:30	8	the				expands	supplied-article	safe	0.7654	approved	0				article the original does not write; rests on 'day' → 'יֹ֣ום'
21:30	9	day		3	יֹ֣ום		global-review-known-rendering	safe	0.7654	approved	0				global known-rendering assignment; lexical score 0.62
21:30	16	the				expands	supplied-article	safe	0.7654	approved	0				article the original does not write; rests on 'day' → 'יֹ֖ום'
21:30	17	day		8	יֹ֖ום		global-review-known-rendering	safe	0.7654	approved	0				global known-rendering assignment; lexical score 0.62
21:31	1	Who		1	מִֽי		global-review-known-rendering	safe	0.5984	approved	0				global known-rendering assignment; lexical score 0.45
21:31	4	his		5	דַּרְכֹּ֑ו		attached-word	safe	0.6231	approved	0				PossessivePronoun of 'way'
21:31	5	way		5	דַּרְכֹּ֑ו		global-review-known-rendering	safe	0.7231	approved	0				global known-rendering assignment; lexical score 0.57
21:31	8	his		4	פָּנָ֣יו		attached-word	safe	0.639	approved	0				PossessivePronoun of 'face'
21:31	9	face		4	פָּנָ֣יו		global-review-known-rendering	safe	0.739	approved	0				global known-rendering assignment; lexical score 0.59
21:31	14	done		8	עָ֝שָׂ֗ה		global-review-known-rendering	safe	0.6989	approved	0				global known-rendering assignment; lexical score 0.55
21:31	17	who		9	מִ֣י		global-review-known-rendering	safe	0.5984	approved	0				global known-rendering assignment; lexical score 0.45
21:32	11	over		7	עַל		global-review-known-rendering	safe	0.5668	approved	0				global known-rendering assignment; lexical score 0.42
21:33	14	all		7	כָּל		global-review-known-rendering	safe	0.7586	approved	0				global known-rendering assignment; lexical score 0.61
21:33	17	after		6	אַחֲרָיו		global-review-known-rendering	safe	0.5881	approved	0				global known-rendering assignment; lexical score 0.44
21:33	23	before		12	פָנָ֗יו		global-review-known-rendering	safe	0.658	approved	0				global known-rendering assignment; lexical score 0.51
21:34	7	comfort		3	תְּנַחֲמ֣וּנִי		global-review-known-rendering	safe	0.6988	approved	0				global known-rendering assignment; lexical score 0.55
22:1	2	Eliphaz		3	אֱלִיפַ֥ז		global-review-known-rendering	safe	0.77	approved	0				global known-rendering assignment; lexical score 0.62
22:1	3	the		4	הַֽ		attached-word	safe	0.7	approved	0				Article of 'Temanite'
22:1	4	Temanite		5	תֵּמָנִ֗י		global-review-known-rendering	safe	0.8	approved	0				global known-rendering assignment; lexical score 0.65
22:1	6	answer		2	יַּעַן		global-review-known-rendering	safe	0.5917	approved	0				global known-rendering assignment; lexical score 0.44
22:1	8	said		7	יֹּאמַֽר		global-review-known-rendering	safe	0.7772	approved	0				global known-rendering assignment; lexical score 0.63
22:3	23	your		12	דְּרָכֶֽיךָ		attached-word	safe	0.6169	approved	0				PossessivePronoun of 'ways'
22:3	24	ways		12	דְּרָכֶֽיךָ		global-review-known-rendering	safe	0.7169	approved	0				global known-rendering assignment; lexical score 0.57
22:5	2	not		2	לֹ֣א		global-review-known-rendering	safe	0.6788	approved	0				global known-rendering assignment; lexical score 0.53
22:6	5	your		3	אַחֶ֣יךָ		attached-word	safe	0.6518	approved	0				PossessivePronoun of 'brother's'
22:6	6	brother's		3	אַחֶ֣יךָ		global-review-known-rendering	safe	0.7518	approved	0				global known-rendering assignment; lexical score 0.60
22:7	3	not		1	לֹא		global-review-known-rendering	safe	0.6788	approved	0				global known-rendering assignment; lexical score 0.53
22:7	5	water		2	מַ֭יִם		global-review-known-rendering	safe	0.7745	approved	0				global known-rendering assignment; lexical score 0.62
22:7	20	bread		9	לָֽחֶם		global-review-known-rendering	safe	0.7288	approved	0				global known-rendering assignment; lexical score 0.58
22:8	4	the				expands	supplied-article	safe	0.601	approved	0				article the original does not write; rests on 'man' → 'אִ֣ישׁ'
22:8	5	man		2	אִ֣ישׁ		global-review-known-rendering	safe	0.601	approved	0				global known-rendering assignment; lexical score 0.45
22:8	10	the		5	הָ		attached-word	safe	0.6253	approved	0				Article of 'land'
22:8	11	land		6	אָ֑רֶץ		global-review-known-rendering	safe	0.7253	approved	0				global known-rendering assignment; lexical score 0.58
22:9	3	sent		2	שִׁלַּ֣חְתָּ		global-review-known-rendering	safe	0.7451	approved	0				global known-rendering assignment; lexical score 0.60
22:9	4	widows		1	אַ֭לְמָנֹות		global-review-known-rendering	safe	0.8	approved	0				global known-rendering assignment; lexical score 0.65
22:10	6	round		3	סְבִיבֹותֶ֣יךָ		global-review-known-rendering	safe	0.7205	approved	0				global known-rendering assignment; lexical score 0.57
22:10	14	sudden		8	פִּתְאֹֽם		global-review-known-rendering	safe	0.6734	approved	0				global known-rendering assignment; lexical score 0.52
22:11	10	unable		3	לֹֽא		global-review-known-rendering	safe	0.638	approved	0				global known-rendering assignment; lexical score 0.49
22:11	12	see		4	תִרְאֶ֑ה		global-review-known-rendering	safe	0.7061	approved	0				global known-rendering assignment; lexical score 0.56
22:11	16	covered		8	תְּכַסֶּֽךָּ		global-review-known-rendering	safe	0.6023	approved	0				global known-rendering assignment; lexical score 0.45
22:11	20	of		7	מַ֥יִם		attached-word	safe	0.6786	approved	0				Genitive of 'waters'
22:11	21	waters		7	מַ֥יִם		global-review-known-rendering	safe	0.7786	approved	0				global known-rendering assignment; lexical score 0.63
22:12	2	not		2	לֹא		global-review-known-rendering	safe	0.6788	approved	0				global known-rendering assignment; lexical score 0.53
22:12	7	heaven		5	שָׁמָ֑יִם		global-review-known-rendering	safe	0.7266	approved	0				global known-rendering assignment; lexical score 0.58
22:12	9	see		7	רְאֵ֤ה		global-review-known-rendering	safe	0.7061	approved	0				global known-rendering assignment; lexical score 0.56
22:12	10	the				expands	supplied-article	safe	0.7614	approved	0				article the original does not write; rests on 'stars' → 'כֹּוכָבִ֣ים'
22:12	11	stars		9	כֹּוכָבִ֣ים		global-review-known-rendering	safe	0.7614	approved	0				global known-rendering assignment; lexical score 0.61
22:13	3	say		2	אָמַרְתָּ		global-review-known-rendering	safe	0.7664	approved	0				global known-rendering assignment; lexical score 0.62
22:13	4	What		3	מַה		global-review-known-rendering	safe	0.6683	approved	0				global known-rendering assignment; lexical score 0.52
22:14	10	unable		5	לֹ֣א		global-review-known-rendering	safe	0.638	approved	0				global known-rendering assignment; lexical score 0.49
22:14	12	see		6	יִרְאֶ֑ה		global-review-known-rendering	safe	0.7061	approved	0				global known-rendering assignment; lexical score 0.56
22:14	16	walking		10	יִתְהַלָּֽךְ		global-review-known-rendering	safe	0.6941	approved	0				global known-rendering assignment; lexical score 0.54
22:14	21	heaven		9	שָׁ֝מַ֗יִם		global-review-known-rendering	safe	0.7266	approved	0				global known-rendering assignment; lexical score 0.58
22:15	3	keep		4	תִּשְׁמֹ֑ר		global-review-known-rendering	safe	0.5881	approved	0				global known-rendering assignment; lexical score 0.44
22:15	8	which		5	אֲשֶׁ֖ר		global-review-known-rendering	safe	0.6694	approved	0				global known-rendering assignment; lexical score 0.52
22:16	8	time		5	עֵ֑ת		global-review-known-rendering	safe	0.5716	approved	0				global known-rendering assignment; lexical score 0.42
22:17	2	said		2	אֹמְרִ֣ים		global-review-known-rendering	safe	0.7772	approved	0				global known-rendering assignment; lexical score 0.63
22:17	10	What		9	מַה		global-review-known-rendering	safe	0.6683	approved	0				global known-rendering assignment; lexical score 0.52
22:18	4	their		4	בָתֵּיהֶ֣ם		attached-word	safe	0.655	approved	0				PossessivePronoun of 'houses'
22:18	5	houses		4	בָתֵּיהֶ֣ם		global-review-known-rendering	safe	0.755	approved	0				global known-rendering assignment; lexical score 0.60
22:18	8	good		5	טֹ֑וב		global-review-known-rendering	safe	0.6854	approved	0				global known-rendering assignment; lexical score 0.54
22:19	3	saw		1	יִרְא֣וּ		global-review-known-rendering	safe	0.7195	approved	0				global known-rendering assignment; lexical score 0.57
22:19	7	glad		4	יִשְׂמָ֑חוּ		global-review-known-rendering	safe	0.6023	approved	0				global known-rendering assignment; lexical score 0.45
22:20	14	the				expands	supplied-article	safe	0.6966	approved	0				article the original does not write; rests on 'fire' → 'אֵֽשׁ'
22:20	15	fire		8	אֵֽשׁ		global-review-known-rendering	safe	0.6966	approved	0				global known-rendering assignment; lexical score 0.55
22:22	4	take		1	קַח		global-review-known-rendering	safe	0.5504	approved	0				global known-rendering assignment; lexical score 0.40
22:22	7	his		4	פִּ֣יו		attached-word	safe	0.6146	approved	0				PossessivePronoun of 'mouth'
22:22	8	mouth		4	פִּ֣יו		global-review-known-rendering	safe	0.7146	approved	0				global known-rendering assignment; lexical score 0.56
22:23	1	If		1	אִם		global-review-known-rendering	safe	0.6409	approved	0				global known-rendering assignment; lexical score 0.49
22:23	4	back		2	תָּשׁ֣וּב		global-review-known-rendering	safe	0.5608	approved	0				global known-rendering assignment; lexical score 0.41
22:23	22	your		9	אָהֳלֶֽךָ		attached-word	safe	0.5875	approved	0				PossessivePronoun of 'tents'
22:23	23	tents		9	אָהֳלֶֽךָ		global-review-known-rendering	safe	0.6875	approved	0				global known-rendering assignment; lexical score 0.54
22:24	6	the				expands	supplied-article	safe	0.7308	approved	0				article the original does not write; rests on 'dust' → 'עָפָ֥ר'
22:24	7	dust		4	עָפָ֥ר		global-review-known-rendering	safe	0.7308	approved	0				global known-rendering assignment; lexical score 0.58
22:24	12	Ophir		10	אֹופִֽיר		global-review-known-rendering	safe	0.71	approved	0				global known-rendering assignment; lexical score 0.56
22:25	16	silver		6	כֶ֖סֶף		global-review-known-rendering	safe	0.7717	approved	0				global known-rendering assignment; lexical score 0.62
22:26	13	your		10	פָּנֶֽיךָ		attached-word	safe	0.639	approved	0				PossessivePronoun of 'face'
22:26	14	face		10	פָּנֶֽיךָ		global-review-known-rendering	safe	0.739	approved	0				global known-rendering assignment; lexical score 0.59
22:26	17	lifted		7	תִשָּׂ֖א		global-review-known-rendering	safe	0.6267	approved	0				global known-rendering assignment; lexical score 0.48
22:28	7	light		11	אֹֽור		global-review-known-rendering	safe	0.6277	approved	0				global known-rendering assignment; lexical score 0.48
22:28	12	your		9	דְּ֝רָכֶ֗יךָ		attached-word	safe	0.6169	approved	0				PossessivePronoun of 'ways'
22:28	13	ways		9	דְּ֝רָכֶ֗יךָ		global-review-known-rendering	safe	0.7169	approved	0				global known-rendering assignment; lexical score 0.57
22:29	14	a				expands	supplied-indefinite-article	safe	0.8	approved	0				indefinite article; rests on 'saviour' → 'יֹושִֽׁעַ'
22:29	15	saviour		9	יֹושִֽׁעַ		global-review-known-rendering	safe	0.8	approved	0				global known-rendering assignment; lexical score 0.65
23:1	2	Job		3	אִיֹּ֗וב		global-review-known-rendering	safe	0.7845	approved	0				global known-rendering assignment; lexical score 0.63
23:1	4	answer		2	יַּ֥עַן		global-review-known-rendering	safe	0.5897	approved	0				global known-rendering assignment; lexical score 0.44
23:1	6	said		5	יֹּאמַֽר		global-review-known-rendering	safe	0.7772	approved	0				global known-rendering assignment; lexical score 0.63
23:2				2	הַ֭	omits	unrendered-article	safe	0.7915	approved	0				article no the of the verse renders; rests on 'today' → 'יֹּום'
23:2	2	today		3	יֹּום		global-review-known-rendering	safe	0.7915	approved	0				global known-rendering assignment; lexical score 0.64
23:2	8	hand		6	יָ֝דִ֗י		global-review-known-rendering	safe	0.6701	approved	0				global known-rendering assignment; lexical score 0.52
23:3	16	come		6	אָ֝בֹ֗וא		global-review-known-rendering	safe	0.5727	approved	0				global known-rendering assignment; lexical score 0.42
23:4	8	before		3	פָנָ֣יו		global-review-known-rendering	safe	0.658	approved	0				global known-rendering assignment; lexical score 0.51
23:4	11	my		6	פִ֗י		attached-word	safe	0.6134	approved	0				PossessivePronoun of 'mouth'
23:4	12	mouth		6	פִ֗י		global-review-known-rendering	safe	0.7134	approved	0				global known-rendering assignment; lexical score 0.56
23:5	13	what		6	מַה		global-review-known-rendering	safe	0.6683	approved	0				global known-rendering assignment; lexical score 0.52
23:5	16	say		7	יֹּ֥אמַר		global-review-known-rendering	safe	0.7664	approved	0				global known-rendering assignment; lexical score 0.62
23:7	2	an				expands	supplied-indefinite-article	safe	0.6364	approved	0				indefinite article; rests on 'upright' → 'יָ֭שָׁר'
23:7	3	upright		2	יָ֭שָׁר		global-review-known-rendering	safe	0.6364	approved	0				global known-rendering assignment; lexical score 0.49
23:7	19	my		10	שֹּׁפְטִֽי		attached-word	safe	0.5935	approved	0				PossessivePronoun of 'judge'
23:7	20	judge		10	שֹּׁפְטִֽי		global-review-known-rendering	safe	0.6935	approved	0				global known-rendering assignment; lexical score 0.54
23:8	15	not		9	לֹא		global-review-known-rendering	safe	0.679	approved	0				global known-rendering assignment; lexical score 0.53
23:9	24	not		10	לֹ֣א		global-review-known-rendering	safe	0.679	approved	0				global known-rendering assignment; lexical score 0.53
23:9	27	see		11	אֶרְאֶֽה		global-review-known-rendering	safe	0.7063	approved	0				global known-rendering assignment; lexical score 0.56
23:10	6	the				expands	supplied-article	safe	0.7231	approved	0				article the original does not write; rests on 'way' → 'דֶּ֣רֶךְ'
23:10	7	way		3	דֶּ֣רֶךְ		global-review-known-rendering	safe	0.7231	approved	0				global known-rendering assignment; lexical score 0.57
23:10	20	gold		8	זָּהָ֥ב		global-review-known-rendering	safe	0.7408	approved	0				global known-rendering assignment; lexical score 0.59
23:11	1	My		4	רַגְלִ֑י		attached-word	safe	0.6372	approved	0				PossessivePronoun of 'feet'
23:11	2	feet		4	רַגְלִ֑י		global-review-known-rendering	safe	0.7372	approved	0				global known-rendering assignment; lexical score 0.59
23:11	10	kept		6	שָׁמַ֣רְתִּי		global-review-known-rendering	safe	0.5625	approved	0				global known-rendering assignment; lexical score 0.41
23:11	12	his		5	דַּרְכֹּ֖ו		attached-word	safe	0.6231	approved	0				PossessivePronoun of 'way'
23:11	13	way		5	דַּרְכֹּ֖ו		global-review-known-rendering	safe	0.7231	approved	0				global known-rendering assignment; lexical score 0.57
23:12				3	וְ	omits	unrendered-conjunction	safe	0.638	approved	0				conjunction no word of the verse renders; rests on 'never' → 'לֹ֣א'
23:12	3	never		4	לֹ֣א		global-review-known-rendering	safe	0.638	approved	0				global known-rendering assignment; lexical score 0.49
23:12	9	his		2	שְׂ֭פָתָיו		attached-word	safe	0.6839	approved	0				PossessivePronoun of 'lips'
23:12	10	lips		2	שְׂ֭פָתָיו		global-review-known-rendering	safe	0.7839	approved	0				global known-rendering assignment; lexical score 0.63
23:12	13	of		10	פִֽיו		attached-word	safe	0.5134	approved	0				Genitive of 'his'
23:12	14	his		10	פִֽיו		attached-word	safe	0.6134	approved	0				PossessivePronoun of 'mouth'
23:12	15	mouth		10	פִֽיו		global-review-known-rendering	safe	0.7134	approved	0				global known-rendering assignment; lexical score 0.56
23:13	20	his		9	נַפְשֹׁ֖ו		attached-word	safe	0.6921	approved	0				PossessivePronoun of 'soul'
23:13	21	soul		9	נַפְשֹׁ֖ו		global-review-known-rendering	safe	0.7921	approved	0				global known-rendering assignment; lexical score 0.64
23:15	8	before		4	פָּנָ֣יו		global-review-known-rendering	safe	0.658	approved	0				global known-rendering assignment; lexical score 0.51
23:16	5	my		4	לִבִּ֑י		attached-word	safe	0.5443	approved	0				PossessivePronoun of 'heart'
23:16	6	heart		4	לִבִּ֑י		global-review-known-rendering	safe	0.6443	approved	0				global known-rendering assignment; lexical score 0.49
23:17	16	my		9	פָּנַ֗י		attached-word	safe	0.6401	approved	0				PossessivePronoun of 'face'
23:17	17	face		9	פָּנַ֗י		global-review-known-rendering	safe	0.7401	approved	0				global known-rendering assignment; lexical score 0.59
24:1	4	not		4	לֹא		global-review-known-rendering	safe	0.6788	approved	0				global known-rendering assignment; lexical score 0.53
24:1	21	not		9	לֹא		global-review-known-rendering	safe	0.6788	approved	0				global known-rendering assignment; lexical score 0.53
24:1	23	his		11	יָמָֽיו		attached-word	safe	0.6783	approved	0				PossessivePronoun of 'days'
24:1	24	days		11	יָמָֽיו		global-review-known-rendering	safe	0.7783	approved	0				global known-rendering assignment; lexical score 0.63
24:2	9	violently		4	גָּ֝זְל֗וּ		global-review-known-rendering	safe	0.6071	approved	0				global known-rendering assignment; lexical score 0.46
24:3	4	the				expands	supplied-article	safe	0.6638	approved	0				article the original does not write; rests on 'ass' → 'חֲמֹ֣ור'
24:3	5	ass		1	חֲמֹ֣ור		global-review-known-rendering	safe	0.6638	approved	0				global known-rendering assignment; lexical score 0.51
24:3	14	the				expands	supplied-article	safe	0.6875	approved	0				article the original does not write; rests on 'widow's' → 'אַלְמָנָֽה'
24:3	15	widow's		6	אַלְמָנָֽה		global-review-known-rendering	safe	0.6875	approved	0				global known-rendering assignment; lexical score 0.54
24:3	16	ox		5	שֹׁ֣ור		global-review-known-rendering	safe	0.7347	approved	0				global known-rendering assignment; lexical score 0.58
24:4	7	the				expands	supplied-article	safe	0.7244	approved	0				article the original does not write; rests on 'way' → 'דָּ֑רֶךְ'
24:4	8	way		4	דָּ֑רֶךְ		global-review-known-rendering	safe	0.7244	approved	0				global known-rendering assignment; lexical score 0.57
24:4	13	the				expands	supplied-article	safe	0.7441	approved	0				article the original does not write; rests on 'earth' → 'אָֽרֶץ'
24:4	14	earth		8	אָֽרֶץ		global-review-known-rendering	safe	0.7441	approved	0				global known-rendering assignment; lexical score 0.59
24:5	24	bread		15	לֶ֝֗חֶם		global-review-known-rendering	safe	0.729	approved	0				global known-rendering assignment; lexical score 0.58
24:6	6	the		2			attached-word	safe	0.6597	approved	0				Article of 'field'
24:6	7	field		3	שָּׂדֶה		global-review-known-rendering	safe	0.7597	approved	0				global known-rendering assignment; lexical score 0.61
24:7	8	clothing		5	לְב֑וּשׁ		global-review-known-rendering	safe	0.6364	approved	0				global known-rendering assignment; lexical score 0.49
24:8	7	of		3	הָרִ֣ים		attached-word	safe	0.6675	approved	0				Genitive of 'mountains'
24:8	8	the				expands	supplied-article	safe	0.7675	approved	0				article the original does not write; rests on 'mountains' → 'הָרִ֣ים'
24:8	9	mountains		3	הָרִ֣ים		global-review-known-rendering	safe	0.7675	approved	0				global known-rendering assignment; lexical score 0.62
24:10	5	clothing		4	לְב֑וּשׁ		global-review-known-rendering	safe	0.6364	approved	0				global known-rendering assignment; lexical score 0.49
24:11	1	Between		1	בֵּין		global-review-known-rendering	safe	0.743	approved	0				global known-rendering assignment; lexical score 0.59
24:12	2	the				expands	supplied-article	safe	0.71	approved	0				article the original does not write; rests on 'town' → 'עִ֤יר'
24:12	3	town		2	עִ֤יר		global-review-known-rendering	safe	0.71	approved	0				global known-rendering assignment; lexical score 0.56
24:12	15	the				expands	supplied-article	safe	0.7921	approved	0				article the original does not write; rests on 'soul' → 'נֶֽפֶשׁ'
24:12	16	soul		6	נֶֽפֶשׁ		global-review-known-rendering	safe	0.7921	approved	0				global known-rendering assignment; lexical score 0.64
24:12	28	not		11	לֹא		global-review-known-rendering	safe	0.6788	approved	0				global known-rendering assignment; lexical score 0.53
24:13	9	the				expands	supplied-article	safe	0.6257	approved	0				article the original does not write; rests on 'light' → 'אֹ֥ור'
24:13	10	light		5	אֹ֥ור		global-review-known-rendering	safe	0.6257	approved	0				global known-rendering assignment; lexical score 0.48
24:13	16	its		8	דְרָכָ֑יו		attached-word	safe	0.6151	approved	0				PossessivePronoun of 'ways'
24:13	17	ways		8	דְרָכָ֑יו		global-review-known-rendering	safe	0.7151	approved	0				global known-rendering assignment; lexical score 0.57
24:13	20	not		10	לֹ֥א		global-review-known-rendering	safe	0.6788	approved	0				global known-rendering assignment; lexical score 0.53
24:15	17	saying		7	אמֹר		global-review-known-rendering	safe	0.7879	approved	0				global known-rendering assignment; lexical score 0.64
24:15	19	eye		10	עָ֑יִן		global-review-known-rendering	safe	0.7941	approved	0				global known-rendering assignment; lexical score 0.64
24:15	30	face		13	פָּנִ֣ים		global-review-known-rendering	safe	0.739	approved	0				global known-rendering assignment; lexical score 0.59
24:16	11	houses		5	בָּ֫תִּ֥ים		global-review-known-rendering	safe	0.755	approved	0				global known-rendering assignment; lexical score 0.60
24:16	25	the				expands	supplied-article	safe	0.6257	approved	0				article the original does not write; rests on 'light' → 'אֹֽור'
24:16	26	light		11	אֹֽור		global-review-known-rendering	safe	0.6257	approved	0				global known-rendering assignment; lexical score 0.48
24:17	9	morning		3	בֹּ֣קֶר		global-review-known-rendering	safe	0.7522	approved	0				global known-rendering assignment; lexical score 0.60
24:18	5	the				expands	supplied-article	safe	0.739	approved	0				article the original does not write; rests on 'face' → 'פְּנֵי'
24:18	6	face		4	פְּנֵי		global-review-known-rendering	safe	0.739	approved	0				global known-rendering assignment; lexical score 0.59
24:18	7	of		5	מַ֗יִם		attached-word	safe	0.6786	approved	0				Genitive of 'waters'
24:18	8	the				expands	supplied-article	safe	0.7786	approved	0				article the original does not write; rests on 'waters' → 'מַ֗יִם'
24:18	9	waters		5	מַ֗יִם		global-review-known-rendering	safe	0.7786	approved	0				global known-rendering assignment; lexical score 0.63
24:18	15	the		9			attached-word	safe	0.6441	approved	0				Article of 'earth'
24:18	16	earth		10	אָ֑רֶץ		global-review-known-rendering	safe	0.7441	approved	0				global known-rendering assignment; lexical score 0.59
24:18	25	not		11	לֹֽא		global-review-known-rendering	safe	0.6788	approved	0				global known-rendering assignment; lexical score 0.53
24:19	1	Snow		6	שֶׁ֗לֶג		global-review-known-rendering	safe	0.6773	approved	0				global known-rendering assignment; lexical score 0.53
24:19	2	waters		5	מֵֽימֵי		global-review-known-rendering	safe	0.7786	approved	0				global known-rendering assignment; lexical score 0.63
24:20	30	tree		12	עֵ֣ץ		global-review-known-rendering	safe	0.5912	approved	0				global known-rendering assignment; lexical score 0.44
24:21	3	not		3	לֹ֣א		global-review-known-rendering	safe	0.6788	approved	0				global known-rendering assignment; lexical score 0.53
24:21	6	the				expands	supplied-article	safe	0.8	approved	0				article the original does not write; rests on 'widow' → 'אַלְמָנָ֗ה'
24:21	7	widow		6	אַלְמָנָ֗ה		global-review-known-rendering	safe	0.8	approved	0				global known-rendering assignment; lexical score 0.65
24:23	9	gives		1	יִתֶּן		global-review-known-rendering	safe	0.6544	approved	0				global known-rendering assignment; lexical score 0.50
24:23	13	his		8	עֵינֵ֗יהוּ		attached-word	safe	0.6842	approved	0				PossessivePronoun of 'eyes'
24:23	14	eyes		8	עֵינֵ֗יהוּ		global-review-known-rendering	safe	0.7842	approved	0				global known-rendering assignment; lexical score 0.63
24:23	18	ways		10	דַּרְכֵיהֶֽם		global-review-known-rendering	safe	0.7151	approved	0				global known-rendering assignment; lexical score 0.57
24:24	25	the				expands	supplied-article	safe	0.7658	approved	0				article the original does not write; rests on 'heads' → 'רֹ֖אשׁ'
24:24	26	heads		13	רֹ֖אשׁ		global-review-known-rendering	safe	0.7658	approved	0				global known-rendering assignment; lexical score 0.62
24:25	2	if		2	אִם		global-review-known-rendering	safe	0.6412	approved	0				global known-rendering assignment; lexical score 0.49
24:25	5	not		3	לֹ֣א		global-review-known-rendering	safe	0.6788	approved	0				global known-rendering assignment; lexical score 0.53
24:25	8	who		5	מִ֣י		global-review-known-rendering	safe	0.5988	approved	0				global known-rendering assignment; lexical score 0.45
25:1	2	Bildad		3	בִּלְדַּ֥ד		global-review-known-rendering	safe	0.8	approved	0				global known-rendering assignment; lexical score 0.65
25:1	3	the		4	הַ		attached-word	safe	0.7	approved	0				Article of 'Shuhite'
25:1	4	Shuhite		5	שֻּׁחִ֗י		global-review-known-rendering	safe	0.8	approved	0				global known-rendering assignment; lexical score 0.65
25:1	6	answer		2	יַּעַן		global-review-known-rendering	safe	0.5917	approved	0				global known-rendering assignment; lexical score 0.44
25:1	8	said		7	יֹּאמַֽר		global-review-known-rendering	safe	0.7772	approved	0				global known-rendering assignment; lexical score 0.63
25:2	1	Rule		1	הַמְשֵׁ֣ל		global-review-known-rendering	safe	0.5612	approved	0				global known-rendering assignment; lexical score 0.41
25:2	8	peace		6	שָׁ֝לֹ֗ום		global-review-known-rendering	safe	0.5962	approved	0				global known-rendering assignment; lexical score 0.45
25:3	14	not		9	לֹא		global-review-known-rendering	safe	0.679	approved	0				global known-rendering assignment; lexical score 0.53
25:3	15	his		11	אֹורֵֽהוּ		attached-word	safe	0.5277	approved	0				PossessivePronoun of 'light'
25:3	16	light		11	אֹורֵֽהוּ		global-review-known-rendering	safe	0.6277	approved	0				global known-rendering assignment; lexical score 0.48
25:4	24	woman		11	אִשָּֽׁה		global-review-known-rendering	safe	0.7226	approved	0				global known-rendering assignment; lexical score 0.57
25:5				4	וְ	omits	unrendered-conjunction	safe	0.679	approved	0				conjunction no word of the verse renders; rests on 'not' → 'לֹ֣א'
25:5	3	the				expands	supplied-article	safe	0.6385	approved	0				article the original does not write; rests on 'moon' → 'יָ֭רֵחַ'
25:5	4	moon		3	יָ֭רֵחַ		global-review-known-rendering	safe	0.6385	approved	0				global known-rendering assignment; lexical score 0.49
25:5	6	not		5	לֹ֣א		global-review-known-rendering	safe	0.679	approved	0				global known-rendering assignment; lexical score 0.53
25:5	9	the				expands	supplied-article	safe	0.7614	approved	0				article the original does not write; rests on 'stars' → 'כֹוכָבִ֗ים'
25:5	10	stars		8	כֹוכָבִ֗ים		global-review-known-rendering	safe	0.7614	approved	0				global known-rendering assignment; lexical score 0.61
25:5	12	not		9	לֹא		global-review-known-rendering	safe	0.679	approved	0				global known-rendering assignment; lexical score 0.53
25:5	15	his		12	עֵינָֽיו		attached-word	safe	0.6842	approved	0				PossessivePronoun of 'eyes'
25:5	16	eyes		12	עֵינָֽיו		global-review-known-rendering	safe	0.7842	approved	0				global known-rendering assignment; lexical score 0.63
25:6	10	the				expands	supplied-article	safe	0.7887	approved	0				article the original does not write; rests on 'son' → 'בֶן'
25:6	11	son		6	בֶן		global-review-known-rendering	safe	0.7887	approved	0				global known-rendering assignment; lexical score 0.64
26:1	2	Job		3	אִיֹּ֗וב		global-review-known-rendering	safe	0.7845	approved	0				global known-rendering assignment; lexical score 0.63
26:1	4	answer		2	יַּ֥עַן		global-review-known-rendering	safe	0.5917	approved	0				global known-rendering assignment; lexical score 0.44
26:1	6	said		5	יֹּאמַֽר		global-review-known-rendering	safe	0.7772	approved	0				global known-rendering assignment; lexical score 0.63
26:2	19	the				expands	supplied-article	safe	0.7631	approved	0				article the original does not write; rests on 'arm' → 'זְרֹ֣ועַ'
26:2	20	arm		7	זְרֹ֣ועַ		global-review-known-rendering	safe	0.7631	approved	0				global known-rendering assignment; lexical score 0.61
26:3	11	wisdom		5	חָכְמָ֑ה		global-review-known-rendering	safe	0.7036	approved	0				global known-rendering assignment; lexical score 0.55
26:5	8	the				expands	supplied-article	safe	0.7801	approved	0				article the original does not write; rests on 'waters' → 'מַ֝֗יִם'
26:5	9	waters		6	מַ֝֗יִם		global-review-known-rendering	safe	0.7801	approved	0				global known-rendering assignment; lexical score 0.63
26:7	4	the				expands	supplied-article	safe	0.6988	approved	0				article the original does not write; rests on 'north' → 'צָפֹ֣ון'
26:7	5	north		2	צָפֹ֣ון		global-review-known-rendering	safe	0.6988	approved	0				global known-rendering assignment; lexical score 0.55
26:7	7	stretched		1	נֹטֶ֣ה		global-review-known-rendering	safe	0.6839	approved	0				global known-rendering assignment; lexical score 0.53
26:7	12	the				expands	supplied-article	safe	0.7442	approved	0				article the original does not write; rests on 'earth' → 'אֶ֝֗רֶץ'
26:7	13	earth		6	אֶ֝֗רֶץ		global-review-known-rendering	safe	0.7442	approved	0				global known-rendering assignment; lexical score 0.59
26:8	3	the				expands	supplied-article	safe	0.7801	approved	0				article the original does not write; rests on 'waters' → 'מַ֥יִם'
26:8	4	waters		2	מַ֥יִם		global-review-known-rendering	safe	0.7801	approved	0				global known-rendering assignment; lexical score 0.63
26:8	13	the				expands	supplied-article	safe	0.7365	approved	0				article the original does not write; rests on 'cloud' → 'עָנָ֣ן'
26:8	14	cloud		8	עָנָ֣ן		global-review-known-rendering	safe	0.7365	approved	0				global known-rendering assignment; lexical score 0.59
26:8	16	not		6	לֹא		global-review-known-rendering	safe	0.6791	approved	0				global known-rendering assignment; lexical score 0.53
26:8	19	under		9	תַּחְתָּֽם		global-review-known-rendering	safe	0.6598	approved	0				global known-rendering assignment; lexical score 0.51
26:9	3	the				expands	supplied-article	safe	0.739	approved	0				article the original does not write; rests on 'face' → 'פְּנֵי'
26:9	4	face		2	פְּנֵי		global-review-known-rendering	safe	0.739	approved	0				global known-rendering assignment; lexical score 0.59
26:9	13	cloud		6	עֲנָנֹֽו		global-review-known-rendering	safe	0.7365	approved	0				global known-rendering assignment; lexical score 0.59
26:10	9	the				expands	supplied-article	safe	0.739	approved	0				article the original does not write; rests on 'face' → 'פְּנֵי'
26:10	10	face		4	פְּנֵי		global-review-known-rendering	safe	0.739	approved	0				global known-rendering assignment; lexical score 0.59
26:10	11	of		5	מָ֑יִם		attached-word	safe	0.6801	approved	0				Genitive of 'waters'
26:10	12	the				expands	supplied-article	safe	0.7801	approved	0				article the original does not write; rests on 'waters' → 'מָ֑יִם'
26:10	13	waters		5	מָ֑יִם		global-review-known-rendering	safe	0.7801	approved	0				global known-rendering assignment; lexical score 0.63
26:10	18	the				expands	supplied-article	safe	0.6287	approved	0				article the original does not write; rests on 'light' → 'אֹ֣ור'
26:10	19	light		8	אֹ֣ור		global-review-known-rendering	safe	0.6287	approved	0				global known-rendering assignment; lexical score 0.48
26:11	1	The				expands	supplied-article	safe	0.7634	approved	0				article the original does not write; rests on 'pillars' → 'עַמּוּדֵ֣י'
26:11	2	pillars		1	עַמּוּדֵ֣י		global-review-known-rendering	safe	0.7634	approved	0				global known-rendering assignment; lexical score 0.61
26:11	3	of		2	שָׁמַ֣יִם		attached-word	safe	0.6268	approved	0				Genitive of 'heaven'
26:11	4	heaven		2	שָׁמַ֣יִם		global-review-known-rendering	safe	0.7268	approved	0				global known-rendering assignment; lexical score 0.58
26:12	4	the		4	הַ		attached-word	safe	0.6752	approved	0				Article of 'sea'
26:12	5	sea		5	יָּ֑ם		global-review-known-rendering	safe	0.7752	approved	0				global known-rendering assignment; lexical score 0.63
26:13	2	his		2	רוּחֹו		attached-word	safe	0.6323	approved	0				PossessivePronoun of 'wind'
26:13	3	wind		2	רוּחֹו		global-review-known-rendering	safe	0.7323	approved	0				global known-rendering assignment; lexical score 0.58
26:13	4	the				expands	supplied-article	safe	0.7755	approved	0				article the original does not write; rests on 'heavens' → 'שָׁמַ֣יִם'
26:13	5	heavens		3	שָׁמַ֣יִם		global-review-known-rendering	safe	0.7755	approved	0				global known-rendering assignment; lexical score 0.63
26:13	9	his		6	יָ֝דֹ֗ו		attached-word	safe	0.5696	approved	0				PossessivePronoun of 'hand'
26:13	10	hand		6	יָ֝דֹ֗ו		global-review-known-rendering	safe	0.6696	approved	0				global known-rendering assignment; lexical score 0.52
26:13	11	the				expands	supplied-article	safe	0.77	approved	0				article the original does not write; rests on 'snake' → 'נָחָ֥שׁ'
26:13	14	snake		7	נָחָ֥שׁ		global-review-known-rendering	safe	0.77	approved	0				global known-rendering assignment; lexical score 0.62
26:14	2	these		2	אֵ֤לֶּה		global-review-known-rendering	safe	0.7108	approved	0				global known-rendering assignment; lexical score 0.56
26:14	8	his		4	דרכו		attached-word	safe	0.6155	approved	0				PossessivePronoun of 'ways'
26:14	9	ways		4	דרכו		global-review-known-rendering	safe	0.7155	approved	0				global known-rendering assignment; lexical score 0.57
26:14	27	acts		8	דָּ֭בָר		global-review-known-rendering	safe	0.6925	approved	0				global known-rendering assignment; lexical score 0.54
27:1	2	Job		3	אִ֭יֹּוב		global-review-known-rendering	safe	0.7845	approved	0				global known-rendering assignment; lexical score 0.63
27:1	9	said		7	יֹּאמַֽר		global-review-known-rendering	safe	0.7772	approved	0				global known-rendering assignment; lexical score 0.63
27:2	21	my		8	נַפְשִֽׁי		attached-word	safe	0.6921	approved	0				PossessivePronoun of 'soul'
27:2	22	soul		8	נַפְשִֽׁי		global-review-known-rendering	safe	0.7921	approved	0				global known-rendering assignment; lexical score 0.64
27:3	2	all		2	כָל		global-review-known-rendering	safe	0.7585	approved	0				global known-rendering assignment; lexical score 0.61
27:3	10	the				expands	supplied-article	safe	0.7661	approved	0				article the original does not write; rests on 'spirit' → 'ר֖וּחַ'
27:3	11	spirit		7	ר֖וּחַ		global-review-known-rendering	safe	0.7661	approved	0				global known-rendering assignment; lexical score 0.62
27:4	7	my		3	שְׂפָתַ֣י		attached-word	safe	0.6839	approved	0				PossessivePronoun of 'lips'
27:4	8	lips		3	שְׂפָתַ֣י		global-review-known-rendering	safe	0.7839	approved	0				global known-rendering assignment; lexical score 0.63
27:4	10	my		6	לְשֹׁונִ֗י		attached-word	safe	0.6613	approved	0				PossessivePronoun of 'tongue'
27:4	11	tongue		6	לְשֹׁונִ֗י		global-review-known-rendering	safe	0.7613	approved	0				global known-rendering assignment; lexical score 0.61
27:5	10	not		8	לֹא		global-review-known-rendering	safe	0.6789	approved	0				global known-rendering assignment; lexical score 0.53
27:6	8	not		5	לֹ֣א		global-review-known-rendering	safe	0.6789	approved	0				global known-rendering assignment; lexical score 0.53
27:8	2	what		2	מַה		global-review-known-rendering	safe	0.6683	approved	0				global known-rendering assignment; lexical score 0.52
27:8	18	his		10	נַפְשֹֽׁו		attached-word	safe	0.6921	approved	0				PossessivePronoun of 'soul'
27:8	19	soul		10	נַפְשֹֽׁו		global-review-known-rendering	safe	0.7921	approved	0				global known-rendering assignment; lexical score 0.64
27:9	4	come		6	תָבֹ֖וא		global-review-known-rendering	safe	0.5727	approved	0				global known-rendering assignment; lexical score 0.42
27:10	17	all		8	כָל		global-review-known-rendering	safe	0.7585	approved	0				global known-rendering assignment; lexical score 0.61
27:11	7	the				expands	supplied-article	safe	0.6697	approved	0				article the original does not write; rests on 'hand' → 'יַד'
27:11	8	hand		4	יַד		global-review-known-rendering	safe	0.6697	approved	0				global known-rendering assignment; lexical score 0.52
27:11	13	not		9	לֹ֣א		global-review-known-rendering	safe	0.6789	approved	0				global known-rendering assignment; lexical score 0.53
27:12	4	all		3	כֻּלְּכֶ֣ם		global-review-known-rendering	safe	0.7585	approved	0				global known-rendering assignment; lexical score 0.61
27:12	8	why		6	לָמָּה		global-review-known-rendering	safe	0.6594	approved	0				global known-rendering assignment; lexical score 0.51
27:13	11	the				expands	supplied-article	safe	0.7379	approved	0				article the original does not write; rests on 'heritage' → 'נַחֲלַ֥ת'
27:13	12	heritage		8	נַחֲלַ֥ת		global-review-known-rendering	safe	0.7379	approved	0				global known-rendering assignment; lexical score 0.59
27:14	1	If		1	אִם		global-review-known-rendering	safe	0.6409	approved	0				global known-rendering assignment; lexical score 0.49
27:14	2	his		3	בָנָ֣יו		attached-word	safe	0.6611	approved	0				PossessivePronoun of 'children'
27:14	3	children		3	בָנָ֣יו		global-review-known-rendering	safe	0.7611	approved	0				global known-rendering assignment; lexical score 0.61
27:14	9	the				expands	supplied-article	safe	0.7805	approved	0				article the original does not write; rests on 'sword' → 'חָ֑רֶב'
27:14	10	sword		5	חָ֑רֶב		global-review-known-rendering	safe	0.7805	approved	0				global known-rendering assignment; lexical score 0.63
27:14	12	his		7	צֶאֱצָאָ֗יו		attached-word	safe	0.7	approved	0				PossessivePronoun of 'offspring'
27:14	13	offspring		7	צֶאֱצָאָ֗יו		global-review-known-rendering	safe	0.8	approved	0				global known-rendering assignment; lexical score 0.65
27:14	15	not		8	לֹ֣א		global-review-known-rendering	safe	0.6789	approved	0				global known-rendering assignment; lexical score 0.53
27:14	17	bread		10	לָֽחֶם		global-review-known-rendering	safe	0.7288	approved	0				global known-rendering assignment; lexical score 0.58
27:15	25	widows		7	אַלְמְנֹתָ֗יו		global-review-known-rendering	safe	0.7591	approved	0				global known-rendering assignment; lexical score 0.61
27:15	27	not		8	לֹ֣א		global-review-known-rendering	safe	0.6789	approved	0				global known-rendering assignment; lexical score 0.53
27:16				4		omits	unrendered-article	safe	0.7308	approved	0				article no the of the verse renders; rests on 'dust' → 'עָפָ֣ר'
27:16	5	silver		6	כָּ֑סֶף		global-review-known-rendering	safe	0.7716	approved	0				global known-rendering assignment; lexical score 0.62
27:16	8	dust		5	עָפָ֣ר		global-review-known-rendering	safe	0.7308	approved	0				global known-rendering assignment; lexical score 0.58
27:17	22	the				expands	supplied-article	safe	0.7716	approved	0				article the original does not write; rests on 'silver' → 'כֶ֗סֶף'
27:17	23	silver		6	כֶ֗סֶף		global-review-known-rendering	safe	0.7716	approved	0				global known-rendering assignment; lexical score 0.62
27:18	1	His		5	בֵּיתֹ֑ו		attached-word	safe	0.6634	approved	0				PossessivePronoun of 'house'
27:18	2	house		5	בֵּיתֹ֑ו		global-review-known-rendering	safe	0.7634	approved	0				global known-rendering assignment; lexical score 0.61
27:19	17	his		6	עֵינָ֖יו		attached-word	safe	0.6842	approved	0				PossessivePronoun of 'eyes'
27:19	18	eyes		6	עֵינָ֖יו		global-review-known-rendering	safe	0.7842	approved	0				global known-rendering assignment; lexical score 0.63
27:20	2	overtake		1	תַּשִּׂיגֵ֣הוּ		global-review-known-rendering	safe	0.7471	approved	0				global known-rendering assignment; lexical score 0.60
27:20	6	waters		4	מַּיִם		global-review-known-rendering	safe	0.7786	approved	0				global known-rendering assignment; lexical score 0.63
27:20	8	the				expands	supplied-article	safe	0.7349	approved	0				article the original does not write; rests on 'night' → 'לַ֝֗יְלָה'
27:20	9	night		6	לַ֝֗יְלָה		global-review-known-rendering	safe	0.7349	approved	0				global known-rendering assignment; lexical score 0.58
27:21	17	his		8	מְּקֹמֹֽו		attached-word	safe	0.5417	approved	0				PossessivePronoun of 'place'
27:21	18	place		8	מְּקֹמֹֽו		global-review-known-rendering	safe	0.6417	approved	0				global known-rendering assignment; lexical score 0.49
27:22	14	his		8	יָּדֹ֗ו		attached-word	safe	0.5697	approved	0				PossessivePronoun of 'hand'
27:22	15	hand		8	יָּדֹ֗ו		global-review-known-rendering	safe	0.6697	approved	0				global known-rendering assignment; lexical score 0.52
27:23	12	his		8	מְּקֹמֹֽו		attached-word	safe	0.5417	approved	0				PossessivePronoun of 'place'
27:23	13	place		8	מְּקֹמֹֽו		global-review-known-rendering	safe	0.6417	approved	0				global known-rendering assignment; lexical score 0.49
28:1				4		omits	unrendered-article	safe	0.7716	approved	0				article no the of the verse renders; rests on 'silver' → 'כֶּ֣סֶף'
28:1				10		omits	unrendered-article	safe	0.7445	approved	0				article no the of the verse renders; rests on 'gold' → 'זָּהָ֥ב'
28:1	4	a				expands	supplied-indefinite-article	safe	0.7716	approved	0				indefinite article; rests on 'silver' → 'כֶּ֣סֶף'
28:1	7	silver		5	כֶּ֣סֶף		global-review-known-rendering	safe	0.7716	approved	0				global known-rendering assignment; lexical score 0.62
28:1	9	a				expands	supplied-indefinite-article	safe	0.6399	approved	0				indefinite article; rests on 'place' → 'מָקֹ֗ום'
28:1	10	place		8	מָקֹ֗ום		global-review-known-rendering	safe	0.6399	approved	0				global known-rendering assignment; lexical score 0.49
28:1	12	gold		11	זָּהָ֥ב		global-review-known-rendering	safe	0.7445	approved	0				global known-rendering assignment; lexical score 0.59
28:2	1	Iron		1	בַּ֭רְזֶל		global-review-known-rendering	safe	0.6912	approved	0				global known-rendering assignment; lexical score 0.54
28:2	9	stone		6	אֶ֗בֶן		global-review-known-rendering	safe	0.6892	approved	0				global known-rendering assignment; lexical score 0.54
28:3	14	the				expands	supplied-article	safe	0.7381	approved	0				article the original does not write; rests on 'stones' → 'אֶ֖בֶן'
28:3	15	stones		12	אֶ֖בֶן		global-review-known-rendering	safe	0.7381	approved	0				global known-rendering assignment; lexical score 0.59
28:5	3	the				expands	supplied-article	safe	0.7451	approved	0				article the original does not write; rests on 'earth' → 'אֶ֗רֶץ'
28:5	4	earth		1	אֶ֗רֶץ		global-review-known-rendering	safe	0.7451	approved	0				global known-rendering assignment; lexical score 0.60
28:5	5	bread		4	לָ֑חֶם		global-review-known-rendering	safe	0.7288	approved	0				global known-rendering assignment; lexical score 0.58
28:5	11	under		6	תַחְתֶּ֗יהָ		global-review-known-rendering	safe	0.6589	approved	0				global known-rendering assignment; lexical score 0.51
28:5	21	fire		9	אֵֽשׁ		global-review-known-rendering	safe	0.6966	approved	0				global known-rendering assignment; lexical score 0.55
28:6	1	Its		3	אֲבָנֶ֑יהָ		attached-word	safe	0.6381	approved	0				PossessivePronoun of 'stones'
28:6	2	stones		3	אֲבָנֶ֑יהָ		global-review-known-rendering	safe	0.7381	approved	0				global known-rendering assignment; lexical score 0.59
28:6	4	the				expands	supplied-article	safe	0.6399	approved	0				article the original does not write; rests on 'place' → 'מְקֹום'
28:6	5	place		1	מְקֹום		global-review-known-rendering	safe	0.6399	approved	0				global known-rendering assignment; lexical score 0.49
28:6	11	dust		5	עַפְרֹ֖ת		global-review-known-rendering	safe	0.7308	approved	0				global known-rendering assignment; lexical score 0.58
28:6	12	of		6	זָהָ֣ב		attached-word	safe	0.6445	approved	0				Genitive of 'gold'
28:6	13	gold		6	זָהָ֣ב		global-review-known-rendering	safe	0.7445	approved	0				global known-rendering assignment; lexical score 0.59
28:7	10	eye		8	עֵ֣ין		global-review-known-rendering	safe	0.7941	approved	0				global known-rendering assignment; lexical score 0.64
28:7	12	never		6	לֹ֥א		global-review-known-rendering	safe	0.638	approved	0				global known-rendering assignment; lexical score 0.49
28:8	5	not		1	לֹֽא		global-review-known-rendering	safe	0.6789	approved	0				global known-rendering assignment; lexical score 0.53
28:8	7	over		7	עָלָ֣יו		global-review-known-rendering	safe	0.5668	approved	0				global known-rendering assignment; lexical score 0.42
28:8	14	not		5	לֹֽא		global-review-known-rendering	safe	0.6789	approved	0				global known-rendering assignment; lexical score 0.53
28:9	4	his		5	יָדֹ֑ו		attached-word	safe	0.5696	approved	0				PossessivePronoun of 'hand'
28:9	5	hand		5	יָדֹ֑ו		global-review-known-rendering	safe	0.6696	approved	0				global known-rendering assignment; lexical score 0.52
28:9	11	mountains		9	הָרִֽים		global-review-known-rendering	safe	0.7675	approved	0				global known-rendering assignment; lexical score 0.62
28:9	13	the				expands	supplied-article	safe	0.6342	approved	0				article the original does not write; rests on 'roots' → 'שֹּׁ֣רֶשׁ'
28:9	14	roots		8	שֹּׁ֣רֶשׁ		global-review-known-rendering	safe	0.6342	approved	0				global known-rendering assignment; lexical score 0.48
28:10	10	his		10	עֵינֹֽו		attached-word	safe	0.6941	approved	0				PossessivePronoun of 'eye'
28:10	11	eye		10	עֵינֹֽו		global-review-known-rendering	safe	0.7941	approved	0				global known-rendering assignment; lexical score 0.64
28:10	12	sees		9	רָאֲתָ֥ה		global-review-known-rendering	safe	0.6681	approved	0				global known-rendering assignment; lexical score 0.52
28:10	13	everything		7	כָל		global-review-known-rendering	safe	0.6425	approved	0				global known-rendering assignment; lexical score 0.49
28:11	16	the				expands	supplied-article	safe	0.6277	approved	0				article the original does not write; rests on 'light' → 'אֹֽור'
28:11	17	light		8	אֹֽור		global-review-known-rendering	safe	0.6277	approved	0				global known-rendering assignment; lexical score 0.48
28:12	4	wisdom		3	חָכְמָה		global-review-known-rendering	safe	0.702	approved	0				global known-rendering assignment; lexical score 0.55
28:13	3	not		1	לֹא		global-review-known-rendering	safe	0.6789	approved	0				global known-rendering assignment; lexical score 0.53
28:13	12	not		6	לֹ֥א		global-review-known-rendering	safe	0.6789	approved	0				global known-rendering assignment; lexical score 0.53
28:13	14	the				expands	supplied-article	safe	0.7252	approved	0				article the original does not write; rests on 'land' → 'אֶ֣רֶץ'
28:13	15	land		9	אֶ֣רֶץ		global-review-known-rendering	safe	0.7252	approved	0				global known-rendering assignment; lexical score 0.58
28:13	16	of		11	חַיִּֽים		attached-word	safe	0.6654	approved	0				Genitive of 'living'
28:13	17	the		10	הַֽ		attached-word	safe	0.6654	approved	0				Article of 'living'
28:13	18	living		11	חַיִּֽים		global-review-known-rendering	safe	0.7654	approved	0				global known-rendering assignment; lexical score 0.62
28:14	4	say		2	אָ֭מַר		global-review-known-rendering	safe	0.7664	approved	0				global known-rendering assignment; lexical score 0.62
28:14	7	not		3	לֹ֣א		global-review-known-rendering	safe	0.6789	approved	0				global known-rendering assignment; lexical score 0.53
28:14	11	the				expands	supplied-article	safe	0.7752	approved	0				article the original does not write; rests on 'sea' → 'יָ֥ם'
28:14	12	sea		7	יָ֥ם		global-review-known-rendering	safe	0.7752	approved	0				global known-rendering assignment; lexical score 0.63
28:14	13	says		8	אָ֝מַ֗ר		global-review-known-rendering	safe	0.7797	approved	0				global known-rendering assignment; lexical score 0.63
28:15	3	not		1	לֹא		global-review-known-rendering	safe	0.6789	approved	0				global known-rendering assignment; lexical score 0.53
28:15	5	given		2	יֻתַּ֣ן		global-review-known-rendering	safe	0.6915	approved	0				global known-rendering assignment; lexical score 0.54
28:15	12	silver		8	כֶּ֣סֶף		global-review-known-rendering	safe	0.7716	approved	0				global known-rendering assignment; lexical score 0.62
28:16	3	not		1	לֹֽא		global-review-known-rendering	safe	0.6789	approved	0				global known-rendering assignment; lexical score 0.53
28:16	9	of		5	אֹופִ֑יר		attached-word	safe	0.61	approved	0				Genitive of 'Ophir'
28:16	10	Ophir		5	אֹופִ֑יר		global-review-known-rendering	safe	0.71	approved	0				global known-rendering assignment; lexical score 0.56
28:16	12	the				expands	supplied-article	safe	0.8	approved	0				article the original does not write; rests on 'onyx' → 'שֹׁ֖הַם'
28:16	13	onyx		7	שֹׁ֖הַם		global-review-known-rendering	safe	0.8	approved	0				global known-rendering assignment; lexical score 0.65
28:16	18	the				expands	supplied-article	safe	0.8	approved	0				article the original does not write; rests on 'sapphire' → 'סַפִּֽיר'
28:16	19	sapphire		10	סַפִּֽיר		global-review-known-rendering	safe	0.8	approved	0				global known-rendering assignment; lexical score 0.65
28:17	1	Gold		3	זָ֭הָב		global-review-known-rendering	safe	0.7445	approved	0				global known-rendering assignment; lexical score 0.59
28:17	5	not		1	לֹא		global-review-known-rendering	safe	0.6789	approved	0				global known-rendering assignment; lexical score 0.53
28:17	18	jewels		8	כְּלִי		global-review-known-rendering	safe	0.7217	approved	0				global known-rendering assignment; lexical score 0.57
28:18	16	wisdom		8	חָ֝כְמָ֗ה		global-review-known-rendering	safe	0.702	approved	0				global known-rendering assignment; lexical score 0.55
28:18	19	than		9	מִ		global-review-known-rendering	safe	0.5849	approved	0				global known-rendering assignment; lexical score 0.43
28:19	3	of		4	כּ֑וּשׁ		attached-word	safe	0.675	approved	0				Genitive of 'Ethiopia'
28:19	4	Ethiopia		4	כּ֑וּשׁ		global-review-known-rendering	safe	0.775	approved	0				global known-rendering assignment; lexical score 0.62
28:19	6	not		1	לֹֽא		global-review-known-rendering	safe	0.6789	approved	0				global known-rendering assignment; lexical score 0.53
28:19	13	not		8	לֹ֣א		global-review-known-rendering	safe	0.6789	approved	0				global known-rendering assignment; lexical score 0.53
28:19	15	valued		2	יַ֭עַרְכֶנָּה		global-review-known-rendering	safe	0.62	approved	0				global known-rendering assignment; lexical score 0.47
28:20	5	wisdom		3	חָכְמָה		global-review-known-rendering	safe	0.702	approved	0				global known-rendering assignment; lexical score 0.55
28:20	6	come		6	תָּבֹ֑וא		global-review-known-rendering	safe	0.5727	approved	0				global known-rendering assignment; lexical score 0.42
28:21	7	the				expands	supplied-article	safe	0.7852	approved	0				article the original does not write; rests on 'eyes' → 'עֵינֵ֣י'
28:21	8	eyes		4	עֵינֵ֣י		global-review-known-rendering	safe	0.7852	approved	0				global known-rendering assignment; lexical score 0.64
28:21	10	all		5	כָל		global-review-known-rendering	safe	0.7585	approved	0				global known-rendering assignment; lexical score 0.61
28:21	11	living		6	חָ֑י		global-review-known-rendering	safe	0.7654	approved	0				global known-rendering assignment; lexical score 0.62
28:21	16	of		11	שָּׁמַ֣יִם		attached-word	safe	0.6786	approved	0				Genitive of 'air'
28:21	17	the		10	הַ		attached-word	safe	0.6786	approved	0				Article of 'air'
28:21	18	air		11	שָּׁמַ֣יִם		global-review-known-rendering	safe	0.7786	approved	0				global known-rendering assignment; lexical score 0.63
28:22	4	say		4	אָ֣מְר֑וּ		global-review-known-rendering	safe	0.7664	approved	0				global known-rendering assignment; lexical score 0.62
28:22	13	our		6	אָזְנֵ֗ינוּ		attached-word	safe	0.6199	approved	0				PossessivePronoun of 'ears'
28:22	14	ears		6	אָזְנֵ֗ינוּ		global-review-known-rendering	safe	0.7199	approved	0				global known-rendering assignment; lexical score 0.57
28:23	1	God		1	אֱ֭לֹהִים		global-review-known-rendering	safe	0.6917	approved	0				global known-rendering assignment; lexical score 0.54
28:23	5	the				expands	supplied-article	safe	0.7231	approved	0				article the original does not write; rests on 'way' → 'דַּרְכָּ֑הּ'
28:23	6	way		3	דַּרְכָּ֑הּ		global-review-known-rendering	safe	0.7231	approved	0				global known-rendering assignment; lexical score 0.57
28:24	8	of		6	אָ֣רֶץ		attached-word	safe	0.6451	approved	0				Genitive of 'earth'
28:24	9	the		5	הָ		attached-word	safe	0.6451	approved	0				Article of 'earth'
28:24	10	earth		6	אָ֣רֶץ		global-review-known-rendering	safe	0.7451	approved	0				global known-rendering assignment; lexical score 0.60
28:24	13	sees		12	יִרְאֶֽה		global-review-known-rendering	safe	0.6681	approved	0				global known-rendering assignment; lexical score 0.52
28:24	14	everything		9	כָּל		global-review-known-rendering	safe	0.6425	approved	0				global known-rendering assignment; lexical score 0.49
28:24	15	under		8	תַּ֖חַת		global-review-known-rendering	safe	0.6589	approved	0				global known-rendering assignment; lexical score 0.51
28:24	16	heaven		11	שָּׁמַ֣יִם		global-review-known-rendering	safe	0.7268	approved	0				global known-rendering assignment; lexical score 0.58
28:25				7	וּ֝	omits	unrendered-conjunction	safe	0.7786	approved	0				conjunction no word of the verse renders; rests on 'waters' → 'מַ֗יִם'
28:25	4	a				expands	supplied-indefinite-article	safe	0.7481	approved	0				indefinite article; rests on 'weight' → 'מִשְׁקָ֑ל'
28:25	5	weight		6	מִשְׁקָ֑ל		global-review-known-rendering	safe	0.7481	approved	0				global known-rendering assignment; lexical score 0.60
28:25	7	the		4			attached-word	safe	0.6323	approved	0				Article of 'wind'
28:25	8	wind		5	ר֣וּחַ		global-review-known-rendering	safe	0.7323	approved	0				global known-rendering assignment; lexical score 0.58
28:25	9	measuring		11	מִדָּֽה		global-review-known-rendering	safe	0.8	approved	0				global known-rendering assignment; lexical score 0.65
28:25	11	the				expands	supplied-article	safe	0.7786	approved	0				article the original does not write; rests on 'waters' → 'מַ֗יִם'
28:25	12	waters		8	מַ֗יִם		global-review-known-rendering	safe	0.7786	approved	0				global known-rendering assignment; lexical score 0.63
28:26	10	a				expands	supplied-indefinite-article	safe	0.7231	approved	0				indefinite article; rests on 'way' → 'דֶ֗רֶךְ'
28:26	11	way		8	דֶ֗רֶךְ		global-review-known-rendering	safe	0.7231	approved	0				global known-rendering assignment; lexical score 0.57
28:27	3	saw		2	רָ֭אָהּ		global-review-known-rendering	safe	0.7195	approved	0				global known-rendering assignment; lexical score 0.57
28:28	3	said		2	יֹּ֤אמֶר		global-review-known-rendering	safe	0.7772	approved	0				global known-rendering assignment; lexical score 0.63
28:28	13	wisdom		10	חָכְמָ֑ה		global-review-known-rendering	safe	0.702	approved	0				global known-rendering assignment; lexical score 0.55
28:28	18	evil		14	רָ֣ע		global-review-known-rendering	safe	0.7316	approved	0				global known-rendering assignment; lexical score 0.58
29:1	2	Job		3	אִ֭יֹּוב		global-review-known-rendering	safe	0.7845	approved	0				global known-rendering assignment; lexical score 0.63
29:1	9	said		7	יֹּאמַֽר		global-review-known-rendering	safe	0.7772	approved	0				global known-rendering assignment; lexical score 0.63
29:2	17	the				expands	supplied-article	safe	0.7783	approved	0				article the original does not write; rests on 'days' → 'ימֵ֗י'
29:2	18	days		7	ימֵ֗י		global-review-known-rendering	safe	0.7783	approved	0				global known-rendering assignment; lexical score 0.63
29:3	6	over		4	עֲלֵ֣י		global-review-known-rendering	safe	0.5668	approved	0				global known-rendering assignment; lexical score 0.42
29:3	7	my		5	רֹאשִׁ֑י		attached-word	safe	0.6391	approved	0				PossessivePronoun of 'head'
29:3	8	head		5	רֹאשִׁ֑י		global-review-known-rendering	safe	0.7391	approved	0				global known-rendering assignment; lexical score 0.59
29:3	17	his		7	אֹורֹו		attached-word	safe	0.5267	approved	0				PossessivePronoun of 'light'
29:3	18	light		7	אֹורֹו		global-review-known-rendering	safe	0.6267	approved	0				global known-rendering assignment; lexical score 0.48
29:4	9	my		11	אָהֳלִֽי		attached-word	safe	0.6308	approved	0				PossessivePronoun of 'tent'
29:4	10	tent		11	אָהֳלִֽי		global-review-known-rendering	safe	0.7308	approved	0				global known-rendering assignment; lexical score 0.58
29:5	14	round		5	סְבִ֖יבֹותַ֣י		global-review-known-rendering	safe	0.7207	approved	0				global known-rendering assignment; lexical score 0.57
29:6	5	washed		2	רְחֹ֣ץ		global-review-known-rendering	safe	0.59	approved	0				global known-rendering assignment; lexical score 0.44
29:6	10	of		11	שָֽׁמֶן		attached-word	safe	0.6223	approved	0				Genitive of 'oil'
29:6	11	oil		11	שָֽׁמֶן		global-review-known-rendering	safe	0.7223	approved	0				global known-rendering assignment; lexical score 0.57
29:7	19	the		7			attached-word	safe	0.625	approved	0				Article of 'public'
29:7	20	public		8	רְחֹ֗וב		global-review-known-rendering	safe	0.725	approved	0				global known-rendering assignment; lexical score 0.57
29:8	4	saw		1	רָא֣וּנִי		global-review-known-rendering	safe	0.7191	approved	0				global known-rendering assignment; lexical score 0.57
29:9	10	their		9	פִיהֶֽם		attached-word	safe	0.6357	approved	0				PossessivePronoun of 'mouths'
29:9	11	mouths		9	פִיהֶֽם		global-review-known-rendering	safe	0.7357	approved	0				global known-rendering assignment; lexical score 0.59
29:10	8	their		5	לְשֹׁונָ֗ם		attached-word	safe	0.7	approved	0				PossessivePronoun of 'tongues'
29:10	9	tongues		5	לְשֹׁונָ֗ם		global-review-known-rendering	safe	0.8	approved	0				global known-rendering assignment; lexical score 0.65
29:11	7	ears		2	אֹ֣זֶן		global-review-known-rendering	safe	0.7206	approved	0				global known-rendering assignment; lexical score 0.57
29:11	18	eyes		7	עַ֥יִן		global-review-known-rendering	safe	0.7842	approved	0				global known-rendering assignment; lexical score 0.63
29:11	19	saw		8	רָ֝אֲתָ֗ה		global-review-known-rendering	safe	0.7191	approved	0				global known-rendering assignment; lexical score 0.57
29:13	1	The				expands	supplied-article	safe	0.7654	approved	0				article the original does not write; rests on 'blessing' → 'בִּרְכַּ֣ת'
29:13	2	blessing		1	בִּרְכַּ֣ת		global-review-known-rendering	safe	0.7654	approved	0				global known-rendering assignment; lexical score 0.62
29:13	21	the				expands	supplied-article	safe	0.575	approved	0				article the original does not write; rests on 'widow's' → 'אַלְמָנָ֣ה'
29:13	22	widow's		7	אַלְמָנָ֣ה		global-review-known-rendering	safe	0.575	approved	0				global known-rendering assignment; lexical score 0.43
29:13	23	heart		6	לֵ֖ב		global-review-known-rendering	safe	0.6439	approved	0				global known-rendering assignment; lexical score 0.49
29:14	18	a				expands	supplied-indefinite-article	safe	0.7289	approved	0				indefinite article; rests on 'robe' → 'מְעִ֥יל'
29:14	19	robe		6	מְעִ֥יל		global-review-known-rendering	safe	0.7289	approved	0				global known-rendering assignment; lexical score 0.58
29:15	3	eyes		1	עֵינַ֣יִם		global-review-known-rendering	safe	0.7842	approved	0				global known-rendering assignment; lexical score 0.63
29:15	5	the		4			attached-word	safe	0.65	approved	0				Article of 'blind'
29:15	6	blind		5	עִוֵּ֑ר		global-review-known-rendering	safe	0.75	approved	0				global known-rendering assignment; lexical score 0.60
29:15	8	feet		7	רַגְלַ֖יִם		global-review-known-rendering	safe	0.7368	approved	0				global known-rendering assignment; lexical score 0.59
29:16	3	a				expands	supplied-indefinite-article	safe	0.7635	approved	0				indefinite article; rests on 'father' → 'אָ֣ב'
29:16	4	father		1	אָ֣ב		global-review-known-rendering	safe	0.7635	approved	0				global known-rendering assignment; lexical score 0.61
29:17	5	teeth		7	שִּׁנָּ֗יו		global-review-known-rendering	safe	0.7125	approved	0				global known-rendering assignment; lexical score 0.56
29:18				6	וְ֝	omits	unrendered-conjunction	safe	0.646	approved	0				conjunction no word of the verse renders; rests on 'the' → ''
29:18	3	said		2	אֹמַר		global-review-known-rendering	safe	0.7772	approved	0				global known-rendering assignment; lexical score 0.63
29:18	16	days		11	יָמִֽים		global-review-known-rendering	safe	0.7783	approved	0				global known-rendering assignment; lexical score 0.63
29:18	20	the		8			attached-word	safe	0.646	approved	0				Article of 'sand'
29:18	21	sand		9	חֹ֗ול		global-review-known-rendering	safe	0.746	approved	0				global known-rendering assignment; lexical score 0.60
29:19	1	My		1	שָׁרְשִׁ֣י		attached-word	safe	0.5138	approved	0				PossessivePronoun of 'root'
29:19	2	root		1	שָׁרְשִׁ֣י		global-review-known-rendering	safe	0.6138	approved	0				global known-rendering assignment; lexical score 0.46
29:19	5	open		2	פָת֣וּחַ		global-review-known-rendering	safe	0.5706	approved	0				global known-rendering assignment; lexical score 0.42
29:19	7	the				expands	supplied-article	safe	0.7786	approved	0				article the original does not write; rests on 'waters' → 'מָ֑יִם'
29:19	8	waters		4	מָ֑יִם		global-review-known-rendering	safe	0.7786	approved	0				global known-rendering assignment; lexical score 0.63
29:20	1	My		1	כְּ֭בֹודִי		attached-word	safe	0.55	approved	0				PossessivePronoun of 'glory'
29:20	2	glory		1	כְּ֭בֹודִי		global-review-known-rendering	safe	0.65	approved	0				global known-rendering assignment; lexical score 0.50
29:20	6	new		2	חָדָ֣שׁ		global-review-known-rendering	safe	0.6108	approved	0				global known-rendering assignment; lexical score 0.46
29:20	8	my		5	קַשְׁתִּ֗י		attached-word	safe	0.521	approved	0				PossessivePronoun of 'bow'
29:20	9	bow		5	קַשְׁתִּ֗י		global-review-known-rendering	safe	0.621	approved	0				global known-rendering assignment; lexical score 0.47
29:20	15	my		7	יָדִ֥י		attached-word	safe	0.5698	approved	0				PossessivePronoun of 'hand'
29:20	16	hand		7	יָדִ֥י		global-review-known-rendering	safe	0.6698	approved	0				global known-rendering assignment; lexical score 0.52
29:22	1	After		1	אַחֲרֵ֣י		global-review-known-rendering	safe	0.5885	approved	0				global known-rendering assignment; lexical score 0.44
29:22	15	my		2	דְ֭בָרִי		attached-word	safe	0.6186	approved	0				PossessivePronoun of 'words'
29:22	16	words		2	דְ֭בָרִי		global-review-known-rendering	safe	0.7186	approved	0				global known-rendering assignment; lexical score 0.57
29:23				7	וּ֝	omits	unrendered-conjunction	safe	0.7357	approved	0				conjunction no word of the verse renders; rests on 'mouths' → 'פִיהֶ֗ם'
29:23	11	their		8	פִיהֶ֗ם		attached-word	safe	0.6357	approved	0				PossessivePronoun of 'mouths'
29:23	12	mouths		8	פִיהֶ֗ם		global-review-known-rendering	safe	0.7357	approved	0				global known-rendering assignment; lexical score 0.59
29:24	12	the				expands	supplied-article	safe	0.6267	approved	0				article the original does not write; rests on 'light' → 'אֹ֥ור'
29:24	13	light		6	אֹ֥ור		global-review-known-rendering	safe	0.6267	approved	0				global known-rendering assignment; lexical score 0.48
29:24	14	of		7	פָּ֝נַ֗י		attached-word	safe	0.5392	approved	0				Genitive of 'my'
29:24	15	my		7	פָּ֝נַ֗י		attached-word	safe	0.6392	approved	0				PossessivePronoun of 'face'
29:24	16	face		7	פָּ֝נַ֗י		global-review-known-rendering	safe	0.7392	approved	0				global known-rendering assignment; lexical score 0.59
29:24	18	never		8	לֹ֣א		global-review-known-rendering	safe	0.638	approved	0				global known-rendering assignment; lexical score 0.49
29:25	6	a				expands	supplied-indefinite-article	safe	0.5874	approved	0				indefinite article; rests on 'chief' → 'רֹ֥אשׁ'
29:25	7	chief		5	רֹ֥אשׁ		global-review-known-rendering	safe	0.5874	approved	0				global known-rendering assignment; lexical score 0.44
29:25	11	their		2	דַּרְכָּם֮		attached-word	safe	0.6232	approved	0				PossessivePronoun of 'way'
29:25	12	way		2	דַּרְכָּם֮		global-review-known-rendering	safe	0.7232	approved	0				global known-rendering assignment; lexical score 0.57
29:25	17	a				expands	supplied-indefinite-article	safe	0.7534	approved	0				indefinite article; rests on 'king' → 'מֶ֣לֶךְ'
29:25	18	king		9	מֶ֣לֶךְ		global-review-known-rendering	safe	0.7534	approved	0				global known-rendering assignment; lexical score 0.60
30:1	2	now		2	עַתָּ֤ה		global-review-known-rendering	safe	0.6311	approved	0				global known-rendering assignment; lexical score 0.48
30:1	7	than		6	מִמֶּ֗נִּי		global-review-known-rendering	safe	0.5841	approved	0				global known-rendering assignment; lexical score 0.43
30:1	10	sport		3	שָֽׂחֲק֣וּ		global-review-known-rendering	safe	0.575	approved	0				global known-rendering assignment; lexical score 0.43
30:1	15	fathers		11	אֲבֹותָ֑ם		global-review-known-rendering	safe	0.7882	approved	0				global known-rendering assignment; lexical score 0.64
30:1	22	the				expands	supplied-article	safe	0.8	approved	0				article the original does not write; rests on 'dogs' → 'כַּלְבֵ֥י'
30:1	23	dogs		15	כַּלְבֵ֥י		global-review-known-rendering	safe	0.8	approved	0				global known-rendering assignment; lexical score 0.65
30:1	24	of		16	צֹאנִֽי		attached-word	safe	0.4481	approved	0				Genitive of 'my'
30:1	25	my		16	צֹאנִֽי		attached-word	safe	0.5481	approved	0				PossessivePronoun of 'flocks'
30:1	26	flocks		16	צֹאנִֽי		global-review-known-rendering	safe	0.6481	approved	0				global known-rendering assignment; lexical score 0.50
30:2	2	what		4	לָ֣מָּה		global-review-known-rendering	safe	0.6686	approved	0				global known-rendering assignment; lexical score 0.52
30:2	7	of		3	יְ֭דֵיהֶם		attached-word	safe	0.4716	approved	0				Genitive of 'their'
30:2	8	their		3	יְ֭דֵיהֶם		attached-word	safe	0.5716	approved	0				PossessivePronoun of 'hands'
30:2	9	hands		3	יְ֭דֵיהֶם		global-review-known-rendering	safe	0.6716	approved	0				global known-rendering assignment; lexical score 0.52
30:4	16	roots		7	שֹׁ֖רֶשׁ		global-review-known-rendering	safe	0.62	approved	0				global known-rendering assignment; lexical score 0.47
30:5				7		omits	unrendered-article	safe	0.6875	approved	0				article no the of the verse renders; rests on 'thieves' → 'גַּנָּֽב'
30:5	15	thieves		8	גַּנָּֽב		global-review-known-rendering	safe	0.6875	approved	0				global known-rendering assignment; lexical score 0.54
30:7	12	under		4	תַּ֖חַת		global-review-known-rendering	safe	0.6593	approved	0				global known-rendering assignment; lexical score 0.51
30:8	3	sons		1	בְּֽנֵי		global-review-known-rendering	safe	0.7675	approved	0				global known-rendering assignment; lexical score 0.62
30:8	10	a				expands	supplied-indefinite-article	safe	0.7896	approved	0				indefinite article; rests on 'name' → 'שֵׁ֑ם'
30:8	11	name		6	שֵׁ֑ם		global-review-known-rendering	safe	0.7896	approved	0				global known-rendering assignment; lexical score 0.64
30:8	18	the		9	הָ		attached-word	safe	0.6253	approved	0				Article of 'land'
30:8	19	land		10	אָֽרֶץ		global-review-known-rendering	safe	0.7253	approved	0				global known-rendering assignment; lexical score 0.58
30:9	2	now		2	עַתָּה		global-review-known-rendering	safe	0.6311	approved	0				global known-rendering assignment; lexical score 0.48
30:9	5	become		4	הָיִ֑יתִי		global-review-known-rendering	safe	0.6768	approved	0				global known-rendering assignment; lexical score 0.53
30:11	5	loose		3	פִ֭תַּח		global-review-known-rendering	safe	0.5923	approved	0				global known-rendering assignment; lexical score 0.44
30:11	18	sent		10	שִׁלֵּֽחוּ		global-review-known-rendering	safe	0.7452	approved	0				global known-rendering assignment; lexical score 0.60
30:11	25	before		9	פָּנַ֥י		global-review-known-rendering	safe	0.6581	approved	0				global known-rendering assignment; lexical score 0.51
30:15	11	the		6			attached-word	safe	0.6308	approved	0				Article of 'wind'
30:15	12	wind		7	רוּחַ		global-review-known-rendering	safe	0.7308	approved	0				global known-rendering assignment; lexical score 0.58
30:16	2	now		2	עַתָּ֗ה		global-review-known-rendering	safe	0.6311	approved	0				global known-rendering assignment; lexical score 0.48
30:16	3	my		5	נַפְשִׁ֑י		attached-word	safe	0.6932	approved	0				PossessivePronoun of 'soul'
30:16	4	soul		5	נַפְשִׁ֑י		global-review-known-rendering	safe	0.7932	approved	0				global known-rendering assignment; lexical score 0.64
30:16	11	days		7	יְמֵי		global-review-known-rendering	safe	0.7783	approved	0				global known-rendering assignment; lexical score 0.63
30:17	6	my		2	עֲ֭צָמַי		attached-word	safe	0.6617	approved	0				PossessivePronoun of 'bones'
30:17	7	bones		2	עֲ֭צָמַי		global-review-known-rendering	safe	0.7617	approved	0				global known-rendering assignment; lexical score 0.61
30:18	9	my		5	לְבוּשִׁ֑י		attached-word	safe	0.5615	approved	0				PossessivePronoun of 'clothing'
30:18	10	clothing		5	לְבוּשִׁ֑י		global-review-known-rendering	safe	0.6615	approved	0				global known-rendering assignment; lexical score 0.51
30:18	17	my		8	כֻתָּנְתִּ֣י		attached-word	safe	0.5875	approved	0				PossessivePronoun of 'coat'
30:18	18	coat		8	כֻתָּנְתִּ֣י		global-review-known-rendering	safe	0.6875	approved	0				global known-rendering assignment; lexical score 0.54
30:19				8		omits	unrendered-article	safe	0.7308	approved	0				article no the of the verse renders; rests on 'dust' → 'עָפָ֥ר'
30:19	16	dust		9	עָפָ֥ר		global-review-known-rendering	safe	0.7308	approved	0				global known-rendering assignment; lexical score 0.58
30:20	4	answer		5	תַעֲנֵ֑נִי		global-review-known-rendering	safe	0.5917	approved	0				global known-rendering assignment; lexical score 0.44
30:20	11	note		4	לֹ֣א		global-review-known-rendering	safe	0.6787	approved	0				global known-rendering assignment; lexical score 0.53
30:21	10	your		7	יָדְךָ֣		attached-word	safe	0.5695	approved	0				PossessivePronoun of 'hand'
30:21	11	hand		7	יָדְךָ֣		global-review-known-rendering	safe	0.6695	approved	0				global known-rendering assignment; lexical score 0.52
30:22	12	the				expands	supplied-article	safe	0.7308	approved	0				article the original does not write; rests on 'wind' → 'ר֖וּחַ'
30:22	13	wind		3	ר֖וּחַ		global-review-known-rendering	safe	0.7308	approved	0				global known-rendering assignment; lexical score 0.58
30:23	10	back		4	תְּשִׁיבֵ֑נִי		global-review-known-rendering	safe	0.5608	approved	0				global known-rendering assignment; lexical score 0.41
30:23	19	all		9	כָל		global-review-known-rendering	safe	0.7585	approved	0				global known-rendering assignment; lexical score 0.61
30:23	20	living		10	חָֽי		global-review-known-rendering	safe	0.7657	approved	0				global known-rendering assignment; lexical score 0.62
30:24	2	not		2	לֹא		global-review-known-rendering	safe	0.6789	approved	0				global known-rendering assignment; lexical score 0.53
30:24	4	hand		6	יָ֑ד		global-review-known-rendering	safe	0.6695	approved	0				global known-rendering assignment; lexical score 0.52
30:25	3	not		2	לֹ֣א		global-review-known-rendering	safe	0.6789	approved	0				global known-rendering assignment; lexical score 0.53
30:25	12	my		8	נַ֝פְשִׁ֗י		attached-word	safe	0.6932	approved	0				PossessivePronoun of 'soul'
30:25	13	soul		8	נַ֝פְשִׁ֗י		global-review-known-rendering	safe	0.7932	approved	0				global known-rendering assignment; lexical score 0.64
30:26	6	good		2	טֹ֣וב		global-review-known-rendering	safe	0.6856	approved	0				global known-rendering assignment; lexical score 0.54
30:26	8	evil		6	רָ֑ע		global-review-known-rendering	safe	0.7308	approved	0				global known-rendering assignment; lexical score 0.58
30:26	14	light		10	אֹ֗ור		global-review-known-rendering	safe	0.6277	approved	0				global known-rendering assignment; lexical score 0.48
30:27	11	days		7	יְמֵי		global-review-known-rendering	safe	0.7783	approved	0				global known-rendering assignment; lexical score 0.63
30:29	3	become		2	הָיִ֣יתִי		global-review-known-rendering	safe	0.6768	approved	0				global known-rendering assignment; lexical score 0.53
30:29	4	a				expands	supplied-indefinite-article	safe	0.7719	approved	0				indefinite article; rests on 'brother' → 'אָ֭ח'
30:29	5	brother		1	אָ֭ח		global-review-known-rendering	safe	0.7719	approved	0				global known-rendering assignment; lexical score 0.62
30:29	7	the				expands	supplied-article	safe	0.725	approved	0				article the original does not write; rests on 'jackals' → 'תַנִּ֑ים'
30:29	8	jackals		4	תַנִּ֑ים		global-review-known-rendering	safe	0.725	approved	0				global known-rendering assignment; lexical score 0.57
30:30	1	My		1	עֹ֖ורִי		attached-word	safe	0.6662	approved	0				PossessivePronoun of 'skin'
30:30	2	skin		1	עֹ֖ורִי		global-review-known-rendering	safe	0.7663	approved	0				global known-rendering assignment; lexical score 0.62
30:30	10	my		6	עַצְמִי		attached-word	safe	0.6617	approved	0				PossessivePronoun of 'bones'
30:30	11	bones		6	עַצְמִי		global-review-known-rendering	safe	0.7617	approved	0				global known-rendering assignment; lexical score 0.61
30:31	10	the				expands	supplied-article	safe	0.6131	approved	0				article the original does not write; rests on 'sound' → 'קֹ֣ול'
30:31	11	sound		9	קֹ֣ול		global-review-known-rendering	safe	0.6131	approved	0				global known-rendering assignment; lexical score 0.46
31:1	6	my		4	עֵינָ֑י		attached-word	safe	0.6841	approved	0				PossessivePronoun of 'eyes'
31:1	7	eyes		4	עֵינָ֑י		global-review-known-rendering	safe	0.7841	approved	0				global known-rendering assignment; lexical score 0.63
31:1	16	a				expands	supplied-indefinite-article	safe	0.764	approved	0				indefinite article; rests on 'virgin' → 'בְּתוּלָֽה'
31:1	17	virgin		9	בְּתוּלָֽה		global-review-known-rendering	safe	0.764	approved	0				global known-rendering assignment; lexical score 0.61
31:2	2	what		2	מֶ֤ה		global-review-known-rendering	safe	0.6679	approved	0				global known-rendering assignment; lexical score 0.52
31:2	10	the				expands	supplied-article	safe	0.74	approved	0				article the original does not write; rests on 'heritage' → 'נַחֲלַ֥ת'
31:2	11	heritage		8	נַחֲלַ֥ת		global-review-known-rendering	safe	0.74	approved	0				global known-rendering assignment; lexical score 0.59
31:3	3	not		2	לֹא		global-review-known-rendering	safe	0.6789	approved	0				global known-rendering assignment; lexical score 0.53
31:4	3	not		2	לֹא		global-review-known-rendering	safe	0.6789	approved	0				global known-rendering assignment; lexical score 0.53
31:4	4	see		4	יִרְאֶ֣ה		global-review-known-rendering	safe	0.7063	approved	0				global known-rendering assignment; lexical score 0.56
31:4	5	my		5	דְרָכָ֑י		attached-word	safe	0.6155	approved	0				PossessivePronoun of 'ways'
31:4	6	ways		5	דְרָכָ֑י		global-review-known-rendering	safe	0.7155	approved	0				global known-rendering assignment; lexical score 0.57
31:4	12	all		7	כָל		global-review-known-rendering	safe	0.7585	approved	0				global known-rendering assignment; lexical score 0.61
31:5	1	If		1	אִם		global-review-known-rendering	safe	0.6392	approved	0				global known-rendering assignment; lexical score 0.49
31:5	9	my		9	רַגְלִֽי		attached-word	safe	0.5957	approved	0				PossessivePronoun of 'foot'
31:5	10	foot		9	רַגְלִֽי		global-review-known-rendering	safe	0.6957	approved	0				global known-rendering assignment; lexical score 0.55
31:5	16	deceit		8	מִרְמָ֣ה		global-review-known-rendering	safe	0.6293	approved	0				global known-rendering assignment; lexical score 0.48
31:7	1	If		1	אִ֥ם		global-review-known-rendering	safe	0.6392	approved	0				global known-rendering assignment; lexical score 0.49
31:7	9	the		5	הַ֫		attached-word	safe	0.6232	approved	0				Article of 'way'
31:7	10	way		6	דָּ֥רֶךְ		global-review-known-rendering	safe	0.7232	approved	0				global known-rendering assignment; lexical score 0.57
31:7	13	my		11	לִבִּ֑י		attached-word	safe	0.5435	approved	0				PossessivePronoun of 'heart'
31:7	14	heart		11	לִבִּ֑י		global-review-known-rendering	safe	0.6435	approved	0				global known-rendering assignment; lexical score 0.49
31:7	16	after		8	אַחַ֣ר		global-review-known-rendering	safe	0.5885	approved	0				global known-rendering assignment; lexical score 0.44
31:7	17	my		9	עֵ֭ינַי		attached-word	safe	0.6841	approved	0				PossessivePronoun of 'eyes'
31:7	18	eyes		9	עֵ֭ינַי		global-review-known-rendering	safe	0.7841	approved	0				global known-rendering assignment; lexical score 0.63
31:9	1	If		1	אִם		global-review-known-rendering	safe	0.6392	approved	0				global known-rendering assignment; lexical score 0.49
31:9	2	my		3	לִ֭בִּי		attached-word	safe	0.5435	approved	0				PossessivePronoun of 'heart'
31:9	3	heart		3	לִ֭בִּי		global-review-known-rendering	safe	0.6435	approved	0				global known-rendering assignment; lexical score 0.49
31:9	8	wife		5	אִשָּׁ֑ה		global-review-known-rendering	safe	0.7827	approved	0				global known-rendering assignment; lexical score 0.63
31:9	16	my		9	רֵעִ֣י		attached-word	safe	0.61	approved	0				PossessivePronoun of 'neighbour's'
31:9	17	neighbour's		9	רֵעִ֣י		global-review-known-rendering	safe	0.71	approved	0				global known-rendering assignment; lexical score 0.56
31:9	18	door		8	פֶּ֖תַח		global-review-known-rendering	safe	0.6788	approved	0				global known-rendering assignment; lexical score 0.53
31:10	3	my		4	אִשְׁתִּ֑י		attached-word	safe	0.6827	approved	0				PossessivePronoun of 'wife'
31:10	4	wife		4	אִשְׁתִּ֑י		global-review-known-rendering	safe	0.7827	approved	0				global known-rendering assignment; lexical score 0.63
31:10	12	others		8	אֲחֵרִֽין		global-review-known-rendering	safe	0.6773	approved	0				global known-rendering assignment; lexical score 0.53
31:11	14	punishment		6	עָוֹ֥ן		global-review-known-rendering	safe	0.62	approved	0				global known-rendering assignment; lexical score 0.47
31:12	4	a				expands	supplied-indefinite-article	safe	0.6966	approved	0				indefinite article; rests on 'fire' → 'אֵ֣שׁ'
31:12	5	fire		2	אֵ֣שׁ		global-review-known-rendering	safe	0.6966	approved	0				global known-rendering assignment; lexical score 0.55
31:12	13	all		9	כָל		global-review-known-rendering	safe	0.7585	approved	0				global known-rendering assignment; lexical score 0.61
31:13	1	If		1	אִם		global-review-known-rendering	safe	0.6392	approved	0				global known-rendering assignment; lexical score 0.49
31:14	1	What		2	מָ֣ה		global-review-known-rendering	safe	0.6679	approved	0				global known-rendering assignment; lexical score 0.52
31:14	5	do		3	אֶֽ֭עֱשֶׂה		global-review-known-rendering	safe	0.6282	approved	0				global known-rendering assignment; lexical score 0.48
31:14	13	what		10	מָ֣ה		global-review-known-rendering	safe	0.6679	approved	0				global known-rendering assignment; lexical score 0.52
31:15	2	not		2	לֹא		global-review-known-rendering	safe	0.6789	approved	0				global known-rendering assignment; lexical score 0.53
31:16				6	וְ	omits	unrendered-conjunction	safe	0.7942	approved	0				conjunction no word of the verse renders; rests on 'eye' → 'עֵינֵ֖י'
31:16	1	If		1	אִם		global-review-known-rendering	safe	0.6392	approved	0				global known-rendering assignment; lexical score 0.49
31:16	11	the				expands	supplied-article	safe	0.6071	approved	0				article the original does not write; rests on 'widow's' → 'אַלְמָנָ֣ה'
31:16	12	widow's		8	אַלְמָנָ֣ה		global-review-known-rendering	safe	0.6071	approved	0				global known-rendering assignment; lexical score 0.46
31:16	13	eye		7	עֵינֵ֖י		global-review-known-rendering	safe	0.7942	approved	0				global known-rendering assignment; lexical score 0.64
31:17	10	not		7	לֹא		global-review-known-rendering	safe	0.6789	approved	0				global known-rendering assignment; lexical score 0.53
31:18	10	a				expands	supplied-indefinite-article	safe	0.7635	approved	0				indefinite article; rests on 'father' → 'אָ֑ב'
31:18	11	father		6	אָ֑ב		global-review-known-rendering	safe	0.7635	approved	0				global known-rendering assignment; lexical score 0.61
31:18	23	of		10	אִמִּ֣י		attached-word	safe	0.5599	approved	0				Genitive of 'my'
31:18	24	my		10	אִמִּ֣י		attached-word	safe	0.6599	approved	0				PossessivePronoun of 'mother'
31:18	25	mother		10	אִמִּ֣י		global-review-known-rendering	safe	0.7599	approved	0				global known-rendering assignment; lexical score 0.61
31:19	1	If		1	אִם		global-review-known-rendering	safe	0.6392	approved	0				global known-rendering assignment; lexical score 0.49
31:19	3	saw		2	אֶרְאֶ֣ה		global-review-known-rendering	safe	0.7193	approved	0				global known-rendering assignment; lexical score 0.57
31:19	11	clothing		6	לְב֑וּשׁ		global-review-known-rendering	safe	0.65	approved	0				global known-rendering assignment; lexical score 0.50
31:20	1	If		1	אִם		global-review-known-rendering	safe	0.6392	approved	0				global known-rendering assignment; lexical score 0.49
31:20	5	not		2	לֹ֣א		global-review-known-rendering	safe	0.6789	approved	0				global known-rendering assignment; lexical score 0.53
31:20	20	warm		9	יִתְחַמָּֽם		global-review-known-rendering	safe	0.575	approved	0				global known-rendering assignment; lexical score 0.43
31:21	1	If		1	אִם		global-review-known-rendering	safe	0.6392	approved	0				global known-rendering assignment; lexical score 0.49
31:21	2	my		5	יָדִ֑י		attached-word	safe	0.5695	approved	0				PossessivePronoun of 'hand'
31:21	3	hand		5	יָדִ֑י		global-review-known-rendering	safe	0.6695	approved	0				global known-rendering assignment; lexical score 0.52
31:21	17	saw		7	אֶרְאֶ֥ה		global-review-known-rendering	safe	0.7193	approved	0				global known-rendering assignment; lexical score 0.57
31:23	16	not		9	לֹ֣א		global-review-known-rendering	safe	0.6789	approved	0				global known-rendering assignment; lexical score 0.53
31:24	1	If		1	אִם		global-review-known-rendering	safe	0.6392	approved	0				global known-rendering assignment; lexical score 0.49
31:24	4	gold		3	זָהָ֣ב		global-review-known-rendering	safe	0.7418	approved	0				global known-rendering assignment; lexical score 0.59
31:24	11	said		9	אָמַ֥רְתִּי		global-review-known-rendering	safe	0.7772	approved	0				global known-rendering assignment; lexical score 0.63
31:25	1	If		1	אִם		global-review-known-rendering	safe	0.6392	approved	0				global known-rendering assignment; lexical score 0.49
31:25	4	glad		2	אֶ֭שְׂמַח		global-review-known-rendering	safe	0.6052	approved	0				global known-rendering assignment; lexical score 0.46
31:25	12	my		10	יָדִֽי		attached-word	safe	0.5695	approved	0				PossessivePronoun of 'hand'
31:25	13	hand		10	יָדִֽי		global-review-known-rendering	safe	0.6695	approved	0				global known-rendering assignment; lexical score 0.52
31:26	1	If		1	אִם		global-review-known-rendering	safe	0.6392	approved	0				global known-rendering assignment; lexical score 0.49
31:26	4	saw		2	אֶרְאֶ֣ה		global-review-known-rendering	safe	0.7193	approved	0				global known-rendering assignment; lexical score 0.57
31:26	9	the				expands	supplied-article	safe	0.6385	approved	0				article the original does not write; rests on 'moon' → 'יָרֵ֗חַ'
31:26	10	moon		7	יָרֵ֗חַ		global-review-known-rendering	safe	0.6385	approved	0				global known-rendering assignment; lexical score 0.49
31:27	8	my		6	לִבִּ֑י		attached-word	safe	0.5435	approved	0				PossessivePronoun of 'heart'
31:27	9	heart		6	לִבִּ֑י		global-review-known-rendering	safe	0.6435	approved	0				global known-rendering assignment; lexical score 0.49
31:27	11	my		9	יָדִ֣י		attached-word	safe	0.5695	approved	0				PossessivePronoun of 'hand'
31:27	12	hand		9	יָדִ֣י		global-review-known-rendering	safe	0.6695	approved	0				global known-rendering assignment; lexical score 0.52
31:27	16	my		11	פִֽי		attached-word	safe	0.6146	approved	0				PossessivePronoun of 'mouth'
31:27	17	mouth		11	פִֽי		global-review-known-rendering	safe	0.7146	approved	0				global known-rendering assignment; lexical score 0.56
31:28	11	punishment		3	עָוֹ֣ן		global-review-known-rendering	safe	0.62	approved	0				global known-rendering assignment; lexical score 0.47
31:29	1	If		1	אִם		global-review-known-rendering	safe	0.6392	approved	0				global known-rendering assignment; lexical score 0.49
31:29	4	glad		2	אֶ֭שְׂמַח		global-review-known-rendering	safe	0.6052	approved	0				global known-rendering assignment; lexical score 0.46
31:29	17	evil		10	רָֽע		global-review-known-rendering	safe	0.731	approved	0				global known-rendering assignment; lexical score 0.58
31:30				1	וְ	omits	unrendered-conjunction	safe	0.6789	approved	0				conjunction no word of the verse renders; rests on 'not' → 'לֹא'
31:30	4	not		2	לֹא		global-review-known-rendering	safe	0.6789	approved	0				global known-rendering assignment; lexical score 0.53
31:30	8	give		3	נָתַ֣תִּי		global-review-known-rendering	safe	0.6519	approved	0				global known-rendering assignment; lexical score 0.50
31:31	1	If		1	אִם		global-review-known-rendering	safe	0.6392	approved	0				global known-rendering assignment; lexical score 0.49
31:31	4	of		5	אָהֳלִ֑י		attached-word	safe	0.5308	approved	0				Genitive of 'my'
31:31	5	my		5	אָהֳלִ֑י		attached-word	safe	0.6308	approved	0				PossessivePronoun of 'tent'
31:31	6	tent		5	אָהֳלִ֑י		global-review-known-rendering	safe	0.7308	approved	0				global known-rendering assignment; lexical score 0.58
31:31	8	not		2	לֹ֣א		global-review-known-rendering	safe	0.6789	approved	0				global known-rendering assignment; lexical score 0.53
31:31	9	say		3	אָ֭מְרוּ		global-review-known-rendering	safe	0.7664	approved	0				global known-rendering assignment; lexical score 0.62
31:31	10	Who		6	מִֽי		global-review-known-rendering	safe	0.5992	approved	0				global known-rendering assignment; lexical score 0.45
31:31	12	not		10	לֹ֣א		global-review-known-rendering	safe	0.6789	approved	0				global known-rendering assignment; lexical score 0.53
31:32	4	not		4	לֹא		global-review-known-rendering	safe	0.6789	approved	0				global known-rendering assignment; lexical score 0.53
31:32	13	my		7	דְּ֝לָתַ֗י		attached-word	safe	0.5911	approved	0				PossessivePronoun of 'doors'
31:32	14	doors		7	דְּ֝לָתַ֗י		global-review-known-rendering	safe	0.6911	approved	0				global known-rendering assignment; lexical score 0.54
31:32	16	open		11	אֶפְתָּֽח		global-review-known-rendering	safe	0.5706	approved	0				global known-rendering assignment; lexical score 0.42
31:33	1	If		1	אִם		global-review-known-rendering	safe	0.6392	approved	0				global known-rendering assignment; lexical score 0.49
31:33	7	covered		2	כִּסִּ֣יתִי		global-review-known-rendering	safe	0.6005	approved	0				global known-rendering assignment; lexical score 0.45
31:34	13	families		7	מִשְׁפָּחֹ֥ות		global-review-known-rendering	safe	0.7631	approved	0				global known-rendering assignment; lexical score 0.61
31:34	26	not		11	לֹא		global-review-known-rendering	safe	0.6789	approved	0				global known-rendering assignment; lexical score 0.53
31:34	31	door		13	פָֽתַח		global-review-known-rendering	safe	0.6788	approved	0				global known-rendering assignment; lexical score 0.53
31:35	5	give		2	יִתֶּן		global-review-known-rendering	safe	0.6519	approved	0				global known-rendering assignment; lexical score 0.50
31:35	17	an				expands	supplied-indefinite-article	safe	0.592	approved	0				indefinite article; rests on 'answer' → 'יַעֲנֵ֑נִי'
31:35	18	answer		9	יַעֲנֵ֑נִי		global-review-known-rendering	safe	0.592	approved	0				global known-rendering assignment; lexical score 0.44
31:37	5	the				expands	supplied-article	safe	0.6443	approved	0				article the original does not write; rests on 'number' → 'מִסְפַּ֣ר'
31:37	6	number		1	מִסְפַּ֣ר		global-review-known-rendering	safe	0.6443	approved	0				global known-rendering assignment; lexical score 0.49
31:38	1	If		1	אִם		global-review-known-rendering	safe	0.6392	approved	0				global known-rendering assignment; lexical score 0.49
31:39	1	If		1	אִם		global-review-known-rendering	safe	0.6392	approved	0				global known-rendering assignment; lexical score 0.49
31:40	13	of		7	שְׂעֹרָ֥ה		attached-word	safe	0.7	approved	0				Genitive of 'barley'
31:40	14	barley		7	שְׂעֹרָ֥ה		global-review-known-rendering	safe	0.8	approved	0				global known-rendering assignment; lexical score 0.65
32:1				6	הָ֭	omits	unrendered-article	safe	0.7108	approved	0				article no the of the verse renders; rests on 'these' → 'אֵלֶּה'
32:1				10	אֶת	omits	unrendered-object-marker	safe	0.7833	approved	0				object marker; rests on 'Job' → 'אִיֹּ֑וב'
32:1	2	these		7	אֵלֶּה		global-review-known-rendering	safe	0.7108	approved	0				global known-rendering assignment; lexical score 0.56
32:1	3	three		3	שְׁלֹ֤שֶׁת		global-review-known-rendering	safe	0.7754	approved	0				global known-rendering assignment; lexical score 0.63
32:1	10	Job		11	אִיֹּ֑וב		global-review-known-rendering	safe	0.7833	approved	0				global known-rendering assignment; lexical score 0.63
32:2	2	Elihu		4	אֱלִיה֣וּא		global-review-known-rendering	safe	0.8	approved	0				global known-rendering assignment; lexical score 0.65
32:2	3	the				expands	supplied-article	safe	0.7887	approved	0				article the original does not write; rests on 'son' → 'בֶן'
32:2	4	son		5	בֶן		global-review-known-rendering	safe	0.7887	approved	0				global known-rendering assignment; lexical score 0.64
32:2	10	the				expands	supplied-article	safe	0.7537	approved	0				article the original does not write; rests on 'family' → 'מִּשְׁפַּ֢חַ֫ת'
32:2	11	family		10	מִּשְׁפַּ֢חַ֫ת		global-review-known-rendering	safe	0.7537	approved	0				global known-rendering assignment; lexical score 0.60
32:2	20	Job		13	אִיֹּוב		global-review-known-rendering	safe	0.7833	approved	0				global known-rendering assignment; lexical score 0.63
32:2	28	than		19	מֵ		global-review-known-rendering	safe	0.5845	approved	0				global known-rendering assignment; lexical score 0.43
32:2	29	God		20	אֱלֹהִֽים		global-review-known-rendering	safe	0.6919	approved	0				global known-rendering assignment; lexical score 0.54
32:3				14	אֶת	omits	unrendered-object-marker	safe	0.7836	approved	0				object marker; rests on 'Job's' → 'אִיֹּֽוב'
32:3	7	three		3	שְׁלֹ֣שֶׁת		global-review-known-rendering	safe	0.7754	approved	0				global known-rendering assignment; lexical score 0.63
32:3	21	not		9	לֹא		global-review-known-rendering	safe	0.6791	approved	0				global known-rendering assignment; lexical score 0.53
32:3	23	Job's		15	אִיֹּֽוב		global-review-known-rendering	safe	0.7836	approved	0				global known-rendering assignment; lexical score 0.63
32:4				4	אֶת	omits	unrendered-object-marker	safe	0.7833	approved	0				object marker; rests on 'Job' → 'אִ֭יֹּוב'
32:4	2	Elihu		2	אֱלִיה֗וּ		global-review-known-rendering	safe	0.8	approved	0				global known-rendering assignment; lexical score 0.65
32:4	7	Job		5	אִ֭יֹּוב		global-review-known-rendering	safe	0.7833	approved	0				global known-rendering assignment; lexical score 0.63
32:4	14	than		11	מִמֶּ֣נּוּ		global-review-known-rendering	safe	0.5845	approved	0				global known-rendering assignment; lexical score 0.43
32:5				1	וַ	omits	unrendered-conjunction	safe	0.7193	approved	0				conjunction no word of the verse renders; rests on 'saw' → 'יַּ֤רְא'
32:5	3	Elihu		3	אֱלִיה֗וּא		global-review-known-rendering	safe	0.8	approved	0				global known-rendering assignment; lexical score 0.65
32:5	4	saw		2	יַּ֤רְא		global-review-known-rendering	safe	0.7193	approved	0				global known-rendering assignment; lexical score 0.57
32:5	11	the				expands	supplied-article	safe	0.7136	approved	0				article the original does not write; rests on 'mouth' → 'פִי'
32:5	12	mouth		8	פִי		global-review-known-rendering	safe	0.7136	approved	0				global known-rendering assignment; lexical score 0.56
32:5	13	of		9	שְׁלֹ֥שֶׁת		attached-word	safe	0.6754	approved	0				Genitive of 'three'
32:5	14	the				expands	supplied-article	safe	0.7754	approved	0				article the original does not write; rests on 'three' → 'שְׁלֹ֥שֶׁת'
32:5	15	three		9	שְׁלֹ֥שֶׁת		global-review-known-rendering	safe	0.7754	approved	0				global known-rendering assignment; lexical score 0.63
32:5	16	men		11	אֲנָשִׁ֗ים		global-review-known-rendering	safe	0.5623	approved	0				global known-rendering assignment; lexical score 0.41
32:6	2	Elihu		3	אֱלִיה֖וּא		global-review-known-rendering	safe	0.8	approved	0				global known-rendering assignment; lexical score 0.65
32:6	3	the				expands	supplied-article	safe	0.7887	approved	0				article the original does not write; rests on 'son' → 'בֶן'
32:6	4	son		4	בֶן		global-review-known-rendering	safe	0.7887	approved	0				global known-rendering assignment; lexical score 0.64
32:6	10	answer		2	יַּ֤עַן		global-review-known-rendering	safe	0.5975	approved	0				global known-rendering assignment; lexical score 0.45
32:6	12	said		9	יֹּ֫אמַ֥ר		global-review-known-rendering	safe	0.7772	approved	0				global known-rendering assignment; lexical score 0.63
32:6	21	so		18	כֵּ֖ן		global-review-known-rendering	safe	0.5976	approved	0				global known-rendering assignment; lexical score 0.45
32:7	2	said		1	אָ֭מַרְתִּי		global-review-known-rendering	safe	0.7772	approved	0				global known-rendering assignment; lexical score 0.63
32:7	26	years		6	שָׁ֝נִ֗ים		global-review-known-rendering	safe	0.7649	approved	0				global known-rendering assignment; lexical score 0.61
32:7	30	wisdom		8	חָכְמָֽה		global-review-known-rendering	safe	0.703	approved	0				global known-rendering assignment; lexical score 0.55
32:8	5	the				expands	supplied-article	safe	0.766	approved	0				article the original does not write; rests on 'spirit' → 'רֽוּחַ'
32:8	6	spirit		2	רֽוּחַ		global-review-known-rendering	safe	0.766	approved	0				global known-rendering assignment; lexical score 0.62
32:9	3	not		1	לֹֽא		global-review-known-rendering	safe	0.6791	approved	0				global known-rendering assignment; lexical score 0.53
32:10	1	So		1	לָכֵ֣ן		global-review-known-rendering	safe	0.5976	approved	0				global known-rendering assignment; lexical score 0.45
32:10	3	say		2	אָ֭מַרְתִּי		global-review-known-rendering	safe	0.7671	approved	0				global known-rendering assignment; lexical score 0.62
32:11	5	your		4	דִבְרֵיכֶ֗ם		attached-word	safe	0.6202	approved	0				PossessivePronoun of 'words'
32:11	6	words		4	דִבְרֵיכֶ֗ם		global-review-known-rendering	safe	0.7202	approved	0				global known-rendering assignment; lexical score 0.57
32:12	16	Job's		8	אִיֹּ֣וב		global-review-known-rendering	safe	0.7836	approved	0				global known-rendering assignment; lexical score 0.63
32:12	21	an				expands	supplied-indefinite-article	safe	0.5975	approved	0				indefinite article; rests on 'answer' → 'עֹונֶ֖ה'
32:12	22	answer		10	עֹונֶ֖ה		global-review-known-rendering	safe	0.5975	approved	0				global known-rendering assignment; lexical score 0.45
32:13	7	say		2	תֹּ֣֭אמְרוּ		global-review-known-rendering	safe	0.7671	approved	0				global known-rendering assignment; lexical score 0.62
32:13	8	Wisdom		4	חָכְמָ֑ה		global-review-known-rendering	safe	0.703	approved	0				global known-rendering assignment; lexical score 0.55
32:13	16	not		7	לֹא		global-review-known-rendering	safe	0.6791	approved	0				global known-rendering assignment; lexical score 0.53
32:13	17	man		8	אִֽישׁ		global-review-known-rendering	safe	0.6009	approved	0				global known-rendering assignment; lexical score 0.45
32:14	3	not		2	לֹא		global-review-known-rendering	safe	0.6791	approved	0				global known-rendering assignment; lexical score 0.53
32:17	5	answer		1	אַעֲנֶ֣ה		global-review-known-rendering	safe	0.5975	approved	0				global known-rendering assignment; lexical score 0.45
32:18	14	breath		5	ר֣וּחַ		global-review-known-rendering	safe	0.6364	approved	0				global known-rendering assignment; lexical score 0.49
32:19	5	wine		4	יַ֥יִן		global-review-known-rendering	safe	0.6485	approved	0				global known-rendering assignment; lexical score 0.50
32:19	8	unable		5	לֹא		global-review-known-rendering	safe	0.638	approved	0				global known-rendering assignment; lexical score 0.49
32:19	16	new		9	חֲ֝דָשִׁ֗ים		global-review-known-rendering	safe	0.6086	approved	0				global known-rendering assignment; lexical score 0.46
32:20	18	answer		8	אֶֽעֱנֶֽה		global-review-known-rendering	safe	0.5975	approved	0				global known-rendering assignment; lexical score 0.45
32:20	20	open		5	אֶפְתַּ֖ח		global-review-known-rendering	safe	0.5683	approved	0				global known-rendering assignment; lexical score 0.42
32:21	3	not		9	לֹ֣א		global-review-known-rendering	safe	0.6791	approved	0				global known-rendering assignment; lexical score 0.53
32:21	8	man		5	אִ֑ישׁ		global-review-known-rendering	safe	0.6009	approved	0				global known-rendering assignment; lexical score 0.45
32:22	4	not		2	לֹ֣א		global-review-known-rendering	safe	0.6791	approved	0				global known-rendering assignment; lexical score 0.53
32:22	18	my		8	עֹשֵֽׂנִי		attached-word	safe	0.5342	approved	0				PossessivePronoun of 'Maker'
32:22	19	Maker		8	עֹשֵֽׂנִי		global-review-known-rendering	safe	0.6342	approved	0				global known-rendering assignment; lexical score 0.48
33:1	4	Job		5	אִיֹּ֣וב		global-review-known-rendering	safe	0.7842	approved	0				global known-rendering assignment; lexical score 0.63
33:1	8	my		9	דְּבָרַ֥י		attached-word	safe	0.6202	approved	0				PossessivePronoun of 'words'
33:1	9	words		9	דְּבָרַ֥י		global-review-known-rendering	safe	0.7202	approved	0				global known-rendering assignment; lexical score 0.57
33:1	14	all		8	כָל		global-review-known-rendering	safe	0.7585	approved	0				global known-rendering assignment; lexical score 0.61
33:2	3	my		4	פִ֑י		attached-word	safe	0.6146	approved	0				PossessivePronoun of 'mouth'
33:2	4	mouth		4	פִ֑י		global-review-known-rendering	safe	0.7146	approved	0				global known-rendering assignment; lexical score 0.56
33:2	6	open		3	פָּתַ֣חְתִּי		global-review-known-rendering	safe	0.5706	approved	0				global known-rendering assignment; lexical score 0.42
33:2	7	my		6	לְשֹׁונִ֣י		attached-word	safe	0.6613	approved	0				PossessivePronoun of 'tongue'
33:2	8	tongue		6	לְשֹׁונִ֣י		global-review-known-rendering	safe	0.7613	approved	0				global known-rendering assignment; lexical score 0.61
33:3				4	וְ	omits	unrendered-conjunction	safe	0.6344	approved	0				conjunction no word of the verse renders; rests on 'knowledge' → 'דַ֥עַת'
33:3	1	My		2	לִבִּ֥י		attached-word	safe	0.5439	approved	0				PossessivePronoun of 'heart'
33:3	2	heart		2	לִבִּ֥י		global-review-known-rendering	safe	0.6439	approved	0				global known-rendering assignment; lexical score 0.49
33:3	6	knowledge		5	דַ֥עַת		global-review-known-rendering	safe	0.6344	approved	0				global known-rendering assignment; lexical score 0.48
33:3	7	my		6	שְׂ֝פָתַ֗י		attached-word	safe	0.6839	approved	0				PossessivePronoun of 'lips'
33:3	8	lips		6	שְׂ֝פָתַ֗י		global-review-known-rendering	safe	0.7839	approved	0				global known-rendering assignment; lexical score 0.63
33:4	1	The				expands	supplied-article	safe	0.7661	approved	0				article the original does not write; rests on 'spirit' → 'רֽוּחַ'
33:4	2	spirit		1	רֽוּחַ		global-review-known-rendering	safe	0.7661	approved	0				global known-rendering assignment; lexical score 0.62
33:5	1	If		1	אִם		global-review-known-rendering	safe	0.6405	approved	0				global known-rendering assignment; lexical score 0.49
33:7	5	not		3	לֹ֣א		global-review-known-rendering	safe	0.6789	approved	0				global known-rendering assignment; lexical score 0.53
33:7	12	not		8	לֹא		global-review-known-rendering	safe	0.6789	approved	0				global known-rendering assignment; lexical score 0.53
33:8	3	said		2	אָמַ֣רְתָּ		global-review-known-rendering	safe	0.7772	approved	0				global known-rendering assignment; lexical score 0.63
33:8	9	voice		6	קֹ֖ול		global-review-known-rendering	safe	0.7859	approved	0				global known-rendering assignment; lexical score 0.64
33:8	12	my		4	אָזְנָ֑י		attached-word	safe	0.6199	approved	0				PossessivePronoun of 'ears'
33:8	13	ears		4	אָזְנָ֑י		global-review-known-rendering	safe	0.7199	approved	0				global known-rendering assignment; lexical score 0.57
33:11	5	my		5	רַגְלָ֑י		attached-word	safe	0.6368	approved	0				PossessivePronoun of 'feet'
33:11	6	feet		5	רַגְלָ֑י		global-review-known-rendering	safe	0.7368	approved	0				global known-rendering assignment; lexical score 0.59
33:11	10	all		7	כָּל		global-review-known-rendering	safe	0.7585	approved	0				global known-rendering assignment; lexical score 0.61
33:12	12	than		9	מֵ		global-review-known-rendering	safe	0.585	approved	0				global known-rendering assignment; lexical score 0.43
33:13	14	answer		8	יַעֲנֶֽה		global-review-known-rendering	safe	0.592	approved	0				global known-rendering assignment; lexical score 0.44
33:13	19	words		6	דְּ֝בָרָ֗יו		global-review-known-rendering	safe	0.7202	approved	0				global known-rendering assignment; lexical score 0.57
33:14	7	one		3	אַחַ֥ת		global-review-known-rendering	safe	0.5897	approved	0				global known-rendering assignment; lexical score 0.44
33:14	11	two		8	שְׁתַּ֗יִם		global-review-known-rendering	safe	0.687	approved	0				global known-rendering assignment; lexical score 0.54
33:14	15	not		9	לֹ֣א		global-review-known-rendering	safe	0.6789	approved	0				global known-rendering assignment; lexical score 0.53
33:15	7	of		4	לַ֗יְלָה		attached-word	safe	0.6349	approved	0				Genitive of 'night'
33:15	8	the				expands	supplied-article	safe	0.7349	approved	0				article the original does not write; rests on 'night' → 'לַ֗יְלָה'
33:15	9	night		4	לַ֗יְלָה		global-review-known-rendering	safe	0.7349	approved	0				global known-rendering assignment; lexical score 0.58
33:15	15	men		9	אֲנָשִׁ֑ים		global-review-known-rendering	safe	0.5623	approved	0				global known-rendering assignment; lexical score 0.41
33:15	23	beds		13	מִשְׁכָּֽב		global-review-known-rendering	safe	0.6313	approved	0				global known-rendering assignment; lexical score 0.48
33:17	11	works		4	מַעֲשֶׂ֑ה		global-review-known-rendering	safe	0.6332	approved	0				global known-rendering assignment; lexical score 0.48
33:18	4	his		2	נַ֭פְשֹׁו		attached-word	safe	0.6921	approved	0				PossessivePronoun of 'soul'
33:18	5	soul		2	נַ֭פְשֹׁו		global-review-known-rendering	safe	0.7921	approved	0				global known-rendering assignment; lexical score 0.64
33:19	23	his		9	עֲצָמָ֣יו		attached-word	safe	0.6617	approved	0				PossessivePronoun of 'bones'
33:19	24	bones		9	עֲצָמָ֣יו		global-review-known-rendering	safe	0.7617	approved	0				global known-rendering assignment; lexical score 0.61
33:20	8	his		6	נַפְשֹׁ֗ו		attached-word	safe	0.6921	approved	0				PossessivePronoun of 'soul'
33:20	9	soul		6	נַפְשֹׁ֗ו		global-review-known-rendering	safe	0.7921	approved	0				global known-rendering assignment; lexical score 0.64
33:21	1	His		2	בְּשָׂרֹ֣ו		attached-word	safe	0.6505	approved	0				PossessivePronoun of 'flesh'
33:21	2	flesh		2	בְּשָׂרֹ֣ו		global-review-known-rendering	safe	0.7505	approved	0				global known-rendering assignment; lexical score 0.60
33:21	10	not		8	לֹ֣א		global-review-known-rendering	safe	0.6789	approved	0				global known-rendering assignment; lexical score 0.53
33:21	12	seen		9	רֻאּֽוּ		global-review-known-rendering	safe	0.7145	approved	0				global known-rendering assignment; lexical score 0.56
33:21	14	his		7	עַ֝צְמֹותָ֗יו		attached-word	safe	0.6617	approved	0				PossessivePronoun of 'bones'
33:21	15	bones		7	עַ֝צְמֹותָ֗יו		global-review-known-rendering	safe	0.7617	approved	0				global known-rendering assignment; lexical score 0.61
33:22	2	his		6	נַפְשֹׁ֑ו		attached-word	safe	0.6921	approved	0				PossessivePronoun of 'soul'
33:22	3	soul		6	נַפְשֹׁ֑ו		global-review-known-rendering	safe	0.7921	approved	0				global known-rendering assignment; lexical score 0.64
33:23	1	If		1	אִם		global-review-known-rendering	safe	0.6405	approved	0				global known-rendering assignment; lexical score 0.49
33:23	6	an				expands	supplied-indefinite-article	safe	0.7912	approved	0				indefinite article; rests on 'angel' → 'מַלְאָ֗ךְ'
33:23	7	angel		4	מַלְאָ֗ךְ		global-review-known-rendering	safe	0.7912	approved	0				global known-rendering assignment; lexical score 0.64
33:23	11	one		6	אֶחָ֥ד		global-review-known-rendering	safe	0.5897	approved	0				global known-rendering assignment; lexical score 0.44
33:23	13	the				expands	supplied-article	safe	0.6839	approved	0				article the original does not write; rests on 'thousands' → 'אָ֑לֶף'
33:23	14	thousands		8	אָ֑לֶף		global-review-known-rendering	safe	0.6839	approved	0				global known-rendering assignment; lexical score 0.53
33:24	9	says		4	יֹּ֗אמֶר		global-review-known-rendering	safe	0.7797	approved	0				global known-rendering assignment; lexical score 0.63
33:25	2	his		2	בְּשָׂרֹ֣ו		attached-word	safe	0.6505	approved	0				PossessivePronoun of 'flesh'
33:25	3	flesh		2	בְּשָׂרֹ֣ו		global-review-known-rendering	safe	0.7505	approved	0				global known-rendering assignment; lexical score 0.60
33:25	6	again		5	יָ֝שׁ֗וּב		global-review-known-rendering	safe	0.5673	approved	0				global known-rendering assignment; lexical score 0.42
33:25	12	the				expands	supplied-article	safe	0.7783	approved	0				article the original does not write; rests on 'days' → 'ימֵ֥י'
33:25	13	days		7	ימֵ֥י		global-review-known-rendering	safe	0.7783	approved	0				global known-rendering assignment; lexical score 0.63
33:26	14	sees		7	יַּ֣רְא		global-review-known-rendering	safe	0.6672	approved	0				global known-rendering assignment; lexical score 0.52
33:26	16	face		8	פָּ֭נָיו		global-review-known-rendering	safe	0.739	approved	0				global known-rendering assignment; lexical score 0.59
33:27	5	saying		5	יֹּ֗אמֶר		global-review-known-rendering	safe	0.7879	approved	0				global known-rendering assignment; lexical score 0.64
33:27	17	not		11	לֹא		global-review-known-rendering	safe	0.6789	approved	0				global known-rendering assignment; lexical score 0.53
33:28	4	soul		2	נפשׁי		global-review-known-rendering	safe	0.7921	approved	0				global known-rendering assignment; lexical score 0.64
33:28	11	sees		13	תִּרְאֶֽה		global-review-known-rendering	safe	0.6672	approved	0				global known-rendering assignment; lexical score 0.52
33:28	12	the		11			attached-word	safe	0.5267	approved	0				Article of 'light'
33:28	13	light		12	אֹ֥ור		global-review-known-rendering	safe	0.6267	approved	0				global known-rendering assignment; lexical score 0.48
33:29	4	all		2	כָּל		global-review-known-rendering	safe	0.7585	approved	0				global known-rendering assignment; lexical score 0.61
33:29	5	these		3	אֵ֭לֶּה		global-review-known-rendering	safe	0.7108	approved	0				global known-rendering assignment; lexical score 0.56
33:29	11	three		7	שָׁלֹ֣ושׁ		global-review-known-rendering	safe	0.7756	approved	0				global known-rendering assignment; lexical score 0.63
33:30	2	back		2	הָשִׁ֣יב		global-review-known-rendering	safe	0.5606	approved	0				global known-rendering assignment; lexical score 0.41
33:30	3	his		3	נַ֭פְשֹׁו		attached-word	safe	0.6921	approved	0				PossessivePronoun of 'soul'
33:30	4	soul		3	נַ֭פְשֹׁו		global-review-known-rendering	safe	0.7921	approved	0				global known-rendering assignment; lexical score 0.64
33:30	13	the				expands	supplied-article	safe	0.6267	approved	0				article the original does not write; rests on 'light' → 'אֹ֣ור'
33:30	14	light		9	אֹ֣ור		global-review-known-rendering	safe	0.6267	approved	0				global known-rendering assignment; lexical score 0.48
33:31	4	Job		2	אִיֹּ֥וב		global-review-known-rendering	safe	0.7842	approved	0				global known-rendering assignment; lexical score 0.63
33:32	1	If		1	אִם		global-review-known-rendering	safe	0.6405	approved	0				global known-rendering assignment; lexical score 0.49
33:33	1	If		1	אִם		global-review-known-rendering	safe	0.6405	approved	0				global known-rendering assignment; lexical score 0.49
33:33	15	wisdom		9	חָכְמָֽה		global-review-known-rendering	safe	0.7036	approved	0				global known-rendering assignment; lexical score 0.55
34:1	2	Elihu		3	אֱלִיה֗וּא		global-review-known-rendering	safe	0.8	approved	0				global known-rendering assignment; lexical score 0.65
34:1	4	answer		2	יַּ֥עַן		global-review-known-rendering	safe	0.5917	approved	0				global known-rendering assignment; lexical score 0.44
34:1	6	said		5	יֹּאמַֽר		global-review-known-rendering	safe	0.7772	approved	0				global known-rendering assignment; lexical score 0.63
34:2	4	wise		2	חֲכָמִ֣ים		global-review-known-rendering	safe	0.6155	approved	0				global known-rendering assignment; lexical score 0.47
34:3	6	the				expands	supplied-article	safe	0.6568	approved	0				article the original does not write; rests on 'ear' → 'אֹ֭זֶן'
34:3	7	ear		2	אֹ֭זֶן		global-review-known-rendering	safe	0.6568	approved	0				global known-rendering assignment; lexical score 0.51
34:4	21	what		6	מַה		global-review-known-rendering	safe	0.6687	approved	0				global known-rendering assignment; lexical score 0.52
34:4	23	good		7	טֹּֽוב		global-review-known-rendering	safe	0.6856	approved	0				global known-rendering assignment; lexical score 0.54
34:5	2	Job		3	אִיֹּ֣וב		global-review-known-rendering	safe	0.7836	approved	0				global known-rendering assignment; lexical score 0.63
34:5	4	said		2	אָ֭מַר		global-review-known-rendering	safe	0.7772	approved	0				global known-rendering assignment; lexical score 0.63
34:7	5	Job		4	אִיֹּ֑וב		global-review-known-rendering	safe	0.7836	approved	0				global known-rendering assignment; lexical score 0.63
34:7	8	who		1	מִי		global-review-known-rendering	safe	0.5976	approved	0				global known-rendering assignment; lexical score 0.45
34:8	8	walking		10	לֶ֗כֶת		global-review-known-rendering	safe	0.6941	approved	0				global known-rendering assignment; lexical score 0.54
34:9	4	said		2	אָ֭מַר		global-review-known-rendering	safe	0.7772	approved	0				global known-rendering assignment; lexical score 0.63
34:9	16	God		9	אֱלֹהִֽים		global-review-known-rendering	safe	0.6924	approved	0				global known-rendering assignment; lexical score 0.54
34:10	8	men		2	אַֽנֲשֵׁ֥י		global-review-known-rendering	safe	0.5621	approved	0				global known-rendering assignment; lexical score 0.41
34:11	6	man		9	אִ֝֗ישׁ		global-review-known-rendering	safe	0.6014	approved	0				global known-rendering assignment; lexical score 0.45
34:12	4	not		4	לֹֽא		global-review-known-rendering	safe	0.6791	approved	0				global known-rendering assignment; lexical score 0.53
34:12	13	not		8	לֹֽא		global-review-known-rendering	safe	0.6791	approved	0				global known-rendering assignment; lexical score 0.53
34:13	1	Who		1	מִֽי		global-review-known-rendering	safe	0.5976	approved	0				global known-rendering assignment; lexical score 0.45
34:13	3	the				expands	supplied-article	safe	0.7442	approved	0				article the original does not write; rests on 'earth' → 'אָ֑רְצָה'
34:13	4	earth		4	אָ֑רְצָה		global-review-known-rendering	safe	0.7442	approved	0				global known-rendering assignment; lexical score 0.59
34:13	13	the				expands	supplied-article	safe	0.6594	approved	0				article the original does not write; rests on 'world' → 'תֵּבֵ֥ל'
34:13	14	world		8	תֵּבֵ֥ל		global-review-known-rendering	safe	0.6594	approved	0				global known-rendering assignment; lexical score 0.51
34:14	1	If		1	אִם		global-review-known-rendering	safe	0.6405	approved	0				global known-rendering assignment; lexical score 0.49
34:14	4	his		5	רוּחֹ֥ו		attached-word	safe	0.6661	approved	0				PossessivePronoun of 'spirit'
34:14	5	spirit		5	רוּחֹ֥ו		global-review-known-rendering	safe	0.7661	approved	0				global known-rendering assignment; lexical score 0.62
34:15	1	All		2	כָּל		global-review-known-rendering	safe	0.7585	approved	0				global known-rendering assignment; lexical score 0.61
34:15	2	flesh		3	בָּשָׂ֣ר		global-review-known-rendering	safe	0.7507	approved	0				global known-rendering assignment; lexical score 0.60
34:15	13	back		9	יָשֽׁוּב		global-review-known-rendering	safe	0.5623	approved	0				global known-rendering assignment; lexical score 0.41
34:15	15	the				expands	supplied-article	safe	0.7308	approved	0				article the original does not write; rests on 'dust' → 'עָפָ֥ר'
34:15	16	dust		8	עָפָ֥ר		global-review-known-rendering	safe	0.7308	approved	0				global known-rendering assignment; lexical score 0.58
34:16				1	וְ	omits	unrendered-conjunction	safe	0.6405	approved	0				conjunction no word of the verse renders; rests on 'If' → 'אִם'
34:16	1	If		2	אִם		global-review-known-rendering	safe	0.6405	approved	0				global known-rendering assignment; lexical score 0.49
34:16	12	the				expands	supplied-article	safe	0.7859	approved	0				article the original does not write; rests on 'voice' → 'קֹ֣ול'
34:16	13	voice		8	קֹ֣ול		global-review-known-rendering	safe	0.7859	approved	0				global known-rendering assignment; lexical score 0.64
34:18	3	says		2	אֲמֹ֣ר		global-review-known-rendering	safe	0.7797	approved	0				global known-rendering assignment; lexical score 0.63
34:18	5	a				expands	supplied-indefinite-article	safe	0.7534	approved	0				indefinite article; rests on 'king' → 'מֶ֣לֶךְ'
34:18	6	king		4	מֶ֣לֶךְ		global-review-known-rendering	safe	0.7534	approved	0				global known-rendering assignment; lexical score 0.60
34:19	25	all		16	כֻּלָּֽם		global-review-known-rendering	safe	0.7585	approved	0				global known-rendering assignment; lexical score 0.61
34:19	28	of		15	יָדָ֣יו		attached-word	safe	0.4716	approved	0				Genitive of 'his'
34:19	29	his		15	יָדָ֣יו		attached-word	safe	0.5716	approved	0				PossessivePronoun of 'hands'
34:19	30	hands		15	יָדָ֣יו		global-review-known-rendering	safe	0.6716	approved	0				global known-rendering assignment; lexical score 0.52
34:20	11	of		5	לָ֥יְלָה		attached-word	safe	0.6349	approved	0				Genitive of 'night'
34:20	12	the				expands	supplied-article	safe	0.7349	approved	0				article the original does not write; rests on 'night' → 'לָ֥יְלָה'
34:20	13	night		5	לָ֥יְלָה		global-review-known-rendering	safe	0.7349	approved	0				global known-rendering assignment; lexical score 0.58
34:20	33	the				expands	supplied-article	safe	0.6696	approved	0				article the original does not write; rests on 'hand' → 'יָֽד'
34:20	34	hand		15	יָֽד		global-review-known-rendering	safe	0.6696	approved	0				global known-rendering assignment; lexical score 0.52
34:21	2	his		2	עֵ֭ינָיו		attached-word	safe	0.6842	approved	0				PossessivePronoun of 'eyes'
34:21	3	eyes		2	עֵ֭ינָיו		global-review-known-rendering	safe	0.7842	approved	0				global known-rendering assignment; lexical score 0.63
34:21	6	the				expands	supplied-article	safe	0.7169	approved	0				article the original does not write; rests on 'ways' → 'דַּרְכֵי'
34:21	7	ways		4	דַּרְכֵי		global-review-known-rendering	safe	0.7169	approved	0				global known-rendering assignment; lexical score 0.57
34:21	8	of		5	אִ֑ישׁ		attached-word	safe	0.5014	approved	0				Genitive of 'man'
34:21	9	a				expands	supplied-indefinite-article	safe	0.6014	approved	0				indefinite article; rests on 'man' → 'אִ֑ישׁ'
34:21	10	man		5	אִ֑ישׁ		global-review-known-rendering	safe	0.6014	approved	0				global known-rendering assignment; lexical score 0.45
34:21	13	sees		9	יִרְאֶֽה		global-review-known-rendering	safe	0.6684	approved	0				global known-rendering assignment; lexical score 0.52
34:21	14	all		7	כָל		global-review-known-rendering	safe	0.7585	approved	0				global known-rendering assignment; lexical score 0.61
34:22	12	the				expands	supplied-article	safe	0.7526	approved	0				article the original does not write; rests on 'workers' → 'פֹּ֣עֲלֵי'
34:22	13	workers		9	פֹּ֣עֲלֵי		global-review-known-rendering	safe	0.7526	approved	0				global known-rendering assignment; lexical score 0.60
34:23	4	not		2	לֹ֣א		global-review-known-rendering	safe	0.6791	approved	0				global known-rendering assignment; lexical score 0.53
34:23	6	man		4	אִ֭ישׁ		global-review-known-rendering	safe	0.6014	approved	0				global known-rendering assignment; lexical score 0.45
34:24	14	others		7	אֲחֵרִ֣ים		global-review-known-rendering	safe	0.6773	approved	0				global known-rendering assignment; lexical score 0.53
34:25	11	the				expands	supplied-article	safe	0.7349	approved	0				article the original does not write; rests on 'night' → 'לַ֝֗יְלָה'
34:25	12	night		6	לַ֝֗יְלָה		global-review-known-rendering	safe	0.7349	approved	0				global known-rendering assignment; lexical score 0.58
34:25	13	so		1	לָכֵ֗ן		global-review-known-rendering	safe	0.5981	approved	0				global known-rendering assignment; lexical score 0.45
34:27	6	after		6	אַחֲרָ֑יו		global-review-known-rendering	safe	0.5888	approved	0				global known-rendering assignment; lexical score 0.44
34:27	11	note		10	לֹ֣א		global-review-known-rendering	safe	0.6789	approved	0				global known-rendering assignment; lexical score 0.53
34:27	13	his		9	דְּ֝רָכָ֗יו		attached-word	safe	0.6169	approved	0				PossessivePronoun of 'ways'
34:27	14	ways		9	דְּ֝רָכָ֗יו		global-review-known-rendering	safe	0.7169	approved	0				global known-rendering assignment; lexical score 0.57
34:28	9	come		2	הָבִ֣יא		global-review-known-rendering	safe	0.5725	approved	0				global known-rendering assignment; lexical score 0.42
34:34	6	wise		7	חָ֝כָ֗ם		global-review-known-rendering	safe	0.6155	approved	0				global known-rendering assignment; lexical score 0.47
34:34	11	say		3	יֹ֣אמְרוּ		global-review-known-rendering	safe	0.7664	approved	0				global known-rendering assignment; lexical score 0.62
34:35				6	וּ֝	omits	unrendered-conjunction	safe	0.7219	approved	0				conjunction no word of the verse renders; rests on 'words' → 'דְבָרָ֗יו'
34:35	1	Job's		1	אִ֭יֹּוב		global-review-known-rendering	safe	0.7839	approved	0				global known-rendering assignment; lexical score 0.63
34:35	2	words		7	דְבָרָ֗יו		global-review-known-rendering	safe	0.7219	approved	0				global known-rendering assignment; lexical score 0.57
34:35	4	not		2	לֹא		global-review-known-rendering	safe	0.6791	approved	0				global known-rendering assignment; lexical score 0.53
34:35	7	knowledge		4	דַ֣עַת		global-review-known-rendering	safe	0.6367	approved	0				global known-rendering assignment; lexical score 0.49
34:35	10	not		8	לֹ֣א		global-review-known-rendering	safe	0.6791	approved	0				global known-rendering assignment; lexical score 0.53
34:36	2	Job		3	אִיֹּ֣וב		global-review-known-rendering	safe	0.7836	approved	0				global known-rendering assignment; lexical score 0.63
34:36	17	men		9	אַנְשֵׁי		global-review-known-rendering	safe	0.5621	approved	0				global known-rendering assignment; lexical score 0.41
34:37	5	his		4	חַטָּאתֹ֣ו		attached-word	safe	0.5133	approved	0				PossessivePronoun of 'sin'
34:37	6	sin		4	חַטָּאתֹ֣ו		global-review-known-rendering	safe	0.6133	approved	0				global known-rendering assignment; lexical score 0.46
35:1	2	Elihu		3	אֱלִיה֗וּ		global-review-known-rendering	safe	0.8	approved	0				global known-rendering assignment; lexical score 0.65
35:1	4	answer		2	יַּ֥עַן		global-review-known-rendering	safe	0.5943	approved	0				global known-rendering assignment; lexical score 0.44
35:1	6	said		5	יֹּאמַֽר		global-review-known-rendering	safe	0.7772	approved	0				global known-rendering assignment; lexical score 0.63
35:2	14	say		6	אָ֝מַ֗רְתָּ		global-review-known-rendering	safe	0.7664	approved	0				global known-rendering assignment; lexical score 0.62
35:3	1	What		3	מַה		global-review-known-rendering	safe	0.6672	approved	0				global known-rendering assignment; lexical score 0.52
35:3	2	profit		7	אֹ֝עִ֗יל		global-review-known-rendering	safe	0.6138	approved	0				global known-rendering assignment; lexical score 0.46
35:3	13	than		8	מֵֽ		global-review-known-rendering	safe	0.5846	approved	0				global known-rendering assignment; lexical score 0.43
35:5	7	the				expands	supplied-article	safe	0.7755	approved	0				article the original does not write; rests on 'heavens' → 'שָׁמַ֣יִם'
35:5	8	heavens		2	שָׁמַ֣יִם		global-review-known-rendering	safe	0.7755	approved	0				global known-rendering assignment; lexical score 0.63
35:5	13	see		4	רְאֵ֑ה		global-review-known-rendering	safe	0.7071	approved	0				global known-rendering assignment; lexical score 0.56
35:5	14	the				expands	supplied-article	safe	0.8	approved	0				article the original does not write; rests on 'skies' → 'שְׁ֝חָקִ֗ים'
35:5	15	skies		7	שְׁ֝חָקִ֗ים		global-review-known-rendering	safe	0.8	approved	0				global known-rendering assignment; lexical score 0.65
35:5	19	than		9	מִמֶּֽךָּ		global-review-known-rendering	safe	0.5846	approved	0				global known-rendering assignment; lexical score 0.43
35:6	1	If		1	אִם		global-review-known-rendering	safe	0.6407	approved	0				global known-rendering assignment; lexical score 0.49
35:6	4	done		10	תַּעֲשֶׂה		global-review-known-rendering	safe	0.6992	approved	0				global known-rendering assignment; lexical score 0.55
35:6	21	what		9	מַה		global-review-known-rendering	safe	0.6672	approved	0				global known-rendering assignment; lexical score 0.52
35:7	1	If		1	אִם		global-review-known-rendering	safe	0.6407	approved	0				global known-rendering assignment; lexical score 0.49
35:7	5	what		3	מַה		global-review-known-rendering	safe	0.6672	approved	0				global known-rendering assignment; lexical score 0.52
35:7	8	give		4	תִּתֶּן		global-review-known-rendering	safe	0.6519	approved	0				global known-rendering assignment; lexical score 0.50
35:7	12	what		7	מַה		global-review-known-rendering	safe	0.6672	approved	0				global known-rendering assignment; lexical score 0.52
35:7	15	take		10	יִקָּֽח		global-review-known-rendering	safe	0.5504	approved	0				global known-rendering assignment; lexical score 0.40
35:7	17	your		9	יָּדְךָ֥		attached-word	safe	0.5698	approved	0				PossessivePronoun of 'hand'
35:7	18	hand		9	יָּדְךָ֥		global-review-known-rendering	safe	0.6698	approved	0				global known-rendering assignment; lexical score 0.52
35:8	8	a				expands	supplied-indefinite-article	safe	0.6007	approved	0				indefinite article; rests on 'man' → 'אִישׁ'
35:8	9	man		2	אִישׁ		global-review-known-rendering	safe	0.6007	approved	0				global known-rendering assignment; lexical score 0.45
35:8	16	a				expands	supplied-indefinite-article	safe	0.7887	approved	0				indefinite article; rests on 'son' → 'בֶן'
35:8	17	son		7	בֶן		global-review-known-rendering	safe	0.7887	approved	0				global known-rendering assignment; lexical score 0.64
35:9	25	the				expands	supplied-article	safe	0.77	approved	0				article the original does not write; rests on 'arm' → 'זְּרֹ֣ועַ'
35:9	26	arm		7	זְּרֹ֣ועַ		global-review-known-rendering	safe	0.77	approved	0				global known-rendering assignment; lexical score 0.62
35:10	5	said		3	אָמַ֗ר		global-review-known-rendering	safe	0.7772	approved	0				global known-rendering assignment; lexical score 0.63
35:10	9	my		6	עֹשָׂ֑י		attached-word	safe	0.5342	approved	0				PossessivePronoun of 'Maker'
35:10	10	Maker		6	עֹשָׂ֑י		global-review-known-rendering	safe	0.6342	approved	0				global known-rendering assignment; lexical score 0.48
35:10	12	gives		7	נֹתֵ֖ן		global-review-known-rendering	safe	0.6545	approved	0				global known-rendering assignment; lexical score 0.50
35:10	15	the		10			attached-word	safe	0.6349	approved	0				Article of 'night'
35:10	16	night		11	לָּֽיְלָה		global-review-known-rendering	safe	0.7349	approved	0				global known-rendering assignment; lexical score 0.58
35:11	6	than		2	מִ		global-review-known-rendering	safe	0.5846	approved	0				global known-rendering assignment; lexical score 0.43
35:11	9	of		4	אָ֑רֶץ		attached-word	safe	0.6442	approved	0				Genitive of 'earth'
35:11	10	the				expands	supplied-article	safe	0.7442	approved	0				article the original does not write; rests on 'earth' → 'אָ֑רֶץ'
35:11	11	earth		4	אָ֑רֶץ		global-review-known-rendering	safe	0.7442	approved	0				global known-rendering assignment; lexical score 0.59
35:11	16	than		6	מֵ		global-review-known-rendering	safe	0.5846	approved	0				global known-rendering assignment; lexical score 0.43
35:11	19	of		9	שָּׁמַ֣יִם		attached-word	safe	0.6268	approved	0				Genitive of 'heaven'
35:11	20	the		8	הַ		attached-word	safe	0.6268	approved	0				Article of 'heaven'
35:11	21	heaven		9	שָּׁמַ֣יִם		global-review-known-rendering	safe	0.7268	approved	0				global known-rendering assignment; lexical score 0.58
35:12	18	answer		5	יַעֲנֶ֑ה		global-review-known-rendering	safe	0.5943	approved	0				global known-rendering assignment; lexical score 0.44
35:13	4	not		3	לֹא		global-review-known-rendering	safe	0.679	approved	0				global known-rendering assignment; lexical score 0.53
35:13	17	note		8	לֹ֣א		global-review-known-rendering	safe	0.6788	approved	0				global known-rendering assignment; lexical score 0.53
35:14	6	say		3	תֹ֖אמַר		global-review-known-rendering	safe	0.7664	approved	0				global known-rendering assignment; lexical score 0.62
35:14	10	not		4	לֹ֣א		global-review-known-rendering	safe	0.679	approved	0				global known-rendering assignment; lexical score 0.53
35:14	17	before		8	פָנָ֗יו		global-review-known-rendering	safe	0.6579	approved	0				global known-rendering assignment; lexical score 0.51
35:15	2	now		2	עַתָּ֗ה		global-review-known-rendering	safe	0.6316	approved	0				global known-rendering assignment; lexical score 0.48
35:16	2	Job's		2	אִיֹּוב		global-review-known-rendering	safe	0.7847	approved	0				global known-rendering assignment; lexical score 0.63
35:16	3	mouth		5	פִּ֑יהוּ		global-review-known-rendering	safe	0.7136	approved	0				global known-rendering assignment; lexical score 0.56
35:16	18	knowledge		8	דַ֝֗עַת		global-review-known-rendering	safe	0.6344	approved	0				global known-rendering assignment; lexical score 0.48
36:1	2	Elihu		3	אֱלִיה֗וּא		global-review-known-rendering	safe	0.8	approved	0				global known-rendering assignment; lexical score 0.65
36:1	6	say		5	יֹּאמַֽר		global-review-known-rendering	safe	0.7664	approved	0				global known-rendering assignment; lexical score 0.62
36:3	11	give		9	אֶֽתֵּֽן		global-review-known-rendering	safe	0.6519	approved	0				global known-rendering assignment; lexical score 0.50
36:4	6	not		3	לֹא		global-review-known-rendering	safe	0.679	approved	0				global known-rendering assignment; lexical score 0.53
36:4	7	false		4	שֶׁ֣קֶר		global-review-known-rendering	safe	0.6091	approved	0				global known-rendering assignment; lexical score 0.46
36:5	9	not		5	לֹ֣א		global-review-known-rendering	safe	0.679	approved	0				global known-rendering assignment; lexical score 0.53
36:6	10	gives		7	יִתֵּֽן		global-review-known-rendering	safe	0.6541	approved	0				global known-rendering assignment; lexical score 0.50
36:7	8	kings		8	מְלָכִ֥ים		global-review-known-rendering	safe	0.7742	approved	0				global known-rendering assignment; lexical score 0.62
36:8	2	if		2	אִם		global-review-known-rendering	safe	0.6405	approved	0				global known-rendering assignment; lexical score 0.49
36:10	1	Their		3	אָ֭זְנָם		attached-word	safe	0.5534	approved	0				PossessivePronoun of 'ear'
36:10	2	ear		3	אָ֭זְנָם		global-review-known-rendering	safe	0.6534	approved	0				global known-rendering assignment; lexical score 0.50
36:11	1	If		1	אִֽם		global-review-known-rendering	safe	0.6405	approved	0				global known-rendering assignment; lexical score 0.49
36:11	19	years		11	שְׁנֵיהֶ֗ם		global-review-known-rendering	safe	0.7648	approved	0				global known-rendering assignment; lexical score 0.61
36:12	2	if		2	אִם		global-review-known-rendering	safe	0.6405	approved	0				global known-rendering assignment; lexical score 0.49
36:12	3	not		3	לֹ֣א		global-review-known-rendering	safe	0.679	approved	0				global known-rendering assignment; lexical score 0.53
36:12	15	knowledge		12	דָֽעַת		global-review-known-rendering	safe	0.639	approved	0				global known-rendering assignment; lexical score 0.49
36:15	15	their		10	אָזְנָֽם		attached-word	safe	0.6199	approved	0				PossessivePronoun of 'ears'
36:15	16	ears		10	אָזְנָֽם		global-review-known-rendering	safe	0.7199	approved	0				global known-rendering assignment; lexical score 0.57
36:22	8	who		6	מִ֖י		global-review-known-rendering	safe	0.598	approved	0				global known-rendering assignment; lexical score 0.45
36:23	1	Who		1	מִֽי		global-review-known-rendering	safe	0.598	approved	0				global known-rendering assignment; lexical score 0.45
36:23	8	said		7	אָ֝מַ֗ר		global-review-known-rendering	safe	0.7772	approved	0				global known-rendering assignment; lexical score 0.63
36:24	10	which		5	אֲשֶׁ֖ר		global-review-known-rendering	safe	0.6694	approved	0				global known-rendering assignment; lexical score 0.52
36:24	11	men		7	אֲנָשִֽׁים		global-review-known-rendering	safe	0.5619	approved	0				global known-rendering assignment; lexical score 0.41
36:25	1	All		1	כָּל		global-review-known-rendering	safe	0.7585	approved	0				global known-rendering assignment; lexical score 0.61
36:26				9	וְ	omits	unrendered-conjunction	safe	0.679	approved	0				conjunction no word of the verse renders; rests on 'not' → 'לֹא'
36:26	10	the				expands	supplied-article	safe	0.6443	approved	0				article the original does not write; rests on 'number' → 'מִסְפַּ֖ר'
36:26	11	number		7	מִסְפַּ֖ר		global-review-known-rendering	safe	0.6443	approved	0				global known-rendering assignment; lexical score 0.49
36:26	12	of		8	שָׁנָ֣יו		attached-word	safe	0.5648	approved	0				Genitive of 'his'
36:26	13	his		8	שָׁנָ֣יו		attached-word	safe	0.6648	approved	0				PossessivePronoun of 'years'
36:26	14	years		8	שָׁנָ֣יו		global-review-known-rendering	safe	0.7648	approved	0				global known-rendering assignment; lexical score 0.61
36:26	16	not		10	לֹא		global-review-known-rendering	safe	0.679	approved	0				global known-rendering assignment; lexical score 0.53
36:31	5	gives		5	יִֽתֶּן		global-review-known-rendering	safe	0.6541	approved	0				global known-rendering assignment; lexical score 0.50
36:31	8	the				expands	supplied-article	safe	0.7671	approved	0				article the original does not write; rests on 'peoples' → 'עַמִּ֑ים'
36:31	9	peoples		4	עַמִּ֑ים		global-review-known-rendering	safe	0.7671	approved	0				global known-rendering assignment; lexical score 0.62
36:32	3	the				expands	supplied-article	safe	0.6267	approved	0				article the original does not write; rests on 'light' → 'אֹ֑ור'
36:32	4	light		4	אֹ֑ור		global-review-known-rendering	safe	0.6267	approved	0				global known-rendering assignment; lexical score 0.48
37:1	3	my		5	לִבִּ֑י		attached-word	safe	0.5437	approved	0				PossessivePronoun of 'heart'
37:1	4	heart		5	לִבִּ֑י		global-review-known-rendering	safe	0.6437	approved	0				global known-rendering assignment; lexical score 0.49
37:1	12	its		9	מְּקֹומֹֽו		attached-word	safe	0.5415	approved	0				PossessivePronoun of 'place'
37:1	13	place		9	מְּקֹומֹֽו		global-review-known-rendering	safe	0.6415	approved	0				global known-rendering assignment; lexical score 0.49
37:2	7	of		5	קֹלֹ֑ו		attached-word	safe	0.5857	approved	0				Genitive of 'his'
37:2	8	his		5	קֹלֹ֑ו		attached-word	safe	0.6857	approved	0				PossessivePronoun of 'voice'
37:2	9	voice		5	קֹלֹ֑ו		global-review-known-rendering	safe	0.7857	approved	0				global known-rendering assignment; lexical score 0.64
37:2	18	his		9	פִּ֥יו		attached-word	safe	0.6146	approved	0				PossessivePronoun of 'mouth'
37:2	19	mouth		9	פִּ֥יו		global-review-known-rendering	safe	0.7146	approved	0				global known-rendering assignment; lexical score 0.56
37:3	6	all		2	כָּל		global-review-known-rendering	safe	0.7585	approved	0				global known-rendering assignment; lexical score 0.61
37:3	7	the		3	הַ		attached-word	safe	0.6268	approved	0				Article of 'heaven'
37:3	8	heaven		4	שָּׁמַ֥יִם		global-review-known-rendering	safe	0.7268	approved	0				global known-rendering assignment; lexical score 0.58
37:3	16	the		10	הָ		attached-word	safe	0.644	approved	0				Article of 'earth'
37:3	17	earth		11	אָֽרֶץ		global-review-known-rendering	safe	0.744	approved	0				global known-rendering assignment; lexical score 0.59
37:4				8	וְ	omits	unrendered-conjunction	safe	0.6789	approved	0				conjunction no word of the verse renders; rests on 'not' → 'לֹ֥א'
37:4	1	After		1	אַחֲרָ֤יו		global-review-known-rendering	safe	0.5885	approved	0				global known-rendering assignment; lexical score 0.44
37:4	3	a				expands	supplied-indefinite-article	safe	0.7857	approved	0				indefinite article; rests on 'voice' → 'קֹ֗ול'
37:4	4	voice		3	קֹ֗ול		global-review-known-rendering	safe	0.7857	approved	0				global known-rendering assignment; lexical score 0.64
37:4	16	not		9	לֹ֥א		global-review-known-rendering	safe	0.6789	approved	0				global known-rendering assignment; lexical score 0.53
37:4	24	his		13	קֹולֹֽו		attached-word	safe	0.6857	approved	0				PossessivePronoun of 'voice'
37:4	25	voice		13	קֹולֹֽו		global-review-known-rendering	safe	0.7857	approved	0				global known-rendering assignment; lexical score 0.64
37:5	10	great		7	גְ֝דֹלֹ֗ות		global-review-known-rendering	safe	0.6042	approved	0				global known-rendering assignment; lexical score 0.45
37:6	3	says		5	יֹאמַ֗ר		global-review-known-rendering	safe	0.7797	approved	0				global known-rendering assignment; lexical score 0.63
37:6	5	the		3			attached-word	safe	0.5773	approved	0				Article of 'snow'
37:6	6	snow		4	שֶּׁ֨לַג		global-review-known-rendering	safe	0.6773	approved	0				global known-rendering assignment; lexical score 0.53
37:6	8	the				expands	supplied-article	safe	0.744	approved	0				article the original does not write; rests on 'earth' → 'אָ֥רֶץ'
37:6	9	earth		7	אָ֥רֶץ		global-review-known-rendering	safe	0.744	approved	0				global known-rendering assignment; lexical score 0.59
37:7	10	man		9	אַנְשֵׁ֥י		global-review-known-rendering	safe	0.6007	approved	0				global known-rendering assignment; lexical score 0.45
37:7	13	all		8	כָּל		global-review-known-rendering	safe	0.7585	approved	0				global known-rendering assignment; lexical score 0.61
37:9	5	comes		4	תָּבֹ֣וא		global-review-known-rendering	safe	0.5791	approved	0				global known-rendering assignment; lexical score 0.43
37:10	12	waters		8	מַ֣יִם		global-review-known-rendering	safe	0.7786	approved	0				global known-rendering assignment; lexical score 0.63
37:11	9	the				expands	supplied-article	safe	0.7411	approved	0				article the original does not write; rests on 'cloud' → 'עֲנַ֣ן'
37:11	10	cloud		7	עֲנַ֣ן		global-review-known-rendering	safe	0.7411	approved	0				global known-rendering assignment; lexical score 0.59
37:11	13	its		8	אֹורֹֽו		attached-word	safe	0.5267	approved	0				PossessivePronoun of 'light'
37:11	14	light		8	אֹורֹֽו		global-review-known-rendering	safe	0.6267	approved	0				global known-rendering assignment; lexical score 0.48
37:12	25	the				expands	supplied-article	safe	0.739	approved	0				article the original does not write; rests on 'face' → 'פְּנֵ֖י'
37:12	26	face		13	פְּנֵ֖י		global-review-known-rendering	safe	0.739	approved	0				global known-rendering assignment; lexical score 0.59
37:12	29	world		14	תֵבֵ֣ל		global-review-known-rendering	safe	0.6594	approved	0				global known-rendering assignment; lexical score 0.51
37:13	10	mercy		9	חֶ֗סֶד		global-review-known-rendering	safe	0.6289	approved	0				global known-rendering assignment; lexical score 0.48
37:14	6	Job		3	אִיֹּ֑וב		global-review-known-rendering	safe	0.7845	approved	0				global known-rendering assignment; lexical score 0.63
37:15	13	the				expands	supplied-article	safe	0.6267	approved	0				article the original does not write; rests on 'light' → 'אֹ֣ור'
37:15	14	light		9	אֹ֣ור		global-review-known-rendering	safe	0.6267	approved	0				global known-rendering assignment; lexical score 0.48
37:15	15	of		10	עֲנָנֹֽו		attached-word	safe	0.5411	approved	0				Genitive of 'his'
37:15	16	his		10	עֲנָנֹֽו		attached-word	safe	0.6411	approved	0				PossessivePronoun of 'cloud'
37:15	17	cloud		10	עֲנָנֹֽו		global-review-known-rendering	safe	0.7411	approved	0				global known-rendering assignment; lexical score 0.59
37:17	7	the				expands	supplied-article	safe	0.744	approved	0				article the original does not write; rests on 'earth' → 'אֶ֝֗רֶץ'
37:17	8	earth		6	אֶ֝֗רֶץ		global-review-known-rendering	safe	0.744	approved	0				global known-rendering assignment; lexical score 0.59
37:17	10	quiet		5	הַשְׁקִ֥ט		global-review-known-rendering	safe	0.6	approved	0				global known-rendering assignment; lexical score 0.45
37:18	6	the				expands	supplied-article	safe	0.8	approved	0				article the original does not write; rests on 'skies' → 'שְׁחָקִ֑ים'
37:18	7	skies		4	שְׁחָקִ֑ים		global-review-known-rendering	safe	0.8	approved	0				global known-rendering assignment; lexical score 0.65
37:19	5	what		2	מַה		global-review-known-rendering	safe	0.6683	approved	0				global known-rendering assignment; lexical score 0.52
37:19	9	say		3	נֹּ֣אמַר		global-review-known-rendering	safe	0.7664	approved	0				global known-rendering assignment; lexical score 0.62
37:19	14	unable		5	לֹ֥א		global-review-known-rendering	safe	0.638	approved	0				global known-rendering assignment; lexical score 0.49
37:19	19	before		8	פְּנֵי		global-review-known-rendering	safe	0.658	approved	0				global known-rendering assignment; lexical score 0.51
37:20	10	talk		5	אֲדַבֵּ֑ר		global-review-known-rendering	safe	0.575	approved	0				global known-rendering assignment; lexical score 0.43
37:20	16	man		8	אִ֝֗ישׁ		global-review-known-rendering	safe	0.6007	approved	0				global known-rendering assignment; lexical score 0.45
37:20	18	say		7	אָ֥מַר		global-review-known-rendering	safe	0.7664	approved	0				global known-rendering assignment; lexical score 0.62
37:21	2	now		2	עַתָּ֤ה		global-review-known-rendering	safe	0.6316	approved	0				global known-rendering assignment; lexical score 0.48
37:21	3	the				expands	supplied-article	safe	0.6267	approved	0				article the original does not write; rests on 'light' → 'אֹ֗ור'
37:21	4	light		5	אֹ֗ור		global-review-known-rendering	safe	0.6267	approved	0				global known-rendering assignment; lexical score 0.48
37:21	6	not		3	לֹ֘א		global-review-known-rendering	safe	0.6789	approved	0				global known-rendering assignment; lexical score 0.53
37:21	7	seen		4	רָ֤אוּ		global-review-known-rendering	safe	0.7113	approved	0				global known-rendering assignment; lexical score 0.56
37:21	17	a				expands	supplied-indefinite-article	safe	0.7315	approved	0				indefinite article; rests on 'wind' → 'ר֥וּחַ'
37:21	18	wind		12	ר֥וּחַ		global-review-known-rendering	safe	0.7315	approved	0				global known-rendering assignment; lexical score 0.58
37:22	7	the				expands	supplied-article	safe	0.7054	approved	0				article the original does not write; rests on 'north' → 'צָּפֹון'
37:22	8	north		2	צָּפֹון		global-review-known-rendering	safe	0.7054	approved	0				global known-rendering assignment; lexical score 0.56
37:22	15	feared		7	נֹ֣ורָא		global-review-known-rendering	safe	0.6453	approved	0				global known-rendering assignment; lexical score 0.50
37:24	18	wise		7	חַכְמֵי		global-review-known-rendering	safe	0.6164	approved	0				global known-rendering assignment; lexical score 0.47
37:24	20	heart		8	לֵֽב		global-review-known-rendering	safe	0.6437	approved	0				global known-rendering assignment; lexical score 0.49
38:1				4	אֶת	omits	unrendered-object-marker	safe	0.7845	approved	0				object marker; rests on 'Job' → 'אִ֭יֹּוב'
38:1	2	the				expands	supplied-article	safe	0.7286	approved	0				article the original does not write; rests on 'Lord' → 'יְהוָ֣ה'
38:1	3	Lord		3	יְהוָ֣ה		global-review-known-rendering	safe	0.7286	approved	0				global known-rendering assignment; lexical score 0.58
38:1	5	answer		2	יַּֽעַן		global-review-known-rendering	safe	0.5939	approved	0				global known-rendering assignment; lexical score 0.44
38:1	7	Job		5	אִ֭יֹּוב		global-review-known-rendering	safe	0.7845	approved	0				global known-rendering assignment; lexical score 0.63
38:1	13	said		10	יֹּאמַֽר		global-review-known-rendering	safe	0.7772	approved	0				global known-rendering assignment; lexical score 0.63
38:2	1	Who		1	מִ֤י		global-review-known-rendering	safe	0.5944	approved	0				global known-rendering assignment; lexical score 0.44
38:2	14	knowledge		8	דָֽעַת		global-review-known-rendering	safe	0.6344	approved	0				global known-rendering assignment; lexical score 0.48
38:4	7	the				expands	supplied-article	safe	0.7438	approved	0				article the original does not write; rests on 'earth' → 'אָ֑רֶץ'
38:4	8	earth		5	אָ֑רֶץ		global-review-known-rendering	safe	0.7438	approved	0				global known-rendering assignment; lexical score 0.59
38:4	13	if		7	אִם		global-review-known-rendering	safe	0.641	approved	0				global known-rendering assignment; lexical score 0.49
38:5	16	the				expands	supplied-article	safe	0.5983	approved	0				article the original does not write; rests on 'line' → 'קָּֽו'
38:5	17	line		10	קָּֽו		global-review-known-rendering	safe	0.5983	approved	0				global known-rendering assignment; lexical score 0.45
38:5	18	stretched		8	נָטָ֖ה		global-review-known-rendering	safe	0.682	approved	0				global known-rendering assignment; lexical score 0.53
38:5	20	over		9	עָלֶ֣יהָ		global-review-known-rendering	safe	0.5668	approved	0				global known-rendering assignment; lexical score 0.42
38:6	2	what		2	מָ֭ה		global-review-known-rendering	safe	0.6697	approved	0				global known-rendering assignment; lexical score 0.52
38:6	8	who		6	מִֽי		global-review-known-rendering	safe	0.5944	approved	0				global known-rendering assignment; lexical score 0.44
38:7	2	the				expands	supplied-article	safe	0.7519	approved	0				article the original does not write; rests on 'morning' → 'בֹ֑קֶר'
38:7	3	morning		5	בֹ֑קֶר		global-review-known-rendering	safe	0.7519	approved	0				global known-rendering assignment; lexical score 0.60
38:7	4	stars		4	כֹּ֣וכְבֵי		global-review-known-rendering	safe	0.7614	approved	0				global known-rendering assignment; lexical score 0.61
38:7	9	all		8	כָּל		global-review-known-rendering	safe	0.7585	approved	0				global known-rendering assignment; lexical score 0.61
38:7	10	the				expands	supplied-article	safe	0.7674	approved	0				article the original does not write; rests on 'sons' → 'בְּנֵ֥י'
38:7	11	sons		9	בְּנֵ֥י		global-review-known-rendering	safe	0.7674	approved	0				global known-rendering assignment; lexical score 0.62
38:7	12	of		10	אֱלֹהִֽים		attached-word	safe	0.6609	approved	0				Genitive of 'gods'
38:7	13	the				expands	supplied-article	safe	0.7609	approved	0				article the original does not write; rests on 'gods' → 'אֱלֹהִֽים'
38:7	14	gods		10	אֱלֹהִֽים		global-review-known-rendering	safe	0.7609	approved	0				global known-rendering assignment; lexical score 0.61
38:8	6	the				expands	supplied-article	safe	0.7751	approved	0				article the original does not write; rests on 'sea' → 'יָ֑ם'
38:8	7	sea		5	יָ֑ם		global-review-known-rendering	safe	0.7751	approved	0				global known-rendering assignment; lexical score 0.63
38:9	4	the				expands	supplied-article	safe	0.7372	approved	0				article the original does not write; rests on 'cloud' → 'עָנָ֣ן'
38:9	5	cloud		3	עָנָ֣ן		global-review-known-rendering	safe	0.7372	approved	0				global known-rendering assignment; lexical score 0.59
38:10	10	doors		9	דְלָתָֽיִם		global-review-known-rendering	safe	0.695	approved	0				global known-rendering assignment; lexical score 0.55
38:11	2	said		2	אֹמַ֗ר		global-review-known-rendering	safe	0.7772	approved	0				global known-rendering assignment; lexical score 0.63
38:11	7	come		5	תָ֭בֹוא		global-review-known-rendering	safe	0.5725	approved	0				global known-rendering assignment; lexical score 0.42
38:11	12	here		10	פֹ֥א		global-review-known-rendering	safe	0.575	approved	0				global known-rendering assignment; lexical score 0.43
38:11	15	of		14	גַּלֶּֽיךָ		attached-word	safe	0.4579	approved	0				Genitive of 'your'
38:11	16	your		14	גַּלֶּֽיךָ		attached-word	safe	0.5579	approved	0				PossessivePronoun of 'waves'
38:11	17	waves		14	גַּלֶּֽיךָ		global-review-known-rendering	safe	0.6579	approved	0				global known-rendering assignment; lexical score 0.51
38:12	6	days		3	יָּמֶיךָ		global-review-known-rendering	safe	0.7789	approved	0				global known-rendering assignment; lexical score 0.63
38:12	10	the				expands	supplied-article	safe	0.7519	approved	0				article the original does not write; rests on 'morning' → 'בֹּ֑קֶר'
38:12	11	morning		5	בֹּ֑קֶר		global-review-known-rendering	safe	0.7519	approved	0				global known-rendering assignment; lexical score 0.60
38:12	18	its		9	מְקֹמֹֽו		attached-word	safe	0.5407	approved	0				PossessivePronoun of 'place'
38:12	19	place		9	מְקֹמֹֽו		global-review-known-rendering	safe	0.6407	approved	0				global known-rendering assignment; lexical score 0.49
38:13	6	a				expands	supplied-indefinite-article	safe	0.62	approved	0				indefinite article; rests on 'grip' → 'אֱחֹז'
38:13	7	grip		2	אֱחֹז		global-review-known-rendering	safe	0.62	approved	0				global known-rendering assignment; lexical score 0.47
38:13	11	of		6	אָ֑רֶץ		attached-word	safe	0.6438	approved	0				Genitive of 'earth'
38:13	12	the		5	הָ		attached-word	safe	0.6438	approved	0				Article of 'earth'
38:13	13	earth		6	אָ֑רֶץ		global-review-known-rendering	safe	0.7438	approved	0				global known-rendering assignment; lexical score 0.59
38:15	5	their		5	אֹורָ֑ם		attached-word	safe	0.5257	approved	0				PossessivePronoun of 'light'
38:15	6	light		5	אֹורָ֑ם		global-review-known-rendering	safe	0.6257	approved	0				global known-rendering assignment; lexical score 0.48
38:15	11	the				expands	supplied-article	safe	0.7631	approved	0				article the original does not write; rests on 'arm' → 'זְרֹ֥ועַ'
38:15	12	arm		7	זְרֹ֥ועַ		global-review-known-rendering	safe	0.7631	approved	0				global known-rendering assignment; lexical score 0.61
38:16	3	come		2	בָאתָ		global-review-known-rendering	safe	0.5725	approved	0				global known-rendering assignment; lexical score 0.42
38:16	7	of		5	יָ֑ם		attached-word	safe	0.6751	approved	0				Genitive of 'sea'
38:16	8	the				expands	supplied-article	safe	0.7751	approved	0				article the original does not write; rests on 'sea' → 'יָ֑ם'
38:16	9	sea		5	יָ֑ם		global-review-known-rendering	safe	0.7751	approved	0				global known-rendering assignment; lexical score 0.63
38:16	10	walking		10	הִתְהַלָּֽכְתָּ		global-review-known-rendering	safe	0.6941	approved	0				global known-rendering assignment; lexical score 0.54
38:17	18	seen		9	תִּרְאֶֽה		global-review-known-rendering	safe	0.7104	approved	0				global known-rendering assignment; lexical score 0.56
38:18	10	the				expands	supplied-article	safe	0.7438	approved	0				article the original does not write; rests on 'earth' → 'אָ֑רֶץ'
38:18	11	earth		4	אָ֑רֶץ		global-review-known-rendering	safe	0.7438	approved	0				global known-rendering assignment; lexical score 0.59
38:18	13	if		6	אִם		global-review-known-rendering	safe	0.641	approved	0				global known-rendering assignment; lexical score 0.49
38:18	19	all		8	כֻלָּֽהּ		global-review-known-rendering	safe	0.7585	approved	0				global known-rendering assignment; lexical score 0.61
38:19	3	the		3	הַ֭		attached-word	safe	0.6229	approved	0				Article of 'way'
38:19	4	way		4	דֶּרֶךְ		global-review-known-rendering	safe	0.7229	approved	0				global known-rendering assignment; lexical score 0.57
38:19	9	the				expands	supplied-article	safe	0.6257	approved	0				article the original does not write; rests on 'light' → 'אֹ֑ור'
38:19	10	light		6	אֹ֑ור		global-review-known-rendering	safe	0.6257	approved	0				global known-rendering assignment; lexical score 0.48
38:20	5	take		2	תִ֭קָּחֶנּוּ		global-review-known-rendering	safe	0.5503	approved	0				global known-rendering assignment; lexical score 0.40
38:20	13	its		9	בֵּיתֹֽו		attached-word	safe	0.6634	approved	0				PossessivePronoun of 'house'
38:20	14	house		9	בֵּיתֹֽו		global-review-known-rendering	safe	0.7634	approved	0				global known-rendering assignment; lexical score 0.61
38:21	16	the				expands	supplied-article	safe	0.6462	approved	0				article the original does not write; rests on 'number' → 'מִסְפַּ֖ר'
38:21	17	number		6	מִסְפַּ֖ר		global-review-known-rendering	safe	0.6462	approved	0				global known-rendering assignment; lexical score 0.50
38:21	18	of		7	יָמֶ֣יךָ		attached-word	safe	0.5789	approved	0				Genitive of 'your'
38:21	19	your		7	יָמֶ֣יךָ		attached-word	safe	0.6789	approved	0				PossessivePronoun of 'days'
38:21	20	days		7	יָמֶ֣יךָ		global-review-known-rendering	safe	0.7789	approved	0				global known-rendering assignment; lexical score 0.63
38:22	3	come		2	בָאתָ		global-review-known-rendering	safe	0.5725	approved	0				global known-rendering assignment; lexical score 0.42
38:22	9	snow		5	שָׁ֑לֶג		global-review-known-rendering	safe	0.6773	approved	0				global known-rendering assignment; lexical score 0.53
38:22	13	seen		9	תִּרְאֶֽה		global-review-known-rendering	safe	0.7104	approved	0				global known-rendering assignment; lexical score 0.56
38:23	1	Which		1	אֲשֶׁר		global-review-known-rendering	safe	0.6693	approved	0				global known-rendering assignment; lexical score 0.52
38:23	6	the				expands	supplied-article	safe	0.5716	approved	0				article the original does not write; rests on 'time' → 'עֶת'
38:23	7	time		4	עֶת		global-review-known-rendering	safe	0.5716	approved	0				global known-rendering assignment; lexical score 0.42
38:23	11	the				expands	supplied-article	safe	0.7654	approved	0				article the original does not write; rests on 'day' → 'יֹ֥ום'
38:23	12	day		7	יֹ֥ום		global-review-known-rendering	safe	0.7654	approved	0				global known-rendering assignment; lexical score 0.62
38:23	14	war		10	מִלְחָמָֽה		global-review-known-rendering	safe	0.6708	approved	0				global known-rendering assignment; lexical score 0.52
38:24	3	the		3	הַ֭		attached-word	safe	0.6229	approved	0				Article of 'way'
38:24	4	way		4	דֶּרֶךְ		global-review-known-rendering	safe	0.7229	approved	0				global known-rendering assignment; lexical score 0.57
38:24	20	over		9	עֲלֵי		global-review-known-rendering	safe	0.5668	approved	0				global known-rendering assignment; lexical score 0.42
38:24	21	the				expands	supplied-article	safe	0.7438	approved	0				article the original does not write; rests on 'earth' → 'אָֽרֶץ'
38:24	22	earth		10	אָֽרֶץ		global-review-known-rendering	safe	0.7438	approved	0				global known-rendering assignment; lexical score 0.59
38:25	4	the				expands	supplied-article	safe	0.7229	approved	0				article the original does not write; rests on 'way' → 'דֶ֗רֶךְ'
38:25	5	way		8	דֶ֗רֶךְ		global-review-known-rendering	safe	0.7229	approved	0				global known-rendering assignment; lexical score 0.57
38:26	6	a				expands	supplied-indefinite-article	safe	0.7253	approved	0				indefinite article; rests on 'land' → 'אֶ֣רֶץ'
38:26	7	land		4	אֶ֣רֶץ		global-review-known-rendering	safe	0.7253	approved	0				global known-rendering assignment; lexical score 0.58
38:26	10	man		6	אִ֑ישׁ		global-review-known-rendering	safe	0.6009	approved	0				global known-rendering assignment; lexical score 0.45
38:28	4	a				expands	supplied-indefinite-article	safe	0.7635	approved	0				indefinite article; rests on 'father' → 'אָ֑ב'
38:28	5	father		6	אָ֑ב		global-review-known-rendering	safe	0.7635	approved	0				global known-rendering assignment; lexical score 0.61
38:28	7	who		8	מִי		global-review-known-rendering	safe	0.5944	approved	0				global known-rendering assignment; lexical score 0.44
38:29	9	who		3	מִ֭י		global-review-known-rendering	safe	0.5944	approved	0				global known-rendering assignment; lexical score 0.44
38:29	17	heaven		9	שָׁ֝מַיִם		global-review-known-rendering	safe	0.7263	approved	0				global known-rendering assignment; lexical score 0.58
38:30	1	The				expands	supplied-article	safe	0.7801	approved	0				article the original does not write; rests on 'waters' → 'מַ֣יִם'
38:30	2	waters		4	מַ֣יִם		global-review-known-rendering	safe	0.7801	approved	0				global known-rendering assignment; lexical score 0.63
38:30	8	a				expands	supplied-indefinite-article	safe	0.6883	approved	0				indefinite article; rests on 'stone' → 'אֶבֶן'
38:30	9	stone		3	אֶבֶן		global-review-known-rendering	safe	0.6883	approved	0				global known-rendering assignment; lexical score 0.54
38:30	11	the				expands	supplied-article	safe	0.739	approved	0				article the original does not write; rests on 'face' → 'פְנֵ֥י'
38:30	12	face		7	פְנֵ֥י		global-review-known-rendering	safe	0.739	approved	0				global known-rendering assignment; lexical score 0.59
38:31	17	loose		8	תְּפַתֵּֽחַ		global-review-known-rendering	safe	0.5577	approved	0				global known-rendering assignment; lexical score 0.41
38:32	10	time		5	עִתֹּ֑ו		global-review-known-rendering	safe	0.5716	approved	0				global known-rendering assignment; lexical score 0.42
38:32	16	its		9	בָּנֶ֥יהָ		attached-word	safe	0.6612	approved	0				PossessivePronoun of 'children'
38:32	17	children		9	בָּנֶ֥יהָ		global-review-known-rendering	safe	0.7612	approved	0				global known-rendering assignment; lexical score 0.61
38:33	8	the				expands	supplied-article	safe	0.7757	approved	0				article the original does not write; rests on 'heavens' → 'שָׁמָ֑יִם'
38:33	9	heavens		4	שָׁמָ֑יִם		global-review-known-rendering	safe	0.7757	approved	0				global known-rendering assignment; lexical score 0.63
38:33	16	the		9			attached-word	safe	0.6438	approved	0				Article of 'earth'
38:33	17	earth		10	אָֽרֶץ		global-review-known-rendering	safe	0.7438	approved	0				global known-rendering assignment; lexical score 0.59
38:34	2	your		6	קֹולֶ֑ךָ		attached-word	safe	0.6859	approved	0				PossessivePronoun of 'voice'
38:34	3	voice		6	קֹולֶ֑ךָ		global-review-known-rendering	safe	0.7859	approved	0				global known-rendering assignment; lexical score 0.64
38:34	14	covered		10	תְּכַסֶּֽךָּ		global-review-known-rendering	safe	0.6023	approved	0				global known-rendering assignment; lexical score 0.45
38:34	19	waters		9	מַ֥יִם		global-review-known-rendering	safe	0.7801	approved	0				global known-rendering assignment; lexical score 0.63
38:35	3	send		2	תְשַׁלַּ֣ח		global-review-known-rendering	safe	0.7415	approved	0				global known-rendering assignment; lexical score 0.59
38:35	13	say		7	יֹאמְר֖וּ		global-review-known-rendering	safe	0.7664	approved	0				global known-rendering assignment; lexical score 0.62
38:36	1	Who		1	מִי		global-review-known-rendering	safe	0.5944	approved	0				global known-rendering assignment; lexical score 0.44
38:36	4	wisdom		6	חָכְמָ֑ה		global-review-known-rendering	safe	0.703	approved	0				global known-rendering assignment; lexical score 0.55
38:36	10	given		9	נָתַ֖ן		global-review-known-rendering	safe	0.6912	approved	0				global known-rendering assignment; lexical score 0.54
38:37	3	wisdom		5	חָכְמָ֑ה		global-review-known-rendering	safe	0.703	approved	0				global known-rendering assignment; lexical score 0.55
38:37	12	the				expands	supplied-article	safe	0.7757	approved	0				article the original does not write; rests on 'heavens' → 'שָׁ֝מַ֗יִם'
38:37	13	heavens		8	שָׁ֝מַ֗יִם		global-review-known-rendering	safe	0.7757	approved	0				global known-rendering assignment; lexical score 0.63
38:38	7	metal		2	צֶ֣קֶת		global-review-known-rendering	safe	0.575	approved	0				global known-rendering assignment; lexical score 0.43
38:41	1	Who		1	מִ֤י		global-review-known-rendering	safe	0.5944	approved	0				global known-rendering assignment; lexical score 0.44
39:2	12	the				expands	supplied-article	safe	0.5707	approved	0				article the original does not write; rests on 'time' → 'עֵ֣ת'
39:2	13	time		6	עֵ֣ת		global-review-known-rendering	safe	0.5707	approved	0				global known-rendering assignment; lexical score 0.42
39:4	16	not		9	לֹא		global-review-known-rendering	safe	0.6789	approved	0				global known-rendering assignment; lexical score 0.53
39:4	19	again		10	שָׁ֥בוּ		global-review-known-rendering	safe	0.5673	approved	0				global known-rendering assignment; lexical score 0.42
39:5	1	Who		1	מִֽי		global-review-known-rendering	safe	0.5984	approved	0				global known-rendering assignment; lexical score 0.45
39:5	10	free		4	חָפְשִׁ֑י		global-review-known-rendering	safe	0.6096	approved	0				global known-rendering assignment; lexical score 0.46
39:5	13	loose		9	פִתֵּֽחַ		global-review-known-rendering	safe	0.575	approved	0				global known-rendering assignment; lexical score 0.43
39:6	2	whom		1	אֲשֶׁר		global-review-known-rendering	safe	0.6483	approved	0				global known-rendering assignment; lexical score 0.50
39:7	3	sport		1	יִ֭שְׂחַק		global-review-known-rendering	safe	0.575	approved	0				global known-rendering assignment; lexical score 0.43
39:7	16	not		7	לֹ֣א		global-review-known-rendering	safe	0.6789	approved	0				global known-rendering assignment; lexical score 0.53
39:8	8	the				expands	supplied-article	safe	0.7675	approved	0				article the original does not write; rests on 'mountains' → 'הָרִ֣ים'
39:8	9	mountains		2	הָרִ֣ים		global-review-known-rendering	safe	0.7675	approved	0				global known-rendering assignment; lexical score 0.62
39:10	13	after		10	אַחֲרֶֽיךָ		global-review-known-rendering	safe	0.5883	approved	0				global known-rendering assignment; lexical score 0.44
39:12	9	back		5	ישׁוב		global-review-known-rendering	safe	0.5592	approved	0				global known-rendering assignment; lexical score 0.41
39:12	13	your		6	זַרְעֶ֑ךָ		attached-word	safe	0.6373	approved	0				PossessivePronoun of 'seed'
39:12	14	seed		6	זַרְעֶ֑ךָ		global-review-known-rendering	safe	0.7373	approved	0				global known-rendering assignment; lexical score 0.59
39:13	2	the				expands	supplied-article	safe	0.8	approved	0				article the original does not write; rests on 'wing' → 'כְּנַף'
39:13	3	wing		1	כְּנַף		global-review-known-rendering	safe	0.8	approved	0				global known-rendering assignment; lexical score 0.65
39:14	4	her		6	בֵּצֶ֑יהָ		attached-word	safe	0.625	approved	0				PossessivePronoun of 'eggs'
39:14	5	eggs		6	בֵּצֶ֑יהָ		global-review-known-rendering	safe	0.725	approved	0				global known-rendering assignment; lexical score 0.57
39:14	7	the		4			attached-word	safe	0.6442	approved	0				Article of 'earth'
39:14	8	earth		5	אָ֣רֶץ		global-review-known-rendering	safe	0.7442	approved	0				global known-rendering assignment; lexical score 0.59
39:14	9	warming		10	תְּחַמֵּֽם		global-review-known-rendering	safe	0.62	approved	0				global known-rendering assignment; lexical score 0.47
39:14	12	the				expands	supplied-article	safe	0.7308	approved	0				article the original does not write; rests on 'dust' → 'עָפָ֥ר'
39:14	13	dust		9	עָפָ֥ר		global-review-known-rendering	safe	0.7308	approved	0				global known-rendering assignment; lexical score 0.58
39:15	10	the				expands	supplied-article	safe	0.6957	approved	0				article the original does not write; rests on 'foot' → 'רֶ֣גֶל'
39:15	11	foot		4	רֶ֣גֶל		global-review-known-rendering	safe	0.6957	approved	0				global known-rendering assignment; lexical score 0.55
39:15	17	of		9	שָּׂדֶ֣ה		attached-word	safe	0.6599	approved	0				Genitive of 'field'
39:15	18	the		8	הַ		attached-word	safe	0.6599	approved	0				Article of 'field'
39:15	19	field		9	שָּׂדֶ֣ה		global-review-known-rendering	safe	0.7599	approved	0				global known-rendering assignment; lexical score 0.61
39:16	12	not		4	לֹא		global-review-known-rendering	safe	0.6789	approved	0				global known-rendering assignment; lexical score 0.53
39:17	5	wisdom		4	חָכְמָ֑ה		global-review-known-rendering	safe	0.7075	approved	0				global known-rendering assignment; lexical score 0.56
39:18	11	sport		8	תִּֽשְׂחַ֥ק		global-review-known-rendering	safe	0.575	approved	0				global known-rendering assignment; lexical score 0.43
39:18	13	the		10			attached-word	safe	0.7	approved	0				Article of 'horse'
39:18	14	horse		11	סּ֗וּס		global-review-known-rendering	safe	0.8	approved	0				global known-rendering assignment; lexical score 0.65
39:19	3	give		2	תִתֵּ֣ן		global-review-known-rendering	safe	0.6519	approved	0				global known-rendering assignment; lexical score 0.50
39:19	6	the		4			attached-word	safe	0.7	approved	0				Article of 'horse'
39:19	7	horse		5	סּ֣וּס		global-review-known-rendering	safe	0.8	approved	0				global known-rendering assignment; lexical score 0.65
39:19	14	his		9	צַוָּארֹ֣ו		attached-word	safe	0.4868	approved	0				PossessivePronoun of 'neck'
39:19	15	neck		9	צַוָּארֹ֣ו		global-review-known-rendering	safe	0.5868	approved	0				global known-rendering assignment; lexical score 0.44
39:19	17	clothed		8	תַלְבִּ֖ישׁ		global-review-known-rendering	safe	0.7284	approved	0				global known-rendering assignment; lexical score 0.58
39:20	10	a				expands	supplied-indefinite-article	safe	0.7182	approved	0				indefinite article; rests on 'locust' → 'אַרְבֶּ֑ה'
39:20	11	locust		5	אַרְבֶּ֑ה		global-review-known-rendering	safe	0.7182	approved	0				global known-rendering assignment; lexical score 0.57
39:22				7	וְ	omits	unrendered-conjunction	safe	0.6789	approved	0				conjunction no word of the verse renders; rests on 'not' → 'לֹֽא'
39:22	13	not		8	לֹֽא		global-review-known-rendering	safe	0.6789	approved	0				global known-rendering assignment; lexical score 0.53
39:22	16	the				expands	supplied-article	safe	0.7805	approved	0				article the original does not write; rests on 'sword' → 'חָֽרֶב'
39:22	17	sword		12	חָֽרֶב		global-review-known-rendering	safe	0.7805	approved	0				global known-rendering assignment; lexical score 0.63
39:23	13	spear		5	חֲנִ֣ית		global-review-known-rendering	safe	0.7036	approved	0				global known-rendering assignment; lexical score 0.55
39:24				7	וְ	omits	unrendered-conjunction	safe	0.6789	approved	0				conjunction no word of the verse renders; rests on 'not' → 'לֹֽא'
39:24	7	the				expands	supplied-article	safe	0.7442	approved	0				article the original does not write; rests on 'earth' → 'אָ֑רֶץ'
39:24	8	earth		6	אָ֑רֶץ		global-review-known-rendering	safe	0.7442	approved	0				global known-rendering assignment; lexical score 0.59
39:24	11	not		8	לֹֽא		global-review-known-rendering	safe	0.6789	approved	0				global known-rendering assignment; lexical score 0.53
39:24	17	the				expands	supplied-article	safe	0.6102	approved	0				article the original does not write; rests on 'sound' → 'קֹ֥ול'
39:24	18	sound		11	קֹ֥ול		global-review-known-rendering	safe	0.6102	approved	0				global known-rendering assignment; lexical score 0.46
39:25	8	says		4	יֹ֘אמַ֤ר		global-review-known-rendering	safe	0.7797	approved	0				global known-rendering assignment; lexical score 0.63
39:25	9	Aha		5	הֶאָ֗ח		global-review-known-rendering	safe	0.8	approved	0				global known-rendering assignment; lexical score 0.65
39:25	22	of		12	שָׂ֝רִים		attached-word	safe	0.5606	approved	0				Genitive of 'captains'
39:25	23	the				expands	supplied-article	safe	0.6606	approved	0				article the original does not write; rests on 'captains' → 'שָׂ֝רִים'
39:25	24	captains		12	שָׂ֝רִים		global-review-known-rendering	safe	0.6606	approved	0				global known-rendering assignment; lexical score 0.51
39:26	14	his		7	כנפו		attached-word	safe	0.6404	approved	0				PossessivePronoun of 'wings'
39:26	15	wings		7	כנפו		global-review-known-rendering	safe	0.7404	approved	0				global known-rendering assignment; lexical score 0.59
39:27	8	the				expands	supplied-article	safe	0.755	approved	0				article the original does not write; rests on 'eagle' → 'נָ֑שֶׁר'
39:27	9	eagle		5	נָ֑שֶׁר		global-review-known-rendering	safe	0.755	approved	0				global known-rendering assignment; lexical score 0.60
39:29	8	his		8	עֵינָ֥יו		attached-word	safe	0.6942	approved	0				PossessivePronoun of 'eye'
39:29	9	eye		8	עֵינָ֥יו		global-review-known-rendering	safe	0.7942	approved	0				global known-rendering assignment; lexical score 0.64
39:30	4	blood		4	דָ֑ם		global-review-known-rendering	safe	0.7567	approved	0				global known-rendering assignment; lexical score 0.61
40:2	24	an				expands	supplied-indefinite-article	safe	0.59	approved	0				indefinite article; rests on 'answer' → 'יַעֲנֶֽנָּה'
40:2	25	answer		8	יַעֲנֶֽנָּה		global-review-known-rendering	safe	0.59	approved	0				global known-rendering assignment; lexical score 0.44
40:3				1	וַ	omits	unrendered-conjunction	safe	0.59	approved	0				conjunction no word of the verse renders; rests on 'answer' → 'יַּ֖עַן'
40:3				4	אֶת	omits	unrendered-object-marker	safe	0.7285	approved	0				object marker; rests on 'Lord' → 'יְהוָ֗ה'
40:3	2	Job		3	אִיֹּ֥וב		global-review-known-rendering	safe	0.7839	approved	0				global known-rendering assignment; lexical score 0.63
40:3	3	said		7	יֹּאמַֽר		global-review-known-rendering	safe	0.7772	approved	0				global known-rendering assignment; lexical score 0.63
40:3	5	answer		2	יַּ֖עַן		global-review-known-rendering	safe	0.59	approved	0				global known-rendering assignment; lexical score 0.44
40:3	7	the				expands	supplied-article	safe	0.7285	approved	0				article the original does not write; rests on 'Lord' → 'יְהוָ֗ה'
40:3	8	Lord		5	יְהוָ֗ה		global-review-known-rendering	safe	0.7285	approved	0				global known-rendering assignment; lexical score 0.58
40:4	7	what		3	מָ֣ה		global-review-known-rendering	safe	0.6683	approved	0				global known-rendering assignment; lexical score 0.52
40:4	17	my		5	יָ֝דִ֗י		attached-word	safe	0.5698	approved	0				PossessivePronoun of 'hand'
40:4	18	hand		5	יָ֝דִ֗י		global-review-known-rendering	safe	0.6698	approved	0				global known-rendering assignment; lexical score 0.52
40:4	20	my		8	פִֽי		attached-word	safe	0.6134	approved	0				PossessivePronoun of 'mouth'
40:4	21	mouth		8	פִֽי		global-review-known-rendering	safe	0.7134	approved	0				global known-rendering assignment; lexical score 0.56
40:5	16	not		9	לֹ֣א		global-review-known-rendering	safe	0.6789	approved	0				global known-rendering assignment; lexical score 0.53
40:6				4	אֶת	omits	unrendered-object-marker	safe	0.7839	approved	0				object marker; rests on 'Job' → 'אִ֭יֹּוב'
40:6	2	the				expands	supplied-article	safe	0.7285	approved	0				article the original does not write; rests on 'Lord' → 'יְהוָ֣ה'
40:6	3	Lord		3	יְהוָ֣ה		global-review-known-rendering	safe	0.7285	approved	0				global known-rendering assignment; lexical score 0.58
40:6	5	answer		2	יַּֽעַן		global-review-known-rendering	safe	0.59	approved	0				global known-rendering assignment; lexical score 0.44
40:6	7	Job		5	אִ֭יֹּוב		global-review-known-rendering	safe	0.7839	approved	0				global known-rendering assignment; lexical score 0.63
40:6	13	said		9	יֹּאמַֽר		global-review-known-rendering	safe	0.7772	approved	0				global known-rendering assignment; lexical score 0.63
40:9				8	וּ֝	omits	unrendered-conjunction	safe	0.7859	approved	0				conjunction no word of the verse renders; rests on 'voice' → 'קֹ֗ול'
40:9	3	an				expands	supplied-indefinite-article	safe	0.7631	approved	0				indefinite article; rests on 'arm' → 'זְרֹ֖ועַ'
40:9	4	arm		3	זְרֹ֖ועַ		global-review-known-rendering	safe	0.7631	approved	0				global known-rendering assignment; lexical score 0.61
40:9	9	a				expands	supplied-indefinite-article	safe	0.7859	approved	0				indefinite article; rests on 'voice' → 'קֹ֗ול'
40:9	10	voice		10	קֹ֗ול		global-review-known-rendering	safe	0.7859	approved	0				global known-rendering assignment; lexical score 0.64
40:10	9	clothed		10	תִּלְבָּֽשׁ		global-review-known-rendering	safe	0.73	approved	0				global known-rendering assignment; lexical score 0.58
40:11				4	וּ	omits	unrendered-conjunction	safe	0.7065	approved	0				conjunction no word of the verse renders; rests on 'see' → 'רְאֵ֥ה'
40:11	9	see		5	רְאֵ֥ה		global-review-known-rendering	safe	0.7065	approved	0				global known-rendering assignment; lexical score 0.56
40:11	10	all		6	כָל		global-review-known-rendering	safe	0.7585	approved	0				global known-rendering assignment; lexical score 0.61
40:12	4	all		2	כָל		global-review-known-rendering	safe	0.7585	approved	0				global known-rendering assignment; lexical score 0.61
40:13	7	the		3			attached-word	safe	0.6308	approved	0				Article of 'dust'
40:13	8	dust		4	עָפָ֣ר		global-review-known-rendering	safe	0.7308	approved	0				global known-rendering assignment; lexical score 0.58
40:13	10	their		6	פְּ֝נֵיהֶ֗ם		attached-word	safe	0.643	approved	0				PossessivePronoun of 'faces'
40:13	11	faces		6	פְּ֝נֵיהֶ֗ם		global-review-known-rendering	safe	0.743	approved	0				global known-rendering assignment; lexical score 0.59
40:15	6	whom		4	אֲשֶׁר		global-review-known-rendering	safe	0.6483	approved	0				global known-rendering assignment; lexical score 0.50
40:17	1	His		2	זְנָבֹ֣ו		attached-word	safe	0.7	approved	0				PossessivePronoun of 'tail'
40:17	2	tail		2	זְנָבֹ֣ו		global-review-known-rendering	safe	0.8	approved	0				global known-rendering assignment; lexical score 0.65
40:17	6	a				expands	supplied-indefinite-article	safe	0.7719	approved	0				indefinite article; rests on 'cedar' → 'אָ֑רֶז'
40:17	7	cedar		4	אָ֑רֶז		global-review-known-rendering	safe	0.7719	approved	0				global known-rendering assignment; lexical score 0.62
40:18	1	His		1	עֲ֭צָמָיו		attached-word	safe	0.6665	approved	0				PossessivePronoun of 'bones'
40:18	2	bones		1	עֲ֭צָמָיו		global-review-known-rendering	safe	0.7665	approved	0				global known-rendering assignment; lexical score 0.62
40:18	12	of		7	בַּרְזֶֽל		attached-word	safe	0.5912	approved	0				Genitive of 'iron'
40:18	13	iron		7	בַּרְזֶֽל		global-review-known-rendering	safe	0.6912	approved	0				global known-rendering assignment; lexical score 0.54
40:19	5	of		3	דַּרְכֵי		attached-word	safe	0.6155	approved	0				Genitive of 'ways'
40:19	6	the				expands	supplied-article	safe	0.7155	approved	0				article the original does not write; rests on 'ways' → 'דַּרְכֵי'
40:19	7	ways		3	דַּרְכֵי		global-review-known-rendering	safe	0.7155	approved	0				global known-rendering assignment; lexical score 0.57
40:20				6	וְֽ	omits	unrendered-conjunction	safe	0.7585	approved	0				conjunction no word of the verse renders; rests on 'all' → 'כָל'
40:20	6	the				expands	supplied-article	safe	0.7675	approved	0				article the original does not write; rests on 'mountains' → 'הָרִ֣ים'
40:20	7	mountains		3	הָרִ֣ים		global-review-known-rendering	safe	0.7675	approved	0				global known-rendering assignment; lexical score 0.62
40:20	9	all		7	כָל		global-review-known-rendering	safe	0.7585	approved	0				global known-rendering assignment; lexical score 0.61
40:20	12	of		10	שָּׂדֶ֗ה		attached-word	safe	0.6597	approved	0				Genitive of 'field'
40:20	13	the		9	הַ֝		attached-word	safe	0.6597	approved	0				Article of 'field'
40:20	14	field		10	שָּׂדֶ֗ה		global-review-known-rendering	safe	0.7597	approved	0				global known-rendering assignment; lexical score 0.61
40:21	5	under		1	תַּֽחַת		global-review-known-rendering	safe	0.6593	approved	0				global known-rendering assignment; lexical score 0.51
40:22	13	the				expands	supplied-article	safe	0.665	approved	0				article the original does not write; rests on 'stream' → 'נָֽחַל'
40:22	14	stream		6	נָֽחַל		global-review-known-rendering	safe	0.665	approved	0				global known-rendering assignment; lexical score 0.52
40:23	22	Jordan		9	יַרְדֵּ֣ן		global-review-known-rendering	safe	0.7974	approved	0				global known-rendering assignment; lexical score 0.65
40:23	26	his		11	פִּֽיהוּ		attached-word	safe	0.6134	approved	0				PossessivePronoun of 'mouth'
40:23	27	mouth		11	פִּֽיהוּ		global-review-known-rendering	safe	0.7134	approved	0				global known-rendering assignment; lexical score 0.56
40:24	3	take		3	יִקָּחֶ֑נּוּ		global-review-known-rendering	safe	0.5504	approved	0				global known-rendering assignment; lexical score 0.40
40:24	17	nose		7	אָֽף		global-review-known-rendering	safe	0.7591	approved	0				global known-rendering assignment; lexical score 0.61
41:1	5	Leviathan		2	לִוְיָתָ֣ן		global-review-known-rendering	safe	0.8	approved	0				global known-rendering assignment; lexical score 0.65
41:2	7	his		5	אַפֹּ֑ו		attached-word	safe	0.6591	approved	0				PossessivePronoun of 'nose'
41:2	8	nose		5	אַפֹּ֑ו		global-review-known-rendering	safe	0.7591	approved	0				global known-rendering assignment; lexical score 0.61
41:4	12	take		5	תִּ֝קָּחֶ֗נּוּ		global-review-known-rendering	safe	0.5501	approved	0				global known-rendering assignment; lexical score 0.40
41:4	15	a				expands	supplied-indefinite-article	safe	0.7445	approved	0				indefinite article; rests on 'servant' → 'עֶ֣בֶד'
41:4	16	servant		7	עֶ֣בֶד		global-review-known-rendering	safe	0.7445	approved	0				global known-rendering assignment; lexical score 0.59
41:4	18	ever		8	עֹולָֽם		global-review-known-rendering	safe	0.6353	approved	0				global known-rendering assignment; lexical score 0.49
41:5				5		omits	unrendered-article	safe	0.6788	approved	0				article no the of the verse renders; rests on 'bird' → 'צִּפֹּ֑ור'
41:5	4	sport		2	תְשַׂחֶק		global-review-known-rendering	safe	0.575	approved	0				global known-rendering assignment; lexical score 0.43
41:5	9	a				expands	supplied-indefinite-article	safe	0.6788	approved	0				indefinite article; rests on 'bird' → 'צִּפֹּ֑ור'
41:5	10	bird		6	צִּפֹּ֑ור		global-review-known-rendering	safe	0.6788	approved	0				global known-rendering assignment; lexical score 0.53
41:7	7	his		5	עֹורֹ֑ו		attached-word	safe	0.6662	approved	0				PossessivePronoun of 'skin'
41:7	8	skin		5	עֹורֹ֑ו		global-review-known-rendering	safe	0.7663	approved	0				global known-rendering assignment; lexical score 0.62
41:7	12	his		10	רֹאשֹֽׁו		attached-word	safe	0.6391	approved	0				PossessivePronoun of 'head'
41:7	13	head		10	רֹאשֹֽׁו		global-review-known-rendering	safe	0.7391	approved	0				global known-rendering assignment; lexical score 0.59
41:10	14	Who		6	מִ֥י		global-review-known-rendering	safe	0.5977	approved	0				global known-rendering assignment; lexical score 0.45
41:10	22	before		9	פָנַ֥י		global-review-known-rendering	safe	0.6579	approved	0				global known-rendering assignment; lexical score 0.51
41:11	1	Who		1	מִ֣י		global-review-known-rendering	safe	0.5977	approved	0				global known-rendering assignment; lexical score 0.45
41:11	16	under		5	תַּ֖חַת		global-review-known-rendering	safe	0.6589	approved	0				global known-rendering assignment; lexical score 0.51
41:11	17	heaven		8	שָּׁמַ֣יִם		global-review-known-rendering	safe	0.7268	approved	0				global known-rendering assignment; lexical score 0.58
41:12	3	not		1	לא		global-review-known-rendering	safe	0.6791	approved	0				global known-rendering assignment; lexical score 0.53
41:13	1	Who		1	מִֽי		global-review-known-rendering	safe	0.5977	approved	0				global known-rendering assignment; lexical score 0.45
41:13	9	who		8	מִ֣י		global-review-known-rendering	safe	0.5977	approved	0				global known-rendering assignment; lexical score 0.45
41:13	11	come		9	יָבֹֽוא		global-review-known-rendering	safe	0.5724	approved	0				global known-rendering assignment; lexical score 0.42
41:14	1	Who		3	מִ֣י		global-review-known-rendering	safe	0.5977	approved	0				global known-rendering assignment; lexical score 0.45
41:14	4	open		4	פִתֵּ֑חַ		global-review-known-rendering	safe	0.5683	approved	0				global known-rendering assignment; lexical score 0.42
41:14	5	the				expands	supplied-article	safe	0.6911	approved	0				article the original does not write; rests on 'doors' → 'דַּלְתֵ֣י'
41:14	6	doors		1	דַּלְתֵ֣י		global-review-known-rendering	safe	0.6911	approved	0				global known-rendering assignment; lexical score 0.54
41:14	7	of		2	פָ֭נָיו		attached-word	safe	0.5389	approved	0				Genitive of 'his'
41:14	8	his		2	פָ֭נָיו		attached-word	safe	0.6389	approved	0				PossessivePronoun of 'face'
41:14	9	face		2	פָ֭נָיו		global-review-known-rendering	safe	0.7389	approved	0				global known-rendering assignment; lexical score 0.59
41:14	12	round		5	סְבִיבֹ֖ות		global-review-known-rendering	safe	0.7205	approved	0				global known-rendering assignment; lexical score 0.57
41:14	14	his		6	שִׁנָּ֣יו		attached-word	safe	0.6027	approved	0				PossessivePronoun of 'teeth'
41:14	15	teeth		6	שִׁנָּ֣יו		global-review-known-rendering	safe	0.7027	approved	0				global known-rendering assignment; lexical score 0.55
41:16	1	One		1	אֶחָ֣ד		global-review-known-rendering	safe	0.5899	approved	0				global known-rendering assignment; lexical score 0.44
41:16	12	come		8	יָבֹ֥וא		global-review-known-rendering	safe	0.5724	approved	0				global known-rendering assignment; lexical score 0.42
41:16	13	between		9	בֵֽינֵיהֶֽם		global-review-known-rendering	safe	0.7427	approved	0				global known-rendering assignment; lexical score 0.59
41:17	16	not		7	לֹ֣א		global-review-known-rendering	safe	0.6791	approved	0				global known-rendering assignment; lexical score 0.53
41:18	7	his		5	עֵינָ֗יו		attached-word	safe	0.6842	approved	0				PossessivePronoun of 'eyes'
41:18	8	eyes		5	עֵינָ֗יו		global-review-known-rendering	safe	0.7842	approved	0				global known-rendering assignment; lexical score 0.63
41:19	3	his		2	פִּיו		attached-word	safe	0.6153	approved	0				PossessivePronoun of 'mouth'
41:19	4	mouth		2	פִּיו		global-review-known-rendering	safe	0.7153	approved	0				global known-rendering assignment; lexical score 0.57
41:19	11	fire		6	אֵ֝֗שׁ		global-review-known-rendering	safe	0.6966	approved	0				global known-rendering assignment; lexical score 0.55
41:20	1	Smoke		4	עָשָׁ֑ן		global-review-known-rendering	safe	0.695	approved	0				global known-rendering assignment; lexical score 0.55
41:21	6	coals		2	גֶּחָלִ֣ים		global-review-known-rendering	safe	0.6568	approved	0				global known-rendering assignment; lexical score 0.51
41:21	13	his		7	פִּ֥יו		attached-word	safe	0.6153	approved	0				PossessivePronoun of 'mouth'
41:21	14	mouth		7	פִּ֥יו		global-review-known-rendering	safe	0.7153	approved	0				global known-rendering assignment; lexical score 0.57
41:22	4	his		2	צַוָּארֹו		attached-word	safe	0.4868	approved	0				PossessivePronoun of 'neck'
41:22	5	neck		2	צַוָּארֹו		global-review-known-rendering	safe	0.5868	approved	0				global known-rendering assignment; lexical score 0.44
41:22	10	before		7	פָנָ֗יו		global-review-known-rendering	safe	0.6579	approved	0				global known-rendering assignment; lexical score 0.51
41:23	4	his		2	בְשָׂרֹ֣ו		attached-word	safe	0.6507	approved	0				PossessivePronoun of 'flesh'
41:23	5	flesh		2	בְשָׂרֹ֣ו		global-review-known-rendering	safe	0.7507	approved	0				global known-rendering assignment; lexical score 0.60
41:24	1	His		1	לִ֭בֹּו		attached-word	safe	0.5439	approved	0				PossessivePronoun of 'heart'
41:24	2	heart		1	לִ֭בֹּו		global-review-known-rendering	safe	0.6439	approved	0				global known-rendering assignment; lexical score 0.49
41:24	7	a				expands	supplied-indefinite-article	safe	0.6892	approved	0				indefinite article; rests on 'stone' → 'אָ֑בֶן'
41:24	8	stone		4	אָ֑בֶן		global-review-known-rendering	safe	0.6892	approved	0				global known-rendering assignment; lexical score 0.54
41:26	1	The				expands	supplied-article	safe	0.7805	approved	0				article the original does not write; rests on 'sword' → 'חֶ֭רֶב'
41:26	2	sword		2	חֶ֭רֶב		global-review-known-rendering	safe	0.7805	approved	0				global known-rendering assignment; lexical score 0.63
41:26	15	the				expands	supplied-article	safe	0.7122	approved	0				article the original does not write; rests on 'spear' → 'חֲנִ֖ית'
41:26	16	spear		5	חֲנִ֖ית		global-review-known-rendering	safe	0.7122	approved	0				global known-rendering assignment; lexical score 0.56
41:27	1	Iron		4	בַּרְזֶ֑ל		global-review-known-rendering	safe	0.6912	approved	0				global known-rendering assignment; lexical score 0.54
41:27	12	wood		6	עֵ֖ץ		global-review-known-rendering	safe	0.6996	approved	0				global known-rendering assignment; lexical score 0.55
41:28	4	not		1	לֹֽא		global-review-known-rendering	safe	0.6791	approved	0				global known-rendering assignment; lexical score 0.53
41:28	11	stones		9	אַבְנֵי		global-review-known-rendering	safe	0.7413	approved	0				global known-rendering assignment; lexical score 0.59
41:29	15	sport		6	יִשְׂחַ֗ק		global-review-known-rendering	safe	0.575	approved	0				global known-rendering assignment; lexical score 0.43
41:30	1	Under		1	תַּ֭חְתָּיו		global-review-known-rendering	safe	0.6589	approved	0				global known-rendering assignment; lexical score 0.51
41:30	17	over		6	עֲלֵי		global-review-known-rendering	safe	0.5666	approved	0				global known-rendering assignment; lexical score 0.42
41:31	6	a				expands	supplied-indefinite-article	safe	0.625	approved	0				indefinite article; rests on 'pot' → 'סִּ֣יר'
41:31	7	pot		4	סִּ֣יר		global-review-known-rendering	safe	0.625	approved	0				global known-rendering assignment; lexical score 0.48
41:31	11	the				expands	supplied-article	safe	0.7752	approved	0				article the original does not write; rests on 'sea' → 'יָ֝֗ם'
41:31	12	sea		6	יָ֝֗ם		global-review-known-rendering	safe	0.7752	approved	0				global known-rendering assignment; lexical score 0.63
41:32	1	After		1	אַ֭חֲרָיו		global-review-known-rendering	safe	0.5885	approved	0				global known-rendering assignment; lexical score 0.44
41:34				1	אֵֽת	omits	unrendered-object-marker	safe	0.6425	approved	0				object marker; rests on 'Everything' → 'כָּל'
41:34	1	Everything		2	כָּל		global-review-known-rendering	safe	0.6425	approved	0				global known-rendering assignment; lexical score 0.49
41:34	12	king		6	מֶ֣לֶךְ		global-review-known-rendering	safe	0.7534	approved	0				global known-rendering assignment; lexical score 0.60
41:34	13	over		7	עַל		global-review-known-rendering	safe	0.5666	approved	0				global known-rendering assignment; lexical score 0.42
41:34	14	all		8	כָּל		global-review-known-rendering	safe	0.7585	approved	0				global known-rendering assignment; lexical score 0.61
41:34	15	the				expands	supplied-article	safe	0.7675	approved	0				article the original does not write; rests on 'sons' → 'בְּנֵי'
41:34	16	sons		9	בְּנֵי		global-review-known-rendering	safe	0.7675	approved	0				global known-rendering assignment; lexical score 0.62
42:1				1	וַ	omits	unrendered-conjunction	safe	0.5917	approved	0				conjunction no word of the verse renders; rests on 'answer' → 'יַּ֖עַן'
42:1				4	אֶת	omits	unrendered-object-marker	safe	0.7285	approved	0				object marker; rests on 'Lord' → 'יְהוָ֗ה'
42:1	2	Job		3	אִיֹּ֥וב		global-review-known-rendering	safe	0.7804	approved	0				global known-rendering assignment; lexical score 0.63
42:1	3	said		7	יֹּאמַֽר		global-review-known-rendering	safe	0.7772	approved	0				global known-rendering assignment; lexical score 0.63
42:1	5	answer		2	יַּ֖עַן		global-review-known-rendering	safe	0.5917	approved	0				global known-rendering assignment; lexical score 0.44
42:1	7	the				expands	supplied-article	safe	0.7285	approved	0				article the original does not write; rests on 'Lord' → 'יְהוָ֗ה'
42:1	8	Lord		5	יְהוָ֗ה		global-review-known-rendering	safe	0.7285	approved	0				global known-rendering assignment; lexical score 0.58
42:2	16	all		3	כֹ֣ל		global-review-known-rendering	safe	0.7585	approved	0				global known-rendering assignment; lexical score 0.61
42:3				14	וְ	omits	unrendered-conjunction	safe	0.6789	approved	0				conjunction no word of the verse renders; rests on 'not' → 'לֹ֣א'
42:3	14	knowledge		6	דָ֥עַת		global-review-known-rendering	safe	0.6344	approved	0				global known-rendering assignment; lexical score 0.48
42:3	24	not		15	לֹ֣א		global-review-known-rendering	safe	0.6789	approved	0				global known-rendering assignment; lexical score 0.53
42:5	8	ears		3	אֹ֥זֶן		global-review-known-rendering	safe	0.7206	approved	0				global known-rendering assignment; lexical score 0.57
42:5	10	now		6	עַתָּ֗ה		global-review-known-rendering	safe	0.6313	approved	0				global known-rendering assignment; lexical score 0.48
42:5	11	my		7	עֵינִ֥י		attached-word	safe	0.6942	approved	0				PossessivePronoun of 'eye'
42:5	12	eye		7	עֵינִ֥י		global-review-known-rendering	safe	0.7942	approved	0				global known-rendering assignment; lexical score 0.64
42:5	14	seen		8	רָאָֽתְךָ		global-review-known-rendering	safe	0.7113	approved	0				global known-rendering assignment; lexical score 0.56
42:6	21	the				expands	supplied-article	safe	0.7308	approved	0				article the original does not write; rests on 'dust' → 'עָפָ֥ר'
42:6	22	dust		7	עָפָ֥ר		global-review-known-rendering	safe	0.7308	approved	0				global known-rendering assignment; lexical score 0.58
42:7				6	אֶת	omits	unrendered-object-marker	safe	0.7186	approved	0				object marker; rests on 'words' → 'דְּבָרִ֥ים'
42:7	5	after		3	אַחַ֨ר		global-review-known-rendering	safe	0.5883	approved	0				global known-rendering assignment; lexical score 0.44
42:7	9	these		10	אֵ֖לֶּה		global-review-known-rendering	safe	0.7108	approved	0				global known-rendering assignment; lexical score 0.56
42:7	10	words		8	דְּבָרִ֥ים		global-review-known-rendering	safe	0.7186	approved	0				global known-rendering assignment; lexical score 0.57
42:7	12	Job		12	אִיֹּ֑וב		global-review-known-rendering	safe	0.7804	approved	0				global known-rendering assignment; lexical score 0.63
42:7	14	the				expands	supplied-article	safe	0.7285	approved	0				article the original does not write; rests on 'Lord' → 'יְהוָ֜ה'
42:7	15	Lord		15	יְהוָ֜ה		global-review-known-rendering	safe	0.7285	approved	0				global known-rendering assignment; lexical score 0.58
42:7	16	said		14	יֹּ֨אמֶר		global-review-known-rendering	safe	0.7772	approved	0				global known-rendering assignment; lexical score 0.63
42:7	18	Eliphaz		17	אֱלִיפַ֣ז		global-review-known-rendering	safe	0.7679	approved	0				global known-rendering assignment; lexical score 0.62
42:7	19	the		18	הַ		attached-word	safe	0.7	approved	0				Article of 'Temanite'
42:7	20	Temanite		19	תֵּֽימָנִ֗י		global-review-known-rendering	safe	0.8	approved	0				global known-rendering assignment; lexical score 0.65
42:7	29	two		25	שְׁנֵ֣י		global-review-known-rendering	safe	0.6869	approved	0				global known-rendering assignment; lexical score 0.54
42:7	34	not		28	לֹ֣א		global-review-known-rendering	safe	0.6789	approved	0				global known-rendering assignment; lexical score 0.53
42:7	42	my		33	עַבְדִּ֥י		attached-word	safe	0.644	approved	0				PossessivePronoun of 'servant'
42:7	43	servant		33	עַבְדִּ֥י		global-review-known-rendering	safe	0.744	approved	0				global known-rendering assignment; lexical score 0.59
42:7	44	Job		34	אִיֹּֽוב		global-review-known-rendering	safe	0.7804	approved	0				global known-rendering assignment; lexical score 0.63
42:8	2	now		2	עַתָּ֡ה		global-review-known-rendering	safe	0.6313	approved	0				global known-rendering assignment; lexical score 0.48
42:8	3	take		3	קְחֽוּ		global-review-known-rendering	safe	0.5501	approved	0				global known-rendering assignment; lexical score 0.40
42:8	4	seven		5	שִׁבְעָֽה		global-review-known-rendering	safe	0.7841	approved	0				global known-rendering assignment; lexical score 0.63
42:8	7	seven		8	שִׁבְעָ֨ה		global-review-known-rendering	safe	0.7841	approved	0				global known-rendering assignment; lexical score 0.63
42:8	12	my		13	עַבְדִּ֣י		attached-word	safe	0.644	approved	0				PossessivePronoun of 'servant'
42:8	13	servant		13	עַבְדִּ֣י		global-review-known-rendering	safe	0.744	approved	0				global known-rendering assignment; lexical score 0.59
42:8	14	Job		14	אִיֹּ֗וב		global-review-known-rendering	safe	0.7804	approved	0				global known-rendering assignment; lexical score 0.63
42:8	23	my		21	עַבְדִּ֔י		attached-word	safe	0.644	approved	0				PossessivePronoun of 'servant'
42:8	24	servant		21	עַבְדִּ֔י		global-review-known-rendering	safe	0.744	approved	0				global known-rendering assignment; lexical score 0.59
42:8	25	Job		20	אִיֹּ֣וב		global-review-known-rendering	safe	0.7804	approved	0				global known-rendering assignment; lexical score 0.63
42:8	42	not		34	לֹ֣א		global-review-known-rendering	safe	0.6789	approved	0				global known-rendering assignment; lexical score 0.53
42:8	50	my		39	עַבְדִּ֥י		attached-word	safe	0.644	approved	0				PossessivePronoun of 'servant'
42:8	51	servant		39	עַבְדִּ֥י		global-review-known-rendering	safe	0.744	approved	0				global known-rendering assignment; lexical score 0.59
42:8	52	Job		40	אִיֹּֽוב		global-review-known-rendering	safe	0.7804	approved	0				global known-rendering assignment; lexical score 0.63
42:9	2	Eliphaz		3	אֱלִיפַ֨ז		global-review-known-rendering	safe	0.7679	approved	0				global known-rendering assignment; lexical score 0.62
42:9	3	the		4	הַ		attached-word	safe	0.7	approved	0				Article of 'Temanite'
42:9	4	Temanite		5	תֵּֽימָנִ֜י		global-review-known-rendering	safe	0.8	approved	0				global known-rendering assignment; lexical score 0.65
42:9	6	Bildad		7	בִלְדַּ֣ד		global-review-known-rendering	safe	0.8	approved	0				global known-rendering assignment; lexical score 0.65
42:9	7	the		8	הַ		attached-word	safe	0.7	approved	0				Article of 'Shuhite'
42:9	8	Shuhite		9	שּׁוּחִ֗י		global-review-known-rendering	safe	0.8	approved	0				global known-rendering assignment; lexical score 0.65
42:9	17	the				expands	supplied-article	safe	0.7285	approved	0				article the original does not write; rests on 'Lord' → 'יְהוָ֑ה'
42:9	18	Lord		19	יְהוָ֑ה		global-review-known-rendering	safe	0.7285	approved	0				global known-rendering assignment; lexical score 0.58
42:9	22	the				expands	supplied-article	safe	0.7285	approved	0				article the original does not write; rests on 'Lord' → 'יְהוָ֖ה'
42:9	23	Lord		22	יְהוָ֖ה		global-review-known-rendering	safe	0.7285	approved	0				global known-rendering assignment; lexical score 0.58
42:9	27	Job		25	אִיֹּֽוב		global-review-known-rendering	safe	0.7804	approved	0				global known-rendering assignment; lexical score 0.63
42:10				14	אֶת	omits	unrendered-object-marker	safe	0.7585	approved	0				object marker; rests on 'all' → 'כָּל'
42:10	2	the				expands	supplied-article	safe	0.7285	approved	0				article the original does not write; rests on 'Lord' → 'יהוָ֗ה'
42:10	3	Lord		2	יהוָ֗ה		global-review-known-rendering	safe	0.7285	approved	0				global known-rendering assignment; lexical score 0.58
42:10	7	Job		6	אִיֹּ֔וב		global-review-known-rendering	safe	0.7804	approved	0				global known-rendering assignment; lexical score 0.63
42:10	21	all		15	כָּל		global-review-known-rendering	safe	0.7585	approved	0				global known-rendering assignment; lexical score 0.61
42:10	22	Job		18	אִיֹּ֖וב		global-review-known-rendering	safe	0.7804	approved	0				global known-rendering assignment; lexical score 0.63
42:10	28	the				expands	supplied-article	safe	0.7285	approved	0				article the original does not write; rests on 'Lord' → 'יְהוָ֛ה'
42:10	29	Lord		13	יְהוָ֛ה		global-review-known-rendering	safe	0.7285	approved	0				global known-rendering assignment; lexical score 0.58
42:11	2	all		4	כָּל		global-review-known-rendering	safe	0.7585	approved	0				global known-rendering assignment; lexical score 0.61
42:11	3	his		5	אֶחָ֨יו		attached-word	safe	0.6701	approved	0				PossessivePronoun of 'brothers'
42:11	4	brothers		5	אֶחָ֨יו		global-review-known-rendering	safe	0.7701	approved	0				global known-rendering assignment; lexical score 0.62
42:11	6	sisters		8	אחיתיו		global-review-known-rendering	safe	0.8	approved	0				global known-rendering assignment; lexical score 0.65
42:11	20	his		19	בֵיתֹו֒		attached-word	safe	0.6634	approved	0				PossessivePronoun of 'house'
42:11	21	house		19	בֵיתֹו֒		global-review-known-rendering	safe	0.7634	approved	0				global known-rendering assignment; lexical score 0.61
42:11	32	comfort		24	יְנַחֲמ֣וּ		global-review-known-rendering	safe	0.7012	approved	0				global known-rendering assignment; lexical score 0.55
42:11	34	all		10	כָל		global-review-known-rendering	safe	0.7585	approved	0				global known-rendering assignment; lexical score 0.61
42:11	35	the		28	הָ֣		attached-word	safe	0.6308	approved	0				Article of 'evil'
42:11	36	evil		29	רָעָ֔ה		global-review-known-rendering	safe	0.7308	approved	0				global known-rendering assignment; lexical score 0.58
42:11	37	which		30	אֲשֶׁר		global-review-known-rendering	safe	0.6695	approved	0				global known-rendering assignment; lexical score 0.52
42:11	38	the				expands	supplied-article	safe	0.7285	approved	0				article the original does not write; rests on 'Lord' → 'יְהוָ֖ה'
42:11	39	Lord		32	יְהוָ֖ה		global-review-known-rendering	safe	0.7285	approved	0				global known-rendering assignment; lexical score 0.58
42:11	46	all		27	כָּל		global-review-known-rendering	safe	0.7585	approved	0				global known-rendering assignment; lexical score 0.61
42:11	47	gave		35	יִּתְּנוּ		global-review-known-rendering	safe	0.6896	approved	0				global known-rendering assignment; lexical score 0.54
42:11	54	a				expands	supplied-indefinite-article	safe	0.7408	approved	0				indefinite article; rests on 'gold' → 'זָהָ֖ב'
42:11	55	gold		43	זָהָ֖ב		global-review-known-rendering	safe	0.7408	approved	0				global known-rendering assignment; lexical score 0.59
42:12	2	the				expands	supplied-article	safe	0.7076	approved	0				article the original does not write; rests on 'Lord's' → 'יהוָ֗ה'
42:12	3	Lord's		2	יהוָ֗ה		global-review-known-rendering	safe	0.7076	approved	0				global known-rendering assignment; lexical score 0.56
42:12	10	of		6	אִיֹּ֖וב		attached-word	safe	0.6809	approved	0				Genitive of 'Job's'
42:12	11	Job's		6	אִיֹּ֖וב		global-review-known-rendering	safe	0.7809	approved	0				global known-rendering assignment; lexical score 0.63
42:12	13	than		7	מֵ		global-review-known-rendering	safe	0.5849	approved	0				global known-rendering assignment; lexical score 0.43
42:12	24	thousand		14	אֶ֜לֶף		global-review-known-rendering	safe	0.7728	approved	0				global known-rendering assignment; lexical score 0.62
42:12	25	sheep		15	צֹ֗אן		global-review-known-rendering	safe	0.6907	approved	0				global known-rendering assignment; lexical score 0.54
42:12	29	six		17	שֵׁ֤שֶׁת		global-review-known-rendering	safe	0.7927	approved	0				global known-rendering assignment; lexical score 0.64
42:12	30	thousand		18	אֲלָפִים֙		global-review-known-rendering	safe	0.7728	approved	0				global known-rendering assignment; lexical score 0.62
42:12	31	camels		19	גְּמַלִּ֔ים		global-review-known-rendering	safe	0.7804	approved	0				global known-rendering assignment; lexical score 0.63
42:12	34	thousand		21	אֶֽלֶף		global-review-known-rendering	safe	0.7728	approved	0				global known-rendering assignment; lexical score 0.62
42:12	35	oxen		23	בָּקָ֖ר		global-review-known-rendering	safe	0.7022	approved	0				global known-rendering assignment; lexical score 0.55
42:12	37	a				expands	supplied-indefinite-article	safe	0.7728	approved	0				indefinite article; rests on 'thousand' → 'אֶ֥לֶף'
42:12	38	thousand		25	אֶ֥לֶף		global-review-known-rendering	safe	0.7728	approved	0				global known-rendering assignment; lexical score 0.62
42:13	5	sons		5	בָנִ֖ים		global-review-known-rendering	safe	0.7674	approved	0				global known-rendering assignment; lexical score 0.62
42:13	7	three		7	שָׁלֹ֥ושׁ		global-review-known-rendering	safe	0.7756	approved	0				global known-rendering assignment; lexical score 0.63
42:13	8	daughters		8	בָּנֹֽות		global-review-known-rendering	safe	0.7588	approved	0				global known-rendering assignment; lexical score 0.61
42:14	6	the				expands	supplied-article	safe	0.7896	approved	0				article the original does not write; rests on 'name' → 'שֵׁ֥ם'
42:14	7	name		8	שֵׁ֥ם		global-review-known-rendering	safe	0.7896	approved	0				global known-rendering assignment; lexical score 0.64
42:14	10	the		9	הַ		attached-word	safe	0.6036	approved	0				Article of 'second'
42:14	11	second		10	שֵּׁנִ֖ית		global-review-known-rendering	safe	0.7036	approved	0				global known-rendering assignment; lexical score 0.55
42:14	14	the		14	הַ		attached-word	safe	0.6299	approved	0				Article of 'third'
42:14	15	third		15	שְּׁלִישִׁ֖ית		global-review-known-rendering	safe	0.7299	approved	0				global known-rendering assignment; lexical score 0.58
42:15	5	women		4	נָשִׁ֥ים		global-review-known-rendering	safe	0.6809	approved	0				global known-rendering assignment; lexical score 0.53
42:15	9	the				expands	supplied-article	safe	0.7588	approved	0				article the original does not write; rests on 'daughters' → 'בְנֹ֥ות'
42:15	10	daughters		7	בְנֹ֥ות		global-review-known-rendering	safe	0.7588	approved	0				global known-rendering assignment; lexical score 0.61
42:15	11	of		8	אִיֹּ֖וב		attached-word	safe	0.6804	approved	0				Genitive of 'Job'
42:15	12	Job		8	אִיֹּ֖וב		global-review-known-rendering	safe	0.7804	approved	0				global known-rendering assignment; lexical score 0.63
42:15	14	all		10	כָל		global-review-known-rendering	safe	0.7585	approved	0				global known-rendering assignment; lexical score 0.61
42:15	15	the		11	הָ		attached-word	safe	0.6442	approved	0				Article of 'earth'
42:15	16	earth		12	אָ֑רֶץ		global-review-known-rendering	safe	0.7442	approved	0				global known-rendering assignment; lexical score 0.59
42:15	18	their		16	אֲבִיהֶ֛ם		attached-word	safe	0.6635	approved	0				PossessivePronoun of 'father'
42:15	19	father		16	אֲבִיהֶ֛ם		global-review-known-rendering	safe	0.7635	approved	0				global known-rendering assignment; lexical score 0.61
42:15	20	gave		14	יִּתֵּ֨ן		global-review-known-rendering	safe	0.6896	approved	0				global known-rendering assignment; lexical score 0.54
42:15	22	a				expands	supplied-indefinite-article	safe	0.74	approved	0				indefinite article; rests on 'heritage' → 'נַחֲלָ֖ה'
42:15	23	heritage		17	נַחֲלָ֖ה		global-review-known-rendering	safe	0.74	approved	0				global known-rendering assignment; lexical score 0.59
42:15	25	their		20	אֲחֵיהֶֽם		attached-word	safe	0.6701	approved	0				PossessivePronoun of 'brothers'
42:15	26	brothers		20	אֲחֵיהֶֽם		global-review-known-rendering	safe	0.7701	approved	0				global known-rendering assignment; lexical score 0.62
42:16				12	אֶת	omits	unrendered-object-marker	safe	0.7674	approved	0				object marker; rests on 'sons' → 'בָּנָיו֙'
42:16				15	אֶת	omits	unrendered-object-marker	safe	0.7674	approved	0				object marker; rests on 'sons' → 'בְּנֵ֣י'
42:16	2	after		4	אַֽחֲרֵי		global-review-known-rendering	safe	0.5883	approved	0				global known-rendering assignment; lexical score 0.44
42:16	4	Job		3	אִיֹּוב֙		global-review-known-rendering	safe	0.7804	approved	0				global known-rendering assignment; lexical score 0.63
42:16	6	a				expands	supplied-indefinite-article	safe	0.7877	approved	0				indefinite article; rests on 'hundred' → 'מֵאָ֥ה'
42:16	7	hundred		6	מֵאָ֥ה		global-review-known-rendering	safe	0.7877	approved	0				global known-rendering assignment; lexical score 0.64
42:16	9	forty		8	אַרְבָּעִ֖ים		global-review-known-rendering	safe	0.7864	approved	0				global known-rendering assignment; lexical score 0.64
42:16	10	years		9	שָׁנָ֑ה		global-review-known-rendering	safe	0.7649	approved	0				global known-rendering assignment; lexical score 0.61
42:16	14	saw		11	ירא		global-review-known-rendering	safe	0.7203	approved	0				global known-rendering assignment; lexical score 0.57
42:16	15	his		13	בָּנָיו֙		attached-word	safe	0.6674	approved	0				PossessivePronoun of 'sons'
42:16	16	sons		13	בָּנָיו֙		global-review-known-rendering	safe	0.7674	approved	0				global known-rendering assignment; lexical score 0.62
42:16	19	sons		16	בְּנֵ֣י		global-review-known-rendering	safe	0.7674	approved	0				global known-rendering assignment; lexical score 0.62
42:16	20	sons		17	בָנָ֔יו		global-review-known-rendering	safe	0.7674	approved	0				global known-rendering assignment; lexical score 0.62
42:16	22	four		18	אַרְבָּעָ֖ה		global-review-known-rendering	safe	0.7787	approved	0				global known-rendering assignment; lexical score 0.63
42:17	2	Job		3	אִיֹּ֔וב		global-review-known-rendering	safe	0.7804	approved	0				global known-rendering assignment; lexical score 0.63
42:17	10	of		7	יָמִֽים		attached-word	safe	0.6783	approved	0				Genitive of 'days'
42:17	11	days		7	יָמִֽים		global-review-known-rendering	safe	0.7783	approved	0				global known-rendering assignment; lexical score 0.63
