at	word	surface	target_at	target	target_surface	absence	rule	tier	confidence	verdict	review	corrected_at	corrected	corrected_surface	rationale
1:1	6	the		4	הָ		attached-word	safe	0.61	approved	0				Article of 'town'
1:1	7	town		5	עִיר֙		global-review-known-rendering	safe	0.71	approved	0				global known-rendering assignment; lexical score 0.56
1:1	12	people		7	עָ֔ם		global-review-known-rendering	safe	0.7672	approved	0				global known-rendering assignment; lexical score 0.62
1:1	18	the		13			attached-word	safe	0.6497	approved	0				Article of 'nations'
1:1	19	nations		14	גֹּויִ֗ם		global-review-known-rendering	safe	0.7497	approved	0				global known-rendering assignment; lexical score 0.60
1:1	21	become		8	הָיְתָ֖ה		global-review-known-rendering	safe	0.663	approved	0				global known-rendering assignment; lexical score 0.51
1:1	23	a				expands	supplied-indefinite-article	safe	0.8	approved	0				indefinite article; rests on 'widow' → 'אַלְמָנָ֑ה'
1:1	24	widow		10	אַלְמָנָ֑ה		global-review-known-rendering	safe	0.8	approved	0				global known-rendering assignment; lexical score 0.65
1:2	6	the		4			attached-word	safe	0.6349	approved	0				Article of 'night'
1:2	7	night		5	לַּ֗יְלָה		global-review-known-rendering	safe	0.7349	approved	0				global known-rendering assignment; lexical score 0.58
1:2	16	all		14	כָּל		global-review-known-rendering	safe	0.7585	approved	0				global known-rendering assignment; lexical score 0.61
1:2	17	her		15	אֹהֲבֶ֑יהָ		attached-word	safe	0.625	approved	0				PossessivePronoun of 'lovers'
1:2	18	lovers		15	אֹהֲבֶ֑יהָ		global-review-known-rendering	safe	0.725	approved	0				global known-rendering assignment; lexical score 0.57
1:2	23	all		16	כָּל		global-review-known-rendering	safe	0.7585	approved	0				global known-rendering assignment; lexical score 0.61
1:2	33	become		20	הָ֥יוּ		global-review-known-rendering	safe	0.663	approved	0				global known-rendering assignment; lexical score 0.51
1:3	1	Judah		2	יְהוּדָ֤ה		global-review-known-rendering	safe	0.784	approved	0				global known-rendering assignment; lexical score 0.63
1:3	19	the		12			attached-word	safe	0.6497	approved	0				Article of 'nations'
1:3	20	nations		13	גֹּויִ֔ם		global-review-known-rendering	safe	0.7497	approved	0				global known-rendering assignment; lexical score 0.60
1:3	27	all		17	כָּל		global-review-known-rendering	safe	0.7585	approved	0				global known-rendering assignment; lexical score 0.61
1:4	1	The				expands	supplied-article	safe	0.7155	approved	0				article the original does not write; rests on 'ways' → 'דַּרְכֵ֨י'
1:4	2	ways		1	דַּרְכֵ֨י		global-review-known-rendering	safe	0.7155	approved	0				global known-rendering assignment; lexical score 0.57
1:4	3	of		2	צִיֹּ֜ון		attached-word	safe	0.6553	approved	0				Genitive of 'Zion'
1:4	4	Zion		2	צִיֹּ֜ון		global-review-known-rendering	safe	0.7553	approved	0				global known-rendering assignment; lexical score 0.61
1:4	10	comes		6	בָּאֵ֣י		global-review-known-rendering	safe	0.5788	approved	0				global known-rendering assignment; lexical score 0.43
1:4	15	all		8	כָּל		global-review-known-rendering	safe	0.7585	approved	0				global known-rendering assignment; lexical score 0.61
1:4	21	her		11	כֹּהֲנֶ֖יהָ		attached-word	safe	0.6784	approved	0				PossessivePronoun of 'priests'
1:4	22	priests		11	כֹּהֲנֶ֖יהָ		global-review-known-rendering	safe	0.7784	approved	0				global known-rendering assignment; lexical score 0.63
1:4	27	her		13	בְּתוּלֹתֶ֥יהָ		attached-word	safe	0.6357	approved	0				PossessivePronoun of 'virgins'
1:4	28	virgins		13	בְּתוּלֹתֶ֥יהָ		global-review-known-rendering	safe	0.7357	approved	0				global known-rendering assignment; lexical score 0.59
1:4	34	bitter		17	מַר		global-review-known-rendering	safe	0.635	approved	0				global known-rendering assignment; lexical score 0.48
1:5	7	become		1	הָי֨וּ		global-review-known-rendering	safe	0.663	approved	0				global known-rendering assignment; lexical score 0.51
1:5	8	the				expands	supplied-article	safe	0.7393	approved	0				article the original does not write; rests on 'head' → 'רֹאשׁ֙'
1:5	9	head		4	רֹאשׁ֙		global-review-known-rendering	safe	0.7393	approved	0				global known-rendering assignment; lexical score 0.59
1:5	17	the				expands	supplied-article	safe	0.7287	approved	0				article the original does not write; rests on 'Lord' → 'יְהוָ֥ה'
1:5	18	Lord		8	יְהוָ֥ה		global-review-known-rendering	safe	0.7287	approved	0				global known-rendering assignment; lexical score 0.58
1:5	40	before		17	פְנֵי		global-review-known-rendering	safe	0.6578	approved	0				global known-rendering assignment; lexical score 0.51
1:6	2	all		6	כָּל		global-review-known-rendering	safe	0.7585	approved	0				global known-rendering assignment; lexical score 0.61
1:6	8	the				expands	supplied-article	safe	0.7735	approved	0				article the original does not write; rests on 'daughter' → 'צִיֹּ֖ון'
1:6	9	daughter		5	צִיֹּ֖ון		global-review-known-rendering	safe	0.7735	approved	0				global known-rendering assignment; lexical score 0.62
1:6	15	become		8	הָי֣וּ		global-review-known-rendering	safe	0.663	approved	0				global known-rendering assignment; lexical score 0.51
1:6	31	before		21	פְנֵ֥י		global-review-known-rendering	safe	0.6578	approved	0				global known-rendering assignment; lexical score 0.51
1:7	1	Jerusalem		2	יְרוּשָׁלִַ֗ם		global-review-known-rendering	safe	0.76	approved	0				global known-rendering assignment; lexical score 0.61
1:7	6	the				expands	supplied-article	safe	0.7789	approved	0				article the original does not write; rests on 'days' → 'יְמֵ֤י'
1:7	7	days		3	יְמֵ֤י		global-review-known-rendering	safe	0.7789	approved	0				global known-rendering assignment; lexical score 0.63
1:7	15	all		7	כֹּ֚ל		global-review-known-rendering	safe	0.7585	approved	0				global known-rendering assignment; lexical score 0.61
1:7	19	which		9	אֲשֶׁ֥ר		global-review-known-rendering	safe	0.6693	approved	0				global known-rendering assignment; lexical score 0.52
1:7	23	days		12	ימֵי		global-review-known-rendering	safe	0.7789	approved	0				global known-rendering assignment; lexical score 0.63
1:7	27	her		16	עַמָּ֣הּ		attached-word	safe	0.6672	approved	0				PossessivePronoun of 'people'
1:7	28	people		16	עַמָּ֣הּ		global-review-known-rendering	safe	0.7672	approved	0				global known-rendering assignment; lexical score 0.62
1:7	40	helper		22	עֹוזֵר֙		global-review-known-rendering	safe	0.8	approved	0				global known-rendering assignment; lexical score 0.65
1:7	43	saw		24	רָא֣וּהָ		global-review-known-rendering	safe	0.7193	approved	0				global known-rendering assignment; lexical score 0.57
1:7	51	sport		26	שָׂחֲק֖וּ		global-review-known-rendering	safe	0.575	approved	0				global known-rendering assignment; lexical score 0.43
1:8	6	Jerusalem		3	יְר֣וּשָׁלִַ֔ם		global-review-known-rendering	safe	0.76	approved	0				global known-rendering assignment; lexical score 0.61
1:8	12	become		8	הָיָ֑תָה		global-review-known-rendering	safe	0.663	approved	0				global known-rendering assignment; lexical score 0.51
1:8	16	all		9	כָּֽל		global-review-known-rendering	safe	0.7585	approved	0				global known-rendering assignment; lexical score 0.61
1:8	30	seen		13	רָא֣וּ		global-review-known-rendering	safe	0.7104	approved	0				global known-rendering assignment; lexical score 0.56
1:8	41	back		19	תָּ֥שָׁב		global-review-known-rendering	safe	0.5623	approved	0				global known-rendering assignment; lexical score 0.41
1:9	26	see		13	רְאֵ֤ה		global-review-known-rendering	safe	0.7061	approved	0				global known-rendering assignment; lexical score 0.56
1:9	30	Lord		14	יְהוָה֙		global-review-known-rendering	safe	0.7287	approved	0				global known-rendering assignment; lexical score 0.58
1:10	1	The				expands	supplied-article	safe	0.6694	approved	0				article the original does not write; rests on 'hand' → 'יָדֹו֙'
1:10	2	hand		1	יָדֹו֙		global-review-known-rendering	safe	0.6694	approved	0				global known-rendering assignment; lexical score 0.52
1:10	9	over		4	עַ֖ל		global-review-known-rendering	safe	0.5668	approved	0				global known-rendering assignment; lexical score 0.42
1:10	10	all		5	כָּל		global-review-known-rendering	safe	0.7585	approved	0				global known-rendering assignment; lexical score 0.61
1:10	17	seen		8	רָאֲתָ֤ה		global-review-known-rendering	safe	0.7104	approved	0				global known-rendering assignment; lexical score 0.56
1:10	19	the				expands	supplied-article	safe	0.7497	approved	0				article the original does not write; rests on 'nations' → 'גֹויִם֙'
1:10	20	nations		9	גֹויִם֙		global-review-known-rendering	safe	0.7497	approved	0				global known-rendering assignment; lexical score 0.60
1:10	22	come		10	בָּ֣אוּ		global-review-known-rendering	safe	0.5725	approved	0				global known-rendering assignment; lexical score 0.42
1:10	28	whom		12	אֲשֶׁ֣ר		global-review-known-rendering	safe	0.6479	approved	0				global known-rendering assignment; lexical score 0.50
1:10	35	not		14	לֹא		global-review-known-rendering	safe	0.679	approved	0				global known-rendering assignment; lexical score 0.53
1:10	37	come		15	יָבֹ֥אוּ		global-review-known-rendering	safe	0.5725	approved	0				global known-rendering assignment; lexical score 0.42
1:11	4	all		1	כָּל		global-review-known-rendering	safe	0.7585	approved	0				global known-rendering assignment; lexical score 0.61
1:11	5	her		2	עַמָּ֤הּ		attached-word	safe	0.6672	approved	0				PossessivePronoun of 'people'
1:11	6	people		2	עַמָּ֤הּ		global-review-known-rendering	safe	0.7672	approved	0				global known-rendering assignment; lexical score 0.62
1:11	10	bread		5	לֶ֔חֶם		global-review-known-rendering	safe	0.7288	approved	0				global known-rendering assignment; lexical score 0.58
1:11	13	given		6	נָתְנ֧וּ		global-review-known-rendering	safe	0.6912	approved	0				global known-rendering assignment; lexical score 0.54
1:11	23	see		13	רְאֵ֤ה		global-review-known-rendering	safe	0.7061	approved	0				global known-rendering assignment; lexical score 0.56
1:11	25	Lord		14	יְהוָה֙		global-review-known-rendering	safe	0.7287	approved	0				global known-rendering assignment; lexical score 0.58
1:11	32	become		18	הָיִ֖יתִי		global-review-known-rendering	safe	0.663	approved	0				global known-rendering assignment; lexical score 0.51
1:12	4	all		3	כָּל		global-review-known-rendering	safe	0.7585	approved	0				global known-rendering assignment; lexical score 0.61
1:12	15	see		8	רְא֗וּ		global-review-known-rendering	safe	0.7061	approved	0				global known-rendering assignment; lexical score 0.56
1:12	16	if		9	אִם		global-review-known-rendering	safe	0.6409	approved	0				global known-rendering assignment; lexical score 0.49
1:12	27	which		17	אֲשֶׁר֙		global-review-known-rendering	safe	0.6693	approved	0				global known-rendering assignment; lexical score 0.52
1:12	28	the				expands	supplied-article	safe	0.7287	approved	0				article the original does not write; rests on 'Lord' → 'יְהוָ֔ה'
1:12	29	Lord		19	יְהוָ֔ה		global-review-known-rendering	safe	0.7287	approved	0				global known-rendering assignment; lexical score 0.58
1:12	35	the				expands	supplied-article	safe	0.7654	approved	0				article the original does not write; rests on 'day' → 'יֹ֖ום'
1:12	36	day		21	יֹ֖ום		global-review-known-rendering	safe	0.7654	approved	0				global known-rendering assignment; lexical score 0.62
1:13	6	sent		3	שָֽׁלַח		global-review-known-rendering	safe	0.7451	approved	0				global known-rendering assignment; lexical score 0.60
1:13	7	fire		4	אֵ֥שׁ		global-review-known-rendering	safe	0.6966	approved	0				global known-rendering assignment; lexical score 0.55
1:13	9	my		6	עַצְמֹתַ֖י		attached-word	safe	0.6621	approved	0				PossessivePronoun of 'bones'
1:13	10	bones		6	עַצְמֹתַ֖י		global-review-known-rendering	safe	0.7621	approved	0				global known-rendering assignment; lexical score 0.61
1:13	17	net		10	רֶ֤שֶׁת		global-review-known-rendering	safe	0.6258	approved	0				global known-rendering assignment; lexical score 0.48
1:13	22	my		12	רַגְלַי֙		attached-word	safe	0.6368	approved	0				PossessivePronoun of 'feet'
1:13	23	feet		12	רַגְלַי֙		global-review-known-rendering	safe	0.7368	approved	0				global known-rendering assignment; lexical score 0.59
1:13	27	back		13	הֱשִׁיבַ֣נִי		global-review-known-rendering	safe	0.5623	approved	0				global known-rendering assignment; lexical score 0.41
1:13	37	all		17	כָּל		global-review-known-rendering	safe	0.7585	approved	0				global known-rendering assignment; lexical score 0.61
1:13	38	the		18	הַ		attached-word	safe	0.6654	approved	0				Article of 'day'
1:13	39	day		19	יֹּ֖ום		global-review-known-rendering	safe	0.7654	approved	0				global known-rendering assignment; lexical score 0.62
1:14	13	his		5	יָדֹ֗ו		attached-word	safe	0.5694	approved	0				PossessivePronoun of 'hand'
1:14	14	hand		5	יָדֹ֗ו		global-review-known-rendering	safe	0.6694	approved	0				global known-rendering assignment; lexical score 0.52
1:14	20	my		9	צַוָּארִ֖י		attached-word	safe	0.4868	approved	0				PossessivePronoun of 'neck'
1:14	21	neck		9	צַוָּארִ֖י		global-review-known-rendering	safe	0.5868	approved	0				global known-rendering assignment; lexical score 0.44
1:14	32	given		12	נְתָנַ֣נִי		global-review-known-rendering	safe	0.6912	approved	0				global known-rendering assignment; lexical score 0.54
1:14	36	the				expands	supplied-article	safe	0.6713	approved	0				article the original does not write; rests on 'hands' → 'ידֵ֖י'
1:14	37	hands		15	ידֵ֖י		global-review-known-rendering	safe	0.6713	approved	0				global known-rendering assignment; lexical score 0.52
1:15	7	all		2	כָל		global-review-known-rendering	safe	0.7585	approved	0				global known-rendering assignment; lexical score 0.61
1:15	28	the				expands	supplied-article	safe	0.7625	approved	0				article the original does not write; rests on 'virgin' → 'בְתוּלַ֖ת'
1:15	29	virgin		17	בְתוּלַ֖ת		global-review-known-rendering	safe	0.7625	approved	0				global known-rendering assignment; lexical score 0.61
1:15	30	daughter		18	בַּת		global-review-known-rendering	safe	0.7735	approved	0				global known-rendering assignment; lexical score 0.62
1:15	31	of		19	יְהוּדָֽה		attached-word	safe	0.684	approved	0				Genitive of 'Judah'
1:15	32	Judah		19	יְהוּדָֽה		global-review-known-rendering	safe	0.784	approved	0				global known-rendering assignment; lexical score 0.63
1:16	2	these		2	אֵ֣לֶּה		global-review-known-rendering	safe	0.7108	approved	0				global known-rendering assignment; lexical score 0.56
1:16	7	my		5	עֵינִ֤י		attached-word	safe	0.6941	approved	0				PossessivePronoun of 'eye'
1:16	8	eye		5	עֵינִ֤י		global-review-known-rendering	safe	0.7941	approved	0				global known-rendering assignment; lexical score 0.64
1:16	12	water		8	מַּ֔יִם		global-review-known-rendering	safe	0.7745	approved	0				global known-rendering assignment; lexical score 0.62
1:16	26	my		16	בָנַי֙		attached-word	safe	0.6614	approved	0				PossessivePronoun of 'children'
1:16	27	children		16	בָנַי֙		global-review-known-rendering	safe	0.7614	approved	0				global known-rendering assignment; lexical score 0.61
1:17	2	hands		4	יָדֶ֗יהָ		global-review-known-rendering	safe	0.6713	approved	0				global known-rendering assignment; lexical score 0.52
1:17	9	the				expands	supplied-article	safe	0.7287	approved	0				article the original does not write; rests on 'Lord' → 'יְהוָ֛ה'
1:17	10	Lord		9	יְהוָ֛ה		global-review-known-rendering	safe	0.7287	approved	0				global known-rendering assignment; lexical score 0.58
1:17	18	Jacob		11	יַעֲקֹ֖ב		global-review-known-rendering	safe	0.7918	approved	0				global known-rendering assignment; lexical score 0.64
1:17	19	round		12	סְבִיבָ֣יו		global-review-known-rendering	safe	0.7205	approved	0				global known-rendering assignment; lexical score 0.57
1:17	22	Jerusalem		15	יְרוּשָׁלִַ֛ם		global-review-known-rendering	safe	0.76	approved	0				global known-rendering assignment; lexical score 0.61
1:17	24	become		14	הָיְתָ֧ה		global-review-known-rendering	safe	0.663	approved	0				global known-rendering assignment; lexical score 0.51
1:18	15	all		9	כָל		global-review-known-rendering	safe	0.7585	approved	0				global known-rendering assignment; lexical score 0.61
1:18	17	peoples		11	עמים		global-review-known-rendering	safe	0.767	approved	0				global known-rendering assignment; lexical score 0.62
1:18	19	see		13	רְאוּ֙		global-review-known-rendering	safe	0.7061	approved	0				global known-rendering assignment; lexical score 0.56
1:18	22	my		15	בְּתוּלֹתַ֥י		attached-word	safe	0.6357	approved	0				PossessivePronoun of 'virgins'
1:18	23	virgins		15	בְּתוּלֹתַ֥י		global-review-known-rendering	safe	0.7357	approved	0				global known-rendering assignment; lexical score 0.59
1:19				3		omits	unrendered-article	safe	0.725	approved	0				article no the of the verse renders; rests on 'lovers' → 'מְאַהֲבַי֙'
1:19	4	my		4	מְאַהֲבַי֙		attached-word	safe	0.625	approved	0				PossessivePronoun of 'lovers'
1:19	5	lovers		4	מְאַהֲבַי֙		global-review-known-rendering	safe	0.725	approved	0				global known-rendering assignment; lexical score 0.57
1:19	12	my		7	כֹּהֲנַ֥י		attached-word	safe	0.6784	approved	0				PossessivePronoun of 'priests'
1:19	13	priests		7	כֹּהֲנַ֥י		global-review-known-rendering	safe	0.7784	approved	0				global known-rendering assignment; lexical score 0.63
1:19	24	the		11			attached-word	safe	0.61	approved	0				Article of 'town'
1:19	25	town		12	עִ֣יר		global-review-known-rendering	safe	0.71	approved	0				global known-rendering assignment; lexical score 0.56
1:20	1	See		1	רְאֵ֨ה		global-review-known-rendering	safe	0.7061	approved	0				global known-rendering assignment; lexical score 0.56
1:20	3	Lord		2	יְהוָ֤ה		global-review-known-rendering	safe	0.7287	approved	0				global known-rendering assignment; lexical score 0.58
1:20	18	my		9	לִבִּי֙		attached-word	safe	0.5437	approved	0				PossessivePronoun of 'heart'
1:20	19	heart		9	לִבִּי֙		global-review-known-rendering	safe	0.6437	approved	0				global known-rendering assignment; lexical score 0.49
1:20	35	the				expands	supplied-article	safe	0.7805	approved	0				article the original does not write; rests on 'sword' → 'חֶ֖רֶב'
1:20	36	sword		18	חֶ֖רֶב		global-review-known-rendering	safe	0.7805	approved	0				global known-rendering assignment; lexical score 0.63
1:20	39	the		20			attached-word	safe	0.6634	approved	0				Article of 'house'
1:20	40	house		21	בַּ֥יִת		global-review-known-rendering	safe	0.7634	approved	0				global known-rendering assignment; lexical score 0.61
1:21	13	all		8	כָּל		global-review-known-rendering	safe	0.7585	approved	0				global known-rendering assignment; lexical score 0.61
1:21	27	done		15	עָשִׂ֑יתָ		global-review-known-rendering	safe	0.7006	approved	0				global known-rendering assignment; lexical score 0.55
1:21	30	the				expands	supplied-article	safe	0.7654	approved	0				article the original does not write; rests on 'day' → 'יֹום'
1:21	31	day		17	יֹום		global-review-known-rendering	safe	0.7654	approved	0				global known-rendering assignment; lexical score 0.62
1:21	34	come		16	הֵבֵ֥אתָ		global-review-known-rendering	safe	0.5725	approved	0				global known-rendering assignment; lexical score 0.42
1:22	2	all		2	כָל		global-review-known-rendering	safe	0.7585	approved	0				global known-rendering assignment; lexical score 0.61
1:22	5	come		1	תָּבֹ֨א		global-review-known-rendering	safe	0.5725	approved	0				global known-rendering assignment; lexical score 0.42
1:22	6	before		5	פָנֶ֨יךָ֙		global-review-known-rendering	safe	0.6578	approved	0				global known-rendering assignment; lexical score 0.51
1:22	18	all		14	כָּל		global-review-known-rendering	safe	0.7585	approved	0				global known-rendering assignment; lexical score 0.61
1:22	33	my		20	לִבִּ֥י		attached-word	safe	0.5437	approved	0				PossessivePronoun of 'heart'
1:22	34	heart		20	לִבִּ֥י		global-review-known-rendering	safe	0.6437	approved	0				global known-rendering assignment; lexical score 0.49
2:1				6	אֶת	omits	unrendered-object-marker	safe	0.7727	approved	0				object marker; rests on 'daughter' → 'בַּת'
2:1	3	the				expands	supplied-article	safe	0.7727	approved	0				article the original does not write; rests on 'daughter' → 'בַּת'
2:1	4	daughter		7	בַּת		global-review-known-rendering	safe	0.7727	approved	0				global known-rendering assignment; lexical score 0.62
2:1	5	of		8	צִיֹּ֔ון		attached-word	safe	0.6513	approved	0				Genitive of 'Zion'
2:1	6	Zion		8	צִיֹּ֔ון		global-review-known-rendering	safe	0.7513	approved	0				global known-rendering assignment; lexical score 0.60
2:1	23	heaven		11	שָּׁמַ֨יִם֙		global-review-known-rendering	safe	0.7279	approved	0				global known-rendering assignment; lexical score 0.58
2:1	25	earth		12	אֶ֔רֶץ		global-review-known-rendering	safe	0.744	approved	0				global known-rendering assignment; lexical score 0.59
2:1	28	of		14	יִשְׂרָאֵ֑ל		attached-word	safe	0.6859	approved	0				Genitive of 'Israel'
2:1	29	Israel		14	יִשְׂרָאֵ֑ל		global-review-known-rendering	safe	0.7859	approved	0				global known-rendering assignment; lexical score 0.64
2:1	32	not		16	לֹא		global-review-known-rendering	safe	0.6789	approved	0				global known-rendering assignment; lexical score 0.53
2:1	39	his		19	רַגְלָ֖יו		attached-word	safe	0.6372	approved	0				PossessivePronoun of 'feet'
2:1	40	feet		19	רַגְלָ֖יו		global-review-known-rendering	safe	0.7372	approved	0				global known-rendering assignment; lexical score 0.59
2:1	42	the				expands	supplied-article	safe	0.7656	approved	0				article the original does not write; rests on 'day' → 'יֹ֥ום'
2:1	43	day		21	יֹ֥ום		global-review-known-rendering	safe	0.7656	approved	0				global known-rendering assignment; lexical score 0.62
2:2				6	אֵ֚ת	omits	unrendered-object-marker	safe	0.7585	approved	0				object marker; rests on 'all' → 'כָּל'
2:2	8	all		7	כָּל		global-review-known-rendering	safe	0.7585	approved	0				global known-rendering assignment; lexical score 0.61
2:2	12	Jacob		9	יַעֲקֹ֔ב		global-review-known-rendering	safe	0.7918	approved	0				global known-rendering assignment; lexical score 0.64
2:2	14	pity		5	חָמַ֗ל		global-review-known-rendering	safe	0.56	approved	0				global known-rendering assignment; lexical score 0.41
2:2	24	the				expands	supplied-article	safe	0.7727	approved	0				article the original does not write; rests on 'daughter' → 'בַת'
2:2	25	daughter		14	בַת		global-review-known-rendering	safe	0.7727	approved	0				global known-rendering assignment; lexical score 0.62
2:2	26	of		15	יְהוּדָ֖ה		attached-word	safe	0.684	approved	0				Genitive of 'Judah'
2:2	27	Judah		15	יְהוּדָ֖ה		global-review-known-rendering	safe	0.784	approved	0				global known-rendering assignment; lexical score 0.63
2:2	31	the		18			attached-word	safe	0.644	approved	0				Article of 'earth'
2:2	32	earth		19	אָ֑רֶץ		global-review-known-rendering	safe	0.744	approved	0				global known-rendering assignment; lexical score 0.59
2:3	6	horn		6	קֶ֣רֶן		global-review-known-rendering	safe	0.7156	approved	0				global known-rendering assignment; lexical score 0.57
2:3	7	of		7	יִשְׂרָאֵ֔ל		attached-word	safe	0.6859	approved	0				Genitive of 'Israel'
2:3	8	Israel		7	יִשְׂרָאֵ֔ל		global-review-known-rendering	safe	0.7859	approved	0				global known-rendering assignment; lexical score 0.64
2:3	19	back		8	הֵשִׁ֥יב		global-review-known-rendering	safe	0.5623	approved	0				global known-rendering assignment; lexical score 0.41
2:3	20	before		12	פְּנֵ֣י		global-review-known-rendering	safe	0.6583	approved	0				global known-rendering assignment; lexical score 0.51
2:3	26	a				expands	supplied-indefinite-article	safe	0.6964	approved	0				indefinite article; rests on 'fire' → 'אֵ֣שׁ'
2:3	27	fire		19	אֵ֣שׁ		global-review-known-rendering	safe	0.6964	approved	0				global known-rendering assignment; lexical score 0.55
2:3	29	Jacob		17	יַעֲקֹב֙		global-review-known-rendering	safe	0.7918	approved	0				global known-rendering assignment; lexical score 0.64
2:3	32	round		22	סָבִֽיב		global-review-known-rendering	safe	0.7214	approved	0				global known-rendering assignment; lexical score 0.57
2:4	1	His		2	קַשְׁתֹּ֜ו		attached-word	safe	0.521	approved	0				PossessivePronoun of 'bow'
2:4	2	bow		2	קַשְׁתֹּ֜ו		global-review-known-rendering	safe	0.621	approved	0				global known-rendering assignment; lexical score 0.47
2:4	5	bent		1	דָּרַ֨ךְ		global-review-known-rendering	safe	0.7357	approved	0				global known-rendering assignment; lexical score 0.59
2:4	26	all		11	כֹּ֖ל		global-review-known-rendering	safe	0.7585	approved	0				global known-rendering assignment; lexical score 0.61
2:4	31	the				expands	supplied-article	safe	0.7941	approved	0				article the original does not write; rests on 'eye' → 'עָ֑יִן'
2:4	32	eye		13	עָ֑יִן		global-review-known-rendering	safe	0.7941	approved	0				global known-rendering assignment; lexical score 0.64
2:4	34	the				expands	supplied-article	safe	0.7308	approved	0				article the original does not write; rests on 'tent' → 'אֹ֨הֶל֙'
2:4	35	tent		15	אֹ֨הֶל֙		global-review-known-rendering	safe	0.7308	approved	0				global known-rendering assignment; lexical score 0.58
2:4	36	of		16	בַּת		attached-word	safe	0.6727	approved	0				Genitive of 'daughter'
2:4	37	the				expands	supplied-article	safe	0.7727	approved	0				article the original does not write; rests on 'daughter' → 'בַּת'
2:4	38	daughter		16	בַּת		global-review-known-rendering	safe	0.7727	approved	0				global known-rendering assignment; lexical score 0.62
2:4	39	of		17	צִיֹּ֔ון		attached-word	safe	0.6513	approved	0				Genitive of 'Zion'
2:4	40	Zion		17	צִיֹּ֔ון		global-review-known-rendering	safe	0.7513	approved	0				global known-rendering assignment; lexical score 0.60
2:4	48	fire		21	אֵ֖שׁ		global-review-known-rendering	safe	0.6964	approved	0				global known-rendering assignment; lexical score 0.55
2:5	4	become		1	הָיָ֨ה		global-review-known-rendering	safe	0.6701	approved	0				global known-rendering assignment; lexical score 0.52
2:5	13	Israel		6	יִשְׂרָאֵ֔ל		global-review-known-rendering	safe	0.7859	approved	0				global known-rendering assignment; lexical score 0.64
2:5	19	all		8	כָּל		global-review-known-rendering	safe	0.7585	approved	0				global known-rendering assignment; lexical score 0.61
2:5	35	the				expands	supplied-article	safe	0.7727	approved	0				article the original does not write; rests on 'daughter' → 'בַת'
2:5	36	daughter		15	בַת		global-review-known-rendering	safe	0.7727	approved	0				global known-rendering assignment; lexical score 0.62
2:5	37	of		16	יְהוּדָ֔ה		attached-word	safe	0.684	approved	0				Genitive of 'Judah'
2:5	38	Judah		16	יְהוּדָ֔ה		global-review-known-rendering	safe	0.784	approved	0				global known-rendering assignment; lexical score 0.63
2:6	11	a				expands	supplied-indefinite-article	safe	0.7163	approved	0				indefinite article; rests on 'garden' → 'גַּן֙'
2:6	12	garden		5	גַּן֙		global-review-known-rendering	safe	0.7163	approved	0				global known-rendering assignment; lexical score 0.57
2:6	19	the				expands	supplied-article	safe	0.7289	approved	0				article the original does not write; rests on 'Lord' → 'יְהוָ֤ה'
2:6	20	Lord		10	יְהוָ֤ה		global-review-known-rendering	safe	0.7289	approved	0				global known-rendering assignment; lexical score 0.58
2:6	29	Sabbath		15	שַׁבָּ֔ת		global-review-known-rendering	safe	0.7596	approved	0				global known-rendering assignment; lexical score 0.61
2:6	31	Zion		12	צִיֹּון֙		global-review-known-rendering	safe	0.7513	approved	0				global known-rendering assignment; lexical score 0.60
2:6	42	king		21	מֶ֥לֶךְ		global-review-known-rendering	safe	0.7534	approved	0				global known-rendering assignment; lexical score 0.60
2:6	44	priest		23	כֹהֵֽן		global-review-known-rendering	safe	0.7905	approved	0				global known-rendering assignment; lexical score 0.64
2:7	6	his		3	מִזְבְּחֹו֙		attached-word	safe	0.6898	approved	0				PossessivePronoun of 'altar'
2:7	7	altar		3	מִזְבְּחֹו֙		global-review-known-rendering	safe	0.7898	approved	0				global known-rendering assignment; lexical score 0.64
2:7	20	given		13	נָתְנ֥וּ		global-review-known-rendering	safe	0.6925	approved	0				global known-rendering assignment; lexical score 0.54
2:7	23	the				expands	supplied-article	safe	0.6737	approved	0				article the original does not write; rests on 'hands' → 'יַד'
2:7	24	hands		8	יַד		global-review-known-rendering	safe	0.6737	approved	0				global known-rendering assignment; lexical score 0.52
2:7	28	the				expands	supplied-article	safe	0.623	approved	0				article the original does not write; rests on 'walls' → 'חֹומֹ֖ת'
2:7	29	walls		10	חֹומֹ֖ת		global-review-known-rendering	safe	0.623	approved	0				global known-rendering assignment; lexical score 0.47
2:7	40	the				expands	supplied-article	safe	0.7634	approved	0				article the original does not write; rests on 'house' → 'בֵית'
2:7	41	house		15	בֵית		global-review-known-rendering	safe	0.7634	approved	0				global known-rendering assignment; lexical score 0.61
2:7	42	of		16	יְהוָ֖ה		attached-word	safe	0.6289	approved	0				Genitive of 'Lord'
2:7	43	the				expands	supplied-article	safe	0.7289	approved	0				article the original does not write; rests on 'Lord' → 'יְהוָ֖ה'
2:7	44	Lord		16	יְהוָ֖ה		global-review-known-rendering	safe	0.7289	approved	0				global known-rendering assignment; lexical score 0.58
2:7	47	the				expands	supplied-article	safe	0.7656	approved	0				article the original does not write; rests on 'day' → 'יֹ֥ום'
2:7	48	day		18	יֹ֥ום		global-review-known-rendering	safe	0.7656	approved	0				global known-rendering assignment; lexical score 0.62
2:8	3	the				expands	supplied-article	safe	0.7068	approved	0				article the original does not write; rests on 'Lord's' → 'יְהוָ֤ה'
2:8	4	Lord's		2	יְהוָ֤ה		global-review-known-rendering	safe	0.7068	approved	0				global known-rendering assignment; lexical score 0.56
2:8	11	of		6	בַּת		attached-word	safe	0.6727	approved	0				Genitive of 'daughter'
2:8	12	the				expands	supplied-article	safe	0.7727	approved	0				article the original does not write; rests on 'daughter' → 'בַּת'
2:8	13	daughter		6	בַּת		global-review-known-rendering	safe	0.7727	approved	0				global known-rendering assignment; lexical score 0.62
2:8	14	of		7	צִיֹּ֔ון		attached-word	safe	0.6513	approved	0				Genitive of 'Zion'
2:8	15	Zion		7	צִיֹּ֔ון		global-review-known-rendering	safe	0.7513	approved	0				global known-rendering assignment; lexical score 0.60
2:8	17	line		9	קָ֔ו		global-review-known-rendering	safe	0.5983	approved	0				global known-rendering assignment; lexical score 0.45
2:8	20	stretched		8	נָ֣טָה		global-review-known-rendering	safe	0.682	approved	0				global known-rendering assignment; lexical score 0.53
2:8	24	not		10	לֹא		global-review-known-rendering	safe	0.6789	approved	0				global known-rendering assignment; lexical score 0.53
2:8	26	back		11	הֵשִׁ֥יב		global-review-known-rendering	safe	0.5623	approved	0				global known-rendering assignment; lexical score 0.41
2:8	27	his		12	יָדֹ֖ו		attached-word	safe	0.5699	approved	0				PossessivePronoun of 'hand'
2:8	28	hand		12	יָדֹ֖ו		global-review-known-rendering	safe	0.6699	approved	0				global known-rendering assignment; lexical score 0.52
2:9	7	the		3			attached-word	safe	0.644	approved	0				Article of 'earth'
2:9	8	earth		4	אָ֨רֶץ֙		global-review-known-rendering	safe	0.744	approved	0				global known-rendering assignment; lexical score 0.59
2:9	16	her		10	מַלְכָּ֨הּ		attached-word	safe	0.6534	approved	0				PossessivePronoun of 'king'
2:9	17	king		10	מַלְכָּ֨הּ		global-review-known-rendering	safe	0.7534	approved	0				global known-rendering assignment; lexical score 0.60
2:9	19	her		12	שָׂרֶ֤יהָ		attached-word	safe	0.5606	approved	0				PossessivePronoun of 'princes'
2:9	20	princes		12	שָׂרֶ֤יהָ		global-review-known-rendering	safe	0.6606	approved	0				global known-rendering assignment; lexical score 0.51
2:9	23	the		14			attached-word	safe	0.6498	approved	0				Article of 'nations'
2:9	24	nations		15	גֹּויִם֙		global-review-known-rendering	safe	0.7498	approved	0				global known-rendering assignment; lexical score 0.60
2:9	26	the				expands	supplied-article	safe	0.651	approved	0				article the original does not write; rests on 'law' → 'תֹּורָ֔ה'
2:9	27	law		17	תֹּורָ֔ה		global-review-known-rendering	safe	0.651	approved	0				global known-rendering assignment; lexical score 0.50
2:9	29	not		20	לֹא		global-review-known-rendering	safe	0.6789	approved	0				global known-rendering assignment; lexical score 0.53
2:9	31	her		19	נְבִיאֶ֕יהָ		attached-word	safe	0.6726	approved	0				PossessivePronoun of 'prophets'
2:9	32	prophets		19	נְבִיאֶ֕יהָ		global-review-known-rendering	safe	0.7726	approved	0				global known-rendering assignment; lexical score 0.62
2:9	36	vision		22	חָזֹ֖ון		global-review-known-rendering	safe	0.5646	approved	0				global known-rendering assignment; lexical score 0.41
2:9	38	the				expands	supplied-article	safe	0.7289	approved	0				article the original does not write; rests on 'Lord' → 'יְהוָֽה'
2:9	39	Lord		24	יְהוָֽה		global-review-known-rendering	safe	0.7289	approved	0				global known-rendering assignment; lexical score 0.58
2:10	4	of		7	בַת		attached-word	safe	0.6727	approved	0				Genitive of 'daughter'
2:10	5	the				expands	supplied-article	safe	0.7727	approved	0				article the original does not write; rests on 'daughter' → 'בַת'
2:10	6	daughter		7	בַת		global-review-known-rendering	safe	0.7727	approved	0				global known-rendering assignment; lexical score 0.62
2:10	7	of		8	צִיֹּ֔ון		attached-word	safe	0.6513	approved	0				Genitive of 'Zion'
2:10	8	Zion		8	צִיֹּ֔ון		global-review-known-rendering	safe	0.7513	approved	0				global known-rendering assignment; lexical score 0.60
2:10	12	the		3			attached-word	safe	0.644	approved	0				Article of 'earth'
2:10	13	earth		4	אָ֤רֶץ		global-review-known-rendering	safe	0.744	approved	0				global known-rendering assignment; lexical score 0.59
2:10	20	dust		10	עָפָר֙		global-review-known-rendering	safe	0.7308	approved	0				global known-rendering assignment; lexical score 0.58
2:10	22	their		12	רֹאשָׁ֔ם		attached-word	safe	0.665	approved	0				PossessivePronoun of 'heads'
2:10	23	heads		12	רֹאשָׁ֔ם		global-review-known-rendering	safe	0.765	approved	0				global known-rendering assignment; lexical score 0.61
2:10	29	the				expands	supplied-article	safe	0.765	approved	0				article the original does not write; rests on 'heads' → 'רֹאשָׁ֔ן'
2:10	30	heads		19	רֹאשָׁ֔ן		global-review-known-rendering	safe	0.765	approved	0				global known-rendering assignment; lexical score 0.61
2:10	32	the				expands	supplied-article	safe	0.7357	approved	0				article the original does not write; rests on 'virgins' → 'בְּתוּלֹ֖ת'
2:10	33	virgins		20	בְּתוּלֹ֖ת		global-review-known-rendering	safe	0.7357	approved	0				global known-rendering assignment; lexical score 0.59
2:10	34	of		21	יְרוּשָׁלִָֽם		attached-word	safe	0.66	approved	0				Genitive of 'Jerusalem'
2:10	35	Jerusalem		21	יְרוּשָׁלִָֽם		global-review-known-rendering	safe	0.76	approved	0				global known-rendering assignment; lexical score 0.61
2:10	40	the		17			attached-word	safe	0.644	approved	0				Article of 'earth'
2:10	41	earth		18	אָ֨רֶץ֙		global-review-known-rendering	safe	0.744	approved	0				global known-rendering assignment; lexical score 0.59
2:11	1	My		5	עֵינַי֙		attached-word	safe	0.6842	approved	0				PossessivePronoun of 'eyes'
2:11	2	eyes		5	עֵינַי֙		global-review-known-rendering	safe	0.7842	approved	0				global known-rendering assignment; lexical score 0.63
2:11	23	the		10			attached-word	safe	0.644	approved	0				Article of 'earth'
2:11	24	earth		11	אָ֨רֶץ֙		global-review-known-rendering	safe	0.744	approved	0				global known-rendering assignment; lexical score 0.59
2:11	28	of		15	בַּת		attached-word	safe	0.6727	approved	0				Genitive of 'daughter'
2:11	29	the				expands	supplied-article	safe	0.7727	approved	0				article the original does not write; rests on 'daughter' → 'בַּת'
2:11	30	daughter		15	בַּת		global-review-known-rendering	safe	0.7727	approved	0				global known-rendering assignment; lexical score 0.62
2:11	31	of		16	עַמִּ֑י		attached-word	safe	0.5673	approved	0				Genitive of 'my'
2:11	32	my		16	עַמִּ֑י		attached-word	safe	0.6673	approved	0				PossessivePronoun of 'people'
2:11	33	people		16	עַמִּ֑י		global-review-known-rendering	safe	0.7673	approved	0				global known-rendering assignment; lexical score 0.62
2:12	2	say		3	יֹֽאמְר֔וּ		global-review-known-rendering	safe	0.7663	approved	0				global known-rendering assignment; lexical score 0.62
2:12	10	wine		7	יָ֑יִן		global-review-known-rendering	safe	0.6485	approved	0				global known-rendering assignment; lexical score 0.50
2:12	23	the				expands	supplied-article	safe	0.71	approved	0				article the original does not write; rests on 'town' → 'עִ֔יר'
2:12	24	town		15	עִ֔יר		global-review-known-rendering	safe	0.71	approved	0				global known-rendering assignment; lexical score 0.56
2:12	32	their		21	אִמֹּתָֽם		attached-word	safe	0.6866	approved	0				PossessivePronoun of 'mother's'
2:12	33	mother's		21	אִמֹּתָֽם		global-review-known-rendering	safe	0.7866	approved	0				global known-rendering assignment; lexical score 0.64
2:13				6	הַ	omits	unrendered-article	safe	0.7727	approved	0				article no the of the verse renders; rests on 'daughter' → 'בַּת֙'
2:13	1	What		1	מָֽה		global-review-known-rendering	safe	0.6679	approved	0				global known-rendering assignment; lexical score 0.52
2:13	8	what		3	מָ֣ה		global-review-known-rendering	safe	0.6679	approved	0				global known-rendering assignment; lexical score 0.52
2:13	17	daughter		7	בַּת֙		global-review-known-rendering	safe	0.7727	approved	0				global known-rendering assignment; lexical score 0.62
2:13	19	Jerusalem		8	יְר֣וּשָׁלִַ֔ם		global-review-known-rendering	safe	0.76	approved	0				global known-rendering assignment; lexical score 0.61
2:13	20	what		9	מָ֤ה		global-review-known-rendering	safe	0.6679	approved	0				global known-rendering assignment; lexical score 0.52
2:13	34	comfort		13	אֲנַֽחֲמֵ֔ךְ		global-review-known-rendering	safe	0.6988	approved	0				global known-rendering assignment; lexical score 0.55
2:13	36	virgin		14	בְּתוּלַ֖ת		global-review-known-rendering	safe	0.7625	approved	0				global known-rendering assignment; lexical score 0.61
2:13	37	daughter		15	בַּת		global-review-known-rendering	safe	0.7727	approved	0				global known-rendering assignment; lexical score 0.62
2:13	38	of		16	צִיֹּ֑ון		attached-word	safe	0.6513	approved	0				Genitive of 'Zion'
2:13	39	Zion		16	צִיֹּ֑ון		global-review-known-rendering	safe	0.7513	approved	0				global known-rendering assignment; lexical score 0.60
2:13	44	great		18	גָדֹ֥ול		global-review-known-rendering	safe	0.6038	approved	0				global known-rendering assignment; lexical score 0.45
2:13	46	the		20			attached-word	safe	0.6752	approved	0				Article of 'sea'
2:13	47	sea		21	יָּ֛ם		global-review-known-rendering	safe	0.7752	approved	0				global known-rendering assignment; lexical score 0.63
2:13	48	who		23	מִ֥י		global-review-known-rendering	safe	0.5988	approved	0				global known-rendering assignment; lexical score 0.45
2:14	4	your		1	נְבִיאַ֗יִךְ		attached-word	safe	0.6726	approved	0				PossessivePronoun of 'prophets'
2:14	5	prophets		1	נְבִיאַ֗יִךְ		global-review-known-rendering	safe	0.7726	approved	0				global known-rendering assignment; lexical score 0.62
2:14	16	not		8	לֹֽא		global-review-known-rendering	safe	0.6789	approved	0				global known-rendering assignment; lexical score 0.53
2:15	1	All		4	כָּל		global-review-known-rendering	safe	0.7585	approved	0				global known-rendering assignment; lexical score 0.61
2:15	17	their		10	רֹאשָׁ֔ם		attached-word	safe	0.665	approved	0				PossessivePronoun of 'heads'
2:15	18	heads		10	רֹאשָׁ֔ם		global-review-known-rendering	safe	0.765	approved	0				global known-rendering assignment; lexical score 0.61
2:15	20	the				expands	supplied-article	safe	0.7727	approved	0				article the original does not write; rests on 'daughter' → 'בַּ֖ת'
2:15	21	daughter		12	בַּ֖ת		global-review-known-rendering	safe	0.7727	approved	0				global known-rendering assignment; lexical score 0.62
2:15	22	of		13	יְרוּשָׁלִָ֑ם		attached-word	safe	0.66	approved	0				Genitive of 'Jerusalem'
2:15	23	Jerusalem		13	יְרוּשָׁלִָ֑ם		global-review-known-rendering	safe	0.76	approved	0				global known-rendering assignment; lexical score 0.61
2:15	25	saying		18	שֶׁ		global-review-known-rendering	safe	0.7879	approved	0				global known-rendering assignment; lexical score 0.64
2:15	28	the		16	הָ		attached-word	safe	0.61	approved	0				Article of 'town'
2:15	29	town		17	עִ֗יר		global-review-known-rendering	safe	0.71	approved	0				global known-rendering assignment; lexical score 0.56
2:15	40	all		24	כָל		global-review-known-rendering	safe	0.7585	approved	0				global known-rendering assignment; lexical score 0.61
2:15	41	the		25	הָ		attached-word	safe	0.644	approved	0				Article of 'earth'
2:15	42	earth		26	אָֽרֶץ		global-review-known-rendering	safe	0.744	approved	0				global known-rendering assignment; lexical score 0.59
2:16	1	All		4	כָּל		global-review-known-rendering	safe	0.7585	approved	0				global known-rendering assignment; lexical score 0.61
2:16	6	their		3	פִּיהֶם֙		attached-word	safe	0.6357	approved	0				PossessivePronoun of 'mouths'
2:16	7	mouths		3	פִּיהֶם֙		global-review-known-rendering	safe	0.7357	approved	0				global known-rendering assignment; lexical score 0.59
2:16	14	whistling		6	שָֽׁרְקוּ֙		global-review-known-rendering	safe	0.6875	approved	0				global known-rendering assignment; lexical score 0.54
2:16	17	teeth		9	שֵׁ֔ן		global-review-known-rendering	safe	0.7027	approved	0				global known-rendering assignment; lexical score 0.55
2:16	19	say		10	אָמְר֖וּ		global-review-known-rendering	safe	0.7663	approved	0				global known-rendering assignment; lexical score 0.62
2:16	30	the		14	הַ		attached-word	safe	0.6656	approved	0				Article of 'day'
2:16	31	day		15	יֹּ֛ום		global-review-known-rendering	safe	0.7656	approved	0				global known-rendering assignment; lexical score 0.62
2:16	42	seen		19	רָאִֽינוּ		global-review-known-rendering	safe	0.7145	approved	0				global known-rendering assignment; lexical score 0.56
2:17				16	וַ	omits	unrendered-conjunction	safe	0.6052	approved	0				conjunction no word of the verse renders; rests on 'glad' → 'יְשַׂמַּ֤ח'
2:17	1	The				expands	supplied-article	safe	0.7289	approved	0				article the original does not write; rests on 'Lord' → 'יְהוָ֜ה'
2:17	2	Lord		2	יְהוָ֜ה		global-review-known-rendering	safe	0.7289	approved	0				global known-rendering assignment; lexical score 0.58
2:17	4	done		1	עָשָׂ֨ה		global-review-known-rendering	safe	0.6998	approved	0				global known-rendering assignment; lexical score 0.55
2:17	6	which		3	אֲשֶׁ֣ר		global-review-known-rendering	safe	0.6693	approved	0				global known-rendering assignment; lexical score 0.52
2:17	17	which		7	אֲשֶׁ֣ר		global-review-known-rendering	safe	0.6693	approved	0				global known-rendering assignment; lexical score 0.52
2:17	21	the				expands	supplied-article	safe	0.7789	approved	0				article the original does not write; rests on 'days' → 'ימֵי'
2:17	22	days		10	ימֵי		global-review-known-rendering	safe	0.7789	approved	0				global known-rendering assignment; lexical score 0.63
2:17	29	pity		15	חָמָ֑ל		global-review-known-rendering	safe	0.56	approved	0				global known-rendering assignment; lexical score 0.41
2:17	35	glad		17	יְשַׂמַּ֤ח		global-review-known-rendering	safe	0.6052	approved	0				global known-rendering assignment; lexical score 0.46
2:17	36	over		18	עָלַ֨יִךְ֙		global-review-known-rendering	safe	0.5666	approved	0				global known-rendering assignment; lexical score 0.42
2:17	40	the				expands	supplied-article	safe	0.7156	approved	0				article the original does not write; rests on 'horn' → 'קֶ֥רֶן'
2:17	41	horn		21	קֶ֥רֶן		global-review-known-rendering	safe	0.7156	approved	0				global known-rendering assignment; lexical score 0.57
2:18	11	of		6	בַּת		attached-word	safe	0.6727	approved	0				Genitive of 'daughter'
2:18	12	the				expands	supplied-article	safe	0.7727	approved	0				article the original does not write; rests on 'daughter' → 'בַּת'
2:18	13	daughter		6	בַּת		global-review-known-rendering	safe	0.7727	approved	0				global known-rendering assignment; lexical score 0.62
2:18	14	of		7	צִ֠יֹּון		attached-word	safe	0.6513	approved	0				Genitive of 'Zion'
2:18	15	Zion		7	צִ֠יֹּון		global-review-known-rendering	safe	0.7513	approved	0				global known-rendering assignment; lexical score 0.60
2:18	23	a				expands	supplied-indefinite-article	safe	0.665	approved	0				indefinite article; rests on 'stream' → 'נַּ֤חַל'
2:18	24	stream		11	נַּ֤חַל		global-review-known-rendering	safe	0.665	approved	0				global known-rendering assignment; lexical score 0.52
2:18	27	night		15	לַ֔יְלָה		global-review-known-rendering	safe	0.7346	approved	0				global known-rendering assignment; lexical score 0.58
2:18	28	give		17	תִּתְּנִ֤י		global-review-known-rendering	safe	0.6517	approved	0				global known-rendering assignment; lexical score 0.50
2:18	34	your		23	עֵינֵֽךְ		attached-word	safe	0.6842	approved	0				PossessivePronoun of 'eyes'
2:18	35	eyes		23	עֵינֵֽךְ		global-review-known-rendering	safe	0.7842	approved	0				global known-rendering assignment; lexical score 0.63
2:19	5	the		4			attached-word	safe	0.6346	approved	0				Article of 'night'
2:19	6	night		5	ליל		global-review-known-rendering	safe	0.7346	approved	0				global known-rendering assignment; lexical score 0.58
2:19	14	your		13	לִבֵּ֔ךְ		attached-word	safe	0.5437	approved	0				PossessivePronoun of 'heart'
2:19	15	heart		13	לִבֵּ֔ךְ		global-review-known-rendering	safe	0.6437	approved	0				global known-rendering assignment; lexical score 0.49
2:19	20	water		12	מַּ֨יִם֙		global-review-known-rendering	safe	0.7745	approved	0				global known-rendering assignment; lexical score 0.62
2:19	22	the				expands	supplied-article	safe	0.739	approved	0				article the original does not write; rests on 'face' → 'פְּנֵ֣י'
2:19	23	face		15	פְּנֵ֣י		global-review-known-rendering	safe	0.739	approved	0				global known-rendering assignment; lexical score 0.59
2:19	50	the				expands	supplied-article	safe	0.6597	approved	0				article the original does not write; rests on 'top' → 'רֹ֥אשׁ'
2:19	51	top		28	רֹ֥אשׁ		global-review-known-rendering	safe	0.6597	approved	0				global known-rendering assignment; lexical score 0.51
2:20	3	Lord		2	יְהוָה֙		global-review-known-rendering	safe	0.7289	approved	0				global known-rendering assignment; lexical score 0.58
2:20	4	see		1	רְאֵ֤ה		global-review-known-rendering	safe	0.7065	approved	0				global known-rendering assignment; lexical score 0.56
2:20	12	the				expands	supplied-article	safe	0.6809	approved	0				article the original does not write; rests on 'women' → 'נָשִׁ֤ים'
2:20	13	women		11	נָשִׁ֤ים		global-review-known-rendering	safe	0.6809	approved	0				global known-rendering assignment; lexical score 0.53
2:20	19	the				expands	supplied-article	safe	0.6588	approved	0				article the original does not write; rests on 'fruit' → 'פִּרְיָם֙'
2:20	20	fruit		12	פִּרְיָם֙		global-review-known-rendering	safe	0.6588	approved	0				global known-rendering assignment; lexical score 0.51
2:20	26	who		6	מִ֖י		global-review-known-rendering	safe	0.5988	approved	0				global known-rendering assignment; lexical score 0.45
2:20	33	the				expands	supplied-article	safe	0.7905	approved	0				article the original does not write; rests on 'priest' → 'כֹּהֵ֥ן'
2:20	34	priest		20	כֹּהֵ֥ן		global-review-known-rendering	safe	0.7905	approved	0				global known-rendering assignment; lexical score 0.64
2:20	36	the				expands	supplied-article	safe	0.7738	approved	0				article the original does not write; rests on 'prophet' → 'נָבִֽיא'
2:20	37	prophet		22	נָבִֽיא		global-review-known-rendering	safe	0.7738	approved	0				global known-rendering assignment; lexical score 0.62
2:21	10	the		3			attached-word	safe	0.644	approved	0				Article of 'earth'
2:21	11	earth		4	אָ֤רֶץ		global-review-known-rendering	safe	0.744	approved	0				global known-rendering assignment; lexical score 0.59
2:21	15	my		9	בְּתוּלֹתַ֥י		attached-word	safe	0.6357	approved	0				PossessivePronoun of 'virgins'
2:21	16	virgins		9	בְּתוּלֹתַ֥י		global-review-known-rendering	safe	0.7357	approved	0				global known-rendering assignment; lexical score 0.59
2:21	25	the		14			attached-word	safe	0.6805	approved	0				Article of 'sword'
2:21	26	sword		15	חָ֑רֶב		global-review-known-rendering	safe	0.7805	approved	0				global known-rendering assignment; lexical score 0.63
2:21	34	the				expands	supplied-article	safe	0.7656	approved	0				article the original does not write; rests on 'day' → 'יֹ֣ום'
2:21	35	day		18	יֹ֣ום		global-review-known-rendering	safe	0.7656	approved	0				global known-rendering assignment; lexical score 0.62
2:21	42	pity		22	חָמָֽלְתָּ		global-review-known-rendering	safe	0.56	approved	0				global known-rendering assignment; lexical score 0.41
2:22	3	the				expands	supplied-article	safe	0.7656	approved	0				article the original does not write; rests on 'day' → 'יֹ֨ום'
2:22	4	day		3	יֹ֨ום		global-review-known-rendering	safe	0.7656	approved	0				global known-rendering assignment; lexical score 0.62
2:22	14	round		7	סָּבִ֔יב		global-review-known-rendering	safe	0.7214	approved	0				global known-rendering assignment; lexical score 0.57
2:22	29	the				expands	supplied-article	safe	0.7656	approved	0				article the original does not write; rests on 'day' → 'יֹ֥ום'
2:22	30	day		12	יֹ֥ום		global-review-known-rendering	safe	0.7656	approved	0				global known-rendering assignment; lexical score 0.62
2:22	32	the				expands	supplied-article	safe	0.7068	approved	0				article the original does not write; rests on 'Lord's' → 'יְהוָ֖ה'
2:22	33	Lord's		14	יְהוָ֖ה		global-review-known-rendering	safe	0.7068	approved	0				global known-rendering assignment; lexical score 0.56
2:22	42	whom		18	אֲשֶׁר		global-review-known-rendering	safe	0.649	approved	0				global known-rendering assignment; lexical score 0.50
3:1	7	seen		4	רָאָ֣ה		global-review-known-rendering	safe	0.71	approved	0				global known-rendering assignment; lexical score 0.56
3:2	16	light		8	אֹֽור		global-review-known-rendering	safe	0.6277	approved	0				global known-rendering assignment; lexical score 0.48
3:3	4	his		5	יָדֹ֖ו		attached-word	safe	0.5696	approved	0				PossessivePronoun of 'hand'
3:3	5	hand		5	יָדֹ֖ו		global-review-known-rendering	safe	0.6696	approved	0				global known-rendering assignment; lexical score 0.52
3:3	9	again		3	יָשֻׁ֛ב		global-review-known-rendering	safe	0.5668	approved	0				global known-rendering assignment; lexical score 0.42
3:3	12	all		6	כָּל		global-review-known-rendering	safe	0.7586	approved	0				global known-rendering assignment; lexical score 0.61
3:3	13	the		7	הַ		attached-word	safe	0.6653	approved	0				Article of 'day'
3:3	14	day		8	יֹּֽום		global-review-known-rendering	safe	0.7653	approved	0				global known-rendering assignment; lexical score 0.62
3:4	1	My		2	בְשָׂרִי֙		attached-word	safe	0.6507	approved	0				PossessivePronoun of 'flesh'
3:4	2	flesh		2	בְשָׂרִי֙		global-review-known-rendering	safe	0.7507	approved	0				global known-rendering assignment; lexical score 0.60
3:4	4	my		4	עֹורִ֔י		attached-word	safe	0.6662	approved	0				PossessivePronoun of 'skin'
3:4	5	skin		4	עֹורִ֔י		global-review-known-rendering	safe	0.7663	approved	0				global known-rendering assignment; lexical score 0.62
3:4	13	my		6	עַצְמֹותָֽי		attached-word	safe	0.6621	approved	0				PossessivePronoun of 'bones'
3:4	14	bones		6	עַצְמֹותָֽי		global-review-known-rendering	safe	0.7621	approved	0				global known-rendering assignment; lexical score 0.61
3:6	14	dead		5	מֵתֵ֥י		global-review-known-rendering	safe	0.6901	approved	0				global known-rendering assignment; lexical score 0.54
3:7	12	not		4	לֹ֥א		global-review-known-rendering	safe	0.679	approved	0				global known-rendering assignment; lexical score 0.53
3:8	12	my		7	תְּפִלָּתִֽי		attached-word	safe	0.6591	approved	0				PossessivePronoun of 'prayer'
3:8	13	prayer		7	תְּפִלָּתִֽי		global-review-known-rendering	safe	0.7591	approved	0				global known-rendering assignment; lexical score 0.61
3:9	11	my		2	דְּרָכַי֙		attached-word	safe	0.6146	approved	0				PossessivePronoun of 'ways'
3:9	12	ways		2	דְּרָכַי֙		global-review-known-rendering	safe	0.7146	approved	0				global known-rendering assignment; lexical score 0.56
3:10	10	a				expands	supplied-indefinite-article	safe	0.619	approved	0				indefinite article; rests on 'lion' → 'אריה'
3:10	11	lion		5	אריה		global-review-known-rendering	safe	0.619	approved	0				global known-rendering assignment; lexical score 0.47
3:11	3	my		1	דְּרָכַ֥י		attached-word	safe	0.6146	approved	0				PossessivePronoun of 'ways'
3:11	4	ways		1	דְּרָכַ֥י		global-review-known-rendering	safe	0.7146	approved	0				global known-rendering assignment; lexical score 0.56
3:12				9		omits	unrendered-article	safe	0.6615	approved	0				article no the of the verse renders; rests on 'arrows' → 'חֵֽץ'
3:12	2	his		2	קַשְׁתֹּו֙		attached-word	safe	0.521	approved	0				PossessivePronoun of 'bow'
3:12	3	bow		2	קַשְׁתֹּו֙		global-review-known-rendering	safe	0.621	approved	0				global known-rendering assignment; lexical score 0.47
3:12	4	bent		1	דָּרַ֤ךְ		global-review-known-rendering	safe	0.7357	approved	0				global known-rendering assignment; lexical score 0.59
3:12	13	arrows		10	חֵֽץ		global-review-known-rendering	safe	0.6615	approved	0				global known-rendering assignment; lexical score 0.51
3:14	3	become		1	הָיִ֤יתִי		global-review-known-rendering	safe	0.6701	approved	0				global known-rendering assignment; lexical score 0.52
3:14	7	all		4	כָל		global-review-known-rendering	safe	0.7586	approved	0				global known-rendering assignment; lexical score 0.61
3:14	8	the				expands	supplied-article	safe	0.767	approved	0				article the original does not write; rests on 'peoples' → 'עַמִּ֔י'
3:14	9	peoples		5	עַמִּ֔י		global-review-known-rendering	safe	0.767	approved	0				global known-rendering assignment; lexical score 0.62
3:14	14	all		7	כָּל		global-review-known-rendering	safe	0.7586	approved	0				global known-rendering assignment; lexical score 0.61
3:14	15	the		8	הַ		attached-word	safe	0.6653	approved	0				Article of 'day'
3:14	16	day		9	יֹּֽום		global-review-known-rendering	safe	0.7653	approved	0				global known-rendering assignment; lexical score 0.62
3:16	3	my		6	שִׁנָּ֔י		attached-word	safe	0.6027	approved	0				PossessivePronoun of 'teeth'
3:16	4	teeth		6	שִׁנָּ֔י		global-review-known-rendering	safe	0.7027	approved	0				global known-rendering assignment; lexical score 0.55
3:17	1	My		5	נַפְשִׁ֖י		attached-word	safe	0.6932	approved	0				PossessivePronoun of 'soul'
3:17	2	soul		5	נַפְשִׁ֖י		global-review-known-rendering	safe	0.7932	approved	0				global known-rendering assignment; lexical score 0.64
3:17	8	peace		4	שָּׁלֹ֛ום		global-review-known-rendering	safe	0.597	approved	0				global known-rendering assignment; lexical score 0.45
3:17	15	good		7	טֹובָֽה		global-review-known-rendering	safe	0.6849	approved	0				global known-rendering assignment; lexical score 0.53
3:18	3	said		2	אֹמַר֙		global-review-known-rendering	safe	0.7772	approved	0				global known-rendering assignment; lexical score 0.63
3:18	13	the				expands	supplied-article	safe	0.7287	approved	0				article the original does not write; rests on 'Lord' → 'יְהוָֽה'
3:18	14	Lord		8	יְהוָֽה		global-review-known-rendering	safe	0.7287	approved	0				global known-rendering assignment; lexical score 0.58
3:20	1	My		6	נַפְשִֽׁי		attached-word	safe	0.6932	approved	0				PossessivePronoun of 'soul'
3:20	2	soul		6	נַפְשִֽׁי		global-review-known-rendering	safe	0.7932	approved	0				global known-rendering assignment; lexical score 0.64
3:22	4	the				expands	supplied-article	safe	0.7068	approved	0				article the original does not write; rests on 'Lord's' → 'יְהוָה֙'
3:22	5	Lord's		2	יְהוָה֙		global-review-known-rendering	safe	0.7068	approved	0				global known-rendering assignment; lexical score 0.56
3:22	10	not		4	לֹא		global-review-known-rendering	safe	0.679	approved	0				global known-rendering assignment; lexical score 0.53
3:22	15	his		9	רַחֲמָֽיו		attached-word	safe	0.5586	approved	0				PossessivePronoun of 'mercies'
3:22	16	mercies		9	רַחֲמָֽיו		global-review-known-rendering	safe	0.6586	approved	0				global known-rendering assignment; lexical score 0.51
3:23				3		omits	unrendered-article	safe	0.7522	approved	0				article no the of the verse renders; rests on 'morning' → 'בְּקָרִ֔ים'
3:23	3	new		1	חֲדָשִׁים֙		global-review-known-rendering	safe	0.6086	approved	0				global known-rendering assignment; lexical score 0.46
3:23	5	morning		4	בְּקָרִ֔ים		global-review-known-rendering	safe	0.7522	approved	0				global known-rendering assignment; lexical score 0.60
3:24	2	said		3	אָמְרָ֣ה		global-review-known-rendering	safe	0.7772	approved	0				global known-rendering assignment; lexical score 0.63
3:24	5	The				expands	supplied-article	safe	0.7287	approved	0				article the original does not write; rests on 'Lord' → 'יְהוָה֙'
3:24	6	Lord		2	יְהוָה֙		global-review-known-rendering	safe	0.7287	approved	0				global known-rendering assignment; lexical score 0.58
3:25	1	The				expands	supplied-article	safe	0.7287	approved	0				article the original does not write; rests on 'Lord' → 'יְהוָה֙'
3:25	2	Lord		2	יְהוָה֙		global-review-known-rendering	safe	0.7287	approved	0				global known-rendering assignment; lexical score 0.58
3:25	4	good		1	טֹ֤וב		global-review-known-rendering	safe	0.6849	approved	0				global known-rendering assignment; lexical score 0.53
3:25	13	the				expands	supplied-article	safe	0.7932	approved	0				article the original does not write; rests on 'soul' → 'נֶ֖פֶשׁ'
3:25	14	soul		6	נֶ֖פֶשׁ		global-review-known-rendering	safe	0.7932	approved	0				global known-rendering assignment; lexical score 0.64
3:26	3	good		1	טֹ֤וב		global-review-known-rendering	safe	0.6849	approved	0				global known-rendering assignment; lexical score 0.53
3:26	14	of		8	יְהוָֽה		attached-word	safe	0.6287	approved	0				Genitive of 'Lord'
3:26	15	the				expands	supplied-article	safe	0.7287	approved	0				article the original does not write; rests on 'Lord' → 'יְהוָֽה'
3:26	16	Lord		8	יְהוָֽה		global-review-known-rendering	safe	0.7287	approved	0				global known-rendering assignment; lexical score 0.58
3:27	3	good		1	טֹ֣וב		global-review-known-rendering	safe	0.6849	approved	0				global known-rendering assignment; lexical score 0.53
3:27	9	the				expands	supplied-article	safe	0.6579	approved	0				article the original does not write; rests on 'yoke' → 'עֹ֖ל'
3:27	10	yoke		7	עֹ֖ל		global-review-known-rendering	safe	0.6579	approved	0				global known-rendering assignment; lexical score 0.51
3:29	4	his		5	פִּ֔יהוּ		attached-word	safe	0.6143	approved	0				PossessivePronoun of 'mouth'
3:29	5	mouth		5	פִּ֔יהוּ		global-review-known-rendering	safe	0.7143	approved	0				global known-rendering assignment; lexical score 0.56
3:29	7	the		3			attached-word	safe	0.6308	approved	0				Article of 'dust'
3:29	8	dust		4	עָפָר֙		global-review-known-rendering	safe	0.7308	approved	0				global known-rendering assignment; lexical score 0.58
3:30	9	gives		1	יִתֵּ֧ן		global-review-known-rendering	safe	0.6541	approved	0				global known-rendering assignment; lexical score 0.50
3:31	5	not		2	לֹ֥א		global-review-known-rendering	safe	0.679	approved	0				global known-rendering assignment; lexical score 0.53
3:31	11	ever		5	עֹולָ֖ם		global-review-known-rendering	safe	0.6353	approved	0				global known-rendering assignment; lexical score 0.49
3:33	12	the				expands	supplied-article	safe	0.7611	approved	0				article the original does not write; rests on 'children' → 'בְּנֵי'
3:33	13	children		8	בְּנֵי		global-review-known-rendering	safe	0.7611	approved	0				global known-rendering assignment; lexical score 0.61
3:33	14	of		9	אִֽישׁ		attached-word	safe	0.4619	approved	0				Genitive of 'men'
3:33	15	men		9	אִֽישׁ		global-review-known-rendering	safe	0.5619	approved	0				global known-rendering assignment; lexical score 0.41
3:34	5	under		3	תַּ֣חַת		global-review-known-rendering	safe	0.6598	approved	0				global known-rendering assignment; lexical score 0.51
3:34	6	his		4	רַגְלָ֔יו		attached-word	safe	0.6368	approved	0				PossessivePronoun of 'feet'
3:34	7	feet		4	רַגְלָ֔יו		global-review-known-rendering	safe	0.7368	approved	0				global known-rendering assignment; lexical score 0.59
3:34	8	all		5	כֹּ֖ל		global-review-known-rendering	safe	0.7586	approved	0				global known-rendering assignment; lexical score 0.61
3:34	11	of		7	אָֽרֶץ		attached-word	safe	0.6442	approved	0				Genitive of 'earth'
3:34	12	the				expands	supplied-article	safe	0.7442	approved	0				article the original does not write; rests on 'earth' → 'אָֽרֶץ'
3:34	13	earth		7	אָֽרֶץ		global-review-known-rendering	safe	0.7442	approved	0				global known-rendering assignment; lexical score 0.59
3:35	11	the				expands	supplied-article	safe	0.739	approved	0				article the original does not write; rests on 'face' → 'פְּנֵ֥י'
3:35	12	face		6	פְּנֵ֥י		global-review-known-rendering	safe	0.739	approved	0				global known-rendering assignment; lexical score 0.59
3:37	1	Who		1	מִ֣י		global-review-known-rendering	safe	0.5988	approved	0				global known-rendering assignment; lexical score 0.45
3:37	5	say		3	אָמַר֙		global-review-known-rendering	safe	0.7664	approved	0				global known-rendering assignment; lexical score 0.62
3:37	16	not		7	לֹ֥א		global-review-known-rendering	safe	0.679	approved	0				global known-rendering assignment; lexical score 0.53
3:38	2	not		4	לֹ֣א		global-review-known-rendering	safe	0.679	approved	0				global known-rendering assignment; lexical score 0.53
3:38	3	evil		7	רָעֹ֖ות		global-review-known-rendering	safe	0.7308	approved	0				global known-rendering assignment; lexical score 0.58
3:38	5	good		10	טֹּֽוב		global-review-known-rendering	safe	0.6849	approved	0				global known-rendering assignment; lexical score 0.53
3:38	8	the				expands	supplied-article	safe	0.7143	approved	0				article the original does not write; rests on 'mouth' → 'פִּ֤י'
3:38	9	mouth		2	פִּ֤י		global-review-known-rendering	safe	0.7143	approved	0				global known-rendering assignment; lexical score 0.56
3:39	1	What		1	מַה		global-review-known-rendering	safe	0.6686	approved	0				global known-rendering assignment; lexical score 0.52
3:39	4	a				expands	supplied-indefinite-article	safe	0.7657	approved	0				indefinite article; rests on 'living' → 'חָ֔י'
3:39	5	living		4	חָ֔י		global-review-known-rendering	safe	0.7657	approved	0				global known-rendering assignment; lexical score 0.62
3:40	7	our		2	דְרָכֵ֨ינוּ֙		attached-word	safe	0.6146	approved	0				PossessivePronoun of 'ways'
3:40	8	ways		2	דְרָכֵ֨ינוּ֙		global-review-known-rendering	safe	0.7146	approved	0				global known-rendering assignment; lexical score 0.56
3:40	13	again		6	נָשׁ֖וּבָה		global-review-known-rendering	safe	0.5668	approved	0				global known-rendering assignment; lexical score 0.42
3:40	15	the				expands	supplied-article	safe	0.7287	approved	0				article the original does not write; rests on 'Lord' → 'יְהוָֽה'
3:40	16	Lord		8	יְהוָֽה		global-review-known-rendering	safe	0.7287	approved	0				global known-rendering assignment; lexical score 0.58
3:41	11	the		8			attached-word	safe	0.6752	approved	0				Article of 'heavens'
3:41	12	heavens		9	שָּׁמָֽיִם		global-review-known-rendering	safe	0.7752	approved	0				global known-rendering assignment; lexical score 0.63
3:42	12	not		6	לֹ֥א		global-review-known-rendering	safe	0.679	approved	0				global known-rendering assignment; lexical score 0.53
3:43	14	pity		9	חָמָֽלְתָּ		global-review-known-rendering	safe	0.56	approved	0				global known-rendering assignment; lexical score 0.41
3:44				3		omits	unrendered-article	safe	0.7372	approved	0				article no the of the verse renders; rests on 'cloud' → 'עָנָן֙'
3:44	4	a				expands	supplied-indefinite-article	safe	0.7372	approved	0				indefinite article; rests on 'cloud' → 'עָנָן֙'
3:44	5	cloud		4	עָנָן֙		global-review-known-rendering	safe	0.7372	approved	0				global known-rendering assignment; lexical score 0.59
3:44	8	prayer		8	תְּפִלָּֽה		global-review-known-rendering	safe	0.7591	approved	0				global known-rendering assignment; lexical score 0.61
3:45	16	the		7	הָ		attached-word	safe	0.667	approved	0				Article of 'peoples'
3:45	17	peoples		8	עַמִּֽים		global-review-known-rendering	safe	0.767	approved	0				global known-rendering assignment; lexical score 0.62
3:46	1	The				expands	supplied-article	safe	0.7308	approved	0				article the original does not write; rests on 'mouths' → 'פִּיהֶ֖ם'
3:46	2	mouths		3	פִּיהֶ֖ם		global-review-known-rendering	safe	0.7308	approved	0				global known-rendering assignment; lexical score 0.58
3:46	4	all		4	כָּל		global-review-known-rendering	safe	0.7586	approved	0				global known-rendering assignment; lexical score 0.61
3:48	2	of		2	מַ֨יִם֙		attached-word	safe	0.6745	approved	0				Genitive of 'water'
3:48	3	water		2	מַ֨יִם֙		global-review-known-rendering	safe	0.7745	approved	0				global known-rendering assignment; lexical score 0.62
3:48	8	my		4	עֵינִ֔י		attached-word	safe	0.6842	approved	0				PossessivePronoun of 'eyes'
3:48	9	eyes		4	עֵינִ֔י		global-review-known-rendering	safe	0.7842	approved	0				global known-rendering assignment; lexical score 0.63
3:48	13	of		7	בַּת		attached-word	safe	0.6736	approved	0				Genitive of 'daughter'
3:48	14	the				expands	supplied-article	safe	0.7736	approved	0				article the original does not write; rests on 'daughter' → 'בַּת'
3:48	15	daughter		7	בַּת		global-review-known-rendering	safe	0.7736	approved	0				global known-rendering assignment; lexical score 0.62
3:48	16	of		8	עַמִּֽי		attached-word	safe	0.5672	approved	0				Genitive of 'my'
3:48	17	my		8	עַמִּֽי		attached-word	safe	0.6672	approved	0				PossessivePronoun of 'people'
3:48	18	people		8	עַמִּֽי		global-review-known-rendering	safe	0.7672	approved	0				global known-rendering assignment; lexical score 0.62
3:49	1	My		1	עֵינִ֧י		attached-word	safe	0.6842	approved	0				PossessivePronoun of 'eyes'
3:49	2	eyes		1	עֵינִ֧י		global-review-known-rendering	safe	0.7842	approved	0				global known-rendering assignment; lexical score 0.63
3:50				3	וְ	omits	unrendered-conjunction	safe	0.6678	approved	0				conjunction no word of the verse renders; rests on 'sees' → 'יֵ֔רֶא'
3:50	1	Till		1	עַד		global-review-known-rendering	safe	0.6272	approved	0				global known-rendering assignment; lexical score 0.48
3:50	2	the				expands	supplied-article	safe	0.7068	approved	0				article the original does not write; rests on 'Lord's' → 'יְהוָ֖ה'
3:50	3	Lord's		5	יְהוָ֖ה		global-review-known-rendering	safe	0.7068	approved	0				global known-rendering assignment; lexical score 0.56
3:50	11	sees		4	יֵ֔רֶא		global-review-known-rendering	safe	0.6678	approved	0				global known-rendering assignment; lexical score 0.52
3:50	15	heaven		7	שָּׁמָֽיִם		global-review-known-rendering	safe	0.7279	approved	0				global known-rendering assignment; lexical score 0.58
3:51	6	my		4	נַפְשִׁ֔י		attached-word	safe	0.6932	approved	0				PossessivePronoun of 'soul'
3:51	7	soul		4	נַפְשִׁ֔י		global-review-known-rendering	safe	0.7932	approved	0				global known-rendering assignment; lexical score 0.64
3:51	9	than		5	מִ		global-review-known-rendering	safe	0.5849	approved	0				global known-rendering assignment; lexical score 0.43
3:51	10	all		6	כֹּ֖ל		global-review-known-rendering	safe	0.7586	approved	0				global known-rendering assignment; lexical score 0.61
3:51	11	the				expands	supplied-article	safe	0.7589	approved	0				article the original does not write; rests on 'daughters' → 'בְּנֹ֥ות'
3:51	12	daughters		7	בְּנֹ֥ות		global-review-known-rendering	safe	0.7589	approved	0				global known-rendering assignment; lexical score 0.61
3:51	13	of		8	עִירִֽי		attached-word	safe	0.51	approved	0				Genitive of 'my'
3:51	14	my		8	עִירִֽי		attached-word	safe	0.61	approved	0				PossessivePronoun of 'town'
3:51	15	town		8	עִירִֽי		global-review-known-rendering	safe	0.71	approved	0				global known-rendering assignment; lexical score 0.56
3:52				4		omits	unrendered-article	safe	0.6788	approved	0				article no the of the verse renders; rests on 'bird' → 'צִּפֹּ֖ור'
3:52	17	a				expands	supplied-indefinite-article	safe	0.6788	approved	0				indefinite article; rests on 'bird' → 'צִּפֹּ֖ור'
3:52	18	bird		5	צִּפֹּ֖ור		global-review-known-rendering	safe	0.6788	approved	0				global known-rendering assignment; lexical score 0.53
3:53	15	stones		8	אֶ֖בֶן		global-review-known-rendering	safe	0.7413	approved	0				global known-rendering assignment; lexical score 0.59
3:54	1	Waters		2	מַ֥יִם		global-review-known-rendering	safe	0.7786	approved	0				global known-rendering assignment; lexical score 0.63
3:54	4	over		3	עַל		global-review-known-rendering	safe	0.5666	approved	0				global known-rendering assignment; lexical score 0.42
3:54	5	my		4	רֹאשִׁ֖י		attached-word	safe	0.6391	approved	0				PossessivePronoun of 'head'
3:54	6	head		4	רֹאשִׁ֖י		global-review-known-rendering	safe	0.7391	approved	0				global known-rendering assignment; lexical score 0.59
3:54	8	said		5	אָמַ֥רְתִּי		global-review-known-rendering	safe	0.7772	approved	0				global known-rendering assignment; lexical score 0.63
3:55	6	your		2	שִׁמְךָ֙		attached-word	safe	0.6896	approved	0				PossessivePronoun of 'name'
3:55	7	name		2	שִׁמְךָ֙		global-review-known-rendering	safe	0.7896	approved	0				global known-rendering assignment; lexical score 0.64
3:55	9	Lord		3	יְהוָ֔ה		global-review-known-rendering	safe	0.7287	approved	0				global known-rendering assignment; lexical score 0.58
3:56	1	My		1	קֹולִ֖י		attached-word	safe	0.6859	approved	0				PossessivePronoun of 'voice'
3:56	2	voice		1	קֹולִ֖י		global-review-known-rendering	safe	0.7859	approved	0				global known-rendering assignment; lexical score 0.64
3:56	8	your		5	אָזְנְךָ֛		attached-word	safe	0.5534	approved	0				PossessivePronoun of 'ear'
3:56	9	ear		5	אָזְנְךָ֛		global-review-known-rendering	safe	0.6534	approved	0				global known-rendering assignment; lexical score 0.50
3:57	5	the				expands	supplied-article	safe	0.7653	approved	0				article the original does not write; rests on 'day' → 'יֹ֣ום'
3:57	6	day		3	יֹ֣ום		global-review-known-rendering	safe	0.7653	approved	0				global known-rendering assignment; lexical score 0.62
3:57	15	said		5	אָמַ֖רְתָּ		global-review-known-rendering	safe	0.7772	approved	0				global known-rendering assignment; lexical score 0.63
3:58	9	of		4	נַפְשִׁ֖י		attached-word	safe	0.5932	approved	0				Genitive of 'my'
3:58	10	my		4	נַפְשִׁ֖י		attached-word	safe	0.6932	approved	0				PossessivePronoun of 'soul'
3:58	11	soul		4	נַפְשִׁ֖י		global-review-known-rendering	safe	0.7932	approved	0				global known-rendering assignment; lexical score 0.64
3:59	2	Lord		2	יְהוָה֙		global-review-known-rendering	safe	0.7287	approved	0				global known-rendering assignment; lexical score 0.58
3:59	5	seen		1	רָאִ֤יתָה		global-review-known-rendering	safe	0.71	approved	0				global known-rendering assignment; lexical score 0.56
3:59	9	judge		4	שָׁפְטָ֖ה		global-review-known-rendering	safe	0.6909	approved	0				global known-rendering assignment; lexical score 0.54
3:60	3	seen		1	רָאִ֨יתָה֙		global-review-known-rendering	safe	0.71	approved	0				global known-rendering assignment; lexical score 0.56
3:60	4	all		2	כָּל		global-review-known-rendering	safe	0.7586	approved	0				global known-rendering assignment; lexical score 0.61
3:60	14	all		4	כָּל		global-review-known-rendering	safe	0.7586	approved	0				global known-rendering assignment; lexical score 0.61
3:61	10	Lord		3	יְהוָ֔ה		global-review-known-rendering	safe	0.7287	approved	0				global known-rendering assignment; lexical score 0.58
3:61	12	all		4	כָּל		global-review-known-rendering	safe	0.7586	approved	0				global known-rendering assignment; lexical score 0.61
3:62	1	The				expands	supplied-article	safe	0.7839	approved	0				article the original does not write; rests on 'lips' → 'שִׂפְתֵ֤י'
3:62	2	lips		1	שִׂפְתֵ֤י		global-review-known-rendering	safe	0.7839	approved	0				global known-rendering assignment; lexical score 0.63
3:62	15	all		6	כָּל		global-review-known-rendering	safe	0.7586	approved	0				global known-rendering assignment; lexical score 0.61
3:62	16	the		7	הַ		attached-word	safe	0.6653	approved	0				Article of 'day'
3:62	17	day		8	יֹּֽום		global-review-known-rendering	safe	0.7653	approved	0				global known-rendering assignment; lexical score 0.62
3:64	8	Lord		4	יְהוָ֖ה		global-review-known-rendering	safe	0.7287	approved	0				global known-rendering assignment; lexical score 0.58
3:64	13	of		7	יְדֵיהֶֽם		attached-word	safe	0.4725	approved	0				Genitive of 'their'
3:64	14	their		7	יְדֵיהֶֽם		attached-word	safe	0.5725	approved	0				PossessivePronoun of 'hands'
3:64	15	hands		7	יְדֵיהֶֽם		global-review-known-rendering	safe	0.6725	approved	0				global known-rendering assignment; lexical score 0.52
3:66	15	under		7	תַּ֖חַת		global-review-known-rendering	safe	0.6598	approved	0				global known-rendering assignment; lexical score 0.51
3:66	16	the				expands	supplied-article	safe	0.7752	approved	0				article the original does not write; rests on 'heavens' → 'שְׁמֵ֥י'
3:66	17	heavens		8	שְׁמֵ֥י		global-review-known-rendering	safe	0.7752	approved	0				global known-rendering assignment; lexical score 0.63
3:66	18	of		9	יְהוָֽה		attached-word	safe	0.6287	approved	0				Genitive of 'Lord'
3:66	19	the				expands	supplied-article	safe	0.7287	approved	0				article the original does not write; rests on 'Lord' → 'יְהוָֽה'
3:66	20	Lord		9	יְהוָֽה		global-review-known-rendering	safe	0.7287	approved	0				global known-rendering assignment; lexical score 0.58
4:1	4	the				expands	supplied-article	safe	0.7427	approved	0				article the original does not write; rests on 'gold' → 'זָהָ֔ב'
4:1	5	gold		3	זָהָ֔ב		global-review-known-rendering	safe	0.7427	approved	0				global known-rendering assignment; lexical score 0.59
4:1	12	the				expands	supplied-article	safe	0.7385	approved	0				article the original does not write; rests on 'stones' → 'אַבְנֵי'
4:1	13	stones		10	אַבְנֵי		global-review-known-rendering	safe	0.7385	approved	0				global known-rendering assignment; lexical score 0.59
4:1	14	of		11	קֹ֔דֶשׁ		attached-word	safe	0.5643	approved	0				Genitive of 'holy'
4:1	15	the				expands	supplied-article	safe	0.6643	approved	0				article the original does not write; rests on 'holy' → 'קֹ֔דֶשׁ'
4:1	16	holy		11	קֹ֔דֶשׁ		global-review-known-rendering	safe	0.6643	approved	0				global known-rendering assignment; lexical score 0.51
4:1	22	the				expands	supplied-article	safe	0.6597	approved	0				article the original does not write; rests on 'top' → 'רֹ֖אשׁ'
4:1	23	top		13	רֹ֖אשׁ		global-review-known-rendering	safe	0.6597	approved	0				global known-rendering assignment; lexical score 0.51
4:2	3	sons		1	בְּנֵ֤י		global-review-known-rendering	safe	0.7675	approved	0				global known-rendering assignment; lexical score 0.62
4:2	4	of		2	צִיֹּון֙		attached-word	safe	0.6525	approved	0				Genitive of 'Zion'
4:2	5	Zion		2	צִיֹּון֙		global-review-known-rendering	safe	0.7525	approved	0				global known-rendering assignment; lexical score 0.60
4:2	21	of		16	יְדֵ֥י		attached-word	safe	0.5709	approved	0				Genitive of 'hands'
4:2	22	the				expands	supplied-article	safe	0.6709	approved	0				article the original does not write; rests on 'hands' → 'יְדֵ֥י'
4:2	23	hands		16	יְדֵ֥י		global-review-known-rendering	safe	0.6709	approved	0				global known-rendering assignment; lexical score 0.52
4:2	24	of		17	יֹוצֵֽר		attached-word	safe	0.7	approved	0				Genitive of 'potter'
4:2	25	the				expands	supplied-article	safe	0.8	approved	0				article the original does not write; rests on 'potter' → 'יֹוצֵֽר'
4:2	26	potter		17	יֹוצֵֽר		global-review-known-rendering	safe	0.8	approved	0				global known-rendering assignment; lexical score 0.65
4:3	10	breasts		4	שַׁ֔ד		global-review-known-rendering	safe	0.6615	approved	0				global known-rendering assignment; lexical score 0.51
4:3	18	the				expands	supplied-article	safe	0.7732	approved	0				article the original does not write; rests on 'daughter' → 'בַּת'
4:3	19	daughter		7	בַּת		global-review-known-rendering	safe	0.7732	approved	0				global known-rendering assignment; lexical score 0.62
4:3	20	of		8	עַמִּ֣י		attached-word	safe	0.5672	approved	0				Genitive of 'my'
4:3	21	my		8	עַמִּ֣י		attached-word	safe	0.6672	approved	0				PossessivePronoun of 'people'
4:3	22	people		8	עַמִּ֣י		global-review-known-rendering	safe	0.7672	approved	0				global known-rendering assignment; lexical score 0.62
4:4	1	The				expands	supplied-article	safe	0.7613	approved	0				article the original does not write; rests on 'tongue' → 'לְשֹׁ֥ון'
4:4	2	tongue		2	לְשֹׁ֥ון		global-review-known-rendering	safe	0.7613	approved	0				global known-rendering assignment; lexical score 0.61
4:4	28	bread		11	לֶ֔חֶם		global-review-known-rendering	safe	0.7288	approved	0				global known-rendering assignment; lexical score 0.58
4:6	2	the				expands	supplied-article	safe	0.6364	approved	0				article the original does not write; rests on 'punishment' → 'עֲוֹ֣ן'
4:6	3	punishment		3	עֲוֹ֣ן		global-review-known-rendering	safe	0.6364	approved	0				global known-rendering assignment; lexical score 0.49
4:6	4	of		4	בַּת		attached-word	safe	0.6732	approved	0				Genitive of 'daughter'
4:6	5	the				expands	supplied-article	safe	0.7732	approved	0				article the original does not write; rests on 'daughter' → 'בַּת'
4:6	6	daughter		4	בַּת		global-review-known-rendering	safe	0.7732	approved	0				global known-rendering assignment; lexical score 0.62
4:6	7	of		5	עַמִּ֔י		attached-word	safe	0.5672	approved	0				Genitive of 'my'
4:6	8	my		5	עַמִּ֔י		attached-word	safe	0.6672	approved	0				PossessivePronoun of 'people'
4:6	9	people		5	עַמִּ֔י		global-review-known-rendering	safe	0.7672	approved	0				global known-rendering assignment; lexical score 0.62
4:6	12	than		6	מֵֽ		global-review-known-rendering	safe	0.5852	approved	0				global known-rendering assignment; lexical score 0.44
4:6	15	of		8	סְדֹ֑ם		attached-word	safe	0.7	approved	0				Genitive of 'Sodom'
4:6	16	Sodom		8	סְדֹ֑ם		global-review-known-rendering	safe	0.8	approved	0				global known-rendering assignment; lexical score 0.65
4:6	23	hand		17	יָדָֽיִם		global-review-known-rendering	safe	0.6697	approved	0				global known-rendering assignment; lexical score 0.52
4:7	6	than		3	מִ		global-review-known-rendering	safe	0.5852	approved	0				global known-rendering assignment; lexical score 0.44
4:7	7	snow		4	שֶּׁ֔לֶג		global-review-known-rendering	safe	0.6929	approved	0				global known-rendering assignment; lexical score 0.54
4:7	11	than		6	מֵ		global-review-known-rendering	safe	0.5852	approved	0				global known-rendering assignment; lexical score 0.44
4:7	12	milk		7	חָלָ֑ב		global-review-known-rendering	safe	0.7686	approved	0				global known-rendering assignment; lexical score 0.62
4:7	17	than		10	מִ		global-review-known-rendering	safe	0.5852	approved	0				global known-rendering assignment; lexical score 0.44
4:7	23	the				expands	supplied-article	safe	0.8	approved	0				article the original does not write; rests on 'sapphire' → 'סַפִּ֖יר'
4:7	24	sapphire		12	סַפִּ֖יר		global-review-known-rendering	safe	0.8	approved	0				global known-rendering assignment; lexical score 0.65
4:8				17		omits	unrendered-article	safe	0.7004	approved	0				article no the of the verse renders; rests on 'wood' → 'עֵֽץ'
4:8	5	than		2	מִ		global-review-known-rendering	safe	0.5852	approved	0				global known-rendering assignment; lexical score 0.44
4:8	16	their		11	עֹורָם֙		attached-word	safe	0.6662	approved	0				PossessivePronoun of 'skin'
4:8	17	skin		11	עֹורָם֙		global-review-known-rendering	safe	0.7663	approved	0				global known-rendering assignment; lexical score 0.62
4:8	21	their		13	עַצְמָ֔ם		attached-word	safe	0.6621	approved	0				PossessivePronoun of 'bones'
4:8	22	bones		13	עַצְמָ֔ם		global-review-known-rendering	safe	0.7621	approved	0				global known-rendering assignment; lexical score 0.61
4:8	28	become		15	הָיָ֥ה		global-review-known-rendering	safe	0.6721	approved	0				global known-rendering assignment; lexical score 0.52
4:8	30	wood		18	עֵֽץ		global-review-known-rendering	safe	0.7004	approved	0				global known-rendering assignment; lexical score 0.55
4:9	7	the				expands	supplied-article	safe	0.7805	approved	0				article the original does not write; rests on 'sword' → 'חֶ֔רֶב'
4:9	8	sword		4	חֶ֔רֶב		global-review-known-rendering	safe	0.7805	approved	0				global known-rendering assignment; lexical score 0.63
4:9	10	better		1	טֹובִ֤ים		global-review-known-rendering	safe	0.7458	approved	0				global known-rendering assignment; lexical score 0.60
4:9	12	than		5	מֵֽ		global-review-known-rendering	safe	0.5852	approved	0				global known-rendering assignment; lexical score 0.44
4:9	34	the				expands	supplied-article	safe	0.7597	approved	0				article the original does not write; rests on 'field' → 'שָׂדָֽי'
4:9	35	field		14	שָׂדָֽי		global-review-known-rendering	safe	0.7597	approved	0				global known-rendering assignment; lexical score 0.61
4:10	1	The				expands	supplied-article	safe	0.6709	approved	0				article the original does not write; rests on 'hands' → 'יְדֵ֗י'
4:10	2	hands		1	יְדֵ֗י		global-review-known-rendering	safe	0.6709	approved	0				global known-rendering assignment; lexical score 0.52
4:10	5	women		2	נָשִׁים֙		global-review-known-rendering	safe	0.6809	approved	0				global known-rendering assignment; lexical score 0.53
4:10	18	of		12	בַּת		attached-word	safe	0.6732	approved	0				Genitive of 'daughter'
4:10	19	the				expands	supplied-article	safe	0.7732	approved	0				article the original does not write; rests on 'daughter' → 'בַּת'
4:10	20	daughter		12	בַּת		global-review-known-rendering	safe	0.7732	approved	0				global known-rendering assignment; lexical score 0.62
4:10	21	of		13	עַמִּֽי		attached-word	safe	0.5672	approved	0				Genitive of 'my'
4:10	22	my		13	עַמִּֽי		attached-word	safe	0.6672	approved	0				PossessivePronoun of 'people'
4:10	23	people		13	עַמִּֽי		global-review-known-rendering	safe	0.7672	approved	0				global known-rendering assignment; lexical score 0.62
4:11	1	The				expands	supplied-article	safe	0.7285	approved	0				article the original does not write; rests on 'Lord' → 'יְהוָה֙'
4:11	2	Lord		2	יְהוָה֙		global-review-known-rendering	safe	0.7285	approved	0				global known-rendering assignment; lexical score 0.58
4:11	20	a				expands	supplied-indefinite-article	safe	0.6966	approved	0				indefinite article; rests on 'fire' → 'אֵ֣שׁ'
4:11	21	fire		10	אֵ֣שׁ		global-review-known-rendering	safe	0.6966	approved	0				global known-rendering assignment; lexical score 0.55
4:11	23	Zion		12	צִיֹּ֔ון		global-review-known-rendering	safe	0.7525	approved	0				global known-rendering assignment; lexical score 0.60
4:12	2	the				expands	supplied-article	safe	0.7742	approved	0				article the original does not write; rests on 'kings' → 'מַלְכֵי'
4:12	3	kings		3	מַלְכֵי		global-review-known-rendering	safe	0.7742	approved	0				global known-rendering assignment; lexical score 0.62
4:12	4	of		4	אֶ֔רֶץ		attached-word	safe	0.6442	approved	0				Genitive of 'earth'
4:12	5	the				expands	supplied-article	safe	0.7442	approved	0				article the original does not write; rests on 'earth' → 'אֶ֔רֶץ'
4:12	6	earth		4	אֶ֔רֶץ		global-review-known-rendering	safe	0.7442	approved	0				global known-rendering assignment; lexical score 0.59
4:12	9	all		5	וכל		global-review-known-rendering	safe	0.7585	approved	0				global known-rendering assignment; lexical score 0.61
4:12	13	the				expands	supplied-article	safe	0.6594	approved	0				article the original does not write; rests on 'world' → 'תֵבֵ֑ל'
4:12	14	world		7	תֵבֵ֑ל		global-review-known-rendering	safe	0.6594	approved	0				global known-rendering assignment; lexical score 0.51
4:12	17	not		1	לֹ֤א		global-review-known-rendering	safe	0.6789	approved	0				global known-rendering assignment; lexical score 0.53
4:12	32	Jerusalem		15	יְרוּשָׁלִָֽם		global-review-known-rendering	safe	0.7602	approved	0				global known-rendering assignment; lexical score 0.61
4:13	5	the				expands	supplied-article	safe	0.71	approved	0				article the original does not write; rests on 'sins' → 'חַטֹּ֣את'
4:13	6	sins		2	חַטֹּ֣את		global-review-known-rendering	safe	0.71	approved	0				global known-rendering assignment; lexical score 0.56
4:13	7	of		3	נְבִיאֶ֔יהָ		attached-word	safe	0.5728	approved	0				Genitive of 'her'
4:13	8	her		3	נְבִיאֶ֔יהָ		attached-word	safe	0.6728	approved	0				PossessivePronoun of 'prophets'
4:13	9	prophets		3	נְבִיאֶ֔יהָ		global-review-known-rendering	safe	0.7728	approved	0				global known-rendering assignment; lexical score 0.62
4:13	14	her		5	כֹּהֲנֶ֑יהָ		attached-word	safe	0.6784	approved	0				PossessivePronoun of 'priests'
4:13	15	priests		5	כֹּהֲנֶ֑יהָ		global-review-known-rendering	safe	0.7784	approved	0				global known-rendering assignment; lexical score 0.63
4:13	18	the				expands	supplied-article	safe	0.7566	approved	0				article the original does not write; rests on 'blood' → 'דַּ֥ם'
4:13	19	blood		10	דַּ֥ם		global-review-known-rendering	safe	0.7566	approved	0				global known-rendering assignment; lexical score 0.61
4:14				8		omits	unrendered-article	safe	0.7566	approved	0				article no the of the verse renders; rests on 'blood' → 'דָּ֑ם'
4:14	5	blind		2	עִוְרִים֙		global-review-known-rendering	safe	0.75	approved	0				global known-rendering assignment; lexical score 0.60
4:14	15	blood		9	דָּ֑ם		global-review-known-rendering	safe	0.7566	approved	0				global known-rendering assignment; lexical score 0.61
4:14	21	not		11	לֹ֣א		global-review-known-rendering	safe	0.6789	approved	0				global known-rendering assignment; lexical score 0.53
4:14	23	touched		13	יִגְּע֖וּ		global-review-known-rendering	safe	0.7357	approved	0				global known-rendering assignment; lexical score 0.59
4:15	25	said		13	אָֽמְרוּ֙		global-review-known-rendering	safe	0.7772	approved	0				global known-rendering assignment; lexical score 0.63
4:15	27	the		15			attached-word	safe	0.6498	approved	0				Article of 'nations'
4:15	28	nations		16	גֹּויִ֔ם		global-review-known-rendering	safe	0.7498	approved	0				global known-rendering assignment; lexical score 0.60
4:15	32	further		18	יֹוסִ֖יפוּ		global-review-known-rendering	safe	0.575	approved	0				global known-rendering assignment; lexical score 0.43
4:16	1	The				expands	supplied-article	safe	0.7392	approved	0				article the original does not write; rests on 'face' → 'פְּנֵ֤י'
4:16	2	face		1	פְּנֵ֤י		global-review-known-rendering	safe	0.7392	approved	0				global known-rendering assignment; lexical score 0.59
4:16	3	of		2	יְהוָה֙		attached-word	safe	0.6285	approved	0				Genitive of 'Lord'
4:16	4	the				expands	supplied-article	safe	0.7285	approved	0				article the original does not write; rests on 'Lord' → 'יְהוָה֙'
4:16	5	Lord		2	יְהוָה֙		global-review-known-rendering	safe	0.7285	approved	0				global known-rendering assignment; lexical score 0.58
4:16	25	the				expands	supplied-article	safe	0.7784	approved	0				article the original does not write; rests on 'priests' → 'כֹהֲנִים֙'
4:16	26	priests		9	כֹהֲנִים֙		global-review-known-rendering	safe	0.7784	approved	0				global known-rendering assignment; lexical score 0.63
4:17	1	Our		3	עֵינֵ֔ינוּ		attached-word	safe	0.6842	approved	0				PossessivePronoun of 'eyes'
4:17	2	eyes		3	עֵינֵ֔ינוּ		global-review-known-rendering	safe	0.7842	approved	0				global known-rendering assignment; lexical score 0.63
4:17	18	a				expands	supplied-indefinite-article	safe	0.7554	approved	0				indefinite article; rests on 'nation' → 'גֹּ֖וי'
4:17	19	nation		11	גֹּ֖וי		global-review-known-rendering	safe	0.7554	approved	0				global known-rendering assignment; lexical score 0.61
4:17	20	unable		12	לֹ֥א		global-review-known-rendering	safe	0.638	approved	0				global known-rendering assignment; lexical score 0.49
4:18	19	our		10	יָמֵ֖ינוּ		attached-word	safe	0.6783	approved	0				PossessivePronoun of 'days'
4:18	20	days		10	יָמֵ֖ינוּ		global-review-known-rendering	safe	0.7783	approved	0				global known-rendering assignment; lexical score 0.63
4:18	27	come		12	בָ֥א		global-review-known-rendering	safe	0.5725	approved	0				global known-rendering assignment; lexical score 0.42
4:19	8	than		4	מִ		global-review-known-rendering	safe	0.5852	approved	0				global known-rendering assignment; lexical score 0.44
4:19	9	the				expands	supplied-article	safe	0.6313	approved	0				article the original does not write; rests on 'eagles' → 'נִּשְׁרֵ֖י'
4:19	10	eagles		5	נִּשְׁרֵ֖י		global-review-known-rendering	safe	0.6313	approved	0				global known-rendering assignment; lexical score 0.48
4:19	11	of		6	שָׁמָ֑יִם		attached-word	safe	0.6268	approved	0				Genitive of 'heaven'
4:19	12	the				expands	supplied-article	safe	0.7268	approved	0				article the original does not write; rests on 'heaven' → 'שָׁמָ֑יִם'
4:19	13	heaven		6	שָׁמָ֑יִם		global-review-known-rendering	safe	0.7268	approved	0				global known-rendering assignment; lexical score 0.58
4:19	19	the		8	הֶ		attached-word	safe	0.6675	approved	0				Article of 'mountains'
4:19	20	mountains		9	הָרִ֣ים		global-review-known-rendering	safe	0.7675	approved	0				global known-rendering assignment; lexical score 0.62
4:20	2	breath		1	ר֤וּחַ		global-review-known-rendering	safe	0.6326	approved	0				global known-rendering assignment; lexical score 0.48
4:20	19	whom		8	אֲשֶׁ֣ר		global-review-known-rendering	safe	0.6479	approved	0				global known-rendering assignment; lexical score 0.50
4:20	21	said		9	אָמַ֔רְנוּ		global-review-known-rendering	safe	0.7772	approved	0				global known-rendering assignment; lexical score 0.63
4:20	23	his		11	צִלֹּ֖ו		attached-word	safe	0.6571	approved	0				PossessivePronoun of 'shade'
4:20	24	shade		11	צִלֹּ֖ו		global-review-known-rendering	safe	0.7571	approved	0				global known-rendering assignment; lexical score 0.61
4:20	30	the		14			attached-word	safe	0.6498	approved	0				Article of 'nations'
4:20	31	nations		15	גֹּויִֽם		global-review-known-rendering	safe	0.7498	approved	0				global known-rendering assignment; lexical score 0.60
4:21	7	daughter		4	בַּת		global-review-known-rendering	safe	0.7732	approved	0				global known-rendering assignment; lexical score 0.62
4:21	8	of		5	אֱדֹ֔ום		attached-word	safe	0.6793	approved	0				Genitive of 'Edom'
4:21	9	Edom		5	אֱדֹ֔ום		global-review-known-rendering	safe	0.7793	approved	0				global known-rendering assignment; lexical score 0.63
4:21	12	the				expands	supplied-article	safe	0.7252	approved	0				article the original does not write; rests on 'land' → 'אֶ֣רֶץ'
4:21	13	land		8	אֶ֣רֶץ		global-review-known-rendering	safe	0.7252	approved	0				global known-rendering assignment; lexical score 0.58
4:21	14	of		9	ע֑וּץ		attached-word	safe	0.7	approved	0				Genitive of 'Uz'
4:21	15	Uz		9	ע֑וּץ		global-review-known-rendering	safe	0.8	approved	0				global known-rendering assignment; lexical score 0.65
4:21	16	the				expands	supplied-article	safe	0.7	approved	0				article the original does not write; rests on 'cup' → 'כֹּ֔וס'
4:21	17	cup		13	כֹּ֔וס		global-review-known-rendering	safe	0.7	approved	0				global known-rendering assignment; lexical score 0.55
4:22	1	The				expands	supplied-article	safe	0.6364	approved	0				article the original does not write; rests on 'punishment' → 'עֲוֹנֵךְ֙'
4:22	2	punishment		2	עֲוֹנֵךְ֙		global-review-known-rendering	safe	0.6364	approved	0				global known-rendering assignment; lexical score 0.49
4:22	9	daughter		3	בַּת		global-review-known-rendering	safe	0.7732	approved	0				global known-rendering assignment; lexical score 0.62
4:22	10	of		4	צִיֹּ֔ון		attached-word	safe	0.6525	approved	0				Genitive of 'Zion'
4:22	11	Zion		4	צִיֹּ֔ון		global-review-known-rendering	safe	0.7525	approved	0				global known-rendering assignment; lexical score 0.60
4:22	12	never		5	לֹ֥א		global-review-known-rendering	safe	0.638	approved	0				global known-rendering assignment; lexical score 0.49
4:22	32	daughter		11	בַּת		global-review-known-rendering	safe	0.7732	approved	0				global known-rendering assignment; lexical score 0.62
4:22	33	of		12	אֱדֹ֔ום		attached-word	safe	0.6793	approved	0				Genitive of 'Edom'
4:22	34	Edom		12	אֱדֹ֔ום		global-review-known-rendering	safe	0.7793	approved	0				global known-rendering assignment; lexical score 0.63
4:22	38	your		15	חַטֹּאתָֽיִךְ		attached-word	safe	0.514	approved	0				PossessivePronoun of 'sin'
4:22	39	sin		15	חַטֹּאתָֽיִךְ		global-review-known-rendering	safe	0.614	approved	0				global known-rendering assignment; lexical score 0.46
4:22	41	uncovered		13	גִּלָּ֖ה		global-review-known-rendering	safe	0.6313	approved	0				global known-rendering assignment; lexical score 0.48
5:1	5	Lord		2	יְהוָה֙		global-review-known-rendering	safe	0.7286	approved	0				global known-rendering assignment; lexical score 0.58
5:1	6	what		3	מֶֽה		global-review-known-rendering	safe	0.6683	approved	0				global known-rendering assignment; lexical score 0.52
5:1	14	see		8	רְאֵ֥ה		global-review-known-rendering	safe	0.7065	approved	0				global known-rendering assignment; lexical score 0.56
5:2	1	Our		1	נַחֲלָתֵ֨נוּ֙		attached-word	safe	0.64	approved	0				PossessivePronoun of 'heritage'
5:2	2	heritage		1	נַחֲלָתֵ֨נוּ֙		global-review-known-rendering	safe	0.74	approved	0				global known-rendering assignment; lexical score 0.59
5:2	11	our		5	בָּתֵּ֖ינוּ		attached-word	safe	0.655	approved	0				PossessivePronoun of 'houses'
5:2	12	houses		5	בָּתֵּ֖ינוּ		global-review-known-rendering	safe	0.755	approved	0				global known-rendering assignment; lexical score 0.60
5:3	5	fathers		5	אָ֔ב		global-review-known-rendering	safe	0.7882	approved	0				global known-rendering assignment; lexical score 0.64
5:3	6	our		6	אִמֹּתֵ֖ינוּ		attached-word	safe	0.5875	approved	0				PossessivePronoun of 'mothers'
5:3	7	mothers		6	אִמֹּתֵ֖ינוּ		global-review-known-rendering	safe	0.6875	approved	0				global known-rendering assignment; lexical score 0.54
5:3	10	widows		8	אַלְמָנֹֽות		global-review-known-rendering	safe	0.7591	approved	0				global known-rendering assignment; lexical score 0.61
5:4	3	money		3	כֶ֣סֶף		global-review-known-rendering	safe	0.7733	approved	0				global known-rendering assignment; lexical score 0.62
5:4	5	a				expands	supplied-indefinite-article	safe	0.5881	approved	0				indefinite article; rests on 'drink' → 'שָׁתִ֔ינוּ'
5:4	6	drink		4	שָׁתִ֔ינוּ		global-review-known-rendering	safe	0.5881	approved	0				global known-rendering assignment; lexical score 0.44
5:4	8	water		1	מֵימֵ֨ינוּ֙		global-review-known-rendering	safe	0.7745	approved	0				global known-rendering assignment; lexical score 0.62
5:4	11	our		5	עֵצֵ֖ינוּ		attached-word	safe	0.5988	approved	0				PossessivePronoun of 'wood'
5:4	12	wood		5	עֵצֵ֖ינוּ		global-review-known-rendering	safe	0.6988	approved	0				global known-rendering assignment; lexical score 0.55
5:4	14	a				expands	supplied-indefinite-article	safe	0.5562	approved	0				indefinite article; rests on 'price' → 'מְחִ֥יר'
5:4	15	price		7	מְחִ֥יר		global-review-known-rendering	safe	0.5562	approved	0				global known-rendering assignment; lexical score 0.41
5:6	3	given		2	נָתַ֣נּוּ		global-review-known-rendering	safe	0.6912	approved	0				global known-rendering assignment; lexical score 0.54
5:6	5	hands		3	יָ֔ד		global-review-known-rendering	safe	0.6719	approved	0				global known-rendering assignment; lexical score 0.52
5:6	7	the				expands	supplied-article	safe	0.6485	approved	0				article the original does not write; rests on 'Egyptians' → 'מִצְרַ֨יִם֙'
5:6	8	Egyptians		1	מִצְרַ֨יִם֙		global-review-known-rendering	safe	0.6485	approved	0				global known-rendering assignment; lexical score 0.50
5:6	11	the				expands	supplied-article	safe	0.6615	approved	0				article the original does not write; rests on 'Assyrians' → 'אַשּׁ֖וּר'
5:6	12	Assyrians		4	אַשּׁ֖וּר		global-review-known-rendering	safe	0.6615	approved	0				global known-rendering assignment; lexical score 0.51
5:6	19	bread		7	לָֽחֶם		global-review-known-rendering	safe	0.7285	approved	0				global known-rendering assignment; lexical score 0.58
5:7	1	Our		1	אֲבֹתֵ֤ינוּ		attached-word	safe	0.6882	approved	0				PossessivePronoun of 'fathers'
5:7	2	fathers		1	אֲבֹתֵ֤ינוּ		global-review-known-rendering	safe	0.7882	approved	0				global known-rendering assignment; lexical score 0.64
5:8	1	Servants		1	עֲבָדִים֙		global-review-known-rendering	safe	0.7357	approved	0				global known-rendering assignment; lexical score 0.59
5:8	16	their		7	יָּדָֽם		attached-word	safe	0.5719	approved	0				PossessivePronoun of 'hands'
5:8	17	hands		7	יָּדָֽם		global-review-known-rendering	safe	0.6719	approved	0				global known-rendering assignment; lexical score 0.52
5:9	3	our		2	נַפְשֵׁ֨נוּ֙		attached-word	safe	0.5977	approved	0				PossessivePronoun of 'lives'
5:9	4	lives		2	נַפְשֵׁ֨נוּ֙		global-review-known-rendering	safe	0.6977	approved	0				global known-rendering assignment; lexical score 0.55
5:9	9	our		4	לַחְמֵ֔נוּ		attached-word	safe	0.6285	approved	0				PossessivePronoun of 'bread'
5:9	10	bread		4	לַחְמֵ֔נוּ		global-review-known-rendering	safe	0.7285	approved	0				global known-rendering assignment; lexical score 0.58
5:9	13	the				expands	supplied-article	safe	0.7805	approved	0				article the original does not write; rests on 'sword' → 'חֶ֥רֶב'
5:9	14	sword		7	חֶ֥רֶב		global-review-known-rendering	safe	0.7805	approved	0				global known-rendering assignment; lexical score 0.63
5:10	1	Our		1	עֹורֵ֨נוּ֙		attached-word	safe	0.6662	approved	0				PossessivePronoun of 'skin'
5:10	2	skin		1	עֹורֵ֨נוּ֙		global-review-known-rendering	safe	0.7663	approved	0				global known-rendering assignment; lexical score 0.62
5:10	6	an				expands	supplied-indefinite-article	safe	0.8	approved	0				indefinite article; rests on 'oven' → 'תַנּ֣וּר'
5:10	7	oven		3	תַנּ֣וּר		global-review-known-rendering	safe	0.8	approved	0				global known-rendering assignment; lexical score 0.65
5:11	5	the				expands	supplied-article	safe	0.6809	approved	0				article the original does not write; rests on 'women' → 'נָשִׁים֙'
5:11	6	women		1	נָשִׁים֙		global-review-known-rendering	safe	0.6809	approved	0				global known-rendering assignment; lexical score 0.53
5:11	8	Zion		3	צִיֹּ֣ון		global-review-known-rendering	safe	0.7528	approved	0				global known-rendering assignment; lexical score 0.60
5:11	9	the				expands	supplied-article	safe	0.7437	approved	0				article the original does not write; rests on 'virgins' → 'בְּתֻלֹ֖ת'
5:11	10	virgins		5	בְּתֻלֹ֖ת		global-review-known-rendering	safe	0.7437	approved	0				global known-rendering assignment; lexical score 0.59
5:11	14	of		8	יְהוּדָֽה		attached-word	safe	0.684	approved	0				Genitive of 'Judah'
5:11	15	Judah		8	יְהוּדָֽה		global-review-known-rendering	safe	0.784	approved	0				global known-rendering assignment; lexical score 0.63
5:12	1	Their		3	יָדָ֣ם		attached-word	safe	0.5719	approved	0				PossessivePronoun of 'hands'
5:12	2	hands		3	יָדָ֣ם		global-review-known-rendering	safe	0.6719	approved	0				global known-rendering assignment; lexical score 0.52
5:12	4	princes		1	שָׂרִים֙		global-review-known-rendering	safe	0.6612	approved	0				global known-rendering assignment; lexical score 0.51
5:12	9	the				expands	supplied-article	safe	0.743	approved	0				article the original does not write; rests on 'faces' → 'פְּנֵ֥י'
5:12	10	faces		5	פְּנֵ֥י		global-review-known-rendering	safe	0.743	approved	0				global known-rendering assignment; lexical score 0.59
5:12	15	not		7	לֹ֥א		global-review-known-rendering	safe	0.679	approved	0				global known-rendering assignment; lexical score 0.53
5:13	14	the		7			attached-word	safe	0.5988	approved	0				Article of 'wood'
5:13	15	wood		8	עֵ֥ץ		global-review-known-rendering	safe	0.6988	approved	0				global known-rendering assignment; lexical score 0.55
5:16	7	our		3	רֹאשֵׁ֔נוּ		attached-word	safe	0.6391	approved	0				PossessivePronoun of 'head'
5:16	8	head		3	רֹאשֵׁ֔נוּ		global-review-known-rendering	safe	0.7391	approved	0				global known-rendering assignment; lexical score 0.59
5:17	9	these		7	אֵ֖לֶּה		global-review-known-rendering	safe	0.7108	approved	0				global known-rendering assignment; lexical score 0.56
5:17	11	our		9	עֵינֵֽינוּ		attached-word	safe	0.6842	approved	0				PossessivePronoun of 'eyes'
5:17	12	eyes		9	עֵינֵֽינוּ		global-review-known-rendering	safe	0.7842	approved	0				global known-rendering assignment; lexical score 0.63
5:18	3	the				expands	supplied-article	safe	0.766	approved	0				article the original does not write; rests on 'mountain' → 'הַר'
5:18	4	mountain		2	הַר		global-review-known-rendering	safe	0.766	approved	0				global known-rendering assignment; lexical score 0.62
5:18	5	of		3	צִיֹּון֙		attached-word	safe	0.6528	approved	0				Genitive of 'Zion'
5:18	6	Zion		3	צִיֹּון֙		global-review-known-rendering	safe	0.7528	approved	0				global known-rendering assignment; lexical score 0.60
5:18	13	over		1	עַ֤ל		global-review-known-rendering	safe	0.5671	approved	0				global known-rendering assignment; lexical score 0.42
5:19	16	eternal		4	עֹולָ֣ם		global-review-known-rendering	safe	0.6364	approved	0				global known-rendering assignment; lexical score 0.49
5:20	1	Why		1	לָ֤מָּה		global-review-known-rendering	safe	0.6602	approved	0				global known-rendering assignment; lexical score 0.51
5:21	4	back		1	הֲשִׁיבֵ֨נוּ		global-review-known-rendering	safe	0.5608	approved	0				global known-rendering assignment; lexical score 0.41
5:21	8	Lord		2	יְהוָ֤ה		global-review-known-rendering	safe	0.7286	approved	0				global known-rendering assignment; lexical score 0.58
5:21	15	our		7	יָמֵ֖ינוּ		attached-word	safe	0.6783	approved	0				PossessivePronoun of 'days'
5:21	16	days		7	יָמֵ֖ינוּ		global-review-known-rendering	safe	0.7783	approved	0				global known-rendering assignment; lexical score 0.63
5:21	18	again		5	נשׁוב		global-review-known-rendering	safe	0.5673	approved	0				global known-rendering assignment; lexical score 0.42
