at	word	surface	target_at	target	target_surface	absence	rule	tier	confidence	verdict	review	corrected_at	corrected	corrected_surface	rationale
1:1	2	the		4	הָ		attached-word	safe	0.6517	approved	0				Article of 'city'
1:1	3	city		5	עִיר֙		global-review-known-rendering	safe	0.7517	approved	0				global known-rendering assignment; lexical score 0.60
1:1	4	sits		2	יָשְׁבָ֣ה		global-review-known-rendering	safe	0.7654	approved	0				global known-rendering assignment; lexical score 0.62
1:1	10	people		7	עָ֔ם		global-review-known-rendering	safe	0.7672	approved	0				global known-rendering assignment; lexical score 0.62
1:1	13	become		8	הָיְתָ֖ה		global-review-known-rendering	safe	0.663	approved	0				global known-rendering assignment; lexical score 0.51
1:1	15	a				expands	supplied-indefinite-article	safe	0.8	approved	0				indefinite article; rests on 'widow' → 'אַלְמָנָ֑ה'
1:1	16	widow		10	אַלְמָנָ֑ה		global-review-known-rendering	safe	0.8	approved	0				global known-rendering assignment; lexical score 0.65
1:1	21	the		13			attached-word	safe	0.6497	approved	0				Article of 'nations'
1:1	22	nations		14	גֹּויִ֗ם		global-review-known-rendering	safe	0.7497	approved	0				global known-rendering assignment; lexical score 0.60
1:1	29	the		17			attached-word	safe	0.6379	approved	0				Article of 'provinces'
1:1	30	provinces		18	מְּדִינֹ֔ות		global-review-known-rendering	safe	0.7379	approved	0				global known-rendering assignment; lexical score 0.59
1:1	32	become		19	הָיְתָ֖ה		global-review-known-rendering	safe	0.663	approved	0				global known-rendering assignment; lexical score 0.51
1:2				6	וְ	omits	unrendered-conjunction	safe	0.746	approved	0				conjunction no word of the verse renders; rests on 'tears' → 'דִמְעָתָהּ֙'
1:2	5	the		4			attached-word	safe	0.6349	approved	0				Article of 'night'
1:2	6	night		5	לַּ֗יְלָה		global-review-known-rendering	safe	0.7349	approved	0				global known-rendering assignment; lexical score 0.58
1:2	7	Her		7	דִמְעָתָהּ֙		attached-word	safe	0.646	approved	0				PossessivePronoun of 'tears'
1:2	8	tears		7	דִמְעָתָהּ֙		global-review-known-rendering	safe	0.746	approved	0				global known-rendering assignment; lexical score 0.60
1:2	11	her		9	לֶֽחֱיָ֔הּ		attached-word	safe	0.7	approved	0				PossessivePronoun of 'cheeks'
1:2	12	cheeks		9	לֶֽחֱיָ֔הּ		global-review-known-rendering	safe	0.8	approved	0				global known-rendering assignment; lexical score 0.65
1:2	14	all		14	כָּל		global-review-known-rendering	safe	0.7585	approved	0				global known-rendering assignment; lexical score 0.61
1:2	15	her		15	אֹהֲבֶ֑יהָ		attached-word	safe	0.625	approved	0				PossessivePronoun of 'lovers'
1:2	16	lovers		15	אֹהֲבֶ֑יהָ		global-review-known-rendering	safe	0.725	approved	0				global known-rendering assignment; lexical score 0.57
1:2	22	comfort		12	מְנַחֵ֖ם		global-review-known-rendering	safe	0.6934	approved	0				global known-rendering assignment; lexical score 0.54
1:2	24	All		16	כָּל		global-review-known-rendering	safe	0.7585	approved	0				global known-rendering assignment; lexical score 0.61
1:2	29	treacherously		18	בָּ֣גְדוּ		global-review-known-rendering	safe	0.8	approved	0				global known-rendering assignment; lexical score 0.65
1:2	34	become		20	הָ֥יוּ		global-review-known-rendering	safe	0.663	approved	0				global known-rendering assignment; lexical score 0.51
1:2	36	enemies		23	אֹיְבִֽים		global-review-known-rendering	safe	0.684	approved	0				global known-rendering assignment; lexical score 0.53
1:3	1	Judah		2	יְהוּדָ֤ה		global-review-known-rendering	safe	0.784	approved	0				global known-rendering assignment; lexical score 0.63
1:3	8	affliction		4	עֹ֨נִי֙		global-review-known-rendering	safe	0.5532	approved	0				global known-rendering assignment; lexical score 0.40
1:3	15	dwells		10	יָשְׁבָ֣ה		global-review-known-rendering	safe	0.5885	approved	0				global known-rendering assignment; lexical score 0.44
1:3	17	the		12			attached-word	safe	0.6497	approved	0				Article of 'nations'
1:3	18	nations		13	גֹּויִ֔ם		global-review-known-rendering	safe	0.7497	approved	0				global known-rendering assignment; lexical score 0.60
1:3	20	finds		15	מָצְאָ֖ה		global-review-known-rendering	safe	0.7464	approved	0				global known-rendering assignment; lexical score 0.60
1:3	23	All		17	כָּל		global-review-known-rendering	safe	0.7585	approved	0				global known-rendering assignment; lexical score 0.61
1:3	24	her		18	רֹדְפֶ֥יהָ		attached-word	safe	0.55	approved	0				PossessivePronoun of 'persecutors'
1:3	25	persecutors		18	רֹדְפֶ֥יהָ		global-review-known-rendering	safe	0.65	approved	0				global known-rendering assignment; lexical score 0.50
1:3	26	overtook		19	הִשִּׂיג֖וּהָ		global-review-known-rendering	safe	0.575	approved	0				global known-rendering assignment; lexical score 0.43
1:4	1	The				expands	supplied-article	safe	0.62	approved	0				article the original does not write; rests on 'roads' → 'דַּרְכֵ֨י'
1:4	2	roads		1	דַּרְכֵ֨י		global-review-known-rendering	safe	0.62	approved	0				global known-rendering assignment; lexical score 0.47
1:4	4	Zion		2	צִיֹּ֜ון		global-review-known-rendering	safe	0.7553	approved	0				global known-rendering assignment; lexical score 0.61
1:4	9	comes		6	בָּאֵ֣י		global-review-known-rendering	safe	0.5788	approved	0				global known-rendering assignment; lexical score 0.43
1:4	14	All		8	כָּל		global-review-known-rendering	safe	0.7585	approved	0				global known-rendering assignment; lexical score 0.61
1:4	15	her		9	שְׁעָרֶ֨יהָ֙		attached-word	safe	0.6302	approved	0				PossessivePronoun of 'gates'
1:4	16	gates		9	שְׁעָרֶ֨יהָ֙		global-review-known-rendering	safe	0.7302	approved	0				global known-rendering assignment; lexical score 0.58
1:4	20	priests		11	כֹּהֲנֶ֖יהָ		global-review-known-rendering	safe	0.7784	approved	0				global known-rendering assignment; lexical score 0.63
1:4	21	sigh		12	נֶאֱנָחִ֑ים		global-review-known-rendering	safe	0.8	approved	0				global known-rendering assignment; lexical score 0.65
1:4	22	Her		13	בְּתוּלֹתֶ֥יהָ		attached-word	safe	0.6357	approved	0				PossessivePronoun of 'virgins'
1:4	23	virgins		13	בְּתוּלֹתֶ֥יהָ		global-review-known-rendering	safe	0.7357	approved	0				global known-rendering assignment; lexical score 0.59
1:4	31	bitterness		17	מַר		global-review-known-rendering	safe	0.6412	approved	0				global known-rendering assignment; lexical score 0.49
1:5	1	Her		2	צָרֶ֤יהָ		attached-word	safe	0.52	approved	0				PossessivePronoun of 'adversaries'
1:5	2	adversaries		2	צָרֶ֤יהָ		global-review-known-rendering	safe	0.62	approved	0				global known-rendering assignment; lexical score 0.47
1:5	4	become		1	הָי֨וּ		global-review-known-rendering	safe	0.663	approved	0				global known-rendering assignment; lexical score 0.51
1:5	5	the				expands	supplied-article	safe	0.7393	approved	0				article the original does not write; rests on 'head' → 'רֹאשׁ֙'
1:5	6	head		4	רֹאשׁ֙		global-review-known-rendering	safe	0.7393	approved	0				global known-rendering assignment; lexical score 0.59
1:5	8	enemies		5	אֹיְבֶ֣יהָ		global-review-known-rendering	safe	0.684	approved	0				global known-rendering assignment; lexical score 0.53
1:5	11	the				expands	supplied-article	safe	0.7287	approved	0				article the original does not write; rests on 'LORD' → 'יְהוָ֥ה'
1:5	12	LORD		8	יְהוָ֥ה		global-review-known-rendering	safe	0.7287	approved	0				global known-rendering assignment; lexical score 0.58
1:5	19	of		12	פְּשָׁעֶ֑יהָ		attached-word	safe	0.5791	approved	0				Genitive of 'her'
1:5	20	her		12	פְּשָׁעֶ֑יהָ		attached-word	safe	0.6791	approved	0				PossessivePronoun of 'transgressions'
1:5	21	transgressions		12	פְּשָׁעֶ֑יהָ		global-review-known-rendering	safe	0.7791	approved	0				global known-rendering assignment; lexical score 0.63
1:5	29	before		17	פְנֵי		global-review-known-rendering	safe	0.6578	approved	0				global known-rendering assignment; lexical score 0.51
1:6	1	All		6	כָּל		global-review-known-rendering	safe	0.7585	approved	0				global known-rendering assignment; lexical score 0.61
1:6	6	the				expands	supplied-article	safe	0.7735	approved	0				article the original does not write; rests on 'daughter' → 'צִיֹּ֖ון'
1:6	7	daughter		5	צִיֹּ֖ון		global-review-known-rendering	safe	0.7735	approved	0				global known-rendering assignment; lexical score 0.62
1:6	10	Her		9	שָׂרֶ֗יהָ		attached-word	safe	0.5612	approved	0				PossessivePronoun of 'princes'
1:6	11	princes		9	שָׂרֶ֗יהָ		global-review-known-rendering	safe	0.6612	approved	0				global known-rendering assignment; lexical score 0.51
1:6	13	become		8	הָי֣וּ		global-review-known-rendering	safe	0.663	approved	0				global known-rendering assignment; lexical score 0.51
1:6	15	deer		11	אַיָּלִים֙		global-review-known-rendering	safe	0.5923	approved	0				global known-rendering assignment; lexical score 0.44
1:6	17	find		13	מָצְא֣וּ		global-review-known-rendering	safe	0.7575	approved	0				global known-rendering assignment; lexical score 0.61
1:6	25	before		21	פְנֵ֥י		global-review-known-rendering	safe	0.6578	approved	0				global known-rendering assignment; lexical score 0.51
1:6	26	the				expands	supplied-article	safe	0.8	approved	0				article the original does not write; rests on 'pursuer' → 'רֹודֵֽף'
1:6	27	pursuer		22	רֹודֵֽף		global-review-known-rendering	safe	0.8	approved	0				global known-rendering assignment; lexical score 0.65
1:7	1	Jerusalem		2	יְרוּשָׁלִַ֗ם		global-review-known-rendering	safe	0.76	approved	0				global known-rendering assignment; lexical score 0.61
1:7	2	remembers		1	זָֽכְרָ֣ה		global-review-known-rendering	safe	0.7397	approved	0				global known-rendering assignment; lexical score 0.59
1:7	4	the				expands	supplied-article	safe	0.7789	approved	0				article the original does not write; rests on 'days' → 'יְמֵ֤י'
1:7	5	days		3	יְמֵ֤י		global-review-known-rendering	safe	0.7789	approved	0				global known-rendering assignment; lexical score 0.63
1:7	6	of		4	עָנְיָהּ֙		attached-word	safe	0.3532	approved	0				Genitive of 'her'
1:7	7	her		4	עָנְיָהּ֙		attached-word	safe	0.4532	approved	0				PossessivePronoun of 'affliction'
1:7	8	affliction		4	עָנְיָהּ֙		global-review-known-rendering	safe	0.5532	approved	0				global known-rendering assignment; lexical score 0.40
1:7	13	all		7	כֹּ֚ל		global-review-known-rendering	safe	0.7585	approved	0				global known-rendering assignment; lexical score 0.61
1:7	20	the				expands	supplied-article	safe	0.7789	approved	0				article the original does not write; rests on 'days' → 'ימֵי'
1:7	21	days		12	ימֵי		global-review-known-rendering	safe	0.7789	approved	0				global known-rendering assignment; lexical score 0.63
1:7	25	her		16	עַמָּ֣הּ		attached-word	safe	0.6672	approved	0				PossessivePronoun of 'people'
1:7	26	people		16	עַמָּ֣הּ		global-review-known-rendering	safe	0.7672	approved	0				global known-rendering assignment; lexical score 0.62
1:7	27	fell		15	נְפֹ֧ל		global-review-known-rendering	safe	0.6939	approved	0				global known-rendering assignment; lexical score 0.54
1:7	29	the				expands	supplied-article	safe	0.6694	approved	0				article the original does not write; rests on 'hand' → 'יַד'
1:7	30	hand		18	יַד		global-review-known-rendering	safe	0.6694	approved	0				global known-rendering assignment; lexical score 0.52
1:7	37	helped		22	עֹוזֵר֙		global-review-known-rendering	safe	0.6875	approved	0				global known-rendering assignment; lexical score 0.54
1:7	39	The				expands	supplied-article	safe	0.62	approved	0				article the original does not write; rests on 'adversaries' → 'צָרִ֔ים'
1:7	40	adversaries		25	צָרִ֔ים		global-review-known-rendering	safe	0.62	approved	0				global known-rendering assignment; lexical score 0.47
1:7	41	saw		24	רָא֣וּהָ		global-review-known-rendering	safe	0.7193	approved	0				global known-rendering assignment; lexical score 0.57
1:8	1	Jerusalem		3	יְר֣וּשָׁלִַ֔ם		global-review-known-rendering	safe	0.76	approved	0				global known-rendering assignment; lexical score 0.61
1:8	4	sinned		2	חָֽטְאָה֙		global-review-known-rendering	safe	0.8	approved	0				global known-rendering assignment; lexical score 0.65
1:8	8	become		8	הָיָ֑תָה		global-review-known-rendering	safe	0.663	approved	0				global known-rendering assignment; lexical score 0.51
1:8	10	All		9	כָּֽל		global-review-known-rendering	safe	0.7585	approved	0				global known-rendering assignment; lexical score 0.61
1:8	19	seen		13	רָא֣וּ		global-review-known-rendering	safe	0.7104	approved	0				global known-rendering assignment; lexical score 0.56
1:8	20	her		14	עֶרְוָתָ֔הּ		attached-word	safe	0.6667	approved	0				PossessivePronoun of 'nakedness'
1:8	21	nakedness		14	עֶרְוָתָ֔הּ		global-review-known-rendering	safe	0.7667	approved	0				global known-rendering assignment; lexical score 0.62
1:9				15	אֶת	omits	unrendered-object-marker	safe	0.5532	approved	0				object marker; rests on 'affliction' → 'עָנְיִ֔י'
1:9	8	didn’t		4	לֹ֤א		global-review-known-rendering	safe	0.6789	approved	0				global known-rendering assignment; lexical score 0.53
1:9	9	remember		5	זָֽכְרָה֙		global-review-known-rendering	safe	0.738	approved	0				global known-rendering assignment; lexical score 0.59
1:9	10	her		6	אַחֲרִיתָ֔הּ		attached-word	safe	0.475	approved	0				PossessivePronoun of 'latter'
1:9	11	latter		6	אַחֲרִיתָ֔הּ		global-review-known-rendering	safe	0.575	approved	0				global known-rendering assignment; lexical score 0.43
1:9	23	“See		13	רְאֵ֤ה		global-review-known-rendering	safe	0.7061	approved	0				global known-rendering assignment; lexical score 0.56
1:9	24	LORD		14	יְהוָה֙		global-review-known-rendering	safe	0.7287	approved	0				global known-rendering assignment; lexical score 0.58
1:9	25	my		16	עָנְיִ֔י		attached-word	safe	0.4532	approved	0				PossessivePronoun of 'affliction'
1:9	26	affliction		16	עָנְיִ֔י		global-review-known-rendering	safe	0.5532	approved	0				global known-rendering assignment; lexical score 0.40
1:9	28	the				expands	supplied-article	safe	0.6969	approved	0				article the original does not write; rests on 'enemy' → 'אֹויֵֽב'
1:9	29	enemy		19	אֹויֵֽב		global-review-known-rendering	safe	0.6969	approved	0				global known-rendering assignment; lexical score 0.55
1:9	31	magnified		18	הִגְדִּ֖יל		global-review-known-rendering	safe	0.7719	approved	0				global known-rendering assignment; lexical score 0.62
1:10	6	his		1	יָדֹו֙		attached-word	safe	0.5694	approved	0				PossessivePronoun of 'hand'
1:10	7	hand		1	יָדֹו֙		global-review-known-rendering	safe	0.6694	approved	0				global known-rendering assignment; lexical score 0.52
1:10	9	all		5	כָּל		global-review-known-rendering	safe	0.7585	approved	0				global known-rendering assignment; lexical score 0.61
1:10	16	seen		8	רָאֲתָ֤ה		global-review-known-rendering	safe	0.7104	approved	0				global known-rendering assignment; lexical score 0.56
1:10	18	the				expands	supplied-article	safe	0.7497	approved	0				article the original does not write; rests on 'nations' → 'גֹויִם֙'
1:10	19	nations		9	גֹויִם֙		global-review-known-rendering	safe	0.7497	approved	0				global known-rendering assignment; lexical score 0.60
1:10	21	entered		10	בָּ֣אוּ		global-review-known-rendering	safe	0.7875	approved	0				global known-rendering assignment; lexical score 0.64
1:10	25	concerning		4	עַ֖ל		global-review-known-rendering	safe	0.5723	approved	0				global known-rendering assignment; lexical score 0.42
1:10	26	whom		12	אֲשֶׁ֣ר		global-review-known-rendering	safe	0.6479	approved	0				global known-rendering assignment; lexical score 0.50
1:10	28	commanded		13	צִוִּ֔יתָה		global-review-known-rendering	safe	0.7186	approved	0				global known-rendering assignment; lexical score 0.57
1:10	32	not		14	לֹא		global-review-known-rendering	safe	0.679	approved	0				global known-rendering assignment; lexical score 0.53
1:10	33	enter		15	יָבֹ֥אוּ		global-review-known-rendering	safe	0.7835	approved	0				global known-rendering assignment; lexical score 0.63
1:11	1	All		1	כָּל		global-review-known-rendering	safe	0.7585	approved	0				global known-rendering assignment; lexical score 0.61
1:11	2	her		2	עַמָּ֤הּ		attached-word	safe	0.6672	approved	0				PossessivePronoun of 'people'
1:11	3	people		2	עַמָּ֤הּ		global-review-known-rendering	safe	0.7672	approved	0				global known-rendering assignment; lexical score 0.62
1:11	4	sigh		3	נֶאֱנָחִים֙		global-review-known-rendering	safe	0.8	approved	0				global known-rendering assignment; lexical score 0.65
1:11	7	bread		5	לֶ֔חֶם		global-review-known-rendering	safe	0.7288	approved	0				global known-rendering assignment; lexical score 0.58
1:11	10	given		6	נָתְנ֧וּ		global-review-known-rendering	safe	0.6912	approved	0				global known-rendering assignment; lexical score 0.54
1:11	19	soul		12	נָ֑פֶשׁ		global-review-known-rendering	safe	0.7921	approved	0				global known-rendering assignment; lexical score 0.64
1:11	21	LORD		14	יְהוָה֙		global-review-known-rendering	safe	0.7287	approved	0				global known-rendering assignment; lexical score 0.58
1:11	23	see		13	רְאֵ֤ה		global-review-known-rendering	safe	0.7061	approved	0				global known-rendering assignment; lexical score 0.56
1:11	27	become		18	הָיִ֖יתִי		global-review-known-rendering	safe	0.663	approved	0				global known-rendering assignment; lexical score 0.51
1:12	6	all		3	כָּל		global-review-known-rendering	safe	0.7585	approved	0				global known-rendering assignment; lexical score 0.61
1:12	13	see		8	רְא֗וּ		global-review-known-rendering	safe	0.7061	approved	0				global known-rendering assignment; lexical score 0.56
1:12	14	if		9	אִם		global-review-known-rendering	safe	0.6409	approved	0				global known-rendering assignment; lexical score 0.49
1:12	22	which		14	אֲשֶׁ֥ר		global-review-known-rendering	safe	0.6693	approved	0				global known-rendering assignment; lexical score 0.52
1:12	28	which		17	אֲשֶׁר֙		global-review-known-rendering	safe	0.6693	approved	0				global known-rendering assignment; lexical score 0.52
1:12	29	the				expands	supplied-article	safe	0.7287	approved	0				article the original does not write; rests on 'LORD' → 'יְהוָ֔ה'
1:12	30	LORD		19	יְהוָ֔ה		global-review-known-rendering	safe	0.7287	approved	0				global known-rendering assignment; lexical score 0.58
1:12	35	the				expands	supplied-article	safe	0.7654	approved	0				article the original does not write; rests on 'day' → 'יֹ֖ום'
1:12	36	day		21	יֹ֖ום		global-review-known-rendering	safe	0.7654	approved	0				global known-rendering assignment; lexical score 0.62
1:12	39	fierce		22	חֲרֹ֥ון		global-review-known-rendering	safe	0.5975	approved	0				global known-rendering assignment; lexical score 0.45
1:12	40	anger		23	אַפֹּֽו		global-review-known-rendering	safe	0.6795	approved	0				global known-rendering assignment; lexical score 0.53
1:13				18	הַ	omits	unrendered-article	safe	0.7654	approved	0				article no the of the verse renders; rests on 'day' → 'יֹּ֖ום'
1:13	6	sent		3	שָֽׁלַח		global-review-known-rendering	safe	0.7451	approved	0				global known-rendering assignment; lexical score 0.60
1:13	7	fire		4	אֵ֥שׁ		global-review-known-rendering	safe	0.6966	approved	0				global known-rendering assignment; lexical score 0.55
1:13	9	my		6	עַצְמֹתַ֖י		attached-word	safe	0.6621	approved	0				PossessivePronoun of 'bones'
1:13	10	bones		6	עַצְמֹתַ֖י		global-review-known-rendering	safe	0.7621	approved	0				global known-rendering assignment; lexical score 0.61
1:13	19	a				expands	supplied-indefinite-article	safe	0.6258	approved	0				indefinite article; rests on 'net' → 'רֶ֤שֶׁת'
1:13	20	net		10	רֶ֤שֶׁת		global-review-known-rendering	safe	0.6258	approved	0				global known-rendering assignment; lexical score 0.48
1:13	22	my		12	רַגְלַי֙		attached-word	safe	0.6368	approved	0				PossessivePronoun of 'feet'
1:13	23	feet		12	רַגְלַי֙		global-review-known-rendering	safe	0.7368	approved	0				global known-rendering assignment; lexical score 0.59
1:13	28	back		13	הֱשִׁיבַ֣נִי		global-review-known-rendering	safe	0.5623	approved	0				global known-rendering assignment; lexical score 0.41
1:13	37	all		17	כָּל		global-review-known-rendering	safe	0.7585	approved	0				global known-rendering assignment; lexical score 0.61
1:13	38	day		19	יֹּ֖ום		global-review-known-rendering	safe	0.7654	approved	0				global known-rendering assignment; lexical score 0.62
1:14	1	“The				expands	supplied-article	safe	0.6579	approved	0				article the original does not write; rests on 'yoke' → 'עֹ֨ל'
1:14	2	yoke		2	עֹ֨ל		global-review-known-rendering	safe	0.6579	approved	0				global known-rendering assignment; lexical score 0.51
1:14	3	of		3	פְּשָׁעַ֜י		attached-word	safe	0.5791	approved	0				Genitive of 'my'
1:14	4	my		3	פְּשָׁעַ֜י		attached-word	safe	0.6791	approved	0				PossessivePronoun of 'transgressions'
1:14	5	transgressions		3	פְּשָׁעַ֜י		global-review-known-rendering	safe	0.7791	approved	0				global known-rendering assignment; lexical score 0.63
1:14	9	his		5	יָדֹ֗ו		attached-word	safe	0.5694	approved	0				PossessivePronoun of 'hand'
1:14	10	hand		5	יָדֹ֗ו		global-review-known-rendering	safe	0.6694	approved	0				global known-rendering assignment; lexical score 0.52
1:14	20	my		9	צַוָּארִ֖י		attached-word	safe	0.4868	approved	0				PossessivePronoun of 'neck'
1:14	21	neck		9	צַוָּארִ֖י		global-review-known-rendering	safe	0.5868	approved	0				global known-rendering assignment; lexical score 0.44
1:14	34	hands		15	ידֵ֖י		global-review-known-rendering	safe	0.6713	approved	0				global known-rendering assignment; lexical score 0.52
1:14	39	not		16	לֹא		global-review-known-rendering	safe	0.679	approved	0				global known-rendering assignment; lexical score 0.53
1:15	7	all		2	כָל		global-review-known-rendering	safe	0.7585	approved	0				global known-rendering assignment; lexical score 0.61
1:15	15	called		7	קָרָ֥א		global-review-known-rendering	safe	0.7527	approved	0				global known-rendering assignment; lexical score 0.60
1:15	30	the				expands	supplied-article	safe	0.7625	approved	0				article the original does not write; rests on 'virgin' → 'בְתוּלַ֖ת'
1:15	31	virgin		17	בְתוּלַ֖ת		global-review-known-rendering	safe	0.7625	approved	0				global known-rendering assignment; lexical score 0.61
1:15	32	daughter		18	בַּת		global-review-known-rendering	safe	0.7735	approved	0				global known-rendering assignment; lexical score 0.62
1:15	33	of		19	יְהוּדָֽה		attached-word	safe	0.684	approved	0				Genitive of 'Judah'
1:15	34	Judah		19	יְהוּדָֽה		global-review-known-rendering	safe	0.784	approved	0				global known-rendering assignment; lexical score 0.63
1:16	2	these		2	אֵ֣לֶּה		global-review-known-rendering	safe	0.7108	approved	0				global known-rendering assignment; lexical score 0.56
1:16	5	weep		4	בֹוכִיָּ֗ה		global-review-known-rendering	safe	0.7357	approved	0				global known-rendering assignment; lexical score 0.59
1:16	6	My		5	עֵינִ֤י		attached-word	safe	0.6941	approved	0				PossessivePronoun of 'eye'
1:16	7	eye		5	עֵינִ֤י		global-review-known-rendering	safe	0.7941	approved	0				global known-rendering assignment; lexical score 0.64
1:16	8	my		6	עֵינִי֙		attached-word	safe	0.6941	approved	0				PossessivePronoun of 'eye'
1:16	9	eye		6	עֵינִי֙		global-review-known-rendering	safe	0.7941	approved	0				global known-rendering assignment; lexical score 0.64
1:16	13	water		8	מַּ֔יִם		global-review-known-rendering	safe	0.7745	approved	0				global known-rendering assignment; lexical score 0.62
1:16	20	my		14	נַפְשִׁ֑י		attached-word	safe	0.6921	approved	0				PossessivePronoun of 'soul'
1:16	21	soul		14	נַפְשִׁ֑י		global-review-known-rendering	safe	0.7921	approved	0				global known-rendering assignment; lexical score 0.64
1:16	26	My		16	בָנַי֙		attached-word	safe	0.6614	approved	0				PossessivePronoun of 'children'
1:16	27	children		16	בָנַי֙		global-review-known-rendering	safe	0.7614	approved	0				global known-rendering assignment; lexical score 0.61
1:16	31	the				expands	supplied-article	safe	0.6969	approved	0				article the original does not write; rests on 'enemy' → 'אֹויֵֽב'
1:16	32	enemy		20	אֹויֵֽב		global-review-known-rendering	safe	0.6969	approved	0				global known-rendering assignment; lexical score 0.55
1:17	1	Zion		2	צִיֹּ֜ון		global-review-known-rendering	safe	0.7553	approved	0				global known-rendering assignment; lexical score 0.61
1:17	4	her		4	יָדֶ֗יהָ		attached-word	safe	0.5713	approved	0				PossessivePronoun of 'hands'
1:17	5	hands		4	יָדֶ֗יהָ		global-review-known-rendering	safe	0.6713	approved	0				global known-rendering assignment; lexical score 0.52
1:17	11	comfort		6	מְנַחֵם֙		global-review-known-rendering	safe	0.6934	approved	0				global known-rendering assignment; lexical score 0.54
1:17	13	The				expands	supplied-article	safe	0.7287	approved	0				article the original does not write; rests on 'LORD' → 'יְהוָ֛ה'
1:17	14	LORD		9	יְהוָ֛ה		global-review-known-rendering	safe	0.7287	approved	0				global known-rendering assignment; lexical score 0.58
1:17	16	commanded		8	צִוָּ֧ה		global-review-known-rendering	safe	0.7186	approved	0				global known-rendering assignment; lexical score 0.57
1:17	18	Jacob		11	יַעֲקֹ֖ב		global-review-known-rendering	safe	0.7918	approved	0				global known-rendering assignment; lexical score 0.64
1:17	23	around		12	סְבִיבָ֣יו		global-review-known-rendering	safe	0.5729	approved	0				global known-rendering assignment; lexical score 0.42
1:17	27	his		13	צָרָ֑יו		attached-word	safe	0.52	approved	0				PossessivePronoun of 'adversaries'
1:17	28	adversaries		13	צָרָ֑יו		global-review-known-rendering	safe	0.62	approved	0				global known-rendering assignment; lexical score 0.47
1:17	29	Jerusalem		15	יְרוּשָׁלִַ֛ם		global-review-known-rendering	safe	0.76	approved	0				global known-rendering assignment; lexical score 0.61
1:18	4	righteous		1	צַדִּ֥יק		global-review-known-rendering	safe	0.7246	approved	0				global known-rendering assignment; lexical score 0.57
1:18	13	hear		7	שִׁמְעוּ		global-review-known-rendering	safe	0.7192	approved	0				global known-rendering assignment; lexical score 0.57
1:18	14	all		9	כָל		global-review-known-rendering	safe	0.7585	approved	0				global known-rendering assignment; lexical score 0.61
1:18	16	peoples		11	עמים		global-review-known-rendering	safe	0.767	approved	0				global known-rendering assignment; lexical score 0.62
1:18	18	see		13	רְאוּ֙		global-review-known-rendering	safe	0.7061	approved	0				global known-rendering assignment; lexical score 0.56
1:18	21	My		15	בְּתוּלֹתַ֥י		attached-word	safe	0.6357	approved	0				PossessivePronoun of 'virgins'
1:18	22	virgins		15	בְּתוּלֹתַ֥י		global-review-known-rendering	safe	0.7357	approved	0				global known-rendering assignment; lexical score 0.59
1:19				20	אֶת	omits	unrendered-object-marker	safe	0.7557	approved	0				object marker; rests on 'souls' → 'נַפְשָֽׁם'
1:19	2	called		1	קָרָ֤אתִי		global-review-known-rendering	safe	0.7527	approved	0				global known-rendering assignment; lexical score 0.60
1:19	4	my		4	מְאַהֲבַי֙		attached-word	safe	0.625	approved	0				PossessivePronoun of 'lovers'
1:19	5	lovers		4	מְאַהֲבַי֙		global-review-known-rendering	safe	0.725	approved	0				global known-rendering assignment; lexical score 0.57
1:19	10	My		7	כֹּהֲנַ֥י		attached-word	safe	0.6784	approved	0				PossessivePronoun of 'priests'
1:19	11	priests		7	כֹּהֲנַ֥י		global-review-known-rendering	safe	0.7784	approved	0				global known-rendering assignment; lexical score 0.63
1:19	13	my		9	זְקֵנַ֖י		attached-word	safe	0.6469	approved	0				PossessivePronoun of 'elders'
1:19	14	elders		9	זְקֵנַ֖י		global-review-known-rendering	safe	0.7469	approved	0				global known-rendering assignment; lexical score 0.60
1:19	20	the		11			attached-word	safe	0.6517	approved	0				Article of 'city'
1:19	21	city		12	עִ֣יר		global-review-known-rendering	safe	0.7517	approved	0				global known-rendering assignment; lexical score 0.60
1:19	24	sought		15	בִקְשׁ֥וּ		global-review-known-rendering	safe	0.5906	approved	0				global known-rendering assignment; lexical score 0.44
1:19	30	their		21	נַפְשָֽׁם		attached-word	safe	0.6557	approved	0				PossessivePronoun of 'souls'
1:19	31	souls		21	נַפְשָֽׁם		global-review-known-rendering	safe	0.7557	approved	0				global known-rendering assignment; lexical score 0.61
1:20	2	LORD		2	יְהוָ֤ה		global-review-known-rendering	safe	0.7287	approved	0				global known-rendering assignment; lexical score 0.58
1:20	12	My		9	לִבִּי֙		attached-word	safe	0.5437	approved	0				PossessivePronoun of 'heart'
1:20	13	heart		9	לִבִּי֙		global-review-known-rendering	safe	0.6437	approved	0				global known-rendering assignment; lexical score 0.49
1:20	24	the				expands	supplied-article	safe	0.7805	approved	0				article the original does not write; rests on 'sword' → 'חֶ֖רֶב'
1:20	25	sword		18	חֶ֖רֶב		global-review-known-rendering	safe	0.7805	approved	0				global known-rendering assignment; lexical score 0.63
1:20	26	bereaves		17	שִׁכְּלָה		global-review-known-rendering	safe	0.5923	approved	0				global known-rendering assignment; lexical score 0.44
1:20	28	home		21	בַּ֥יִת		global-review-known-rendering	safe	0.65	approved	0				global known-rendering assignment; lexical score 0.50
1:21	3	heard		1	שָׁמְע֞וּ		global-review-known-rendering	safe	0.7386	approved	0				global known-rendering assignment; lexical score 0.59
1:21	6	sigh		3	נֶאֱנָחָ֣ה		global-review-known-rendering	safe	0.8	approved	0				global known-rendering assignment; lexical score 0.65
1:21	12	comfort		6	מְנַחֵם֙		global-review-known-rendering	safe	0.6934	approved	0				global known-rendering assignment; lexical score 0.54
1:21	14	All		8	כָּל		global-review-known-rendering	safe	0.7585	approved	0				global known-rendering assignment; lexical score 0.61
1:21	15	my		9	אֹ֨יְבַ֜י		attached-word	safe	0.584	approved	0				PossessivePronoun of 'enemies'
1:21	16	enemies		9	אֹ֨יְבַ֜י		global-review-known-rendering	safe	0.684	approved	0				global known-rendering assignment; lexical score 0.53
1:21	18	heard		10	שָׁמְע֤וּ		global-review-known-rendering	safe	0.7386	approved	0				global known-rendering assignment; lexical score 0.59
1:21	28	done		15	עָשִׂ֑יתָ		global-review-known-rendering	safe	0.7006	approved	0				global known-rendering assignment; lexical score 0.55
1:21	33	the				expands	supplied-article	safe	0.7654	approved	0				article the original does not write; rests on 'day' → 'יֹום'
1:21	34	day		17	יֹום		global-review-known-rendering	safe	0.7654	approved	0				global known-rendering assignment; lexical score 0.62
1:21	38	proclaimed		18	קָרָ֖אתָ		global-review-known-rendering	safe	0.65	approved	0				global known-rendering assignment; lexical score 0.50
1:22	2	all		2	כָל		global-review-known-rendering	safe	0.7585	approved	0				global known-rendering assignment; lexical score 0.61
1:22	3	their		3	רָעָתָ֤ם		attached-word	safe	0.4571	approved	0				PossessivePronoun of 'wickedness'
1:22	4	wickedness		3	רָעָתָ֤ם		global-review-known-rendering	safe	0.5571	approved	0				global known-rendering assignment; lexical score 0.41
1:22	5	come		1	תָּבֹ֨א		global-review-known-rendering	safe	0.5725	approved	0				global known-rendering assignment; lexical score 0.42
1:22	6	before		5	פָנֶ֨יךָ֙		global-review-known-rendering	safe	0.6578	approved	0				global known-rendering assignment; lexical score 0.51
1:22	18	all		14	כָּל		global-review-known-rendering	safe	0.7585	approved	0				global known-rendering assignment; lexical score 0.61
1:22	19	my		15	פְּשָׁעָ֑י		attached-word	safe	0.6791	approved	0				PossessivePronoun of 'transgressions'
1:22	20	transgressions		15	פְּשָׁעָ֑י		global-review-known-rendering	safe	0.7791	approved	0				global known-rendering assignment; lexical score 0.63
1:22	25	many		17	רַבֹּ֥ות		global-review-known-rendering	safe	0.6658	approved	0				global known-rendering assignment; lexical score 0.52
1:22	27	my		20	לִבִּ֥י		attached-word	safe	0.5437	approved	0				PossessivePronoun of 'heart'
1:22	28	heart		20	לִבִּ֥י		global-review-known-rendering	safe	0.6437	approved	0				global known-rendering assignment; lexical score 0.49
2:1				6	אֶת	omits	unrendered-object-marker	safe	0.7727	approved	0				object marker; rests on 'daughter' → 'בַּת'
2:1	6	the				expands	supplied-article	safe	0.7727	approved	0				article the original does not write; rests on 'daughter' → 'בַּת'
2:1	7	daughter		7	בַּת		global-review-known-rendering	safe	0.7727	approved	0				global known-rendering assignment; lexical score 0.62
2:1	8	of		8	צִיֹּ֔ון		attached-word	safe	0.6513	approved	0				Genitive of 'Zion'
2:1	9	Zion		8	צִיֹּ֔ון		global-review-known-rendering	safe	0.7513	approved	0				global known-rendering assignment; lexical score 0.60
2:1	14	his		4	אַפֹּ֤ו		attached-word	safe	0.5767	approved	0				PossessivePronoun of 'anger'
2:1	15	anger		4	אַפֹּ֤ו		global-review-known-rendering	safe	0.6767	approved	0				global known-rendering assignment; lexical score 0.53
2:1	21	of		14	יִשְׂרָאֵ֑ל		attached-word	safe	0.6859	approved	0				Genitive of 'Israel'
2:1	22	Israel		14	יִשְׂרָאֵ֑ל		global-review-known-rendering	safe	0.7859	approved	0				global known-rendering assignment; lexical score 0.64
2:1	25	heaven		11	שָּׁמַ֨יִם֙		global-review-known-rendering	safe	0.7279	approved	0				global known-rendering assignment; lexical score 0.58
2:1	27	the				expands	supplied-article	safe	0.744	approved	0				article the original does not write; rests on 'earth' → 'אֶ֔רֶץ'
2:1	28	earth		12	אֶ֔רֶץ		global-review-known-rendering	safe	0.744	approved	0				global known-rendering assignment; lexical score 0.59
2:1	30	hasn’t		16	לֹא		global-review-known-rendering	safe	0.6788	approved	0				global known-rendering assignment; lexical score 0.53
2:1	31	remembered		17	זָכַ֥ר		global-review-known-rendering	safe	0.7394	approved	0				global known-rendering assignment; lexical score 0.59
2:1	35	the				expands	supplied-article	safe	0.7656	approved	0				article the original does not write; rests on 'day' → 'יֹ֥ום'
2:1	36	day		21	יֹ֥ום		global-review-known-rendering	safe	0.7656	approved	0				global known-rendering assignment; lexical score 0.62
2:1	37	of		22	אַפֹּֽו		attached-word	safe	0.4767	approved	0				Genitive of 'his'
2:1	38	his		22	אַפֹּֽו		attached-word	safe	0.5767	approved	0				PossessivePronoun of 'anger'
2:1	39	anger		22	אַפֹּֽו		global-review-known-rendering	safe	0.6767	approved	0				global known-rendering assignment; lexical score 0.53
2:2				6	אֵ֚ת	omits	unrendered-object-marker	safe	0.7585	approved	0				object marker; rests on 'all' → 'כָּל'
2:2	4	swallowed		1	בִּלַּ֨ע		global-review-known-rendering	safe	0.6714	approved	0				global known-rendering assignment; lexical score 0.52
2:2	6	all		7	כָּל		global-review-known-rendering	safe	0.7585	approved	0				global known-rendering assignment; lexical score 0.61
2:2	10	Jacob		9	יַעֲקֹ֔ב		global-review-known-rendering	safe	0.7918	approved	0				global known-rendering assignment; lexical score 0.64
2:2	12	pity		5	חָמַ֗ל		global-review-known-rendering	safe	0.56	approved	0				global known-rendering assignment; lexical score 0.41
2:2	22	of		14	בַת		attached-word	safe	0.6727	approved	0				Genitive of 'daughter'
2:2	23	the				expands	supplied-article	safe	0.7727	approved	0				article the original does not write; rests on 'daughter' → 'בַת'
2:2	24	daughter		14	בַת		global-review-known-rendering	safe	0.7727	approved	0				global known-rendering assignment; lexical score 0.62
2:2	25	of		15	יְהוּדָ֖ה		attached-word	safe	0.684	approved	0				Genitive of 'Judah'
2:2	26	Judah		15	יְהוּדָ֖ה		global-review-known-rendering	safe	0.784	approved	0				global known-rendering assignment; lexical score 0.63
2:2	33	the		18			attached-word	safe	0.5104	approved	0				Article of 'ground'
2:2	34	ground		19	אָ֑רֶץ		global-review-known-rendering	safe	0.6104	approved	0				global known-rendering assignment; lexical score 0.46
2:2	37	profaned		20	חִלֵּ֥ל		global-review-known-rendering	safe	0.7719	approved	0				global known-rendering assignment; lexical score 0.62
2:2	41	its		23	שָׂרֶֽיהָ		attached-word	safe	0.5606	approved	0				PossessivePronoun of 'princes'
2:2	42	princes		23	שָׂרֶֽיהָ		global-review-known-rendering	safe	0.6606	approved	0				global known-rendering assignment; lexical score 0.51
2:3	5	all		5	כֹּ֚ל		global-review-known-rendering	safe	0.7585	approved	0				global known-rendering assignment; lexical score 0.61
2:3	6	the				expands	supplied-article	safe	0.7156	approved	0				article the original does not write; rests on 'horn' → 'קֶ֣רֶן'
2:3	7	horn		6	קֶ֣רֶן		global-review-known-rendering	safe	0.7156	approved	0				global known-rendering assignment; lexical score 0.57
2:3	8	of		7	יִשְׂרָאֵ֔ל		attached-word	safe	0.6859	approved	0				Genitive of 'Israel'
2:3	9	Israel		7	יִשְׂרָאֵ֔ל		global-review-known-rendering	safe	0.7859	approved	0				global known-rendering assignment; lexical score 0.64
2:3	12	anger		4	אַ֗ף		global-review-known-rendering	safe	0.6767	approved	0				global known-rendering assignment; lexical score 0.53
2:3	16	back		8	הֵשִׁ֥יב		global-review-known-rendering	safe	0.5623	approved	0				global known-rendering assignment; lexical score 0.41
2:3	21	before		12	פְּנֵ֣י		global-review-known-rendering	safe	0.6583	approved	0				global known-rendering assignment; lexical score 0.51
2:3	22	the				expands	supplied-article	safe	0.6851	approved	0				article the original does not write; rests on 'enemy' → 'אֹויֵ֑ב'
2:3	23	enemy		13	אֹויֵ֑ב		global-review-known-rendering	safe	0.6851	approved	0				global known-rendering assignment; lexical score 0.54
2:3	28	Jacob		17	יַעֲקֹב֙		global-review-known-rendering	safe	0.7918	approved	0				global known-rendering assignment; lexical score 0.64
2:3	30	a				expands	supplied-indefinite-article	safe	0.6071	approved	0				indefinite article; rests on 'flaming' → 'לֶֽהָבָ֔ה'
2:3	31	flaming		20	לֶֽהָבָ֔ה		global-review-known-rendering	safe	0.6071	approved	0				global known-rendering assignment; lexical score 0.46
2:3	32	fire		19	אֵ֣שׁ		global-review-known-rendering	safe	0.6964	approved	0				global known-rendering assignment; lexical score 0.55
2:3	34	devours		21	אָכְלָ֖ה		global-review-known-rendering	safe	0.7244	approved	0				global known-rendering assignment; lexical score 0.57
2:3	36	around		22	סָבִֽיב		global-review-known-rendering	safe	0.5715	approved	0				global known-rendering assignment; lexical score 0.42
2:4	3	bent		1	דָּרַ֨ךְ		global-review-known-rendering	safe	0.7357	approved	0				global known-rendering assignment; lexical score 0.59
2:4	4	his		2	קַשְׁתֹּ֜ו		attached-word	safe	0.521	approved	0				PossessivePronoun of 'bow'
2:4	5	bow		2	קַשְׁתֹּ֜ו		global-review-known-rendering	safe	0.621	approved	0				global known-rendering assignment; lexical score 0.47
2:4	7	an				expands	supplied-indefinite-article	safe	0.6851	approved	0				indefinite article; rests on 'enemy' → 'אֹויֵ֗ב'
2:4	8	enemy		4	אֹויֵ֗ב		global-review-known-rendering	safe	0.6851	approved	0				global known-rendering assignment; lexical score 0.54
2:4	22	all		11	כֹּ֖ל		global-review-known-rendering	safe	0.7585	approved	0				global known-rendering assignment; lexical score 0.61
2:4	27	the				expands	supplied-article	safe	0.7941	approved	0				article the original does not write; rests on 'eye' → 'עָ֑יִן'
2:4	28	eye		13	עָ֑יִן		global-review-known-rendering	safe	0.7941	approved	0				global known-rendering assignment; lexical score 0.64
2:4	30	the				expands	supplied-article	safe	0.7308	approved	0				article the original does not write; rests on 'tent' → 'אֹ֨הֶל֙'
2:4	31	tent		15	אֹ֨הֶל֙		global-review-known-rendering	safe	0.7308	approved	0				global known-rendering assignment; lexical score 0.58
2:4	32	of		16	בַּת		attached-word	safe	0.6727	approved	0				Genitive of 'daughter'
2:4	33	the				expands	supplied-article	safe	0.7727	approved	0				article the original does not write; rests on 'daughter' → 'בַּת'
2:4	34	daughter		16	בַּת		global-review-known-rendering	safe	0.7727	approved	0				global known-rendering assignment; lexical score 0.62
2:4	35	of		17	צִיֹּ֔ון		attached-word	safe	0.6513	approved	0				Genitive of 'Zion'
2:4	36	Zion		17	צִיֹּ֔ון		global-review-known-rendering	safe	0.7513	approved	0				global known-rendering assignment; lexical score 0.60
2:4	44	fire		21	אֵ֖שׁ		global-review-known-rendering	safe	0.6964	approved	0				global known-rendering assignment; lexical score 0.55
2:5				12	וַ	omits	unrendered-conjunction	safe	0.6905	approved	0				conjunction no word of the verse renders; rests on 'multiplied' → 'יֶּ֨רֶב֙'
2:5	4	become		1	הָיָ֨ה		global-review-known-rendering	safe	0.6701	approved	0				global known-rendering assignment; lexical score 0.52
2:5	6	an				expands	supplied-indefinite-article	safe	0.6851	approved	0				indefinite article; rests on 'enemy' → 'אֹויֵב֙'
2:5	7	enemy		4	אֹויֵב֙		global-review-known-rendering	safe	0.6851	approved	0				global known-rendering assignment; lexical score 0.54
2:5	10	swallowed		5	בִּלַּ֣ע		global-review-known-rendering	safe	0.6714	approved	0				global known-rendering assignment; lexical score 0.52
2:5	12	Israel		6	יִשְׂרָאֵ֔ל		global-review-known-rendering	safe	0.7859	approved	0				global known-rendering assignment; lexical score 0.64
2:5	15	swallowed		7	בִּלַּע֙		global-review-known-rendering	safe	0.6714	approved	0				global known-rendering assignment; lexical score 0.52
2:5	17	all		8	כָּל		global-review-known-rendering	safe	0.7585	approved	0				global known-rendering assignment; lexical score 0.61
2:5	18	her		9	אַרְמְנֹותֶ֔יהָ		attached-word	safe	0.6224	approved	0				PossessivePronoun of 'palaces'
2:5	19	palaces		9	אַרְמְנֹותֶ֔יהָ		global-review-known-rendering	safe	0.7224	approved	0				global known-rendering assignment; lexical score 0.57
2:5	27	multiplied		13	יֶּ֨רֶב֙		global-review-known-rendering	safe	0.6905	approved	0				global known-rendering assignment; lexical score 0.54
2:5	32	the				expands	supplied-article	safe	0.7727	approved	0				article the original does not write; rests on 'daughter' → 'בַת'
2:5	33	daughter		15	בַת		global-review-known-rendering	safe	0.7727	approved	0				global known-rendering assignment; lexical score 0.62
2:5	34	of		16	יְהוּדָ֔ה		attached-word	safe	0.684	approved	0				Genitive of 'Judah'
2:5	35	Judah		16	יְהוּדָ֔ה		global-review-known-rendering	safe	0.784	approved	0				global known-rendering assignment; lexical score 0.63
2:6	12	a				expands	supplied-indefinite-article	safe	0.7163	approved	0				indefinite article; rests on 'garden' → 'גַּן֙'
2:6	13	garden		5	גַּן֙		global-review-known-rendering	safe	0.7163	approved	0				global known-rendering assignment; lexical score 0.57
2:6	21	The				expands	supplied-article	safe	0.7289	approved	0				article the original does not write; rests on 'LORD' → 'יְהוָ֤ה'
2:6	22	LORD		10	יְהוָ֤ה		global-review-known-rendering	safe	0.7289	approved	0				global known-rendering assignment; lexical score 0.58
2:6	28	Sabbath		15	שַׁבָּ֔ת		global-review-known-rendering	safe	0.7596	approved	0				global known-rendering assignment; lexical score 0.61
2:6	31	forgotten		9	שִׁכַּ֨ח		global-review-known-rendering	safe	0.7671	approved	0				global known-rendering assignment; lexical score 0.62
2:6	33	Zion		12	צִיֹּון֙		global-review-known-rendering	safe	0.7513	approved	0				global known-rendering assignment; lexical score 0.60
2:6	35	the				expands	supplied-article	safe	0.6113	approved	0				article the original does not write; rests on 'indignation' → 'זַֽעַם'
2:6	36	indignation		19	זַֽעַם		global-review-known-rendering	safe	0.6113	approved	0				global known-rendering assignment; lexical score 0.46
2:6	37	of		20	אַפֹּ֖ו		attached-word	safe	0.4767	approved	0				Genitive of 'his'
2:6	38	his		20	אַפֹּ֖ו		attached-word	safe	0.5767	approved	0				PossessivePronoun of 'anger'
2:6	39	anger		20	אַפֹּ֖ו		global-review-known-rendering	safe	0.6767	approved	0				global known-rendering assignment; lexical score 0.53
2:6	43	the				expands	supplied-article	safe	0.7534	approved	0				article the original does not write; rests on 'king' → 'מֶ֥לֶךְ'
2:6	44	king		21	מֶ֥לֶךְ		global-review-known-rendering	safe	0.7534	approved	0				global known-rendering assignment; lexical score 0.60
2:6	46	the				expands	supplied-article	safe	0.7905	approved	0				article the original does not write; rests on 'priest' → 'כֹהֵֽן'
2:6	47	priest		23	כֹהֵֽן		global-review-known-rendering	safe	0.7905	approved	0				global known-rendering assignment; lexical score 0.64
2:7	1	The				expands	supplied-article	safe	0.7289	approved	0				article the original does not write; rests on 'Lord' → 'יְהוָ֖ה'
2:7	2	Lord		16	יְהוָ֖ה		global-review-known-rendering	safe	0.7289	approved	0				global known-rendering assignment; lexical score 0.58
2:7	6	his		3	מִזְבְּחֹו֙		attached-word	safe	0.6898	approved	0				PossessivePronoun of 'altar'
2:7	7	altar		3	מִזְבְּחֹו֙		global-review-known-rendering	safe	0.7898	approved	0				global known-rendering assignment; lexical score 0.64
2:7	15	given		13	נָתְנ֥וּ		global-review-known-rendering	safe	0.6925	approved	0				global known-rendering assignment; lexical score 0.54
2:7	16	the				expands	supplied-article	safe	0.623	approved	0				article the original does not write; rests on 'walls' → 'חֹומֹ֖ת'
2:7	17	walls		10	חֹומֹ֖ת		global-review-known-rendering	safe	0.623	approved	0				global known-rendering assignment; lexical score 0.47
2:7	18	of		11	אַרְמְנֹותֶ֑יהָ		attached-word	safe	0.5224	approved	0				Genitive of 'her'
2:7	19	her		11	אַרְמְנֹותֶ֑יהָ		attached-word	safe	0.6224	approved	0				PossessivePronoun of 'palaces'
2:7	20	palaces		11	אַרְמְנֹותֶ֑יהָ		global-review-known-rendering	safe	0.7224	approved	0				global known-rendering assignment; lexical score 0.57
2:7	22	the				expands	supplied-article	safe	0.6699	approved	0				article the original does not write; rests on 'hand' → 'יַד'
2:7	23	hand		8	יַד		global-review-known-rendering	safe	0.6699	approved	0				global known-rendering assignment; lexical score 0.52
2:7	24	of		9	אֹויֵ֔ב		attached-word	safe	0.5851	approved	0				Genitive of 'enemy'
2:7	25	the				expands	supplied-article	safe	0.6851	approved	0				article the original does not write; rests on 'enemy' → 'אֹויֵ֔ב'
2:7	26	enemy		9	אֹויֵ֔ב		global-review-known-rendering	safe	0.6851	approved	0				global known-rendering assignment; lexical score 0.54
2:7	30	a				expands	supplied-indefinite-article	safe	0.5848	approved	0				indefinite article; rests on 'noise' → 'קֹ֛ול'
2:7	31	noise		12	קֹ֛ול		global-review-known-rendering	safe	0.5848	approved	0				global known-rendering assignment; lexical score 0.43
2:7	35	house		15	בֵית		global-review-known-rendering	safe	0.7634	approved	0				global known-rendering assignment; lexical score 0.61
2:7	38	the				expands	supplied-article	safe	0.7656	approved	0				article the original does not write; rests on 'day' → 'יֹ֥ום'
2:7	39	day		18	יֹ֥ום		global-review-known-rendering	safe	0.7656	approved	0				global known-rendering assignment; lexical score 0.62
2:8	1	The				expands	supplied-article	safe	0.7289	approved	0				article the original does not write; rests on 'LORD' → 'יְהוָ֤ה'
2:8	2	LORD		2	יְהוָ֤ה		global-review-known-rendering	safe	0.7289	approved	0				global known-rendering assignment; lexical score 0.58
2:8	9	of		6	בַּת		attached-word	safe	0.6727	approved	0				Genitive of 'daughter'
2:8	10	the				expands	supplied-article	safe	0.7727	approved	0				article the original does not write; rests on 'daughter' → 'בַּת'
2:8	11	daughter		6	בַּת		global-review-known-rendering	safe	0.7727	approved	0				global known-rendering assignment; lexical score 0.62
2:8	12	of		7	צִיֹּ֔ון		attached-word	safe	0.6513	approved	0				Genitive of 'Zion'
2:8	13	Zion		7	צִיֹּ֔ון		global-review-known-rendering	safe	0.7513	approved	0				global known-rendering assignment; lexical score 0.60
2:8	16	stretched		8	נָ֣טָה		global-review-known-rendering	safe	0.682	approved	0				global known-rendering assignment; lexical score 0.53
2:8	18	the				expands	supplied-article	safe	0.5983	approved	0				article the original does not write; rests on 'line' → 'קָ֔ו'
2:8	19	line		9	קָ֔ו		global-review-known-rendering	safe	0.5983	approved	0				global known-rendering assignment; lexical score 0.45
2:8	22	not		10	לֹא		global-review-known-rendering	safe	0.6789	approved	0				global known-rendering assignment; lexical score 0.53
2:8	24	his		12	יָדֹ֖ו		attached-word	safe	0.5699	approved	0				PossessivePronoun of 'hand'
2:8	25	hand		12	יָדֹ֖ו		global-review-known-rendering	safe	0.6699	approved	0				global known-rendering assignment; lexical score 0.52
2:8	37	languish		21	אֻמְלָֽלוּ		global-review-known-rendering	safe	0.8	approved	0				global known-rendering assignment; lexical score 0.65
2:9	1	Her		5	שְׁעָרֶ֔יהָ		attached-word	safe	0.6302	approved	0				PossessivePronoun of 'gates'
2:9	2	gates		5	שְׁעָרֶ֔יהָ		global-review-known-rendering	safe	0.7302	approved	0				global known-rendering assignment; lexical score 0.58
2:9	4	sunk		1	טָבְע֤וּ		global-review-known-rendering	safe	0.71	approved	0				global known-rendering assignment; lexical score 0.56
2:9	6	the		3			attached-word	safe	0.5104	approved	0				Article of 'ground'
2:9	7	ground		4	אָ֨רֶץ֙		global-review-known-rendering	safe	0.6104	approved	0				global known-rendering assignment; lexical score 0.46
2:9	13	her		9	בְּרִיחֶ֑יהָ		attached-word	safe	0.6757	approved	0				PossessivePronoun of 'bars'
2:9	14	bars		9	בְּרִיחֶ֑יהָ		global-review-known-rendering	safe	0.7757	approved	0				global known-rendering assignment; lexical score 0.63
2:9	15	Her		10	מַלְכָּ֨הּ		attached-word	safe	0.6534	approved	0				PossessivePronoun of 'king'
2:9	16	king		10	מַלְכָּ֨הּ		global-review-known-rendering	safe	0.7534	approved	0				global known-rendering assignment; lexical score 0.60
2:9	18	her		12	שָׂרֶ֤יהָ		attached-word	safe	0.5606	approved	0				PossessivePronoun of 'princes'
2:9	19	princes		12	שָׂרֶ֤יהָ		global-review-known-rendering	safe	0.6606	approved	0				global known-rendering assignment; lexical score 0.51
2:9	22	the		14			attached-word	safe	0.6498	approved	0				Article of 'nations'
2:9	23	nations		15	גֹּויִם֙		global-review-known-rendering	safe	0.7498	approved	0				global known-rendering assignment; lexical score 0.60
2:9	25	the				expands	supplied-article	safe	0.651	approved	0				article the original does not write; rests on 'law' → 'תֹּורָ֔ה'
2:9	26	law		17	תֹּורָ֔ה		global-review-known-rendering	safe	0.651	approved	0				global known-rendering assignment; lexical score 0.50
2:9	28	not		20	לֹא		global-review-known-rendering	safe	0.6789	approved	0				global known-rendering assignment; lexical score 0.53
2:9	30	her		19	נְבִיאֶ֕יהָ		attached-word	safe	0.6726	approved	0				PossessivePronoun of 'prophets'
2:9	31	prophets		19	נְבִיאֶ֕יהָ		global-review-known-rendering	safe	0.7726	approved	0				global known-rendering assignment; lexical score 0.62
2:9	32	find		21	מָצְא֥וּ		global-review-known-rendering	safe	0.7575	approved	0				global known-rendering assignment; lexical score 0.61
2:9	34	vision		22	חָזֹ֖ון		global-review-known-rendering	safe	0.5646	approved	0				global known-rendering assignment; lexical score 0.41
2:9	36	the				expands	supplied-article	safe	0.7289	approved	0				article the original does not write; rests on 'LORD' → 'יְהוָֽה'
2:9	37	LORD		24	יְהוָֽה		global-review-known-rendering	safe	0.7289	approved	0				global known-rendering assignment; lexical score 0.58
2:10	1	The				expands	supplied-article	safe	0.7469	approved	0				article the original does not write; rests on 'elders' → 'זִקְנֵ֣י'
2:10	2	elders		6	זִקְנֵ֣י		global-review-known-rendering	safe	0.7469	approved	0				global known-rendering assignment; lexical score 0.60
2:10	3	of		7	בַת		attached-word	safe	0.6727	approved	0				Genitive of 'daughter'
2:10	4	the				expands	supplied-article	safe	0.7727	approved	0				article the original does not write; rests on 'daughter' → 'בַת'
2:10	5	daughter		7	בַת		global-review-known-rendering	safe	0.7727	approved	0				global known-rendering assignment; lexical score 0.62
2:10	6	of		8	צִיֹּ֔ון		attached-word	safe	0.6513	approved	0				Genitive of 'Zion'
2:10	7	Zion		8	צִיֹּ֔ון		global-review-known-rendering	safe	0.7513	approved	0				global known-rendering assignment; lexical score 0.60
2:10	8	sit		1	יֵשְׁב֨וּ		global-review-known-rendering	safe	0.7669	approved	0				global known-rendering assignment; lexical score 0.62
2:10	10	the		3			attached-word	safe	0.5104	approved	0				Article of 'ground'
2:10	11	ground		4	אָ֤רֶץ		global-review-known-rendering	safe	0.6104	approved	0				global known-rendering assignment; lexical score 0.46
2:10	19	dust		10	עָפָר֙		global-review-known-rendering	safe	0.7308	approved	0				global known-rendering assignment; lexical score 0.58
2:10	21	their		12	רֹאשָׁ֔ם		attached-word	safe	0.665	approved	0				PossessivePronoun of 'heads'
2:10	22	heads		12	רֹאשָׁ֔ם		global-review-known-rendering	safe	0.765	approved	0				global known-rendering assignment; lexical score 0.61
2:10	28	sackcloth		14	שַׂקִּ֑ים		global-review-known-rendering	safe	0.8	approved	0				global known-rendering assignment; lexical score 0.65
2:10	29	The				expands	supplied-article	safe	0.7357	approved	0				article the original does not write; rests on 'virgins' → 'בְּתוּלֹ֖ת'
2:10	30	virgins		20	בְּתוּלֹ֖ת		global-review-known-rendering	safe	0.7357	approved	0				global known-rendering assignment; lexical score 0.59
2:10	31	of		21	יְרוּשָׁלִָֽם		attached-word	safe	0.66	approved	0				Genitive of 'Jerusalem'
2:10	32	Jerusalem		21	יְרוּשָׁלִָֽם		global-review-known-rendering	safe	0.76	approved	0				global known-rendering assignment; lexical score 0.61
2:10	35	their		19	רֹאשָׁ֔ן		attached-word	safe	0.665	approved	0				PossessivePronoun of 'heads'
2:10	36	heads		19	רֹאשָׁ֔ן		global-review-known-rendering	safe	0.765	approved	0				global known-rendering assignment; lexical score 0.61
2:10	38	the		17			attached-word	safe	0.5104	approved	0				Article of 'ground'
2:10	39	ground		18	אָ֨רֶץ֙		global-review-known-rendering	safe	0.6104	approved	0				global known-rendering assignment; lexical score 0.46
2:11	1	My		5	עֵינַי֙		attached-word	safe	0.6842	approved	0				PossessivePronoun of 'eyes'
2:11	2	eyes		5	עֵינַי֙		global-review-known-rendering	safe	0.7842	approved	0				global known-rendering assignment; lexical score 0.63
2:11	5	tears		4	דְּמָעֹ֤ות		global-review-known-rendering	safe	0.7437	approved	0				global known-rendering assignment; lexical score 0.59
2:11	15	the		10			attached-word	safe	0.644	approved	0				Article of 'earth'
2:11	16	earth		11	אָ֨רֶץ֙		global-review-known-rendering	safe	0.744	approved	0				global known-rendering assignment; lexical score 0.59
2:11	21	of		15	בַּת		attached-word	safe	0.6727	approved	0				Genitive of 'daughter'
2:11	22	the				expands	supplied-article	safe	0.7727	approved	0				article the original does not write; rests on 'daughter' → 'בַּת'
2:11	23	daughter		15	בַּת		global-review-known-rendering	safe	0.7727	approved	0				global known-rendering assignment; lexical score 0.62
2:11	24	of		16	עַמִּ֑י		attached-word	safe	0.5673	approved	0				Genitive of 'my'
2:11	25	my		16	עַמִּ֑י		attached-word	safe	0.6673	approved	0				PossessivePronoun of 'people'
2:11	26	people		16	עַמִּ֑י		global-review-known-rendering	safe	0.7673	approved	0				global known-rendering assignment; lexical score 0.62
2:12	9	wine		7	יָ֑יִן		global-review-known-rendering	safe	0.6485	approved	0				global known-rendering assignment; lexical score 0.50
2:12	20	the				expands	supplied-article	safe	0.7523	approved	0				article the original does not write; rests on 'city' → 'עִ֔יר'
2:12	21	city		15	עִ֔יר		global-review-known-rendering	safe	0.7523	approved	0				global known-rendering assignment; lexical score 0.60
2:12	23	their		18	נַפְשָׁ֔ם		attached-word	safe	0.6921	approved	0				PossessivePronoun of 'soul'
2:12	24	soul		18	נַפְשָׁ֔ם		global-review-known-rendering	safe	0.7921	approved	0				global known-rendering assignment; lexical score 0.64
2:12	31	bosom		20	חֵ֖יק		global-review-known-rendering	safe	0.7053	approved	0				global known-rendering assignment; lexical score 0.56
2:13				6	הַ	omits	unrendered-article	safe	0.7727	approved	0				article no the of the verse renders; rests on 'daughter' → 'בַּת֙'
2:13				12	וַ	omits	unrendered-conjunction	safe	0.6988	approved	0				conjunction no word of the verse renders; rests on 'comfort' → 'אֲנַֽחֲמֵ֔ךְ'
2:13	1	What		1	מָֽה		global-review-known-rendering	safe	0.6679	approved	0				global known-rendering assignment; lexical score 0.52
2:13	7	What		3	מָ֣ה		global-review-known-rendering	safe	0.6679	approved	0				global known-rendering assignment; lexical score 0.52
2:13	13	daughter		7	בַּת֙		global-review-known-rendering	safe	0.7727	approved	0				global known-rendering assignment; lexical score 0.62
2:13	15	Jerusalem		8	יְר֣וּשָׁלִַ֔ם		global-review-known-rendering	safe	0.76	approved	0				global known-rendering assignment; lexical score 0.61
2:13	16	What		9	מָ֤ה		global-review-known-rendering	safe	0.6679	approved	0				global known-rendering assignment; lexical score 0.52
2:13	25	comfort		13	אֲנַֽחֲמֵ֔ךְ		global-review-known-rendering	safe	0.6988	approved	0				global known-rendering assignment; lexical score 0.55
2:13	27	virgin		14	בְּתוּלַ֖ת		global-review-known-rendering	safe	0.7625	approved	0				global known-rendering assignment; lexical score 0.61
2:13	28	daughter		15	בַּת		global-review-known-rendering	safe	0.7727	approved	0				global known-rendering assignment; lexical score 0.62
2:13	29	of		16	צִיֹּ֑ון		attached-word	safe	0.6513	approved	0				Genitive of 'Zion'
2:13	30	Zion		16	צִיֹּ֑ון		global-review-known-rendering	safe	0.7513	approved	0				global known-rendering assignment; lexical score 0.60
2:13	38	the		20			attached-word	safe	0.6752	approved	0				Article of 'sea'
2:13	39	sea		21	יָּ֛ם		global-review-known-rendering	safe	0.7752	approved	0				global known-rendering assignment; lexical score 0.63
2:13	40	Who		23	מִ֥י		global-review-known-rendering	safe	0.5988	approved	0				global known-rendering assignment; lexical score 0.45
2:13	42	heal		24	יִרְפָּא		global-review-known-rendering	safe	0.7786	approved	0				global known-rendering assignment; lexical score 0.63
2:14	1	Your		1	נְבִיאַ֗יִךְ		attached-word	safe	0.6726	approved	0				PossessivePronoun of 'prophets'
2:14	2	prophets		1	נְבִיאַ֗יִךְ		global-review-known-rendering	safe	0.7726	approved	0				global known-rendering assignment; lexical score 0.62
2:14	13	not		8	לֹֽא		global-review-known-rendering	safe	0.6789	approved	0				global known-rendering assignment; lexical score 0.53
2:14	14	uncovered		9	גִלּ֥וּ		global-review-known-rendering	safe	0.6313	approved	0				global known-rendering assignment; lexical score 0.48
2:14	15	your		11	עֲוֹנֵ֖ךְ		attached-word	safe	0.5331	approved	0				PossessivePronoun of 'iniquity'
2:14	16	iniquity		11	עֲוֹנֵ֖ךְ		global-review-known-rendering	safe	0.6331	approved	0				global known-rendering assignment; lexical score 0.48
2:14	18	reverse		13	הָשִׁ֣יב		global-review-known-rendering	safe	0.6875	approved	0				global known-rendering assignment; lexical score 0.54
2:15	1	All		4	כָּל		global-review-known-rendering	safe	0.7585	approved	0				global known-rendering assignment; lexical score 0.61
2:15	11	hiss		7	שָֽׁרְקוּ֙		global-review-known-rendering	safe	0.7591	approved	0				global known-rendering assignment; lexical score 0.61
2:15	14	their		10	רֹאשָׁ֔ם		attached-word	safe	0.6391	approved	0				PossessivePronoun of 'head'
2:15	15	head		10	רֹאשָׁ֔ם		global-review-known-rendering	safe	0.7391	approved	0				global known-rendering assignment; lexical score 0.59
2:15	17	the				expands	supplied-article	safe	0.7727	approved	0				article the original does not write; rests on 'daughter' → 'בַּ֖ת'
2:15	18	daughter		12	בַּ֖ת		global-review-known-rendering	safe	0.7727	approved	0				global known-rendering assignment; lexical score 0.62
2:15	19	of		13	יְרוּשָׁלִָ֑ם		attached-word	safe	0.66	approved	0				Genitive of 'Jerusalem'
2:15	20	Jerusalem		13	יְרוּשָׁלִָ֑ם		global-review-known-rendering	safe	0.76	approved	0				global known-rendering assignment; lexical score 0.61
2:15	21	saying		18	שֶׁ		global-review-known-rendering	safe	0.7879	approved	0				global known-rendering assignment; lexical score 0.64
2:15	24	the		16	הָ		attached-word	safe	0.6523	approved	0				Article of 'city'
2:15	25	city		17	עִ֗יר		global-review-known-rendering	safe	0.7523	approved	0				global known-rendering assignment; lexical score 0.60
2:15	36	the				expands	supplied-article	safe	0.7206	approved	0				article the original does not write; rests on 'whole' → 'כָל'
2:15	37	whole		24	כָל		global-review-known-rendering	safe	0.7206	approved	0				global known-rendering assignment; lexical score 0.57
2:15	38	earth		26	אָֽרֶץ		global-review-known-rendering	safe	0.744	approved	0				global known-rendering assignment; lexical score 0.59
2:16	1	All		4	כָּל		global-review-known-rendering	safe	0.7585	approved	0				global known-rendering assignment; lexical score 0.61
2:16	2	your		5	אֹ֣ויְבַ֔יִךְ		attached-word	safe	0.5849	approved	0				PossessivePronoun of 'enemies'
2:16	3	enemies		5	אֹ֣ויְבַ֔יִךְ		global-review-known-rendering	safe	0.6849	approved	0				global known-rendering assignment; lexical score 0.53
2:16	6	their		3	פִּיהֶם֙		attached-word	safe	0.6136	approved	0				PossessivePronoun of 'mouth'
2:16	7	mouth		3	פִּיהֶם֙		global-review-known-rendering	safe	0.7136	approved	0				global known-rendering assignment; lexical score 0.56
2:16	12	hiss		6	שָֽׁרְקוּ֙		global-review-known-rendering	safe	0.7591	approved	0				global known-rendering assignment; lexical score 0.61
2:16	14	gnash		8	יַּֽחַרְקוּ		global-review-known-rendering	safe	0.8	approved	0				global known-rendering assignment; lexical score 0.65
2:16	16	teeth		9	שֵׁ֔ן		global-review-known-rendering	safe	0.7027	approved	0				global known-rendering assignment; lexical score 0.55
2:16	18	say		10	אָמְר֖וּ		global-review-known-rendering	safe	0.7663	approved	0				global known-rendering assignment; lexical score 0.62
2:16	21	swallowed		11	בִּלָּ֑עְנוּ		global-review-known-rendering	safe	0.6714	approved	0				global known-rendering assignment; lexical score 0.52
2:16	27	the		14	הַ		attached-word	safe	0.6656	approved	0				Article of 'day'
2:16	28	day		15	יֹּ֛ום		global-review-known-rendering	safe	0.7656	approved	0				global known-rendering assignment; lexical score 0.62
2:16	35	found		18	מָצָ֥אנוּ		global-review-known-rendering	safe	0.753	approved	0				global known-rendering assignment; lexical score 0.60
2:16	39	seen		19	רָאִֽינוּ		global-review-known-rendering	safe	0.7145	approved	0				global known-rendering assignment; lexical score 0.56
2:17	1	The				expands	supplied-article	safe	0.7289	approved	0				article the original does not write; rests on 'LORD' → 'יְהוָ֜ה'
2:17	2	LORD		2	יְהוָ֜ה		global-review-known-rendering	safe	0.7289	approved	0				global known-rendering assignment; lexical score 0.58
2:17	4	done		1	עָשָׂ֨ה		global-review-known-rendering	safe	0.6998	approved	0				global known-rendering assignment; lexical score 0.55
2:17	6	which		3	אֲשֶׁ֣ר		global-review-known-rendering	safe	0.6693	approved	0				global known-rendering assignment; lexical score 0.52
2:17	16	commanded		8	צִוָּ֣ה		global-review-known-rendering	safe	0.7186	approved	0				global known-rendering assignment; lexical score 0.57
2:17	18	the				expands	supplied-article	safe	0.7789	approved	0				article the original does not write; rests on 'days' → 'ימֵי'
2:17	19	days		10	ימֵי		global-review-known-rendering	safe	0.7789	approved	0				global known-rendering assignment; lexical score 0.63
2:17	28	not		14	לֹ֣א		global-review-known-rendering	safe	0.6789	approved	0				global known-rendering assignment; lexical score 0.53
2:17	33	the				expands	supplied-article	safe	0.6851	approved	0				article the original does not write; rests on 'enemy' → 'אֹויֵ֔ב'
2:17	34	enemy		19	אֹויֵ֔ב		global-review-known-rendering	safe	0.6851	approved	0				global known-rendering assignment; lexical score 0.54
2:17	36	rejoice		17	יְשַׂמַּ֤ח		global-review-known-rendering	safe	0.5641	approved	0				global known-rendering assignment; lexical score 0.41
2:17	37	over		18	עָלַ֨יִךְ֙		global-review-known-rendering	safe	0.5666	approved	0				global known-rendering assignment; lexical score 0.42
2:17	41	exalted		20	הֵרִ֖ים		global-review-known-rendering	safe	0.602	approved	0				global known-rendering assignment; lexical score 0.45
2:17	42	the				expands	supplied-article	safe	0.7156	approved	0				article the original does not write; rests on 'horn' → 'קֶ֥רֶן'
2:17	43	horn		21	קֶ֥רֶן		global-review-known-rendering	safe	0.7156	approved	0				global known-rendering assignment; lexical score 0.57
2:17	44	of		22	צָרָֽיִךְ		attached-word	safe	0.4313	approved	0				Genitive of 'your'
2:17	45	your		22	צָרָֽיִךְ		attached-word	safe	0.5312	approved	0				PossessivePronoun of 'adversaries'
2:17	46	adversaries		22	צָרָֽיִךְ		global-review-known-rendering	safe	0.6313	approved	0				global known-rendering assignment; lexical score 0.48
2:18	2	heart		2	לִבָּ֖ם		global-review-known-rendering	safe	0.6437	approved	0				global known-rendering assignment; lexical score 0.49
2:18	9	of		6	בַּת		attached-word	safe	0.6727	approved	0				Genitive of 'daughter'
2:18	10	the				expands	supplied-article	safe	0.7727	approved	0				article the original does not write; rests on 'daughter' → 'בַּת'
2:18	11	daughter		6	בַּת		global-review-known-rendering	safe	0.7727	approved	0				global known-rendering assignment; lexical score 0.62
2:18	12	of		7	צִ֠יֹּון		attached-word	safe	0.6513	approved	0				Genitive of 'Zion'
2:18	13	Zion		7	צִ֠יֹּון		global-review-known-rendering	safe	0.7513	approved	0				global known-rendering assignment; lexical score 0.60
2:18	15	tears		12	דִּמְעָה֙		global-review-known-rendering	safe	0.7437	approved	0				global known-rendering assignment; lexical score 0.59
2:18	23	night		15	לַ֔יְלָה		global-review-known-rendering	safe	0.7346	approved	0				global known-rendering assignment; lexical score 0.58
2:18	24	Give		17	תִּתְּנִ֤י		global-review-known-rendering	safe	0.6517	approved	0				global known-rendering assignment; lexical score 0.50
2:18	30	your		23	עֵינֵֽךְ		attached-word	safe	0.6842	approved	0				PossessivePronoun of 'eyes'
2:18	31	eyes		23	עֵינֵֽךְ		global-review-known-rendering	safe	0.7842	approved	0				global known-rendering assignment; lexical score 0.63
2:19	1	Arise		1	ק֣וּמִי		global-review-known-rendering	safe	0.7418	approved	0				global known-rendering assignment; lexical score 0.59
2:19	5	the		4			attached-word	safe	0.6346	approved	0				Article of 'night'
2:19	6	night		5	ליל		global-review-known-rendering	safe	0.7346	approved	0				global known-rendering assignment; lexical score 0.58
2:19	13	Pour		9	שִׁפְכִ֤י		global-review-known-rendering	safe	0.5861	approved	0				global known-rendering assignment; lexical score 0.44
2:19	15	your		13	לִבֵּ֔ךְ		attached-word	safe	0.5437	approved	0				PossessivePronoun of 'heart'
2:19	16	heart		13	לִבֵּ֔ךְ		global-review-known-rendering	safe	0.6437	approved	0				global known-rendering assignment; lexical score 0.49
2:19	18	water		12	מַּ֨יִם֙		global-review-known-rendering	safe	0.7745	approved	0				global known-rendering assignment; lexical score 0.62
2:19	20	the				expands	supplied-article	safe	0.739	approved	0				article the original does not write; rests on 'face' → 'פְּנֵ֣י'
2:19	21	face		15	פְּנֵ֣י		global-review-known-rendering	safe	0.739	approved	0				global known-rendering assignment; lexical score 0.59
2:19	25	Lift		17	שְׂאִ֧י		global-review-known-rendering	safe	0.6468	approved	0				global known-rendering assignment; lexical score 0.50
2:19	43	the				expands	supplied-article	safe	0.7391	approved	0				article the original does not write; rests on 'head' → 'רֹ֥אשׁ'
2:19	44	head		28	רֹ֥אשׁ		global-review-known-rendering	safe	0.7391	approved	0				global known-rendering assignment; lexical score 0.59
2:20	2	LORD		2	יְהוָה֙		global-review-known-rendering	safe	0.7289	approved	0				global known-rendering assignment; lexical score 0.58
2:20	4	see		1	רְאֵ֤ה		global-review-known-rendering	safe	0.7065	approved	0				global known-rendering assignment; lexical score 0.56
2:20	10	thus		8	כֹּ֑ה		global-review-known-rendering	safe	0.6867	approved	0				global known-rendering assignment; lexical score 0.54
2:20	12	the				expands	supplied-article	safe	0.6809	approved	0				article the original does not write; rests on 'women' → 'נָשִׁ֤ים'
2:20	13	women		11	נָשִׁ֤ים		global-review-known-rendering	safe	0.6809	approved	0				global known-rendering assignment; lexical score 0.53
2:20	14	eat		10	תֹּאכַ֨לְנָה		global-review-known-rendering	safe	0.7586	approved	0				global known-rendering assignment; lexical score 0.61
2:20	28	the				expands	supplied-article	safe	0.7905	approved	0				article the original does not write; rests on 'priest' → 'כֹּהֵ֥ן'
2:20	29	priest		20	כֹּהֵ֥ן		global-review-known-rendering	safe	0.7905	approved	0				global known-rendering assignment; lexical score 0.64
2:20	31	the				expands	supplied-article	safe	0.7738	approved	0				article the original does not write; rests on 'prophet' → 'נָבִֽיא'
2:20	32	prophet		22	נָבִֽיא		global-review-known-rendering	safe	0.7738	approved	0				global known-rendering assignment; lexical score 0.62
2:21	7	lie		1	שָׁכְב֨וּ		global-review-known-rendering	safe	0.5511	approved	0				global known-rendering assignment; lexical score 0.40
2:21	9	the		3			attached-word	safe	0.5104	approved	0				Article of 'ground'
2:21	10	ground		4	אָ֤רֶץ		global-review-known-rendering	safe	0.6104	approved	0				global known-rendering assignment; lexical score 0.46
2:21	14	My		9	בְּתוּלֹתַ֥י		attached-word	safe	0.6357	approved	0				PossessivePronoun of 'virgins'
2:21	15	virgins		9	בְּתוּלֹתַ֥י		global-review-known-rendering	safe	0.7357	approved	0				global known-rendering assignment; lexical score 0.59
2:21	21	fallen		12	נָפְל֣וּ		global-review-known-rendering	safe	0.741	approved	0				global known-rendering assignment; lexical score 0.59
2:21	23	the		14			attached-word	safe	0.6805	approved	0				Article of 'sword'
2:21	24	sword		15	חָ֑רֶב		global-review-known-rendering	safe	0.7805	approved	0				global known-rendering assignment; lexical score 0.63
2:21	30	the				expands	supplied-article	safe	0.7656	approved	0				article the original does not write; rests on 'day' → 'יֹ֣ום'
2:21	31	day		18	יֹ֣ום		global-review-known-rendering	safe	0.7656	approved	0				global known-rendering assignment; lexical score 0.62
2:21	32	of		19	אַפֶּ֔ךָ		attached-word	safe	0.4767	approved	0				Genitive of 'your'
2:21	33	your		19	אַפֶּ֔ךָ		attached-word	safe	0.5767	approved	0				PossessivePronoun of 'anger'
2:21	34	anger		19	אַפֶּ֔ךָ		global-review-known-rendering	safe	0.6767	approved	0				global known-rendering assignment; lexical score 0.53
2:21	39	not		21	לֹ֥א		global-review-known-rendering	safe	0.6789	approved	0				global known-rendering assignment; lexical score 0.53
2:22	3	called		1	תִּקְרָא֩		global-review-known-rendering	safe	0.7529	approved	0				global known-rendering assignment; lexical score 0.60
2:22	6	the				expands	supplied-article	safe	0.7656	approved	0				article the original does not write; rests on 'day' → 'יֹ֨ום'
2:22	7	day		3	יֹ֨ום		global-review-known-rendering	safe	0.7656	approved	0				global known-rendering assignment; lexical score 0.62
2:22	26	the				expands	supplied-article	safe	0.7656	approved	0				article the original does not write; rests on 'day' → 'יֹ֥ום'
2:22	27	day		12	יֹ֥ום		global-review-known-rendering	safe	0.7656	approved	0				global known-rendering assignment; lexical score 0.62
2:22	29	the				expands	supplied-article	safe	0.7266	approved	0				article the original does not write; rests on 'LORD’s' → 'יְהוָ֖ה'
2:22	30	LORD’s		14	יְהוָ֖ה		global-review-known-rendering	safe	0.7266	approved	0				global known-rendering assignment; lexical score 0.58
2:22	31	anger		13	אַף		global-review-known-rendering	safe	0.6767	approved	0				global known-rendering assignment; lexical score 0.53
2:22	32	My		22	אֹיְבִ֥י		attached-word	safe	0.5851	approved	0				PossessivePronoun of 'enemy'
2:22	33	enemy		22	אֹיְבִ֥י		global-review-known-rendering	safe	0.6851	approved	0				global known-rendering assignment; lexical score 0.54
2:22	37	whom		18	אֲשֶׁר		global-review-known-rendering	safe	0.649	approved	0				global known-rendering assignment; lexical score 0.50
3:1	7	seen		4	רָאָ֣ה		global-review-known-rendering	safe	0.71	approved	0				global known-rendering assignment; lexical score 0.56
3:1	8	affliction		5	עֳנִ֔י		global-review-known-rendering	safe	0.5539	approved	0				global known-rendering assignment; lexical score 0.40
3:2	9	walk		4	יֹּלַ֖ךְ		global-review-known-rendering	safe	0.7784	approved	0				global known-rendering assignment; lexical score 0.63
3:2	11	darkness		5	חֹ֥שֶׁךְ		global-review-known-rendering	safe	0.62	approved	0				global known-rendering assignment; lexical score 0.47
3:2	13	not		7	לֹא		global-review-known-rendering	safe	0.679	approved	0				global known-rendering assignment; lexical score 0.53
3:2	15	light		8	אֹֽור		global-review-known-rendering	safe	0.6277	approved	0				global known-rendering assignment; lexical score 0.48
3:3				7	הַ	omits	unrendered-article	safe	0.7653	approved	0				article no the of the verse renders; rests on 'day' → 'יֹּֽום'
3:3	4	his		5	יָדֹ֖ו		attached-word	safe	0.5696	approved	0				PossessivePronoun of 'hand'
3:3	5	hand		5	יָדֹ֖ו		global-review-known-rendering	safe	0.6696	approved	0				global known-rendering assignment; lexical score 0.52
3:3	8	again		3	יָשֻׁ֛ב		global-review-known-rendering	safe	0.5668	approved	0				global known-rendering assignment; lexical score 0.42
3:3	11	all		6	כָּל		global-review-known-rendering	safe	0.7586	approved	0				global known-rendering assignment; lexical score 0.61
3:3	12	day		8	יֹּֽום		global-review-known-rendering	safe	0.7653	approved	0				global known-rendering assignment; lexical score 0.62
3:4	4	my		2	בְשָׂרִי֙		attached-word	safe	0.6507	approved	0				PossessivePronoun of 'flesh'
3:4	5	flesh		2	בְשָׂרִי֙		global-review-known-rendering	safe	0.7507	approved	0				global known-rendering assignment; lexical score 0.60
3:4	7	my		4	עֹורִ֔י		attached-word	safe	0.6662	approved	0				PossessivePronoun of 'skin'
3:4	8	skin		4	עֹורִ֔י		global-review-known-rendering	safe	0.7663	approved	0				global known-rendering assignment; lexical score 0.62
3:4	13	my		6	עַצְמֹותָֽי		attached-word	safe	0.6621	approved	0				PossessivePronoun of 'bones'
3:4	14	bones		6	עַצְמֹותָֽי		global-review-known-rendering	safe	0.7621	approved	0				global known-rendering assignment; lexical score 0.61
3:5	3	built		1	בָּנָ֥ה		global-review-known-rendering	safe	0.7494	approved	0				global known-rendering assignment; lexical score 0.60
3:6	5	dwell		3	הֹושִׁיבַ֖נִי		global-review-known-rendering	safe	0.6561	approved	0				global known-rendering assignment; lexical score 0.51
3:6	15	dead		5	מֵתֵ֥י		global-review-known-rendering	safe	0.6901	approved	0				global known-rendering assignment; lexical score 0.54
3:7	9	can’t		4	לֹ֥א		global-review-known-rendering	safe	0.6788	approved	0				global known-rendering assignment; lexical score 0.53
3:8	12	my		7	תְּפִלָּתִֽי		attached-word	safe	0.6591	approved	0				PossessivePronoun of 'prayer'
3:8	13	prayer		7	תְּפִלָּתִֽי		global-review-known-rendering	safe	0.7591	approved	0				global known-rendering assignment; lexical score 0.61
3:9	5	my		2	דְּרָכַי֙		attached-word	safe	0.6146	approved	0				PossessivePronoun of 'ways'
3:9	6	ways		2	דְּרָכַי֙		global-review-known-rendering	safe	0.7146	approved	0				global known-rendering assignment; lexical score 0.56
3:10	12	a				expands	supplied-indefinite-article	safe	0.619	approved	0				indefinite article; rests on 'lion' → 'אריה'
3:10	13	lion		5	אריה		global-review-known-rendering	safe	0.619	approved	0				global known-rendering assignment; lexical score 0.47
3:12	3	bent		1	דָּרַ֤ךְ		global-review-known-rendering	safe	0.7357	approved	0				global known-rendering assignment; lexical score 0.59
3:12	4	his		2	קַשְׁתֹּו֙		attached-word	safe	0.521	approved	0				PossessivePronoun of 'bow'
3:12	5	bow		2	קַשְׁתֹּו֙		global-review-known-rendering	safe	0.621	approved	0				global known-rendering assignment; lexical score 0.47
3:12	13	the		9			attached-word	safe	0.5147	approved	0				Article of 'arrow'
3:12	14	arrow		10	חֵֽץ		global-review-known-rendering	safe	0.6147	approved	0				global known-rendering assignment; lexical score 0.46
3:13	7	his		5	אַשְׁפָּתֹֽו		attached-word	safe	0.625	approved	0				PossessivePronoun of 'quiver'
3:13	8	quiver		5	אַשְׁפָּתֹֽו		global-review-known-rendering	safe	0.725	approved	0				global known-rendering assignment; lexical score 0.57
3:13	10	enter		1	הֵבִיא֙		global-review-known-rendering	safe	0.7835	approved	0				global known-rendering assignment; lexical score 0.63
3:13	12	my		3	כִלְיֹותָ֔י		attached-word	safe	0.7	approved	0				PossessivePronoun of 'kidneys'
3:13	13	kidneys		3	כִלְיֹותָ֔י		global-review-known-rendering	safe	0.8	approved	0				global known-rendering assignment; lexical score 0.65
3:14				8	הַ	omits	unrendered-article	safe	0.7653	approved	0				article no the of the verse renders; rests on 'day' → 'יֹּֽום'
3:14	3	become		1	הָיִ֤יתִי		global-review-known-rendering	safe	0.6701	approved	0				global known-rendering assignment; lexical score 0.52
3:14	7	all		4	כָל		global-review-known-rendering	safe	0.7586	approved	0				global known-rendering assignment; lexical score 0.61
3:14	8	my		5	עַמִּ֔י		attached-word	safe	0.6672	approved	0				PossessivePronoun of 'people'
3:14	9	people		5	עַמִּ֔י		global-review-known-rendering	safe	0.7672	approved	0				global known-rendering assignment; lexical score 0.62
3:14	13	all		7	כָּל		global-review-known-rendering	safe	0.7586	approved	0				global known-rendering assignment; lexical score 0.61
3:14	14	day		9	יֹּֽום		global-review-known-rendering	safe	0.7653	approved	0				global known-rendering assignment; lexical score 0.62
3:15	12	wormwood		6	לַעֲנָֽה		global-review-known-rendering	safe	0.8	approved	0				global known-rendering assignment; lexical score 0.65
3:16				9		omits	unrendered-article	safe	0.5923	approved	0				article no the of the verse renders; rests on 'ashes' → 'אֵֽפֶר'
3:16	5	my		6	שִׁנָּ֔י		attached-word	safe	0.6027	approved	0				PossessivePronoun of 'teeth'
3:16	6	teeth		6	שִׁנָּ֔י		global-review-known-rendering	safe	0.7027	approved	0				global known-rendering assignment; lexical score 0.55
3:16	14	ashes		10	אֵֽפֶר		global-review-known-rendering	safe	0.5923	approved	0				global known-rendering assignment; lexical score 0.44
3:17	4	my		5	נַפְשִׁ֖י		attached-word	safe	0.6932	approved	0				PossessivePronoun of 'soul'
3:17	5	soul		5	נַפְשִׁ֖י		global-review-known-rendering	safe	0.7932	approved	0				global known-rendering assignment; lexical score 0.64
3:17	9	peace		4	שָּׁלֹ֛ום		global-review-known-rendering	safe	0.597	approved	0				global known-rendering assignment; lexical score 0.45
3:18				1	וָ	omits	unrendered-conjunction	safe	0.7772	approved	0				conjunction no word of the verse renders; rests on 'said' → 'אֹמַר֙'
3:18	2	said		2	אֹמַר֙		global-review-known-rendering	safe	0.7772	approved	0				global known-rendering assignment; lexical score 0.63
3:18	6	perished		3	אָבַ֣ד		global-review-known-rendering	safe	0.75	approved	0				global known-rendering assignment; lexical score 0.60
3:18	12	the				expands	supplied-article	safe	0.7287	approved	0				article the original does not write; rests on 'LORD' → 'יְהוָֽה'
3:18	13	LORD		8	יְהוָֽה		global-review-known-rendering	safe	0.7287	approved	0				global known-rendering assignment; lexical score 0.58
3:19	1	Remember		1	זְכָר		global-review-known-rendering	safe	0.738	approved	0				global known-rendering assignment; lexical score 0.59
3:19	2	my		2	עָנְיִ֥י		attached-word	safe	0.4539	approved	0				PossessivePronoun of 'affliction'
3:19	3	affliction		2	עָנְיִ֥י		global-review-known-rendering	safe	0.5539	approved	0				global known-rendering assignment; lexical score 0.40
3:19	7	the				expands	supplied-article	safe	0.8	approved	0				article the original does not write; rests on 'wormwood' → 'לַעֲנָ֥ה'
3:19	8	wormwood		5	לַעֲנָ֥ה		global-review-known-rendering	safe	0.8	approved	0				global known-rendering assignment; lexical score 0.65
3:20	1	My		6	נַפְשִֽׁי		attached-word	safe	0.6932	approved	0				PossessivePronoun of 'soul'
3:20	2	soul		6	נַפְשִֽׁי		global-review-known-rendering	safe	0.7932	approved	0				global known-rendering assignment; lexical score 0.64
3:20	4	remembers		2	תִּזְכֹּ֔ור		global-review-known-rendering	safe	0.74	approved	0				global known-rendering assignment; lexical score 0.59
3:22	5	the				expands	supplied-article	safe	0.7264	approved	0				article the original does not write; rests on 'LORD’s' → 'יְהוָה֙'
3:22	6	LORD’s		2	יְהוָה֙		global-review-known-rendering	safe	0.7264	approved	0				global known-rendering assignment; lexical score 0.58
3:22	8	kindnesses		1	חַֽסְדֵ֤י		global-review-known-rendering	safe	0.7591	approved	0				global known-rendering assignment; lexical score 0.61
3:22	12	not		4	לֹא		global-review-known-rendering	safe	0.679	approved	0				global known-rendering assignment; lexical score 0.53
3:22	15	his		9	רַחֲמָֽיו		attached-word	safe	0.5586	approved	0				PossessivePronoun of 'mercies'
3:22	16	mercies		9	רַחֲמָֽיו		global-review-known-rendering	safe	0.6586	approved	0				global known-rendering assignment; lexical score 0.51
3:22	17	don’t		7	לֹא		global-review-known-rendering	safe	0.6788	approved	0				global known-rendering assignment; lexical score 0.53
3:23				3		omits	unrendered-article	safe	0.7522	approved	0				article no the of the verse renders; rests on 'morning' → 'בְּקָרִ֔ים'
3:23	3	new		1	חֲדָשִׁים֙		global-review-known-rendering	safe	0.6086	approved	0				global known-rendering assignment; lexical score 0.46
3:23	5	morning		4	בְּקָרִ֔ים		global-review-known-rendering	safe	0.7522	approved	0				global known-rendering assignment; lexical score 0.60
3:23	8	your		6	אֱמוּנָתֶֽךָ		attached-word	safe	0.6438	approved	0				PossessivePronoun of 'faithfulness'
3:23	9	faithfulness		6	אֱמוּנָתֶֽךָ		global-review-known-rendering	safe	0.7437	approved	0				global known-rendering assignment; lexical score 0.59
3:24	1	“The				expands	supplied-article	safe	0.7287	approved	0				article the original does not write; rests on 'LORD' → 'יְהוָה֙'
3:24	2	LORD		2	יְהוָה֙		global-review-known-rendering	safe	0.7287	approved	0				global known-rendering assignment; lexical score 0.58
3:24	4	my		1	חֶלְקִ֤י		attached-word	safe	0.4513	approved	0				PossessivePronoun of 'portion'
3:24	5	portion		1	חֶלְקִ֤י		global-review-known-rendering	safe	0.5513	approved	0				global known-rendering assignment; lexical score 0.40
3:24	6	says		3	אָמְרָ֣ה		global-review-known-rendering	safe	0.7797	approved	0				global known-rendering assignment; lexical score 0.63
3:24	7	my		4	נַפְשִׁ֔י		attached-word	safe	0.6932	approved	0				PossessivePronoun of 'soul'
3:24	8	soul		4	נַפְשִׁ֔י		global-review-known-rendering	safe	0.7932	approved	0				global known-rendering assignment; lexical score 0.64
3:25	1	The				expands	supplied-article	safe	0.7287	approved	0				article the original does not write; rests on 'LORD' → 'יְהוָה֙'
3:25	2	LORD		2	יְהוָה֙		global-review-known-rendering	safe	0.7287	approved	0				global known-rendering assignment; lexical score 0.58
3:25	4	good		1	טֹ֤וב		global-review-known-rendering	safe	0.6849	approved	0				global known-rendering assignment; lexical score 0.53
3:25	12	the				expands	supplied-article	safe	0.7932	approved	0				article the original does not write; rests on 'soul' → 'נֶ֖פֶשׁ'
3:25	13	soul		6	נֶ֖פֶשׁ		global-review-known-rendering	safe	0.7932	approved	0				global known-rendering assignment; lexical score 0.64
3:26	3	good		1	טֹ֤וב		global-review-known-rendering	safe	0.6849	approved	0				global known-rendering assignment; lexical score 0.53
3:26	15	of		8	יְהוָֽה		attached-word	safe	0.6287	approved	0				Genitive of 'LORD'
3:26	16	the				expands	supplied-article	safe	0.7287	approved	0				article the original does not write; rests on 'LORD' → 'יְהוָֽה'
3:26	17	LORD		8	יְהוָֽה		global-review-known-rendering	safe	0.7287	approved	0				global known-rendering assignment; lexical score 0.58
3:27	3	good		1	טֹ֣וב		global-review-known-rendering	safe	0.6849	approved	0				global known-rendering assignment; lexical score 0.53
3:27	9	bear		6	יִשָּׂ֥א		global-review-known-rendering	safe	0.6064	approved	0				global known-rendering assignment; lexical score 0.46
3:27	10	the				expands	supplied-article	safe	0.6579	approved	0				article the original does not write; rests on 'yoke' → 'עֹ֖ל'
3:27	11	yoke		7	עֹ֖ל		global-review-known-rendering	safe	0.6579	approved	0				global known-rendering assignment; lexical score 0.51
3:27	13	his		9	נְעוּרָֽיו		attached-word	safe	0.4889	approved	0				PossessivePronoun of 'youth'
3:27	14	youth		9	נְעוּרָֽיו		global-review-known-rendering	safe	0.5889	approved	0				global known-rendering assignment; lexical score 0.44
3:28	3	sit		1	יֵשֵׁ֤ב		global-review-known-rendering	safe	0.7674	approved	0				global known-rendering assignment; lexical score 0.62
3:29	4	his		5	פִּ֔יהוּ		attached-word	safe	0.6143	approved	0				PossessivePronoun of 'mouth'
3:29	5	mouth		5	פִּ֔יהוּ		global-review-known-rendering	safe	0.7143	approved	0				global known-rendering assignment; lexical score 0.56
3:29	7	the		3			attached-word	safe	0.6308	approved	0				Article of 'dust'
3:29	8	dust		4	עָפָר֙		global-review-known-rendering	safe	0.7308	approved	0				global known-rendering assignment; lexical score 0.58
3:30	3	give		1	יִתֵּ֧ן		global-review-known-rendering	safe	0.6517	approved	0				global known-rendering assignment; lexical score 0.50
3:30	5	cheek		4	לֶ֖חִי		global-review-known-rendering	safe	0.725	approved	0				global known-rendering assignment; lexical score 0.57
3:30	17	reproach		7	חֶרְפָּֽה		global-review-known-rendering	safe	0.7089	approved	0				global known-rendering assignment; lexical score 0.56
3:31	5	not		2	לֹ֥א		global-review-known-rendering	safe	0.679	approved	0				global known-rendering assignment; lexical score 0.53
3:31	8	forever		5	עֹולָ֖ם		global-review-known-rendering	safe	0.6353	approved	0				global known-rendering assignment; lexical score 0.49
3:32	18	kindnesses		8	חסדו		global-review-known-rendering	safe	0.7591	approved	0				global known-rendering assignment; lexical score 0.61
3:33	4	not		2	לֹ֤א		global-review-known-rendering	safe	0.679	approved	0				global known-rendering assignment; lexical score 0.53
3:33	5	afflict		3	עִנָּה֙		global-review-known-rendering	safe	0.6466	approved	0				global known-rendering assignment; lexical score 0.50
3:33	9	the				expands	supplied-article	safe	0.7611	approved	0				article the original does not write; rests on 'children' → 'בְּנֵי'
3:33	10	children		8	בְּנֵי		global-review-known-rendering	safe	0.7611	approved	0				global known-rendering assignment; lexical score 0.61
3:33	11	of		9	אִֽישׁ		attached-word	safe	0.4619	approved	0				Genitive of 'men'
3:33	12	men		9	אִֽישׁ		global-review-known-rendering	safe	0.5619	approved	0				global known-rendering assignment; lexical score 0.41
3:34	3	under		3	תַּ֣חַת		global-review-known-rendering	safe	0.6598	approved	0				global known-rendering assignment; lexical score 0.51
3:34	4	foot		4	רַגְלָ֔יו		global-review-known-rendering	safe	0.697	approved	0				global known-rendering assignment; lexical score 0.55
3:34	5	all		5	כֹּ֖ל		global-review-known-rendering	safe	0.7586	approved	0				global known-rendering assignment; lexical score 0.61
3:34	8	of		7	אָֽרֶץ		attached-word	safe	0.6442	approved	0				Genitive of 'earth'
3:34	9	the				expands	supplied-article	safe	0.7442	approved	0				article the original does not write; rests on 'earth' → 'אָֽרֶץ'
3:34	10	earth		7	אָֽרֶץ		global-review-known-rendering	safe	0.7442	approved	0				global known-rendering assignment; lexical score 0.59
3:35	10	the				expands	supplied-article	safe	0.739	approved	0				article the original does not write; rests on 'face' → 'פְּנֵ֥י'
3:35	11	face		6	פְּנֵ֥י		global-review-known-rendering	safe	0.739	approved	0				global known-rendering assignment; lexical score 0.59
3:36	10	doesn’t		7	לֹ֥א		global-review-known-rendering	safe	0.6788	approved	0				global known-rendering assignment; lexical score 0.53
3:37	1	Who		1	מִ֣י		global-review-known-rendering	safe	0.5988	approved	0				global known-rendering assignment; lexical score 0.45
3:37	5	says		3	אָמַר֙		global-review-known-rendering	safe	0.7797	approved	0				global known-rendering assignment; lexical score 0.63
3:37	10	pass		5	תֶּ֔הִי		global-review-known-rendering	safe	0.6751	approved	0				global known-rendering assignment; lexical score 0.53
3:37	14	doesn’t		7	לֹ֥א		global-review-known-rendering	safe	0.6788	approved	0				global known-rendering assignment; lexical score 0.53
3:37	15	command		8	צִוָּֽה		global-review-known-rendering	safe	0.7126	approved	0				global known-rendering assignment; lexical score 0.56
3:38	1	Doesn’t		4	לֹ֣א		global-review-known-rendering	safe	0.6788	approved	0				global known-rendering assignment; lexical score 0.53
3:38	2	evil		7	רָעֹ֖ות		global-review-known-rendering	safe	0.7308	approved	0				global known-rendering assignment; lexical score 0.58
3:38	4	good		10	טֹּֽוב		global-review-known-rendering	safe	0.6849	approved	0				global known-rendering assignment; lexical score 0.53
3:38	8	the				expands	supplied-article	safe	0.7143	approved	0				article the original does not write; rests on 'mouth' → 'פִּ֤י'
3:38	9	mouth		2	פִּ֤י		global-review-known-rendering	safe	0.7143	approved	0				global known-rendering assignment; lexical score 0.56
3:39	1	Why		1	מַה		global-review-known-rendering	safe	0.6602	approved	0				global known-rendering assignment; lexical score 0.51
3:39	4	living		4	חָ֔י		global-review-known-rendering	safe	0.7657	approved	0				global known-rendering assignment; lexical score 0.62
3:40	6	our		2	דְרָכֵ֨ינוּ֙		attached-word	safe	0.6146	approved	0				PossessivePronoun of 'ways'
3:40	7	ways		2	דְרָכֵ֨ינוּ֙		global-review-known-rendering	safe	0.7146	approved	0				global known-rendering assignment; lexical score 0.56
3:40	9	turn		6	נָשׁ֖וּבָה		global-review-known-rendering	safe	0.6055	approved	0				global known-rendering assignment; lexical score 0.46
3:40	12	the				expands	supplied-article	safe	0.7287	approved	0				article the original does not write; rests on 'LORD' → 'יְהוָֽה'
3:40	13	LORD		8	יְהוָֽה		global-review-known-rendering	safe	0.7287	approved	0				global known-rendering assignment; lexical score 0.58
3:41	2	lift		1	נִשָּׂ֤א		global-review-known-rendering	safe	0.6468	approved	0				global known-rendering assignment; lexical score 0.50
3:41	12	the		8			attached-word	safe	0.6752	approved	0				Article of 'heavens'
3:41	13	heavens		9	שָּׁמָֽיִם		global-review-known-rendering	safe	0.7752	approved	0				global known-rendering assignment; lexical score 0.63
3:42	9	not		6	לֹ֥א		global-review-known-rendering	safe	0.679	approved	0				global known-rendering assignment; lexical score 0.53
3:43				3		omits	unrendered-article	safe	0.6789	approved	0				article no the of the verse renders; rests on 'anger' → 'אַף֙'
3:43	6	anger		4	אַף֙		global-review-known-rendering	safe	0.6789	approved	0				global known-rendering assignment; lexical score 0.53
3:43	8	pursued		6	תִּרְדְּפֵ֔נוּ		global-review-known-rendering	safe	0.7212	approved	0				global known-rendering assignment; lexical score 0.57
3:43	15	not		8	לֹ֥א		global-review-known-rendering	safe	0.679	approved	0				global known-rendering assignment; lexical score 0.53
3:43	16	pitied		9	חָמָֽלְתָּ		global-review-known-rendering	safe	0.575	approved	0				global known-rendering assignment; lexical score 0.43
3:44				3		omits	unrendered-article	safe	0.7372	approved	0				article no the of the verse renders; rests on 'cloud' → 'עָנָן֙'
3:44	6	a				expands	supplied-indefinite-article	safe	0.7372	approved	0				indefinite article; rests on 'cloud' → 'עָנָן֙'
3:44	7	cloud		4	עָנָן֙		global-review-known-rendering	safe	0.7372	approved	0				global known-rendering assignment; lexical score 0.59
3:44	11	prayer		8	תְּפִלָּֽה		global-review-known-rendering	safe	0.7591	approved	0				global known-rendering assignment; lexical score 0.61
3:45	12	of		8	עַמִּֽים		attached-word	safe	0.667	approved	0				Genitive of 'peoples'
3:45	13	the		7	הָ		attached-word	safe	0.667	approved	0				Article of 'peoples'
3:45	14	peoples		8	עַמִּֽים		global-review-known-rendering	safe	0.767	approved	0				global known-rendering assignment; lexical score 0.62
3:46	1	“All		4	כָּל		global-review-known-rendering	safe	0.7586	approved	0				global known-rendering assignment; lexical score 0.61
3:46	2	our		5	אֹיְבֵֽינוּ		attached-word	safe	0.5845	approved	0				PossessivePronoun of 'enemies'
3:46	3	enemies		5	אֹיְבֵֽינוּ		global-review-known-rendering	safe	0.6845	approved	0				global known-rendering assignment; lexical score 0.53
3:46	6	their		3	פִּיהֶ֖ם		attached-word	safe	0.6143	approved	0				PossessivePronoun of 'mouth'
3:46	7	mouth		3	פִּיהֶ֖ם		global-review-known-rendering	safe	0.7143	approved	0				global known-rendering assignment; lexical score 0.56
3:48	1	My		4	עֵינִ֔י		attached-word	safe	0.694	approved	0				PossessivePronoun of 'eye'
3:48	2	eye		4	עֵינִ֔י		global-review-known-rendering	safe	0.794	approved	0				global known-rendering assignment; lexical score 0.64
3:48	7	of		2	מַ֨יִם֙		attached-word	safe	0.6745	approved	0				Genitive of 'water'
3:48	8	water		2	מַ֨יִם֙		global-review-known-rendering	safe	0.7745	approved	0				global known-rendering assignment; lexical score 0.62
3:48	12	of		7	בַּת		attached-word	safe	0.6736	approved	0				Genitive of 'daughter'
3:48	13	the				expands	supplied-article	safe	0.7736	approved	0				article the original does not write; rests on 'daughter' → 'בַּת'
3:48	14	daughter		7	בַּת		global-review-known-rendering	safe	0.7736	approved	0				global known-rendering assignment; lexical score 0.62
3:48	15	of		8	עַמִּֽי		attached-word	safe	0.5672	approved	0				Genitive of 'my'
3:48	16	my		8	עַמִּֽי		attached-word	safe	0.6672	approved	0				PossessivePronoun of 'people'
3:48	17	people		8	עַמִּֽי		global-review-known-rendering	safe	0.7672	approved	0				global known-rendering assignment; lexical score 0.62
3:49	1	My		1	עֵינִ֧י		attached-word	safe	0.694	approved	0				PossessivePronoun of 'eye'
3:49	2	eye		1	עֵינִ֧י		global-review-known-rendering	safe	0.794	approved	0				global known-rendering assignment; lexical score 0.64
3:49	6	doesn’t		4	לֹ֥א		global-review-known-rendering	safe	0.6788	approved	0				global known-rendering assignment; lexical score 0.53
3:50	1	until		1	עַד		global-review-known-rendering	safe	0.7297	approved	0				global known-rendering assignment; lexical score 0.58
3:50	2	the				expands	supplied-article	safe	0.7287	approved	0				article the original does not write; rests on 'LORD' → 'יְהוָ֖ה'
3:50	3	LORD		5	יְהוָ֖ה		global-review-known-rendering	safe	0.7287	approved	0				global known-rendering assignment; lexical score 0.58
3:50	7	sees		4	יֵ֔רֶא		global-review-known-rendering	safe	0.6678	approved	0				global known-rendering assignment; lexical score 0.52
3:50	9	heaven		7	שָּׁמָֽיִם		global-review-known-rendering	safe	0.7279	approved	0				global known-rendering assignment; lexical score 0.58
3:51	1	My		1	עֵינִי֙		attached-word	safe	0.694	approved	0				PossessivePronoun of 'eye'
3:51	2	eye		1	עֵינִי֙		global-review-known-rendering	safe	0.794	approved	0				global known-rendering assignment; lexical score 0.64
3:51	4	my		4	נַפְשִׁ֔י		attached-word	safe	0.6932	approved	0				PossessivePronoun of 'soul'
3:51	5	soul		4	נַפְשִׁ֔י		global-review-known-rendering	safe	0.7932	approved	0				global known-rendering assignment; lexical score 0.64
3:51	8	all		6	כֹּ֖ל		global-review-known-rendering	safe	0.7586	approved	0				global known-rendering assignment; lexical score 0.61
3:51	9	the				expands	supplied-article	safe	0.7589	approved	0				article the original does not write; rests on 'daughters' → 'בְּנֹ֥ות'
3:51	10	daughters		7	בְּנֹ֥ות		global-review-known-rendering	safe	0.7589	approved	0				global known-rendering assignment; lexical score 0.61
3:51	11	of		8	עִירִֽי		attached-word	safe	0.5518	approved	0				Genitive of 'my'
3:51	12	my		8	עִירִֽי		attached-word	safe	0.6518	approved	0				PossessivePronoun of 'city'
3:51	13	city		8	עִירִֽי		global-review-known-rendering	safe	0.7518	approved	0				global known-rendering assignment; lexical score 0.60
3:52				4		omits	unrendered-article	safe	0.6788	approved	0				article no the of the verse renders; rests on 'bird' → 'צִּפֹּ֖ור'
3:52	7	a				expands	supplied-indefinite-article	safe	0.6788	approved	0				indefinite article; rests on 'bird' → 'צִּפֹּ֖ור'
3:52	8	bird		5	צִּפֹּ֖ור		global-review-known-rendering	safe	0.6788	approved	0				global known-rendering assignment; lexical score 0.53
3:52	12	my		6	אֹיְבַ֥י		attached-word	safe	0.5845	approved	0				PossessivePronoun of 'enemies'
3:52	13	enemies		6	אֹיְבַ֥י		global-review-known-rendering	safe	0.6845	approved	0				global known-rendering assignment; lexical score 0.53
3:53	8	the		3			attached-word	safe	0.6182	approved	0				Article of 'dungeon'
3:53	9	dungeon		4	בֹּור֙		global-review-known-rendering	safe	0.7182	approved	0				global known-rendering assignment; lexical score 0.57
3:53	13	a				expands	supplied-indefinite-article	safe	0.6917	approved	0				indefinite article; rests on 'stone' → 'אֶ֖בֶן'
3:53	14	stone		8	אֶ֖בֶן		global-review-known-rendering	safe	0.6917	approved	0				global known-rendering assignment; lexical score 0.54
3:54	1	Waters		2	מַ֥יִם		global-review-known-rendering	safe	0.7786	approved	0				global known-rendering assignment; lexical score 0.63
3:54	3	over		3	עַל		global-review-known-rendering	safe	0.5666	approved	0				global known-rendering assignment; lexical score 0.42
3:54	4	my		4	רֹאשִׁ֖י		attached-word	safe	0.6391	approved	0				PossessivePronoun of 'head'
3:54	5	head		4	רֹאשִׁ֖י		global-review-known-rendering	safe	0.7391	approved	0				global known-rendering assignment; lexical score 0.59
3:54	7	said		5	אָמַ֥רְתִּי		global-review-known-rendering	safe	0.7772	approved	0				global known-rendering assignment; lexical score 0.63
3:55	2	called		1	קָרָ֤אתִי		global-review-known-rendering	safe	0.7528	approved	0				global known-rendering assignment; lexical score 0.60
3:55	4	your		2	שִׁמְךָ֙		attached-word	safe	0.6896	approved	0				PossessivePronoun of 'name'
3:55	5	name		2	שִׁמְךָ֙		global-review-known-rendering	safe	0.7896	approved	0				global known-rendering assignment; lexical score 0.64
3:55	6	LORD		3	יְהוָ֔ה		global-review-known-rendering	safe	0.7287	approved	0				global known-rendering assignment; lexical score 0.58
3:55	11	dungeon		5	בֹּ֖ור		global-review-known-rendering	safe	0.7182	approved	0				global known-rendering assignment; lexical score 0.57
3:56	2	heard		2	שָׁמָ֑עְתָּ		global-review-known-rendering	safe	0.7386	approved	0				global known-rendering assignment; lexical score 0.59
3:56	3	my		1	קֹולִ֖י		attached-word	safe	0.6859	approved	0				PossessivePronoun of 'voice'
3:56	4	voice		1	קֹולִ֖י		global-review-known-rendering	safe	0.7859	approved	0				global known-rendering assignment; lexical score 0.64
3:56	7	your		5	אָזְנְךָ֛		attached-word	safe	0.5534	approved	0				PossessivePronoun of 'ear'
3:56	8	ear		5	אָזְנְךָ֛		global-review-known-rendering	safe	0.6534	approved	0				global known-rendering assignment; lexical score 0.50
3:57	5	the				expands	supplied-article	safe	0.7653	approved	0				article the original does not write; rests on 'day' → 'יֹ֣ום'
3:57	6	day		3	יֹ֣ום		global-review-known-rendering	safe	0.7653	approved	0				global known-rendering assignment; lexical score 0.62
3:57	9	called		4	אֶקְרָאֶ֔ךָּ		global-review-known-rendering	safe	0.7528	approved	0				global known-rendering assignment; lexical score 0.60
3:57	13	said		5	אָמַ֖רְתָּ		global-review-known-rendering	safe	0.7772	approved	0				global known-rendering assignment; lexical score 0.63
3:57	16	afraid		7	תִּירָֽא		global-review-known-rendering	safe	0.5575	approved	0				global known-rendering assignment; lexical score 0.41
3:58	7	of		4	נַפְשִׁ֖י		attached-word	safe	0.5932	approved	0				Genitive of 'my'
3:58	8	my		4	נַפְשִׁ֖י		attached-word	safe	0.6932	approved	0				PossessivePronoun of 'soul'
3:58	9	soul		4	נַפְשִׁ֖י		global-review-known-rendering	safe	0.7932	approved	0				global known-rendering assignment; lexical score 0.64
3:59	1	LORD		2	יְהוָה֙		global-review-known-rendering	safe	0.7287	approved	0				global known-rendering assignment; lexical score 0.58
3:59	4	seen		1	רָאִ֤יתָה		global-review-known-rendering	safe	0.71	approved	0				global known-rendering assignment; lexical score 0.56
3:59	7	Judge		4	שָׁפְטָ֖ה		global-review-known-rendering	safe	0.6909	approved	0				global known-rendering assignment; lexical score 0.54
3:60	3	seen		1	רָאִ֨יתָה֙		global-review-known-rendering	safe	0.71	approved	0				global known-rendering assignment; lexical score 0.56
3:60	4	all		2	כָּל		global-review-known-rendering	safe	0.7586	approved	0				global known-rendering assignment; lexical score 0.61
3:60	8	all		4	כָּל		global-review-known-rendering	safe	0.7586	approved	0				global known-rendering assignment; lexical score 0.61
3:61	3	heard		1	שָׁמַ֤עְתָּ		global-review-known-rendering	safe	0.7386	approved	0				global known-rendering assignment; lexical score 0.59
3:61	4	their		2	חֶרְפָּתָם֙		attached-word	safe	0.6089	approved	0				PossessivePronoun of 'reproach'
3:61	5	reproach		2	חֶרְפָּתָם֙		global-review-known-rendering	safe	0.7089	approved	0				global known-rendering assignment; lexical score 0.56
3:61	6	LORD		3	יְהוָ֔ה		global-review-known-rendering	safe	0.7287	approved	0				global known-rendering assignment; lexical score 0.58
3:61	8	all		4	כָּל		global-review-known-rendering	safe	0.7586	approved	0				global known-rendering assignment; lexical score 0.61
3:62	1	the				expands	supplied-article	safe	0.7839	approved	0				article the original does not write; rests on 'lips' → 'שִׂפְתֵ֤י'
3:62	2	lips		1	שִׂפְתֵ֤י		global-review-known-rendering	safe	0.7839	approved	0				global known-rendering assignment; lexical score 0.63
3:62	6	rose		2	קָמַי֙		global-review-known-rendering	safe	0.636	approved	0				global known-rendering assignment; lexical score 0.49
3:62	15	all		6	כָּל		global-review-known-rendering	safe	0.7586	approved	0				global known-rendering assignment; lexical score 0.61
3:62	16	day		8	יֹּֽום		global-review-known-rendering	safe	0.7653	approved	0				global known-rendering assignment; lexical score 0.62
3:63	4	sitting		1	שִׁבְתָּ֤ם		global-review-known-rendering	safe	0.7206	approved	0				global known-rendering assignment; lexical score 0.57
3:64	5	back		1	תָּשִׁ֨יב		global-review-known-rendering	safe	0.5608	approved	0				global known-rendering assignment; lexical score 0.41
3:64	6	LORD		4	יְהוָ֖ה		global-review-known-rendering	safe	0.7287	approved	0				global known-rendering assignment; lexical score 0.58
3:64	11	of		7	יְדֵיהֶֽם		attached-word	safe	0.4725	approved	0				Genitive of 'their'
3:64	12	their		7	יְדֵיהֶֽם		attached-word	safe	0.5725	approved	0				PossessivePronoun of 'hands'
3:64	13	hands		7	יְדֵיהֶֽם		global-review-known-rendering	safe	0.6725	approved	0				global known-rendering assignment; lexical score 0.52
3:65	3	give		1	תִּתֵּ֤ן		global-review-known-rendering	safe	0.6517	approved	0				global known-rendering assignment; lexical score 0.50
3:65	7	heart		4	לֵ֔ב		global-review-known-rendering	safe	0.6447	approved	0				global known-rendering assignment; lexical score 0.49
3:66	3	pursue		1	תִּרְדֹּ֤ף		global-review-known-rendering	safe	0.7845	approved	0				global known-rendering assignment; lexical score 0.63
3:66	6	anger		3	אַף֙		global-review-known-rendering	safe	0.6789	approved	0				global known-rendering assignment; lexical score 0.53
3:66	11	under		7	תַּ֖חַת		global-review-known-rendering	safe	0.6598	approved	0				global known-rendering assignment; lexical score 0.51
3:66	12	the				expands	supplied-article	safe	0.7752	approved	0				article the original does not write; rests on 'heavens' → 'שְׁמֵ֥י'
3:66	13	heavens		8	שְׁמֵ֥י		global-review-known-rendering	safe	0.7752	approved	0				global known-rendering assignment; lexical score 0.63
3:66	14	of		9	יְהוָֽה		attached-word	safe	0.6287	approved	0				Genitive of 'LORD'
3:66	15	the				expands	supplied-article	safe	0.7287	approved	0				article the original does not write; rests on 'LORD' → 'יְהוָֽה'
3:66	16	LORD		9	יְהוָֽה		global-review-known-rendering	safe	0.7287	approved	0				global known-rendering assignment; lexical score 0.58
4:1	2	the				expands	supplied-article	safe	0.7427	approved	0				article the original does not write; rests on 'gold' → 'זָהָ֔ב'
4:1	3	gold		3	זָהָ֔ב		global-review-known-rendering	safe	0.7427	approved	0				global known-rendering assignment; lexical score 0.59
4:1	13	The				expands	supplied-article	safe	0.7385	approved	0				article the original does not write; rests on 'stones' → 'אַבְנֵי'
4:1	14	stones		10	אַבְנֵי		global-review-known-rendering	safe	0.7385	approved	0				global known-rendering assignment; lexical score 0.59
4:1	22	the				expands	supplied-article	safe	0.7393	approved	0				article the original does not write; rests on 'head' → 'רֹ֖אשׁ'
4:1	23	head		13	רֹ֖אשׁ		global-review-known-rendering	safe	0.7393	approved	0				global known-rendering assignment; lexical score 0.59
4:2	3	sons		1	בְּנֵ֤י		global-review-known-rendering	safe	0.7675	approved	0				global known-rendering assignment; lexical score 0.62
4:2	4	of		2	צִיֹּון֙		attached-word	safe	0.6525	approved	0				Genitive of 'Zion'
4:2	5	Zion		2	צִיֹּון֙		global-review-known-rendering	safe	0.7525	approved	0				global known-rendering assignment; lexical score 0.60
4:2	15	earthen		14	חֶ֔רֶשׂ		global-review-known-rendering	safe	0.7437	approved	0				global known-rendering assignment; lexical score 0.59
4:2	19	of		16	יְדֵ֥י		attached-word	safe	0.5709	approved	0				Genitive of 'hands'
4:2	20	the				expands	supplied-article	safe	0.6709	approved	0				article the original does not write; rests on 'hands' → 'יְדֵ֥י'
4:2	21	hands		16	יְדֵ֥י		global-review-known-rendering	safe	0.6709	approved	0				global known-rendering assignment; lexical score 0.52
4:2	22	of		17	יֹוצֵֽר		attached-word	safe	0.7	approved	0				Genitive of 'potter'
4:2	23	the				expands	supplied-article	safe	0.8	approved	0				article the original does not write; rests on 'potter' → 'יֹוצֵֽר'
4:2	24	potter		17	יֹוצֵֽר		global-review-known-rendering	safe	0.8	approved	0				global known-rendering assignment; lexical score 0.65
4:3	8	nurse		5	הֵינִ֖יקוּ		global-review-known-rendering	safe	0.65	approved	0				global known-rendering assignment; lexical score 0.50
4:3	13	the				expands	supplied-article	safe	0.7732	approved	0				article the original does not write; rests on 'daughter' → 'בַּת'
4:3	14	daughter		7	בַּת		global-review-known-rendering	safe	0.7732	approved	0				global known-rendering assignment; lexical score 0.62
4:3	15	of		8	עַמִּ֣י		attached-word	safe	0.5672	approved	0				Genitive of 'my'
4:3	16	my		8	עַמִּ֣י		attached-word	safe	0.6672	approved	0				PossessivePronoun of 'people'
4:3	17	people		8	עַמִּ֣י		global-review-known-rendering	safe	0.7672	approved	0				global known-rendering assignment; lexical score 0.62
4:3	25	the		15			attached-word	safe	0.6525	approved	0				Article of 'wilderness'
4:3	26	wilderness		16	מִּדְבָּֽר		global-review-known-rendering	safe	0.7525	approved	0				global known-rendering assignment; lexical score 0.60
4:4	1	The				expands	supplied-article	safe	0.7613	approved	0				article the original does not write; rests on 'tongue' → 'לְשֹׁ֥ון'
4:4	2	tongue		2	לְשֹׁ֥ון		global-review-known-rendering	safe	0.7613	approved	0				global known-rendering assignment; lexical score 0.61
4:4	15	thirst		8	צָּמָ֑א		global-review-known-rendering	safe	0.6875	approved	0				global known-rendering assignment; lexical score 0.54
4:4	19	ask		10	שָׁ֣אֲלוּ		global-review-known-rendering	safe	0.7173	approved	0				global known-rendering assignment; lexical score 0.57
4:4	21	bread		11	לֶ֔חֶם		global-review-known-rendering	safe	0.7288	approved	0				global known-rendering assignment; lexical score 0.58
4:5	17	embrace		13	חִבְּק֖וּ		global-review-known-rendering	safe	0.8	approved	0				global known-rendering assignment; lexical score 0.65
4:6	2	the				expands	supplied-article	safe	0.6319	approved	0				article the original does not write; rests on 'iniquity' → 'עֲוֹ֣ן'
4:6	3	iniquity		3	עֲוֹ֣ן		global-review-known-rendering	safe	0.6319	approved	0				global known-rendering assignment; lexical score 0.48
4:6	4	of		4	בַּת		attached-word	safe	0.6732	approved	0				Genitive of 'daughter'
4:6	5	the				expands	supplied-article	safe	0.7732	approved	0				article the original does not write; rests on 'daughter' → 'בַּת'
4:6	6	daughter		4	בַּת		global-review-known-rendering	safe	0.7732	approved	0				global known-rendering assignment; lexical score 0.62
4:6	7	of		5	עַמִּ֔י		attached-word	safe	0.5672	approved	0				Genitive of 'my'
4:6	8	my		5	עַמִּ֔י		attached-word	safe	0.6672	approved	0				PossessivePronoun of 'people'
4:6	9	people		5	עַמִּ֔י		global-review-known-rendering	safe	0.7672	approved	0				global known-rendering assignment; lexical score 0.62
4:6	12	than		6	מֵֽ		global-review-known-rendering	safe	0.5852	approved	0				global known-rendering assignment; lexical score 0.44
4:6	13	the				expands	supplied-article	safe	0.614	approved	0				article the original does not write; rests on 'sin' → 'חַטַּ֖את'
4:6	14	sin		7	חַטַּ֖את		global-review-known-rendering	safe	0.614	approved	0				global known-rendering assignment; lexical score 0.46
4:6	15	of		8	סְדֹ֑ם		attached-word	safe	0.7	approved	0				Genitive of 'Sodom'
4:6	16	Sodom		8	סְדֹ֑ם		global-review-known-rendering	safe	0.8	approved	0				global known-rendering assignment; lexical score 0.65
4:6	22	a				expands	supplied-indefinite-article	safe	0.8	approved	0				indefinite article; rests on 'moment' → 'רָ֔גַע'
4:6	23	moment		12	רָ֔גַע		global-review-known-rendering	safe	0.8	approved	0				global known-rendering assignment; lexical score 0.65
4:6	25	hands		17	יָדָֽיִם		global-review-known-rendering	safe	0.6709	approved	0				global known-rendering assignment; lexical score 0.52
4:7	5	than		3	מִ		global-review-known-rendering	safe	0.5852	approved	0				global known-rendering assignment; lexical score 0.44
4:7	6	snow		4	שֶּׁ֔לֶג		global-review-known-rendering	safe	0.6929	approved	0				global known-rendering assignment; lexical score 0.54
4:7	10	than		6	מֵ		global-review-known-rendering	safe	0.5852	approved	0				global known-rendering assignment; lexical score 0.44
4:7	11	milk		7	חָלָ֑ב		global-review-known-rendering	safe	0.7686	approved	0				global known-rendering assignment; lexical score 0.62
4:7	18	than		10	מִ		global-review-known-rendering	safe	0.5852	approved	0				global known-rendering assignment; lexical score 0.44
4:7	24	sapphire		12	סַפִּ֖יר		global-review-known-rendering	safe	0.8	approved	0				global known-rendering assignment; lexical score 0.65
4:8				17		omits	unrendered-article	safe	0.7004	approved	0				article no the of the verse renders; rests on 'wood' → 'עֵֽץ'
4:8	5	than		2	מִ		global-review-known-rendering	safe	0.5852	approved	0				global known-rendering assignment; lexical score 0.44
4:8	10	not		5	לֹ֥א		global-review-known-rendering	safe	0.6789	approved	0				global known-rendering assignment; lexical score 0.53
4:8	15	Their		11	עֹורָם֙		attached-word	safe	0.6662	approved	0				PossessivePronoun of 'skin'
4:8	16	skin		11	עֹורָם֙		global-review-known-rendering	safe	0.7663	approved	0				global known-rendering assignment; lexical score 0.62
4:8	19	their		13	עַצְמָ֔ם		attached-word	safe	0.6621	approved	0				PossessivePronoun of 'bones'
4:8	20	bones		13	עַצְמָ֔ם		global-review-known-rendering	safe	0.7621	approved	0				global known-rendering assignment; lexical score 0.61
4:8	23	withered		14	יָבֵ֖שׁ		global-review-known-rendering	safe	0.7591	approved	0				global known-rendering assignment; lexical score 0.61
4:8	26	become		15	הָיָ֥ה		global-review-known-rendering	safe	0.6721	approved	0				global known-rendering assignment; lexical score 0.52
4:8	28	wood		18	עֵֽץ		global-review-known-rendering	safe	0.7004	approved	0				global known-rendering assignment; lexical score 0.55
4:9	6	the				expands	supplied-article	safe	0.7805	approved	0				article the original does not write; rests on 'sword' → 'חֶ֔רֶב'
4:9	7	sword		4	חֶ֔רֶב		global-review-known-rendering	safe	0.7805	approved	0				global known-rendering assignment; lexical score 0.63
4:9	9	better		1	טֹובִ֤ים		global-review-known-rendering	safe	0.7458	approved	0				global known-rendering assignment; lexical score 0.60
4:9	10	than		5	מֵֽ		global-review-known-rendering	safe	0.5852	approved	0				global known-rendering assignment; lexical score 0.44
4:9	29	the				expands	supplied-article	safe	0.7597	approved	0				article the original does not write; rests on 'field' → 'שָׂדָֽי'
4:9	30	field		14	שָׂדָֽי		global-review-known-rendering	safe	0.7597	approved	0				global known-rendering assignment; lexical score 0.61
4:10	1	The				expands	supplied-article	safe	0.6709	approved	0				article the original does not write; rests on 'hands' → 'יְדֵ֗י'
4:10	2	hands		1	יְדֵ֗י		global-review-known-rendering	safe	0.6709	approved	0				global known-rendering assignment; lexical score 0.52
4:10	6	women		2	נָשִׁים֙		global-review-known-rendering	safe	0.6809	approved	0				global known-rendering assignment; lexical score 0.53
4:10	8	boiled		4	בִּשְּׁל֖וּ		global-review-known-rendering	safe	0.575	approved	0				global known-rendering assignment; lexical score 0.43
4:10	19	of		12	בַּת		attached-word	safe	0.6732	approved	0				Genitive of 'daughter'
4:10	20	the				expands	supplied-article	safe	0.7732	approved	0				article the original does not write; rests on 'daughter' → 'בַּת'
4:10	21	daughter		12	בַּת		global-review-known-rendering	safe	0.7732	approved	0				global known-rendering assignment; lexical score 0.62
4:10	22	of		13	עַמִּֽי		attached-word	safe	0.5672	approved	0				Genitive of 'my'
4:10	23	my		13	עַמִּֽי		attached-word	safe	0.6672	approved	0				PossessivePronoun of 'people'
4:10	24	people		13	עַמִּֽי		global-review-known-rendering	safe	0.7672	approved	0				global known-rendering assignment; lexical score 0.62
4:11				13	וַ	omits	unrendered-conjunction	safe	0.7118	approved	0				conjunction no word of the verse renders; rests on 'devoured' → 'תֹּ֖אכַל'
4:11	1	The				expands	supplied-article	safe	0.7285	approved	0				article the original does not write; rests on 'LORD' → 'יְהוָה֙'
4:11	2	LORD		2	יְהוָה֙		global-review-known-rendering	safe	0.7285	approved	0				global known-rendering assignment; lexical score 0.58
4:11	12	fierce		6	חֲרֹ֣ון		global-review-known-rendering	safe	0.5975	approved	0				global known-rendering assignment; lexical score 0.45
4:11	13	anger		7	אַפֹּ֑ו		global-review-known-rendering	safe	0.6809	approved	0				global known-rendering assignment; lexical score 0.53
4:11	17	a				expands	supplied-indefinite-article	safe	0.6966	approved	0				indefinite article; rests on 'fire' → 'אֵ֣שׁ'
4:11	18	fire		10	אֵ֣שׁ		global-review-known-rendering	safe	0.6966	approved	0				global known-rendering assignment; lexical score 0.55
4:11	20	Zion		12	צִיֹּ֔ון		global-review-known-rendering	safe	0.7525	approved	0				global known-rendering assignment; lexical score 0.60
4:11	23	devoured		14	תֹּ֖אכַל		global-review-known-rendering	safe	0.7118	approved	0				global known-rendering assignment; lexical score 0.56
4:12	1	The				expands	supplied-article	safe	0.7742	approved	0				article the original does not write; rests on 'kings' → 'מַלְכֵי'
4:12	2	kings		3	מַלְכֵי		global-review-known-rendering	safe	0.7742	approved	0				global known-rendering assignment; lexical score 0.62
4:12	3	of		4	אֶ֔רֶץ		attached-word	safe	0.6442	approved	0				Genitive of 'earth'
4:12	4	the				expands	supplied-article	safe	0.7442	approved	0				article the original does not write; rests on 'earth' → 'אֶ֔רֶץ'
4:12	5	earth		4	אֶ֔רֶץ		global-review-known-rendering	safe	0.7442	approved	0				global known-rendering assignment; lexical score 0.59
4:12	7	believe		2	הֶאֱמִ֨ינוּ֙		global-review-known-rendering	safe	0.8	approved	0				global known-rendering assignment; lexical score 0.65
4:12	8	neither		1	לֹ֤א		global-review-known-rendering	safe	0.6859	approved	0				global known-rendering assignment; lexical score 0.54
4:12	10	all		5	וכל		global-review-known-rendering	safe	0.7585	approved	0				global known-rendering assignment; lexical score 0.61
4:12	11	the				expands	supplied-article	safe	0.777	approved	0				article the original does not write; rests on 'inhabitants' → 'יֹשְׁבֵ֣י'
4:12	12	inhabitants		6	יֹשְׁבֵ֣י		global-review-known-rendering	safe	0.777	approved	0				global known-rendering assignment; lexical score 0.63
4:12	13	of		7	תֵבֵ֑ל		attached-word	safe	0.5594	approved	0				Genitive of 'world'
4:12	14	the				expands	supplied-article	safe	0.6594	approved	0				article the original does not write; rests on 'world' → 'תֵבֵ֑ל'
4:12	15	world		7	תֵבֵ֑ל		global-review-known-rendering	safe	0.6594	approved	0				global known-rendering assignment; lexical score 0.51
4:12	20	the				expands	supplied-article	safe	0.6909	approved	0				article the original does not write; rests on 'enemy' → 'אֹויֵ֔ב'
4:12	21	enemy		12	אֹויֵ֔ב		global-review-known-rendering	safe	0.6909	approved	0				global known-rendering assignment; lexical score 0.54
4:12	23	enter		9	יָבֹא֙		global-review-known-rendering	safe	0.7837	approved	0				global known-rendering assignment; lexical score 0.63
4:12	25	the				expands	supplied-article	safe	0.7302	approved	0				article the original does not write; rests on 'gates' → 'שַׁעֲרֵ֖י'
4:12	26	gates		14	שַׁעֲרֵ֖י		global-review-known-rendering	safe	0.7302	approved	0				global known-rendering assignment; lexical score 0.58
4:12	27	of		15	יְרוּשָׁלִָֽם		attached-word	safe	0.6602	approved	0				Genitive of 'Jerusalem'
4:12	28	Jerusalem		15	יְרוּשָׁלִָֽם		global-review-known-rendering	safe	0.7602	approved	0				global known-rendering assignment; lexical score 0.61
4:13	5	the				expands	supplied-article	safe	0.71	approved	0				article the original does not write; rests on 'sins' → 'חַטֹּ֣את'
4:13	6	sins		2	חַטֹּ֣את		global-review-known-rendering	safe	0.71	approved	0				global known-rendering assignment; lexical score 0.56
4:13	7	of		3	נְבִיאֶ֔יהָ		attached-word	safe	0.5728	approved	0				Genitive of 'her'
4:13	8	her		3	נְבִיאֶ֔יהָ		attached-word	safe	0.6728	approved	0				PossessivePronoun of 'prophets'
4:13	9	prophets		3	נְבִיאֶ֔יהָ		global-review-known-rendering	safe	0.7728	approved	0				global known-rendering assignment; lexical score 0.62
4:13	11	the				expands	supplied-article	safe	0.7277	approved	0				article the original does not write; rests on 'iniquities' → 'עֲוֹנֹ֖ות'
4:13	12	iniquities		4	עֲוֹנֹ֖ות		global-review-known-rendering	safe	0.7277	approved	0				global known-rendering assignment; lexical score 0.58
4:13	13	of		5	כֹּהֲנֶ֑יהָ		attached-word	safe	0.5784	approved	0				Genitive of 'her'
4:13	14	her		5	כֹּהֲנֶ֑יהָ		attached-word	safe	0.6784	approved	0				PossessivePronoun of 'priests'
4:13	15	priests		5	כֹּהֲנֶ֑יהָ		global-review-known-rendering	safe	0.7784	approved	0				global known-rendering assignment; lexical score 0.63
4:13	18	shed		7	שֹּׁפְכִ֥ים		global-review-known-rendering	safe	0.7526	approved	0				global known-rendering assignment; lexical score 0.60
4:13	19	the				expands	supplied-article	safe	0.7566	approved	0				article the original does not write; rests on 'blood' → 'דַּ֥ם'
4:13	20	blood		10	דַּ֥ם		global-review-known-rendering	safe	0.7566	approved	0				global known-rendering assignment; lexical score 0.61
4:13	21	of		11	צַדִּיקִֽים		attached-word	safe	0.5627	approved	0				Genitive of 'just'
4:13	22	the				expands	supplied-article	safe	0.6627	approved	0				article the original does not write; rests on 'just' → 'צַדִּיקִֽים'
4:13	23	just		11	צַדִּיקִֽים		global-review-known-rendering	safe	0.6627	approved	0				global known-rendering assignment; lexical score 0.51
4:14				8		omits	unrendered-article	safe	0.7566	approved	0				article no the of the verse renders; rests on 'blood' → 'דָּ֑ם'
4:14	4	blind		2	עִוְרִים֙		global-review-known-rendering	safe	0.75	approved	0				global known-rendering assignment; lexical score 0.60
4:14	13	blood		9	דָּ֑ם		global-review-known-rendering	safe	0.7566	approved	0				global known-rendering assignment; lexical score 0.61
4:14	17	can’t		11	לֹ֣א		global-review-known-rendering	safe	0.6788	approved	0				global known-rendering assignment; lexical score 0.53
4:14	18	touch		13	יִגְּע֖וּ		global-review-known-rendering	safe	0.755	approved	0				global known-rendering assignment; lexical score 0.60
4:15	13	touch		8	תִּגָּ֔עוּ		global-review-known-rendering	safe	0.755	approved	0				global known-rendering assignment; lexical score 0.60
4:15	21	said		13	אָֽמְרוּ֙		global-review-known-rendering	safe	0.7772	approved	0				global known-rendering assignment; lexical score 0.63
4:15	23	the		15			attached-word	safe	0.6498	approved	0				Article of 'nations'
4:15	24	nations		16	גֹּויִ֔ם		global-review-known-rendering	safe	0.7498	approved	0				global known-rendering assignment; lexical score 0.60
4:15	26	can’t		17	לֹ֥א		global-review-known-rendering	safe	0.6788	approved	0				global known-rendering assignment; lexical score 0.53
4:16				12		omits	unrendered-conjunction	safe	0.7469	approved	0				conjunction no word of the verse renders; rests on 'elders' → 'זקנים'
4:16	1	The				expands	supplied-article	safe	0.7263	approved	0				article the original does not write; rests on 'LORD’s' → 'יְהוָה֙'
4:16	2	LORD’s		2	יְהוָה֙		global-review-known-rendering	safe	0.7263	approved	0				global known-rendering assignment; lexical score 0.58
4:16	9	not		4	לֹ֥א		global-review-known-rendering	safe	0.6789	approved	0				global known-rendering assignment; lexical score 0.53
4:16	17	didn’t		10	לֹ֣א		global-review-known-rendering	safe	0.6788	approved	0				global known-rendering assignment; lexical score 0.53
4:16	21	of		9	כֹהֲנִים֙		attached-word	safe	0.6784	approved	0				Genitive of 'priests'
4:16	22	the				expands	supplied-article	safe	0.7784	approved	0				article the original does not write; rests on 'priests' → 'כֹהֲנִים֙'
4:16	23	priests		9	כֹהֲנִים֙		global-review-known-rendering	safe	0.7784	approved	0				global known-rendering assignment; lexical score 0.63
4:16	25	didn’t		14	לֹ֥א		global-review-known-rendering	safe	0.6788	approved	0				global known-rendering assignment; lexical score 0.53
4:16	27	the				expands	supplied-article	safe	0.7469	approved	0				article the original does not write; rests on 'elders' → 'זקנים'
4:16	28	elders		13	זקנים		global-review-known-rendering	safe	0.7469	approved	0				global known-rendering assignment; lexical score 0.60
4:17	1	Our		3	עֵינֵ֔ינוּ		attached-word	safe	0.6842	approved	0				PossessivePronoun of 'eyes'
4:17	2	eyes		3	עֵינֵ֔ינוּ		global-review-known-rendering	safe	0.7842	approved	0				global known-rendering assignment; lexical score 0.63
4:17	18	a				expands	supplied-indefinite-article	safe	0.7554	approved	0				indefinite article; rests on 'nation' → 'גֹּ֖וי'
4:17	19	nation		11	גֹּ֖וי		global-review-known-rendering	safe	0.7554	approved	0				global known-rendering assignment; lexical score 0.61
4:17	22	not		12	לֹ֥א		global-review-known-rendering	safe	0.6789	approved	0				global known-rendering assignment; lexical score 0.53
4:17	23	save		13	יֹושִֽׁעַ		global-review-known-rendering	safe	0.575	approved	0				global known-rendering assignment; lexical score 0.43
4:18	2	hunt		1	צָד֣וּ		global-review-known-rendering	safe	0.755	approved	0				global known-rendering assignment; lexical score 0.60
4:18	17	Our		10	יָמֵ֖ינוּ		attached-word	safe	0.6783	approved	0				PossessivePronoun of 'days'
4:18	18	days		10	יָמֵ֖ינוּ		global-review-known-rendering	safe	0.7783	approved	0				global known-rendering assignment; lexical score 0.63
4:18	20	fulfilled		9	מָלְא֥וּ		global-review-known-rendering	safe	0.7063	approved	0				global known-rendering assignment; lexical score 0.56
4:18	25	come		12	בָ֥א		global-review-known-rendering	safe	0.5725	approved	0				global known-rendering assignment; lexical score 0.42
4:19	1	Our		3	רֹדְפֵ֔ינוּ		attached-word	safe	0.7	approved	0				PossessivePronoun of 'pursuers'
4:19	2	pursuers		3	רֹדְפֵ֔ינוּ		global-review-known-rendering	safe	0.8	approved	0				global known-rendering assignment; lexical score 0.65
4:19	5	than		4	מִ		global-review-known-rendering	safe	0.5852	approved	0				global known-rendering assignment; lexical score 0.44
4:19	6	the				expands	supplied-article	safe	0.6313	approved	0				article the original does not write; rests on 'eagles' → 'נִּשְׁרֵ֖י'
4:19	7	eagles		5	נִּשְׁרֵ֖י		global-review-known-rendering	safe	0.6313	approved	0				global known-rendering assignment; lexical score 0.48
4:19	15	the		8	הֶ		attached-word	safe	0.6675	approved	0				Article of 'mountains'
4:19	16	mountains		9	הָרִ֣ים		global-review-known-rendering	safe	0.7675	approved	0				global known-rendering assignment; lexical score 0.62
4:19	19	an				expands	supplied-indefinite-article	safe	0.6714	approved	0				indefinite article; rests on 'ambush' → 'אָ֥רְבוּ'
4:19	20	ambush		14	אָ֥רְבוּ		global-review-known-rendering	safe	0.6714	approved	0				global known-rendering assignment; lexical score 0.52
4:19	24	the		12			attached-word	safe	0.6525	approved	0				Article of 'wilderness'
4:19	25	wilderness		13	מִּדְבָּ֖ר		global-review-known-rendering	safe	0.7525	approved	0				global known-rendering assignment; lexical score 0.60
4:20	1	The				expands	supplied-article	safe	0.6326	approved	0				article the original does not write; rests on 'breath' → 'ר֤וּחַ'
4:20	2	breath		1	ר֤וּחַ		global-review-known-rendering	safe	0.6326	approved	0				global known-rendering assignment; lexical score 0.48
4:20	3	of		2	אַפֵּ֨ינוּ֙		attached-word	safe	0.4875	approved	0				Genitive of 'our'
4:20	4	our		2	אַפֵּ֨ינוּ֙		attached-word	safe	0.5875	approved	0				PossessivePronoun of 'nostrils'
4:20	5	nostrils		2	אַפֵּ֨ינוּ֙		global-review-known-rendering	safe	0.6875	approved	0				global known-rendering assignment; lexical score 0.54
4:20	8	of		4	יְהוָ֔ה		attached-word	safe	0.6285	approved	0				Genitive of 'LORD'
4:20	9	the				expands	supplied-article	safe	0.7285	approved	0				article the original does not write; rests on 'LORD' → 'יְהוָ֔ה'
4:20	10	LORD		4	יְהוָ֔ה		global-review-known-rendering	safe	0.7285	approved	0				global known-rendering assignment; lexical score 0.58
4:20	17	whom		8	אֲשֶׁ֣ר		global-review-known-rendering	safe	0.6479	approved	0				global known-rendering assignment; lexical score 0.50
4:20	19	said		9	אָמַ֔רְנוּ		global-review-known-rendering	safe	0.7772	approved	0				global known-rendering assignment; lexical score 0.63
4:20	21	his		11	צִלֹּ֖ו		attached-word	safe	0.5476	approved	0				PossessivePronoun of 'shadow'
4:20	22	shadow		11	צִלֹּ֖ו		global-review-known-rendering	safe	0.6476	approved	0				global known-rendering assignment; lexical score 0.50
4:20	25	live		12	נִֽחְיֶ֥ה		global-review-known-rendering	safe	0.6333	approved	0				global known-rendering assignment; lexical score 0.48
4:20	27	the		14			attached-word	safe	0.6498	approved	0				Article of 'nations'
4:20	28	nations		15	גֹּויִֽם		global-review-known-rendering	safe	0.7498	approved	0				global known-rendering assignment; lexical score 0.60
4:21	5	daughter		4	בַּת		global-review-known-rendering	safe	0.7732	approved	0				global known-rendering assignment; lexical score 0.62
4:21	6	of		5	אֱדֹ֔ום		attached-word	safe	0.6793	approved	0				Genitive of 'Edom'
4:21	7	Edom		5	אֱדֹ֔ום		global-review-known-rendering	safe	0.7793	approved	0				global known-rendering assignment; lexical score 0.63
4:21	9	dwells		6	יושׁבתי		global-review-known-rendering	safe	0.5885	approved	0				global known-rendering assignment; lexical score 0.44
4:21	11	the				expands	supplied-article	safe	0.7252	approved	0				article the original does not write; rests on 'land' → 'אֶ֣רֶץ'
4:21	12	land		8	אֶ֣רֶץ		global-review-known-rendering	safe	0.7252	approved	0				global known-rendering assignment; lexical score 0.58
4:21	13	of		9	ע֑וּץ		attached-word	safe	0.7	approved	0				Genitive of 'Uz'
4:21	14	Uz		9	ע֑וּץ		global-review-known-rendering	safe	0.8	approved	0				global known-rendering assignment; lexical score 0.65
4:21	15	The				expands	supplied-article	safe	0.7	approved	0				article the original does not write; rests on 'cup' → 'כֹּ֔וס'
4:21	16	cup		13	כֹּ֔וס		global-review-known-rendering	safe	0.7	approved	0				global known-rendering assignment; lexical score 0.55
4:21	22	also		10	גַּם		global-review-known-rendering	safe	0.5586	approved	0				global known-rendering assignment; lexical score 0.41
4:21	26	drunken		14	תִּשְׁכְּרִ֖י		global-review-known-rendering	safe	0.5562	approved	0				global known-rendering assignment; lexical score 0.41
4:22	1	The				expands	supplied-article	safe	0.6364	approved	0				article the original does not write; rests on 'punishment' → 'עֲוֹנֵךְ֙'
4:22	2	punishment		2	עֲוֹנֵךְ֙		global-review-known-rendering	safe	0.6364	approved	0				global known-rendering assignment; lexical score 0.49
4:22	8	daughter		3	בַּת		global-review-known-rendering	safe	0.7732	approved	0				global known-rendering assignment; lexical score 0.62
4:22	9	of		4	צִיֹּ֔ון		attached-word	safe	0.6525	approved	0				Genitive of 'Zion'
4:22	10	Zion		4	צִיֹּ֔ון		global-review-known-rendering	safe	0.7525	approved	0				global known-rendering assignment; lexical score 0.60
4:22	22	visit		9	פָּקַ֤ד		global-review-known-rendering	safe	0.7878	approved	0				global known-rendering assignment; lexical score 0.64
4:22	23	your		10	עֲוֹנֵךְ֙		attached-word	safe	0.5319	approved	0				PossessivePronoun of 'iniquity'
4:22	24	iniquity		10	עֲוֹנֵךְ֙		global-review-known-rendering	safe	0.6319	approved	0				global known-rendering assignment; lexical score 0.48
4:22	25	daughter		11	בַּת		global-review-known-rendering	safe	0.7732	approved	0				global known-rendering assignment; lexical score 0.62
4:22	26	of		12	אֱדֹ֔ום		attached-word	safe	0.6793	approved	0				Genitive of 'Edom'
4:22	27	Edom		12	אֱדֹ֔ום		global-review-known-rendering	safe	0.7793	approved	0				global known-rendering assignment; lexical score 0.63
4:22	30	uncover		13	גִּלָּ֖ה		global-review-known-rendering	safe	0.7036	approved	0				global known-rendering assignment; lexical score 0.55
4:22	31	your		15	חַטֹּאתָֽיִךְ		attached-word	safe	0.61	approved	0				PossessivePronoun of 'sins'
4:22	32	sins		15	חַטֹּאתָֽיִךְ		global-review-known-rendering	safe	0.71	approved	0				global known-rendering assignment; lexical score 0.56
5:1				9	אֶת	omits	unrendered-object-marker	safe	0.71	approved	0				object marker; rests on 'reproach' → 'חֶרְפָּתֵֽנוּ'
5:1	1	Remember		1	זְכֹ֤ר		global-review-known-rendering	safe	0.7376	approved	0				global known-rendering assignment; lexical score 0.59
5:1	2	LORD		2	יְהוָה֙		global-review-known-rendering	safe	0.7286	approved	0				global known-rendering assignment; lexical score 0.58
5:1	3	what		3	מֶֽה		global-review-known-rendering	safe	0.6683	approved	0				global known-rendering assignment; lexical score 0.52
5:1	10	see		8	רְאֵ֥ה		global-review-known-rendering	safe	0.7065	approved	0				global known-rendering assignment; lexical score 0.56
5:1	11	our		10	חֶרְפָּתֵֽנוּ		attached-word	safe	0.61	approved	0				PossessivePronoun of 'reproach'
5:1	12	reproach		10	חֶרְפָּתֵֽנוּ		global-review-known-rendering	safe	0.71	approved	0				global known-rendering assignment; lexical score 0.56
5:2	1	Our		1	נַחֲלָתֵ֨נוּ֙		attached-word	safe	0.6247	approved	0				PossessivePronoun of 'inheritance'
5:2	2	inheritance		1	נַחֲלָתֵ֨נוּ֙		global-review-known-rendering	safe	0.7247	approved	0				global known-rendering assignment; lexical score 0.57
5:2	9	our		5	בָּתֵּ֖ינוּ		attached-word	safe	0.655	approved	0				PossessivePronoun of 'houses'
5:2	10	houses		5	בָּתֵּ֖ינוּ		global-review-known-rendering	safe	0.755	approved	0				global known-rendering assignment; lexical score 0.60
5:2	12	aliens		7	נָכְרִֽים		global-review-known-rendering	safe	0.575	approved	0				global known-rendering assignment; lexical score 0.43
5:3	6	Our		6	אִמֹּתֵ֖ינוּ		attached-word	safe	0.5875	approved	0				PossessivePronoun of 'mothers'
5:3	7	mothers		6	אִמֹּתֵ֖ינוּ		global-review-known-rendering	safe	0.6875	approved	0				global known-rendering assignment; lexical score 0.54
5:3	10	widows		8	אַלְמָנֹֽות		global-review-known-rendering	safe	0.7591	approved	0				global known-rendering assignment; lexical score 0.61
5:4	5	water		1	מֵימֵ֨ינוּ֙		global-review-known-rendering	safe	0.7745	approved	0				global known-rendering assignment; lexical score 0.62
5:4	7	drink		4	שָׁתִ֔ינוּ		global-review-known-rendering	safe	0.5881	approved	0				global known-rendering assignment; lexical score 0.44
5:4	8	Our		5	עֵצֵ֖ינוּ		attached-word	safe	0.5988	approved	0				PossessivePronoun of 'wood'
5:4	9	wood		5	עֵצֵ֖ינוּ		global-review-known-rendering	safe	0.6988	approved	0				global known-rendering assignment; lexical score 0.55
5:5	2	pursuers		3	נִרְדָּ֔פְנוּ		global-review-known-rendering	safe	0.8	approved	0				global known-rendering assignment; lexical score 0.65
5:6	3	given		2	נָתַ֣נּוּ		global-review-known-rendering	safe	0.6912	approved	0				global known-rendering assignment; lexical score 0.54
5:6	5	hands		3	יָ֔ד		global-review-known-rendering	safe	0.6719	approved	0				global known-rendering assignment; lexical score 0.52
5:6	7	the				expands	supplied-article	safe	0.6485	approved	0				article the original does not write; rests on 'Egyptians' → 'מִצְרַ֨יִם֙'
5:6	8	Egyptians		1	מִצְרַ֨יִם֙		global-review-known-rendering	safe	0.6485	approved	0				global known-rendering assignment; lexical score 0.50
5:6	11	the				expands	supplied-article	safe	0.6615	approved	0				article the original does not write; rests on 'Assyrians' → 'אַשּׁ֖וּר'
5:6	12	Assyrians		4	אַשּׁ֖וּר		global-review-known-rendering	safe	0.6615	approved	0				global known-rendering assignment; lexical score 0.51
5:6	15	satisfied		6	שְׂבֹּ֥עַֽ		global-review-known-rendering	safe	0.755	approved	0				global known-rendering assignment; lexical score 0.60
5:6	17	bread		7	לָֽחֶם		global-review-known-rendering	safe	0.7285	approved	0				global known-rendering assignment; lexical score 0.58
5:7	1	Our		1	אֲבֹתֵ֤ינוּ		attached-word	safe	0.6882	approved	0				PossessivePronoun of 'fathers'
5:7	2	fathers		1	אֲבֹתֵ֤ינוּ		global-review-known-rendering	safe	0.7882	approved	0				global known-rendering assignment; lexical score 0.64
5:7	3	sinned		2	חָֽטְאוּ֙		global-review-known-rendering	safe	0.8	approved	0				global known-rendering assignment; lexical score 0.65
5:7	11	their		7	עֲוֹנֹתֵיהֶ֥ם		attached-word	safe	0.6277	approved	0				PossessivePronoun of 'iniquities'
5:7	12	iniquities		7	עֲוֹנֹתֵיהֶ֥ם		global-review-known-rendering	safe	0.7277	approved	0				global known-rendering assignment; lexical score 0.58
5:8	1	Servants		1	עֲבָדִים֙		global-review-known-rendering	safe	0.7357	approved	0				global known-rendering assignment; lexical score 0.59
5:8	2	rule		2	מָ֣שְׁלוּ		global-review-known-rendering	safe	0.5612	approved	0				global known-rendering assignment; lexical score 0.41
5:8	14	their		7	יָּדָֽם		attached-word	safe	0.5696	approved	0				PossessivePronoun of 'hand'
5:8	15	hand		7	יָּדָֽם		global-review-known-rendering	safe	0.6696	approved	0				global known-rendering assignment; lexical score 0.52
5:9	3	our		4	לַחְמֵ֔נוּ		attached-word	safe	0.6285	approved	0				PossessivePronoun of 'bread'
5:9	4	bread		4	לַחְמֵ֔נוּ		global-review-known-rendering	safe	0.7285	approved	0				global known-rendering assignment; lexical score 0.58
5:9	9	our		2	נַפְשֵׁ֨נוּ֙		attached-word	safe	0.5977	approved	0				PossessivePronoun of 'lives'
5:9	10	lives		2	נַפְשֵׁ֨נוּ֙		global-review-known-rendering	safe	0.6977	approved	0				global known-rendering assignment; lexical score 0.55
5:9	13	the				expands	supplied-article	safe	0.7805	approved	0				article the original does not write; rests on 'sword' → 'חֶ֥רֶב'
5:9	14	sword		7	חֶ֥רֶב		global-review-known-rendering	safe	0.7805	approved	0				global known-rendering assignment; lexical score 0.63
5:9	16	the		8	הַ		attached-word	safe	0.6527	approved	0				Article of 'wilderness'
5:9	17	wilderness		9	מִּדְבָּֽר		global-review-known-rendering	safe	0.7527	approved	0				global known-rendering assignment; lexical score 0.60
5:10	1	Our		1	עֹורֵ֨נוּ֙		attached-word	safe	0.6662	approved	0				PossessivePronoun of 'skin'
5:10	2	skin		1	עֹורֵ֨נוּ֙		global-review-known-rendering	safe	0.7663	approved	0				global known-rendering assignment; lexical score 0.62
5:10	6	an				expands	supplied-indefinite-article	safe	0.8	approved	0				indefinite article; rests on 'oven' → 'תַנּ֣וּר'
5:10	7	oven		3	תַנּ֣וּר		global-review-known-rendering	safe	0.8	approved	0				global known-rendering assignment; lexical score 0.65
5:10	13	of		8	רָעָֽב		attached-word	safe	0.67	approved	0				Genitive of 'famine'
5:10	14	famine		8	רָעָֽב		global-review-known-rendering	safe	0.77	approved	0				global known-rendering assignment; lexical score 0.62
5:11	3	the				expands	supplied-article	safe	0.6809	approved	0				article the original does not write; rests on 'women' → 'נָשִׁים֙'
5:11	4	women		1	נָשִׁים֙		global-review-known-rendering	safe	0.6809	approved	0				global known-rendering assignment; lexical score 0.53
5:11	6	Zion		3	צִיֹּ֣ון		global-review-known-rendering	safe	0.7528	approved	0				global known-rendering assignment; lexical score 0.60
5:11	7	the				expands	supplied-article	safe	0.7437	approved	0				article the original does not write; rests on 'virgins' → 'בְּתֻלֹ֖ת'
5:11	8	virgins		5	בְּתֻלֹ֖ת		global-review-known-rendering	safe	0.7437	approved	0				global known-rendering assignment; lexical score 0.59
5:11	10	the				expands	supplied-article	safe	0.7799	approved	0				article the original does not write; rests on 'cities' → 'עָרֵ֥י'
5:11	11	cities		7	עָרֵ֥י		global-review-known-rendering	safe	0.7799	approved	0				global known-rendering assignment; lexical score 0.63
5:11	12	of		8	יְהוּדָֽה		attached-word	safe	0.684	approved	0				Genitive of 'Judah'
5:11	13	Judah		8	יְהוּדָֽה		global-review-known-rendering	safe	0.784	approved	0				global known-rendering assignment; lexical score 0.63
5:12	1	Princes		1	שָׂרִים֙		global-review-known-rendering	safe	0.6612	approved	0				global known-rendering assignment; lexical score 0.51
5:12	3	hanged		4	נִתְל֔וּ		global-review-known-rendering	safe	0.7022	approved	0				global known-rendering assignment; lexical score 0.55
5:12	6	their		3	יָדָ֣ם		attached-word	safe	0.5719	approved	0				PossessivePronoun of 'hands'
5:12	7	hands		3	יָדָ֣ם		global-review-known-rendering	safe	0.6719	approved	0				global known-rendering assignment; lexical score 0.52
5:12	8	The				expands	supplied-article	safe	0.743	approved	0				article the original does not write; rests on 'faces' → 'פְּנֵ֥י'
5:12	9	faces		5	פְּנֵ֥י		global-review-known-rendering	safe	0.743	approved	0				global known-rendering assignment; lexical score 0.59
5:12	10	of		6	זְקֵנִ֖ים		attached-word	safe	0.6464	approved	0				Genitive of 'elders'
5:12	11	elders		6	זְקֵנִ֖ים		global-review-known-rendering	safe	0.7464	approved	0				global known-rendering assignment; lexical score 0.60
5:12	13	not		7	לֹ֥א		global-review-known-rendering	safe	0.679	approved	0				global known-rendering assignment; lexical score 0.53
5:13	8	stumbled		9	כָּשָֽׁלוּ		global-review-known-rendering	safe	0.6875	approved	0				global known-rendering assignment; lexical score 0.54
5:13	12	wood		8	עֵ֥ץ		global-review-known-rendering	safe	0.6988	approved	0				global known-rendering assignment; lexical score 0.55
5:14	1	The				expands	supplied-article	safe	0.7464	approved	0				article the original does not write; rests on 'elders' → 'זְקֵנִים֙'
5:14	2	elders		1	זְקֵנִים֙		global-review-known-rendering	safe	0.7464	approved	0				global known-rendering assignment; lexical score 0.60
5:14	6	the				expands	supplied-article	safe	0.7792	approved	0				article the original does not write; rests on 'gate' → 'שַּׁ֣עַר'
5:14	7	gate		3	שַּׁ֣עַר		global-review-known-rendering	safe	0.7792	approved	0				global known-rendering assignment; lexical score 0.63
5:15	3	of		3	לִבֵּ֔נוּ		attached-word	safe	0.4437	approved	0				Genitive of 'our'
5:15	4	our		3	לִבֵּ֔נוּ		attached-word	safe	0.5437	approved	0				PossessivePronoun of 'heart'
5:15	5	heart		3	לִבֵּ֔נוּ		global-review-known-rendering	safe	0.6437	approved	0				global known-rendering assignment; lexical score 0.49
5:15	13	mourning		6	אֵ֖בֶל		global-review-known-rendering	safe	0.5702	approved	0				global known-rendering assignment; lexical score 0.42
5:16	4	fallen		1	נָֽפְלָה֙		global-review-known-rendering	safe	0.741	approved	0				global known-rendering assignment; lexical score 0.59
5:16	6	our		3	רֹאשֵׁ֔נוּ		attached-word	safe	0.6391	approved	0				PossessivePronoun of 'head'
5:16	7	head		3	רֹאשֵׁ֔נוּ		global-review-known-rendering	safe	0.7391	approved	0				global known-rendering assignment; lexical score 0.59
5:16	14	sinned		8	חָטָֽאנוּ		global-review-known-rendering	safe	0.8	approved	0				global known-rendering assignment; lexical score 0.65
5:17	3	our		5	לִבֵּ֔נוּ		attached-word	safe	0.5437	approved	0				PossessivePronoun of 'heart'
5:17	4	heart		5	לִבֵּ֔נוּ		global-review-known-rendering	safe	0.6437	approved	0				global known-rendering assignment; lexical score 0.49
5:17	8	these		7	אֵ֖לֶּה		global-review-known-rendering	safe	0.7108	approved	0				global known-rendering assignment; lexical score 0.56
5:17	10	our		9	עֵינֵֽינוּ		attached-word	safe	0.6842	approved	0				PossessivePronoun of 'eyes'
5:17	11	eyes		9	עֵינֵֽינוּ		global-review-known-rendering	safe	0.7842	approved	0				global known-rendering assignment; lexical score 0.63
5:18	2	the				expands	supplied-article	safe	0.766	approved	0				article the original does not write; rests on 'mountain' → 'הַר'
5:18	3	mountain		2	הַר		global-review-known-rendering	safe	0.766	approved	0				global known-rendering assignment; lexical score 0.62
5:18	4	of		3	צִיֹּון֙		attached-word	safe	0.6528	approved	0				Genitive of 'Zion'
5:18	5	Zion		3	צִיֹּון֙		global-review-known-rendering	safe	0.7528	approved	0				global known-rendering assignment; lexical score 0.60
5:18	9	The				expands	supplied-article	safe	0.8	approved	0				article the original does not write; rests on 'foxes' → 'שׁוּעָלִ֖ים'
5:18	10	foxes		6	שׁוּעָלִ֖ים		global-review-known-rendering	safe	0.8	approved	0				global known-rendering assignment; lexical score 0.65
5:18	11	walk		7	הִלְּכוּ		global-review-known-rendering	safe	0.7783	approved	0				global known-rendering assignment; lexical score 0.63
5:19				9	וָ	omits	unrendered-conjunction	safe	0.7557	approved	0				conjunction no word of the verse renders; rests on 'generation' → 'דֹֽור'
5:19	4	forever		4	עֹולָ֣ם		global-review-known-rendering	safe	0.636	approved	0				global known-rendering assignment; lexical score 0.49
5:19	5	Your		6	כִּסְאֲךָ֖		attached-word	safe	0.6754	approved	0				PossessivePronoun of 'throne'
5:19	6	throne		6	כִּסְאֲךָ֖		global-review-known-rendering	safe	0.7754	approved	0				global known-rendering assignment; lexical score 0.63
5:19	9	generation		8	דֹ֥ר		global-review-known-rendering	safe	0.7557	approved	0				global known-rendering assignment; lexical score 0.61
5:19	11	generation		10	דֹֽור		global-review-known-rendering	safe	0.7557	approved	0				global known-rendering assignment; lexical score 0.61
5:20	1	Why		1	לָ֤מָּה		global-review-known-rendering	safe	0.6602	approved	0				global known-rendering assignment; lexical score 0.51
5:20	4	forget		4	תִּשְׁכָּחֵ֔נוּ		global-review-known-rendering	safe	0.7008	approved	0				global known-rendering assignment; lexical score 0.55
5:20	8	forsake		5	תַּֽעַזְבֵ֖נוּ		global-review-known-rendering	safe	0.6694	approved	0				global known-rendering assignment; lexical score 0.52
5:21	1	Turn		1	הֲשִׁיבֵ֨נוּ		global-review-known-rendering	safe	0.6045	approved	0				global known-rendering assignment; lexical score 0.45
5:21	5	LORD		2	יְהוָ֤ה		global-review-known-rendering	safe	0.7286	approved	0				global known-rendering assignment; lexical score 0.58
5:21	12	our		7	יָמֵ֖ינוּ		attached-word	safe	0.6783	approved	0				PossessivePronoun of 'days'
5:21	13	days		7	יָמֵ֖ינוּ		global-review-known-rendering	safe	0.7783	approved	0				global known-rendering assignment; lexical score 0.63
5:22	5	rejected		3	מָאֹ֣ס		global-review-known-rendering	safe	0.6875	approved	0				global known-rendering assignment; lexical score 0.54
5:22	9	very		8	מְאֹֽד		global-review-known-rendering	safe	0.5862	approved	0				global known-rendering assignment; lexical score 0.44
