at	word	surface	target_at	target	target_surface	absence	rule	tier	confidence	verdict	review	corrected_at	corrected	corrected_surface	rationale
1:20	37	ist		27	γεννηθὲν		attached-word	attached	0.5929	approved	0				AuxiliaryVerb of 'geboren', by the parse of UDPipe's German-HDT model (Straka and Straková, ÚFAL, CC BY-NC-SA 4.0)
1:21	3	wird		1	τέξεται		attached-word	attached	0.475	approved	0				AuxiliaryVerb of 'gebären', by the parse of UDPipe's German-HDT model (Straka and Straková, ÚFAL, CC BY-NC-SA 4.0)
1:21	9	sollst		5	καλέσεις		attached-word	attached	0.5773	approved	0				AuxiliaryVerb of 'heißen', by the parse of UDPipe's German-HDT model (Straka and Straková, ÚFAL, CC BY-NC-SA 4.0)
1:21	10	du		5	καλέσεις		attached-word	attached	0.5773	approved	0				SubjectPronoun of 'heißen', by the parse of UDPipe's German-HDT model (Straka and Straková, ÚFAL, CC BY-NC-SA 4.0)
1:22	9	würde		6	πληρωθῇ		attached-word	attached	0.625	approved	0				AuxiliaryVerb of 'erfüllt', by the parse of UDPipe's German-HDT model (Straka and Straková, ÚFAL, CC BY-NC-SA 4.0)
1:22	17	hat		8	ῥηθὲν		attached-word	attached	0.2985	approved	0				AuxiliaryVerb of 'gesagt', by the parse of UDPipe's German-HDT model (Straka and Straková, ÚFAL, CC BY-NC-SA 4.0)
1:23	12	sie		11	καλέσουσιν		attached-word	attached	0.5773	approved	0				SubjectPronoun of 'heißen', by the parse of UDPipe's German-HDT model (Straka and Straková, ÚFAL, CC BY-NC-SA 4.0)
1:23	13	werden		11	καλέσουσιν		attached-word	attached	0.5773	approved	0				AuxiliaryVerb of 'heißen', by the parse of UDPipe's German-HDT model (Straka and Straková, ÚFAL, CC BY-NC-SA 4.0)
1:24	8	er		8	ἐποίησεν		attached-word	attached	0.4848	approved	0				SubjectPronoun of 'tat', by the parse of UDPipe's German-HDT model (Straka and Straková, ÚFAL, CC BY-NC-SA 4.0)
1:25	2	er		3	ἐγίνωσκεν		attached-word	attached	0.4	approved	0				SubjectPronoun of 'erkannte', by the parse of UDPipe's German-HDT model (Straka and Straková, ÚFAL, CC BY-NC-SA 4.0)
2:1	4	war		4	γεννηθέντος		attached-word	attached	0.5929	approved	0				AuxiliaryVerb of 'geboren', by the parse of UDPipe's German-HDT model (Straka and Straková, ÚFAL, CC BY-NC-SA 4.0)
2:2	8	Wir		9	εἴδομεν		attached-word	attached	0.6308	approved	0				SubjectPronoun of 'gesehen', by the parse of UDPipe's German-HDT model (Straka and Straková, ÚFAL, CC BY-NC-SA 4.0)
2:2	9	haben		9	εἴδομεν		attached-word	attached	0.6308	approved	0				AuxiliaryVerb of 'gesehen', by the parse of UDPipe's German-HDT model (Straka and Straková, ÚFAL, CC BY-NC-SA 4.0)
2:2	16	sind		18	ἤλθομεν		attached-word	attached	0.545	approved	0				AuxiliaryVerb of 'gekommen', by the parse of UDPipe's German-HDT model (Straka and Straková, ÚFAL, CC BY-NC-SA 4.0)
2:4	19	werden		16	γεννᾶται		attached-word	attached	0.5929	approved	0				AuxiliaryVerb of 'geboren', by the parse of UDPipe's German-HDT model (Straka and Straková, ÚFAL, CC BY-NC-SA 4.0)
2:9	7	hatten		3	ἀκούσαντες		attached-word	attached	0.67	approved	0				AuxiliaryVerb of 'gehört', by the parse of UDPipe's German-HDT model (Straka and Straková, ÚFAL, CC BY-NC-SA 4.0)
2:9	16	sie		12	εἶδον		attached-word	attached	0.6308	approved	0				SubjectPronoun of 'gesehen', by the parse of UDPipe's German-HDT model (Straka and Straková, ÚFAL, CC BY-NC-SA 4.0)
2:9	20	hatten		12	εἶδον		attached-word	attached	0.6308	approved	0				AuxiliaryVerb of 'gesehen', by the parse of UDPipe's German-HDT model (Straka and Straková, ÚFAL, CC BY-NC-SA 4.0)
2:10	6	wurden		5	ἐχάρησαν		attached-word	attached	0.7	approved	0				AuxiliaryVerb of 'erfreut', by the parse of UDPipe's German-HDT model (Straka and Straková, ÚFAL, CC BY-NC-SA 4.0)
2:10	7	sie		5	ἐχάρησαν		attached-word	attached	0.7	approved	0				SubjectPronoun of 'erfreut', by the parse of UDPipe's German-HDT model (Straka and Straková, ÚFAL, CC BY-NC-SA 4.0)
2:13	38	ich		30	εἴπω		attached-word	attached	0.6682	approved	0				SubjectPronoun of 'sage', by the parse of UDPipe's German-HDT model (Straka and Straková, ÚFAL, CC BY-NC-SA 4.0)
2:15	13	würde		9	πληρωθῇ		attached-word	attached	0.5312	approved	0				AuxiliaryVerb of 'erfüllet', by the parse of UDPipe's German-HDT model (Straka and Straková, ÚFAL, CC BY-NC-SA 4.0)
2:17	2	ist		2	ἐπληρώθη		attached-word	attached	0.6206	approved	0				AuxiliaryVerb of 'erfüllt', by the parse of UDPipe's German-HDT model (Straka and Straková, ÚFAL, CC BY-NC-SA 4.0)
2:17	6	ist		4	ῥηθὲν		attached-word	attached	0.2985	approved	0				AuxiliaryVerb of 'gesagt', by the parse of UDPipe's German-HDT model (Straka and Straková, ÚFAL, CC BY-NC-SA 4.0)
2:19	5	war		1	Τελευτήσαντος		attached-word	attached	0.279	approved	0				AuxiliaryVerb of 'gestorben', by the parse of UDPipe's German-HDT model (Straka and Straková, ÚFAL, CC BY-NC-SA 4.0)
2:20	21	sie		15	τεθνήκασιν		attached-word	attached	0.279	approved	0				SubjectPronoun of 'gestorben', by the parse of UDPipe's German-HDT model (Straka and Straková, ÚFAL, CC BY-NC-SA 4.0)
2:20	22	sind		15	τεθνήκασιν		attached-word	attached	0.279	approved	0				AuxiliaryVerb of 'gestorben', by the parse of UDPipe's German-HDT model (Straka and Straková, ÚFAL, CC BY-NC-SA 4.0)
2:22	17	er		13	ἐφοβήθη		attached-word	attached	0.7	approved	0				SubjectPronoun of 'fürchtete', by the parse of UDPipe's German-HDT model (Straka and Straková, ÚFAL, CC BY-NC-SA 4.0)
2:23	15	würde		9	πληρωθῇ		attached-word	attached	0.5312	approved	0				AuxiliaryVerb of 'erfüllet', by the parse of UDPipe's German-HDT model (Straka and Straková, ÚFAL, CC BY-NC-SA 4.0)
2:23	19	ist		6	λεγομένην		attached-word	attached	0.5892	approved	0				AuxiliaryVerb of 'gesagt', by the parse of UDPipe's German-HDT model (Straka and Straková, ÚFAL, CC BY-NC-SA 4.0)
2:23	23	Er		17	κληθήσεται		attached-word	attached	0.5826	approved	0				SubjectPronoun of 'heißen', by the parse of UDPipe's German-HDT model (Straka and Straková, ÚFAL, CC BY-NC-SA 4.0)
2:23	24	soll		17	κληθήσεται		attached-word	attached	0.5826	approved	0				AuxiliaryVerb of 'heißen', by the parse of UDPipe's German-HDT model (Straka and Straková, ÚFAL, CC BY-NC-SA 4.0)
3:7	14	er		12	εἶπεν		attached-word	attached	0.677	approved	0				SubjectPronoun of 'sprach', by the parse of UDPipe's German-HDT model (Straka and Straková, ÚFAL, CC BY-NC-SA 4.0)
3:9	15	Ich		11	λέγω		attached-word	attached	0.6682	approved	0				SubjectPronoun of 'sage', by the parse of UDPipe's German-HDT model (Straka and Straková, ÚFAL, CC BY-NC-SA 4.0)
3:10	2	ist		10	κεῖται		attached-word	attached	0.4231	approved	0				AuxiliaryVerb of 'gelegt', by the parse of UDPipe's German-HDT model (Straka and Straková, ÚFAL, CC BY-NC-SA 4.0)
3:11	27	wird		26	βαπτίσει		attached-word	attached	0.6795	approved	0				AuxiliaryVerb of 'taufen', by the parse of UDPipe's German-HDT model (Straka and Straková, ÚFAL, CC BY-NC-SA 4.0)
3:12	24	wird		24	κατακαύσει		attached-word	attached	0.7	approved	0				AuxiliaryVerb of 'verbrennen', by the parse of UDPipe's German-HDT model (Straka and Straková, ÚFAL, CC BY-NC-SA 4.0)
3:12	25	er		24	κατακαύσει		attached-word	attached	0.7	approved	0				SubjectPronoun of 'verbrennen', by the parse of UDPipe's German-HDT model (Straka and Straková, ÚFAL, CC BY-NC-SA 4.0)
3:14	15	werde		11	βαπτισθῆναι		attached-word	attached	0.7	approved	0				AuxiliaryVerb of 'getauft', by the parse of UDPipe's German-HDT model (Straka and Straková, ÚFAL, CC BY-NC-SA 4.0)
3:16	5	war		1	βαπτισθεὶς		attached-word	attached	0.7	approved	0				AuxiliaryVerb of 'getauft', by the parse of UDPipe's German-HDT model (Straka and Straková, ÚFAL, CC BY-NC-SA 4.0)
3:16	7	er		6	ἀνέβη		attached-word	attached	0.5875	approved	0				SubjectPronoun of 'stieg', by the parse of UDPipe's German-HDT model (Straka and Straková, ÚFAL, CC BY-NC-SA 4.0)
3:16	24	er		16	εἶδεν		attached-word	attached	0.6054	approved	0				SubjectPronoun of 'sah', by the parse of UDPipe's German-HDT model (Straka and Straková, ÚFAL, CC BY-NC-SA 4.0)
4:1	17	würde		11	πειρασθῆναι		attached-word	attached	0.6625	approved	0				AuxiliaryVerb of 'versucht', by the parse of UDPipe's German-HDT model (Straka and Straková, ÚFAL, CC BY-NC-SA 4.0)
4:6	26	sie		24	ἀροῦσίν		attached-word	attached	0.2909	approved	0				SubjectPronoun of 'tragen', by the parse of UDPipe's German-HDT model (Straka and Straková, ÚFAL, CC BY-NC-SA 4.0)
4:7	11	sollst		8	ἐκπειράσεις		attached-word	attached	0.3625	approved	0				AuxiliaryVerb of 'versuchen', by the parse of UDPipe's German-HDT model (Straka and Straková, ÚFAL, CC BY-NC-SA 4.0)
4:9	8	ich		7	δώσω		attached-word	attached	0.6318	approved	0				SubjectPronoun of 'geben', by the parse of UDPipe's German-HDT model (Straka and Straková, ÚFAL, CC BY-NC-SA 4.0)
4:10	17	sollst		18	λατρεύσεις		attached-word	attached	0.3786	approved	0				AuxiliaryVerb of 'dienen', by the parse of UDPipe's German-HDT model (Straka and Straková, ÚFAL, CC BY-NC-SA 4.0)
4:12	8	war		5	παρεδόθη		attached-word	attached	0.7	approved	0				AuxiliaryVerb of 'überantwortet', by the parse of UDPipe's German-HDT model (Straka and Straková, ÚFAL, CC BY-NC-SA 4.0)
4:14	4	würde		2	πληρωθῇ		attached-word	attached	0.5312	approved	0				AuxiliaryVerb of 'erfüllet', by the parse of UDPipe's German-HDT model (Straka and Straková, ÚFAL, CC BY-NC-SA 4.0)
4:14	8	ist		4	ῥηθὲν		attached-word	attached	0.2985	approved	0				AuxiliaryVerb of 'gesagt', by the parse of UDPipe's German-HDT model (Straka and Straková, ÚFAL, CC BY-NC-SA 4.0)
4:16	7	hat		8	εἶδεν		attached-word	attached	0.6308	approved	0				AuxiliaryVerb of 'gesehen', by the parse of UDPipe's German-HDT model (Straka and Straková, ÚFAL, CC BY-NC-SA 4.0)
4:17	17	ist		10	ἤγγικεν		attached-word	attached	0.7	approved	0				AuxiliaryVerb of 'herbeigekommen', by the parse of UDPipe's German-HDT model (Straka and Straková, ÚFAL, CC BY-NC-SA 4.0)
4:18	10	er		8	εἶδεν		attached-word	attached	0.6054	approved	0				SubjectPronoun of 'sah', by the parse of UDPipe's German-HDT model (Straka and Straková, ÚFAL, CC BY-NC-SA 4.0)
4:19	2	er		2	λέγει		attached-word	attached	0.6775	approved	0				SubjectPronoun of 'sprach', by the parse of UDPipe's German-HDT model (Straka and Straková, ÚFAL, CC BY-NC-SA 4.0)
4:19	9	ich		8	ποιήσω		attached-word	attached	0.3545	approved	0				SubjectPronoun of 'machen', by the parse of UDPipe's German-HDT model (Straka and Straková, ÚFAL, CC BY-NC-SA 4.0)
4:21	8	er		4	εἶδεν		attached-word	attached	0.6054	approved	0				SubjectPronoun of 'sah', by the parse of UDPipe's German-HDT model (Straka and Straková, ÚFAL, CC BY-NC-SA 4.0)
4:24	10	sie		11	προσήνεγκαν		attached-word	attached	0.3538	approved	0				SubjectPronoun of 'brachten', by the parse of UDPipe's German-HDT model (Straka and Straková, ÚFAL, CC BY-NC-SA 4.0)
5:2	8	sie		6	ἐδίδασκεν		attached-word	attached	0.6129	approved	0				SubjectPronoun of 'lehrte', by the parse of UDPipe's German-HDT model (Straka and Straková, ÚFAL, CC BY-NC-SA 4.0)
5:4	11	werden		6	παρακληθήσονται		attached-word	attached	0.5714	approved	0				AuxiliaryVerb of 'getröstet', by the parse of UDPipe's German-HDT model (Straka and Straková, ÚFAL, CC BY-NC-SA 4.0)
5:9	7	werden		8	κληθήσονται		attached-word	attached	0.5714	approved	0				AuxiliaryVerb of 'heißen', by the parse of UDPipe's German-HDT model (Straka and Straková, ÚFAL, CC BY-NC-SA 4.0)
5:10	8	werden		3	δεδιωγμένοι		attached-word	attached	0.625	approved	0				AuxiliaryVerb of 'verfolgt', by the parse of UDPipe's German-HDT model (Straka and Straková, ÚFAL, CC BY-NC-SA 4.0)
5:12	16	sie		14	ἐδίωξαν		attached-word	attached	0.625	approved	0				SubjectPronoun of 'verfolgt', by the parse of UDPipe's German-HDT model (Straka and Straková, ÚFAL, CC BY-NC-SA 4.0)
5:14	18	sein		10	κρυβῆναι		attached-word	attached	0.4107	approved	0				AuxiliaryVerb of 'verborgen', by the parse of UDPipe's German-HDT model (Straka and Straková, ÚFAL, CC BY-NC-SA 4.0)
5:16	10	sie		10	ἴδωσιν		attached-word	attached	0.5113	approved	0				SubjectPronoun of 'sehen', by the parse of UDPipe's German-HDT model (Straka and Straková, ÚFAL, CC BY-NC-SA 4.0)
5:17	1	Ihr		2	νομίσητε		attached-word	attached	0.475	approved	0				SubjectPronoun of 'wähnen', by the parse of UDPipe's German-HDT model (Straka and Straková, ÚFAL, CC BY-NC-SA 4.0)
5:17	2	sollt		2	νομίσητε		attached-word	attached	0.475	approved	0				AuxiliaryVerb of 'wähnen', by the parse of UDPipe's German-HDT model (Straka and Straková, ÚFAL, CC BY-NC-SA 4.0)
5:17	6	ich		4	ἦλθον		attached-word	attached	0.545	approved	0				SubjectPronoun of 'gekommen', by the parse of UDPipe's German-HDT model (Straka and Straková, ÚFAL, CC BY-NC-SA 4.0)
5:17	8	bin		4	ἦλθον		attached-word	attached	0.545	approved	0				AuxiliaryVerb of 'gekommen', by the parse of UDPipe's German-HDT model (Straka and Straková, ÚFAL, CC BY-NC-SA 4.0)
5:17	15	ich		12	ἦλθον		attached-word	attached	0.545	approved	0				SubjectPronoun of 'gekommen', by the parse of UDPipe's German-HDT model (Straka and Straková, ÚFAL, CC BY-NC-SA 4.0)
5:17	16	bin		12	ἦλθον		attached-word	attached	0.545	approved	0				AuxiliaryVerb of 'gekommen', by the parse of UDPipe's German-HDT model (Straka and Straková, ÚFAL, CC BY-NC-SA 4.0)
5:18	2	ich		3	λέγω		attached-word	attached	0.6691	approved	0				SubjectPronoun of 'sage', by the parse of UDPipe's German-HDT model (Straka and Straková, ÚFAL, CC BY-NC-SA 4.0)
5:20	2	ich		1	λέγω		attached-word	attached	0.6691	approved	0				SubjectPronoun of 'sage', by the parse of UDPipe's German-HDT model (Straka and Straková, ÚFAL, CC BY-NC-SA 4.0)
5:20	17	werdet		18	εἰσέλθητε		attached-word	attached	0.2891	approved	0				AuxiliaryVerb of 'kommen', by the parse of UDPipe's German-HDT model (Straka and Straková, ÚFAL, CC BY-NC-SA 4.0)
5:20	18	ihr		18	εἰσέλθητε		attached-word	attached	0.2891	approved	0				SubjectPronoun of 'kommen', by the parse of UDPipe's German-HDT model (Straka and Straková, ÚFAL, CC BY-NC-SA 4.0)
5:21	1	Ihr		1	Ἠκούσατε		attached-word	attached	0.6671	approved	0				SubjectPronoun of 'gehört', by the parse of UDPipe's German-HDT model (Straka and Straková, ÚFAL, CC BY-NC-SA 4.0)
5:21	2	habt		1	Ἠκούσατε		attached-word	attached	0.6671	approved	0				AuxiliaryVerb of 'gehört', by the parse of UDPipe's German-HDT model (Straka and Straková, ÚFAL, CC BY-NC-SA 4.0)
5:21	9	ist		3	ἐρρέθη		attached-word	attached	0.2985	approved	0				AuxiliaryVerb of 'gesagt', by the parse of UDPipe's German-HDT model (Straka and Straková, ÚFAL, CC BY-NC-SA 4.0)
5:25	7	du		9	εἶ		attached-word	attached	0.6036	approved	0				SubjectPronoun of 'bist', by the parse of UDPipe's German-HDT model (Straka and Straková, ÚFAL, CC BY-NC-SA 4.0)
5:25	33	wirst		31	βληθήσῃ		attached-word	attached	0.6786	approved	0				AuxiliaryVerb of 'geworfen', by the parse of UDPipe's German-HDT model (Straka and Straková, ÚFAL, CC BY-NC-SA 4.0)
5:26	1	Ich		2	λέγω		attached-word	attached	0.6691	approved	0				SubjectPronoun of 'sage', by the parse of UDPipe's German-HDT model (Straka and Straková, ÚFAL, CC BY-NC-SA 4.0)
5:27	1	Ihr		1	Ἠκούσατε		attached-word	attached	0.6671	approved	0				SubjectPronoun of 'gehört', by the parse of UDPipe's German-HDT model (Straka and Straková, ÚFAL, CC BY-NC-SA 4.0)
5:27	2	habt		1	Ἠκούσατε		attached-word	attached	0.6671	approved	0				AuxiliaryVerb of 'gehört', by the parse of UDPipe's German-HDT model (Straka and Straková, ÚFAL, CC BY-NC-SA 4.0)
5:27	9	ist		3	ἐρρέθη		attached-word	attached	0.2985	approved	0				AuxiliaryVerb of 'gesagt', by the parse of UDPipe's German-HDT model (Straka and Straková, ÚFAL, CC BY-NC-SA 4.0)
5:27	10	“Du		5	μοιχεύσεις		attached-word	attached	0.7	approved	0				SubjectPronoun of 'ehebrechen', by the parse of UDPipe's German-HDT model (Straka and Straková, ÚFAL, CC BY-NC-SA 4.0)
5:27	11	sollst		5	μοιχεύσεις		attached-word	attached	0.7	approved	0				AuxiliaryVerb of 'ehebrechen', by the parse of UDPipe's German-HDT model (Straka and Straková, ÚFAL, CC BY-NC-SA 4.0)
5:29	33	werde		31	βληθῇ		attached-word	attached	0.6786	approved	0				AuxiliaryVerb of 'geworfen', by the parse of UDPipe's German-HDT model (Straka and Straková, ÚFAL, CC BY-NC-SA 4.0)
5:30	33	werde		12	βάλε		attached-word	attached	0.6786	approved	0				AuxiliaryVerb of 'geworfen', by the parse of UDPipe's German-HDT model (Straka and Straková, ÚFAL, CC BY-NC-SA 4.0)
5:31	2	ist		1	Ἐρρέθη		attached-word	attached	0.2985	approved	0				AuxiliaryVerb of 'gesagt', by the parse of UDPipe's German-HDT model (Straka and Straková, ÚFAL, CC BY-NC-SA 4.0)
5:31	12	soll		9	δότω		attached-word	attached	0.6318	approved	0				AuxiliaryVerb of 'geben', by the parse of UDPipe's German-HDT model (Straka and Straková, ÚFAL, CC BY-NC-SA 4.0)
5:33	1	Ihr		2	ἠκούσατε		attached-word	attached	0.6671	approved	0				SubjectPronoun of 'gehört', by the parse of UDPipe's German-HDT model (Straka and Straková, ÚFAL, CC BY-NC-SA 4.0)
5:33	2	habt		2	ἠκούσατε		attached-word	attached	0.6671	approved	0				AuxiliaryVerb of 'gehört', by the parse of UDPipe's German-HDT model (Straka and Straková, ÚFAL, CC BY-NC-SA 4.0)
5:36	2	sollst		6	ὀμόσῃς		attached-word	attached	0.7	approved	0				AuxiliaryVerb of 'schwören', by the parse of UDPipe's German-HDT model (Straka and Straková, ÚFAL, CC BY-NC-SA 4.0)
5:36	3	du		6	ὀμόσῃς		attached-word	attached	0.7	approved	0				SubjectPronoun of 'schwören', by the parse of UDPipe's German-HDT model (Straka and Straková, ÚFAL, CC BY-NC-SA 4.0)
5:38	2	habt		1	Ἠκούσατε		attached-word	attached	0.6671	approved	0				AuxiliaryVerb of 'gehört', by the parse of UDPipe's German-HDT model (Straka and Straková, ÚFAL, CC BY-NC-SA 4.0)
5:38	7	ist		3	ἐρρέθη		attached-word	attached	0.2985	approved	0				AuxiliaryVerb of 'gesagt', by the parse of UDPipe's German-HDT model (Straka and Straková, ÚFAL, CC BY-NC-SA 4.0)
5:43	1	Ihr		1	Ἠκούσατε		attached-word	attached	0.6671	approved	0				SubjectPronoun of 'gehört', by the parse of UDPipe's German-HDT model (Straka and Straková, ÚFAL, CC BY-NC-SA 4.0)
5:43	2	habt		1	Ἠκούσατε		attached-word	attached	0.6671	approved	0				AuxiliaryVerb of 'gehört', by the parse of UDPipe's German-HDT model (Straka and Straková, ÚFAL, CC BY-NC-SA 4.0)
5:43	6	ist		3	ἐρρέθη		attached-word	attached	0.2985	approved	0				AuxiliaryVerb of 'gesagt', by the parse of UDPipe's German-HDT model (Straka and Straková, ÚFAL, CC BY-NC-SA 4.0)
6:2	25	sie		21	δοξασθῶσιν		attached-word	attached	0.7	approved	0				SubjectPronoun of 'gepriesen', by the parse of UDPipe's German-HDT model (Straka and Straková, ÚFAL, CC BY-NC-SA 4.0)
6:2	30	werden		21	δοξασθῶσιν		attached-word	attached	0.7	approved	0				AuxiliaryVerb of 'gepriesen', by the parse of UDPipe's German-HDT model (Straka and Straková, ÚFAL, CC BY-NC-SA 4.0)
6:2	32	ich		26	λέγω		attached-word	attached	0.6675	approved	0				SubjectPronoun of 'sage', by the parse of UDPipe's German-HDT model (Straka and Straková, ÚFAL, CC BY-NC-SA 4.0)
6:5	37	ich		27	λέγω		attached-word	attached	0.6675	approved	0				SubjectPronoun of 'sage', by the parse of UDPipe's German-HDT model (Straka and Straková, ÚFAL, CC BY-NC-SA 4.0)
6:7	16	sie		15	εἰσακουσθήσονται		attached-word	attached	0.52	approved	0				SubjectPronoun of 'erhört', by the parse of UDPipe's German-HDT model (Straka and Straková, ÚFAL, CC BY-NC-SA 4.0)
6:7	17	werden		15	εἰσακουσθήσονται		attached-word	attached	0.52	approved	0				AuxiliaryVerb of 'erhört', by the parse of UDPipe's German-HDT model (Straka and Straková, ÚFAL, CC BY-NC-SA 4.0)
6:9	2	sollt		3	προσεύχεσθε		attached-word	attached	0.5239	approved	0				AuxiliaryVerb of 'beten', by the parse of UDPipe's German-HDT model (Straka and Straková, ÚFAL, CC BY-NC-SA 4.0)
6:9	13	werde		11	Ἁγιασθήτω		attached-word	attached	0.6182	approved	0				AuxiliaryVerb of 'geheiligt', by the parse of UDPipe's German-HDT model (Straka and Straková, ÚFAL, CC BY-NC-SA 4.0)
6:14	10	wird		9	ἀφήσει		attached-word	attached	0.6812	approved	0				AuxiliaryVerb of 'vergeben', by the parse of UDPipe's German-HDT model (Straka and Straková, ÚFAL, CC BY-NC-SA 4.0)
6:15	11	wird		11	ἀφήσει		attached-word	attached	0.6812	approved	0				AuxiliaryVerb of 'vergeben', by the parse of UDPipe's German-HDT model (Straka and Straková, ÚFAL, CC BY-NC-SA 4.0)
6:16	2	ihr		3	νηστεύητε		attached-word	attached	0.475	approved	0				SubjectPronoun of 'fastet', by the parse of UDPipe's German-HDT model (Straka and Straková, ÚFAL, CC BY-NC-SA 4.0)
6:16	19	sie		16	φανῶσιν		attached-word	attached	0.7	approved	0				SubjectPronoun of 'scheinen', by the parse of UDPipe's German-HDT model (Straka and Straková, ÚFAL, CC BY-NC-SA 4.0)
6:16	28	ich		21	λέγω		attached-word	attached	0.6675	approved	0				SubjectPronoun of 'sage', by the parse of UDPipe's German-HDT model (Straka and Straková, ÚFAL, CC BY-NC-SA 4.0)
6:19	3	euch		2	θησαυρίζετε		attached-word	attached	0.3	approved	0				SubjectPronoun of 'sammeln', by the parse of UDPipe's German-HDT model (Straka and Straková, ÚFAL, CC BY-NC-SA 4.0)
6:24	7	er		10	μισήσει		attached-word	attached	0.6591	approved	0				SubjectPronoun of 'hassen', by the parse of UDPipe's German-HDT model (Straka and Straková, ÚFAL, CC BY-NC-SA 4.0)
6:24	17	er		17	ἀνθέξεται		attached-word	attached	0.4	approved	0				SubjectPronoun of 'anhangen', by the parse of UDPipe's German-HDT model (Straka and Straková, ÚFAL, CC BY-NC-SA 4.0)
6:24	18	wird		17	ἀνθέξεται		attached-word	attached	0.4	approved	0				AuxiliaryVerb of 'anhangen', by the parse of UDPipe's German-HDT model (Straka and Straková, ÚFAL, CC BY-NC-SA 4.0)
6:25	3	ich		3	λέγω		attached-word	attached	0.6675	approved	0				SubjectPronoun of 'sage', by the parse of UDPipe's German-HDT model (Straka and Straková, ÚFAL, CC BY-NC-SA 4.0)
6:25	15	werdet		11	φάγητε		attached-word	attached	0.5455	approved	0				AuxiliaryVerb of 'essen', by the parse of UDPipe's German-HDT model (Straka and Straková, ÚFAL, CC BY-NC-SA 4.0)
6:25	24	werdet		20	ἐνδύσησθε		attached-word	attached	0.7	approved	0				AuxiliaryVerb of 'anziehen', by the parse of UDPipe's German-HDT model (Straka and Straková, ÚFAL, CC BY-NC-SA 4.0)
6:26	8	sie		9	σπείρουσιν		attached-word	attached	0.7	approved	0				SubjectPronoun of 'säen', by the parse of UDPipe's German-HDT model (Straka and Straková, ÚFAL, CC BY-NC-SA 4.0)
6:26	14	sie		13	συνάγουσιν		attached-word	attached	0.45	approved	0				SubjectPronoun of 'sammeln', by the parse of UDPipe's German-HDT model (Straka and Straková, ÚFAL, CC BY-NC-SA 4.0)
6:28	15	sie		12	αὐξάνουσιν		attached-word	attached	0.5875	approved	0				SubjectPronoun of 'wachsen', by the parse of UDPipe's German-HDT model (Straka and Straková, ÚFAL, CC BY-NC-SA 4.0)
6:28	17	sie		14	κοπιῶσιν		attached-word	attached	0.475	approved	0				SubjectPronoun of 'arbeiten', by the parse of UDPipe's German-HDT model (Straka and Straková, ÚFAL, CC BY-NC-SA 4.0)
6:29	1	Ich		1	λέγω		attached-word	attached	0.6675	approved	0				SubjectPronoun of 'sage', by the parse of UDPipe's German-HDT model (Straka and Straková, ÚFAL, CC BY-NC-SA 4.0)
6:29	13	gewesen		12	περιεβάλετο		attached-word	attached	0.5364	approved	0				AuxiliaryVerb of 'bekleidet', by the parse of UDPipe's German-HDT model (Straka and Straková, ÚFAL, CC BY-NC-SA 4.0)
6:29	14	ist		12	περιεβάλετο		attached-word	attached	0.5364	approved	0				AuxiliaryVerb of 'bekleidet', by the parse of UDPipe's German-HDT model (Straka and Straková, ÚFAL, CC BY-NC-SA 4.0)
6:30	21	wird		13	βαλλόμενον		attached-word	attached	0.6812	approved	0				AuxiliaryVerb of 'geworfen', by the parse of UDPipe's German-HDT model (Straka and Straková, ÚFAL, CC BY-NC-SA 4.0)
6:31	2	sollt		3	μεριμνήσητε		attached-word	attached	0.34	approved	0				AuxiliaryVerb of 'sorgen', by the parse of UDPipe's German-HDT model (Straka and Straková, ÚFAL, CC BY-NC-SA 4.0)
6:31	3	ihr		3	μεριμνήσητε		attached-word	attached	0.34	approved	0				SubjectPronoun of 'sorgen', by the parse of UDPipe's German-HDT model (Straka and Straková, ÚFAL, CC BY-NC-SA 4.0)
6:31	9	werden		6	φάγωμεν		attached-word	attached	0.5455	approved	0				AuxiliaryVerb of 'essen', by the parse of UDPipe's German-HDT model (Straka and Straková, ÚFAL, CC BY-NC-SA 4.0)
6:31	10	wir		6	φάγωμεν		attached-word	attached	0.5455	approved	0				SubjectPronoun of 'essen', by the parse of UDPipe's German-HDT model (Straka and Straková, ÚFAL, CC BY-NC-SA 4.0)
6:31	13	werden		9	πίωμεν		attached-word	attached	0.685	approved	0				AuxiliaryVerb of 'trinken', by the parse of UDPipe's German-HDT model (Straka and Straková, ÚFAL, CC BY-NC-SA 4.0)
6:31	14	wir		9	πίωμεν		attached-word	attached	0.685	approved	0				SubjectPronoun of 'trinken', by the parse of UDPipe's German-HDT model (Straka and Straková, ÚFAL, CC BY-NC-SA 4.0)
6:34	12	wird		10	μεριμνήσει		attached-word	attached	0.34	approved	0				AuxiliaryVerb of 'sorgen', by the parse of UDPipe's German-HDT model (Straka and Straková, ÚFAL, CC BY-NC-SA 4.0)
7:1	5	ihr		5	κριθῆτε		attached-word	attached	0.55	approved	0				SubjectPronoun of 'gerichtet', by the parse of UDPipe's German-HDT model (Straka and Straková, ÚFAL, CC BY-NC-SA 4.0)
7:1	8	werdet		5	κριθῆτε		attached-word	attached	0.55	approved	0				AuxiliaryVerb of 'gerichtet', by the parse of UDPipe's German-HDT model (Straka and Straková, ÚFAL, CC BY-NC-SA 4.0)
7:2	7	werdet		6	κριθήσεσθε		attached-word	attached	0.55	approved	0				AuxiliaryVerb of 'gerichtet', by the parse of UDPipe's German-HDT model (Straka and Straková, ÚFAL, CC BY-NC-SA 4.0)
7:2	10	werden		6	κριθήσεσθε		attached-word	attached	0.55	approved	0				AuxiliaryVerb of 'gerichtet', by the parse of UDPipe's German-HDT model (Straka and Straková, ÚFAL, CC BY-NC-SA 4.0)
7:4	10	ich		8	ἐκβάλω		attached-word	attached	0.3175	approved	0				SubjectPronoun of 'ziehen', by the parse of UDPipe's German-HDT model (Straka and Straková, ÚFAL, CC BY-NC-SA 4.0)
7:5	1	Du		2	ἔκβαλε		attached-word	attached	0.4429	approved	0				SubjectPronoun of 'zieh', by the parse of UDPipe's German-HDT model (Straka and Straková, ÚFAL, CC BY-NC-SA 4.0)
7:6	1	Ihr		2	δῶτε		attached-word	attached	0.6304	approved	0				SubjectPronoun of 'geben', by the parse of UDPipe's German-HDT model (Straka and Straková, ÚFAL, CC BY-NC-SA 4.0)
7:6	2	sollt		2	δῶτε		attached-word	attached	0.6304	approved	0				AuxiliaryVerb of 'geben', by the parse of UDPipe's German-HDT model (Straka and Straková, ÚFAL, CC BY-NC-SA 4.0)
7:7	3	wird		3	δοθήσεται		attached-word	attached	0.6471	approved	0				AuxiliaryVerb of 'gegeben', by the parse of UDPipe's German-HDT model (Straka and Straková, ÚFAL, CC BY-NC-SA 4.0)
7:7	8	werdet		7	εὑρήσετε		attached-word	attached	0.7	approved	0				AuxiliaryVerb of 'finden', by the parse of UDPipe's German-HDT model (Straka and Straková, ÚFAL, CC BY-NC-SA 4.0)
7:7	14	wird		10	ἀνοιγήσεται		attached-word	attached	0.7	approved	0				AuxiliaryVerb of 'aufgetan', by the parse of UDPipe's German-HDT model (Straka and Straková, ÚFAL, CC BY-NC-SA 4.0)
7:8	18	wird		13	ἀνοιγήσεται		attached-word	attached	0.7	approved	0				AuxiliaryVerb of 'aufgetan', by the parse of UDPipe's German-HDT model (Straka and Straková, ÚFAL, CC BY-NC-SA 4.0)
7:10	3	er		4	αἰτήσει		attached-word	attached	0.5269	approved	0				SubjectPronoun of 'bittet', by the parse of UDPipe's German-HDT model (Straka and Straková, ÚFAL, CC BY-NC-SA 4.0)
7:12	11	sollen		7	ποιῶσιν		attached-word	attached	0.5644	approved	0				AuxiliaryVerb of 'tun', by the parse of UDPipe's German-HDT model (Straka and Straková, ÚFAL, CC BY-NC-SA 4.0)
7:16	4	sollt		5	ἐπιγνώσεσθε		attached-word	attached	0.295	approved	0				AuxiliaryVerb of 'erkennen', by the parse of UDPipe's German-HDT model (Straka and Straková, ÚFAL, CC BY-NC-SA 4.0)
7:16	5	ihr		5	ἐπιγνώσεσθε		attached-word	attached	0.295	approved	0				SubjectPronoun of 'erkennen', by the parse of UDPipe's German-HDT model (Straka and Straková, ÚFAL, CC BY-NC-SA 4.0)
7:20	5	sollt		6	ἐπιγνώσεσθε		attached-word	attached	0.295	approved	0				AuxiliaryVerb of 'erkennen', by the parse of UDPipe's German-HDT model (Straka and Straková, ÚFAL, CC BY-NC-SA 4.0)
7:20	6	ihr		6	ἐπιγνώσεσθε		attached-word	attached	0.295	approved	0				SubjectPronoun of 'erkennen', by the parse of UDPipe's German-HDT model (Straka and Straková, ÚFAL, CC BY-NC-SA 4.0)
7:22	12	haben		14	ἐπροφητεύσαμεν		attached-word	attached	0.7	approved	0				AuxiliaryVerb of 'geweissagt', by the parse of UDPipe's German-HDT model (Straka and Straková, ÚFAL, CC BY-NC-SA 4.0)
7:22	13	wir		14	ἐπροφητεύσαμεν		attached-word	attached	0.7	approved	0				SubjectPronoun of 'geweissagt', by the parse of UDPipe's German-HDT model (Straka and Straková, ÚFAL, CC BY-NC-SA 4.0)
7:22	28	haben		27	ἐποιήσαμεν		attached-word	attached	0.5138	approved	0				AuxiliaryVerb of 'getan', by the parse of UDPipe's German-HDT model (Straka and Straková, ÚFAL, CC BY-NC-SA 4.0)
7:22	29	wir		27	ἐποιήσαμεν		attached-word	attached	0.5138	approved	0				SubjectPronoun of 'getan', by the parse of UDPipe's German-HDT model (Straka and Straková, ÚFAL, CC BY-NC-SA 4.0)
7:23	2	werde		3	ὁμολογήσω		attached-word	attached	0.55	approved	0				AuxiliaryVerb of 'bekennen', by the parse of UDPipe's German-HDT model (Straka and Straková, ÚFAL, CC BY-NC-SA 4.0)
7:23	3	ich		3	ὁμολογήσω		attached-word	attached	0.55	approved	0				SubjectPronoun of 'bekennen', by the parse of UDPipe's German-HDT model (Straka and Straková, ÚFAL, CC BY-NC-SA 4.0)
7:23	6	Ich		7	ἔγνων		attached-word	attached	0.61	approved	0				SubjectPronoun of 'erkannt', by the parse of UDPipe's German-HDT model (Straka and Straková, ÚFAL, CC BY-NC-SA 4.0)
7:23	7	habe		7	ἔγνων		attached-word	attached	0.61	approved	0				AuxiliaryVerb of 'erkannt', by the parse of UDPipe's German-HDT model (Straka and Straková, ÚFAL, CC BY-NC-SA 4.0)
7:25	25	war		21	τεθεμελίωτο		attached-word	attached	0.7	approved	0				AuxiliaryVerb of 'gegründet', by the parse of UDPipe's German-HDT model (Straka and Straková, ÚFAL, CC BY-NC-SA 4.0)
7:28	10	hatte		4	ἐτέλεσεν		attached-word	attached	0.4	approved	0				AuxiliaryVerb of 'vollendet', by the parse of UDPipe's German-HDT model (Straka and Straková, ÚFAL, CC BY-NC-SA 4.0)
8:9	32	er		22	ἔρχεται		attached-word	attached	0.5857	approved	0				SubjectPronoun of 'kommt', by the parse of UDPipe's German-HDT model (Straka and Straková, ÚFAL, CC BY-NC-SA 4.0)
8:10	6	er		5	ἐθαύμασεν		attached-word	attached	0.5875	approved	0				SubjectPronoun of 'verwunderte', by the parse of UDPipe's German-HDT model (Straka and Straková, ÚFAL, CC BY-NC-SA 4.0)
8:10	16	ich		11	λέγω		attached-word	attached	0.6677	approved	0				SubjectPronoun of 'sage', by the parse of UDPipe's German-HDT model (Straka and Straková, ÚFAL, CC BY-NC-SA 4.0)
8:10	21	habe		20	εὗρον		attached-word	attached	0.7	approved	0				AuxiliaryVerb of 'gefunden', by the parse of UDPipe's German-HDT model (Straka and Straková, ÚFAL, CC BY-NC-SA 4.0)
8:10	22	ich		20	εὗρον		attached-word	attached	0.7	approved	0				SubjectPronoun of 'gefunden', by the parse of UDPipe's German-HDT model (Straka and Straková, ÚFAL, CC BY-NC-SA 4.0)
8:11	2	ich		1	λέγω		attached-word	attached	0.6677	approved	0				SubjectPronoun of 'sage', by the parse of UDPipe's German-HDT model (Straka and Straková, ÚFAL, CC BY-NC-SA 4.0)
8:13	12	du		9	ἐπίστευσας		attached-word	attached	0.6654	approved	0				SubjectPronoun of 'geglaubt', by the parse of UDPipe's German-HDT model (Straka and Straková, ÚFAL, CC BY-NC-SA 4.0)
8:13	14	hast		9	ἐπίστευσας		attached-word	attached	0.6654	approved	0				AuxiliaryVerb of 'geglaubt', by the parse of UDPipe's German-HDT model (Straka and Straková, ÚFAL, CC BY-NC-SA 4.0)
8:16	5	sie		4	προσήνεγκαν		attached-word	attached	0.3538	approved	0				SubjectPronoun of 'brachten', by the parse of UDPipe's German-HDT model (Straka and Straková, ÚFAL, CC BY-NC-SA 4.0)
8:16	11	er		9	ἐξέβαλεν		attached-word	attached	0.475	approved	0				SubjectPronoun of 'trieb', by the parse of UDPipe's German-HDT model (Straka and Straková, ÚFAL, CC BY-NC-SA 4.0)
8:17	4	würde		2	πληρωθῇ		attached-word	attached	0.625	approved	0				AuxiliaryVerb of 'erfüllt', by the parse of UDPipe's German-HDT model (Straka and Straková, ÚFAL, CC BY-NC-SA 4.0)
8:17	7	ist		4	ῥηθὲν		attached-word	attached	0.2985	approved	0				AuxiliaryVerb of 'gesagt', by the parse of UDPipe's German-HDT model (Straka and Straková, ÚFAL, CC BY-NC-SA 4.0)
8:18	10	er		8	ἐκέλευσεν		attached-word	attached	0.4446	approved	0				SubjectPronoun of 'hieß', by the parse of UDPipe's German-HDT model (Straka and Straková, ÚFAL, CC BY-NC-SA 4.0)
8:19	13	ich		8	ἀκολουθήσω		attached-word	attached	0.6357	approved	0				SubjectPronoun of 'folgen', by the parse of UDPipe's German-HDT model (Straka and Straková, ÚFAL, CC BY-NC-SA 4.0)
8:20	24	er		26	κλίνῃ		attached-word	attached	0.2821	approved	0				SubjectPronoun of 'lege', by the parse of UDPipe's German-HDT model (Straka and Straková, ÚFAL, CC BY-NC-SA 4.0)
8:25	16	wir		8	ἀπολλύμεθα		attached-word	attached	0.4	approved	0				SubjectPronoun of 'verderben', by the parse of UDPipe's German-HDT model (Straka and Straková, ÚFAL, CC BY-NC-SA 4.0)
8:31	9	du		8	ἐκβάλλεις		attached-word	attached	0.7	approved	0				SubjectPronoun of 'austreiben', by the parse of UDPipe's German-HDT model (Straka and Straková, ÚFAL, CC BY-NC-SA 4.0)
8:32	2	er		2	εἶπεν		attached-word	attached	0.6773	approved	0				SubjectPronoun of 'sprach', by the parse of UDPipe's German-HDT model (Straka and Straková, ÚFAL, CC BY-NC-SA 4.0)
8:34	17	sie		14	παρεκάλεσαν		attached-word	attached	0.4563	approved	0				SubjectPronoun of 'baten', by the parse of UDPipe's German-HDT model (Straka and Straková, ÚFAL, CC BY-NC-SA 4.0)
9:2	5	sie		3	προσέφερον		attached-word	attached	0.3538	approved	0				SubjectPronoun of 'brachten', by the parse of UDPipe's German-HDT model (Straka and Straková, ÚFAL, CC BY-NC-SA 4.0)
9:2	22	er		16	εἶπεν		attached-word	attached	0.6768	approved	0				SubjectPronoun of 'sprach', by the parse of UDPipe's German-HDT model (Straka and Straková, ÚFAL, CC BY-NC-SA 4.0)
9:2	32	sind		21	ἀφίενταί		attached-word	attached	0.6812	approved	0				AuxiliaryVerb of 'vergeben', by the parse of UDPipe's German-HDT model (Straka and Straková, ÚFAL, CC BY-NC-SA 4.0)
9:8	18	hat		11	δόντα		attached-word	attached	0.6475	approved	0				AuxiliaryVerb of 'gegeben', by the parse of UDPipe's German-HDT model (Straka and Straková, ÚFAL, CC BY-NC-SA 4.0)
9:9	8	er		6	εἶδεν		attached-word	attached	0.6047	approved	0				SubjectPronoun of 'sah', by the parse of UDPipe's German-HDT model (Straka and Straková, ÚFAL, CC BY-NC-SA 4.0)
9:9	18	er		15	λέγει		attached-word	attached	0.6768	approved	0				SubjectPronoun of 'sprach', by the parse of UDPipe's German-HDT model (Straka and Straková, ÚFAL, CC BY-NC-SA 4.0)
9:11	7	sie		5	ἔλεγον		attached-word	attached	0.681	approved	0				SubjectPronoun of 'sprachen', by the parse of UDPipe's German-HDT model (Straka and Straková, ÚFAL, CC BY-NC-SA 4.0)
9:12	6	er		4	εἶπεν		attached-word	attached	0.6768	approved	0				SubjectPronoun of 'sprach', by the parse of UDPipe's German-HDT model (Straka and Straková, ÚFAL, CC BY-NC-SA 4.0)
9:13	18	Ich		13	ἦλθον		attached-word	attached	0.545	approved	0				SubjectPronoun of 'gekommen', by the parse of UDPipe's German-HDT model (Straka and Straková, ÚFAL, CC BY-NC-SA 4.0)
9:15	18	wird		20	ἐλεύσονται		attached-word	attached	0.5467	approved	0				AuxiliaryVerb of 'kommen', by the parse of UDPipe's German-HDT model (Straka and Straková, ÚFAL, CC BY-NC-SA 4.0)
9:15	31	werden		31	νηστεύσουσιν		attached-word	attached	0.6	approved	0				AuxiliaryVerb of 'fasten', by the parse of UDPipe's German-HDT model (Straka and Straková, ÚFAL, CC BY-NC-SA 4.0)
9:15	32	sie		31	νηστεύσουσιν		attached-word	attached	0.6	approved	0				SubjectPronoun of 'fasten', by the parse of UDPipe's German-HDT model (Straka and Straková, ÚFAL, CC BY-NC-SA 4.0)
9:17	16	wird		17	ἐκχεῖται		attached-word	attached	0.7	approved	0				AuxiliaryVerb of 'verschüttet', by the parse of UDPipe's German-HDT model (Straka and Straková, ÚFAL, CC BY-NC-SA 4.0)
9:18	23	ist		17	ἐτελεύτησεν		attached-word	attached	0.3	approved	0				AuxiliaryVerb of 'gestorben', by the parse of UDPipe's German-HDT model (Straka and Straková, ÚFAL, CC BY-NC-SA 4.0)
9:21	2	sie		1	ἔλεγεν		attached-word	attached	0.6768	approved	0				SubjectPronoun of 'sprach', by the parse of UDPipe's German-HDT model (Straka and Straková, ÚFAL, CC BY-NC-SA 4.0)
9:21	8	ich		7	ἅψωμαι		attached-word	attached	0.55	approved	0				SubjectPronoun of 'anrühren', by the parse of UDPipe's German-HDT model (Straka and Straková, ÚFAL, CC BY-NC-SA 4.0)
9:22	17	hat		17	ἐσώθη		attached-word	attached	0.6591	approved	0				AuxiliaryVerb of 'geholfen', by the parse of UDPipe's German-HDT model (Straka and Straková, ÚFAL, CC BY-NC-SA 4.0)
9:24	2	er		1	ἔλεγεν		attached-word	attached	0.6768	approved	0				SubjectPronoun of 'sprach', by the parse of UDPipe's German-HDT model (Straka and Straková, ÚFAL, CC BY-NC-SA 4.0)
9:28	25	sie		20	λέγουσιν		attached-word	attached	0.681	approved	0				SubjectPronoun of 'sprachen', by the parse of UDPipe's German-HDT model (Straka and Straková, ÚFAL, CC BY-NC-SA 4.0)
9:29	3	er		2	ἥψατο		attached-word	attached	0.7	approved	0				SubjectPronoun of 'rührte', by the parse of UDPipe's German-HDT model (Straka and Straková, ÚFAL, CC BY-NC-SA 4.0)
9:32	9	sie		5	προσήνεγκαν		attached-word	attached	0.3538	approved	0				SubjectPronoun of 'brachten', by the parse of UDPipe's German-HDT model (Straka and Straková, ÚFAL, CC BY-NC-SA 4.0)
9:34	5	Er		10	ἐκβάλλει		attached-word	attached	0.4	approved	0				SubjectPronoun of 'treibt', by the parse of UDPipe's German-HDT model (Straka and Straková, ÚFAL, CC BY-NC-SA 4.0)
9:37	3	er		2	λέγει		attached-word	attached	0.6768	approved	0				SubjectPronoun of 'sprach', by the parse of UDPipe's German-HDT model (Straka and Straková, ÚFAL, CC BY-NC-SA 4.0)
10:7	9	ist		6	Ἤγγικεν		attached-word	attached	0.7	approved	0				AuxiliaryVerb of 'herbeigekommen', by the parse of UDPipe's German-HDT model (Straka and Straková, ÚFAL, CC BY-NC-SA 4.0)
10:13	8	wird		8	ἐλθάτω		attached-word	attached	0.55	approved	0				AuxiliaryVerb of 'kommen', by the parse of UDPipe's German-HDT model (Straka and Straková, ÚFAL, CC BY-NC-SA 4.0)
10:14	7	wird		5	δέξηται		attached-word	attached	0.34	approved	0				AuxiliaryVerb of 'annehmen', by the parse of UDPipe's German-HDT model (Straka and Straková, ÚFAL, CC BY-NC-SA 4.0)
10:15	2	ich		2	λέγω		attached-word	attached	0.6677	approved	0				SubjectPronoun of 'sage', by the parse of UDPipe's German-HDT model (Straka and Straková, ÚFAL, CC BY-NC-SA 4.0)
10:17	2	euch		1	Προσέχετε		attached-word	attached	0.5875	approved	0				SubjectPronoun of 'Hütet', by the parse of UDPipe's German-HDT model (Straka and Straková, ÚFAL, CC BY-NC-SA 4.0)
10:17	7	sie		6	παραδώσουσιν		attached-word	attached	0.7	approved	0				SubjectPronoun of 'überantworten', by the parse of UDPipe's German-HDT model (Straka and Straková, ÚFAL, CC BY-NC-SA 4.0)
10:19	2	sie		3	παραδῶσιν		attached-word	attached	0.7	approved	0				SubjectPronoun of 'überantworten', by the parse of UDPipe's German-HDT model (Straka and Straková, ÚFAL, CC BY-NC-SA 4.0)
10:19	15	sollt		10	λαλήσητε		attached-word	attached	0.542	approved	0				AuxiliaryVerb of 'reden', by the parse of UDPipe's German-HDT model (Straka and Straková, ÚFAL, CC BY-NC-SA 4.0)
10:19	24	werden		11	δοθήσεται		attached-word	attached	0.6475	approved	0				AuxiliaryVerb of 'gegeben', by the parse of UDPipe's German-HDT model (Straka and Straková, ÚFAL, CC BY-NC-SA 4.0)
10:19	28	sollt		19	λαλήσητε		attached-word	attached	0.542	approved	0				AuxiliaryVerb of 'reden', by the parse of UDPipe's German-HDT model (Straka and Straková, ÚFAL, CC BY-NC-SA 4.0)
10:22	5	werden		2	ἔσεσθε		attached-word	attached	0.7	approved	0				AuxiliaryVerb of 'gehaßt', by the parse of UDPipe's German-HDT model (Straka and Straková, ÚFAL, CC BY-NC-SA 4.0)
10:23	2	sie		3	διώκωσιν		attached-word	attached	0.7	approved	0				SubjectPronoun of 'verfolgen', by the parse of UDPipe's German-HDT model (Straka and Straková, ÚFAL, CC BY-NC-SA 4.0)
10:23	15	ich		15	λέγω		attached-word	attached	0.6677	approved	0				SubjectPronoun of 'sage', by the parse of UDPipe's German-HDT model (Straka and Straková, ÚFAL, CC BY-NC-SA 4.0)
10:26	25	werde		16	γνωσθήσεται		attached-word	attached	0.3665	approved	0				AuxiliaryVerb of 'wissen', by the parse of UDPipe's German-HDT model (Straka and Straková, ÚFAL, CC BY-NC-SA 4.0)
10:27	2	ich		2	λέγω		attached-word	attached	0.6677	approved	0				SubjectPronoun of 'sage', by the parse of UDPipe's German-HDT model (Straka and Straková, ÚFAL, CC BY-NC-SA 4.0)
10:30	3	sind		10	εἰσίν		attached-word	attached	0.475	approved	0				AuxiliaryVerb of 'gezählt', by the parse of UDPipe's German-HDT model (Straka and Straková, ÚFAL, CC BY-NC-SA 4.0)
10:34	1	Ihr		2	νομίσητε		attached-word	attached	0.475	approved	0				SubjectPronoun of 'wähnen', by the parse of UDPipe's German-HDT model (Straka and Straková, ÚFAL, CC BY-NC-SA 4.0)
10:34	2	sollt		2	νομίσητε		attached-word	attached	0.475	approved	0				AuxiliaryVerb of 'wähnen', by the parse of UDPipe's German-HDT model (Straka and Straková, ÚFAL, CC BY-NC-SA 4.0)
10:34	6	ich		4	ἦλθον		attached-word	attached	0.5433	approved	0				SubjectPronoun of 'gekommen', by the parse of UDPipe's German-HDT model (Straka and Straková, ÚFAL, CC BY-NC-SA 4.0)
10:34	8	sei		4	ἦλθον		attached-word	attached	0.5433	approved	0				AuxiliaryVerb of 'gekommen', by the parse of UDPipe's German-HDT model (Straka and Straková, ÚFAL, CC BY-NC-SA 4.0)
10:34	15	Ich		11	ἦλθον		attached-word	attached	0.5433	approved	0				SubjectPronoun of 'gekommen', by the parse of UDPipe's German-HDT model (Straka and Straková, ÚFAL, CC BY-NC-SA 4.0)
10:34	16	bin		11	ἦλθον		attached-word	attached	0.5433	approved	0				AuxiliaryVerb of 'gekommen', by the parse of UDPipe's German-HDT model (Straka and Straková, ÚFAL, CC BY-NC-SA 4.0)
10:35	2	ich		1	ἦλθον		attached-word	attached	0.5433	approved	0				SubjectPronoun of 'gekommen', by the parse of UDPipe's German-HDT model (Straka and Straková, ÚFAL, CC BY-NC-SA 4.0)
10:35	3	bin		1	ἦλθον		attached-word	attached	0.5433	approved	0				AuxiliaryVerb of 'gekommen', by the parse of UDPipe's German-HDT model (Straka and Straková, ÚFAL, CC BY-NC-SA 4.0)
10:40	19	hat		12	ἀποστείλαντά		attached-word	attached	0.5125	approved	0				AuxiliaryVerb of 'gesandt', by the parse of UDPipe's German-HDT model (Straka and Straková, ÚFAL, CC BY-NC-SA 4.0)
10:41	10	wird		9	λήμψεται		attached-word	attached	0.5594	approved	0				AuxiliaryVerb of 'empfangen', by the parse of UDPipe's German-HDT model (Straka and Straková, ÚFAL, CC BY-NC-SA 4.0)
10:41	24	wird		19	λήμψεται		attached-word	attached	0.5594	approved	0				AuxiliaryVerb of 'empfangen', by the parse of UDPipe's German-HDT model (Straka and Straková, ÚFAL, CC BY-NC-SA 4.0)
10:42	18	ich		16	λέγω		attached-word	attached	0.6677	approved	0				SubjectPronoun of 'sage', by the parse of UDPipe's German-HDT model (Straka and Straková, ÚFAL, CC BY-NC-SA 4.0)
11:1	14	hatte		4	ἐτέλεσεν		attached-word	attached	0.4	approved	0				AuxiliaryVerb of 'vollendet', by the parse of UDPipe's German-HDT model (Straka and Straková, ÚFAL, CC BY-NC-SA 4.0)
11:3	13	wir		9	προσδοκῶμεν		attached-word	attached	0.3143	approved	0				SubjectPronoun of 'warten', by the parse of UDPipe's German-HDT model (Straka and Straková, ÚFAL, CC BY-NC-SA 4.0)
11:4	14	ihr		13	βλέπετε		attached-word	attached	0.4	approved	0				SubjectPronoun of 'sehet', by the parse of UDPipe's German-HDT model (Straka and Straková, ÚFAL, CC BY-NC-SA 4.0)
11:5	23	wird		16	εὐαγγελίζονται		attached-word	attached	0.4187	approved	0				AuxiliaryVerb of 'gepredigt', by the parse of UDPipe's German-HDT model (Straka and Straková, ÚFAL, CC BY-NC-SA 4.0)
11:9	14	ich		7	λέγω		attached-word	attached	0.6677	approved	0				SubjectPronoun of 'sage', by the parse of UDPipe's German-HDT model (Straka and Straková, ÚFAL, CC BY-NC-SA 4.0)
11:11	2	ich		2	λέγω		attached-word	attached	0.6677	approved	0				SubjectPronoun of 'sage', by the parse of UDPipe's German-HDT model (Straka and Straková, ÚFAL, CC BY-NC-SA 4.0)
11:13	7	haben		10	ἐπροφήτευσαν		attached-word	attached	0.7	approved	0				AuxiliaryVerb of 'geweissagt', by the parse of UDPipe's German-HDT model (Straka and Straková, ÚFAL, CC BY-NC-SA 4.0)
11:16	2	soll		3	ὁμοιώσω		attached-word	attached	0.7	approved	0				AuxiliaryVerb of 'vergleichen', by the parse of UDPipe's German-HDT model (Straka and Straková, ÚFAL, CC BY-NC-SA 4.0)
11:16	3	ich		3	ὁμοιώσω		attached-word	attached	0.7	approved	0				SubjectPronoun of 'vergleichen', by the parse of UDPipe's German-HDT model (Straka and Straková, ÚFAL, CC BY-NC-SA 4.0)
11:17	3	Wir		2	Ηὐλήσαμεν		attached-word	attached	0.7	approved	0				SubjectPronoun of 'gepfiffen', by the parse of UDPipe's German-HDT model (Straka and Straková, ÚFAL, CC BY-NC-SA 4.0)
11:18	2	ist		1	ἦλθεν		attached-word	attached	0.5433	approved	0				AuxiliaryVerb of 'gekommen', by the parse of UDPipe's German-HDT model (Straka and Straková, ÚFAL, CC BY-NC-SA 4.0)
11:19	4	ist		1	ἦλθεν		attached-word	attached	0.5433	approved	0				AuxiliaryVerb of 'gekommen', by the parse of UDPipe's German-HDT model (Straka and Straková, ÚFAL, CC BY-NC-SA 4.0)
11:20	3	er		2	ἤρξατο		attached-word	attached	0.61	approved	0				SubjectPronoun of 'fing', by the parse of UDPipe's German-HDT model (Straka and Straková, ÚFAL, CC BY-NC-SA 4.0)
11:20	16	waren		8	ἐγένοντο		attached-word	attached	0.5263	approved	0				AuxiliaryVerb of 'geschehen', by the parse of UDPipe's German-HDT model (Straka and Straková, ÚFAL, CC BY-NC-SA 4.0)
11:21	19	sind		17	γενόμεναι		attached-word	attached	0.5263	approved	0				AuxiliaryVerb of 'geschehen', by the parse of UDPipe's German-HDT model (Straka and Straková, ÚFAL, CC BY-NC-SA 4.0)
11:22	2	ich		2	λέγω		attached-word	attached	0.6677	approved	0				SubjectPronoun of 'sage', by the parse of UDPipe's German-HDT model (Straka and Straková, ÚFAL, CC BY-NC-SA 4.0)
11:23	27	wären		15	ἐγενήθησαν		attached-word	attached	0.5263	approved	0				AuxiliaryVerb of 'geschehen', by the parse of UDPipe's German-HDT model (Straka and Straková, ÚFAL, CC BY-NC-SA 4.0)
11:23	32	sind		19	γενόμεναι		attached-word	attached	0.5263	approved	0				AuxiliaryVerb of 'geschehen', by the parse of UDPipe's German-HDT model (Straka and Straková, ÚFAL, CC BY-NC-SA 4.0)
11:24	2	ich		2	λέγω		attached-word	attached	0.6677	approved	0				SubjectPronoun of 'sage', by the parse of UDPipe's German-HDT model (Straka and Straková, ÚFAL, CC BY-NC-SA 4.0)
11:25	19	du		19	ἔκρυψας		attached-word	attached	0.4107	approved	0				SubjectPronoun of 'verborgen', by the parse of UDPipe's German-HDT model (Straka and Straková, ÚFAL, CC BY-NC-SA 4.0)
11:25	26	hast		19	ἔκρυψας		attached-word	attached	0.4107	approved	0				AuxiliaryVerb of 'verborgen', by the parse of UDPipe's German-HDT model (Straka and Straková, ÚFAL, CC BY-NC-SA 4.0)
11:25	28	hast		26	ἀπεκάλυψας		attached-word	attached	0.3921	approved	0				AuxiliaryVerb of 'offenbart', by the parse of UDPipe's German-HDT model (Straka and Straková, ÚFAL, CC BY-NC-SA 4.0)
11:27	3	sind		3	παρεδόθη		attached-word	attached	0.5714	approved	0				AuxiliaryVerb of 'übergeben', by the parse of UDPipe's German-HDT model (Straka and Straková, ÚFAL, CC BY-NC-SA 4.0)
12:2	7	sie		5	εἶπαν		attached-word	attached	0.6811	approved	0				SubjectPronoun of 'sprachen', by the parse of UDPipe's German-HDT model (Straka and Straková, ÚFAL, CC BY-NC-SA 4.0)
12:3	6	Habt		6	ἀνέγνωτε		attached-word	attached	0.7	approved	0				AuxiliaryVerb of 'gelesen', by the parse of UDPipe's German-HDT model (Straka and Straková, ÚFAL, CC BY-NC-SA 4.0)
12:5	2	habt		3	ἀνέγνωτε		attached-word	attached	0.7	approved	0				AuxiliaryVerb of 'gelesen', by the parse of UDPipe's German-HDT model (Straka and Straková, ÚFAL, CC BY-NC-SA 4.0)
12:5	3	ihr		3	ἀνέγνωτε		attached-word	attached	0.7	approved	0				SubjectPronoun of 'gelesen', by the parse of UDPipe's German-HDT model (Straka and Straková, ÚFAL, CC BY-NC-SA 4.0)
12:6	1	Ich		1	λέγω		attached-word	attached	0.668	approved	0				SubjectPronoun of 'sage', by the parse of UDPipe's German-HDT model (Straka and Straková, ÚFAL, CC BY-NC-SA 4.0)
12:10	13	sie		8	ἐπηρώτησαν		attached-word	attached	0.5167	approved	0				SubjectPronoun of 'fragten', by the parse of UDPipe's German-HDT model (Straka and Straková, ÚFAL, CC BY-NC-SA 4.0)
12:13	3	er		2	λέγει		attached-word	attached	0.6769	approved	0				SubjectPronoun of 'sprach', by the parse of UDPipe's German-HDT model (Straka and Straková, ÚFAL, CC BY-NC-SA 4.0)
12:13	12	er		10	ἐξέτεινεν		attached-word	attached	0.7	approved	0				SubjectPronoun of 'streckte', by the parse of UDPipe's German-HDT model (Straka and Straková, ÚFAL, CC BY-NC-SA 4.0)
12:14	13	sie		11	ἀπολέσωσιν		attached-word	attached	0.61	approved	0				SubjectPronoun of 'umbrächten', by the parse of UDPipe's German-HDT model (Straka and Straková, ÚFAL, CC BY-NC-SA 4.0)
12:15	7	er		5	ἀνεχώρησεν		attached-word	attached	0.4	approved	0				SubjectPronoun of 'wich', by the parse of UDPipe's German-HDT model (Straka and Straková, ÚFAL, CC BY-NC-SA 4.0)
12:15	17	er		12	ἐθεράπευσεν		attached-word	attached	0.5875	approved	0				SubjectPronoun of 'heilte', by the parse of UDPipe's German-HDT model (Straka and Straková, ÚFAL, CC BY-NC-SA 4.0)
12:17	4	würde		2	πληρωθῇ		attached-word	attached	0.5312	approved	0				AuxiliaryVerb of 'erfüllet', by the parse of UDPipe's German-HDT model (Straka and Straková, ÚFAL, CC BY-NC-SA 4.0)
12:17	7	ist		4	ῥηθὲν		attached-word	attached	0.2985	approved	0				AuxiliaryVerb of 'gesagt', by the parse of UDPipe's German-HDT model (Straka and Straková, ÚFAL, CC BY-NC-SA 4.0)
12:18	19	Ich		15	θήσω		attached-word	attached	0.34	approved	0				SubjectPronoun of 'legen', by the parse of UDPipe's German-HDT model (Straka and Straková, ÚFAL, CC BY-NC-SA 4.0)
12:21	4	werden		6	ἐλπιοῦσιν		attached-word	attached	0.6438	approved	0				AuxiliaryVerb of 'hoffen', by the parse of UDPipe's German-HDT model (Straka and Straková, ÚFAL, CC BY-NC-SA 4.0)
12:22	2	ward		2	προσηνέχθη		attached-word	attached	0.3625	approved	0				AuxiliaryVerb of 'gebracht', by the parse of UDPipe's German-HDT model (Straka and Straková, ÚFAL, CC BY-NC-SA 4.0)
12:22	14	er		9	ἐθεράπευσεν		attached-word	attached	0.5875	approved	0				SubjectPronoun of 'heilte', by the parse of UDPipe's German-HDT model (Straka and Straková, ÚFAL, CC BY-NC-SA 4.0)
12:29	19	er		19	δήσῃ		attached-word	attached	0.5714	approved	0				SubjectPronoun of 'binde', by the parse of UDPipe's German-HDT model (Straka and Straková, ÚFAL, CC BY-NC-SA 4.0)
12:31	3	ich		3	λέγω		attached-word	attached	0.668	approved	0				SubjectPronoun of 'sage', by the parse of UDPipe's German-HDT model (Straka and Straková, ÚFAL, CC BY-NC-SA 4.0)
12:31	9	wird		9	ἀφεθήσεται		attached-word	attached	0.6804	approved	0				AuxiliaryVerb of 'vergeben', by the parse of UDPipe's German-HDT model (Straka and Straková, ÚFAL, CC BY-NC-SA 4.0)
12:31	19	wird		18	ἀφεθήσεται		attached-word	attached	0.6804	approved	0				AuxiliaryVerb of 'vergeben', by the parse of UDPipe's German-HDT model (Straka and Straková, ÚFAL, CC BY-NC-SA 4.0)
12:32	10	wird		11	ἀφεθήσεται		attached-word	attached	0.6804	approved	0				AuxiliaryVerb of 'vergeben', by the parse of UDPipe's German-HDT model (Straka and Straková, ÚFAL, CC BY-NC-SA 4.0)
12:36	1	Ich		1	λέγω		attached-word	attached	0.668	approved	0				SubjectPronoun of 'sage', by the parse of UDPipe's German-HDT model (Straka and Straková, ÚFAL, CC BY-NC-SA 4.0)
12:36	20	sie		9	λαλήσουσιν		attached-word	attached	0.6196	approved	0				SubjectPronoun of 'geredet', by the parse of UDPipe's German-HDT model (Straka and Straková, ÚFAL, CC BY-NC-SA 4.0)
12:36	22	haben		9	λαλήσουσιν		attached-word	attached	0.6196	approved	0				AuxiliaryVerb of 'geredet', by the parse of UDPipe's German-HDT model (Straka and Straková, ÚFAL, CC BY-NC-SA 4.0)
12:37	4	wirst		6	δικαιωθήσῃ		attached-word	attached	0.7	approved	0				AuxiliaryVerb of 'gerechtfertigt', by the parse of UDPipe's German-HDT model (Straka and Straková, ÚFAL, CC BY-NC-SA 4.0)
12:37	5	du		6	δικαιωθήσῃ		attached-word	attached	0.7	approved	0				SubjectPronoun of 'gerechtfertigt', by the parse of UDPipe's German-HDT model (Straka and Straková, ÚFAL, CC BY-NC-SA 4.0)
12:37	7	werden		6	δικαιωθήσῃ		attached-word	attached	0.7	approved	0				AuxiliaryVerb of 'gerechtfertigt', by the parse of UDPipe's German-HDT model (Straka and Straková, ÚFAL, CC BY-NC-SA 4.0)
12:37	13	du		12	καταδικασθήσῃ		attached-word	attached	0.325	approved	0				SubjectPronoun of 'verdammt', by the parse of UDPipe's German-HDT model (Straka and Straková, ÚFAL, CC BY-NC-SA 4.0)
12:37	15	werden		12	καταδικασθήσῃ		attached-word	attached	0.325	approved	0				AuxiliaryVerb of 'verdammt', by the parse of UDPipe's German-HDT model (Straka and Straková, ÚFAL, CC BY-NC-SA 4.0)
12:39	18	wird		15	δοθήσεται		attached-word	attached	0.6475	approved	0				AuxiliaryVerb of 'gegeben', by the parse of UDPipe's German-HDT model (Straka and Straková, ÚFAL, CC BY-NC-SA 4.0)
12:39	23	werden		15	δοθήσεται		attached-word	attached	0.6475	approved	0				AuxiliaryVerb of 'gegeben', by the parse of UDPipe's German-HDT model (Straka and Straková, ÚFAL, CC BY-NC-SA 4.0)
12:43	12	er		10	διέρχεται		attached-word	attached	0.55	approved	0				SubjectPronoun of 'durchwandelt', by the parse of UDPipe's German-HDT model (Straka and Straková, ÚFAL, CC BY-NC-SA 4.0)
12:44	3	er		2	λέγει		attached-word	attached	0.6894	approved	0				SubjectPronoun of 'spricht', by the parse of UDPipe's German-HDT model (Straka and Straková, ÚFAL, CC BY-NC-SA 4.0)
12:44	13	ich		9	ἐξῆλθον		attached-word	attached	0.3625	approved	0				SubjectPronoun of 'gegangen', by the parse of UDPipe's German-HDT model (Straka and Straková, ÚFAL, CC BY-NC-SA 4.0)
12:44	15	bin		9	ἐξῆλθον		attached-word	attached	0.3625	approved	0				AuxiliaryVerb of 'gegangen', by the parse of UDPipe's German-HDT model (Straka and Straková, ÚFAL, CC BY-NC-SA 4.0)
13:3	2	er		2	ἐλάλησεν		attached-word	attached	0.5283	approved	0				SubjectPronoun of 'redete', by the parse of UDPipe's German-HDT model (Straka and Straková, ÚFAL, CC BY-NC-SA 4.0)
13:4	3	er		8	ἔπεσεν		attached-word	attached	0.5179	approved	0				SubjectPronoun of 'fiel', by the parse of UDPipe's German-HDT model (Straka and Straková, ÚFAL, CC BY-NC-SA 4.0)
13:11	6	ist		7	δέδοται		attached-word	attached	0.6462	approved	0				AuxiliaryVerb of 'gegeben', by the parse of UDPipe's German-HDT model (Straka and Straková, ÚFAL, CC BY-NC-SA 4.0)
13:11	18	ist		18	δέδοται		attached-word	attached	0.6462	approved	0				AuxiliaryVerb of 'gegeben', by the parse of UDPipe's German-HDT model (Straka and Straková, ÚFAL, CC BY-NC-SA 4.0)
13:12	6	wird		4	δοθήσεται		attached-word	attached	0.6462	approved	0				AuxiliaryVerb of 'gegeben', by the parse of UDPipe's German-HDT model (Straka and Straková, ÚFAL, CC BY-NC-SA 4.0)
13:13	3	ich		6	λαλῶ		attached-word	attached	0.3978	approved	0				SubjectPronoun of 'rede', by the parse of UDPipe's German-HDT model (Straka and Straková, ÚFAL, CC BY-NC-SA 4.0)
13:13	23	sie		16	συνίουσιν		attached-word	attached	0.4955	approved	0				SubjectPronoun of 'verstehen', by the parse of UDPipe's German-HDT model (Straka and Straková, ÚFAL, CC BY-NC-SA 4.0)
13:14	15	werdet		10	ἀκούσετε		attached-word	attached	0.6786	approved	0				AuxiliaryVerb of 'hören', by the parse of UDPipe's German-HDT model (Straka and Straková, ÚFAL, CC BY-NC-SA 4.0)
13:14	16	ihr		10	ἀκούσετε		attached-word	attached	0.6786	approved	0				SubjectPronoun of 'hören', by the parse of UDPipe's German-HDT model (Straka and Straková, ÚFAL, CC BY-NC-SA 4.0)
13:14	27	werdet		21	ἴδητε		attached-word	attached	0.5163	approved	0				AuxiliaryVerb of 'sehen', by the parse of UDPipe's German-HDT model (Straka and Straková, ÚFAL, CC BY-NC-SA 4.0)
13:14	28	ihr		21	ἴδητε		attached-word	attached	0.5163	approved	0				SubjectPronoun of 'sehen', by the parse of UDPipe's German-HDT model (Straka and Straková, ÚFAL, CC BY-NC-SA 4.0)
13:15	18	sie		20	ἴδωσιν		attached-word	attached	0.5163	approved	0				SubjectPronoun of 'sehen', by the parse of UDPipe's German-HDT model (Straka and Straková, ÚFAL, CC BY-NC-SA 4.0)
13:15	39	ich		34	ἰάσομαι		attached-word	attached	0.52	approved	0				SubjectPronoun of 'hülfe', by the parse of UDPipe's German-HDT model (Straka and Straková, ÚFAL, CC BY-NC-SA 4.0)
13:16	7	sie		7	βλέπουσιν		attached-word	attached	0.3325	approved	0				SubjectPronoun of 'sehen', by the parse of UDPipe's German-HDT model (Straka and Straková, ÚFAL, CC BY-NC-SA 4.0)
13:16	13	sie		13	ἀκούουσιν		attached-word	attached	0.6786	approved	0				SubjectPronoun of 'hören', by the parse of UDPipe's German-HDT model (Straka and Straková, ÚFAL, CC BY-NC-SA 4.0)
13:17	2	ich		3	λέγω		attached-word	attached	0.6682	approved	0				SubjectPronoun of 'sage', by the parse of UDPipe's German-HDT model (Straka and Straková, ÚFAL, CC BY-NC-SA 4.0)
13:17	14	ihr		13	βλέπετε		attached-word	attached	0.4	approved	0				SubjectPronoun of 'sehet', by the parse of UDPipe's German-HDT model (Straka and Straková, ÚFAL, CC BY-NC-SA 4.0)
13:17	24	ihr		20	ἀκούετε		attached-word	attached	0.7	approved	0				SubjectPronoun of 'höret', by the parse of UDPipe's German-HDT model (Straka and Straková, ÚFAL, CC BY-NC-SA 4.0)
13:19	22	ist		16	ἐσπαρμένον		attached-word	attached	0.7	approved	0				AuxiliaryVerb of 'gesät', by the parse of UDPipe's German-HDT model (Straka and Straková, ÚFAL, CC BY-NC-SA 4.0)
13:19	36	ist		27	σπαρείς		attached-word	attached	0.7	approved	0				AuxiliaryVerb of 'gesät', by the parse of UDPipe's German-HDT model (Straka and Straková, ÚFAL, CC BY-NC-SA 4.0)
13:20	7	ist		6	σπαρείς		attached-word	attached	0.7	approved	0				AuxiliaryVerb of 'gesät', by the parse of UDPipe's German-HDT model (Straka and Straková, ÚFAL, CC BY-NC-SA 4.0)
13:21	23	er		19	σκανδαλίζεται		attached-word	attached	0.7	approved	0				SubjectPronoun of 'ärgert', by the parse of UDPipe's German-HDT model (Straka and Straková, ÚFAL, CC BY-NC-SA 4.0)
13:22	7	ist		6	σπαρείς		attached-word	attached	0.7	approved	0				AuxiliaryVerb of 'gesät', by the parse of UDPipe's German-HDT model (Straka and Straková, ÚFAL, CC BY-NC-SA 4.0)
13:23	8	ist		7	σπαρείς		attached-word	attached	0.7	approved	0				AuxiliaryVerb of 'gesät', by the parse of UDPipe's German-HDT model (Straka and Straková, ÚFAL, CC BY-NC-SA 4.0)
13:28	6	hat		8	ἐποίησεν		attached-word	attached	0.5138	approved	0				AuxiliaryVerb of 'getan', by the parse of UDPipe's German-HDT model (Straka and Straková, ÚFAL, CC BY-NC-SA 4.0)
13:30	14	ich		12	ἐρῶ		attached-word	attached	0.3356	approved	0				SubjectPronoun of 'sagen', by the parse of UDPipe's German-HDT model (Straka and Straková, ÚFAL, CC BY-NC-SA 4.0)
13:33	5	er		3	ἐλάλησεν		attached-word	attached	0.5283	approved	0				SubjectPronoun of 'redete', by the parse of UDPipe's German-HDT model (Straka and Straková, ÚFAL, CC BY-NC-SA 4.0)
13:34	14	er		14	ἐλάλει		attached-word	attached	0.5283	approved	0				SubjectPronoun of 'redete', by the parse of UDPipe's German-HDT model (Straka and Straková, ÚFAL, CC BY-NC-SA 4.0)
13:35	4	würde		2	πληρωθῇ		attached-word	attached	0.5312	approved	0				AuxiliaryVerb of 'erfüllet', by the parse of UDPipe's German-HDT model (Straka and Straková, ÚFAL, CC BY-NC-SA 4.0)
13:35	7	ist		4	ῥηθὲν		attached-word	attached	0.2985	approved	0				AuxiliaryVerb of 'gesagt', by the parse of UDPipe's German-HDT model (Straka and Straková, ÚFAL, CC BY-NC-SA 4.0)
13:35	14	Ich		9	Ἀνοίξω		attached-word	attached	0.625	approved	0				SubjectPronoun of 'auftun', by the parse of UDPipe's German-HDT model (Straka and Straková, ÚFAL, CC BY-NC-SA 4.0)
13:41	4	wird		1	ἀποστελεῖ		attached-word	attached	0.3447	approved	0				AuxiliaryVerb of 'senden', by the parse of UDPipe's German-HDT model (Straka and Straková, ÚFAL, CC BY-NC-SA 4.0)
13:42	2	werden		2	βαλοῦσιν		attached-word	attached	0.5875	approved	0				AuxiliaryVerb of 'werfen', by the parse of UDPipe's German-HDT model (Straka and Straková, ÚFAL, CC BY-NC-SA 4.0)
13:42	3	sie		2	βαλοῦσιν		attached-word	attached	0.5875	approved	0				SubjectPronoun of 'werfen', by the parse of UDPipe's German-HDT model (Straka and Straková, ÚFAL, CC BY-NC-SA 4.0)
13:47	12	ist		9	βληθείσῃ		attached-word	attached	0.6804	approved	0				AuxiliaryVerb of 'geworfen', by the parse of UDPipe's German-HDT model (Straka and Straková, ÚFAL, CC BY-NC-SA 4.0)
13:49	2	wird		2	ἔσται		attached-word	attached	0.2922	approved	0				AuxiliaryVerb of 'gehen', by the parse of UDPipe's German-HDT model (Straka and Straková, ÚFAL, CC BY-NC-SA 4.0)
13:49	12	werden		8	ἐξελεύσονται		attached-word	attached	0.475	approved	0				AuxiliaryVerb of 'ausgehen', by the parse of UDPipe's German-HDT model (Straka and Straková, ÚFAL, CC BY-NC-SA 4.0)
13:50	2	werden		2	βαλοῦσιν		attached-word	attached	0.5875	approved	0				AuxiliaryVerb of 'werfen', by the parse of UDPipe's German-HDT model (Straka and Straková, ÚFAL, CC BY-NC-SA 4.0)
13:50	3	sie		2	βαλοῦσιν		attached-word	attached	0.5875	approved	0				SubjectPronoun of 'werfen', by the parse of UDPipe's German-HDT model (Straka and Straková, ÚFAL, CC BY-NC-SA 4.0)
13:51	6	Habt		1	Συνήκατε		attached-word	attached	0.43	approved	0				AuxiliaryVerb of 'verstanden', by the parse of UDPipe's German-HDT model (Straka and Straková, ÚFAL, CC BY-NC-SA 4.0)
13:51	7	ihr		1	Συνήκατε		attached-word	attached	0.43	approved	0				SubjectPronoun of 'verstanden', by the parse of UDPipe's German-HDT model (Straka and Straková, ÚFAL, CC BY-NC-SA 4.0)
13:51	11	Sie		4	λέγουσιν		attached-word	attached	0.681	approved	0				SubjectPronoun of 'sprachen', by the parse of UDPipe's German-HDT model (Straka and Straková, ÚFAL, CC BY-NC-SA 4.0)
13:53	10	hatte		4	ἐτέλεσεν		attached-word	attached	0.4	approved	0				AuxiliaryVerb of 'vollendet', by the parse of UDPipe's German-HDT model (Straka and Straková, ÚFAL, CC BY-NC-SA 4.0)
13:57	2	sie		2	ἐσκανδαλίζοντο		attached-word	attached	0.7	approved	0				SubjectPronoun of 'ärgerten', by the parse of UDPipe's German-HDT model (Straka and Straková, ÚFAL, CC BY-NC-SA 4.0)
13:58	2	er		3	ἐποίησεν		attached-word	attached	0.4848	approved	0				SubjectPronoun of 'tat', by the parse of UDPipe's German-HDT model (Straka and Straková, ÚFAL, CC BY-NC-SA 4.0)
14:2	13	ist		12	ἠγέρθη		attached-word	attached	0.5714	approved	0				AuxiliaryVerb of 'auferstanden', by the parse of UDPipe's German-HDT model (Straka and Straková, ÚFAL, CC BY-NC-SA 4.0)
14:3	3	hatte		4	κρατήσας		attached-word	attached	0.475	approved	0				AuxiliaryVerb of 'gegriffen', by the parse of UDPipe's German-HDT model (Straka and Straková, ÚFAL, CC BY-NC-SA 4.0)
14:4	3	hatte		1	ἔλεγεν		attached-word	attached	0.5875	approved	0				AuxiliaryVerb of 'gesagt', by the parse of UDPipe's German-HDT model (Straka and Straková, ÚFAL, CC BY-NC-SA 4.0)
14:5	3	hätte		4	ἀποκτεῖναι		attached-word	attached	0.4923	approved	0				AuxiliaryVerb of 'getötet', by the parse of UDPipe's German-HDT model (Straka and Straková, ÚFAL, CC BY-NC-SA 4.0)
14:5	14	sie		12	εἶχον		attached-word	attached	0.2821	approved	0				SubjectPronoun of 'hielten', by the parse of UDPipe's German-HDT model (Straka and Straková, ÚFAL, CC BY-NC-SA 4.0)
14:7	15	würde		9	αἰτήσηται		attached-word	attached	0.35	approved	0				AuxiliaryVerb of 'fordern', by the parse of UDPipe's German-HDT model (Straka and Straková, ÚFAL, CC BY-NC-SA 4.0)
14:11	14	sie		13	ἤνεγκεν		attached-word	attached	0.3885	approved	0				SubjectPronoun of 'brachte', by the parse of UDPipe's German-HDT model (Straka and Straková, ÚFAL, CC BY-NC-SA 4.0)
14:13	6	er		5	ἀνεχώρησεν		attached-word	attached	0.475	approved	0				SubjectPronoun of 'wich', by the parse of UDPipe's German-HDT model (Straka and Straková, ÚFAL, CC BY-NC-SA 4.0)
14:14	16	er		11	ἐθεράπευσεν		attached-word	attached	0.5962	approved	0				SubjectPronoun of 'heilte', by the parse of UDPipe's German-HDT model (Straka and Straková, ÚFAL, CC BY-NC-SA 4.0)
14:20	2	sie		2	ἔφαγον		attached-word	attached	0.3786	approved	0				SubjectPronoun of 'aßen', by the parse of UDPipe's German-HDT model (Straka and Straková, ÚFAL, CC BY-NC-SA 4.0)
14:22	18	er		18	ἀπολύσῃ		attached-word	attached	0.3	approved	0				SubjectPronoun of 'ließe', by the parse of UDPipe's German-HDT model (Straka and Straková, ÚFAL, CC BY-NC-SA 4.0)
14:23	9	hatte		2	ἀπολύσας		attached-word	attached	0.34	approved	0				AuxiliaryVerb of 'gelassen', by the parse of UDPipe's German-HDT model (Straka and Straková, ÚFAL, CC BY-NC-SA 4.0)
14:23	11	er		5	ἀνέβη		attached-word	attached	0.5875	approved	0				SubjectPronoun of 'stieg', by the parse of UDPipe's German-HDT model (Straka and Straková, ÚFAL, CC BY-NC-SA 4.0)
14:29	18	er		16	ἦλθεν		attached-word	attached	0.5977	approved	0				SubjectPronoun of 'käme', by the parse of UDPipe's German-HDT model (Straka and Straková, ÚFAL, CC BY-NC-SA 4.0)
14:35	12	sie		9	ἀπέστειλαν		attached-word	attached	0.55	approved	0				SubjectPronoun of 'schickten', by the parse of UDPipe's German-HDT model (Straka and Straková, ÚFAL, CC BY-NC-SA 4.0)
15:2	14	sie		18	ἐσθίωσιν		attached-word	attached	0.3469	approved	0				SubjectPronoun of 'essen', by the parse of UDPipe's German-HDT model (Straka and Straková, ÚFAL, CC BY-NC-SA 4.0)
15:4	4	“Du		5	Τίμα		attached-word	attached	0.4231	approved	0				SubjectPronoun of 'ehren', by the parse of UDPipe's German-HDT model (Straka and Straková, ÚFAL, CC BY-NC-SA 4.0)
15:4	5	sollst		5	Τίμα		attached-word	attached	0.4231	approved	0				AuxiliaryVerb of 'ehren', by the parse of UDPipe's German-HDT model (Straka and Straková, ÚFAL, CC BY-NC-SA 4.0)
15:6	15	habt		12	ἠκυρώσατε		attached-word	attached	0.3	approved	0				AuxiliaryVerb of 'aufgehoben', by the parse of UDPipe's German-HDT model (Straka and Straková, ÚFAL, CC BY-NC-SA 4.0)
15:7	5	hat		3	ἐπροφήτευσεν		attached-word	attached	0.7	approved	0				AuxiliaryVerb of 'geweissagt', by the parse of UDPipe's German-HDT model (Straka and Straková, ÚFAL, CC BY-NC-SA 4.0)
15:9	4	sie		3	σέβονταί		attached-word	attached	0.281	approved	0				SubjectPronoun of 'dienen', by the parse of UDPipe's German-HDT model (Straka and Straková, ÚFAL, CC BY-NC-SA 4.0)
15:12	10	du		7	Οἶδας		attached-word	attached	0.565	approved	0				SubjectPronoun of 'Weißt', by the parse of UDPipe's German-HDT model (Straka and Straková, ÚFAL, CC BY-NC-SA 4.0)
15:14	17	sie		15	πεσοῦνται		attached-word	attached	0.4545	approved	0				SubjectPronoun of 'fallen', by the parse of UDPipe's German-HDT model (Straka and Straková, ÚFAL, CC BY-NC-SA 4.0)
15:24	6	Ich		6	ἀπεστάλην		attached-word	attached	0.5085	approved	0				SubjectPronoun of 'gesandt', by the parse of UDPipe's German-HDT model (Straka and Straková, ÚFAL, CC BY-NC-SA 4.0)
15:24	7	bin		6	ἀπεστάλην		attached-word	attached	0.5085	approved	0				AuxiliaryVerb of 'gesandt', by the parse of UDPipe's German-HDT model (Straka and Straková, ÚFAL, CC BY-NC-SA 4.0)
15:28	17	du		16	θέλεις		attached-word	attached	0.475	approved	0				SubjectPronoun of 'willst', by the parse of UDPipe's German-HDT model (Straka and Straková, ÚFAL, CC BY-NC-SA 4.0)
15:30	21	sie		17	ἔριψαν		attached-word	attached	0.28	approved	0				SubjectPronoun of 'warfen', by the parse of UDPipe's German-HDT model (Straka and Straková, ÚFAL, CC BY-NC-SA 4.0)
15:30	27	er		24	ἐθεράπευσεν		attached-word	attached	0.5962	approved	0				SubjectPronoun of 'heilte', by the parse of UDPipe's German-HDT model (Straka and Straková, ÚFAL, CC BY-NC-SA 4.0)
15:31	24	sie		17	ἐδόξασαν		attached-word	attached	0.6357	approved	0				SubjectPronoun of 'priesen', by the parse of UDPipe's German-HDT model (Straka and Straková, ÚFAL, CC BY-NC-SA 4.0)
15:32	40	sie		32	ἐκλυθῶσιν		attached-word	attached	0.475	approved	0				SubjectPronoun of 'verschmachten', by the parse of UDPipe's German-HDT model (Straka and Straková, ÚFAL, CC BY-NC-SA 4.0)
15:36	11	sie		10	ἔκλασεν		attached-word	attached	0.4429	approved	0				SubjectPronoun of 'brach', by the parse of UDPipe's German-HDT model (Straka and Straková, ÚFAL, CC BY-NC-SA 4.0)
15:36	14	sie		12	ἐδίδου		attached-word	attached	0.5811	approved	0				SubjectPronoun of 'gab', by the parse of UDPipe's German-HDT model (Straka and Straková, ÚFAL, CC BY-NC-SA 4.0)
15:37	2	sie		2	ἔφαγον		attached-word	attached	0.3786	approved	0				SubjectPronoun of 'aßen', by the parse of UDPipe's German-HDT model (Straka and Straková, ÚFAL, CC BY-NC-SA 4.0)
15:39	11	er		5	ἐνέβη		attached-word	attached	0.3566	approved	0				SubjectPronoun of 'trat', by the parse of UDPipe's German-HDT model (Straka and Straková, ÚFAL, CC BY-NC-SA 4.0)
16:4	15	werden		10	δοθήσεται		attached-word	attached	0.6475	approved	0				AuxiliaryVerb of 'gegeben', by the parse of UDPipe's German-HDT model (Straka and Straková, ÚFAL, CC BY-NC-SA 4.0)
16:5	7	hatten		8	ἐπελάθοντο		attached-word	attached	0.55	approved	0				AuxiliaryVerb of 'vergessen', by the parse of UDPipe's German-HDT model (Straka and Straková, ÚFAL, CC BY-NC-SA 4.0)
16:5	8	sie		8	ἐπελάθοντο		attached-word	attached	0.55	approved	0				SubjectPronoun of 'vergessen', by the parse of UDPipe's German-HDT model (Straka and Straková, ÚFAL, CC BY-NC-SA 4.0)
16:8	6	er		5	εἶπεν		attached-word	attached	0.6769	approved	0				SubjectPronoun of 'sprach', by the parse of UDPipe's German-HDT model (Straka and Straková, ÚFAL, CC BY-NC-SA 4.0)
16:11	7	ich		8	εἶπον		attached-word	attached	0.6699	approved	0				SubjectPronoun of 'sage', by the parse of UDPipe's German-HDT model (Straka and Straková, ÚFAL, CC BY-NC-SA 4.0)
16:12	3	sie		2	συνῆκαν		attached-word	attached	0.4545	approved	0				SubjectPronoun of 'verstanden', by the parse of UDPipe's German-HDT model (Straka and Straková, ÚFAL, CC BY-NC-SA 4.0)
16:12	5	er		5	εἶπεν		attached-word	attached	0.5892	approved	0				SubjectPronoun of 'gesagt', by the parse of UDPipe's German-HDT model (Straka and Straková, ÚFAL, CC BY-NC-SA 4.0)
16:12	8	hatte		5	εἶπεν		attached-word	attached	0.5892	approved	0				AuxiliaryVerb of 'gesagt', by the parse of UDPipe's German-HDT model (Straka and Straková, ÚFAL, CC BY-NC-SA 4.0)
16:15	1	Er		1	λέγει		attached-word	attached	0.6769	approved	0				SubjectPronoun of 'sprach', by the parse of UDPipe's German-HDT model (Straka and Straková, ÚFAL, CC BY-NC-SA 4.0)
16:17	10	du		8	εἶ		attached-word	attached	0.6018	approved	0				SubjectPronoun of 'bist', by the parse of UDPipe's German-HDT model (Straka and Straková, ÚFAL, CC BY-NC-SA 4.0)
16:19	2	ich		1	δώσω		attached-word	attached	0.6311	approved	0				SubjectPronoun of 'geben', by the parse of UDPipe's German-HDT model (Straka and Straková, ÚFAL, CC BY-NC-SA 4.0)
16:19	11	du		12	δήσῃς		attached-word	attached	0.55	approved	0				SubjectPronoun of 'binden', by the parse of UDPipe's German-HDT model (Straka and Straková, ÚFAL, CC BY-NC-SA 4.0)
16:19	15	wirst		12	δήσῃς		attached-word	attached	0.55	approved	0				AuxiliaryVerb of 'binden', by the parse of UDPipe's German-HDT model (Straka and Straková, ÚFAL, CC BY-NC-SA 4.0)
16:20	10	sollten		7	εἴπωσιν		attached-word	attached	0.562	approved	0				AuxiliaryVerb of 'sagen', by the parse of UDPipe's German-HDT model (Straka and Straková, ÚFAL, CC BY-NC-SA 4.0)
16:23	20	du		16	φρονεῖς		attached-word	attached	0.475	approved	0				SubjectPronoun of 'meinst', by the parse of UDPipe's German-HDT model (Straka and Straková, ÚFAL, CC BY-NC-SA 4.0)
16:28	2	ich		2	λέγω		attached-word	attached	0.6699	approved	0				SubjectPronoun of 'sage', by the parse of UDPipe's German-HDT model (Straka and Straková, ÚFAL, CC BY-NC-SA 4.0)
16:28	12	werden		13	γεύσωνται		attached-word	attached	0.7	approved	0				AuxiliaryVerb of 'schmecken', by the parse of UDPipe's German-HDT model (Straka and Straková, ÚFAL, CC BY-NC-SA 4.0)
17:5	9	sie		7	ἐπεσκίασεν		attached-word	attached	0.7	approved	0				SubjectPronoun of 'überschattete', by the parse of UDPipe's German-HDT model (Straka and Straková, ÚFAL, CC BY-NC-SA 4.0)
17:5	28	ich		25	εὐδόκησα		attached-word	attached	0.35	approved	0				SubjectPronoun of 'Wohlgefallen', by the parse of UDPipe's German-HDT model (Straka and Straková, ÚFAL, CC BY-NC-SA 4.0)
17:5	32	sollt		26	ἀκούετε		attached-word	attached	0.6802	approved	0				AuxiliaryVerb of 'hören', by the parse of UDPipe's German-HDT model (Straka and Straková, ÚFAL, CC BY-NC-SA 4.0)
17:5	33	ihr		26	ἀκούετε		attached-word	attached	0.6802	approved	0				SubjectPronoun of 'hören', by the parse of UDPipe's German-HDT model (Straka and Straková, ÚFAL, CC BY-NC-SA 4.0)
17:6	7	sie		5	ἔπεσαν		attached-word	attached	0.5342	approved	0				SubjectPronoun of 'fielen', by the parse of UDPipe's German-HDT model (Straka and Straková, ÚFAL, CC BY-NC-SA 4.0)
17:8	8	sie		7	εἶδον		attached-word	attached	0.5568	approved	0				SubjectPronoun of 'sahen', by the parse of UDPipe's German-HDT model (Straka and Straková, ÚFAL, CC BY-NC-SA 4.0)
17:9	12	Ihr		13	εἴπητε		attached-word	attached	0.563	approved	0				SubjectPronoun of 'sagen', by the parse of UDPipe's German-HDT model (Straka and Straková, ÚFAL, CC BY-NC-SA 4.0)
17:9	13	sollt		13	εἴπητε		attached-word	attached	0.563	approved	0				AuxiliaryVerb of 'sagen', by the parse of UDPipe's German-HDT model (Straka and Straková, ÚFAL, CC BY-NC-SA 4.0)
17:9	27	ist		24	ἐγερθῇ		attached-word	attached	0.5773	approved	0				AuxiliaryVerb of 'auferstanden', by the parse of UDPipe's German-HDT model (Straka and Straková, ÚFAL, CC BY-NC-SA 4.0)
17:11	8	soll		7	ἔρχεται		attached-word	attached	0.5456	approved	0				AuxiliaryVerb of 'kommen', by the parse of UDPipe's German-HDT model (Straka and Straková, ÚFAL, CC BY-NC-SA 4.0)
17:12	2	ich		1	λέγω		attached-word	attached	0.668	approved	0				SubjectPronoun of 'sage', by the parse of UDPipe's German-HDT model (Straka and Straková, ÚFAL, CC BY-NC-SA 4.0)
17:12	6	ist		7	ἦλθεν		attached-word	attached	0.545	approved	0				AuxiliaryVerb of 'gekommen', by the parse of UDPipe's German-HDT model (Straka and Straková, ÚFAL, CC BY-NC-SA 4.0)
17:12	11	sie		10	ἐπέγνωσαν		attached-word	attached	0.28	approved	0				SubjectPronoun of 'erkannt', by the parse of UDPipe's German-HDT model (Straka and Straková, ÚFAL, CC BY-NC-SA 4.0)
17:12	12	haben		10	ἐπέγνωσαν		attached-word	attached	0.28	approved	0				AuxiliaryVerb of 'erkannt', by the parse of UDPipe's German-HDT model (Straka and Straková, ÚFAL, CC BY-NC-SA 4.0)
17:12	17	haben		13	ἐποίησαν		attached-word	attached	0.5138	approved	0				AuxiliaryVerb of 'getan', by the parse of UDPipe's German-HDT model (Straka and Straková, ÚFAL, CC BY-NC-SA 4.0)
17:12	25	wird		24	μέλλει		attached-word	attached	0.4075	approved	0				AuxiliaryVerb of 'leiden', by the parse of UDPipe's German-HDT model (Straka and Straková, ÚFAL, CC BY-NC-SA 4.0)
17:13	6	er		10	εἶπεν		attached-word	attached	0.2982	approved	0				SubjectPronoun of 'geredet', by the parse of UDPipe's German-HDT model (Straka and Straková, ÚFAL, CC BY-NC-SA 4.0)
17:13	14	hatte		10	εἶπεν		attached-word	attached	0.2982	approved	0				AuxiliaryVerb of 'geredet', by the parse of UDPipe's German-HDT model (Straka and Straková, ÚFAL, CC BY-NC-SA 4.0)
17:15	18	er		15	πίπτει		attached-word	attached	0.6	approved	0				SubjectPronoun of 'fällt', by the parse of UDPipe's German-HDT model (Straka and Straková, ÚFAL, CC BY-NC-SA 4.0)
17:16	2	ich		2	προσήνεγκα		attached-word	attached	0.3625	approved	0				SubjectPronoun of 'gebracht', by the parse of UDPipe's German-HDT model (Straka and Straková, ÚFAL, CC BY-NC-SA 4.0)
17:16	3	habe		2	προσήνεγκα		attached-word	attached	0.3625	approved	0				AuxiliaryVerb of 'gebracht', by the parse of UDPipe's German-HDT model (Straka and Straková, ÚFAL, CC BY-NC-SA 4.0)
17:17	21	soll		18	ἀνέξομαι		attached-word	attached	0.55	approved	0				AuxiliaryVerb of 'dulden', by the parse of UDPipe's German-HDT model (Straka and Straková, ÚFAL, CC BY-NC-SA 4.0)
17:17	22	ich		18	ἀνέξομαι		attached-word	attached	0.55	approved	0				SubjectPronoun of 'dulden', by the parse of UDPipe's German-HDT model (Straka and Straková, ÚFAL, CC BY-NC-SA 4.0)
17:20	14	ich		11	λέγω		attached-word	attached	0.668	approved	0				SubjectPronoun of 'sage', by the parse of UDPipe's German-HDT model (Straka and Straková, ÚFAL, CC BY-NC-SA 4.0)
17:22	21	wird		16	παραδίδοσθαι		attached-word	attached	0.7	approved	0				AuxiliaryVerb of 'überantwortet', by the parse of UDPipe's German-HDT model (Straka and Straková, ÚFAL, CC BY-NC-SA 4.0)
17:23	2	sie		2	ἀποκτενοῦσιν		attached-word	attached	0.5221	approved	0				SubjectPronoun of 'töten', by the parse of UDPipe's German-HDT model (Straka and Straková, ÚFAL, CC BY-NC-SA 4.0)
17:23	3	werden		2	ἀποκτενοῦσιν		attached-word	attached	0.5221	approved	0				AuxiliaryVerb of 'töten', by the parse of UDPipe's German-HDT model (Straka and Straková, ÚFAL, CC BY-NC-SA 4.0)
17:23	10	wird		8	ἐγερθήσεται		attached-word	attached	0.4818	approved	0				AuxiliaryVerb of 'auferstehen', by the parse of UDPipe's German-HDT model (Straka and Straková, ÚFAL, CC BY-NC-SA 4.0)
17:23	11	er		8	ἐγερθήσεται		attached-word	attached	0.4818	approved	0				SubjectPronoun of 'auferstehen', by the parse of UDPipe's German-HDT model (Straka and Straková, ÚFAL, CC BY-NC-SA 4.0)
17:23	14	sie		10	ἐλυπήθησαν		attached-word	attached	0.525	approved	0				SubjectPronoun of 'betrübt', by the parse of UDPipe's German-HDT model (Straka and Straková, ÚFAL, CC BY-NC-SA 4.0)
17:23	15	wurden		10	ἐλυπήθησαν		attached-word	attached	0.525	approved	0				AuxiliaryVerb of 'betrübt', by the parse of UDPipe's German-HDT model (Straka and Straková, ÚFAL, CC BY-NC-SA 4.0)
17:25	1	Er		1	λέγει		attached-word	attached	0.6773	approved	0				SubjectPronoun of 'sprach', by the parse of UDPipe's German-HDT model (Straka and Straková, ÚFAL, CC BY-NC-SA 4.0)
17:27	4	wir		4	σκανδαλίσωμεν		attached-word	attached	0.7	approved	0				SubjectPronoun of 'ärgern', by the parse of UDPipe's German-HDT model (Straka and Straková, ÚFAL, CC BY-NC-SA 4.0)
17:27	32	wirst		22	εὑρήσεις		attached-word	attached	0.7	approved	0				AuxiliaryVerb of 'finden', by the parse of UDPipe's German-HDT model (Straka and Straková, ÚFAL, CC BY-NC-SA 4.0)
17:27	33	du		22	εὑρήσεις		attached-word	attached	0.7	approved	0				SubjectPronoun of 'finden', by the parse of UDPipe's German-HDT model (Straka and Straková, ÚFAL, CC BY-NC-SA 4.0)
18:3	4	ich		4	λέγω		attached-word	attached	0.6674	approved	0				SubjectPronoun of 'sage', by the parse of UDPipe's German-HDT model (Straka and Straková, ÚFAL, CC BY-NC-SA 4.0)
18:6	25	werde		16	κρεμασθῇ		attached-word	attached	0.475	approved	0				AuxiliaryVerb of 'gehängt', by the parse of UDPipe's German-HDT model (Straka and Straková, ÚFAL, CC BY-NC-SA 4.0)
18:8	41	wirst		35	βληθῆναι		attached-word	attached	0.6795	approved	0				AuxiliaryVerb of 'geworfen', by the parse of UDPipe's German-HDT model (Straka and Straková, ÚFAL, CC BY-NC-SA 4.0)
18:10	12	ich		8	λέγω		attached-word	attached	0.6674	approved	0				SubjectPronoun of 'sage', by the parse of UDPipe's German-HDT model (Straka and Straková, ÚFAL, CC BY-NC-SA 4.0)
18:13	9	ich		7	λέγω		attached-word	attached	0.6674	approved	0				SubjectPronoun of 'sage', by the parse of UDPipe's German-HDT model (Straka and Straková, ÚFAL, CC BY-NC-SA 4.0)
18:13	12	er		10	χαίρει		attached-word	attached	0.55	approved	0				SubjectPronoun of 'freut', by the parse of UDPipe's German-HDT model (Straka and Straková, ÚFAL, CC BY-NC-SA 4.0)
18:14	18	werde		13	ἀπόληται		attached-word	attached	0.5875	approved	0				AuxiliaryVerb of 'verloren', by the parse of UDPipe's German-HDT model (Straka and Straková, ÚFAL, CC BY-NC-SA 4.0)
18:15	19	er		17	ἀκούσῃ		attached-word	attached	0.6859	approved	0				SubjectPronoun of 'Hört', by the parse of UDPipe's German-HDT model (Straka and Straková, ÚFAL, CC BY-NC-SA 4.0)
18:15	22	hast		18	ἐκέρδησας		attached-word	attached	0.7	approved	0				AuxiliaryVerb of 'gewonnen', by the parse of UDPipe's German-HDT model (Straka and Straková, ÚFAL, CC BY-NC-SA 4.0)
18:15	23	du		18	ἐκέρδησας		attached-word	attached	0.7	approved	0				SubjectPronoun of 'gewonnen', by the parse of UDPipe's German-HDT model (Straka and Straková, ÚFAL, CC BY-NC-SA 4.0)
18:16	2	er		4	ἀκούσῃ		attached-word	attached	0.6859	approved	0				SubjectPronoun of 'Hört', by the parse of UDPipe's German-HDT model (Straka and Straková, ÚFAL, CC BY-NC-SA 4.0)
18:18	2	ich		2	λέγω		attached-word	attached	0.6674	approved	0				SubjectPronoun of 'sage', by the parse of UDPipe's German-HDT model (Straka and Straková, ÚFAL, CC BY-NC-SA 4.0)
18:18	10	werdet		6	δήσητε		attached-word	attached	0.55	approved	0				AuxiliaryVerb of 'binden', by the parse of UDPipe's German-HDT model (Straka and Straková, ÚFAL, CC BY-NC-SA 4.0)
18:19	3	ich		3	λέγω		attached-word	attached	0.6674	approved	0				SubjectPronoun of 'sage', by the parse of UDPipe's German-HDT model (Straka and Straková, ÚFAL, CC BY-NC-SA 4.0)
18:19	15	sie		19	αἰτήσωνται		attached-word	attached	0.5286	approved	0				SubjectPronoun of 'bitten', by the parse of UDPipe's German-HDT model (Straka and Straková, ÚFAL, CC BY-NC-SA 4.0)
18:19	19	soll		20	γενήσεται		attached-word	attached	0.4	approved	0				AuxiliaryVerb of 'widerfahren', by the parse of UDPipe's German-HDT model (Straka and Straková, ÚFAL, CC BY-NC-SA 4.0)
18:20	7	sind		7	συνηγμένοι		attached-word	attached	0.5312	approved	0				AuxiliaryVerb of 'versammelt', by the parse of UDPipe's German-HDT model (Straka and Straková, ÚFAL, CC BY-NC-SA 4.0)
18:22	5	Ich		6	λέγω		attached-word	attached	0.6674	approved	0				SubjectPronoun of 'sage', by the parse of UDPipe's German-HDT model (Straka and Straková, ÚFAL, CC BY-NC-SA 4.0)
18:26	17	ich		13	ἀποδώσω		attached-word	attached	0.55	approved	0				SubjectPronoun of 'bezahlen', by the parse of UDPipe's German-HDT model (Straka and Straková, ÚFAL, CC BY-NC-SA 4.0)
18:27	8	er		13	ἀφῆκεν		attached-word	attached	0.34	approved	0				SubjectPronoun of 'ließ', by the parse of UDPipe's German-HDT model (Straka and Straková, ÚFAL, CC BY-NC-SA 4.0)
18:29	15	ich		13	ἀποδώσω		attached-word	attached	0.55	approved	0				SubjectPronoun of 'bezahlen', by the parse of UDPipe's German-HDT model (Straka and Straková, ÚFAL, CC BY-NC-SA 4.0)
18:33	17	habe		12	ἠλέησα		attached-word	attached	0.7	approved	0				AuxiliaryVerb of 'erbarmt', by the parse of UDPipe's German-HDT model (Straka and Straková, ÚFAL, CC BY-NC-SA 4.0)
18:35	2	wird		8	ποιήσει		attached-word	attached	0.5644	approved	0				AuxiliaryVerb of 'tun', by the parse of UDPipe's German-HDT model (Straka and Straková, ÚFAL, CC BY-NC-SA 4.0)
19:1	10	hatte		4	ἐτέλεσεν		attached-word	attached	0.4	approved	0				AuxiliaryVerb of 'vollendet', by the parse of UDPipe's German-HDT model (Straka and Straková, ÚFAL, CC BY-NC-SA 4.0)
19:2	9	er		7	ἐθεράπευσεν		attached-word	attached	0.5962	approved	0				SubjectPronoun of 'heilte', by the parse of UDPipe's German-HDT model (Straka and Straková, ÚFAL, CC BY-NC-SA 4.0)
19:4	8	Habt		6	ἀνέγνωτε		attached-word	attached	0.7	approved	0				AuxiliaryVerb of 'gelesen', by the parse of UDPipe's German-HDT model (Straka and Straková, ÚFAL, CC BY-NC-SA 4.0)
19:6	16	soll		15	χωριζέτω		attached-word	attached	0.475	approved	0				AuxiliaryVerb of 'scheiden', by the parse of UDPipe's German-HDT model (Straka and Straková, ÚFAL, CC BY-NC-SA 4.0)
19:7	3	sie		1	λέγουσιν		attached-word	attached	0.6811	approved	0				SubjectPronoun of 'sprachen', by the parse of UDPipe's German-HDT model (Straka and Straková, ÚFAL, CC BY-NC-SA 4.0)
19:7	5	hat		6	ἐνετείλατο		attached-word	attached	0.3464	approved	0				AuxiliaryVerb of 'geboten', by the parse of UDPipe's German-HDT model (Straka and Straková, ÚFAL, CC BY-NC-SA 4.0)
19:8	1	Er		1	λέγει		attached-word	attached	0.6773	approved	0				SubjectPronoun of 'sprach', by the parse of UDPipe's German-HDT model (Straka and Straková, ÚFAL, CC BY-NC-SA 4.0)
19:8	6	hat		9	ἐπέτρεψεν		attached-word	attached	0.7	approved	0				AuxiliaryVerb of 'erlaubt', by the parse of UDPipe's German-HDT model (Straka and Straková, ÚFAL, CC BY-NC-SA 4.0)
19:9	1	Ich		1	λέγω		attached-word	attached	0.6677	approved	0				SubjectPronoun of 'sage', by the parse of UDPipe's German-HDT model (Straka and Straková, ÚFAL, CC BY-NC-SA 4.0)
19:11	14	ist		13	δέδοται		attached-word	attached	0.6475	approved	0				AuxiliaryVerb of 'gegeben', by the parse of UDPipe's German-HDT model (Straka and Straková, ÚFAL, CC BY-NC-SA 4.0)
19:12	7	sind		8	ἐγεννήθησαν		attached-word	attached	0.5929	approved	0				AuxiliaryVerb of 'geboren', by the parse of UDPipe's German-HDT model (Straka and Straková, ÚFAL, CC BY-NC-SA 4.0)
19:13	2	wurden		2	προσηνέχθησαν		attached-word	attached	0.3625	approved	0				AuxiliaryVerb of 'gebracht', by the parse of UDPipe's German-HDT model (Straka and Straková, ÚFAL, CC BY-NC-SA 4.0)
19:13	8	er		8	ἐπιθῇ		attached-word	attached	0.3591	approved	0				SubjectPronoun of 'legte', by the parse of UDPipe's German-HDT model (Straka and Straková, ÚFAL, CC BY-NC-SA 4.0)
19:16	13	ich		10	ποιήσω		attached-word	attached	0.5644	approved	0				SubjectPronoun of 'tun', by the parse of UDPipe's German-HDT model (Straka and Straková, ÚFAL, CC BY-NC-SA 4.0)
19:18	3	er		1	λέγει		attached-word	attached	0.6773	approved	0				SubjectPronoun of 'sprach', by the parse of UDPipe's German-HDT model (Straka and Straková, ÚFAL, CC BY-NC-SA 4.0)
19:18	14	du		14	κλέψεις		attached-word	attached	0.7	approved	0				SubjectPronoun of 'stehlen', by the parse of UDPipe's German-HDT model (Straka and Straková, ÚFAL, CC BY-NC-SA 4.0)
19:18	15	sollst		14	κλέψεις		attached-word	attached	0.7	approved	0				AuxiliaryVerb of 'stehlen', by the parse of UDPipe's German-HDT model (Straka and Straková, ÚFAL, CC BY-NC-SA 4.0)
19:18	18	du		14	κλέψεις		attached-word	attached	0.7	approved	0				SubjectPronoun of 'stehlen', by the parse of UDPipe's German-HDT model (Straka and Straková, ÚFAL, CC BY-NC-SA 4.0)
19:18	19	sollst		14	κλέψεις		attached-word	attached	0.7	approved	0				AuxiliaryVerb of 'stehlen', by the parse of UDPipe's German-HDT model (Straka and Straková, ÚFAL, CC BY-NC-SA 4.0)
19:20	8	habe		7	ἐφύλαξα		attached-word	attached	0.3625	approved	0				AuxiliaryVerb of 'gehalten', by the parse of UDPipe's German-HDT model (Straka and Straková, ÚFAL, CC BY-NC-SA 4.0)
19:20	9	ich		7	ἐφύλαξα		attached-word	attached	0.3625	approved	0				SubjectPronoun of 'gehalten', by the parse of UDPipe's German-HDT model (Straka and Straková, ÚFAL, CC BY-NC-SA 4.0)
19:23	8	ich		9	λέγω		attached-word	attached	0.6677	approved	0				SubjectPronoun of 'sage', by the parse of UDPipe's German-HDT model (Straka and Straková, ÚFAL, CC BY-NC-SA 4.0)
19:23	13	wird		14	εἰσελεύσεται		attached-word	attached	0.2894	approved	0				AuxiliaryVerb of 'kommen', by the parse of UDPipe's German-HDT model (Straka and Straková, ÚFAL, CC BY-NC-SA 4.0)
19:24	4	ich		3	λέγω		attached-word	attached	0.6677	approved	0				SubjectPronoun of 'sage', by the parse of UDPipe's German-HDT model (Straka and Straková, ÚFAL, CC BY-NC-SA 4.0)
19:25	7	sie		5	ἐξεπλήσσοντο		attached-word	attached	0.3786	approved	0				SubjectPronoun of 'entsetzten', by the parse of UDPipe's German-HDT model (Straka and Straková, ÚFAL, CC BY-NC-SA 4.0)
19:27	14	sind		12	ἠκολουθήσαμέν		attached-word	attached	0.52	approved	0				AuxiliaryVerb of 'nachgefolgt', by the parse of UDPipe's German-HDT model (Straka and Straková, ÚFAL, CC BY-NC-SA 4.0)
19:28	7	ich		7	λέγω		attached-word	attached	0.6677	approved	0				SubjectPronoun of 'sage', by the parse of UDPipe's German-HDT model (Straka and Straková, ÚFAL, CC BY-NC-SA 4.0)
19:28	14	seid		12	ἀκολουθήσαντές		attached-word	attached	0.52	approved	0				AuxiliaryVerb of 'nachgefolgt', by the parse of UDPipe's German-HDT model (Straka and Straková, ÚFAL, CC BY-NC-SA 4.0)
20:2	15	er		10	ἀπέστειλεν		attached-word	attached	0.5293	approved	0				SubjectPronoun of 'sandte', by the parse of UDPipe's German-HDT model (Straka and Straková, ÚFAL, CC BY-NC-SA 4.0)
20:4	12	ich		15	δώσω		attached-word	attached	0.6304	approved	0				SubjectPronoun of 'geben', by the parse of UDPipe's German-HDT model (Straka and Straková, ÚFAL, CC BY-NC-SA 4.0)
20:7	1	Sie		1	λέγουσιν		attached-word	attached	0.681	approved	0				SubjectPronoun of 'sprachen', by the parse of UDPipe's German-HDT model (Straka and Straková, ÚFAL, CC BY-NC-SA 4.0)
20:7	10	Er		7	λέγει		attached-word	attached	0.6769	approved	0				SubjectPronoun of 'sprach', by the parse of UDPipe's German-HDT model (Straka and Straková, ÚFAL, CC BY-NC-SA 4.0)
20:10	7	sie		5	ἐνόμισαν		attached-word	attached	0.3625	approved	0				SubjectPronoun of 'meinten', by the parse of UDPipe's German-HDT model (Straka and Straková, ÚFAL, CC BY-NC-SA 4.0)
20:10	8	sie		8	λήμψονται		attached-word	attached	0.556	approved	0				SubjectPronoun of 'empfangen', by the parse of UDPipe's German-HDT model (Straka and Straková, ÚFAL, CC BY-NC-SA 4.0)
20:10	9	würden		8	λήμψονται		attached-word	attached	0.556	approved	0				AuxiliaryVerb of 'empfangen', by the parse of UDPipe's German-HDT model (Straka and Straková, ÚFAL, CC BY-NC-SA 4.0)
20:10	13	sie		10	ἔλαβον		attached-word	attached	0.61	approved	0				SubjectPronoun of 'empfingen', by the parse of UDPipe's German-HDT model (Straka and Straková, ÚFAL, CC BY-NC-SA 4.0)
20:11	7	sie		3	ἐγόγγυζον		attached-word	attached	0.55	approved	0				SubjectPronoun of 'murrten', by the parse of UDPipe's German-HDT model (Straka and Straková, ÚFAL, CC BY-NC-SA 4.0)
20:12	10	du		12	ἐποίησας		attached-word	attached	0.3819	approved	0				SubjectPronoun of 'gemacht', by the parse of UDPipe's German-HDT model (Straka and Straková, ÚFAL, CC BY-NC-SA 4.0)
20:12	11	hast		12	ἐποίησας		attached-word	attached	0.3819	approved	0				AuxiliaryVerb of 'gemacht', by the parse of UDPipe's German-HDT model (Straka and Straková, ÚFAL, CC BY-NC-SA 4.0)
20:18	11	wird		10	παραδοθήσεται		attached-word	attached	0.7	approved	0				AuxiliaryVerb of 'überantwortet', by the parse of UDPipe's German-HDT model (Straka and Straková, ÚFAL, CC BY-NC-SA 4.0)
20:18	17	werden		10	παραδοθήσεται		attached-word	attached	0.7	approved	0				AuxiliaryVerb of 'überantwortet', by the parse of UDPipe's German-HDT model (Straka and Straková, ÚFAL, CC BY-NC-SA 4.0)
20:18	18	sie		16	κατακρινοῦσιν		attached-word	attached	0.5875	approved	0				SubjectPronoun of 'verdammen', by the parse of UDPipe's German-HDT model (Straka and Straková, ÚFAL, CC BY-NC-SA 4.0)
20:19	19	wird		17	ἐγερθήσεται		attached-word	attached	0.4882	approved	0				AuxiliaryVerb of 'auferstehen', by the parse of UDPipe's German-HDT model (Straka and Straková, ÚFAL, CC BY-NC-SA 4.0)
20:19	20	er		17	ἐγερθήσεται		attached-word	attached	0.4882	approved	0				SubjectPronoun of 'auferstehen', by the parse of UDPipe's German-HDT model (Straka and Straková, ÚFAL, CC BY-NC-SA 4.0)
20:22	6	Ihr		7	οἴδατε		attached-word	attached	0.5732	approved	0				SubjectPronoun of 'wisset', by the parse of UDPipe's German-HDT model (Straka and Straková, ÚFAL, CC BY-NC-SA 4.0)
20:22	20	werde		16	μέλλω		attached-word	attached	0.6845	approved	0				AuxiliaryVerb of 'trinken', by the parse of UDPipe's German-HDT model (Straka and Straková, ÚFAL, CC BY-NC-SA 4.0)
20:22	33	Sie		18	λέγουσιν		attached-word	attached	0.681	approved	0				SubjectPronoun of 'sprachen', by the parse of UDPipe's German-HDT model (Straka and Straková, ÚFAL, CC BY-NC-SA 4.0)
20:23	2	er		1	λέγει		attached-word	attached	0.6769	approved	0				SubjectPronoun of 'sprach', by the parse of UDPipe's German-HDT model (Straka and Straková, ÚFAL, CC BY-NC-SA 4.0)
20:23	9	ihr		7	πίεσθε		attached-word	attached	0.6845	approved	0				SubjectPronoun of 'trinken', by the parse of UDPipe's German-HDT model (Straka and Straková, ÚFAL, CC BY-NC-SA 4.0)
20:25	9	Ihr		7	Οἴδατε		attached-word	attached	0.5732	approved	0				SubjectPronoun of 'wisset', by the parse of UDPipe's German-HDT model (Straka and Straková, ÚFAL, CC BY-NC-SA 4.0)
20:28	5	ist		7	ἦλθεν		attached-word	attached	0.545	approved	0				AuxiliaryVerb of 'gekommen', by the parse of UDPipe's German-HDT model (Straka and Straková, ÚFAL, CC BY-NC-SA 4.0)
20:31	7	sie		7	σιωπήσωσιν		attached-word	attached	0.4	approved	0				SubjectPronoun of 'schweigen', by the parse of UDPipe's German-HDT model (Straka and Straková, ÚFAL, CC BY-NC-SA 4.0)
20:31	9	sollten		7	σιωπήσωσιν		attached-word	attached	0.4	approved	0				AuxiliaryVerb of 'schweigen', by the parse of UDPipe's German-HDT model (Straka and Straková, ÚFAL, CC BY-NC-SA 4.0)
20:32	14	ich		11	ποιήσω		attached-word	attached	0.5644	approved	0				SubjectPronoun of 'tun', by the parse of UDPipe's German-HDT model (Straka and Straková, ÚFAL, CC BY-NC-SA 4.0)
20:32	17	soll		11	ποιήσω		attached-word	attached	0.5644	approved	0				AuxiliaryVerb of 'tun', by the parse of UDPipe's German-HDT model (Straka and Straková, ÚFAL, CC BY-NC-SA 4.0)
20:33	1	Sie		1	λέγουσιν		attached-word	attached	0.681	approved	0				SubjectPronoun of 'sprachen', by the parse of UDPipe's German-HDT model (Straka and Straková, ÚFAL, CC BY-NC-SA 4.0)
20:33	10	werden		5	ἀνοιγῶσιν		attached-word	attached	0.7	approved	0				AuxiliaryVerb of 'aufgetan', by the parse of UDPipe's German-HDT model (Straka and Straková, ÚFAL, CC BY-NC-SA 4.0)
20:34	6	er		5	ἥψατο		attached-word	attached	0.7	approved	0				SubjectPronoun of 'rührte', by the parse of UDPipe's German-HDT model (Straka and Straková, ÚFAL, CC BY-NC-SA 4.0)
20:34	19	sie		13	ἠκολούθησαν		attached-word	attached	0.625	approved	0				SubjectPronoun of 'folgten', by the parse of UDPipe's German-HDT model (Straka and Straková, ÚFAL, CC BY-NC-SA 4.0)
21:1	2	sie		7	ἦλθον		attached-word	attached	0.5277	approved	0				SubjectPronoun of 'kamen', by the parse of UDPipe's German-HDT model (Straka and Straková, ÚFAL, CC BY-NC-SA 4.0)
21:2	17	ihr		12	εὑρήσετε		attached-word	attached	0.7	approved	0				SubjectPronoun of 'finden', by the parse of UDPipe's German-HDT model (Straka and Straková, ÚFAL, CC BY-NC-SA 4.0)
21:3	6	wird		7	ἐρεῖτε		attached-word	attached	0.336	approved	0				AuxiliaryVerb of 'sagen', by the parse of UDPipe's German-HDT model (Straka and Straková, ÚFAL, CC BY-NC-SA 4.0)
21:4	8	würde		5	πληρωθῇ		attached-word	attached	0.625	approved	0				AuxiliaryVerb of 'erfüllt', by the parse of UDPipe's German-HDT model (Straka and Straková, ÚFAL, CC BY-NC-SA 4.0)
21:4	11	ist		7	ῥηθὲν		attached-word	attached	0.2985	approved	0				AuxiliaryVerb of 'gesagt', by the parse of UDPipe's German-HDT model (Straka and Straková, ÚFAL, CC BY-NC-SA 4.0)
21:9	16	sei		16	Εὐλογημένος		attached-word	attached	0.5071	approved	0				AuxiliaryVerb of 'Gelobt', by the parse of UDPipe's German-HDT model (Straka and Straková, ÚFAL, CC BY-NC-SA 4.0)
21:13	10	soll		10	κληθήσεται		attached-word	attached	0.5826	approved	0				AuxiliaryVerb of 'heißen', by the parse of UDPipe's German-HDT model (Straka and Straková, ÚFAL, CC BY-NC-SA 4.0)
21:13	16	habt		14	ποιεῖτε		attached-word	attached	0.3819	approved	0				AuxiliaryVerb of 'gemacht', by the parse of UDPipe's German-HDT model (Straka and Straková, ÚFAL, CC BY-NC-SA 4.0)
21:14	12	er		11	ἐθεράπευσεν		attached-word	attached	0.5962	approved	0				SubjectPronoun of 'heilte', by the parse of UDPipe's German-HDT model (Straka and Straková, ÚFAL, CC BY-NC-SA 4.0)
21:15	11	er		11	ἐποίησεν		attached-word	attached	0.49	approved	0				SubjectPronoun of 'tat', by the parse of UDPipe's German-HDT model (Straka and Straková, ÚFAL, CC BY-NC-SA 4.0)
21:20	8	sie		5	ἐθαύμασαν		attached-word	attached	0.7	approved	0				SubjectPronoun of 'verwunderten', by the parse of UDPipe's German-HDT model (Straka and Straková, ÚFAL, CC BY-NC-SA 4.0)
21:21	20	werdet		21	ποιήσετε		attached-word	attached	0.5634	approved	0				AuxiliaryVerb of 'tun', by the parse of UDPipe's German-HDT model (Straka and Straková, ÚFAL, CC BY-NC-SA 4.0)
21:21	31	ihr		27	εἴπητε		attached-word	attached	0.5624	approved	0				SubjectPronoun of 'sagen', by the parse of UDPipe's German-HDT model (Straka and Straková, ÚFAL, CC BY-NC-SA 4.0)
21:23	32	hat		26	ἔδωκεν		attached-word	attached	0.6466	approved	0				AuxiliaryVerb of 'gegeben', by the parse of UDPipe's German-HDT model (Straka and Straková, ÚFAL, CC BY-NC-SA 4.0)
21:25	24	wir		19	εἴπωμεν		attached-word	attached	0.5624	approved	0				SubjectPronoun of 'Sagen', by the parse of UDPipe's German-HDT model (Straka and Straková, ÚFAL, CC BY-NC-SA 4.0)
21:25	32	er		22	ἐρεῖ		attached-word	attached	0.336	approved	0				SubjectPronoun of 'sagen', by the parse of UDPipe's German-HDT model (Straka and Straková, ÚFAL, CC BY-NC-SA 4.0)
21:26	2	wir		3	εἴπωμεν		attached-word	attached	0.5624	approved	0				SubjectPronoun of 'Sagen', by the parse of UDPipe's German-HDT model (Straka and Straková, ÚFAL, CC BY-NC-SA 4.0)
21:26	11	wir		6	φοβούμεθα		attached-word	attached	0.5773	approved	0				SubjectPronoun of 'fürchten', by the parse of UDPipe's German-HDT model (Straka and Straková, ÚFAL, CC BY-NC-SA 4.0)
21:31	5	hat		5	ἐποίησεν		attached-word	attached	0.5138	approved	0				AuxiliaryVerb of 'getan', by the parse of UDPipe's German-HDT model (Straka and Straková, ÚFAL, CC BY-NC-SA 4.0)
21:31	10	Sie		10	λέγουσιν		attached-word	attached	0.6809	approved	0				SubjectPronoun of 'sprachen', by the parse of UDPipe's German-HDT model (Straka and Straková, ÚFAL, CC BY-NC-SA 4.0)
21:34	9	er		8	ἀπέστειλεν		attached-word	attached	0.5293	approved	0				SubjectPronoun of 'sandte', by the parse of UDPipe's German-HDT model (Straka and Straková, ÚFAL, CC BY-NC-SA 4.0)
21:35	9	sie		10	ἔδειραν		attached-word	attached	0.7	approved	0				SubjectPronoun of 'stäupten', by the parse of UDPipe's German-HDT model (Straka and Straková, ÚFAL, CC BY-NC-SA 4.0)
21:35	13	sie		13	ἀπέκτειναν		attached-word	attached	0.5342	approved	0				SubjectPronoun of 'töteten', by the parse of UDPipe's German-HDT model (Straka and Straková, ÚFAL, CC BY-NC-SA 4.0)
21:35	17	sie		16	ἐλιθοβόλησαν		attached-word	attached	0.4	approved	0				SubjectPronoun of 'steinigten', by the parse of UDPipe's German-HDT model (Straka and Straková, ÚFAL, CC BY-NC-SA 4.0)
21:36	3	er		2	ἀπέστειλεν		attached-word	attached	0.5293	approved	0				SubjectPronoun of 'sandte', by the parse of UDPipe's German-HDT model (Straka and Straková, ÚFAL, CC BY-NC-SA 4.0)
21:36	12	sie		9	ἐποίησαν		attached-word	attached	0.3654	approved	0				SubjectPronoun of 'taten', by the parse of UDPipe's German-HDT model (Straka and Straková, ÚFAL, CC BY-NC-SA 4.0)
21:37	3	er		3	ἀπέστειλεν		attached-word	attached	0.5293	approved	0				SubjectPronoun of 'sandte', by the parse of UDPipe's German-HDT model (Straka and Straková, ÚFAL, CC BY-NC-SA 4.0)
21:37	10	Sie		10	Ἐντραπήσονται		attached-word	attached	0.7	approved	0				SubjectPronoun of 'scheuen', by the parse of UDPipe's German-HDT model (Straka and Straková, ÚFAL, CC BY-NC-SA 4.0)
21:38	9	sie		7	εἶπον		attached-word	attached	0.6809	approved	0				SubjectPronoun of 'sprachen', by the parse of UDPipe's German-HDT model (Straka and Straková, ÚFAL, CC BY-NC-SA 4.0)
21:40	8	wird		3	ἔλθῃ		attached-word	attached	0.5478	approved	0				AuxiliaryVerb of 'kommen', by the parse of UDPipe's German-HDT model (Straka and Straková, ÚFAL, CC BY-NC-SA 4.0)
21:40	11	er		9	ποιήσει		attached-word	attached	0.5634	approved	0				SubjectPronoun of 'tun', by the parse of UDPipe's German-HDT model (Straka and Straková, ÚFAL, CC BY-NC-SA 4.0)
21:41	5	Er		5	ἀπολέσει		attached-word	attached	0.7	approved	0				SubjectPronoun of 'umbringen', by the parse of UDPipe's German-HDT model (Straka and Straková, ÚFAL, CC BY-NC-SA 4.0)
21:41	6	wird		5	ἀπολέσει		attached-word	attached	0.7	approved	0				AuxiliaryVerb of 'umbringen', by the parse of UDPipe's German-HDT model (Straka and Straková, ÚFAL, CC BY-NC-SA 4.0)
21:42	5	Habt		6	ἀνέγνωτε		attached-word	attached	0.7	approved	0				AuxiliaryVerb of 'gelesen', by the parse of UDPipe's German-HDT model (Straka and Straková, ÚFAL, CC BY-NC-SA 4.0)
21:43	3	ich		3	λέγω		attached-word	attached	0.6679	approved	0				SubjectPronoun of 'sage', by the parse of UDPipe's German-HDT model (Straka and Straková, ÚFAL, CC BY-NC-SA 4.0)
21:43	8	wird		6	ἀρθήσεται		attached-word	attached	0.3192	approved	0				AuxiliaryVerb of 'genommen', by the parse of UDPipe's German-HDT model (Straka and Straková, ÚFAL, CC BY-NC-SA 4.0)
21:43	16	werden		14	δοθήσεται		attached-word	attached	0.6466	approved	0				AuxiliaryVerb of 'gegeben', by the parse of UDPipe's German-HDT model (Straka and Straková, ÚFAL, CC BY-NC-SA 4.0)
21:44	13	er		13	πέσῃ		attached-word	attached	0.5875	approved	0				SubjectPronoun of 'fällt', by the parse of UDPipe's German-HDT model (Straka and Straková, ÚFAL, CC BY-NC-SA 4.0)
21:45	11	sie		11	ἔγνωσαν		attached-word	attached	0.4545	approved	0				SubjectPronoun of 'verstanden', by the parse of UDPipe's German-HDT model (Straka and Straková, ÚFAL, CC BY-NC-SA 4.0)
21:45	13	er		15	λέγει		attached-word	attached	0.3377	approved	0				SubjectPronoun of 'redete', by the parse of UDPipe's German-HDT model (Straka and Straková, ÚFAL, CC BY-NC-SA 4.0)
21:46	10	sie		5	ἐφοβήθησαν		attached-word	attached	0.6591	approved	0				SubjectPronoun of 'fürchteten', by the parse of UDPipe's German-HDT model (Straka and Straková, ÚFAL, CC BY-NC-SA 4.0)
22:4	3	er		2	ἀπέστειλεν		attached-word	attached	0.5293	approved	0				SubjectPronoun of 'sandte', by the parse of UDPipe's German-HDT model (Straka and Straková, ÚFAL, CC BY-NC-SA 4.0)
22:4	15	habe		13	ἡτοίμακα		attached-word	attached	0.5147	approved	0				AuxiliaryVerb of 'bereitet', by the parse of UDPipe's German-HDT model (Straka and Straková, ÚFAL, CC BY-NC-SA 4.0)
22:4	16	ich		13	ἡτοίμακα		attached-word	attached	0.5147	approved	0				SubjectPronoun of 'bereitet', by the parse of UDPipe's German-HDT model (Straka and Straková, ÚFAL, CC BY-NC-SA 4.0)
22:4	23	ist		20	τεθυμένα		attached-word	attached	0.7	approved	0				AuxiliaryVerb of 'geschlachtet', by the parse of UDPipe's German-HDT model (Straka and Straková, ÚFAL, CC BY-NC-SA 4.0)
22:8	3	er		2	λέγει		attached-word	attached	0.6774	approved	0				SubjectPronoun of 'sprach', by the parse of UDPipe's German-HDT model (Straka and Straková, ÚFAL, CC BY-NC-SA 4.0)
22:12	2	er		2	λέγει		attached-word	attached	0.6774	approved	0				SubjectPronoun of 'sprach', by the parse of UDPipe's German-HDT model (Straka and Straková, ÚFAL, CC BY-NC-SA 4.0)
22:14	3	sind		3	εἰσιν		attached-word	attached	0.3087	approved	0				AuxiliaryVerb of 'berufen', by the parse of UDPipe's German-HDT model (Straka and Straková, ÚFAL, CC BY-NC-SA 4.0)
22:16	15	wir		12	οἴδαμεν		attached-word	attached	0.5179	approved	0				SubjectPronoun of 'wissen', by the parse of UDPipe's German-HDT model (Straka and Straková, ÚFAL, CC BY-NC-SA 4.0)
22:18	8	er		8	εἶπεν		attached-word	attached	0.6774	approved	0				SubjectPronoun of 'sprach', by the parse of UDPipe's German-HDT model (Straka and Straková, ÚFAL, CC BY-NC-SA 4.0)
22:21	1	Sie		1	λέγουσιν		attached-word	attached	0.6811	approved	0				SubjectPronoun of 'sprachen', by the parse of UDPipe's German-HDT model (Straka and Straková, ÚFAL, CC BY-NC-SA 4.0)
22:21	9	er		4	λέγει		attached-word	attached	0.6774	approved	0				SubjectPronoun of 'sprach', by the parse of UDPipe's German-HDT model (Straka and Straková, ÚFAL, CC BY-NC-SA 4.0)
22:22	6	sie		3	ἐθαύμασαν		attached-word	attached	0.7	approved	0				SubjectPronoun of 'verwunderten', by the parse of UDPipe's German-HDT model (Straka and Straková, ÚFAL, CC BY-NC-SA 4.0)
22:25	20	er		16	ἀφῆκεν		attached-word	attached	0.3371	approved	0				SubjectPronoun of 'ließ', by the parse of UDPipe's German-HDT model (Straka and Straková, ÚFAL, CC BY-NC-SA 4.0)
22:31	1	Habt		8	ἀνέγνωτε		attached-word	attached	0.7	approved	0				AuxiliaryVerb of 'gelesen', by the parse of UDPipe's German-HDT model (Straka and Straková, ÚFAL, CC BY-NC-SA 4.0)
22:31	12	ist		10	ῥηθὲν		attached-word	attached	0.3	approved	0				AuxiliaryVerb of 'gesagt', by the parse of UDPipe's German-HDT model (Straka and Straková, ÚFAL, CC BY-NC-SA 4.0)
22:33	8	sie		5	ἐξεπλήσσοντο		attached-word	attached	0.3786	approved	0				SubjectPronoun of 'entsetzten', by the parse of UDPipe's German-HDT model (Straka and Straková, ÚFAL, CC BY-NC-SA 4.0)
22:34	15	sie		9	συνήχθησαν		attached-word	attached	0.7	approved	0				SubjectPronoun of 'versammelten', by the parse of UDPipe's German-HDT model (Straka and Straková, ÚFAL, CC BY-NC-SA 4.0)
22:39	7	Du		4	Ἀγαπήσεις		attached-word	attached	0.4783	approved	0				SubjectPronoun of 'lieben', by the parse of UDPipe's German-HDT model (Straka and Straková, ÚFAL, CC BY-NC-SA 4.0)
22:41	8	sie		5	ἐπηρώτησεν		attached-word	attached	0.6	approved	0				SubjectPronoun of 'fragte', by the parse of UDPipe's German-HDT model (Straka and Straková, ÚFAL, CC BY-NC-SA 4.0)
22:42	12	Sie		11	λέγουσιν		attached-word	attached	0.6811	approved	0				SubjectPronoun of 'sprachen', by the parse of UDPipe's German-HDT model (Straka and Straková, ÚFAL, CC BY-NC-SA 4.0)
22:43	1	Er		1	λέγει		attached-word	attached	0.6774	approved	0				SubjectPronoun of 'sprach', by the parse of UDPipe's German-HDT model (Straka and Straková, ÚFAL, CC BY-NC-SA 4.0)
22:44	3	hat		1	Εἶπεν		attached-word	attached	0.5857	approved	0				AuxiliaryVerb of 'gesagt', by the parse of UDPipe's German-HDT model (Straka and Straková, ÚFAL, CC BY-NC-SA 4.0)
22:44	15	ich		12	θῶ		attached-word	attached	0.4429	approved	0				SubjectPronoun of 'lege', by the parse of UDPipe's German-HDT model (Straka and Straková, ÚFAL, CC BY-NC-SA 4.0)
23:3	4	sie		5	εἴπωσιν		attached-word	attached	0.562	approved	0				SubjectPronoun of 'sagen', by the parse of UDPipe's German-HDT model (Straka and Straková, ÚFAL, CC BY-NC-SA 4.0)
23:3	10	sollt		9	τηρεῖτε		attached-word	attached	0.3712	approved	0				AuxiliaryVerb of 'halten', by the parse of UDPipe's German-HDT model (Straka and Straková, ÚFAL, CC BY-NC-SA 4.0)
23:3	19	sollt		16	ποιεῖτε		attached-word	attached	0.5644	approved	0				AuxiliaryVerb of 'tun', by the parse of UDPipe's German-HDT model (Straka and Straková, ÚFAL, CC BY-NC-SA 4.0)
23:3	20	ihr		16	ποιεῖτε		attached-word	attached	0.5644	approved	0				SubjectPronoun of 'tun', by the parse of UDPipe's German-HDT model (Straka and Straková, ÚFAL, CC BY-NC-SA 4.0)
23:5	6	sie		6	ποιοῦσιν		attached-word	attached	0.5644	approved	0				SubjectPronoun of 'tun', by the parse of UDPipe's German-HDT model (Straka and Straková, ÚFAL, CC BY-NC-SA 4.0)
23:7	17	werden		8	καλεῖσθαι		attached-word	attached	0.4577	approved	0				AuxiliaryVerb of 'genannt', by the parse of UDPipe's German-HDT model (Straka and Straková, ÚFAL, CC BY-NC-SA 4.0)
23:12	7	wird		5	ταπεινωθήσεται		attached-word	attached	0.7	approved	0				AuxiliaryVerb of 'erniedrigt', by the parse of UDPipe's German-HDT model (Straka and Straková, ÚFAL, CC BY-NC-SA 4.0)
23:12	15	wird		10	ὑψωθήσεται		attached-word	attached	0.625	approved	0				AuxiliaryVerb of 'erhöht', by the parse of UDPipe's German-HDT model (Straka and Straková, ÚFAL, CC BY-NC-SA 4.0)
23:23	32	soll		34	ποιῆσαι		attached-word	attached	0.5644	approved	0				AuxiliaryVerb of 'tun', by the parse of UDPipe's German-HDT model (Straka and Straková, ÚFAL, CC BY-NC-SA 4.0)
23:35	34	habt		25	ἐφονεύσατε		attached-word	attached	0.2821	approved	0				AuxiliaryVerb of 'getötet', by the parse of UDPipe's German-HDT model (Straka and Straková, ÚFAL, CC BY-NC-SA 4.0)
23:36	2	ich		2	λέγω		attached-word	attached	0.668	approved	0				SubjectPronoun of 'sage', by the parse of UDPipe's German-HDT model (Straka and Straková, ÚFAL, CC BY-NC-SA 4.0)
23:37	14	sind		10	ἀπεσταλμένους		attached-word	attached	0.5125	approved	0				AuxiliaryVerb of 'gesandt', by the parse of UDPipe's German-HDT model (Straka and Straková, ÚFAL, CC BY-NC-SA 4.0)
23:38	8	werden		2	ἀφίεται		attached-word	attached	0.43	approved	0				AuxiliaryVerb of 'gelassen', by the parse of UDPipe's German-HDT model (Straka and Straková, ÚFAL, CC BY-NC-SA 4.0)
23:39	2	ich		1	λέγω		attached-word	attached	0.668	approved	0				SubjectPronoun of 'sage', by the parse of UDPipe's German-HDT model (Straka and Straková, ÚFAL, CC BY-NC-SA 4.0)
23:39	5	Ihr		7	ἴδητε		attached-word	attached	0.5113	approved	0				SubjectPronoun of 'sehen', by the parse of UDPipe's German-HDT model (Straka and Straková, ÚFAL, CC BY-NC-SA 4.0)
23:39	6	werdet		7	ἴδητε		attached-word	attached	0.5113	approved	0				AuxiliaryVerb of 'sehen', by the parse of UDPipe's German-HDT model (Straka and Straková, ÚFAL, CC BY-NC-SA 4.0)
23:39	17	sei		13	Εὐλογημένος		attached-word	attached	0.5071	approved	0				AuxiliaryVerb of 'Gelobt', by the parse of UDPipe's German-HDT model (Straka and Straková, ÚFAL, CC BY-NC-SA 4.0)
24:2	12	ich		11	λέγω		attached-word	attached	0.6677	approved	0				SubjectPronoun of 'sage', by the parse of UDPipe's German-HDT model (Straka and Straková, ÚFAL, CC BY-NC-SA 4.0)
24:2	28	werde		22	καταλυθήσεται		attached-word	attached	0.55	approved	0				AuxiliaryVerb of 'zerbrochen', by the parse of UDPipe's German-HDT model (Straka and Straková, ÚFAL, CC BY-NC-SA 4.0)
24:3	19	wird		20	ἔσται		attached-word	attached	0.3464	approved	0				AuxiliaryVerb of 'geschehen', by the parse of UDPipe's German-HDT model (Straka and Straková, ÚFAL, CC BY-NC-SA 4.0)
24:5	3	werden		3	ἐλεύσονται		attached-word	attached	0.5489	approved	0				AuxiliaryVerb of 'kommen', by the parse of UDPipe's German-HDT model (Straka and Straková, ÚFAL, CC BY-NC-SA 4.0)
24:5	15	werden		15	πλανήσουσιν		attached-word	attached	0.5393	approved	0				AuxiliaryVerb of 'verführen', by the parse of UDPipe's German-HDT model (Straka and Straková, ÚFAL, CC BY-NC-SA 4.0)
24:6	2	werdet		1	μελλήσετε		attached-word	attached	0.6802	approved	0				AuxiliaryVerb of 'hören', by the parse of UDPipe's German-HDT model (Straka and Straková, ÚFAL, CC BY-NC-SA 4.0)
24:9	3	sie		2	παραδώσουσιν		attached-word	attached	0.7	approved	0				SubjectPronoun of 'überantworten', by the parse of UDPipe's German-HDT model (Straka and Straková, ÚFAL, CC BY-NC-SA 4.0)
24:10	2	werden		7	παραδώσουσιν		attached-word	attached	0.7	approved	0				AuxiliaryVerb of 'verraten', by the parse of UDPipe's German-HDT model (Straka and Straková, ÚFAL, CC BY-NC-SA 4.0)
24:10	7	werden		7	παραδώσουσιν		attached-word	attached	0.7	approved	0				AuxiliaryVerb of 'verraten', by the parse of UDPipe's German-HDT model (Straka and Straková, ÚFAL, CC BY-NC-SA 4.0)
24:11	3	werden		4	ἐγερθήσονται		attached-word	attached	0.7	approved	0				AuxiliaryVerb of 'erheben', by the parse of UDPipe's German-HDT model (Straka and Straková, ÚFAL, CC BY-NC-SA 4.0)
24:11	10	werden		6	πλανήσουσιν		attached-word	attached	0.5393	approved	0				AuxiliaryVerb of 'verführen', by the parse of UDPipe's German-HDT model (Straka and Straková, ÚFAL, CC BY-NC-SA 4.0)
24:14	3	wird		2	κηρυχθήσεται		attached-word	attached	0.4187	approved	0				AuxiliaryVerb of 'gepredigt', by the parse of UDPipe's German-HDT model (Straka and Straková, ÚFAL, CC BY-NC-SA 4.0)
24:14	5	werden		2	κηρυχθήσεται		attached-word	attached	0.4187	approved	0				AuxiliaryVerb of 'gepredigt', by the parse of UDPipe's German-HDT model (Straka and Straková, ÚFAL, CC BY-NC-SA 4.0)
24:14	22	wird		19	ἥξει		attached-word	attached	0.2836	approved	0				AuxiliaryVerb of 'kommen', by the parse of UDPipe's German-HDT model (Straka and Straková, ÚFAL, CC BY-NC-SA 4.0)
24:15	2	ihr		3	ἴδητε		attached-word	attached	0.5113	approved	0				SubjectPronoun of 'sehen', by the parse of UDPipe's German-HDT model (Straka and Straková, ÚFAL, CC BY-NC-SA 4.0)
24:15	5	werdet		3	ἴδητε		attached-word	attached	0.5113	approved	0				AuxiliaryVerb of 'sehen', by the parse of UDPipe's German-HDT model (Straka and Straková, ÚFAL, CC BY-NC-SA 4.0)
24:15	12	ist		9	ῥηθὲν		attached-word	attached	0.2985	approved	0				AuxiliaryVerb of 'gesagt', by the parse of UDPipe's German-HDT model (Straka and Straková, ÚFAL, CC BY-NC-SA 4.0)
24:23	15	sollt		13	πιστεύσητε		attached-word	attached	0.358	approved	0				AuxiliaryVerb of 'glauben', by the parse of UDPipe's German-HDT model (Straka and Straková, ÚFAL, CC BY-NC-SA 4.0)
24:24	18	werden		13	πλανῆσαι		attached-word	attached	0.5714	approved	0				AuxiliaryVerb of 'verführt', by the parse of UDPipe's German-HDT model (Straka and Straková, ÚFAL, CC BY-NC-SA 4.0)
24:26	3	sie		3	εἴπωσιν		attached-word	attached	0.5602	approved	0				SubjectPronoun of 'sagen', by the parse of UDPipe's German-HDT model (Straka and Straková, ÚFAL, CC BY-NC-SA 4.0)
24:26	7	werden		3	εἴπωσιν		attached-word	attached	0.5602	approved	0				AuxiliaryVerb of 'sagen', by the parse of UDPipe's German-HDT model (Straka and Straková, ÚFAL, CC BY-NC-SA 4.0)
24:29	26	werden		32	σαλευθήσονται		attached-word	attached	0.52	approved	0				AuxiliaryVerb of 'bewegen', by the parse of UDPipe's German-HDT model (Straka and Straková, ÚFAL, CC BY-NC-SA 4.0)
24:31	2	er		2	ἀποστελεῖ		attached-word	attached	0.3447	approved	0				SubjectPronoun of 'senden', by the parse of UDPipe's German-HDT model (Straka and Straková, ÚFAL, CC BY-NC-SA 4.0)
24:31	3	wird		2	ἀποστελεῖ		attached-word	attached	0.3447	approved	0				AuxiliaryVerb of 'senden', by the parse of UDPipe's German-HDT model (Straka and Straková, ÚFAL, CC BY-NC-SA 4.0)
24:34	2	ich		2	λέγω		attached-word	attached	0.6677	approved	0				SubjectPronoun of 'sage', by the parse of UDPipe's German-HDT model (Straka and Straková, ÚFAL, CC BY-NC-SA 4.0)
24:34	7	wird		7	παρέλθῃ		attached-word	attached	0.61	approved	0				AuxiliaryVerb of 'vergehen', by the parse of UDPipe's German-HDT model (Straka and Straková, ÚFAL, CC BY-NC-SA 4.0)
24:35	4	werden		6	παρελεύσεται		attached-word	attached	0.61	approved	0				AuxiliaryVerb of 'vergehen', by the parse of UDPipe's German-HDT model (Straka and Straková, ÚFAL, CC BY-NC-SA 4.0)
24:35	9	werden		13	παρέλθωσιν		attached-word	attached	0.61	approved	0				AuxiliaryVerb of 'vergehen', by the parse of UDPipe's German-HDT model (Straka and Straková, ÚFAL, CC BY-NC-SA 4.0)
24:40	9	wird		8	παραλαμβάνεται		attached-word	attached	0.3885	approved	0				AuxiliaryVerb of 'angenommen', by the parse of UDPipe's German-HDT model (Straka and Straková, ÚFAL, CC BY-NC-SA 4.0)
24:40	14	wird		11	ἀφίεται		attached-word	attached	0.3625	approved	0				AuxiliaryVerb of 'verlassen', by the parse of UDPipe's German-HDT model (Straka and Straková, ÚFAL, CC BY-NC-SA 4.0)
24:40	16	werden		11	ἀφίεται		attached-word	attached	0.3625	approved	0				AuxiliaryVerb of 'verlassen', by the parse of UDPipe's German-HDT model (Straka and Straková, ÚFAL, CC BY-NC-SA 4.0)
24:41	8	wird		7	παραλαμβάνεται		attached-word	attached	0.3885	approved	0				AuxiliaryVerb of 'angenommen', by the parse of UDPipe's German-HDT model (Straka and Straková, ÚFAL, CC BY-NC-SA 4.0)
24:41	13	wird		10	ἀφίεται		attached-word	attached	0.3625	approved	0				AuxiliaryVerb of 'verlassen', by the parse of UDPipe's German-HDT model (Straka and Straková, ÚFAL, CC BY-NC-SA 4.0)
24:41	15	werden		10	ἀφίεται		attached-word	attached	0.3625	approved	0				AuxiliaryVerb of 'verlassen', by the parse of UDPipe's German-HDT model (Straka and Straková, ÚFAL, CC BY-NC-SA 4.0)
24:42	12	wird		11	ἔρχεται		attached-word	attached	0.5489	approved	0				AuxiliaryVerb of 'kommen', by the parse of UDPipe's German-HDT model (Straka and Straková, ÚFAL, CC BY-NC-SA 4.0)
24:43	2	sollt		6	ᾔδει		attached-word	attached	0.5232	approved	0				AuxiliaryVerb of 'wissen', by the parse of UDPipe's German-HDT model (Straka and Straková, ÚFAL, CC BY-NC-SA 4.0)
24:43	17	würde		14	ἐγρηγόρησεν		attached-word	attached	0.55	approved	0				AuxiliaryVerb of 'wachen', by the parse of UDPipe's German-HDT model (Straka and Straková, ÚFAL, CC BY-NC-SA 4.0)
24:43	18	er		14	ἐγρηγόρησεν		attached-word	attached	0.55	approved	0				SubjectPronoun of 'wachen', by the parse of UDPipe's German-HDT model (Straka and Straková, ÚFAL, CC BY-NC-SA 4.0)
24:44	10	wird		16	ἔρχεται		attached-word	attached	0.5489	approved	0				AuxiliaryVerb of 'kommen', by the parse of UDPipe's German-HDT model (Straka and Straková, ÚFAL, CC BY-NC-SA 4.0)
24:45	14	hat		10	κατέστησεν		attached-word	attached	0.3283	approved	0				AuxiliaryVerb of 'gesetzt', by the parse of UDPipe's German-HDT model (Straka and Straková, ÚFAL, CC BY-NC-SA 4.0)
24:47	2	ich		2	λέγω		attached-word	attached	0.6677	approved	0				SubjectPronoun of 'sage', by the parse of UDPipe's German-HDT model (Straka and Straková, ÚFAL, CC BY-NC-SA 4.0)
24:47	5	Er		10	καταστήσει		attached-word	attached	0.4429	approved	0				SubjectPronoun of 'setzen', by the parse of UDPipe's German-HDT model (Straka and Straková, ÚFAL, CC BY-NC-SA 4.0)
24:48	7	wird		3	εἴπῃ		attached-word	attached	0.5602	approved	0				AuxiliaryVerb of 'sagen', by the parse of UDPipe's German-HDT model (Straka and Straková, ÚFAL, CC BY-NC-SA 4.0)
25:3	9	sie		8	ἔλαβον		attached-word	attached	0.4362	approved	0				SubjectPronoun of 'nahmen', by the parse of UDPipe's German-HDT model (Straka and Straková, ÚFAL, CC BY-NC-SA 4.0)
25:12	7	ich		6	λέγω		attached-word	attached	0.6679	approved	0				SubjectPronoun of 'sage', by the parse of UDPipe's German-HDT model (Straka and Straková, ÚFAL, CC BY-NC-SA 4.0)
25:12	10	Ich		6	λέγω		attached-word	attached	0.6679	approved	0				SubjectPronoun of 'sage', by the parse of UDPipe's German-HDT model (Straka and Straková, ÚFAL, CC BY-NC-SA 4.0)
25:13	4	ihr		5	οἴδατε		attached-word	attached	0.575	approved	0				SubjectPronoun of 'wisset', by the parse of UDPipe's German-HDT model (Straka and Straková, ÚFAL, CC BY-NC-SA 4.0)
25:15	4	er		4	ἔδωκεν		attached-word	attached	0.5833	approved	0				SubjectPronoun of 'gab', by the parse of UDPipe's German-HDT model (Straka and Straková, ÚFAL, CC BY-NC-SA 4.0)
25:16	9	hatte		6	λαβὼν		attached-word	attached	0.5588	approved	0				AuxiliaryVerb of 'empfangen', by the parse of UDPipe's German-HDT model (Straka and Straková, ÚFAL, CC BY-NC-SA 4.0)
25:18	5	hatte		5	λαβὼν		attached-word	attached	0.5588	approved	0				AuxiliaryVerb of 'empfangen', by the parse of UDPipe's German-HDT model (Straka and Straková, ÚFAL, CC BY-NC-SA 4.0)
25:20	8	hatte		7	λαβὼν		attached-word	attached	0.5588	approved	0				AuxiliaryVerb of 'empfangen', by the parse of UDPipe's German-HDT model (Straka and Straková, ÚFAL, CC BY-NC-SA 4.0)
25:20	26	ich		22	ἐκέρδησα		attached-word	attached	0.7	approved	0				SubjectPronoun of 'gewonnen', by the parse of UDPipe's German-HDT model (Straka and Straková, ÚFAL, CC BY-NC-SA 4.0)
25:20	27	habe		22	ἐκέρδησα		attached-word	attached	0.7	approved	0				AuxiliaryVerb of 'gewonnen', by the parse of UDPipe's German-HDT model (Straka and Straková, ÚFAL, CC BY-NC-SA 4.0)
25:21	19	ich		18	καταστήσω		attached-word	attached	0.4	approved	0				SubjectPronoun of 'setzen', by the parse of UDPipe's German-HDT model (Straka and Straková, ÚFAL, CC BY-NC-SA 4.0)
25:22	21	ich		17	ἐκέρδησα		attached-word	attached	0.7	approved	0				SubjectPronoun of 'gewonnen', by the parse of UDPipe's German-HDT model (Straka and Straková, ÚFAL, CC BY-NC-SA 4.0)
25:22	22	habe		17	ἐκέρδησα		attached-word	attached	0.7	approved	0				AuxiliaryVerb of 'gewonnen', by the parse of UDPipe's German-HDT model (Straka and Straková, ÚFAL, CC BY-NC-SA 4.0)
25:23	18	ich		18	καταστήσω		attached-word	attached	0.4	approved	0				SubjectPronoun of 'setzen', by the parse of UDPipe's German-HDT model (Straka and Straková, ÚFAL, CC BY-NC-SA 4.0)
25:24	9	hatte		8	εἰληφὼς		attached-word	attached	0.5588	approved	0				AuxiliaryVerb of 'empfangen', by the parse of UDPipe's German-HDT model (Straka and Straková, ÚFAL, CC BY-NC-SA 4.0)
25:24	13	ich		11	ἔγνων		attached-word	attached	0.3143	approved	0				SubjectPronoun of 'wußte', by the parse of UDPipe's German-HDT model (Straka and Straková, ÚFAL, CC BY-NC-SA 4.0)
25:24	24	du		20	ἔσπειρας		attached-word	attached	0.7	approved	0				SubjectPronoun of 'gesät', by the parse of UDPipe's German-HDT model (Straka and Straková, ÚFAL, CC BY-NC-SA 4.0)
25:24	27	hast		20	ἔσπειρας		attached-word	attached	0.7	approved	0				AuxiliaryVerb of 'gesät', by the parse of UDPipe's German-HDT model (Straka and Straková, ÚFAL, CC BY-NC-SA 4.0)
25:26	20	ich		17	ἔσπειρα		attached-word	attached	0.7	approved	0				SubjectPronoun of 'gesät', by the parse of UDPipe's German-HDT model (Straka and Straková, ÚFAL, CC BY-NC-SA 4.0)
25:26	23	habe		17	ἔσπειρα		attached-word	attached	0.7	approved	0				AuxiliaryVerb of 'gesät', by the parse of UDPipe's German-HDT model (Straka and Straková, ÚFAL, CC BY-NC-SA 4.0)
25:27	15	wäre		11	ἐλθὼν		attached-word	attached	0.5433	approved	0				AuxiliaryVerb of 'gekommen', by the parse of UDPipe's German-HDT model (Straka and Straková, ÚFAL, CC BY-NC-SA 4.0)
25:29	6	wird		5	δοθήσεται		attached-word	attached	0.6508	approved	0				AuxiliaryVerb of 'gegeben', by the parse of UDPipe's German-HDT model (Straka and Straková, ÚFAL, CC BY-NC-SA 4.0)
25:29	8	werden		5	δοθήσεται		attached-word	attached	0.6508	approved	0				AuxiliaryVerb of 'gegeben', by the parse of UDPipe's German-HDT model (Straka and Straková, ÚFAL, CC BY-NC-SA 4.0)
25:29	26	werden		15	ἀρθήσεται		attached-word	attached	0.3538	approved	0				AuxiliaryVerb of 'genommen', by the parse of UDPipe's German-HDT model (Straka and Straková, ÚFAL, CC BY-NC-SA 4.0)
25:31	7	wird		3	ἔλθῃ		attached-word	attached	0.5478	approved	0				AuxiliaryVerb of 'kommen', by the parse of UDPipe's German-HDT model (Straka and Straková, ÚFAL, CC BY-NC-SA 4.0)
25:31	18	wird		19	καθίσει		attached-word	attached	0.3824	approved	0				AuxiliaryVerb of 'sitzen', by the parse of UDPipe's German-HDT model (Straka and Straková, ÚFAL, CC BY-NC-SA 4.0)
25:31	19	er		19	καθίσει		attached-word	attached	0.3824	approved	0				SubjectPronoun of 'sitzen', by the parse of UDPipe's German-HDT model (Straka and Straková, ÚFAL, CC BY-NC-SA 4.0)
25:32	2	werden		2	συναχθήσονται		attached-word	attached	0.55	approved	0				AuxiliaryVerb of 'versammelt', by the parse of UDPipe's German-HDT model (Straka and Straková, ÚFAL, CC BY-NC-SA 4.0)
25:32	8	werden		2	συναχθήσονται		attached-word	attached	0.55	approved	0				AuxiliaryVerb of 'versammelt', by the parse of UDPipe's German-HDT model (Straka and Straková, ÚFAL, CC BY-NC-SA 4.0)
25:33	2	wird		2	στήσει		attached-word	attached	0.475	approved	0				AuxiliaryVerb of 'stellen', by the parse of UDPipe's German-HDT model (Straka and Straková, ÚFAL, CC BY-NC-SA 4.0)
25:34	24	ist		17	ἡτοιμασμένην		attached-word	attached	0.525	approved	0				AuxiliaryVerb of 'bereitet', by the parse of UDPipe's German-HDT model (Straka and Straková, ÚFAL, CC BY-NC-SA 4.0)
25:35	17	habt		9	ἐποτίσατέ		attached-word	attached	0.7	approved	0				AuxiliaryVerb of 'getränkt', by the parse of UDPipe's German-HDT model (Straka and Straková, ÚFAL, CC BY-NC-SA 4.0)
25:36	7	habt		3	περιεβάλετέ		attached-word	attached	0.5	approved	0				AuxiliaryVerb of 'bekleidet', by the parse of UDPipe's German-HDT model (Straka and Straková, ÚFAL, CC BY-NC-SA 4.0)
25:36	25	seid		13	ἤλθατε		attached-word	attached	0.5433	approved	0				AuxiliaryVerb of 'gekommen', by the parse of UDPipe's German-HDT model (Straka and Straková, ÚFAL, CC BY-NC-SA 4.0)
25:37	2	werden		2	ἀποκριθήσονται		attached-word	attached	0.5714	approved	0				AuxiliaryVerb of 'antworten', by the parse of UDPipe's German-HDT model (Straka and Straková, ÚFAL, CC BY-NC-SA 4.0)
25:37	10	haben		10	εἴδομεν		attached-word	attached	0.6265	approved	0				AuxiliaryVerb of 'gesehen', by the parse of UDPipe's German-HDT model (Straka and Straková, ÚFAL, CC BY-NC-SA 4.0)
25:37	11	wir		10	εἴδομεν		attached-word	attached	0.6265	approved	0				SubjectPronoun of 'gesehen', by the parse of UDPipe's German-HDT model (Straka and Straková, ÚFAL, CC BY-NC-SA 4.0)
25:37	22	haben		17	ἐποτίσαμεν		attached-word	attached	0.7	approved	0				AuxiliaryVerb of 'getränkt', by the parse of UDPipe's German-HDT model (Straka and Straková, ÚFAL, CC BY-NC-SA 4.0)
25:38	2	haben		4	εἴδομεν		attached-word	attached	0.6265	approved	0				AuxiliaryVerb of 'gesehen', by the parse of UDPipe's German-HDT model (Straka and Straková, ÚFAL, CC BY-NC-SA 4.0)
25:38	3	wir		4	εἴδομεν		attached-word	attached	0.6265	approved	0				SubjectPronoun of 'gesehen', by the parse of UDPipe's German-HDT model (Straka and Straková, ÚFAL, CC BY-NC-SA 4.0)
25:39	2	haben		4	εἴδομεν		attached-word	attached	0.6265	approved	0				AuxiliaryVerb of 'gesehen', by the parse of UDPipe's German-HDT model (Straka and Straková, ÚFAL, CC BY-NC-SA 4.0)
25:39	3	wir		4	εἴδομεν		attached-word	attached	0.6265	approved	0				SubjectPronoun of 'gesehen', by the parse of UDPipe's German-HDT model (Straka and Straková, ÚFAL, CC BY-NC-SA 4.0)
25:39	10	sind		10	ἤλθομεν		attached-word	attached	0.5433	approved	0				AuxiliaryVerb of 'gekommen', by the parse of UDPipe's German-HDT model (Straka and Straková, ÚFAL, CC BY-NC-SA 4.0)
25:40	4	wird		2	ἀποκριθεὶς		attached-word	attached	0.5714	approved	0				AuxiliaryVerb of 'antworten', by the parse of UDPipe's German-HDT model (Straka and Straková, ÚFAL, CC BY-NC-SA 4.0)
25:40	11	ich		8	λέγω		attached-word	attached	0.6679	approved	0				SubjectPronoun of 'sage', by the parse of UDPipe's German-HDT model (Straka and Straková, ÚFAL, CC BY-NC-SA 4.0)
25:40	17	habt		12	ἐποιήσατε		attached-word	attached	0.5105	approved	0				AuxiliaryVerb of 'getan', by the parse of UDPipe's German-HDT model (Straka and Straková, ÚFAL, CC BY-NC-SA 4.0)
25:40	25	habt		21	ἐποιήσατε		attached-word	attached	0.5105	approved	0				AuxiliaryVerb of 'getan', by the parse of UDPipe's German-HDT model (Straka and Straková, ÚFAL, CC BY-NC-SA 4.0)
25:41	3	er		2	ἐρεῖ		attached-word	attached	0.3326	approved	0				SubjectPronoun of 'sagen', by the parse of UDPipe's German-HDT model (Straka and Straková, ÚFAL, CC BY-NC-SA 4.0)
25:41	22	ist		17	ἡτοιμασμένον		attached-word	attached	0.525	approved	0				AuxiliaryVerb of 'bereitet', by the parse of UDPipe's German-HDT model (Straka and Straková, ÚFAL, CC BY-NC-SA 4.0)
25:42	17	habt		11	ἐποτίσατέ		attached-word	attached	0.7	approved	0				AuxiliaryVerb of 'getränkt', by the parse of UDPipe's German-HDT model (Straka and Straková, ÚFAL, CC BY-NC-SA 4.0)
25:43	18	habt		10	περιεβάλετέ		attached-word	attached	0.5	approved	0				AuxiliaryVerb of 'bekleidet', by the parse of UDPipe's German-HDT model (Straka and Straková, ÚFAL, CC BY-NC-SA 4.0)
25:44	2	werden		2	ἀποκριθήσονται		attached-word	attached	0.5714	approved	0				AuxiliaryVerb of 'antworten', by the parse of UDPipe's German-HDT model (Straka and Straková, ÚFAL, CC BY-NC-SA 4.0)
25:44	28	haben		24	διηκονήσαμέν		attached-word	attached	0.475	approved	0				AuxiliaryVerb of 'gedient', by the parse of UDPipe's German-HDT model (Straka and Straková, ÚFAL, CC BY-NC-SA 4.0)
25:45	2	wird		2	ἀποκριθήσεται		attached-word	attached	0.5714	approved	0				AuxiliaryVerb of 'antworten', by the parse of UDPipe's German-HDT model (Straka and Straková, ÚFAL, CC BY-NC-SA 4.0)
25:45	3	er		2	ἀποκριθήσεται		attached-word	attached	0.5714	approved	0				SubjectPronoun of 'antworten', by the parse of UDPipe's German-HDT model (Straka and Straková, ÚFAL, CC BY-NC-SA 4.0)
25:45	9	ich		6	λέγω		attached-word	attached	0.6679	approved	0				SubjectPronoun of 'sage', by the parse of UDPipe's German-HDT model (Straka and Straková, ÚFAL, CC BY-NC-SA 4.0)
25:45	16	habt		11	ἐποιήσατε		attached-word	attached	0.5105	approved	0				AuxiliaryVerb of 'getan', by the parse of UDPipe's German-HDT model (Straka and Straková, ÚFAL, CC BY-NC-SA 4.0)
25:45	22	habt		18	ἐποιήσατε		attached-word	attached	0.5105	approved	0				AuxiliaryVerb of 'getan', by the parse of UDPipe's German-HDT model (Straka and Straková, ÚFAL, CC BY-NC-SA 4.0)
26:1	11	hatte		4	ἐτέλεσεν		attached-word	attached	0.4	approved	0				AuxiliaryVerb of 'vollendet', by the parse of UDPipe's German-HDT model (Straka and Straková, ÚFAL, CC BY-NC-SA 4.0)
26:1	13	er		11	εἶπεν		attached-word	attached	0.6774	approved	0				SubjectPronoun of 'sprach', by the parse of UDPipe's German-HDT model (Straka and Straková, ÚFAL, CC BY-NC-SA 4.0)
26:2	1	Ihr		1	Οἴδατε		attached-word	attached	0.575	approved	0				SubjectPronoun of 'wisset', by the parse of UDPipe's German-HDT model (Straka and Straková, ÚFAL, CC BY-NC-SA 4.0)
26:2	13	wird		14	παραδίδοται		attached-word	attached	0.7	approved	0				AuxiliaryVerb of 'überantwortet', by the parse of UDPipe's German-HDT model (Straka and Straková, ÚFAL, CC BY-NC-SA 4.0)
26:2	15	werden		14	παραδίδοται		attached-word	attached	0.7	approved	0				AuxiliaryVerb of 'überantwortet', by the parse of UDPipe's German-HDT model (Straka and Straková, ÚFAL, CC BY-NC-SA 4.0)
26:2	19	werde		17	σταυρωθῆναι		attached-word	attached	0.6357	approved	0				AuxiliaryVerb of 'gekreuzigt', by the parse of UDPipe's German-HDT model (Straka and Straková, ÚFAL, CC BY-NC-SA 4.0)
26:4	5	sie		7	κρατήσωσιν		attached-word	attached	0.55	approved	0				SubjectPronoun of 'griffen', by the parse of UDPipe's German-HDT model (Straka and Straková, ÚFAL, CC BY-NC-SA 4.0)
26:5	1	Sie		1	ἔλεγον		attached-word	attached	0.6809	approved	0				SubjectPronoun of 'sprachen', by the parse of UDPipe's German-HDT model (Straka and Straková, ÚFAL, CC BY-NC-SA 4.0)
26:9	3	hätte		4	πραθῆναι		attached-word	attached	0.5875	approved	0				AuxiliaryVerb of 'verkauft', by the parse of UDPipe's German-HDT model (Straka and Straková, ÚFAL, CC BY-NC-SA 4.0)
26:9	11	werden		7	δοθῆναι		attached-word	attached	0.6471	approved	0				AuxiliaryVerb of 'gegeben', by the parse of UDPipe's German-HDT model (Straka and Straková, ÚFAL, CC BY-NC-SA 4.0)
26:10	6	er		5	εἶπεν		attached-word	attached	0.6774	approved	0				SubjectPronoun of 'sprach', by the parse of UDPipe's German-HDT model (Straka and Straková, ÚFAL, CC BY-NC-SA 4.0)
26:12	10	hat		15	ἐποίησεν		attached-word	attached	0.5184	approved	0				AuxiliaryVerb of 'getan', by the parse of UDPipe's German-HDT model (Straka and Straková, ÚFAL, CC BY-NC-SA 4.0)
26:12	11	sie		15	ἐποίησεν		attached-word	attached	0.5184	approved	0				SubjectPronoun of 'getan', by the parse of UDPipe's German-HDT model (Straka and Straková, ÚFAL, CC BY-NC-SA 4.0)
26:13	2	ich		2	λέγω		attached-word	attached	0.6675	approved	0				SubjectPronoun of 'sage', by the parse of UDPipe's German-HDT model (Straka and Straková, ÚFAL, CC BY-NC-SA 4.0)
26:13	9	wird		6	κηρυχθῇ		attached-word	attached	0.45	approved	0				AuxiliaryVerb of 'gepredigt', by the parse of UDPipe's German-HDT model (Straka and Straková, ÚFAL, CC BY-NC-SA 4.0)
26:13	25	hat		17	ἐποίησεν		attached-word	attached	0.5184	approved	0				AuxiliaryVerb of 'getan', by the parse of UDPipe's German-HDT model (Straka and Straková, ÚFAL, CC BY-NC-SA 4.0)
26:16	6	er		4	ἐζήτει		attached-word	attached	0.6357	approved	0				SubjectPronoun of 'suchte', by the parse of UDPipe's German-HDT model (Straka and Straková, ÚFAL, CC BY-NC-SA 4.0)
26:16	9	er		8	παραδῷ		attached-word	attached	0.7	approved	0				SubjectPronoun of 'verriete', by the parse of UDPipe's German-HDT model (Straka and Straková, ÚFAL, CC BY-NC-SA 4.0)
26:17	21	wir		14	ἑτοιμάσωμέν		attached-word	attached	0.7	approved	0				SubjectPronoun of 'bereiten', by the parse of UDPipe's German-HDT model (Straka and Straková, ÚFAL, CC BY-NC-SA 4.0)
26:21	6	er		4	εἶπεν		attached-word	attached	0.6774	approved	0				SubjectPronoun of 'sprach', by the parse of UDPipe's German-HDT model (Straka and Straková, ÚFAL, CC BY-NC-SA 4.0)
26:21	14	wird		12	παραδώσει		attached-word	attached	0.7	approved	0				AuxiliaryVerb of 'verraten', by the parse of UDPipe's German-HDT model (Straka and Straková, ÚFAL, CC BY-NC-SA 4.0)
26:22	3	wurden		2	λυπούμενοι		attached-word	attached	0.5412	approved	0				AuxiliaryVerb of 'betrübt', by the parse of UDPipe's German-HDT model (Straka and Straková, ÚFAL, CC BY-NC-SA 4.0)
26:23	16	wird		16	παραδώσει		attached-word	attached	0.7	approved	0				AuxiliaryVerb of 'verraten', by the parse of UDPipe's German-HDT model (Straka and Straková, ÚFAL, CC BY-NC-SA 4.0)
26:24	22	wird		22	παραδίδοται		attached-word	attached	0.7	approved	0				AuxiliaryVerb of 'verraten', by the parse of UDPipe's German-HDT model (Straka and Straková, ÚFAL, CC BY-NC-SA 4.0)
26:24	31	wäre		28	ἐγεννήθη		attached-word	attached	0.5977	approved	0				AuxiliaryVerb of 'geboren', by the parse of UDPipe's German-HDT model (Straka and Straková, ÚFAL, CC BY-NC-SA 4.0)
26:25	12	Er		12	λέγει		attached-word	attached	0.6774	approved	0				SubjectPronoun of 'sprach', by the parse of UDPipe's German-HDT model (Straka and Straková, ÚFAL, CC BY-NC-SA 4.0)
26:29	1	Ich		1	λέγω		attached-word	attached	0.6675	approved	0				SubjectPronoun of 'sage', by the parse of UDPipe's German-HDT model (Straka and Straková, ÚFAL, CC BY-NC-SA 4.0)
26:29	4	Ich		6	πίω		attached-word	attached	0.6855	approved	0				SubjectPronoun of 'trinken', by the parse of UDPipe's German-HDT model (Straka and Straková, ÚFAL, CC BY-NC-SA 4.0)
26:29	25	werde		21	πίνω		attached-word	attached	0.6855	approved	0				AuxiliaryVerb of 'trinken', by the parse of UDPipe's German-HDT model (Straka and Straková, ÚFAL, CC BY-NC-SA 4.0)
26:32	6	ich		6	προάξω		attached-word	attached	0.3625	approved	0				SubjectPronoun of 'hingehen', by the parse of UDPipe's German-HDT model (Straka and Straková, ÚFAL, CC BY-NC-SA 4.0)
26:34	6	ich		6	λέγω		attached-word	attached	0.6774	approved	0				SubjectPronoun of 'sprach', by the parse of UDPipe's German-HDT model (Straka and Straková, ÚFAL, CC BY-NC-SA 4.0)
26:34	16	wirst		17	ἀπαρνήσῃ		attached-word	attached	0.3625	approved	0				AuxiliaryVerb of 'verleugnen', by the parse of UDPipe's German-HDT model (Straka and Straková, ÚFAL, CC BY-NC-SA 4.0)
26:34	17	du		17	ἀπαρνήσῃ		attached-word	attached	0.3625	approved	0				SubjectPronoun of 'verleugnen', by the parse of UDPipe's German-HDT model (Straka and Straková, ÚFAL, CC BY-NC-SA 4.0)
26:35	14	ich		14	ἀπαρνήσομαι		attached-word	attached	0.3625	approved	0				SubjectPronoun of 'verleugnen', by the parse of UDPipe's German-HDT model (Straka and Straková, ÚFAL, CC BY-NC-SA 4.0)
26:40	2	er		2	ἔρχεται		attached-word	attached	0.5138	approved	0				SubjectPronoun of 'kam', by the parse of UDPipe's German-HDT model (Straka and Straková, ÚFAL, CC BY-NC-SA 4.0)
26:42	21	ich		17	πίω		attached-word	attached	0.6357	approved	0				SubjectPronoun of 'trinke', by the parse of UDPipe's German-HDT model (Straka and Straková, ÚFAL, CC BY-NC-SA 4.0)
26:45	3	er		2	ἔρχεται		attached-word	attached	0.5138	approved	0				SubjectPronoun of 'kam', by the parse of UDPipe's German-HDT model (Straka and Straková, ÚFAL, CC BY-NC-SA 4.0)
26:45	32	wird		22	παραδίδοται		attached-word	attached	0.7	approved	0				AuxiliaryVerb of 'überantwortet', by the parse of UDPipe's German-HDT model (Straka and Straková, ÚFAL, CC BY-NC-SA 4.0)
26:48	4	hatte		5	ἔδωκεν		attached-word	attached	0.6471	approved	0				AuxiliaryVerb of 'gegeben', by the parse of UDPipe's German-HDT model (Straka and Straková, ÚFAL, CC BY-NC-SA 4.0)
26:48	12	ich		11	φιλήσω		attached-word	attached	0.475	approved	0				SubjectPronoun of 'küssen', by the parse of UDPipe's German-HDT model (Straka and Straková, ÚFAL, CC BY-NC-SA 4.0)
26:48	14	werde		11	φιλήσω		attached-word	attached	0.475	approved	0				AuxiliaryVerb of 'küssen', by the parse of UDPipe's German-HDT model (Straka and Straková, ÚFAL, CC BY-NC-SA 4.0)
26:52	18	soll		21	ἀπολοῦνται		attached-word	attached	0.7	approved	0				AuxiliaryVerb of 'umkommen', by the parse of UDPipe's German-HDT model (Straka and Straková, ÚFAL, CC BY-NC-SA 4.0)
26:54	2	würde		3	πληρωθῶσιν		attached-word	attached	0.5071	approved	0				AuxiliaryVerb of 'erfüllet', by the parse of UDPipe's German-HDT model (Straka and Straková, ÚFAL, CC BY-NC-SA 4.0)
26:55	10	seid		13	ἐξήλθατε		attached-word	attached	0.7	approved	0				AuxiliaryVerb of 'ausgegangen', by the parse of UDPipe's German-HDT model (Straka and Straková, ÚFAL, CC BY-NC-SA 4.0)
26:55	37	habt		29	ἐκρατήσατέ		attached-word	attached	0.475	approved	0				AuxiliaryVerb of 'gegriffen', by the parse of UDPipe's German-HDT model (Straka and Straková, ÚFAL, CC BY-NC-SA 4.0)
26:56	8	würden		6	πληρωθῶσιν		attached-word	attached	0.5071	approved	0				AuxiliaryVerb of 'erfüllet', by the parse of UDPipe's German-HDT model (Straka and Straková, ÚFAL, CC BY-NC-SA 4.0)
26:57	5	hatten		3	κρατήσαντες		attached-word	attached	0.475	approved	0				AuxiliaryVerb of 'gegriffen', by the parse of UDPipe's German-HDT model (Straka and Straková, ÚFAL, CC BY-NC-SA 4.0)
26:57	19	hatten		17	συνήχθησαν		attached-word	attached	0.55	approved	0				AuxiliaryVerb of 'versammelt', by the parse of UDPipe's German-HDT model (Straka and Straková, ÚFAL, CC BY-NC-SA 4.0)
26:59	18	sie		15	θανατώσωσιν		attached-word	attached	0.2737	approved	0				SubjectPronoun of 'töteten', by the parse of UDPipe's German-HDT model (Straka and Straková, ÚFAL, CC BY-NC-SA 4.0)
26:64	9	ich		8	λέγω		attached-word	attached	0.6675	approved	0				SubjectPronoun of 'sage', by the parse of UDPipe's German-HDT model (Straka and Straková, ÚFAL, CC BY-NC-SA 4.0)
26:65	15	wir		13	ἔχομεν		attached-word	attached	0.55	approved	0				SubjectPronoun of 'bedürfen', by the parse of UDPipe's German-HDT model (Straka and Straková, ÚFAL, CC BY-NC-SA 4.0)
26:65	21	ihr		17	ἠκούσατε		attached-word	attached	0.67	approved	0				SubjectPronoun of 'gehört', by the parse of UDPipe's German-HDT model (Straka and Straková, ÚFAL, CC BY-NC-SA 4.0)
26:70	9	Ich		8	οἶδα		attached-word	attached	0.5728	approved	0				SubjectPronoun of 'weiß', by the parse of UDPipe's German-HDT model (Straka and Straková, ÚFAL, CC BY-NC-SA 4.0)
26:72	2	er		3	ἠρνήσατο		attached-word	attached	0.7	approved	0				SubjectPronoun of 'leugnete', by the parse of UDPipe's German-HDT model (Straka and Straková, ÚFAL, CC BY-NC-SA 4.0)
26:72	8	Ich		8	οἶδα		attached-word	attached	0.5676	approved	0				SubjectPronoun of 'kenne', by the parse of UDPipe's German-HDT model (Straka and Straková, ÚFAL, CC BY-NC-SA 4.0)
26:74	3	er		2	ἤρξατο		attached-word	attached	0.3318	approved	0				SubjectPronoun of 'hob', by the parse of UDPipe's German-HDT model (Straka and Straková, ÚFAL, CC BY-NC-SA 4.0)
26:74	11	Ich		8	οἶδα		attached-word	attached	0.5676	approved	0				SubjectPronoun of 'kenne', by the parse of UDPipe's German-HDT model (Straka and Straková, ÚFAL, CC BY-NC-SA 4.0)
26:75	17	wird		12	φωνῆσαι		attached-word	attached	0.7	approved	0				AuxiliaryVerb of 'krähen', by the parse of UDPipe's German-HDT model (Straka and Straková, ÚFAL, CC BY-NC-SA 4.0)
26:75	18	wirst		14	ἀπαρνήσῃ		attached-word	attached	0.3625	approved	0				AuxiliaryVerb of 'verleugnen', by the parse of UDPipe's German-HDT model (Straka and Straková, ÚFAL, CC BY-NC-SA 4.0)
26:75	19	du		14	ἀπαρνήσῃ		attached-word	attached	0.3625	approved	0				SubjectPronoun of 'verleugnen', by the parse of UDPipe's German-HDT model (Straka and Straková, ÚFAL, CC BY-NC-SA 4.0)
27:3	8	hatte		5	παραδοὺς		attached-word	attached	0.7	approved	0				AuxiliaryVerb of 'verraten', by the parse of UDPipe's German-HDT model (Straka and Straková, ÚFAL, CC BY-NC-SA 4.0)
27:4	12	habe		3	παραδοὺς		attached-word	attached	0.7	approved	0				AuxiliaryVerb of 'verraten', by the parse of UDPipe's German-HDT model (Straka and Straková, ÚFAL, CC BY-NC-SA 4.0)
27:9	2	ist		2	ἐπληρώθη		attached-word	attached	0.6206	approved	0				AuxiliaryVerb of 'erfüllt', by the parse of UDPipe's German-HDT model (Straka and Straková, ÚFAL, CC BY-NC-SA 4.0)
27:9	6	ist		4	ῥηθὲν		attached-word	attached	0.2992	approved	0				AuxiliaryVerb of 'gesagt', by the parse of UDPipe's German-HDT model (Straka and Straková, ÚFAL, CC BY-NC-SA 4.0)
27:10	2	haben		2	ἔδωκαν		attached-word	attached	0.6471	approved	0				AuxiliaryVerb of 'gegeben', by the parse of UDPipe's German-HDT model (Straka and Straková, ÚFAL, CC BY-NC-SA 4.0)
27:10	3	sie		2	ἔδωκαν		attached-word	attached	0.6471	approved	0				SubjectPronoun of 'gegeben', by the parse of UDPipe's German-HDT model (Straka and Straková, ÚFAL, CC BY-NC-SA 4.0)
27:12	5	ward		4	κατηγορεῖσθαι		attached-word	attached	0.7	approved	0				AuxiliaryVerb of 'verklagt', by the parse of UDPipe's German-HDT model (Straka and Straková, ÚFAL, CC BY-NC-SA 4.0)
27:12	12	er		12	ἀπεκρίνατο		attached-word	attached	0.6975	approved	0				SubjectPronoun of 'antwortete', by the parse of UDPipe's German-HDT model (Straka and Straková, ÚFAL, CC BY-NC-SA 4.0)
27:14	2	er		3	ἀπεκρίθη		attached-word	attached	0.6975	approved	0				SubjectPronoun of 'antwortete', by the parse of UDPipe's German-HDT model (Straka and Straková, ÚFAL, CC BY-NC-SA 4.0)
27:17	5	waren		1	συνηγμένων		attached-word	attached	0.55	approved	0				AuxiliaryVerb of 'versammelt', by the parse of UDPipe's German-HDT model (Straka and Straková, ÚFAL, CC BY-NC-SA 4.0)
27:17	14	ich		10	ἀπολύσω		attached-word	attached	0.7	approved	0				SubjectPronoun of 'losgebe', by the parse of UDPipe's German-HDT model (Straka and Straková, ÚFAL, CC BY-NC-SA 4.0)
27:17	23	wird		16	λεγόμενον		attached-word	attached	0.5875	approved	0				AuxiliaryVerb of 'gesagt', by the parse of UDPipe's German-HDT model (Straka and Straková, ÚFAL, CC BY-NC-SA 4.0)
27:18	6	sie		6	παρέδωκαν		attached-word	attached	0.7	approved	0				SubjectPronoun of 'überantwortet', by the parse of UDPipe's German-HDT model (Straka and Straková, ÚFAL, CC BY-NC-SA 4.0)
27:18	11	hatten		6	παρέδωκαν		attached-word	attached	0.7	approved	0				AuxiliaryVerb of 'überantwortet', by the parse of UDPipe's German-HDT model (Straka and Straková, ÚFAL, CC BY-NC-SA 4.0)
27:19	25	ich		22	ἔπαθον		attached-word	attached	0.475	approved	0				SubjectPronoun of 'erlitten', by the parse of UDPipe's German-HDT model (Straka and Straková, ÚFAL, CC BY-NC-SA 4.0)
27:20	11	sie		11	αἰτήσωνται		attached-word	attached	0.52	approved	0				SubjectPronoun of 'bitten', by the parse of UDPipe's German-HDT model (Straka and Straková, ÚFAL, CC BY-NC-SA 4.0)
27:20	15	sollten		11	αἰτήσωνται		attached-word	attached	0.52	approved	0				AuxiliaryVerb of 'bitten', by the parse of UDPipe's German-HDT model (Straka and Straková, ÚFAL, CC BY-NC-SA 4.0)
27:21	17	ich		12	ἀπολύσω		attached-word	attached	0.7	approved	0				SubjectPronoun of 'losgeben', by the parse of UDPipe's German-HDT model (Straka and Straková, ÚFAL, CC BY-NC-SA 4.0)
27:21	19	soll		12	ἀπολύσω		attached-word	attached	0.7	approved	0				AuxiliaryVerb of 'losgeben', by the parse of UDPipe's German-HDT model (Straka and Straková, ÚFAL, CC BY-NC-SA 4.0)
27:22	7	ich		7	ποιήσω		attached-word	attached	0.3545	approved	0				SubjectPronoun of 'machen', by the parse of UDPipe's German-HDT model (Straka and Straková, ÚFAL, CC BY-NC-SA 4.0)
27:22	15	wird		10	λεγόμενον		attached-word	attached	0.5875	approved	0				AuxiliaryVerb of 'gesagt', by the parse of UDPipe's German-HDT model (Straka and Straková, ÚFAL, CC BY-NC-SA 4.0)
27:22	19	Sie		12	λέγουσιν		attached-word	attached	0.6807	approved	0				SubjectPronoun of 'sprachen', by the parse of UDPipe's German-HDT model (Straka and Straková, ÚFAL, CC BY-NC-SA 4.0)
27:23	5	hat		7	ἐποίησεν		attached-word	attached	0.5184	approved	0				AuxiliaryVerb of 'getan', by the parse of UDPipe's German-HDT model (Straka and Straková, ÚFAL, CC BY-NC-SA 4.0)
27:23	6	er		7	ἐποίησεν		attached-word	attached	0.5184	approved	0				SubjectPronoun of 'getan', by the parse of UDPipe's German-HDT model (Straka and Straková, ÚFAL, CC BY-NC-SA 4.0)
27:26	16	er		12	σταυρωθῇ		attached-word	attached	0.625	approved	0				SubjectPronoun of 'gekreuzigt', by the parse of UDPipe's German-HDT model (Straka and Straková, ÚFAL, CC BY-NC-SA 4.0)
27:26	18	würde		12	σταυρωθῇ		attached-word	attached	0.625	approved	0				AuxiliaryVerb of 'gekreuzigt', by the parse of UDPipe's German-HDT model (Straka and Straková, ÚFAL, CC BY-NC-SA 4.0)
27:31	3	sie		3	ἐνέπαιξαν		attached-word	attached	0.7	approved	0				SubjectPronoun of 'verspottet', by the parse of UDPipe's German-HDT model (Straka and Straková, ÚFAL, CC BY-NC-SA 4.0)
27:31	6	hatten		3	ἐνέπαιξαν		attached-word	attached	0.7	approved	0				AuxiliaryVerb of 'verspottet', by the parse of UDPipe's German-HDT model (Straka and Straková, ÚFAL, CC BY-NC-SA 4.0)
27:32	6	sie		3	εὗρον		attached-word	attached	0.6727	approved	0				SubjectPronoun of 'fanden', by the parse of UDPipe's German-HDT model (Straka and Straková, ÚFAL, CC BY-NC-SA 4.0)
27:32	16	sie		9	ἠγγάρευσαν		attached-word	attached	0.4	approved	0				SubjectPronoun of 'zwangen', by the parse of UDPipe's German-HDT model (Straka and Straková, ÚFAL, CC BY-NC-SA 4.0)
27:34	2	sie		1	ἔδωκαν		attached-word	attached	0.358	approved	0				SubjectPronoun of 'gaben', by the parse of UDPipe's German-HDT model (Straka and Straková, ÚFAL, CC BY-NC-SA 4.0)
27:35	6	hatten		1	σταυρώσαντες		attached-word	attached	0.625	approved	0				AuxiliaryVerb of 'gekreuzigt', by the parse of UDPipe's German-HDT model (Straka and Straková, ÚFAL, CC BY-NC-SA 4.0)
27:35	8	sie		4	διεμερίσαντο		attached-word	attached	0.7	approved	0				SubjectPronoun of 'teilten', by the parse of UDPipe's German-HDT model (Straka and Straková, ÚFAL, CC BY-NC-SA 4.0)
27:35	37	haben		8	βάλλοντες		attached-word	attached	0.6804	approved	0				AuxiliaryVerb of 'geworfen', by the parse of UDPipe's German-HDT model (Straka and Straková, ÚFAL, CC BY-NC-SA 4.0)
27:37	7	sie		2	ἐπέθηκαν		attached-word	attached	0.34	approved	0				SubjectPronoun of 'setzten', by the parse of UDPipe's German-HDT model (Straka and Straková, ÚFAL, CC BY-NC-SA 4.0)
27:37	13	war		10	γεγραμμένην		attached-word	attached	0.654	approved	0				AuxiliaryVerb of 'geschrieben', by the parse of UDPipe's German-HDT model (Straka and Straková, ÚFAL, CC BY-NC-SA 4.0)
27:38	3	wurden		2	σταυροῦνται		attached-word	attached	0.625	approved	0				AuxiliaryVerb of 'gekreuzigt', by the parse of UDPipe's German-HDT model (Straka and Straková, ÚFAL, CC BY-NC-SA 4.0)
27:42	18	er		10	καταβάτω		attached-word	attached	0.3625	approved	0				SubjectPronoun of 'steige', by the parse of UDPipe's German-HDT model (Straka and Straková, ÚFAL, CC BY-NC-SA 4.0)
27:42	24	wir		16	πιστεύσομεν		attached-word	attached	0.358	approved	0				SubjectPronoun of 'glauben', by the parse of UDPipe's German-HDT model (Straka and Straková, ÚFAL, CC BY-NC-SA 4.0)
27:43	15	er		10	εἶπεν		attached-word	attached	0.5875	approved	0				SubjectPronoun of 'gesagt', by the parse of UDPipe's German-HDT model (Straka and Straková, ÚFAL, CC BY-NC-SA 4.0)
27:43	16	hat		10	εἶπεν		attached-word	attached	0.5875	approved	0				AuxiliaryVerb of 'gesagt', by the parse of UDPipe's German-HDT model (Straka and Straková, ÚFAL, CC BY-NC-SA 4.0)
27:44	11	waren		8	συνσταυρωθέντες		attached-word	attached	0.325	approved	0				AuxiliaryVerb of 'gekreuzigt', by the parse of UDPipe's German-HDT model (Straka and Straková, ÚFAL, CC BY-NC-SA 4.0)
27:46	22	hast		25	ἐγκατέλιπες		attached-word	attached	0.37	approved	0				AuxiliaryVerb of 'verlassen', by the parse of UDPipe's German-HDT model (Straka and Straková, ÚFAL, CC BY-NC-SA 4.0)
27:46	23	du		25	ἐγκατέλιπες		attached-word	attached	0.37	approved	0				SubjectPronoun of 'verlassen', by the parse of UDPipe's German-HDT model (Straka and Straková, ÚFAL, CC BY-NC-SA 4.0)
27:54	22	sie		17	ἐφοβήθησαν		attached-word	attached	0.4	approved	0				SubjectPronoun of 'erschraken', by the parse of UDPipe's German-HDT model (Straka and Straková, ÚFAL, CC BY-NC-SA 4.0)
27:55	19	hatten		16	διακονοῦσαι		attached-word	attached	0.475	approved	0				AuxiliaryVerb of 'gedient', by the parse of UDPipe's German-HDT model (Straka and Straková, ÚFAL, CC BY-NC-SA 4.0)
27:58	16	sollte		14	ἀποδοθῆναι		attached-word	attached	0.2727	approved	0				AuxiliaryVerb of 'geben', by the parse of UDPipe's German-HDT model (Straka and Straková, ÚFAL, CC BY-NC-SA 4.0)
27:63	15	Ich		14	ἐγείρομαι		attached-word	attached	0.4818	approved	0				SubjectPronoun of 'auferstehen', by the parse of UDPipe's German-HDT model (Straka and Straková, ÚFAL, CC BY-NC-SA 4.0)
27:65	15	ihr		10	οἴδατε		attached-word	attached	0.575	approved	0				SubjectPronoun of 'wisset', by the parse of UDPipe's German-HDT model (Straka and Straková, ÚFAL, CC BY-NC-SA 4.0)
28:5	13	Ich		11	οἶδα		attached-word	attached	0.5764	approved	0				SubjectPronoun of 'weiß', by the parse of UDPipe's German-HDT model (Straka and Straková, ÚFAL, CC BY-NC-SA 4.0)
28:6	5	er		4	ἠγέρθη		attached-word	attached	0.5714	approved	0				SubjectPronoun of 'auferstanden', by the parse of UDPipe's German-HDT model (Straka and Straková, ÚFAL, CC BY-NC-SA 4.0)
28:6	6	ist		4	ἠγέρθη		attached-word	attached	0.5714	approved	0				AuxiliaryVerb of 'auferstanden', by the parse of UDPipe's German-HDT model (Straka and Straková, ÚFAL, CC BY-NC-SA 4.0)
28:6	9	er		7	εἶπεν		attached-word	attached	0.5875	approved	0				SubjectPronoun of 'gesagt', by the parse of UDPipe's German-HDT model (Straka and Straková, ÚFAL, CC BY-NC-SA 4.0)
28:6	11	hat		7	εἶπεν		attached-word	attached	0.5875	approved	0				AuxiliaryVerb of 'gesagt', by the parse of UDPipe's German-HDT model (Straka and Straková, ÚFAL, CC BY-NC-SA 4.0)
28:7	11	er		9	Ἠγέρθη		attached-word	attached	0.5714	approved	0				SubjectPronoun of 'auferstanden', by the parse of UDPipe's German-HDT model (Straka and Straková, ÚFAL, CC BY-NC-SA 4.0)
28:7	13	sei		9	Ἠγέρθη		attached-word	attached	0.5714	approved	0				AuxiliaryVerb of 'auferstanden', by the parse of UDPipe's German-HDT model (Straka and Straková, ÚFAL, CC BY-NC-SA 4.0)
28:7	19	er		15	προάγει		attached-word	attached	0.3625	approved	0				SubjectPronoun of 'hingehen', by the parse of UDPipe's German-HDT model (Straka and Straková, ÚFAL, CC BY-NC-SA 4.0)
28:7	32	ich		24	εἶπον		attached-word	attached	0.5875	approved	0				SubjectPronoun of 'gesagt', by the parse of UDPipe's German-HDT model (Straka and Straková, ÚFAL, CC BY-NC-SA 4.0)
28:7	33	habe		24	εἶπον		attached-word	attached	0.5875	approved	0				AuxiliaryVerb of 'gesagt', by the parse of UDPipe's German-HDT model (Straka and Straková, ÚFAL, CC BY-NC-SA 4.0)
28:10	23	sie		20	ὄψονται		attached-word	attached	0.5098	approved	0				SubjectPronoun of 'sehen', by the parse of UDPipe's German-HDT model (Straka and Straková, ÚFAL, CC BY-NC-SA 4.0)
28:11	22	war		17	γενόμενα		attached-word	attached	0.5293	approved	0				AuxiliaryVerb of 'geschehen', by the parse of UDPipe's German-HDT model (Straka and Straková, ÚFAL, CC BY-NC-SA 4.0)
28:17	7	sie		4	προσεκύνησαν		attached-word	attached	0.2725	approved	0				SubjectPronoun of 'fielen', by the parse of UDPipe's German-HDT model (Straka and Straková, ÚFAL, CC BY-NC-SA 4.0)
