at	word	surface	target_at	target	target_surface	absence	rule	tier	confidence	verdict	review	corrected_at	corrected	corrected_surface	rationale
1:1	5	the				expands	supplied-article	safe	0.7287	approved	0				article the original does not write; rests on 'Lord' → 'יְהוָה֙'
1:1	6	Lord		7	יְהוָה֙		global-review-known-rendering	safe	0.7287	approved	0				global known-rendering assignment; lexical score 0.58
1:1	9	Moses		4	מֹשֶׁ֑ה		global-review-known-rendering	safe	0.7976	approved	0				global known-rendering assignment; lexical score 0.65
1:1	12	the				expands	supplied-article	safe	0.7308	approved	0				article the original does not write; rests on 'Tent' → 'אֹ֥הֶל'
1:1	13	Tent		10	אֹ֥הֶל		global-review-known-rendering	safe	0.7308	approved	0				global known-rendering assignment; lexical score 0.58
1:1	16	saying		13	אמֹֽר		global-review-known-rendering	safe	0.7878	approved	0				global known-rendering assignment; lexical score 0.64
1:2	5	the				expands	supplied-article	safe	0.7612	approved	0				article the original does not write; rests on 'children' → 'בְּנֵ֤י'
1:2	6	children		3	בְּנֵ֤י		global-review-known-rendering	safe	0.7612	approved	0				global known-rendering assignment; lexical score 0.61
1:2	7	of		4	יִשְׂרָאֵל֙		attached-word	safe	0.6859	approved	0				Genitive of 'Israel'
1:2	8	Israel		4	יִשְׂרָאֵל֙		global-review-known-rendering	safe	0.7859	approved	0				global known-rendering assignment; lexical score 0.64
1:2	17	the				expands	supplied-article	safe	0.7287	approved	0				article the original does not write; rests on 'Lord' → 'יהוָ֑ה'
1:2	18	Lord		14	יהוָ֑ה		global-review-known-rendering	safe	0.7287	approved	0				global known-rendering assignment; lexical score 0.58
1:2	28	the		19	הַ		attached-word	safe	0.6357	approved	0				Article of 'herd'
1:2	29	herd		20	בָּקָר֙		global-review-known-rendering	safe	0.7357	approved	0				global known-rendering assignment; lexical score 0.59
1:2	32	the		23	הַ		attached-word	safe	0.6153	approved	0				Article of 'flock'
1:2	33	flock		24	צֹּ֔אן		global-review-known-rendering	safe	0.7153	approved	0				global known-rendering assignment; lexical score 0.57
1:3	1	If		1	אִם		global-review-known-rendering	safe	0.6405	approved	0				global known-rendering assignment; lexical score 0.49
1:3	9	the		5	הַ		attached-word	safe	0.6357	approved	0				Article of 'herd'
1:3	10	herd		6	בָּקָ֔ר		global-review-known-rendering	safe	0.7357	approved	0				global known-rendering assignment; lexical score 0.59
1:3	14	a				expands	supplied-indefinite-article	safe	0.7423	approved	0				indefinite article; rests on 'male' → 'זָכָ֥ר'
1:3	15	male		7	זָכָ֥ר		global-review-known-rendering	safe	0.7423	approved	0				global known-rendering assignment; lexical score 0.59
1:3	25	the				expands	supplied-article	safe	0.6757	approved	0				article the original does not write; rests on 'door' → 'פֶּ֝תַח'
1:3	26	door		11	פֶּ֝תַח		global-review-known-rendering	safe	0.6757	approved	0				global known-rendering assignment; lexical score 0.53
1:3	27	of		12	אֹ֤הֶל		attached-word	safe	0.6308	approved	0				Genitive of 'Tent'
1:3	28	the				expands	supplied-article	safe	0.7308	approved	0				article the original does not write; rests on 'Tent' → 'אֹ֤הֶל'
1:3	29	Tent		12	אֹ֤הֶל		global-review-known-rendering	safe	0.7308	approved	0				global known-rendering assignment; lexical score 0.58
1:3	39	the				expands	supplied-article	safe	0.7287	approved	0				article the original does not write; rests on 'Lord' → 'יְהוָֽה'
1:3	40	Lord		20	יְהוָֽה		global-review-known-rendering	safe	0.7287	approved	0				global known-rendering assignment; lexical score 0.58
1:4	6	his		3	יָדֹ֔ו		attached-word	safe	0.5686	approved	0				PossessivePronoun of 'hand'
1:4	7	hand		3	יָדֹ֔ו		global-review-known-rendering	safe	0.6686	approved	0				global known-rendering assignment; lexical score 0.52
1:4	9	the				expands	supplied-article	safe	0.7396	approved	0				article the original does not write; rests on 'head' → 'רֹ֣אשׁ'
1:4	10	head		5	רֹ֣אשׁ		global-review-known-rendering	safe	0.7396	approved	0				global known-rendering assignment; lexical score 0.59
1:5				16	אֶת	omits	unrendered-object-marker	safe	0.7561	approved	0				object marker; rests on 'blood' → 'דָּ֔ם'
1:5	10	before		8	פְנֵ֣י		global-review-known-rendering	safe	0.6582	approved	0				global known-rendering assignment; lexical score 0.51
1:5	11	the				expands	supplied-article	safe	0.7287	approved	0				article the original does not write; rests on 'Lord' → 'יְהוָ֑ה'
1:5	12	Lord		9	יְהוָ֑ה		global-review-known-rendering	safe	0.7287	approved	0				global known-rendering assignment; lexical score 0.58
1:5	14	Aaron's		13	אַהֲרֹ֤ן		global-review-known-rendering	safe	0.8	approved	0				global known-rendering assignment; lexical score 0.65
1:5	15	sons		12	בְּנֵ֨י		global-review-known-rendering	safe	0.7673	approved	0				global known-rendering assignment; lexical score 0.62
1:5	16	the		14	הַֽ		attached-word	safe	0.678	approved	0				Article of 'priests'
1:5	17	priests		15	כֹּֽהֲנִים֙		global-review-known-rendering	safe	0.778	approved	0				global known-rendering assignment; lexical score 0.63
1:5	21	the		17	הַ		attached-word	safe	0.6561	approved	0				Article of 'blood'
1:5	22	blood		18	דָּ֔ם		global-review-known-rendering	safe	0.7561	approved	0				global known-rendering assignment; lexical score 0.61
1:5	30	round		27	סָבִ֔יב		global-review-known-rendering	safe	0.7209	approved	0				global known-rendering assignment; lexical score 0.57
1:5	31	the		25	הַ		attached-word	safe	0.6893	approved	0				Article of 'altar'
1:5	32	altar		26	מִּזְבֵּ֨חַ֙		global-review-known-rendering	safe	0.7893	approved	0				global known-rendering assignment; lexical score 0.64
1:5	33	which		28	אֲשֶׁר		global-review-known-rendering	safe	0.6686	approved	0				global known-rendering assignment; lexical score 0.52
1:5	36	the				expands	supplied-article	safe	0.6757	approved	0				article the original does not write; rests on 'door' → 'פֶּ֖תַח'
1:5	37	door		29	פֶּ֖תַח		global-review-known-rendering	safe	0.6757	approved	0				global known-rendering assignment; lexical score 0.53
1:5	38	of		30	אֹ֥הֶל		attached-word	safe	0.6308	approved	0				Genitive of 'Tent'
1:5	39	the				expands	supplied-article	safe	0.7308	approved	0				article the original does not write; rests on 'Tent' → 'אֹ֥הֶל'
1:5	40	Tent		30	אֹ֥הֶל		global-review-known-rendering	safe	0.7308	approved	0				global known-rendering assignment; lexical score 0.58
1:7	2	Aaron's		4	אַהֲרֹ֧ן		global-review-known-rendering	safe	0.8	approved	0				global known-rendering assignment; lexical score 0.65
1:7	3	sons		3	בְּנֵ֨י		global-review-known-rendering	safe	0.7673	approved	0				global known-rendering assignment; lexical score 0.62
1:7	4	the		5	הַ		attached-word	safe	0.678	approved	0				Article of 'priests'
1:7	5	priests		6	כֹּהֵ֛ן		global-review-known-rendering	safe	0.778	approved	0				global known-rendering assignment; lexical score 0.63
1:7	9	fire		7	אֵ֖שׁ		global-review-known-rendering	safe	0.6985	approved	0				global known-rendering assignment; lexical score 0.55
1:7	11	the		9	הַ		attached-word	safe	0.6893	approved	0				Article of 'altar'
1:7	12	altar		10	מִּזְבֵּ֑חַ		global-review-known-rendering	safe	0.7893	approved	0				global known-rendering assignment; lexical score 0.64
1:7	15	the				expands	supplied-article	safe	0.6992	approved	0				article the original does not write; rests on 'wood' → 'עֵצִ֖ים'
1:7	16	wood		13	עֵצִ֖ים		global-review-known-rendering	safe	0.6992	approved	0				global known-rendering assignment; lexical score 0.55
1:7	20	the		15	הָ		attached-word	safe	0.5985	approved	0				Article of 'fire'
1:7	21	fire		16	אֵֽשׁ		global-review-known-rendering	safe	0.6985	approved	0				global known-rendering assignment; lexical score 0.55
1:8	2	Aaron's		4	אַהֲרֹן֙		global-review-known-rendering	safe	0.8	approved	0				global known-rendering assignment; lexical score 0.65
1:8	3	sons		3	בְּנֵ֤י		global-review-known-rendering	safe	0.7673	approved	0				global known-rendering assignment; lexical score 0.62
1:8	4	the		5	הַ		attached-word	safe	0.678	approved	0				Article of 'priests'
1:8	5	priests		6	כֹּ֣הֲנִ֔ים		global-review-known-rendering	safe	0.778	approved	0				global known-rendering assignment; lexical score 0.63
1:8	11	the		11	הָ		attached-word	safe	0.6396	approved	0				Article of 'head'
1:8	12	head		12	רֹ֖אשׁ		global-review-known-rendering	safe	0.7396	approved	0				global known-rendering assignment; lexical score 0.59
1:8	19	the		18	הָ		attached-word	safe	0.5992	approved	0				Article of 'wood'
1:8	20	wood		19	עֵצִים֙		global-review-known-rendering	safe	0.6992	approved	0				global known-rendering assignment; lexical score 0.55
1:8	21	which		20	אֲשֶׁ֣ר		global-review-known-rendering	safe	0.6686	approved	0				global known-rendering assignment; lexical score 0.52
1:8	24	the		22	הָ		attached-word	safe	0.5985	approved	0				Article of 'fire'
1:8	25	fire		23	אֵ֔שׁ		global-review-known-rendering	safe	0.6985	approved	0				global known-rendering assignment; lexical score 0.55
1:8	27	the		26	הַ		attached-word	safe	0.6893	approved	0				Article of 'altar'
1:8	28	altar		27	מִּזְבֵּֽחַ		global-review-known-rendering	safe	0.7893	approved	0				global known-rendering assignment; lexical score 0.64
1:9				13	אֶת	omits	unrendered-object-marker	safe	0.7583	approved	0				object marker; rests on 'all' → 'כֹּל֙'
1:9	11	washed		5	יִרְחַ֣ץ		global-review-known-rendering	safe	0.5968	approved	0				global known-rendering assignment; lexical score 0.45
1:9	13	water		8	מָּ֑יִם		global-review-known-rendering	safe	0.7769	approved	0				global known-rendering assignment; lexical score 0.63
1:9	17	all		15	כֹּל֙		global-review-known-rendering	safe	0.7583	approved	0				global known-rendering assignment; lexical score 0.61
1:9	21	the		16	הַ		attached-word	safe	0.6893	approved	0				Article of 'altar'
1:9	22	altar		17	מִּזְבֵּ֔חָה		global-review-known-rendering	safe	0.7893	approved	0				global known-rendering assignment; lexical score 0.64
1:9	24	the		11	הַ		attached-word	safe	0.6904	approved	0				Article of 'priest'
1:9	25	priest		12	כֹּהֵ֤ן		global-review-known-rendering	safe	0.7904	approved	0				global known-rendering assignment; lexical score 0.64
1:9	38	smell		20	רֵֽיחַ		global-review-known-rendering	safe	0.625	approved	0				global known-rendering assignment; lexical score 0.48
1:9	40	the				expands	supplied-article	safe	0.7287	approved	0				article the original does not write; rests on 'Lord' → 'יהוָֽה'
1:9	41	Lord		23	יהוָֽה		global-review-known-rendering	safe	0.7287	approved	0				global known-rendering assignment; lexical score 0.58
1:10				12	הָ	omits	unrendered-article	safe	0.6092	approved	0				article no the of the verse renders; rests on 'goats' → 'עִזִּ֖ים'
1:10	2	if		2	אִם		global-review-known-rendering	safe	0.6405	approved	0				global known-rendering assignment; lexical score 0.49
1:10	7	the		4	הַ		attached-word	safe	0.6153	approved	0				Article of 'flock'
1:10	8	flock		5	צֹּ֨אן		global-review-known-rendering	safe	0.7153	approved	0				global known-rendering assignment; lexical score 0.57
1:10	15	goats		13	עִזִּ֖ים		global-review-known-rendering	safe	0.6092	approved	0				global known-rendering assignment; lexical score 0.46
1:10	19	a				expands	supplied-indefinite-article	safe	0.7423	approved	0				indefinite article; rests on 'male' → 'זָכָ֥ר'
1:10	20	male		16	זָכָ֥ר		global-review-known-rendering	safe	0.7423	approved	0				global known-rendering assignment; lexical score 0.59
1:11				18	אֶת	omits	unrendered-object-marker	safe	0.7561	approved	0				object marker; rests on 'blood' → 'דָּמֹ֛ו'
1:11	10	the				expands	supplied-article	safe	0.6988	approved	0				article the original does not write; rests on 'north' → 'צָפֹ֖נָה'
1:11	11	north		8	צָפֹ֖נָה		global-review-known-rendering	safe	0.6988	approved	0				global known-rendering assignment; lexical score 0.55
1:11	13	of		7	מִּזְבֵּ֛חַ		attached-word	safe	0.6893	approved	0				Genitive of 'altar'
1:11	14	the		6	הַ		attached-word	safe	0.6893	approved	0				Article of 'altar'
1:11	15	altar		7	מִּזְבֵּ֛חַ		global-review-known-rendering	safe	0.7893	approved	0				global known-rendering assignment; lexical score 0.64
1:11	16	before		10	פְנֵ֣י		global-review-known-rendering	safe	0.6582	approved	0				global known-rendering assignment; lexical score 0.51
1:11	20	Aaron's		15	אַהֲרֹ֨ן		global-review-known-rendering	safe	0.8	approved	0				global known-rendering assignment; lexical score 0.65
1:11	21	sons		14	בְּנֵי֩		global-review-known-rendering	safe	0.7673	approved	0				global known-rendering assignment; lexical score 0.62
1:11	22	the		16	הַ		attached-word	safe	0.678	approved	0				Article of 'priests'
1:11	23	priests		17	כֹּהֲנִ֧ים		global-review-known-rendering	safe	0.778	approved	0				global known-rendering assignment; lexical score 0.63
1:11	29	the				expands	supplied-article	safe	0.7561	approved	0				article the original does not write; rests on 'blood' → 'דָּמֹ֛ו'
1:11	30	blood		19	דָּמֹ֛ו		global-review-known-rendering	safe	0.7561	approved	0				global known-rendering assignment; lexical score 0.61
1:11	33	round		23	סָבִֽיב		global-review-known-rendering	safe	0.7209	approved	0				global known-rendering assignment; lexical score 0.57
1:11	34	the		21	הַ		attached-word	safe	0.6893	approved	0				Article of 'altar'
1:11	35	altar		22	מִּזְבֵּ֖חַ		global-review-known-rendering	safe	0.7893	approved	0				global known-rendering assignment; lexical score 0.64
1:12	12	its		8	רֹאשֹׁ֖ו		attached-word	safe	0.6396	approved	0				PossessivePronoun of 'head'
1:12	13	head		8	רֹאשֹׁ֖ו		global-review-known-rendering	safe	0.7396	approved	0				global known-rendering assignment; lexical score 0.59
1:12	18	the		14	הַ		attached-word	safe	0.6904	approved	0				Article of 'priest'
1:12	19	priest		15	כֹּהֵן֙		global-review-known-rendering	safe	0.7904	approved	0				global known-rendering assignment; lexical score 0.64
1:12	27	the		18	הָֽ		attached-word	safe	0.5992	approved	0				Article of 'wood'
1:12	28	wood		19	עֵצִים֙		global-review-known-rendering	safe	0.6992	approved	0				global known-rendering assignment; lexical score 0.55
1:12	29	which		20	אֲשֶׁ֣ר		global-review-known-rendering	safe	0.6686	approved	0				global known-rendering assignment; lexical score 0.52
1:12	32	the		22	הָ		attached-word	safe	0.5985	approved	0				Article of 'fire'
1:12	33	fire		23	אֵ֔שׁ		global-review-known-rendering	safe	0.6985	approved	0				global known-rendering assignment; lexical score 0.55
1:12	35	the		26	הַ		attached-word	safe	0.6893	approved	0				Article of 'altar'
1:12	36	altar		27	מִּזְבֵּֽחַ		global-review-known-rendering	safe	0.7893	approved	0				global known-rendering assignment; lexical score 0.64
1:13				15	אֶת	omits	unrendered-object-marker	safe	0.7583	approved	0				object marker; rests on 'all' → 'כֹּל֙'
1:13	11	washed		7	יִרְחַ֣ץ		global-review-known-rendering	safe	0.5968	approved	0				global known-rendering assignment; lexical score 0.45
1:13	13	water		10	מָּ֑יִם		global-review-known-rendering	safe	0.7769	approved	0				global known-rendering assignment; lexical score 0.63
1:13	15	the		13	הַ		attached-word	safe	0.6904	approved	0				Article of 'priest'
1:13	16	priest		14	כֹּהֵ֤ן		global-review-known-rendering	safe	0.7904	approved	0				global known-rendering assignment; lexical score 0.64
1:13	22	all		17	כֹּל֙		global-review-known-rendering	safe	0.7583	approved	0				global known-rendering assignment; lexical score 0.61
1:13	28	the		20	הַ		attached-word	safe	0.6893	approved	0				Article of 'altar'
1:13	29	altar		21	מִּזְבֵּ֔חָה		global-review-known-rendering	safe	0.7893	approved	0				global known-rendering assignment; lexical score 0.64
1:13	43	smell		25	רֵ֥יחַ		global-review-known-rendering	safe	0.625	approved	0				global known-rendering assignment; lexical score 0.48
1:13	45	the				expands	supplied-article	safe	0.7287	approved	0				article the original does not write; rests on 'Lord' → 'יהוָֽה'
1:13	46	Lord		28	יהוָֽה		global-review-known-rendering	safe	0.7287	approved	0				global known-rendering assignment; lexical score 0.58
1:14	2	if		2	אִ֧ם		global-review-known-rendering	safe	0.6405	approved	0				global known-rendering assignment; lexical score 0.49
1:14	6	the				expands	supplied-article	safe	0.7287	approved	0				article the original does not write; rests on 'Lord' → 'יהוָ֑ה'
1:14	7	Lord		9	יהוָ֑ה		global-review-known-rendering	safe	0.7287	approved	0				global known-rendering assignment; lexical score 0.58
1:14	22	doves		19	יֹּונָ֖ה		global-review-known-rendering	safe	0.8	approved	0				global known-rendering assignment; lexical score 0.65
1:15				10	אֶת	omits	unrendered-object-marker	safe	0.7396	approved	0				object marker; rests on 'head' → 'רֹאשֹׁ֔ו'
1:15	2	the		3	הַ		attached-word	safe	0.6904	approved	0				Article of 'priest'
1:15	3	priest		4	כֹּהֵן֙		global-review-known-rendering	safe	0.7904	approved	0				global known-rendering assignment; lexical score 0.64
1:15	9	the		6	הַ		attached-word	safe	0.6893	approved	0				Article of 'altar'
1:15	10	altar		7	מִּזְבֵּ֔חַ		global-review-known-rendering	safe	0.7893	approved	0				global known-rendering assignment; lexical score 0.64
1:15	13	its		11	רֹאשֹׁ֔ו		attached-word	safe	0.6396	approved	0				PossessivePronoun of 'head'
1:15	14	head		11	רֹאשֹׁ֔ו		global-review-known-rendering	safe	0.7396	approved	0				global known-rendering assignment; lexical score 0.59
1:15	25	the		14	הַ		attached-word	safe	0.6893	approved	0				Article of 'altar'
1:15	26	altar		15	מִּזְבֵּ֑חָה		global-review-known-rendering	safe	0.7893	approved	0				global known-rendering assignment; lexical score 0.64
1:15	28	its		18	דָמֹ֔ו		attached-word	safe	0.6561	approved	0				PossessivePronoun of 'blood'
1:15	29	blood		18	דָמֹ֔ו		global-review-known-rendering	safe	0.7561	approved	0				global known-rendering assignment; lexical score 0.61
1:15	35	of		22	מִּזְבֵּֽחַ		attached-word	safe	0.6893	approved	0				Genitive of 'altar'
1:15	36	the		21	הַ		attached-word	safe	0.6893	approved	0				Article of 'altar'
1:15	37	altar		22	מִּזְבֵּֽחַ		global-review-known-rendering	safe	0.7893	approved	0				global known-rendering assignment; lexical score 0.64
1:16	20	of		12	מִּזְבֵּ֨חַ֙		attached-word	safe	0.6893	approved	0				Genitive of 'altar'
1:16	21	the		11	הַ		attached-word	safe	0.6893	approved	0				Article of 'altar'
1:16	22	altar		12	מִּזְבֵּ֨חַ֙		global-review-known-rendering	safe	0.7893	approved	0				global known-rendering assignment; lexical score 0.64
1:17	8	the				expands	supplied-article	safe	0.7348	approved	0				article the original does not write; rests on 'wings' → 'כְנָפָיו֮'
1:17	9	wings		5	כְנָפָיו֮		global-review-known-rendering	safe	0.7348	approved	0				global known-rendering assignment; lexical score 0.58
1:17	11	not		6	לֹ֣א		global-review-known-rendering	safe	0.6789	approved	0				global known-rendering assignment; lexical score 0.53
1:17	21	the		13	הַ		attached-word	safe	0.6893	approved	0				Article of 'altar'
1:17	22	altar		14	מִּזְבֵּ֔חָה		global-review-known-rendering	safe	0.7893	approved	0				global known-rendering assignment; lexical score 0.64
1:17	24	the		11	הַ		attached-word	safe	0.6904	approved	0				Article of 'priest'
1:17	25	priest		12	כֹּהֵן֙		global-review-known-rendering	safe	0.7904	approved	0				global known-rendering assignment; lexical score 0.64
1:17	27	the		16	הָ		attached-word	safe	0.5992	approved	0				Article of 'wood'
1:17	28	wood		17	עֵצִ֖ים		global-review-known-rendering	safe	0.6992	approved	0				global known-rendering assignment; lexical score 0.55
1:17	29	which		18	אֲשֶׁ֣ר		global-review-known-rendering	safe	0.6686	approved	0				global known-rendering assignment; lexical score 0.52
1:17	32	the		20	הָ		attached-word	safe	0.5985	approved	0				Article of 'fire'
1:17	33	fire		21	אֵ֑שׁ		global-review-known-rendering	safe	0.6985	approved	0				global known-rendering assignment; lexical score 0.55
1:17	47	smell		25	רֵ֥יחַ		global-review-known-rendering	safe	0.625	approved	0				global known-rendering assignment; lexical score 0.48
1:17	49	the				expands	supplied-article	safe	0.7287	approved	0				article the original does not write; rests on 'Lord' → 'יהוָֽה'
1:17	50	Lord		28	יהוָֽה		global-review-known-rendering	safe	0.7287	approved	0				global known-rendering assignment; lexical score 0.58
2:1	9	the				expands	supplied-article	safe	0.729	approved	0				article the original does not write; rests on 'Lord' → 'יהוָ֔ה'
2:1	10	Lord		8	יהוָ֔ה		global-review-known-rendering	safe	0.729	approved	0				global known-rendering assignment; lexical score 0.58
2:1	20	oil		15	שֶׁ֔מֶן		global-review-known-rendering	safe	0.723	approved	0				global known-rendering assignment; lexical score 0.57
2:2	7	Aaron's		5	אַהֲרֹן֮		global-review-known-rendering	safe	0.8	approved	0				global known-rendering assignment; lexical score 0.65
2:2	8	sons		4	בְּנֵ֣י		global-review-known-rendering	safe	0.7673	approved	0				global known-rendering assignment; lexical score 0.62
2:2	9	the		6	הַ		attached-word	safe	0.6782	approved	0				Article of 'priests'
2:2	10	priests		7	כֹּהֲנִים֒		global-review-known-rendering	safe	0.7782	approved	0				global known-rendering assignment; lexical score 0.63
2:2	23	the				expands	supplied-article	safe	0.723	approved	0				article the original does not write; rests on 'oil' → 'שַּׁמְנָ֔הּ'
2:2	24	oil		18	שַּׁמְנָ֔הּ		global-review-known-rendering	safe	0.723	approved	0				global known-rendering assignment; lexical score 0.57
2:2	26	all		20	כָּל		global-review-known-rendering	safe	0.7583	approved	0				global known-rendering assignment; lexical score 0.61
2:2	34	the		24	הַ		attached-word	safe	0.6904	approved	0				Article of 'priest'
2:2	35	priest		25	כֹּהֵ֜ן		global-review-known-rendering	safe	0.7904	approved	0				global known-rendering assignment; lexical score 0.64
2:2	40	the		28	הַ		attached-word	safe	0.6896	approved	0				Article of 'altar'
2:2	41	altar		29	מִּזְבֵּ֔חָה		global-review-known-rendering	safe	0.7896	approved	0				global known-rendering assignment; lexical score 0.64
2:2	53	smell		31	רֵ֥יחַ		global-review-known-rendering	safe	0.625	approved	0				global known-rendering assignment; lexical score 0.48
2:2	55	the				expands	supplied-article	safe	0.729	approved	0				article the original does not write; rests on 'Lord' → 'יהוָֽה'
2:2	56	Lord		34	יהוָֽה		global-review-known-rendering	safe	0.729	approved	0				global known-rendering assignment; lexical score 0.58
2:3	11	Aaron		8	אַהֲרֹ֖ן		global-review-known-rendering	safe	0.7943	approved	0				global known-rendering assignment; lexical score 0.64
2:3	13	his		11	בָנָ֑יו		attached-word	safe	0.6673	approved	0				PossessivePronoun of 'sons'
2:3	14	sons		11	בָנָ֑יו		global-review-known-rendering	safe	0.7673	approved	0				global known-rendering assignment; lexical score 0.62
2:3	17	most		12	קֹ֥דֶשׁ		global-review-known-rendering	safe	0.558	approved	0				global known-rendering assignment; lexical score 0.41
2:3	18	holy		13	קָֽדָשִׁ֖ים		global-review-known-rendering	safe	0.6619	approved	0				global known-rendering assignment; lexical score 0.51
2:4	10	the				expands	supplied-article	safe	0.8	approved	0				article the original does not write; rests on 'oven' → 'תַנּ֑וּר'
2:4	11	oven		7	תַנּ֑וּר		global-review-known-rendering	safe	0.8	approved	0				global known-rendering assignment; lexical score 0.65
2:4	16	unleavened		10	מַצֹּת֙		global-review-known-rendering	safe	0.8	approved	0				global known-rendering assignment; lexical score 0.65
2:4	24	oil		14	שֶּׁ֔מֶן		global-review-known-rendering	safe	0.723	approved	0				global known-rendering assignment; lexical score 0.57
2:4	27	unleavened		17	מַצֹּ֖ות		global-review-known-rendering	safe	0.8	approved	0				global known-rendering assignment; lexical score 0.65
2:4	31	oil		21	שָּֽׁמֶן		global-review-known-rendering	safe	0.723	approved	0				global known-rendering assignment; lexical score 0.57
2:5	2	if		2	אִם		global-review-known-rendering	safe	0.6405	approved	0				global known-rendering assignment; lexical score 0.49
2:5	20	unleavened		13	מַצָּ֥ה		global-review-known-rendering	safe	0.8	approved	0				global known-rendering assignment; lexical score 0.65
2:5	24	oil		12	שֶּׁ֖מֶן		global-review-known-rendering	safe	0.723	approved	0				global known-rendering assignment; lexical score 0.57
2:6	9	oil		7	שָׁ֑מֶן		global-review-known-rendering	safe	0.723	approved	0				global known-rendering assignment; lexical score 0.57
2:7	2	if		2	אִם		global-review-known-rendering	safe	0.6405	approved	0				global known-rendering assignment; lexical score 0.49
2:7	24	oil		9	שֶּׁ֖מֶן		global-review-known-rendering	safe	0.723	approved	0				global known-rendering assignment; lexical score 0.57
2:8	11	these		9	אֵ֖לֶּה		global-review-known-rendering	safe	0.7115	approved	0				global known-rendering assignment; lexical score 0.56
2:8	14	the				expands	supplied-article	safe	0.729	approved	0				article the original does not write; rests on 'Lord' → 'יהוָ֑ה'
2:8	15	Lord		11	יהוָ֑ה		global-review-known-rendering	safe	0.729	approved	0				global known-rendering assignment; lexical score 0.58
2:8	18	the		15	הַ		attached-word	safe	0.6904	approved	0				Article of 'priest'
2:8	19	priest		16	כֹּהֵ֔ן		global-review-known-rendering	safe	0.7904	approved	0				global known-rendering assignment; lexical score 0.64
2:8	23	the		20	הַ		attached-word	safe	0.6896	approved	0				Article of 'altar'
2:8	24	altar		21	מִּזְבֵּֽחַ		global-review-known-rendering	safe	0.7896	approved	0				global known-rendering assignment; lexical score 0.64
2:9	18	the		12	הַ		attached-word	safe	0.6896	approved	0				Article of 'altar'
2:9	19	altar		13	מִּזְבֵּ֑חָה		global-review-known-rendering	safe	0.7896	approved	0				global known-rendering assignment; lexical score 0.64
2:9	28	smell		15	רֵ֥יחַ		global-review-known-rendering	safe	0.625	approved	0				global known-rendering assignment; lexical score 0.48
2:9	30	the				expands	supplied-article	safe	0.729	approved	0				article the original does not write; rests on 'Lord' → 'יהוָֽה'
2:9	31	Lord		18	יהוָֽה		global-review-known-rendering	safe	0.729	approved	0				global known-rendering assignment; lexical score 0.58
2:10	11	Aaron		8	אַהֲרֹ֖ן		global-review-known-rendering	safe	0.7943	approved	0				global known-rendering assignment; lexical score 0.64
2:10	13	his		11	בָנָ֑יו		attached-word	safe	0.6673	approved	0				PossessivePronoun of 'sons'
2:10	14	sons		11	בָנָ֑יו		global-review-known-rendering	safe	0.7673	approved	0				global known-rendering assignment; lexical score 0.62
2:10	17	most		12	קֹ֥דֶשׁ		global-review-known-rendering	safe	0.558	approved	0				global known-rendering assignment; lexical score 0.41
2:10	18	holy		13	קָֽדָשִׁ֖ים		global-review-known-rendering	safe	0.6619	approved	0				global known-rendering assignment; lexical score 0.51
2:11	4	which		4	אֲשֶׁ֤ר		global-review-known-rendering	safe	0.6688	approved	0				global known-rendering assignment; lexical score 0.52
2:11	8	the				expands	supplied-article	safe	0.729	approved	0				article the original does not write; rests on 'Lord' → 'יהוָ֔ה'
2:11	9	Lord		7	יהוָ֔ה		global-review-known-rendering	safe	0.729	approved	0				global known-rendering assignment; lexical score 0.58
2:11	19	honey		16	דְּבַ֔שׁ		global-review-known-rendering	safe	0.775	approved	0				global known-rendering assignment; lexical score 0.62
2:11	31	the				expands	supplied-article	safe	0.729	approved	0				article the original does not write; rests on 'Lord' → 'יהוָֽה'
2:11	32	Lord		22	יהוָֽה		global-review-known-rendering	safe	0.729	approved	0				global known-rendering assignment; lexical score 0.58
2:12	11	the				expands	supplied-article	safe	0.729	approved	0				article the original does not write; rests on 'Lord' → 'יהוָ֑ה'
2:12	12	Lord		6	יהוָ֑ה		global-review-known-rendering	safe	0.729	approved	0				global known-rendering assignment; lexical score 0.58
2:12	16	not		11	לֹא		global-review-known-rendering	safe	0.6789	approved	0				global known-rendering assignment; lexical score 0.53
2:12	23	smell		14	רֵ֥יחַ		global-review-known-rendering	safe	0.625	approved	0				global known-rendering assignment; lexical score 0.48
2:12	25	the		9	הַ		attached-word	safe	0.6896	approved	0				Article of 'altar'
2:12	26	altar		10	מִּזְבֵּ֥חַ		global-review-known-rendering	safe	0.7896	approved	0				global known-rendering assignment; lexical score 0.64
2:13	10	salt		7	מֶּ֣לַח		global-review-known-rendering	safe	0.7308	approved	0				global known-rendering assignment; lexical score 0.58
2:13	15	not		10	לֹ֣א		global-review-known-rendering	safe	0.6789	approved	0				global known-rendering assignment; lexical score 0.53
2:13	19	the				expands	supplied-article	safe	0.7308	approved	0				article the original does not write; rests on 'salt' → 'מֶ֚לַח'
2:13	20	salt		12	מֶ֚לַח		global-review-known-rendering	safe	0.7308	approved	0				global known-rendering assignment; lexical score 0.58
2:13	25	your		14	אֱלֹהֶ֔יךָ		attached-word	safe	0.5915	approved	0				PossessivePronoun of 'God'
2:13	26	God		14	אֱלֹהֶ֔יךָ		global-review-known-rendering	safe	0.6915	approved	0				global known-rendering assignment; lexical score 0.54
2:13	28	all		19	כָּל		global-review-known-rendering	safe	0.7583	approved	0				global known-rendering assignment; lexical score 0.61
2:13	32	salt		22	מֶֽלַח		global-review-known-rendering	safe	0.7308	approved	0				global known-rendering assignment; lexical score 0.58
2:14	2	if		2	אִם		global-review-known-rendering	safe	0.6405	approved	0				global known-rendering assignment; lexical score 0.49
2:14	11	the				expands	supplied-article	safe	0.729	approved	0				article the original does not write; rests on 'Lord' → 'יהוָ֑ה'
2:14	12	Lord		7	יהוָ֑ה		global-review-known-rendering	safe	0.729	approved	0				global known-rendering assignment; lexical score 0.58
2:14	24	fire		12	אֵשׁ֙		global-review-known-rendering	safe	0.7047	approved	0				global known-rendering assignment; lexical score 0.55
2:15	3	oil		4	שֶׁ֔מֶן		global-review-known-rendering	safe	0.723	approved	0				global known-rendering assignment; lexical score 0.57
2:16	12	the				expands	supplied-article	safe	0.723	approved	0				article the original does not write; rests on 'oil' → 'שַּׁמְנָ֔הּ'
2:16	13	oil		11	שַּׁמְנָ֔הּ		global-review-known-rendering	safe	0.723	approved	0				global known-rendering assignment; lexical score 0.57
2:16	15	all		13	כָּל		global-review-known-rendering	safe	0.7583	approved	0				global known-rendering assignment; lexical score 0.61
2:16	26	the		3	הַ		attached-word	safe	0.6904	approved	0				Article of 'priest'
2:16	27	priest		4	כֹּהֵ֜ן		global-review-known-rendering	safe	0.7904	approved	0				global known-rendering assignment; lexical score 0.64
2:16	36	the				expands	supplied-article	safe	0.729	approved	0				article the original does not write; rests on 'Lord' → 'יהוָֽה'
2:16	37	Lord		17	יהוָֽה		global-review-known-rendering	safe	0.729	approved	0				global known-rendering assignment; lexical score 0.58
3:1	2	if		2	אִם		global-review-known-rendering	safe	0.6398	approved	0				global known-rendering assignment; lexical score 0.49
3:1	10	if		6	אִ֤ם		global-review-known-rendering	safe	0.6398	approved	0				global known-rendering assignment; lexical score 0.49
3:1	14	the		8	הַ		attached-word	safe	0.64	approved	0				Article of 'herd'
3:1	15	herd		9	בָּקָר֙		global-review-known-rendering	safe	0.74	approved	0				global known-rendering assignment; lexical score 0.59
3:1	16	male		13	זָכָר֙		global-review-known-rendering	safe	0.7423	approved	0				global known-rendering assignment; lexical score 0.59
3:1	18	female		15	נְקֵבָ֔ה		global-review-known-rendering	safe	0.7289	approved	0				global known-rendering assignment; lexical score 0.58
3:1	28	before		19	פְנֵ֥י		global-review-known-rendering	safe	0.658	approved	0				global known-rendering assignment; lexical score 0.51
3:1	29	the				expands	supplied-article	safe	0.7289	approved	0				article the original does not write; rests on 'Lord' → 'יְהוָֽה'
3:1	30	Lord		20	יְהוָֽה		global-review-known-rendering	safe	0.7289	approved	0				global known-rendering assignment; lexical score 0.58
3:2				18	אֶת	omits	unrendered-object-marker	safe	0.7561	approved	0				object marker; rests on 'blood' → 'דָּ֛ם'
3:2	6	his		3	יָדֹו֙		attached-word	safe	0.5685	approved	0				PossessivePronoun of 'hand'
3:2	7	hand		3	יָדֹו֙		global-review-known-rendering	safe	0.6685	approved	0				global known-rendering assignment; lexical score 0.52
3:2	9	the				expands	supplied-article	safe	0.7398	approved	0				article the original does not write; rests on 'head' → 'רֹ֣אשׁ'
3:2	10	head		5	רֹ֣אשׁ		global-review-known-rendering	safe	0.7398	approved	0				global known-rendering assignment; lexical score 0.59
3:2	20	the				expands	supplied-article	safe	0.6765	approved	0				article the original does not write; rests on 'door' → 'פֶּ֖תַח'
3:2	21	door		9	פֶּ֖תַח		global-review-known-rendering	safe	0.6765	approved	0				global known-rendering assignment; lexical score 0.53
3:2	22	of		10	אֹ֣הֶל		attached-word	safe	0.6308	approved	0				Genitive of 'Tent'
3:2	23	the				expands	supplied-article	safe	0.7308	approved	0				article the original does not write; rests on 'Tent' → 'אֹ֣הֶל'
3:2	24	Tent		10	אֹ֣הֶל		global-review-known-rendering	safe	0.7308	approved	0				global known-rendering assignment; lexical score 0.58
3:2	28	Aaron's		15	אַהֲרֹ֨ן		global-review-known-rendering	safe	0.8	approved	0				global known-rendering assignment; lexical score 0.65
3:2	29	sons		14	בְּנֵי֩		global-review-known-rendering	safe	0.7673	approved	0				global known-rendering assignment; lexical score 0.62
3:2	30	the		16	הַ		attached-word	safe	0.6782	approved	0				Article of 'priests'
3:2	31	priests		17	כֹּהֲנִ֧ים		global-review-known-rendering	safe	0.7782	approved	0				global known-rendering assignment; lexical score 0.63
3:2	37	the		19	הַ		attached-word	safe	0.6561	approved	0				Article of 'blood'
3:2	38	blood		20	דָּ֛ם		global-review-known-rendering	safe	0.7561	approved	0				global known-rendering assignment; lexical score 0.61
3:2	41	round		24	סָבִֽיב		global-review-known-rendering	safe	0.7207	approved	0				global known-rendering assignment; lexical score 0.57
3:2	42	the		22	הַ		attached-word	safe	0.6895	approved	0				Article of 'altar'
3:2	43	altar		23	מִּזְבֵּ֖חַ		global-review-known-rendering	safe	0.7895	approved	0				global known-rendering assignment; lexical score 0.64
3:3				10	אֶת	omits	unrendered-object-marker	safe	0.5951	approved	0				object marker; rests on 'fat' → 'חֵ֨לֶב֙'
3:3				19	אֵת֙	omits	unrendered-object-marker	safe	0.7583	approved	0				object marker; rests on 'all' → 'כָּל'
3:3	16	the				expands	supplied-article	safe	0.7289	approved	0				article the original does not write; rests on 'Lord' → 'יהוָ֑ה'
3:3	17	Lord		9	יהוָ֑ה		global-review-known-rendering	safe	0.7289	approved	0				global known-rendering assignment; lexical score 0.58
3:3	18	the		11	הַ		attached-word	safe	0.4951	approved	0				Article of 'fat'
3:3	19	fat		12	חֵ֨לֶב֙		global-review-known-rendering	safe	0.5951	approved	0				global known-rendering assignment; lexical score 0.45
3:3	25	all		20	כָּל		global-review-known-rendering	safe	0.7583	approved	0				global known-rendering assignment; lexical score 0.61
3:3	26	the		21	הַ		attached-word	safe	0.4951	approved	0				Article of 'fat'
3:3	27	fat		22	חֵ֔לֶב		global-review-known-rendering	safe	0.5951	approved	0				global known-rendering assignment; lexical score 0.45
3:4				2	אֵת֙	omits	unrendered-object-marker	safe	0.6875	approved	0				object marker; rests on 'two' → 'שְׁתֵּ֣י'
3:4				7	אֶת	omits	unrendered-object-marker	safe	0.5951	approved	0				object marker; rests on 'fat' → 'חֵ֨לֶב֙'
3:4	2	the				expands	supplied-article	safe	0.6875	approved	0				article the original does not write; rests on 'two' → 'שְׁתֵּ֣י'
3:4	3	two		3	שְׁתֵּ֣י		global-review-known-rendering	safe	0.6875	approved	0				global known-rendering assignment; lexical score 0.54
3:4	4	kidneys		5	כְּלָיֹ֔ת		global-review-known-rendering	safe	0.8	approved	0				global known-rendering assignment; lexical score 0.65
3:4	6	the		8	הַ		attached-word	safe	0.4951	approved	0				Article of 'fat'
3:4	7	fat		9	חֵ֨לֶב֙		global-review-known-rendering	safe	0.5951	approved	0				global known-rendering assignment; lexical score 0.45
3:4	10	which		10	אֲשֶׁ֣ר		global-review-known-rendering	safe	0.6685	approved	0				global known-rendering assignment; lexical score 0.52
3:4	23	the		21	הַ		attached-word	safe	0.7	approved	0				Article of 'liver'
3:4	24	liver		22	כָּבֵ֔ד		global-review-known-rendering	safe	0.8	approved	0				global known-rendering assignment; lexical score 0.65
3:4	26	the		24	הַ		attached-word	safe	0.7	approved	0				Article of 'kidneys'
3:4	27	kidneys		25	כְּלָיֹ֖ות		global-review-known-rendering	safe	0.8	approved	0				global known-rendering assignment; lexical score 0.65
3:5	7	Aaron's		5	אַהֲרֹן֙		global-review-known-rendering	safe	0.8	approved	0				global known-rendering assignment; lexical score 0.65
3:5	8	sons		4	בְנֵֽי		global-review-known-rendering	safe	0.7673	approved	0				global known-rendering assignment; lexical score 0.62
3:5	10	the		6	הַ		attached-word	safe	0.6895	approved	0				Article of 'altar'
3:5	11	altar		7	מִּזְבֵּ֔חָה		global-review-known-rendering	safe	0.7895	approved	0				global known-rendering assignment; lexical score 0.64
3:5	16	which		11	אֲשֶׁ֥ר		global-review-known-rendering	safe	0.6685	approved	0				global known-rendering assignment; lexical score 0.52
3:5	19	the		13	הָ		attached-word	safe	0.5988	approved	0				Article of 'wood'
3:5	20	wood		14	עֵצִ֖ים		global-review-known-rendering	safe	0.6988	approved	0				global known-rendering assignment; lexical score 0.55
3:5	30	fire		18	אֵ֑שׁ		global-review-known-rendering	safe	0.7009	approved	0				global known-rendering assignment; lexical score 0.55
3:5	34	smell		20	רֵ֥יחַ		global-review-known-rendering	safe	0.625	approved	0				global known-rendering assignment; lexical score 0.48
3:5	36	the				expands	supplied-article	safe	0.7289	approved	0				article the original does not write; rests on 'Lord' → 'יהוָֽה'
3:5	37	Lord		23	יהוָֽה		global-review-known-rendering	safe	0.7289	approved	0				global known-rendering assignment; lexical score 0.58
3:6	2	if		2	אִם		global-review-known-rendering	safe	0.6398	approved	0				global known-rendering assignment; lexical score 0.49
3:6	14	the		4	הַ		attached-word	safe	0.6153	approved	0				Article of 'flock'
3:6	15	flock		5	צֹּ֧אן		global-review-known-rendering	safe	0.7153	approved	0				global known-rendering assignment; lexical score 0.57
3:6	19	a				expands	supplied-indefinite-article	safe	0.7423	approved	0				indefinite article; rests on 'male' → 'זָכָר֙'
3:6	20	male		12	זָכָר֙		global-review-known-rendering	safe	0.7423	approved	0				global known-rendering assignment; lexical score 0.59
3:6	22	female		14	נְקֵבָ֔ה		global-review-known-rendering	safe	0.7289	approved	0				global known-rendering assignment; lexical score 0.58
3:7	1	If		1	אִם		global-review-known-rendering	safe	0.6398	approved	0				global known-rendering assignment; lexical score 0.49
3:7	12	before		11	פְנֵ֥י		global-review-known-rendering	safe	0.658	approved	0				global known-rendering assignment; lexical score 0.51
3:7	13	the				expands	supplied-article	safe	0.7289	approved	0				article the original does not write; rests on 'Lord' → 'יְהוָֽה'
3:7	14	Lord		12	יְהוָֽה		global-review-known-rendering	safe	0.7289	approved	0				global known-rendering assignment; lexical score 0.58
3:8				3	אֶת	omits	unrendered-object-marker	safe	0.6685	approved	0				object marker; rests on 'hand' → 'יָדֹו֙'
3:8				19	אֶת	omits	unrendered-object-marker	safe	0.7561	approved	0				object marker; rests on 'blood' → 'דָּמֹ֛ו'
3:8	6	his		4	יָדֹו֙		attached-word	safe	0.5685	approved	0				PossessivePronoun of 'hand'
3:8	7	hand		4	יָדֹו֙		global-review-known-rendering	safe	0.6685	approved	0				global known-rendering assignment; lexical score 0.52
3:8	9	the				expands	supplied-article	safe	0.7398	approved	0				article the original does not write; rests on 'head' → 'רֹ֣אשׁ'
3:8	10	head		6	רֹ֣אשׁ		global-review-known-rendering	safe	0.7398	approved	0				global known-rendering assignment; lexical score 0.59
3:8	19	before		12	פְנֵ֖י		global-review-known-rendering	safe	0.658	approved	0				global known-rendering assignment; lexical score 0.51
3:8	20	the				expands	supplied-article	safe	0.7308	approved	0				article the original does not write; rests on 'Tent' → 'אֹ֣הֶל'
3:8	21	Tent		13	אֹ֣הֶל		global-review-known-rendering	safe	0.7308	approved	0				global known-rendering assignment; lexical score 0.58
3:8	25	Aaron's		18	אַהֲרֹ֧ן		global-review-known-rendering	safe	0.8	approved	0				global known-rendering assignment; lexical score 0.65
3:8	26	sons		17	בְּנֵ֨י		global-review-known-rendering	safe	0.7673	approved	0				global known-rendering assignment; lexical score 0.62
3:8	32	its		20	דָּמֹ֛ו		attached-word	safe	0.6561	approved	0				PossessivePronoun of 'blood'
3:8	33	blood		20	דָּמֹ֛ו		global-review-known-rendering	safe	0.7561	approved	0				global known-rendering assignment; lexical score 0.61
3:8	36	round		24	סָבִֽיב		global-review-known-rendering	safe	0.7207	approved	0				global known-rendering assignment; lexical score 0.57
3:8	37	the		22	הַ		attached-word	safe	0.6895	approved	0				Article of 'altar'
3:8	38	altar		23	מִּזְבֵּ֖חַ		global-review-known-rendering	safe	0.7895	approved	0				global known-rendering assignment; lexical score 0.64
3:9				20	אֶת	omits	unrendered-object-marker	safe	0.5951	approved	0				object marker; rests on 'fat' → 'חֵ֨לֶב֙'
3:9				29	אֵת֙	omits	unrendered-object-marker	safe	0.7583	approved	0				object marker; rests on 'all' → 'כָּל'
3:9	14	the				expands	supplied-article	safe	0.7289	approved	0				article the original does not write; rests on 'Lord' → 'יהוָה֒'
3:9	15	Lord		9	יהוָה֒		global-review-known-rendering	safe	0.7289	approved	0				global known-rendering assignment; lexical score 0.58
3:9	16	the				expands	supplied-article	safe	0.5951	approved	0				article the original does not write; rests on 'fat' → 'חֶלְבֹּו֙'
3:9	17	fat		10	חֶלְבֹּו֙		global-review-known-rendering	safe	0.5951	approved	0				global known-rendering assignment; lexical score 0.45
3:9	21	the		21	הַ		attached-word	safe	0.4951	approved	0				Article of 'fat'
3:9	22	fat		22	חֵ֨לֶב֙		global-review-known-rendering	safe	0.5951	approved	0				global known-rendering assignment; lexical score 0.45
3:9	33	the		31	הַ		attached-word	safe	0.4951	approved	0				Article of 'fat'
3:9	34	fat		32	חֵ֔לֶב		global-review-known-rendering	safe	0.5951	approved	0				global known-rendering assignment; lexical score 0.45
3:9	40	all		30	כָּל		global-review-known-rendering	safe	0.7583	approved	0				global known-rendering assignment; lexical score 0.61
3:10				2	אֵת֙	omits	unrendered-object-marker	safe	0.6875	approved	0				object marker; rests on 'two' → 'שְׁתֵּ֣י'
3:10				7	אֶת	omits	unrendered-object-marker	safe	0.5951	approved	0				object marker; rests on 'fat' → 'חֵ֨לֶב֙'
3:10	2	the				expands	supplied-article	safe	0.6875	approved	0				article the original does not write; rests on 'two' → 'שְׁתֵּ֣י'
3:10	3	two		3	שְׁתֵּ֣י		global-review-known-rendering	safe	0.6875	approved	0				global known-rendering assignment; lexical score 0.54
3:10	4	kidneys		5	כְּלָיֹ֔ת		global-review-known-rendering	safe	0.8	approved	0				global known-rendering assignment; lexical score 0.65
3:10	6	the		8	הַ		attached-word	safe	0.4951	approved	0				Article of 'fat'
3:10	7	fat		9	חֵ֨לֶב֙		global-review-known-rendering	safe	0.5951	approved	0				global known-rendering assignment; lexical score 0.45
3:10	10	which		10	אֲשֶׁ֣ר		global-review-known-rendering	safe	0.6685	approved	0				global known-rendering assignment; lexical score 0.52
3:10	23	the		21	הַ		attached-word	safe	0.7	approved	0				Article of 'liver'
3:10	24	liver		22	כָּבֵ֔ד		global-review-known-rendering	safe	0.8	approved	0				global known-rendering assignment; lexical score 0.65
3:10	26	the		24	הַ		attached-word	safe	0.7	approved	0				Article of 'kidneys'
3:10	27	kidneys		25	כְּלָיֹ֖ת		global-review-known-rendering	safe	0.8	approved	0				global known-rendering assignment; lexical score 0.65
3:11	7	the		3	הַ		attached-word	safe	0.6905	approved	0				Article of 'priest'
3:11	8	priest		4	כֹּהֵ֖ן		global-review-known-rendering	safe	0.7905	approved	0				global known-rendering assignment; lexical score 0.64
3:11	10	the		5	הַ		attached-word	safe	0.6895	approved	0				Article of 'altar'
3:11	11	altar		6	מִּזְבֵּ֑חָה		global-review-known-rendering	safe	0.7895	approved	0				global known-rendering assignment; lexical score 0.64
3:11	23	the				expands	supplied-article	safe	0.7289	approved	0				article the original does not write; rests on 'Lord' → 'יהוָֽה'
3:11	24	Lord		10	יהוָֽה		global-review-known-rendering	safe	0.7289	approved	0				global known-rendering assignment; lexical score 0.58
3:12	2	if		2	אִ֥ם		global-review-known-rendering	safe	0.6398	approved	0				global known-rendering assignment; lexical score 0.49
3:12	13	before		8	פְנֵ֥י		global-review-known-rendering	safe	0.658	approved	0				global known-rendering assignment; lexical score 0.51
3:12	14	the				expands	supplied-article	safe	0.7289	approved	0				article the original does not write; rests on 'Lord' → 'יְהוָֽה'
3:12	15	Lord		9	יְהוָֽה		global-review-known-rendering	safe	0.7289	approved	0				global known-rendering assignment; lexical score 0.58
3:13				3	אֶת	omits	unrendered-object-marker	safe	0.6685	approved	0				object marker; rests on 'hand' → 'יָדֹו֙'
3:13				18	אֶת	omits	unrendered-object-marker	safe	0.7561	approved	0				object marker; rests on 'blood' → 'דָּמֹ֛ו'
3:13	5	his		4	יָדֹו֙		attached-word	safe	0.5685	approved	0				PossessivePronoun of 'hand'
3:13	6	hand		4	יָדֹו֙		global-review-known-rendering	safe	0.6685	approved	0				global known-rendering assignment; lexical score 0.52
3:13	8	the				expands	supplied-article	safe	0.7398	approved	0				article the original does not write; rests on 'head' → 'רֹאשֹׁ֔ו'
3:13	9	head		6	רֹאשֹׁ֔ו		global-review-known-rendering	safe	0.7398	approved	0				global known-rendering assignment; lexical score 0.59
3:13	17	before		11	פְנֵ֖י		global-review-known-rendering	safe	0.658	approved	0				global known-rendering assignment; lexical score 0.51
3:13	18	the				expands	supplied-article	safe	0.7308	approved	0				article the original does not write; rests on 'Tent' → 'אֹ֣הֶל'
3:13	19	Tent		12	אֹ֣הֶל		global-review-known-rendering	safe	0.7308	approved	0				global known-rendering assignment; lexical score 0.58
3:13	23	the				expands	supplied-article	safe	0.7673	approved	0				article the original does not write; rests on 'sons' → 'בְּנֵ֨י'
3:13	24	sons		16	בְּנֵ֨י		global-review-known-rendering	safe	0.7673	approved	0				global known-rendering assignment; lexical score 0.62
3:13	25	of		17	אַהֲרֹ֧ן		attached-word	safe	0.6943	approved	0				Genitive of 'Aaron'
3:13	26	Aaron		17	אַהֲרֹ֧ן		global-review-known-rendering	safe	0.7943	approved	0				global known-rendering assignment; lexical score 0.64
3:13	32	its		19	דָּמֹ֛ו		attached-word	safe	0.6561	approved	0				PossessivePronoun of 'blood'
3:13	33	blood		19	דָּמֹ֛ו		global-review-known-rendering	safe	0.7561	approved	0				global known-rendering assignment; lexical score 0.61
3:13	36	round		23	סָבִֽיב		global-review-known-rendering	safe	0.7207	approved	0				global known-rendering assignment; lexical score 0.57
3:13	37	the		21	הַ		attached-word	safe	0.6895	approved	0				Article of 'altar'
3:13	38	altar		22	מִּזְבֵּ֖חַ		global-review-known-rendering	safe	0.7895	approved	0				global known-rendering assignment; lexical score 0.64
3:14				8	אֶת	omits	unrendered-object-marker	safe	0.5951	approved	0				object marker; rests on 'fat' → 'חֵ֨לֶב֙'
3:14				17	אֵת֙	omits	unrendered-object-marker	safe	0.7583	approved	0				object marker; rests on 'all' → 'כָּל'
3:14	15	the				expands	supplied-article	safe	0.7289	approved	0				article the original does not write; rests on 'Lord' → 'יהוָ֑ה'
3:14	16	Lord		7	יהוָ֑ה		global-review-known-rendering	safe	0.7289	approved	0				global known-rendering assignment; lexical score 0.58
3:14	17	the		9	הַ		attached-word	safe	0.4951	approved	0				Article of 'fat'
3:14	18	fat		10	חֵ֨לֶב֙		global-review-known-rendering	safe	0.5951	approved	0				global known-rendering assignment; lexical score 0.45
3:14	24	all		18	כָּל		global-review-known-rendering	safe	0.7583	approved	0				global known-rendering assignment; lexical score 0.61
3:14	25	the		19	הַ		attached-word	safe	0.4951	approved	0				Article of 'fat'
3:14	26	fat		20	חֵ֔לֶב		global-review-known-rendering	safe	0.5951	approved	0				global known-rendering assignment; lexical score 0.45
3:15				2	אֵת֙	omits	unrendered-object-marker	safe	0.6875	approved	0				object marker; rests on 'two' → 'שְׁתֵּ֣י'
3:15				7	אֶת	omits	unrendered-object-marker	safe	0.5951	approved	0				object marker; rests on 'fat' → 'חֵ֨לֶב֙'
3:15	2	the				expands	supplied-article	safe	0.6875	approved	0				article the original does not write; rests on 'two' → 'שְׁתֵּ֣י'
3:15	3	two		3	שְׁתֵּ֣י		global-review-known-rendering	safe	0.6875	approved	0				global known-rendering assignment; lexical score 0.54
3:15	4	kidneys		5	כְּלָיֹ֔ת		global-review-known-rendering	safe	0.8	approved	0				global known-rendering assignment; lexical score 0.65
3:15	6	the		8	הַ		attached-word	safe	0.4951	approved	0				Article of 'fat'
3:15	7	fat		9	חֵ֨לֶב֙		global-review-known-rendering	safe	0.5951	approved	0				global known-rendering assignment; lexical score 0.45
3:15	10	which		10	אֲשֶׁ֣ר		global-review-known-rendering	safe	0.6685	approved	0				global known-rendering assignment; lexical score 0.52
3:15	23	the		21	הַ		attached-word	safe	0.7	approved	0				Article of 'liver'
3:15	24	liver		22	כָּבֵ֔ד		global-review-known-rendering	safe	0.8	approved	0				global known-rendering assignment; lexical score 0.65
3:15	26	the		24	הַ		attached-word	safe	0.7	approved	0				Article of 'kidneys'
3:15	27	kidneys		25	כְּלָיֹ֖ת		global-review-known-rendering	safe	0.8	approved	0				global known-rendering assignment; lexical score 0.65
3:16	7	the		3	הַ		attached-word	safe	0.6905	approved	0				Article of 'priest'
3:16	8	priest		4	כֹּהֵ֖ן		global-review-known-rendering	safe	0.7905	approved	0				global known-rendering assignment; lexical score 0.64
3:16	10	the		5	הַ		attached-word	safe	0.6895	approved	0				Article of 'altar'
3:16	11	altar		6	מִּזְבֵּ֑חָה		global-review-known-rendering	safe	0.7895	approved	0				global known-rendering assignment; lexical score 0.64
3:16	25	smell		10	רֵ֣יחַ		global-review-known-rendering	safe	0.625	approved	0				global known-rendering assignment; lexical score 0.48
3:16	26	all		12	כָּל		global-review-known-rendering	safe	0.7583	approved	0				global known-rendering assignment; lexical score 0.61
3:16	27	the				expands	supplied-article	safe	0.5951	approved	0				article the original does not write; rests on 'fat' → 'חֵ֖לֶב'
3:16	28	fat		13	חֵ֖לֶב		global-review-known-rendering	safe	0.5951	approved	0				global known-rendering assignment; lexical score 0.45
3:17	7	ever		2	עֹולָם֙		global-review-known-rendering	safe	0.6092	approved	0				global known-rendering assignment; lexical score 0.46
3:17	9	all		6	כֹ֖ל		global-review-known-rendering	safe	0.7583	approved	0				global known-rendering assignment; lexical score 0.61
3:17	13	all		8	כָּל		global-review-known-rendering	safe	0.7583	approved	0				global known-rendering assignment; lexical score 0.61
3:17	19	not		13	לֹ֥א		global-review-known-rendering	safe	0.6789	approved	0				global known-rendering assignment; lexical score 0.53
3:17	22	fat		9	חֵ֥לֶב		global-review-known-rendering	safe	0.5951	approved	0				global known-rendering assignment; lexical score 0.45
3:17	24	blood		12	דָּ֖ם		global-review-known-rendering	safe	0.7561	approved	0				global known-rendering assignment; lexical score 0.61
4:1	2	the				expands	supplied-article	safe	0.7287	approved	0				article the original does not write; rests on 'Lord' → 'יְהוָ֖ה'
4:1	3	Lord		3	יְהוָ֖ה		global-review-known-rendering	safe	0.7287	approved	0				global known-rendering assignment; lexical score 0.58
4:1	4	said		7	אמֹֽר		global-review-known-rendering	safe	0.777	approved	0				global known-rendering assignment; lexical score 0.63
4:1	6	Moses		5	מֹשֶׁ֥ה		global-review-known-rendering	safe	0.7976	approved	0				global known-rendering assignment; lexical score 0.65
4:2				19	וְ	omits	unrendered-conjunction	safe	0.6975	approved	0				conjunction no word of the verse renders; rests on 'done' → 'עָשָׂ֕ה'
4:2	1	Say		6	אמֹר֒		global-review-known-rendering	safe	0.7662	approved	0				global known-rendering assignment; lexical score 0.62
4:2	3	the				expands	supplied-article	safe	0.7612	approved	0				article the original does not write; rests on 'children' → 'בְּנֵ֣י'
4:2	4	children		3	בְּנֵ֣י		global-review-known-rendering	safe	0.7612	approved	0				global known-rendering assignment; lexical score 0.61
4:2	5	of		4	יִשְׂרָאֵל֮		attached-word	safe	0.6859	approved	0				Genitive of 'Israel'
4:2	6	Israel		4	יִשְׂרָאֵל֮		global-review-known-rendering	safe	0.7859	approved	0				global known-rendering assignment; lexical score 0.64
4:2	18	doing		18	תֵעָשֶׂ֑ינָה		global-review-known-rendering	safe	0.6941	approved	0				global known-rendering assignment; lexical score 0.54
4:2	23	which		16	אֲשֶׁ֖ר		global-review-known-rendering	safe	0.6681	approved	0				global known-rendering assignment; lexical score 0.52
4:2	29	not		17	לֹ֣א		global-review-known-rendering	safe	0.6788	approved	0				global known-rendering assignment; lexical score 0.53
4:2	32	done		20	עָשָׂ֕ה		global-review-known-rendering	safe	0.6975	approved	0				global known-rendering assignment; lexical score 0.55
4:3	1	If		1	אִ֣ם		global-review-known-rendering	safe	0.6409	approved	0				global known-rendering assignment; lexical score 0.49
4:3	4	priest		3	כֹּהֵ֧ן		global-review-known-rendering	safe	0.7901	approved	0				global known-rendering assignment; lexical score 0.64
4:3	12	sin		14	חַטָּאתֹו֩		global-review-known-rendering	safe	0.607	approved	0				global known-rendering assignment; lexical score 0.46
4:3	14	the		9	הָ		attached-word	safe	0.6672	approved	0				Article of 'people'
4:3	15	people		10	עָ֑ם		global-review-known-rendering	safe	0.7672	approved	0				global known-rendering assignment; lexical score 0.62
4:3	21	the				expands	supplied-article	safe	0.7287	approved	0				article the original does not write; rests on 'Lord' → 'יהוָ֖ה'
4:3	22	Lord		22	יהוָ֖ה		global-review-known-rendering	safe	0.7287	approved	0				global known-rendering assignment; lexical score 0.58
4:3	24	the				expands	supplied-article	safe	0.607	approved	0				article the original does not write; rests on 'sin' → 'חַטָּֽאת'
4:3	25	sin		24	חַטָּֽאת		global-review-known-rendering	safe	0.607	approved	0				global known-rendering assignment; lexical score 0.46
4:3	26	which		15	אֲשֶׁ֨ר		global-review-known-rendering	safe	0.6681	approved	0				global known-rendering assignment; lexical score 0.52
4:4				15	אֶת	omits	unrendered-object-marker	safe	0.6684	approved	0				object marker; rests on 'hand' → 'יָדֹו֙'
4:4	9	the				expands	supplied-article	safe	0.6748	approved	0				article the original does not write; rests on 'door' → 'פֶּ֛תַח'
4:4	10	door		7	פֶּ֛תַח		global-review-known-rendering	safe	0.6748	approved	0				global known-rendering assignment; lexical score 0.52
4:4	11	of		8	אֹ֥הֶל		attached-word	safe	0.6308	approved	0				Genitive of 'Tent'
4:4	12	the				expands	supplied-article	safe	0.7308	approved	0				article the original does not write; rests on 'Tent' → 'אֹ֥הֶל'
4:4	13	Tent		8	אֹ֥הֶל		global-review-known-rendering	safe	0.7308	approved	0				global known-rendering assignment; lexical score 0.58
4:4	16	before		11	פְנֵ֣י		global-review-known-rendering	safe	0.6574	approved	0				global known-rendering assignment; lexical score 0.51
4:4	17	the				expands	supplied-article	safe	0.7287	approved	0				article the original does not write; rests on 'Lord' → 'יְהוָ֑ה'
4:4	18	Lord		12	יְהוָ֑ה		global-review-known-rendering	safe	0.7287	approved	0				global known-rendering assignment; lexical score 0.58
4:4	21	his		16	יָדֹו֙		attached-word	safe	0.5684	approved	0				PossessivePronoun of 'hand'
4:4	22	hand		16	יָדֹו֙		global-review-known-rendering	safe	0.6684	approved	0				global known-rendering assignment; lexical score 0.52
4:4	25	head		18	רֹ֣אשׁ		global-review-known-rendering	safe	0.7392	approved	0				global known-rendering assignment; lexical score 0.59
4:4	31	before		27	פְנֵ֥י		global-review-known-rendering	safe	0.6574	approved	0				global known-rendering assignment; lexical score 0.51
4:4	32	the				expands	supplied-article	safe	0.7287	approved	0				article the original does not write; rests on 'Lord' → 'יְהוָֽה'
4:4	33	Lord		28	יְהוָֽה		global-review-known-rendering	safe	0.7287	approved	0				global known-rendering assignment; lexical score 0.58
4:5	4	priest		4	כֹּהֵ֥ן		global-review-known-rendering	safe	0.7901	approved	0				global known-rendering assignment; lexical score 0.64
4:5	7	take		2	לָקַ֛ח		global-review-known-rendering	safe	0.5506	approved	0				global known-rendering assignment; lexical score 0.40
4:5	11	blood		8	דַּ֣ם		global-review-known-rendering	safe	0.7593	approved	0				global known-rendering assignment; lexical score 0.61
4:5	16	the				expands	supplied-article	safe	0.7308	approved	0				article the original does not write; rests on 'Tent' → 'אֹ֥הֶל'
4:5	17	Tent		15	אֹ֥הֶל		global-review-known-rendering	safe	0.7308	approved	0				global known-rendering assignment; lexical score 0.58
4:6				5	אֶת	omits	unrendered-object-marker	safe	0.8	approved	0				object marker; rests on 'finger' → 'אֶצְבָּעֹ֖ו'
4:6	2	the		3	הַ		attached-word	safe	0.6901	approved	0				Article of 'priest'
4:6	3	priest		4	כֹּהֵ֛ן		global-review-known-rendering	safe	0.7901	approved	0				global known-rendering assignment; lexical score 0.64
4:6	7	his		6	אֶצְבָּעֹ֖ו		attached-word	safe	0.7	approved	0				PossessivePronoun of 'finger'
4:6	8	finger		6	אֶצְבָּעֹ֖ו		global-review-known-rendering	safe	0.8	approved	0				global known-rendering assignment; lexical score 0.65
4:6	10	the		8			attached-word	safe	0.6593	approved	0				Article of 'blood'
4:6	11	blood		9	דָּ֑ם		global-review-known-rendering	safe	0.7593	approved	0				global known-rendering assignment; lexical score 0.61
4:6	16	before		18	פְנֵ֣י		global-review-known-rendering	safe	0.6574	approved	0				global known-rendering assignment; lexical score 0.51
4:6	17	the				expands	supplied-article	safe	0.7287	approved	0				article the original does not write; rests on 'Lord' → 'יְהוָ֔ה'
4:6	18	Lord		19	יְהוָ֔ה		global-review-known-rendering	safe	0.7287	approved	0				global known-rendering assignment; lexical score 0.58
4:6	19	seven		15	שֶׁ֤בַע		global-review-known-rendering	safe	0.783	approved	0				global known-rendering assignment; lexical score 0.63
4:6	26	of		24	קֹּֽדֶשׁ		attached-word	safe	0.5631	approved	0				Genitive of 'holy'
4:6	27	the		23	הַ		attached-word	safe	0.5631	approved	0				Article of 'holy'
4:6	28	holy		24	קֹּֽדֶשׁ		global-review-known-rendering	safe	0.6631	approved	0				global known-rendering assignment; lexical score 0.51
4:7				22	אֵ֣ת	omits	unrendered-object-marker	safe	0.7582	approved	0				object marker; rests on 'all' → 'כָּל'
4:7	2	the		3	הַ		attached-word	safe	0.6901	approved	0				Article of 'priest'
4:7	3	priest		4	כֹּהֵ֨ן		global-review-known-rendering	safe	0.7901	approved	0				global known-rendering assignment; lexical score 0.64
4:7	9	the		6	הַ		attached-word	safe	0.6593	approved	0				Article of 'blood'
4:7	10	blood		7	דָּ֜ם		global-review-known-rendering	safe	0.7593	approved	0				global known-rendering assignment; lexical score 0.61
4:7	12	the				expands	supplied-article	safe	0.7029	approved	0				article the original does not write; rests on 'horns' → 'קַ֠רְנֹות'
4:7	13	horns		9	קַ֠רְנֹות		global-review-known-rendering	safe	0.7029	approved	0				global known-rendering assignment; lexical score 0.55
4:7	14	of		10	מִזְבַּ֨ח		attached-word	safe	0.6892	approved	0				Genitive of 'altar'
4:7	15	the				expands	supplied-article	safe	0.7892	approved	0				article the original does not write; rests on 'altar' → 'מִזְבַּ֨ח'
4:7	16	altar		10	מִזְבַּ֨ח		global-review-known-rendering	safe	0.7892	approved	0				global known-rendering assignment; lexical score 0.64
4:7	18	which		17	אֲשֶׁ֖ר		global-review-known-rendering	safe	0.6681	approved	0				global known-rendering assignment; lexical score 0.52
4:7	22	before		15	פְנֵ֣י		global-review-known-rendering	safe	0.6574	approved	0				global known-rendering assignment; lexical score 0.51
4:7	23	the				expands	supplied-article	safe	0.7287	approved	0				article the original does not write; rests on 'Lord' → 'יְהוָ֔ה'
4:7	24	Lord		16	יְהוָ֔ה		global-review-known-rendering	safe	0.7287	approved	0				global known-rendering assignment; lexical score 0.58
4:7	26	the				expands	supplied-article	safe	0.7308	approved	0				article the original does not write; rests on 'Tent' → 'אֹ֣הֶל'
4:7	27	Tent		19	אֹ֣הֶל		global-review-known-rendering	safe	0.7308	approved	0				global known-rendering assignment; lexical score 0.58
4:7	32	all		23	כָּל		global-review-known-rendering	safe	0.7582	approved	0				global known-rendering assignment; lexical score 0.61
4:7	36	the				expands	supplied-article	safe	0.7593	approved	0				article the original does not write; rests on 'blood' → 'דַּ֣ם'
4:7	37	blood		24	דַּ֣ם		global-review-known-rendering	safe	0.7593	approved	0				global known-rendering assignment; lexical score 0.61
4:7	44	of		30	מִזְבַּ֣ח		attached-word	safe	0.6892	approved	0				Genitive of 'altar'
4:7	45	the				expands	supplied-article	safe	0.7892	approved	0				article the original does not write; rests on 'altar' → 'מִזְבַּ֣ח'
4:7	46	altar		30	מִזְבַּ֣ח		global-review-known-rendering	safe	0.7892	approved	0				global known-rendering assignment; lexical score 0.64
4:7	50	which		33	אֲשֶׁר		global-review-known-rendering	safe	0.6681	approved	0				global known-rendering assignment; lexical score 0.52
4:7	53	the				expands	supplied-article	safe	0.6748	approved	0				article the original does not write; rests on 'door' → 'פֶּ֖תַח'
4:7	54	door		34	פֶּ֖תַח		global-review-known-rendering	safe	0.6748	approved	0				global known-rendering assignment; lexical score 0.52
4:7	55	of		35	אֹ֥הֶל		attached-word	safe	0.6308	approved	0				Genitive of 'Tent'
4:7	56	the				expands	supplied-article	safe	0.7308	approved	0				article the original does not write; rests on 'Tent' → 'אֹ֥הֶל'
4:7	57	Tent		35	אֹ֥הֶל		global-review-known-rendering	safe	0.7308	approved	0				global known-rendering assignment; lexical score 0.58
4:8				2	אֶת	omits	unrendered-object-marker	safe	0.7582	approved	0				object marker; rests on 'all' → 'כָּל'
4:8				10	אֶת	omits	unrendered-object-marker	safe	0.5951	approved	0				object marker; rests on 'fat' → 'חֵ֨לֶב֙'
4:8				19	אֵת֙	omits	unrendered-object-marker	safe	0.7582	approved	0				object marker; rests on 'all' → 'כָּל'
4:8	7	all		3	כָּל		global-review-known-rendering	safe	0.7582	approved	0				global known-rendering assignment; lexical score 0.61
4:8	8	the				expands	supplied-article	safe	0.5951	approved	0				article the original does not write; rests on 'fat' → 'חֵ֛לֶב'
4:8	9	fat		4	חֵ֛לֶב		global-review-known-rendering	safe	0.5951	approved	0				global known-rendering assignment; lexical score 0.45
4:8	16	the		11	הַ		attached-word	safe	0.4951	approved	0				Article of 'fat'
4:8	17	fat		12	חֵ֨לֶב֙		global-review-known-rendering	safe	0.5951	approved	0				global known-rendering assignment; lexical score 0.45
4:8	23	all		20	כָּל		global-review-known-rendering	safe	0.7582	approved	0				global known-rendering assignment; lexical score 0.61
4:8	24	the		21	הַ		attached-word	safe	0.4951	approved	0				Article of 'fat'
4:8	25	fat		22	חֵ֔לֶב		global-review-known-rendering	safe	0.5951	approved	0				global known-rendering assignment; lexical score 0.45
4:9				2	אֵת֙	omits	unrendered-object-marker	safe	0.6878	approved	0				object marker; rests on 'two' → 'שְׁתֵּ֣י'
4:9				7	אֶת	omits	unrendered-object-marker	safe	0.5951	approved	0				object marker; rests on 'fat' → 'חֵ֨לֶב֙'
4:9	2	the				expands	supplied-article	safe	0.6878	approved	0				article the original does not write; rests on 'two' → 'שְׁתֵּ֣י'
4:9	3	two		3	שְׁתֵּ֣י		global-review-known-rendering	safe	0.6878	approved	0				global known-rendering assignment; lexical score 0.54
4:9	4	kidneys		5	כְּלָיֹ֔ת		global-review-known-rendering	safe	0.8	approved	0				global known-rendering assignment; lexical score 0.65
4:9	6	the		8	הַ		attached-word	safe	0.4951	approved	0				Article of 'fat'
4:9	7	fat		9	חֵ֨לֶב֙		global-review-known-rendering	safe	0.5951	approved	0				global known-rendering assignment; lexical score 0.45
4:9	10	which		10	אֲשֶׁ֣ר		global-review-known-rendering	safe	0.6681	approved	0				global known-rendering assignment; lexical score 0.52
4:9	23	the		21	הַ		attached-word	safe	0.7	approved	0				Article of 'liver'
4:9	24	liver		22	כָּבֵ֔ד		global-review-known-rendering	safe	0.8	approved	0				global known-rendering assignment; lexical score 0.65
4:9	26	the		24	הַ		attached-word	safe	0.7	approved	0				Article of 'kidneys'
4:9	27	kidneys		25	כְּלָיֹ֖ות		global-review-known-rendering	safe	0.8	approved	0				global known-rendering assignment; lexical score 0.65
4:10	6	the				expands	supplied-article	safe	0.7227	approved	0				article the original does not write; rests on 'ox' → 'שֹּׁ֖ור'
4:10	7	ox		5	שֹּׁ֖ור		global-review-known-rendering	safe	0.7227	approved	0				global known-rendering assignment; lexical score 0.57
4:10	18	the		11	הַ		attached-word	safe	0.6901	approved	0				Article of 'priest'
4:10	19	priest		12	כֹּהֵ֔ן		global-review-known-rendering	safe	0.7901	approved	0				global known-rendering assignment; lexical score 0.64
4:10	21	the				expands	supplied-article	safe	0.7892	approved	0				article the original does not write; rests on 'altar' → 'מִזְבַּ֥ח'
4:10	22	altar		14	מִזְבַּ֥ח		global-review-known-rendering	safe	0.7892	approved	0				global known-rendering assignment; lexical score 0.64
4:11				2	אֶת	omits	unrendered-object-marker	safe	0.7663	approved	0				object marker; rests on 'skin' → 'עֹ֤ור'
4:11				7	אֶת	omits	unrendered-object-marker	safe	0.7582	approved	0				object marker; rests on 'all' → 'כָּל'
4:11	2	the				expands	supplied-article	safe	0.7663	approved	0				article the original does not write; rests on 'skin' → 'עֹ֤ור'
4:11	3	skin		3	עֹ֤ור		global-review-known-rendering	safe	0.7663	approved	0				global known-rendering assignment; lexical score 0.62
4:11	8	all		8	כָּל		global-review-known-rendering	safe	0.7582	approved	0				global known-rendering assignment; lexical score 0.61
4:11	9	its		9	בְּשָׂרֹ֔ו		attached-word	safe	0.6505	approved	0				PossessivePronoun of 'flesh'
4:11	10	flesh		9	בְּשָׂרֹ֔ו		global-review-known-rendering	safe	0.7505	approved	0				global known-rendering assignment; lexical score 0.60
4:11	12	its		11	רֹאשֹׁ֖ו		attached-word	safe	0.6392	approved	0				PossessivePronoun of 'head'
4:11	13	head		11	רֹאשֹׁ֖ו		global-review-known-rendering	safe	0.7392	approved	0				global known-rendering assignment; lexical score 0.59
4:11	15	its		14	כְּרָעָ֑יו		attached-word	safe	0.49	approved	0				PossessivePronoun of 'legs'
4:11	16	legs		14	כְּרָעָ֑יו		global-review-known-rendering	safe	0.59	approved	0				global known-rendering assignment; lexical score 0.44
4:12				3	אֶת	omits	unrendered-object-marker	safe	0.7582	approved	0				object marker; rests on 'All' → 'כָּל'
4:12	1	All		4	כָּל		global-review-known-rendering	safe	0.7582	approved	0				global known-rendering assignment; lexical score 0.61
4:12	18	place		14	מָקֹ֤ום		global-review-known-rendering	safe	0.639	approved	0				global known-rendering assignment; lexical score 0.49
4:12	33	wood		24	עֵצִ֖ים		global-review-known-rendering	safe	0.6988	approved	0				global known-rendering assignment; lexical score 0.55
4:12	35	fire		27	אֵ֑שׁ		global-review-known-rendering	safe	0.6979	approved	0				global known-rendering assignment; lexical score 0.55
4:13	2	if		2	אִ֨ם		global-review-known-rendering	safe	0.6409	approved	0				global known-rendering assignment; lexical score 0.49
4:13	3	all		3	כָּל		global-review-known-rendering	safe	0.7582	approved	0				global known-rendering assignment; lexical score 0.61
4:13	6	of		5	יִשְׂרָאֵל֙		attached-word	safe	0.6859	approved	0				Genitive of 'Israel'
4:13	7	Israel		5	יִשְׂרָאֵל֙		global-review-known-rendering	safe	0.7859	approved	0				global known-rendering assignment; lexical score 0.64
4:13	16	done		15	עָשׂוּ		global-review-known-rendering	safe	0.6975	approved	0				global known-rendering assignment; lexical score 0.55
4:13	21	which		21	אֲשֶׁ֥ר		global-review-known-rendering	safe	0.6681	approved	0				global known-rendering assignment; lexical score 0.52
4:13	27	not		22	לֹא		global-review-known-rendering	safe	0.6788	approved	0				global known-rendering assignment; lexical score 0.53
4:13	30	done		23	תֵעָשֶׂ֖ינָה		global-review-known-rendering	safe	0.6975	approved	0				global known-rendering assignment; lexical score 0.55
4:14	2	the		3	הַֽ		attached-word	safe	0.507	approved	0				Article of 'sin'
4:14	3	sin		4	חַטָּ֔את		global-review-known-rendering	safe	0.607	approved	0				global known-rendering assignment; lexical score 0.46
4:14	4	which		5	אֲשֶׁ֥ר		global-review-known-rendering	safe	0.6681	approved	0				global known-rendering assignment; lexical score 0.52
4:14	8	comes		18	הֵבִ֣יאוּ		global-review-known-rendering	safe	0.5795	approved	0				global known-rendering assignment; lexical score 0.43
4:14	25	before		21	פְנֵ֖י		global-review-known-rendering	safe	0.6574	approved	0				global known-rendering assignment; lexical score 0.51
4:14	26	the				expands	supplied-article	safe	0.7308	approved	0				article the original does not write; rests on 'Tent' → 'אֹ֥הֶל'
4:14	27	Tent		22	אֹ֥הֶל		global-review-known-rendering	safe	0.7308	approved	0				global known-rendering assignment; lexical score 0.58
4:15				6	אֶת	omits	unrendered-object-marker	safe	0.6739	approved	0				object marker; rests on 'hands' → 'יְדֵיהֶ֛ם'
4:15	9	their		7	יְדֵיהֶ֛ם		attached-word	safe	0.5739	approved	0				PossessivePronoun of 'hands'
4:15	10	hands		7	יְדֵיהֶ֛ם		global-review-known-rendering	safe	0.6739	approved	0				global known-rendering assignment; lexical score 0.52
4:15	13	head		9	רֹ֥אשׁ		global-review-known-rendering	safe	0.7392	approved	0				global known-rendering assignment; lexical score 0.59
4:15	14	before		13	פְנֵ֣י		global-review-known-rendering	safe	0.6574	approved	0				global known-rendering assignment; lexical score 0.51
4:15	15	the				expands	supplied-article	safe	0.7287	approved	0				article the original does not write; rests on 'Lord' → 'יְהוָ֑ה'
4:15	16	Lord		14	יְהוָ֑ה		global-review-known-rendering	safe	0.7287	approved	0				global known-rendering assignment; lexical score 0.58
4:15	23	before		21	פְנֵ֥י		global-review-known-rendering	safe	0.6574	approved	0				global known-rendering assignment; lexical score 0.51
4:15	24	the				expands	supplied-article	safe	0.7287	approved	0				article the original does not write; rests on 'Lord' → 'יְהוָֽה'
4:15	25	Lord		22	יְהוָֽה		global-review-known-rendering	safe	0.7287	approved	0				global known-rendering assignment; lexical score 0.58
4:16	2	the		3	הַ		attached-word	safe	0.6901	approved	0				Article of 'priest'
4:16	3	priest		4	כֹּהֵ֥ן		global-review-known-rendering	safe	0.7901	approved	0				global known-rendering assignment; lexical score 0.64
4:16	10	blood		8	דַּ֣ם		global-review-known-rendering	safe	0.7593	approved	0				global known-rendering assignment; lexical score 0.61
4:16	12	the				expands	supplied-article	safe	0.7308	approved	0				article the original does not write; rests on 'Tent' → 'אֹ֖הֶל'
4:16	13	Tent		12	אֹ֖הֶל		global-review-known-rendering	safe	0.7308	approved	0				global known-rendering assignment; lexical score 0.58
4:17	3	his		5	אֶצְבָּעֹ֖ו		attached-word	safe	0.7	approved	0				PossessivePronoun of 'finger'
4:17	4	finger		5	אֶצְבָּעֹ֖ו		global-review-known-rendering	safe	0.8	approved	0				global known-rendering assignment; lexical score 0.65
4:17	6	the		7	הַ		attached-word	safe	0.6593	approved	0				Article of 'blood'
4:17	7	blood		8	דָּ֑ם		global-review-known-rendering	safe	0.7593	approved	0				global known-rendering assignment; lexical score 0.61
4:17	13	seven		11	שֶׁ֤בַע		global-review-known-rendering	safe	0.783	approved	0				global known-rendering assignment; lexical score 0.63
4:17	15	before		14	פְנֵ֣י		global-review-known-rendering	safe	0.6574	approved	0				global known-rendering assignment; lexical score 0.51
4:17	16	the				expands	supplied-article	safe	0.7287	approved	0				article the original does not write; rests on 'Lord' → 'יְהוָ֔ה'
4:17	17	Lord		15	יְהוָ֔ה		global-review-known-rendering	safe	0.7287	approved	0				global known-rendering assignment; lexical score 0.58
4:18				19	אֵ֣ת	omits	unrendered-object-marker	safe	0.7582	approved	0				object marker; rests on 'all' → 'כָּל'
4:18	8	the		3	הַ		attached-word	safe	0.6593	approved	0				Article of 'blood'
4:18	9	blood		4	דָּ֞ם		global-review-known-rendering	safe	0.7593	approved	0				global known-rendering assignment; lexical score 0.61
4:18	11	the				expands	supplied-article	safe	0.7029	approved	0				article the original does not write; rests on 'horns' → 'קַרְנֹ֣ת'
4:18	12	horns		7	קַרְנֹ֣ת		global-review-known-rendering	safe	0.7029	approved	0				global known-rendering assignment; lexical score 0.55
4:18	13	of		9	מִּזְבֵּ֗חַ		attached-word	safe	0.6892	approved	0				Genitive of 'altar'
4:18	14	the		8	הַ		attached-word	safe	0.6892	approved	0				Article of 'altar'
4:18	15	altar		9	מִּזְבֵּ֗חַ		global-review-known-rendering	safe	0.7892	approved	0				global known-rendering assignment; lexical score 0.64
4:18	16	which		10	אֲשֶׁר֙		global-review-known-rendering	safe	0.6681	approved	0				global known-rendering assignment; lexical score 0.52
4:18	18	before		12	פְנֵ֣י		global-review-known-rendering	safe	0.6574	approved	0				global known-rendering assignment; lexical score 0.51
4:18	19	the				expands	supplied-article	safe	0.7287	approved	0				article the original does not write; rests on 'Lord' → 'יְהוָ֔ה'
4:18	20	Lord		13	יְהוָ֔ה		global-review-known-rendering	safe	0.7287	approved	0				global known-rendering assignment; lexical score 0.58
4:18	22	the				expands	supplied-article	safe	0.7308	approved	0				article the original does not write; rests on 'Tent' → 'אֹ֣הֶל'
4:18	23	Tent		16	אֹ֣הֶל		global-review-known-rendering	safe	0.7308	approved	0				global known-rendering assignment; lexical score 0.58
4:18	27	all		20	כָּל		global-review-known-rendering	safe	0.7582	approved	0				global known-rendering assignment; lexical score 0.61
4:18	31	the		21	הַ		attached-word	safe	0.6593	approved	0				Article of 'blood'
4:18	32	blood		22	דָּ֗ם		global-review-known-rendering	safe	0.7593	approved	0				global known-rendering assignment; lexical score 0.61
4:18	41	of		26	מִזְבַּ֣ח		attached-word	safe	0.6892	approved	0				Genitive of 'altar'
4:18	42	the				expands	supplied-article	safe	0.7892	approved	0				article the original does not write; rests on 'altar' → 'מִזְבַּ֣ח'
4:18	43	altar		26	מִזְבַּ֣ח		global-review-known-rendering	safe	0.7892	approved	0				global known-rendering assignment; lexical score 0.64
4:18	48	the				expands	supplied-article	safe	0.6748	approved	0				article the original does not write; rests on 'door' → 'פֶּ֖תַח'
4:18	49	door		30	פֶּ֖תַח		global-review-known-rendering	safe	0.6748	approved	0				global known-rendering assignment; lexical score 0.52
4:18	50	of		31	אֹ֥הֶל		attached-word	safe	0.6308	approved	0				Genitive of 'Tent'
4:18	51	the				expands	supplied-article	safe	0.7308	approved	0				article the original does not write; rests on 'Tent' → 'אֹ֥הֶל'
4:18	52	Tent		31	אֹ֥הֶל		global-review-known-rendering	safe	0.7308	approved	0				global known-rendering assignment; lexical score 0.58
4:19				2	אֵ֥ת	omits	unrendered-object-marker	safe	0.7582	approved	0				object marker; rests on 'all' → 'כָּל'
4:19	7	all		3	כָּל		global-review-known-rendering	safe	0.7582	approved	0				global known-rendering assignment; lexical score 0.61
4:19	8	its		4	חֶלְבֹּ֖ו		attached-word	safe	0.4951	approved	0				PossessivePronoun of 'fat'
4:19	9	fat		4	חֶלְבֹּ֖ו		global-review-known-rendering	safe	0.5951	approved	0				global known-rendering assignment; lexical score 0.45
4:19	13	the		9	הַ		attached-word	safe	0.6892	approved	0				Article of 'altar'
4:19	14	altar		10	מִּזְבֵּֽחָה		global-review-known-rendering	safe	0.7892	approved	0				global known-rendering assignment; lexical score 0.64
4:20	3	do		2	עָשָׂ֣ה		global-review-known-rendering	safe	0.6284	approved	0				global known-rendering assignment; lexical score 0.48
4:20	17	the		19	הַ		attached-word	safe	0.6901	approved	0				Article of 'priest'
4:20	18	priest		20	כֹּהֵ֖ן		global-review-known-rendering	safe	0.7901	approved	0				global known-rendering assignment; lexical score 0.64
4:20	23	sin		12	חַטָּ֔את		global-review-known-rendering	safe	0.607	approved	0				global known-rendering assignment; lexical score 0.46
4:22	14	which		12	אֲשֶׁ֧ר		global-review-known-rendering	safe	0.6681	approved	0				global known-rendering assignment; lexical score 0.52
4:22	19	the				expands	supplied-article	safe	0.7287	approved	0				article the original does not write; rests on 'Lord' → 'יְהוָ֨ה'
4:22	20	Lord		10	יְהוָ֨ה		global-review-known-rendering	safe	0.7287	approved	0				global known-rendering assignment; lexical score 0.58
4:22	21	his		11	אֱלֹהָ֜יו		attached-word	safe	0.5915	approved	0				PossessivePronoun of 'God'
4:22	22	God		11	אֱלֹהָ֜יו		global-review-known-rendering	safe	0.6915	approved	0				global known-rendering assignment; lexical score 0.54
4:22	24	not		13	לֹא		global-review-known-rendering	safe	0.6788	approved	0				global known-rendering assignment; lexical score 0.53
4:22	27	done		14	תֵעָשֶׂ֛ינָה		global-review-known-rendering	safe	0.6975	approved	0				global known-rendering assignment; lexical score 0.55
4:23	2	the				expands	supplied-article	safe	0.607	approved	0				article the original does not write; rests on 'sin' → 'חַטָּאתֹ֔ו'
4:23	3	sin		4	חַטָּאתֹ֔ו		global-review-known-rendering	safe	0.607	approved	0				global known-rendering assignment; lexical score 0.46
4:23	4	which		5	אֲשֶׁ֥ר		global-review-known-rendering	safe	0.6681	approved	0				global known-rendering assignment; lexical score 0.52
4:23	19	a				expands	supplied-indefinite-article	safe	0.6015	approved	0				indefinite article; rests on 'goat' → 'שְׂעִ֥יר'
4:23	20	goat		12	שְׂעִ֥יר		global-review-known-rendering	safe	0.6015	approved	0				global known-rendering assignment; lexical score 0.45
4:23	21	a				expands	supplied-indefinite-article	safe	0.7437	approved	0				indefinite article; rests on 'male' → 'זָכָ֥ר'
4:23	22	male		14	זָכָ֥ר		global-review-known-rendering	safe	0.7437	approved	0				global known-rendering assignment; lexical score 0.59
4:24	6	his		3	יָדֹו֙		attached-word	safe	0.5684	approved	0				PossessivePronoun of 'hand'
4:24	7	hand		3	יָדֹו֙		global-review-known-rendering	safe	0.6684	approved	0				global known-rendering assignment; lexical score 0.52
4:24	9	the				expands	supplied-article	safe	0.7392	approved	0				article the original does not write; rests on 'head' → 'רֹ֣אשׁ'
4:24	10	head		5	רֹ֣אשׁ		global-review-known-rendering	safe	0.7392	approved	0				global known-rendering assignment; lexical score 0.59
4:24	11	of		7	שָּׂעִ֔יר		attached-word	safe	0.5015	approved	0				Genitive of 'goat'
4:24	12	the		6	הַ		attached-word	safe	0.5015	approved	0				Article of 'goat'
4:24	13	goat		7	שָּׂעִ֔יר		global-review-known-rendering	safe	0.6015	approved	0				global known-rendering assignment; lexical score 0.45
4:24	20	the				expands	supplied-article	safe	0.639	approved	0				article the original does not write; rests on 'place' → 'מְקֹ֛ום'
4:24	21	place		12	מְקֹ֛ום		global-review-known-rendering	safe	0.639	approved	0				global known-rendering assignment; lexical score 0.49
4:24	30	before		19	פְנֵ֣י		global-review-known-rendering	safe	0.6574	approved	0				global known-rendering assignment; lexical score 0.51
4:24	31	the				expands	supplied-article	safe	0.7287	approved	0				article the original does not write; rests on 'Lord' → 'יְהוָ֑ה'
4:24	32	Lord		20	יְהוָ֑ה		global-review-known-rendering	safe	0.7287	approved	0				global known-rendering assignment; lexical score 0.58
4:25				19	אֶת	omits	unrendered-object-marker	safe	0.7593	approved	0				object marker; rests on 'blood' → 'דָּמֹ֣ו'
4:25	2	the		3	הַ		attached-word	safe	0.6901	approved	0				Article of 'priest'
4:25	3	priest		4	כֹּהֵ֜ן		global-review-known-rendering	safe	0.7901	approved	0				global known-rendering assignment; lexical score 0.64
4:25	6	take		2	לָקַ֨ח		global-review-known-rendering	safe	0.5506	approved	0				global known-rendering assignment; lexical score 0.40
4:25	9	the				expands	supplied-article	safe	0.7593	approved	0				article the original does not write; rests on 'blood' → 'דַּ֤ם'
4:25	10	blood		6	דַּ֤ם		global-review-known-rendering	safe	0.7593	approved	0				global known-rendering assignment; lexical score 0.61
4:25	15	his		10	אֶצְבָּעֹ֔ו		attached-word	safe	0.7	approved	0				PossessivePronoun of 'finger'
4:25	16	finger		10	אֶצְבָּעֹ֔ו		global-review-known-rendering	safe	0.8	approved	0				global known-rendering assignment; lexical score 0.65
4:25	21	the				expands	supplied-article	safe	0.7029	approved	0				article the original does not write; rests on 'horns' → 'קַרְנֹ֖ת'
4:25	22	horns		14	קַרְנֹ֖ת		global-review-known-rendering	safe	0.7029	approved	0				global known-rendering assignment; lexical score 0.55
4:25	23	of		15	מִזְבַּ֣ח		attached-word	safe	0.6892	approved	0				Genitive of 'altar'
4:25	24	the				expands	supplied-article	safe	0.7892	approved	0				article the original does not write; rests on 'altar' → 'מִזְבַּ֣ח'
4:25	25	altar		15	מִזְבַּ֣ח		global-review-known-rendering	safe	0.7892	approved	0				global known-rendering assignment; lexical score 0.64
4:25	34	the				expands	supplied-article	safe	0.7593	approved	0				article the original does not write; rests on 'blood' → 'דָּמֹ֣ו'
4:25	35	blood		20	דָּמֹ֣ו		global-review-known-rendering	safe	0.7593	approved	0				global known-rendering assignment; lexical score 0.61
4:25	39	of		24	מִזְבַּ֥ח		attached-word	safe	0.6892	approved	0				Genitive of 'altar'
4:25	40	the				expands	supplied-article	safe	0.7892	approved	0				article the original does not write; rests on 'altar' → 'מִזְבַּ֥ח'
4:25	41	altar		24	מִזְבַּ֥ח		global-review-known-rendering	safe	0.7892	approved	0				global known-rendering assignment; lexical score 0.64
4:26				2	אֶת	omits	unrendered-object-marker	safe	0.7582	approved	0				object marker; rests on 'all' → 'כָּל'
4:26	2	all		3	כָּל		global-review-known-rendering	safe	0.7582	approved	0				global known-rendering assignment; lexical score 0.61
4:26	3	the				expands	supplied-article	safe	0.5951	approved	0				article the original does not write; rests on 'fat' → 'חֶלְבֹּו֙'
4:26	4	fat		4	חֶלְבֹּו֙		global-review-known-rendering	safe	0.5951	approved	0				global known-rendering assignment; lexical score 0.45
4:26	12	the		6	הַ		attached-word	safe	0.6892	approved	0				Article of 'altar'
4:26	13	altar		7	מִּזְבֵּ֔חָה		global-review-known-rendering	safe	0.7892	approved	0				global known-rendering assignment; lexical score 0.64
4:26	15	the				expands	supplied-article	safe	0.5951	approved	0				article the original does not write; rests on 'fat' → 'חֵ֖לֶב'
4:26	16	fat		9	חֵ֖לֶב		global-review-known-rendering	safe	0.5951	approved	0				global known-rendering assignment; lexical score 0.45
4:26	21	the		16	הַ		attached-word	safe	0.6901	approved	0				Article of 'priest'
4:26	22	priest		17	כֹּהֵ֛ן		global-review-known-rendering	safe	0.7901	approved	0				global known-rendering assignment; lexical score 0.64
4:26	27	sin		19	חַטָּאתֹ֖ו		global-review-known-rendering	safe	0.607	approved	0				global known-rendering assignment; lexical score 0.46
4:27	2	if		2	אִם		global-review-known-rendering	safe	0.6409	approved	0				global known-rendering assignment; lexical score 0.49
4:27	4	one		4	אַחַ֛ת		global-review-known-rendering	safe	0.5905	approved	0				global known-rendering assignment; lexical score 0.44
4:27	8	people		9	עַ֣ם		global-review-known-rendering	safe	0.7672	approved	0				global known-rendering assignment; lexical score 0.62
4:27	13	doing		13	עֲשֹׂתָהּ		global-review-known-rendering	safe	0.6941	approved	0				global known-rendering assignment; lexical score 0.54
4:27	18	which		18	אֲשֶׁ֥ר		global-review-known-rendering	safe	0.6681	approved	0				global known-rendering assignment; lexical score 0.52
4:27	19	the				expands	supplied-article	safe	0.7287	approved	0				article the original does not write; rests on 'Lord' → 'יְהוָ֛ה'
4:27	20	Lord		17	יְהוָ֛ה		global-review-known-rendering	safe	0.7287	approved	0				global known-rendering assignment; lexical score 0.58
4:27	25	not		19	לֹא		global-review-known-rendering	safe	0.6788	approved	0				global known-rendering assignment; lexical score 0.53
4:27	28	done		20	תֵעָשֶׂ֖ינָה		global-review-known-rendering	safe	0.6975	approved	0				global known-rendering assignment; lexical score 0.55
4:28	2	the				expands	supplied-article	safe	0.607	approved	0				article the original does not write; rests on 'sin' → 'חַטָּאתֹ֖ו'
4:28	3	sin		4	חַטָּאתֹ֖ו		global-review-known-rendering	safe	0.607	approved	0				global known-rendering assignment; lexical score 0.46
4:28	4	which		5	אֲשֶׁ֣ר		global-review-known-rendering	safe	0.6681	approved	0				global known-rendering assignment; lexical score 0.52
4:28	23	a				expands	supplied-indefinite-article	safe	0.7289	approved	0				indefinite article; rests on 'female' → 'נְקֵבָ֔ה'
4:28	24	female		13	נְקֵבָ֔ה		global-review-known-rendering	safe	0.7289	approved	0				global known-rendering assignment; lexical score 0.58
4:28	29	the				expands	supplied-article	safe	0.607	approved	0				article the original does not write; rests on 'sin' → 'חַטָּאתֹ֖ו'
4:28	30	sin		15	חַטָּאתֹ֖ו		global-review-known-rendering	safe	0.607	approved	0				global known-rendering assignment; lexical score 0.46
4:28	31	which		16	אֲשֶׁ֥ר		global-review-known-rendering	safe	0.6681	approved	0				global known-rendering assignment; lexical score 0.52
4:29				3	אֶת	omits	unrendered-object-marker	safe	0.6684	approved	0				object marker; rests on 'hand' → 'יָדֹ֔ו'
4:29	6	his		4	יָדֹ֔ו		attached-word	safe	0.5684	approved	0				PossessivePronoun of 'hand'
4:29	7	hand		4	יָדֹ֔ו		global-review-known-rendering	safe	0.6684	approved	0				global known-rendering assignment; lexical score 0.52
4:29	9	the				expands	supplied-article	safe	0.7392	approved	0				article the original does not write; rests on 'head' → 'רֹ֣אשׁ'
4:29	10	head		6	רֹ֣אשׁ		global-review-known-rendering	safe	0.7392	approved	0				global known-rendering assignment; lexical score 0.59
4:29	20	the				expands	supplied-article	safe	0.639	approved	0				article the original does not write; rests on 'place' → 'מְקֹ֖ום'
4:29	21	place		15	מְקֹ֖ום		global-review-known-rendering	safe	0.639	approved	0				global known-rendering assignment; lexical score 0.49
4:30				17	אֶת	omits	unrendered-object-marker	safe	0.7582	approved	0				object marker; rests on 'all' → 'כָּל'
4:30	2	the		3	הַ		attached-word	safe	0.6901	approved	0				Article of 'priest'
4:30	3	priest		4	כֹּהֵ֤ן		global-review-known-rendering	safe	0.7901	approved	0				global known-rendering assignment; lexical score 0.64
4:30	6	take		2	לָקַ֨ח		global-review-known-rendering	safe	0.5506	approved	0				global known-rendering assignment; lexical score 0.40
4:30	9	the				expands	supplied-article	safe	0.7593	approved	0				article the original does not write; rests on 'blood' → 'דָּמָהּ֙'
4:30	10	blood		6	דָּמָהּ֙		global-review-known-rendering	safe	0.7593	approved	0				global known-rendering assignment; lexical score 0.61
4:30	12	his		8	אֶצְבָּעֹ֔ו		attached-word	safe	0.7	approved	0				PossessivePronoun of 'finger'
4:30	13	finger		8	אֶצְבָּעֹ֔ו		global-review-known-rendering	safe	0.8	approved	0				global known-rendering assignment; lexical score 0.65
4:30	18	the				expands	supplied-article	safe	0.7029	approved	0				article the original does not write; rests on 'horns' → 'קַרְנֹ֖ת'
4:30	19	horns		12	קַרְנֹ֖ת		global-review-known-rendering	safe	0.7029	approved	0				global known-rendering assignment; lexical score 0.55
4:30	20	of		13	מִזְבַּ֣ח		attached-word	safe	0.6892	approved	0				Genitive of 'altar'
4:30	21	the				expands	supplied-article	safe	0.7892	approved	0				article the original does not write; rests on 'altar' → 'מִזְבַּ֣ח'
4:30	22	altar		13	מִזְבַּ֣ח		global-review-known-rendering	safe	0.7892	approved	0				global known-rendering assignment; lexical score 0.64
4:30	27	all		18	כָּל		global-review-known-rendering	safe	0.7582	approved	0				global known-rendering assignment; lexical score 0.61
4:30	31	its		19	דָּמָ֣הּ		attached-word	safe	0.6593	approved	0				PossessivePronoun of 'blood'
4:30	32	blood		19	דָּמָ֣הּ		global-review-known-rendering	safe	0.7593	approved	0				global known-rendering assignment; lexical score 0.61
4:30	41	of		24	מִּזְבֵּֽחַ		attached-word	safe	0.6892	approved	0				Genitive of 'altar'
4:30	42	the		23	הַ		attached-word	safe	0.6892	approved	0				Article of 'altar'
4:30	43	altar		24	מִּזְבֵּֽחַ		global-review-known-rendering	safe	0.7892	approved	0				global known-rendering assignment; lexical score 0.64
4:31				2	אֶת	omits	unrendered-object-marker	safe	0.7582	approved	0				object marker; rests on 'all' → 'כָּל'
4:31	3	all		3	כָּל		global-review-known-rendering	safe	0.7582	approved	0				global known-rendering assignment; lexical score 0.61
4:31	4	its		4	חֶלְבָּ֣הּ		attached-word	safe	0.4951	approved	0				PossessivePronoun of 'fat'
4:31	5	fat		4	חֶלְבָּ֣הּ		global-review-known-rendering	safe	0.5951	approved	0				global known-rendering assignment; lexical score 0.45
4:31	10	the				expands	supplied-article	safe	0.5951	approved	0				article the original does not write; rests on 'fat' → 'חֵלֶב֮'
4:31	11	fat		9	חֵלֶב֮		global-review-known-rendering	safe	0.5951	approved	0				global known-rendering assignment; lexical score 0.45
4:31	24	the		19	הַ		attached-word	safe	0.6892	approved	0				Article of 'altar'
4:31	25	altar		20	מִּזְבֵּ֔חָה		global-review-known-rendering	safe	0.7892	approved	0				global known-rendering assignment; lexical score 0.64
4:31	27	the		17	הַ		attached-word	safe	0.6901	approved	0				Article of 'priest'
4:31	28	priest		18	כֹּהֵן֙		global-review-known-rendering	safe	0.7901	approved	0				global known-rendering assignment; lexical score 0.64
4:31	32	smell		22	רֵ֥יחַ		global-review-known-rendering	safe	0.625	approved	0				global known-rendering assignment; lexical score 0.48
4:31	34	the				expands	supplied-article	safe	0.7287	approved	0				article the original does not write; rests on 'Lord' → 'יהוָ֑ה'
4:31	35	Lord		25	יהוָ֑ה		global-review-known-rendering	safe	0.7287	approved	0				global known-rendering assignment; lexical score 0.58
4:31	37	the		29	הַ		attached-word	safe	0.6901	approved	0				Article of 'priest'
4:31	38	priest		30	כֹּהֵ֖ן		global-review-known-rendering	safe	0.7901	approved	0				global known-rendering assignment; lexical score 0.64
4:32	2	if		2	אִם		global-review-known-rendering	safe	0.6409	approved	0				global known-rendering assignment; lexical score 0.49
4:32	5	a				expands	supplied-indefinite-article	safe	0.608	approved	0				indefinite article; rests on 'lamb' → 'כֶּ֛בֶשׂ'
4:32	6	lamb		3	כֶּ֛בֶשׂ		global-review-known-rendering	safe	0.608	approved	0				global known-rendering assignment; lexical score 0.46
4:32	13	a				expands	supplied-indefinite-article	safe	0.7289	approved	0				indefinite article; rests on 'female' → 'נְקֵבָ֥ה'
4:32	14	female		8	נְקֵבָ֥ה		global-review-known-rendering	safe	0.7289	approved	0				global known-rendering assignment; lexical score 0.58
4:33				3	אֶת	omits	unrendered-object-marker	safe	0.6684	approved	0				object marker; rests on 'hand' → 'יָדֹ֔ו'
4:33	6	his		4	יָדֹ֔ו		attached-word	safe	0.5684	approved	0				PossessivePronoun of 'hand'
4:33	7	hand		4	יָדֹ֔ו		global-review-known-rendering	safe	0.6684	approved	0				global known-rendering assignment; lexical score 0.52
4:33	9	the				expands	supplied-article	safe	0.7392	approved	0				article the original does not write; rests on 'head' → 'רֹ֣אשׁ'
4:33	10	head		6	רֹ֣אשׁ		global-review-known-rendering	safe	0.7392	approved	0				global known-rendering assignment; lexical score 0.59
4:33	23	the				expands	supplied-article	safe	0.639	approved	0				article the original does not write; rests on 'place' → 'מְקֹ֕ום'
4:33	24	place		15	מְקֹ֕ום		global-review-known-rendering	safe	0.639	approved	0				global known-rendering assignment; lexical score 0.49
4:34				19	אֶת	omits	unrendered-object-marker	safe	0.7582	approved	0				object marker; rests on 'all' → 'כָּל'
4:34	2	the		3	הַ		attached-word	safe	0.6901	approved	0				Article of 'priest'
4:34	3	priest		4	כֹּהֵ֜ן		global-review-known-rendering	safe	0.7901	approved	0				global known-rendering assignment; lexical score 0.64
4:34	6	take		2	לָקַ֨ח		global-review-known-rendering	safe	0.5506	approved	0				global known-rendering assignment; lexical score 0.40
4:34	9	the				expands	supplied-article	safe	0.7593	approved	0				article the original does not write; rests on 'blood' → 'דַּ֤ם'
4:34	10	blood		6	דַּ֤ם		global-review-known-rendering	safe	0.7593	approved	0				global known-rendering assignment; lexical score 0.61
4:34	15	his		10	אֶצְבָּעֹ֔ו		attached-word	safe	0.7	approved	0				PossessivePronoun of 'finger'
4:34	16	finger		10	אֶצְבָּעֹ֔ו		global-review-known-rendering	safe	0.8	approved	0				global known-rendering assignment; lexical score 0.65
4:34	21	the				expands	supplied-article	safe	0.7029	approved	0				article the original does not write; rests on 'horns' → 'קַרְנֹ֖ת'
4:34	22	horns		14	קַרְנֹ֖ת		global-review-known-rendering	safe	0.7029	approved	0				global known-rendering assignment; lexical score 0.55
4:34	23	of		15	מִזְבַּ֣ח		attached-word	safe	0.6892	approved	0				Genitive of 'altar'
4:34	24	the				expands	supplied-article	safe	0.7892	approved	0				article the original does not write; rests on 'altar' → 'מִזְבַּ֣ח'
4:34	25	altar		15	מִזְבַּ֣ח		global-review-known-rendering	safe	0.7892	approved	0				global known-rendering assignment; lexical score 0.64
4:34	30	all		20	כָּל		global-review-known-rendering	safe	0.7582	approved	0				global known-rendering assignment; lexical score 0.61
4:34	34	the				expands	supplied-article	safe	0.7593	approved	0				article the original does not write; rests on 'blood' → 'דָּמָ֣הּ'
4:34	35	blood		21	דָּמָ֣הּ		global-review-known-rendering	safe	0.7593	approved	0				global known-rendering assignment; lexical score 0.61
4:34	44	of		26	מִּזְבֵּֽחַ		attached-word	safe	0.6892	approved	0				Genitive of 'altar'
4:34	45	the		25	הַ		attached-word	safe	0.6892	approved	0				Article of 'altar'
4:34	46	altar		26	מִּזְבֵּֽחַ		global-review-known-rendering	safe	0.7892	approved	0				global known-rendering assignment; lexical score 0.64
4:35				2	אֶת	omits	unrendered-object-marker	safe	0.7582	approved	0				object marker; rests on 'all' → 'כָּל'
4:35	6	all		3	כָּל		global-review-known-rendering	safe	0.7582	approved	0				global known-rendering assignment; lexical score 0.61
4:35	7	its		4	חֶלְבָּ֣ה		attached-word	safe	0.4951	approved	0				PossessivePronoun of 'fat'
4:35	8	fat		4	חֶלְבָּ֣ה		global-review-known-rendering	safe	0.5951	approved	0				global known-rendering assignment; lexical score 0.45
4:35	10	the				expands	supplied-article	safe	0.5951	approved	0				article the original does not write; rests on 'fat' → 'חֵֽלֶב'
4:35	11	fat		9	חֵֽלֶב		global-review-known-rendering	safe	0.5951	approved	0				global known-rendering assignment; lexical score 0.45
4:35	27	the		18	הַ		attached-word	safe	0.6901	approved	0				Article of 'priest'
4:35	28	priest		19	כֹּהֵ֤ן		global-review-known-rendering	safe	0.7901	approved	0				global known-rendering assignment; lexical score 0.64
4:35	30	the		21	הַ		attached-word	safe	0.6892	approved	0				Article of 'altar'
4:35	31	altar		22	מִּזְבֵּ֔חָה		global-review-known-rendering	safe	0.7892	approved	0				global known-rendering assignment; lexical score 0.64
4:35	39	the				expands	supplied-article	safe	0.7287	approved	0				article the original does not write; rests on 'Lord' → 'יְהוָ֑ה'
4:35	40	Lord		25	יְהוָ֑ה		global-review-known-rendering	safe	0.7287	approved	0				global known-rendering assignment; lexical score 0.58
4:35	42	the		29	הַ		attached-word	safe	0.6901	approved	0				Article of 'priest'
4:35	43	priest		30	כֹּהֵ֛ן		global-review-known-rendering	safe	0.7901	approved	0				global known-rendering assignment; lexical score 0.64
4:35	48	sin		32	חַטָּאתֹ֥ו		global-review-known-rendering	safe	0.607	approved	0				global known-rendering assignment; lexical score 0.46
5:1	2	if		16	אִם		global-review-known-rendering	safe	0.6416	approved	0				global known-rendering assignment; lexical score 0.49
5:1	16	a				expands	supplied-indefinite-article	safe	0.6746	approved	0				indefinite article; rests on 'witness' → 'עֵ֔ד'
5:1	17	witness		11	עֵ֔ד		global-review-known-rendering	safe	0.6746	approved	0				global known-rendering assignment; lexical score 0.52
5:1	22	seen		13	רָאָ֖ה		global-review-known-rendering	safe	0.7104	approved	0				global known-rendering assignment; lexical score 0.56
5:2	10	thing		7	דָּבָ֣ר		global-review-known-rendering	safe	0.5602	approved	0				global known-rendering assignment; lexical score 0.41
5:2	19	beast		17	בְּהֵמָ֣ה		global-review-known-rendering	safe	0.637	approved	0				global known-rendering assignment; lexical score 0.49
5:2	29	which		3	אֲשֶׁ֣ר		global-review-known-rendering	safe	0.6685	approved	0				global known-rendering assignment; lexical score 0.52
5:4	45	these		33	אֵֽלֶּה		global-review-known-rendering	safe	0.7131	approved	0				global known-rendering assignment; lexical score 0.56
5:6	4	the				expands	supplied-article	safe	0.7288	approved	0				article the original does not write; rests on 'Lord' → 'יהוָ֡ה'
5:6	5	Lord		6	יהוָ֡ה		global-review-known-rendering	safe	0.7288	approved	0				global known-rendering assignment; lexical score 0.58
5:6	11	which		9	אֲשֶׁ֨ר		global-review-known-rendering	safe	0.6685	approved	0				global known-rendering assignment; lexical score 0.52
5:6	15	a				expands	supplied-indefinite-article	safe	0.7325	approved	0				indefinite article; rests on 'female' → 'נְקֵבָ֨ה'
5:6	16	female		11	נְקֵבָ֨ה		global-review-known-rendering	safe	0.7325	approved	0				global known-rendering assignment; lexical score 0.58
5:6	18	the		13	הַ		attached-word	safe	0.6145	approved	0				Article of 'flock'
5:6	19	flock		14	צֹּ֥אן		global-review-known-rendering	safe	0.7145	approved	0				global known-rendering assignment; lexical score 0.56
5:6	29	the		24	הַ		attached-word	safe	0.6903	approved	0				Article of 'priest'
5:6	30	priest		25	כֹּהֵ֖ן		global-review-known-rendering	safe	0.7903	approved	0				global known-rendering assignment; lexical score 0.64
5:6	34	his		27	חַטָּאתֹֽו		attached-word	safe	0.5107	approved	0				PossessivePronoun of 'sin'
5:6	35	sin		27	חַטָּאתֹֽו		global-review-known-rendering	safe	0.6107	approved	0				global known-rendering assignment; lexical score 0.46
5:7	2	if		2	אִם		global-review-known-rendering	safe	0.6416	approved	0				global known-rendering assignment; lexical score 0.49
5:7	5	not		3	לֹ֨א		global-review-known-rendering	safe	0.6788	approved	0				global known-rendering assignment; lexical score 0.53
5:7	19	the				expands	supplied-article	safe	0.7288	approved	0				article the original does not write; rests on 'Lord' → 'יהוָ֑ה'
5:7	20	Lord		21	יהוָ֑ה		global-review-known-rendering	safe	0.7288	approved	0				global known-rendering assignment; lexical score 0.58
5:7	21	two		14	שְׁתֵּ֥י		global-review-known-rendering	safe	0.6873	approved	0				global known-rendering assignment; lexical score 0.54
5:7	22	doves		19	יֹונָ֖ה		global-review-known-rendering	safe	0.8	approved	0				global known-rendering assignment; lexical score 0.65
5:7	24	two		17	שְׁנֵ֥י		global-review-known-rendering	safe	0.6873	approved	0				global known-rendering assignment; lexical score 0.54
5:7	27	one		22	אֶחָ֥ד		global-review-known-rendering	safe	0.5898	approved	0				global known-rendering assignment; lexical score 0.44
5:7	32	one		26	אֶחָ֥ד		global-review-known-rendering	safe	0.5898	approved	0				global known-rendering assignment; lexical score 0.44
5:8				17	אֶת	omits	unrendered-object-marker	safe	0.7402	approved	0				object marker; rests on 'head' → 'רֹאשֹׁ֛ו'
5:8	7	the		5	הַ		attached-word	safe	0.6903	approved	0				Article of 'priest'
5:8	8	priest		6	כֹּהֵ֔ן		global-review-known-rendering	safe	0.7903	approved	0				global known-rendering assignment; lexical score 0.64
5:8	11	first		14	רִאשֹׁונָ֑ה		global-review-known-rendering	safe	0.5628	approved	0				global known-rendering assignment; lexical score 0.41
5:8	17	its		18	רֹאשֹׁ֛ו		attached-word	safe	0.6402	approved	0				PossessivePronoun of 'head'
5:8	18	head		18	רֹאשֹׁ֛ו		global-review-known-rendering	safe	0.7402	approved	0				global known-rendering assignment; lexical score 0.59
5:8	23	not		23	לֹ֥א		global-review-known-rendering	safe	0.6788	approved	0				global known-rendering assignment; lexical score 0.53
5:9	8	the				expands	supplied-article	safe	0.7574	approved	0				article the original does not write; rests on 'blood' → 'דַּ֤ם'
5:9	9	blood		4	דַּ֤ם		global-review-known-rendering	safe	0.7574	approved	0				global known-rendering assignment; lexical score 0.61
5:9	17	the		9	הַ		attached-word	safe	0.6896	approved	0				Article of 'altar'
5:9	18	altar		10	מִּזְבֵּ֔חַ		global-review-known-rendering	safe	0.7896	approved	0				global known-rendering assignment; lexical score 0.64
5:9	23	the		15			attached-word	safe	0.6574	approved	0				Article of 'blood'
5:9	24	blood		16	דָּ֔ם		global-review-known-rendering	safe	0.7574	approved	0				global known-rendering assignment; lexical score 0.61
5:9	33	of		21	מִּזְבֵּ֑חַ		attached-word	safe	0.6896	approved	0				Genitive of 'altar'
5:9	34	the		20	הַ		attached-word	safe	0.6896	approved	0				Article of 'altar'
5:9	35	altar		21	מִּזְבֵּ֑חַ		global-review-known-rendering	safe	0.7896	approved	0				global known-rendering assignment; lexical score 0.64
5:10				2	אֶת	omits	unrendered-object-marker	safe	0.7036	approved	0				object marker; rests on 'second' → 'שֵּׁנִ֛י'
5:10	2	the		3	הַ		attached-word	safe	0.6036	approved	0				Article of 'second'
5:10	3	second		4	שֵּׁנִ֛י		global-review-known-rendering	safe	0.7036	approved	0				global known-rendering assignment; lexical score 0.55
5:10	15	the		13	הַ		attached-word	safe	0.6903	approved	0				Article of 'priest'
5:10	16	priest		14	כֹּהֵ֛ן		global-review-known-rendering	safe	0.7903	approved	0				global known-rendering assignment; lexical score 0.64
5:10	21	sin		16	חַטָּאתֹ֥ו		global-review-known-rendering	safe	0.6107	approved	0				global known-rendering assignment; lexical score 0.46
5:11	2	if		2	אִם		global-review-known-rendering	safe	0.6416	approved	0				global known-rendering assignment; lexical score 0.49
5:11	5	not		3	לֹא֩		global-review-known-rendering	safe	0.6788	approved	0				global known-rendering assignment; lexical score 0.53
5:11	9	two		7	שְׁתֵּ֣י		global-review-known-rendering	safe	0.6873	approved	0				global known-rendering assignment; lexical score 0.54
5:11	12	two		11	שְׁנֵ֣י		global-review-known-rendering	safe	0.6873	approved	0				global known-rendering assignment; lexical score 0.54
5:11	14	pigeons		13	יֹונָה֒		global-review-known-rendering	safe	0.8	approved	0				global known-rendering assignment; lexical score 0.65
5:11	18	give		32	יִתֵּ֤ן		global-review-known-rendering	safe	0.6513	approved	0				global known-rendering assignment; lexical score 0.50
5:11	20	the				expands	supplied-article	safe	0.6107	approved	0				article the original does not write; rests on 'sin' → 'חַטָּ֑את'
5:11	21	sin		25	חַטָּ֑את		global-review-known-rendering	safe	0.6107	approved	0				global known-rendering assignment; lexical score 0.46
5:11	29	an				expands	supplied-indefinite-article	safe	0.75	approved	0				indefinite article; rests on 'ephah' → 'אֵפָ֛ה'
5:11	30	ephah		22	אֵפָ֛ה		global-review-known-rendering	safe	0.75	approved	0				global known-rendering assignment; lexical score 0.60
5:11	42	oil		29	שֶׁ֗מֶן		global-review-known-rendering	safe	0.7223	approved	0				global known-rendering assignment; lexical score 0.57
5:12	4	come		2	הֱבִיאָהּ֮		global-review-known-rendering	safe	0.5722	approved	0				global known-rendering assignment; lexical score 0.42
5:12	6	the		4	הַ		attached-word	safe	0.6903	approved	0				Article of 'priest'
5:12	7	priest		5	כֹּהֵן֒		global-review-known-rendering	safe	0.7903	approved	0				global known-rendering assignment; lexical score 0.64
5:12	11	the		8	הַ		attached-word	safe	0.6903	approved	0				Article of 'priest'
5:12	12	priest		9	כֹּהֵ֣ן		global-review-known-rendering	safe	0.7903	approved	0				global known-rendering assignment; lexical score 0.64
5:12	25	the		17	הַ		attached-word	safe	0.6896	approved	0				Article of 'altar'
5:12	26	altar		18	מִּזְבֵּ֔חָה		global-review-known-rendering	safe	0.7896	approved	0				global known-rendering assignment; lexical score 0.64
5:12	34	the				expands	supplied-article	safe	0.7288	approved	0				article the original does not write; rests on 'Lord' → 'יְהוָ֑ה'
5:12	35	Lord		21	יְהוָ֑ה		global-review-known-rendering	safe	0.7288	approved	0				global known-rendering assignment; lexical score 0.58
5:13	2	the		4	הַ		attached-word	safe	0.6903	approved	0				Article of 'priest'
5:13	3	priest		5	כֹּהֵ֜ן		global-review-known-rendering	safe	0.7903	approved	0				global known-rendering assignment; lexical score 0.64
5:13	8	sin		7	חַטָּאתֹ֧ו		global-review-known-rendering	safe	0.6107	approved	0				global known-rendering assignment; lexical score 0.46
5:14	2	the				expands	supplied-article	safe	0.7288	approved	0				article the original does not write; rests on 'Lord' → 'יְהוָ֖ה'
5:14	3	Lord		3	יְהוָ֖ה		global-review-known-rendering	safe	0.7288	approved	0				global known-rendering assignment; lexical score 0.58
5:14	4	said		7	אמֹֽר		global-review-known-rendering	safe	0.777	approved	0				global known-rendering assignment; lexical score 0.63
5:14	6	Moses		5	מֹשֶׁ֥ה		global-review-known-rendering	safe	0.7976	approved	0				global known-rendering assignment; lexical score 0.65
5:15	11	the				expands	supplied-article	safe	0.6625	approved	0				article the original does not write; rests on 'holy' → 'קָּדְשֵׁ֖י'
5:15	12	holy		10	קָּדְשֵׁ֖י		global-review-known-rendering	safe	0.6625	approved	0				global known-rendering assignment; lexical score 0.51
5:15	15	the				expands	supplied-article	safe	0.7288	approved	0				article the original does not write; rests on 'Lord' → 'יְהוָ֑ה'
5:15	16	Lord		11	יְהוָ֑ה		global-review-known-rendering	safe	0.7288	approved	0				global known-rendering assignment; lexical score 0.58
5:15	23	the				expands	supplied-article	safe	0.7288	approved	0				article the original does not write; rests on 'Lord' → 'יהוָ֜ה'
5:15	24	Lord		17	יהוָ֜ה		global-review-known-rendering	safe	0.7288	approved	0				global known-rendering assignment; lexical score 0.58
5:15	29	the		21	הַ		attached-word	safe	0.6145	approved	0				Article of 'flock'
5:15	30	flock		22	צֹּ֗אן		global-review-known-rendering	safe	0.7145	approved	0				global known-rendering assignment; lexical score 0.56
5:15	41	silver		25	כֶּֽסֶף		global-review-known-rendering	safe	0.7715	approved	0				global known-rendering assignment; lexical score 0.62
5:15	43	shekels		26	שְׁקָלִ֥ים		global-review-known-rendering	safe	0.7719	approved	0				global known-rendering assignment; lexical score 0.62
5:15	48	the		29	הַ		attached-word	safe	0.5625	approved	0				Article of 'holy'
5:15	49	holy		30	קֹּ֖דֶשׁ		global-review-known-rendering	safe	0.6625	approved	0				global known-rendering assignment; lexical score 0.51
5:16				10	אֶת	omits	unrendered-object-marker	safe	0.71	approved	0				object marker; rests on 'fifth' → 'חֲמִֽישִׁתֹו֙'
5:16	8	the		18			attached-word	safe	0.6903	approved	0				Article of 'priest'
5:16	9	priest		19	כֹּהֵ֑ן		global-review-known-rendering	safe	0.7903	approved	0				global known-rendering assignment; lexical score 0.64
5:16	19	the		6	הַ		attached-word	safe	0.5625	approved	0				Article of 'holy'
5:16	20	holy		7	קֹּ֜דֶשׁ		global-review-known-rendering	safe	0.6625	approved	0				global known-rendering assignment; lexical score 0.51
5:16	24	a				expands	supplied-indefinite-article	safe	0.71	approved	0				indefinite article; rests on 'fifth' → 'חֲמִֽישִׁתֹו֙'
5:16	25	fifth		11	חֲמִֽישִׁתֹו֙		global-review-known-rendering	safe	0.71	approved	0				global known-rendering assignment; lexical score 0.56
5:16	33	the		21	הַ		attached-word	safe	0.6903	approved	0				Article of 'priest'
5:16	34	priest		22	כֹּהֵ֗ן		global-review-known-rendering	safe	0.7903	approved	0				global known-rendering assignment; lexical score 0.64
5:17	2	if		2	אִם		global-review-known-rendering	safe	0.6416	approved	0				global known-rendering assignment; lexical score 0.49
5:17	12	which		13	אֲשֶׁ֖ר		global-review-known-rendering	safe	0.6685	approved	0				global known-rendering assignment; lexical score 0.52
5:17	19	not		14	לֹ֣א		global-review-known-rendering	safe	0.6788	approved	0				global known-rendering assignment; lexical score 0.53
5:17	22	done		15	תֵעָשֶׂ֑ינָה		global-review-known-rendering	safe	0.7004	approved	0				global known-rendering assignment; lexical score 0.55
5:18	3	come		2	הֵבִיא		global-review-known-rendering	safe	0.5722	approved	0				global known-rendering assignment; lexical score 0.42
5:18	5	the		13	הַ		attached-word	safe	0.6903	approved	0				Article of 'priest'
5:18	6	priest		14	כֹּהֵ֑ן		global-review-known-rendering	safe	0.7903	approved	0				global known-rendering assignment; lexical score 0.64
5:18	17	the		6	הַ		attached-word	safe	0.6145	approved	0				Article of 'flock'
5:18	18	flock		7	צֹּ֛אן		global-review-known-rendering	safe	0.7145	approved	0				global known-rendering assignment; lexical score 0.56
5:18	32	the		18	הַ		attached-word	safe	0.6903	approved	0				Article of 'priest'
5:18	33	priest		19	כֹּהֵ֜ן		global-review-known-rendering	safe	0.7903	approved	0				global known-rendering assignment; lexical score 0.64
5:18	39	which		22	אֲשֶׁר		global-review-known-rendering	safe	0.6685	approved	0				global known-rendering assignment; lexical score 0.52
5:19	13	the				expands	supplied-article	safe	0.7288	approved	0				article the original does not write; rests on 'Lord' → 'יהוָֽה'
5:19	14	Lord		6	יהוָֽה		global-review-known-rendering	safe	0.7288	approved	0				global known-rendering assignment; lexical score 0.58
6:1	2	the				expands	supplied-article	safe	0.7288	approved	0				article the original does not write; rests on 'Lord' → 'יְהוָ֖ה'
6:1	3	Lord		3	יְהוָ֖ה		global-review-known-rendering	safe	0.7288	approved	0				global known-rendering assignment; lexical score 0.58
6:1	4	said		7	אמֹֽר		global-review-known-rendering	safe	0.777	approved	0				global known-rendering assignment; lexical score 0.63
6:1	6	Moses		5	מֹשֶׁ֥ה		global-review-known-rendering	safe	0.7976	approved	0				global known-rendering assignment; lexical score 0.65
6:2	9	the				expands	supplied-article	safe	0.7288	approved	0				article the original does not write; rests on 'Lord' → 'יהוָ֑ה'
6:2	10	Lord		8	יהוָ֑ה		global-review-known-rendering	safe	0.7288	approved	0				global known-rendering assignment; lexical score 0.58
6:3	4	a				expands	supplied-indefinite-article	safe	0.6147	approved	0				indefinite article; rests on 'false' → 'שָׁ֑קֶר'
6:3	5	false		10	שָׁ֑קֶר		global-review-known-rendering	safe	0.6147	approved	0				global known-rendering assignment; lexical score 0.46
6:3	12	which		15	אֲשֶׁר		global-review-known-rendering	safe	0.6686	approved	0				global known-rendering assignment; lexical score 0.52
6:3	23	done		16	יַעֲשֶׂ֥ה		global-review-known-rendering	safe	0.6987	approved	0				global known-rendering assignment; lexical score 0.55
6:4	13	back		8	הֵשִׁ֨יב		global-review-known-rendering	safe	0.5608	approved	0				global known-rendering assignment; lexical score 0.41
6:4	28	which		24	אֲשֶׁ֥ר		global-review-known-rendering	safe	0.6686	approved	0				global known-rendering assignment; lexical score 0.52
6:5	4	which		4	אֲשֶׁר		global-review-known-rendering	safe	0.6686	approved	0				global known-rendering assignment; lexical score 0.52
6:5	7	a				expands	supplied-indefinite-article	safe	0.6147	approved	0				indefinite article; rests on 'false' → 'שֶּׁקֶר֒'
6:5	8	false		9	שֶּׁקֶר֒		global-review-known-rendering	safe	0.6147	approved	0				global known-rendering assignment; lexical score 0.46
6:5	14	give		23	יִתְּנֶ֖נּוּ		global-review-known-rendering	safe	0.6513	approved	0				global known-rendering assignment; lexical score 0.50
6:5	16	all		3	כֹּ֞ל		global-review-known-rendering	safe	0.7585	approved	0				global known-rendering assignment; lexical score 0.61
6:5	22	a				expands	supplied-indefinite-article	safe	0.71	approved	0				indefinite article; rests on 'fifth' → 'חֲמִשִׁתָ֖יו'
6:5	23	fifth		16	חֲמִשִׁתָ֖יו		global-review-known-rendering	safe	0.71	approved	0				global known-rendering assignment; lexical score 0.56
6:6	6	the				expands	supplied-article	safe	0.7288	approved	0				article the original does not write; rests on 'Lord' → 'יהוָ֑ה'
6:6	7	Lord		6	יהוָ֑ה		global-review-known-rendering	safe	0.7288	approved	0				global known-rendering assignment; lexical score 0.58
6:6	15	the		17	הַ		attached-word	safe	0.6903	approved	0				Article of 'priest'
6:6	16	priest		18	כֹּהֵֽן		global-review-known-rendering	safe	0.7903	approved	0				global known-rendering assignment; lexical score 0.64
6:6	24	the		10	הַ		attached-word	safe	0.6153	approved	0				Article of 'flock'
6:6	25	flock		11	צֹּ֛אן		global-review-known-rendering	safe	0.7153	approved	0				global known-rendering assignment; lexical score 0.57
6:7	2	the		4	הַ		attached-word	safe	0.6903	approved	0				Article of 'priest'
6:7	3	priest		5	כֹּהֵ֛ן		global-review-known-rendering	safe	0.7903	approved	0				global known-rendering assignment; lexical score 0.64
6:7	10	before		7	פְנֵ֥י		global-review-known-rendering	safe	0.6583	approved	0				global known-rendering assignment; lexical score 0.51
6:7	11	the				expands	supplied-article	safe	0.7288	approved	0				article the original does not write; rests on 'Lord' → 'יְהוָ֖ה'
6:7	12	Lord		8	יְהוָ֖ה		global-review-known-rendering	safe	0.7288	approved	0				global known-rendering assignment; lexical score 0.58
6:7	23	done		17	יַעֲשֶׂ֖ה		global-review-known-rendering	safe	0.6987	approved	0				global known-rendering assignment; lexical score 0.55
6:8	2	the				expands	supplied-article	safe	0.7288	approved	0				article the original does not write; rests on 'Lord' → 'יְהוָ֖ה'
6:8	3	Lord		3	יְהוָ֖ה		global-review-known-rendering	safe	0.7288	approved	0				global known-rendering assignment; lexical score 0.58
6:8	4	said		7	אמֹֽר		global-review-known-rendering	safe	0.777	approved	0				global known-rendering assignment; lexical score 0.63
6:8	6	Moses		5	מֹשֶׁ֥ה		global-review-known-rendering	safe	0.7976	approved	0				global known-rendering assignment; lexical score 0.65
6:9				2	אֶֽת	omits	unrendered-object-marker	safe	0.7942	approved	0				object marker; rests on 'Aaron' → 'אַהֲרֹן֙'
6:9				5	אֶת	omits	unrendered-object-marker	safe	0.7676	approved	0				object marker; rests on 'sons' → 'בָּנָ֣יו'
6:9	4	Aaron		3	אַהֲרֹן֙		global-review-known-rendering	safe	0.7942	approved	0				global known-rendering assignment; lexical score 0.64
6:9	7	his		6	בָּנָ֣יו		attached-word	safe	0.6676	approved	0				PossessivePronoun of 'sons'
6:9	8	sons		6	בָּנָ֣יו		global-review-known-rendering	safe	0.7676	approved	0				global known-rendering assignment; lexical score 0.62
6:9	9	saying		8	אמֹ֔ר		global-review-known-rendering	safe	0.7877	approved	0				global known-rendering assignment; lexical score 0.64
6:9	12	the				expands	supplied-article	safe	0.6495	approved	0				article the original does not write; rests on 'law' → 'תֹּורַ֖ת'
6:9	13	law		10	תֹּורַ֖ת		global-review-known-rendering	safe	0.6495	approved	0				global known-rendering assignment; lexical score 0.50
6:9	27	the		19	הַ		attached-word	safe	0.6894	approved	0				Article of 'altar'
6:9	28	altar		20	מִּזְבֵּ֤חַ		global-review-known-rendering	safe	0.7894	approved	0				global known-rendering assignment; lexical score 0.64
6:9	29	all		21	כָּל		global-review-known-rendering	safe	0.7585	approved	0				global known-rendering assignment; lexical score 0.61
6:9	30	night		23	לַּ֨יְלָה֙		global-review-known-rendering	safe	0.7365	approved	0				global known-rendering assignment; lexical score 0.59
6:9	31	till		24	עַד		global-review-known-rendering	safe	0.6272	approved	0				global known-rendering assignment; lexical score 0.48
6:9	32	the		25	הַ		attached-word	safe	0.6517	approved	0				Article of 'morning'
6:9	33	morning		26	בֹּ֔קֶר		global-review-known-rendering	safe	0.7517	approved	0				global known-rendering assignment; lexical score 0.60
6:9	35	the				expands	supplied-article	safe	0.7	approved	0				article the original does not write; rests on 'fire' → 'אֵ֥שׁ'
6:9	36	fire		28	אֵ֥שׁ		global-review-known-rendering	safe	0.7	approved	0				global known-rendering assignment; lexical score 0.55
6:9	37	of		30	מִּזְבֵּ֖חַ		attached-word	safe	0.6894	approved	0				Genitive of 'altar'
6:9	38	the		29	הַ		attached-word	safe	0.6894	approved	0				Article of 'altar'
6:9	39	altar		30	מִּזְבֵּ֖חַ		global-review-known-rendering	safe	0.7894	approved	0				global known-rendering assignment; lexical score 0.64
6:10	2	the		3	הַ		attached-word	safe	0.6903	approved	0				Article of 'priest'
6:10	3	priest		4	כֹּהֵ֜ן		global-review-known-rendering	safe	0.7903	approved	0				global known-rendering assignment; lexical score 0.64
6:10	30	the		26	הַ		attached-word	safe	0.6894	approved	0				Article of 'altar'
6:10	31	altar		27	מִּזְבֵּ֑חַ		global-review-known-rendering	safe	0.7894	approved	0				global known-rendering assignment; lexical score 0.64
6:10	38	of		32	מִּזְבֵּֽחַ		attached-word	safe	0.6894	approved	0				Genitive of 'altar'
6:10	39	the		31	הַ		attached-word	safe	0.6894	approved	0				Article of 'altar'
6:10	40	altar		32	מִּזְבֵּֽחַ		global-review-known-rendering	safe	0.7894	approved	0				global known-rendering assignment; lexical score 0.64
6:11	22	place		21	מָקֹ֖ום		global-review-known-rendering	safe	0.6387	approved	0				global known-rendering assignment; lexical score 0.49
6:12	1	The		2	הָ		attached-word	safe	0.6	approved	0				Article of 'fire'
6:12	2	fire		3	אֵ֨שׁ		global-review-known-rendering	safe	0.7	approved	0				global known-rendering assignment; lexical score 0.55
6:12	4	the		5	הַ		attached-word	safe	0.6894	approved	0				Article of 'altar'
6:12	5	altar		6	מִּזְבֵּ֤חַ		global-review-known-rendering	safe	0.7894	approved	0				global known-rendering assignment; lexical score 0.64
6:12	13	never		9	לֹ֣א		global-review-known-rendering	safe	0.6347	approved	0				global known-rendering assignment; lexical score 0.48
6:12	18	morning		19	בֹּ֣קֶר		global-review-known-rendering	safe	0.7517	approved	0				global known-rendering assignment; lexical score 0.60
6:12	19	the		14	הַ		attached-word	safe	0.6903	approved	0				Article of 'priest'
6:12	20	priest		15	כֹּהֵ֛ן		global-review-known-rendering	safe	0.7903	approved	0				global known-rendering assignment; lexical score 0.64
6:12	24	wood		16	עֵצִ֖ים		global-review-known-rendering	safe	0.6988	approved	0				global known-rendering assignment; lexical score 0.55
6:12	37	the				expands	supplied-article	safe	0.6105	approved	0				article the original does not write; rests on 'fat' → 'חֶלְבֵ֥י'
6:12	38	fat		31	חֶלְבֵ֥י		global-review-known-rendering	safe	0.6105	approved	0				global known-rendering assignment; lexical score 0.46
6:13	2	the				expands	supplied-article	safe	0.7	approved	0				article the original does not write; rests on 'fire' → 'אֵ֗שׁ'
6:13	3	fire		1	אֵ֗שׁ		global-review-known-rendering	safe	0.7	approved	0				global known-rendering assignment; lexical score 0.55
6:13	8	the		5	הַ		attached-word	safe	0.6894	approved	0				Article of 'altar'
6:13	9	altar		6	מִּזְבֵּ֖חַ		global-review-known-rendering	safe	0.7894	approved	0				global known-rendering assignment; lexical score 0.64
6:13	15	never		7	לֹ֥א		global-review-known-rendering	safe	0.6347	approved	0				global known-rendering assignment; lexical score 0.48
6:14	4	the				expands	supplied-article	safe	0.6495	approved	0				article the original does not write; rests on 'law' → 'תֹּורַ֖ת'
6:14	5	law		3	תֹּורַ֖ת		global-review-known-rendering	safe	0.6495	approved	0				global known-rendering assignment; lexical score 0.50
6:14	16	the				expands	supplied-article	safe	0.7288	approved	0				article the original does not write; rests on 'Lord' → 'יְהוָ֔ה'
6:14	17	Lord		12	יְהוָ֔ה		global-review-known-rendering	safe	0.7288	approved	0				global known-rendering assignment; lexical score 0.58
6:14	18	before		11	פְנֵ֣י		global-review-known-rendering	safe	0.6583	approved	0				global known-rendering assignment; lexical score 0.51
6:14	19	the		15	הַ		attached-word	safe	0.6894	approved	0				Article of 'altar'
6:14	20	altar		16	מִּזְבֵּֽחַ		global-review-known-rendering	safe	0.7894	approved	0				global known-rendering assignment; lexical score 0.64
6:14	22	the				expands	supplied-article	safe	0.7676	approved	0				article the original does not write; rests on 'sons' → 'בְּנֵֽי'
6:14	23	sons		8	בְּנֵֽי		global-review-known-rendering	safe	0.7676	approved	0				global known-rendering assignment; lexical score 0.62
6:14	24	of		9	אַהֲרֹן֙		attached-word	safe	0.6942	approved	0				Genitive of 'Aaron'
6:14	25	Aaron		9	אַהֲרֹן֙		global-review-known-rendering	safe	0.7942	approved	0				global known-rendering assignment; lexical score 0.64
6:15				14	אֵת֙	omits	unrendered-object-marker	safe	0.7585	approved	0				object marker; rests on 'all' → 'כָּל'
6:15	19	the				expands	supplied-article	safe	0.7238	approved	0				article the original does not write; rests on 'oil' → 'שַּׁמְנָ֔הּ'
6:15	20	oil		12	שַּׁמְנָ֔הּ		global-review-known-rendering	safe	0.7238	approved	0				global known-rendering assignment; lexical score 0.57
6:15	24	all		15	כָּל		global-review-known-rendering	safe	0.7585	approved	0				global known-rendering assignment; lexical score 0.61
6:15	32	the		24	הַ		attached-word	safe	0.6894	approved	0				Article of 'altar'
6:15	33	altar		25	מִּזְבֵּ֗חַ		global-review-known-rendering	safe	0.7894	approved	0				global known-rendering assignment; lexical score 0.64
6:15	40	smell		26	רֵ֧יחַ		global-review-known-rendering	safe	0.625	approved	0				global known-rendering assignment; lexical score 0.48
6:15	42	the				expands	supplied-article	safe	0.7288	approved	0				article the original does not write; rests on 'Lord' → 'יהוָֽה'
6:15	43	Lord		30	יהוָֽה		global-review-known-rendering	safe	0.7288	approved	0				global known-rendering assignment; lexical score 0.58
6:16	5	Aaron		6	אַהֲרֹ֣ן		global-review-known-rendering	safe	0.7942	approved	0				global known-rendering assignment; lexical score 0.64
6:16	7	his		8	בָנָ֑יו		attached-word	safe	0.6676	approved	0				PossessivePronoun of 'sons'
6:16	8	sons		8	בָנָ֑יו		global-review-known-rendering	safe	0.7676	approved	0				global known-rendering assignment; lexical score 0.62
6:16	21	place		12	מָקֹ֣ום		global-review-known-rendering	safe	0.6387	approved	0				global known-rendering assignment; lexical score 0.49
6:16	27	the				expands	supplied-article	safe	0.7308	approved	0				article the original does not write; rests on 'Tent' → 'אֹֽהֶל'
6:16	28	Tent		16	אֹֽהֶל		global-review-known-rendering	safe	0.7308	approved	0				global known-rendering assignment; lexical score 0.58
6:17	3	not		1	לֹ֤א		global-review-known-rendering	safe	0.6788	approved	0				global known-rendering assignment; lexical score 0.53
6:17	11	given		5	נָתַ֥תִּי		global-review-known-rendering	safe	0.6916	approved	0				global known-rendering assignment; lexical score 0.54
6:17	28	most		9	קֹ֤דֶשׁ		global-review-known-rendering	safe	0.5542	approved	0				global known-rendering assignment; lexical score 0.40
6:17	29	holy		10	קָֽדָשִׁים֙		global-review-known-rendering	safe	0.6645	approved	0				global known-rendering assignment; lexical score 0.51
6:18	2	male		2	זָכָ֞ר		global-review-known-rendering	safe	0.7451	approved	0				global known-rendering assignment; lexical score 0.60
6:18	4	the				expands	supplied-article	safe	0.7612	approved	0				article the original does not write; rests on 'children' → 'בְנֵ֤י'
6:18	5	children		4	בְנֵ֤י		global-review-known-rendering	safe	0.7612	approved	0				global known-rendering assignment; lexical score 0.61
6:18	6	of		5	אַהֲרֹן֙		attached-word	safe	0.6942	approved	0				Genitive of 'Aaron'
6:18	7	Aaron		5	אַהֲרֹן֙		global-review-known-rendering	safe	0.7942	approved	0				global known-rendering assignment; lexical score 0.64
6:18	18	ever		8	עֹולָם֙		global-review-known-rendering	safe	0.6089	approved	0				global known-rendering assignment; lexical score 0.46
6:18	20	all		14	כֹּ֛ל		global-review-known-rendering	safe	0.7585	approved	0				global known-rendering assignment; lexical score 0.61
6:18	30	the				expands	supplied-article	safe	0.7288	approved	0				article the original does not write; rests on 'Lord' → 'יְהוָ֑ה'
6:18	31	Lord		13	יְהוָ֑ה		global-review-known-rendering	safe	0.7288	approved	0				global known-rendering assignment; lexical score 0.58
6:19	4	said		7	אמֹֽר		global-review-known-rendering	safe	0.777	approved	0				global known-rendering assignment; lexical score 0.63
6:19	6	Moses		5	מֹשֶׁ֥ה		global-review-known-rendering	safe	0.7976	approved	0				global known-rendering assignment; lexical score 0.65
6:20	5	which		6	אֲשֶׁר		global-review-known-rendering	safe	0.6686	approved	0				global known-rendering assignment; lexical score 0.52
6:20	6	Aaron		3	אַהֲרֹ֨ן		global-review-known-rendering	safe	0.7942	approved	0				global known-rendering assignment; lexical score 0.64
6:20	8	his		5	בָנָ֜יו		attached-word	safe	0.6676	approved	0				PossessivePronoun of 'sons'
6:20	9	sons		5	בָנָ֜יו		global-review-known-rendering	safe	0.7676	approved	0				global known-rendering assignment; lexical score 0.62
6:20	14	the				expands	supplied-article	safe	0.7288	approved	0				article the original does not write; rests on 'Lord' → 'יהוָ֗ה'
6:20	15	Lord		9	יהוָ֗ה		global-review-known-rendering	safe	0.7288	approved	0				global known-rendering assignment; lexical score 0.58
6:20	17	the				expands	supplied-article	safe	0.7663	approved	0				article the original does not write; rests on 'day' → 'יֹום֙'
6:20	18	day		11	יֹום֙		global-review-known-rendering	safe	0.7663	approved	0				global known-rendering assignment; lexical score 0.62
6:20	29	an				expands	supplied-indefinite-article	safe	0.75	approved	0				indefinite article; rests on 'ephah' → 'אֵפָ֥ה'
6:20	30	ephah		16	אֵפָ֥ה		global-review-known-rendering	safe	0.75	approved	0				global known-rendering assignment; lexical score 0.60
6:20	45	the		22			attached-word	safe	0.6517	approved	0				Article of 'morning'
6:20	46	morning		23	בֹּ֔קֶר		global-review-known-rendering	safe	0.7517	approved	0				global known-rendering assignment; lexical score 0.60
6:20	50	the		27			attached-word	safe	0.6583	approved	0				Article of 'evening'
6:20	51	evening		28	עָֽרֶב		global-review-known-rendering	safe	0.7583	approved	0				global known-rendering assignment; lexical score 0.61
6:21	6	oil		5	שֶּׁ֛מֶן		global-review-known-rendering	safe	0.7238	approved	0				global known-rendering assignment; lexical score 0.57
6:21	32	smell		13	רֵֽיחַ		global-review-known-rendering	safe	0.625	approved	0				global known-rendering assignment; lexical score 0.48
6:21	34	the				expands	supplied-article	safe	0.7288	approved	0				article the original does not write; rests on 'Lord' → 'יהוָֽה'
6:21	35	Lord		16	יהוָֽה		global-review-known-rendering	safe	0.7288	approved	0				global known-rendering assignment; lexical score 0.58
6:22	13	his		8	בָּנָ֖יו		attached-word	safe	0.6676	approved	0				PossessivePronoun of 'sons'
6:22	14	sons		8	בָּנָ֖יו		global-review-known-rendering	safe	0.7676	approved	0				global known-rendering assignment; lexical score 0.62
6:22	20	priest		3	כֹּהֵ֨ן		global-review-known-rendering	safe	0.7903	approved	0				global known-rendering assignment; lexical score 0.64
6:22	25	ever		12	עֹולָ֕ם		global-review-known-rendering	safe	0.6089	approved	0				global known-rendering assignment; lexical score 0.46
6:22	34	the				expands	supplied-article	safe	0.7288	approved	0				article the original does not write; rests on 'Lord' → 'יהוָ֖ה'
6:22	35	Lord		14	יהוָ֖ה		global-review-known-rendering	safe	0.7288	approved	0				global known-rendering assignment; lexical score 0.58
6:23	6	the				expands	supplied-article	safe	0.7903	approved	0				article the original does not write; rests on 'priest' → 'כֹּהֵ֛ן'
6:23	7	priest		4	כֹּהֵ֛ן		global-review-known-rendering	safe	0.7903	approved	0				global known-rendering assignment; lexical score 0.64
6:24	2	the				expands	supplied-article	safe	0.7288	approved	0				article the original does not write; rests on 'Lord' → 'יְהוָ֖ה'
6:24	3	Lord		3	יְהוָ֖ה		global-review-known-rendering	safe	0.7288	approved	0				global known-rendering assignment; lexical score 0.58
6:24	4	said		7	אמֹֽר		global-review-known-rendering	safe	0.777	approved	0				global known-rendering assignment; lexical score 0.63
6:24	6	Moses		5	מֹשֶׁ֥ה		global-review-known-rendering	safe	0.7976	approved	0				global known-rendering assignment; lexical score 0.65
6:25	1	Say		8	אמֹ֔ר		global-review-known-rendering	safe	0.7662	approved	0				global known-rendering assignment; lexical score 0.62
6:25	3	Aaron		3	אַהֲרֹן֙		global-review-known-rendering	safe	0.7942	approved	0				global known-rendering assignment; lexical score 0.64
6:25	5	his		6	בָּנָ֣יו		attached-word	safe	0.6676	approved	0				PossessivePronoun of 'sons'
6:25	6	sons		6	בָּנָ֣יו		global-review-known-rendering	safe	0.7676	approved	0				global known-rendering assignment; lexical score 0.62
6:25	9	the				expands	supplied-article	safe	0.6495	approved	0				article the original does not write; rests on 'law' → 'תֹּורַ֖ת'
6:25	10	law		10	תֹּורַ֖ת		global-review-known-rendering	safe	0.6495	approved	0				global known-rendering assignment; lexical score 0.50
6:25	22	before		23	פְנֵ֣י		global-review-known-rendering	safe	0.6583	approved	0				global known-rendering assignment; lexical score 0.51
6:25	23	the				expands	supplied-article	safe	0.7288	approved	0				article the original does not write; rests on 'Lord' → 'יְהוָ֔ה'
6:25	24	Lord		24	יְהוָ֔ה		global-review-known-rendering	safe	0.7288	approved	0				global known-rendering assignment; lexical score 0.58
6:25	26	the				expands	supplied-article	safe	0.5702	approved	0				article the original does not write; rests on 'same' → 'הִֽוא'
6:25	27	same		27	הִֽוא		global-review-known-rendering	safe	0.5702	approved	0				global known-rendering assignment; lexical score 0.42
6:25	28	place		14	מְקֹ֡ום		global-review-known-rendering	safe	0.6387	approved	0				global known-rendering assignment; lexical score 0.49
6:25	35	most		25	קֹ֥דֶשׁ		global-review-known-rendering	safe	0.5542	approved	0				global known-rendering assignment; lexical score 0.40
6:25	36	holy		26	קָֽדָשִׁ֖ים		global-review-known-rendering	safe	0.6645	approved	0				global known-rendering assignment; lexical score 0.51
6:26	1	The		1	הַ		attached-word	safe	0.6903	approved	0				Article of 'priest'
6:26	2	priest		2	כֹּהֵ֛ן		global-review-known-rendering	safe	0.7903	approved	0				global known-rendering assignment; lexical score 0.64
6:26	20	place		8	מָקֹ֤ום		global-review-known-rendering	safe	0.6387	approved	0				global known-rendering assignment; lexical score 0.49
6:26	26	the				expands	supplied-article	safe	0.7308	approved	0				article the original does not write; rests on 'Tent' → 'אֹ֥הֶל'
6:26	27	Tent		13	אֹ֥הֶל		global-review-known-rendering	safe	0.7308	approved	0				global known-rendering assignment; lexical score 0.58
6:27	3	the				expands	supplied-article	safe	0.7504	approved	0				article the original does not write; rests on 'flesh' → 'בְשָׂרָ֖הּ'
6:27	4	flesh		5	בְשָׂרָ֖הּ		global-review-known-rendering	safe	0.7504	approved	0				global known-rendering assignment; lexical score 0.60
6:27	14	the				expands	supplied-article	safe	0.7585	approved	0				article the original does not write; rests on 'blood' → 'דָּמָהּ֙'
6:27	15	blood		11	דָּמָהּ֙		global-review-known-rendering	safe	0.7585	approved	0				global known-rendering assignment; lexical score 0.61
6:27	24	which		15	אֲשֶׁר֙		global-review-known-rendering	safe	0.6686	approved	0				global known-rendering assignment; lexical score 0.52
6:27	37	place		20	מָקֹ֥ום		global-review-known-rendering	safe	0.6387	approved	0				global known-rendering assignment; lexical score 0.49
6:28	2	the				expands	supplied-article	safe	0.7743	approved	0				article the original does not write; rests on 'vessel' → 'כְלִי'
6:28	3	vessel		2	כְלִי		global-review-known-rendering	safe	0.7743	approved	0				global known-rendering assignment; lexical score 0.62
6:28	7	which		4	אֲשֶׁ֥ר		global-review-known-rendering	safe	0.6686	approved	0				global known-rendering assignment; lexical score 0.52
6:28	17	if		9	אִם		global-review-known-rendering	safe	0.6408	approved	0				global known-rendering assignment; lexical score 0.49
6:28	18	a				expands	supplied-indefinite-article	safe	0.7357	approved	0				indefinite article; rests on 'brass' → 'נְחֹ֨שֶׁת֙'
6:28	19	brass		12	נְחֹ֨שֶׁת֙		global-review-known-rendering	safe	0.7357	approved	0				global known-rendering assignment; lexical score 0.59
6:28	20	vessel		11	כְלִ֤י		global-review-known-rendering	safe	0.7743	approved	0				global known-rendering assignment; lexical score 0.62
6:28	33	water		20	מָּֽיִם		global-review-known-rendering	safe	0.777	approved	0				global known-rendering assignment; lexical score 0.63
6:29	2	male		2	זָכָ֥ר		global-review-known-rendering	safe	0.7451	approved	0				global known-rendering assignment; lexical score 0.60
6:29	4	the		4			attached-word	safe	0.6782	approved	0				Article of 'priests'
6:29	5	priests		5	כֹּהֲנִ֖ים		global-review-known-rendering	safe	0.7782	approved	0				global known-rendering assignment; lexical score 0.63
6:29	14	most		8	קֹ֥דֶשׁ		global-review-known-rendering	safe	0.5542	approved	0				global known-rendering assignment; lexical score 0.40
6:29	15	holy		9	קָֽדָשִׁ֖ים		global-review-known-rendering	safe	0.6645	approved	0				global known-rendering assignment; lexical score 0.51
6:30	3	the				expands	supplied-article	safe	0.7585	approved	0				article the original does not write; rests on 'blood' → 'דָּמָ֜הּ'
6:30	4	blood		7	דָּמָ֜הּ		global-review-known-rendering	safe	0.7585	approved	0				global known-rendering assignment; lexical score 0.61
6:30	6	which		4	אֲשֶׁר֩		global-review-known-rendering	safe	0.6686	approved	0				global known-rendering assignment; lexical score 0.52
6:30	10	the				expands	supplied-article	safe	0.7308	approved	0				article the original does not write; rests on 'Tent' → 'אֹ֧הֶל'
6:30	11	Tent		9	אֹ֧הֶל		global-review-known-rendering	safe	0.7308	approved	0				global known-rendering assignment; lexical score 0.58
6:30	17	sin		3	חַטָּ֡את		global-review-known-rendering	safe	0.6134	approved	0				global known-rendering assignment; lexical score 0.46
6:30	19	the		14			attached-word	safe	0.5645	approved	0				Article of 'holy'
6:30	20	holy		15	קֹּ֖דֶשׁ		global-review-known-rendering	safe	0.6645	approved	0				global known-rendering assignment; lexical score 0.51
6:30	33	fire		20	אֵ֖שׁ		global-review-known-rendering	safe	0.7	approved	0				global known-rendering assignment; lexical score 0.55
7:1	4	the				expands	supplied-article	safe	0.649	approved	0				article the original does not write; rests on 'law' → 'תֹּורַ֖ת'
7:1	5	law		3	תֹּורַ֖ת		global-review-known-rendering	safe	0.649	approved	0				global known-rendering assignment; lexical score 0.50
7:1	13	most		6	קֹ֥דֶשׁ		global-review-known-rendering	safe	0.558	approved	0				global known-rendering assignment; lexical score 0.41
7:1	14	holy		7	קָֽדָשִׁ֖ים		global-review-known-rendering	safe	0.6626	approved	0				global known-rendering assignment; lexical score 0.51
7:2				13	אֶת	omits	unrendered-object-marker	safe	0.756	approved	0				object marker; rests on 'blood' → 'דָּמֹ֛ו'
7:2	14	place		2	מְקֹ֗ום		global-review-known-rendering	safe	0.6396	approved	0				global known-rendering assignment; lexical score 0.49
7:2	25	the				expands	supplied-article	safe	0.756	approved	0				article the original does not write; rests on 'blood' → 'דָּמֹ֛ו'
7:2	26	blood		14	דָּמֹ֛ו		global-review-known-rendering	safe	0.756	approved	0				global known-rendering assignment; lexical score 0.61
7:2	29	round		19	סָבִֽיב		global-review-known-rendering	safe	0.7211	approved	0				global known-rendering assignment; lexical score 0.57
7:2	30	the		17	הַ		attached-word	safe	0.6896	approved	0				Article of 'altar'
7:2	31	altar		18	מִּזְבֵּ֖חַ		global-review-known-rendering	safe	0.7896	approved	0				global known-rendering assignment; lexical score 0.64
7:3				2	אֵ֥ת	omits	unrendered-object-marker	safe	0.7583	approved	0				object marker; rests on 'all' → 'כָּל'
7:3				11	אֶת	omits	unrendered-object-marker	safe	0.5968	approved	0				object marker; rests on 'fat' → 'חֵ֖לֶב'
7:3	2	all		3	כָּל		global-review-known-rendering	safe	0.7583	approved	0				global known-rendering assignment; lexical score 0.61
7:3	3	the				expands	supplied-article	safe	0.5968	approved	0				article the original does not write; rests on 'fat' → 'חֶלְבֹּ֖ו'
7:3	4	fat		4	חֶלְבֹּ֖ו		global-review-known-rendering	safe	0.5968	approved	0				global known-rendering assignment; lexical score 0.45
7:3	11	the		12	הַ		attached-word	safe	0.4968	approved	0				Article of 'fat'
7:3	12	fat		13	חֵ֖לֶב		global-review-known-rendering	safe	0.5968	approved	0				global known-rendering assignment; lexical score 0.45
7:4				2	אֵת֙	omits	unrendered-object-marker	safe	0.6878	approved	0				object marker; rests on 'two' → 'שְׁתֵּ֣י'
7:4				7	אֶת	omits	unrendered-object-marker	safe	0.5968	approved	0				object marker; rests on 'fat' → 'חֵ֨לֶב֙'
7:4	2	the				expands	supplied-article	safe	0.6878	approved	0				article the original does not write; rests on 'two' → 'שְׁתֵּ֣י'
7:4	3	two		3	שְׁתֵּ֣י		global-review-known-rendering	safe	0.6878	approved	0				global known-rendering assignment; lexical score 0.54
7:4	4	kidneys		5	כְּלָיֹ֔ת		global-review-known-rendering	safe	0.8	approved	0				global known-rendering assignment; lexical score 0.65
7:4	6	the		8	הַ		attached-word	safe	0.4968	approved	0				Article of 'fat'
7:4	7	fat		9	חֵ֨לֶב֙		global-review-known-rendering	safe	0.5968	approved	0				global known-rendering assignment; lexical score 0.45
7:4	10	which		10	אֲשֶׁ֣ר		global-review-known-rendering	safe	0.6685	approved	0				global known-rendering assignment; lexical score 0.52
7:4	22	the		21	הַ		attached-word	safe	0.7	approved	0				Article of 'liver'
7:4	23	liver		22	כָּבֵ֔ד		global-review-known-rendering	safe	0.8	approved	0				global known-rendering assignment; lexical score 0.65
7:4	25	the		24	הַ		attached-word	safe	0.7	approved	0				Article of 'kidneys'
7:4	26	kidneys		25	כְּלָיֹ֖ת		global-review-known-rendering	safe	0.8	approved	0				global known-rendering assignment; lexical score 0.65
7:5	7	the		4	הַ		attached-word	safe	0.6903	approved	0				Article of 'priest'
7:5	8	priest		5	כֹּהֵן֙		global-review-known-rendering	safe	0.7903	approved	0				global known-rendering assignment; lexical score 0.64
7:5	10	the		6	הַ		attached-word	safe	0.6896	approved	0				Article of 'altar'
7:5	11	altar		7	מִּזְבֵּ֔חָה		global-review-known-rendering	safe	0.7896	approved	0				global known-rendering assignment; lexical score 0.64
7:5	19	the				expands	supplied-article	safe	0.7289	approved	0				article the original does not write; rests on 'Lord' → 'יהוָ֑ה'
7:5	20	Lord		10	יהוָ֑ה		global-review-known-rendering	safe	0.7289	approved	0				global known-rendering assignment; lexical score 0.58
7:6	2	male		2	זָכָ֥ר		global-review-known-rendering	safe	0.7437	approved	0				global known-rendering assignment; lexical score 0.59
7:6	4	the		4			attached-word	safe	0.6782	approved	0				Article of 'priests'
7:6	5	priests		5	כֹּהֲנִ֖ים		global-review-known-rendering	safe	0.7782	approved	0				global known-rendering assignment; lexical score 0.63
7:6	12	a				expands	supplied-indefinite-article	safe	0.6626	approved	0				indefinite article; rests on 'holy' → 'קֹ֥דֶשׁ'
7:6	13	holy		11	קֹ֥דֶשׁ		global-review-known-rendering	safe	0.6626	approved	0				global known-rendering assignment; lexical score 0.51
7:6	14	place		8	מָקֹ֤ום		global-review-known-rendering	safe	0.6396	approved	0				global known-rendering assignment; lexical score 0.49
7:6	18	holy		12	קָֽדָשִׁ֖ים		global-review-known-rendering	safe	0.6626	approved	0				global known-rendering assignment; lexical score 0.51
7:7	13	one		8	אַחַ֖ת		global-review-known-rendering	safe	0.5901	approved	0				global known-rendering assignment; lexical score 0.44
7:7	14	law		7	תֹּורָ֥ה		global-review-known-rendering	safe	0.649	approved	0				global known-rendering assignment; lexical score 0.50
7:7	17	the		10	הַ		attached-word	safe	0.6903	approved	0				Article of 'priest'
7:7	18	priest		11	כֹּהֵ֛ן		global-review-known-rendering	safe	0.7903	approved	0				global known-rendering assignment; lexical score 0.64
7:7	26	sin		3	חַטָּאת֙		global-review-known-rendering	safe	0.6123	approved	0				global known-rendering assignment; lexical score 0.46
7:8	2	the		2	הַ֨		attached-word	safe	0.6903	approved	0				Article of 'priest'
7:8	3	priest		3	כֹּהֵ֔ן		global-review-known-rendering	safe	0.7903	approved	0				global known-rendering assignment; lexical score 0.64
7:8	6	man's		8	אִ֑ישׁ		global-review-known-rendering	safe	0.5724	approved	0				global known-rendering assignment; lexical score 0.42
7:8	13	the				expands	supplied-article	safe	0.7663	approved	0				article the original does not write; rests on 'skin' → 'עֹ֤ור'
7:8	14	skin		9	עֹ֤ור		global-review-known-rendering	safe	0.7663	approved	0				global known-rendering assignment; lexical score 0.62
7:8	19	which		12	אֲשֶׁ֣ר		global-review-known-rendering	safe	0.6685	approved	0				global known-rendering assignment; lexical score 0.52
7:9	5	which		4	אֲשֶׁ֤ר		global-review-known-rendering	safe	0.6685	approved	0				global known-rendering assignment; lexical score 0.52
7:9	9	the		7			attached-word	safe	0.7	approved	0				Article of 'oven'
7:9	10	oven		8	תַּנּ֔וּר		global-review-known-rendering	safe	0.8	approved	0				global known-rendering assignment; lexical score 0.65
7:9	25	the		19			attached-word	safe	0.6903	approved	0				Article of 'priest'
7:9	26	priest		20	כֹּהֵ֛ן		global-review-known-rendering	safe	0.7903	approved	0				global known-rendering assignment; lexical score 0.64
7:10	7	oil		7	שֶּׁ֖מֶן		global-review-known-rendering	safe	0.7211	approved	0				global known-rendering assignment; lexical score 0.57
7:10	12	all		11	כָל		global-review-known-rendering	safe	0.7583	approved	0				global known-rendering assignment; lexical score 0.61
7:10	13	the				expands	supplied-article	safe	0.7677	approved	0				article the original does not write; rests on 'sons' → 'בְּנֵ֧י'
7:10	14	sons		12	בְּנֵ֧י		global-review-known-rendering	safe	0.7677	approved	0				global known-rendering assignment; lexical score 0.62
7:10	15	of		13	אַהֲרֹ֛ן		attached-word	safe	0.6942	approved	0				Genitive of 'Aaron'
7:10	16	Aaron		13	אַהֲרֹ֛ן		global-review-known-rendering	safe	0.7942	approved	0				global known-rendering assignment; lexical score 0.64
7:11	4	the				expands	supplied-article	safe	0.649	approved	0				article the original does not write; rests on 'law' → 'תֹּורַ֖ת'
7:11	5	law		3	תֹּורַ֖ת		global-review-known-rendering	safe	0.649	approved	0				global known-rendering assignment; lexical score 0.50
7:11	11	the				expands	supplied-article	safe	0.7289	approved	0				article the original does not write; rests on 'Lord' → 'יהוָֽה'
7:11	12	Lord		10	יהוָֽה		global-review-known-rendering	safe	0.7289	approved	0				global known-rendering assignment; lexical score 0.58
7:12	1	If		1	אִ֣ם		global-review-known-rendering	safe	0.6401	approved	0				global known-rendering assignment; lexical score 0.49
7:12	17	unleavened		12	מַצֹּות֙		global-review-known-rendering	safe	0.8	approved	0				global known-rendering assignment; lexical score 0.65
7:12	21	oil		16	שֶּׁ֔מֶן		global-review-known-rendering	safe	0.7211	approved	0				global known-rendering assignment; lexical score 0.57
7:12	24	unleavened		19	מַצֹּ֖ות		global-review-known-rendering	safe	0.8	approved	0				global known-rendering assignment; lexical score 0.65
7:12	28	oil		23	שָּׁ֑מֶן		global-review-known-rendering	safe	0.7211	approved	0				global known-rendering assignment; lexical score 0.57
7:12	38	oil		31	שָּֽׁמֶן		global-review-known-rendering	safe	0.7211	approved	0				global known-rendering assignment; lexical score 0.57
7:13	8	of		3	לֶ֣חֶם		attached-word	safe	0.6285	approved	0				Genitive of 'bread'
7:13	9	leavened		4	חָמֵ֔ץ		global-review-known-rendering	safe	0.6125	approved	0				global known-rendering assignment; lexical score 0.46
7:13	10	bread		3	לֶ֣חֶם		global-review-known-rendering	safe	0.7285	approved	0				global known-rendering assignment; lexical score 0.58
7:14				16	אֶת	omits	unrendered-object-marker	safe	0.756	approved	0				object marker; rests on 'blood' → 'דַּ֥ם'
7:14	5	one		4	אֶחָד֙		global-review-known-rendering	safe	0.5901	approved	0				global known-rendering assignment; lexical score 0.44
7:14	15	the				expands	supplied-article	safe	0.7289	approved	0				article the original does not write; rests on 'Lord' → 'יהוָ֑ה'
7:14	16	Lord		10	יהוָ֑ה		global-review-known-rendering	safe	0.7289	approved	0				global known-rendering assignment; lexical score 0.58
7:14	22	the		12			attached-word	safe	0.6903	approved	0				Article of 'priest'
7:14	23	priest		13	כֹּהֵ֗ן		global-review-known-rendering	safe	0.7903	approved	0				global known-rendering assignment; lexical score 0.64
7:14	26	the				expands	supplied-article	safe	0.756	approved	0				article the original does not write; rests on 'blood' → 'דַּ֥ם'
7:14	27	blood		17	דַּ֥ם		global-review-known-rendering	safe	0.756	approved	0				global known-rendering assignment; lexical score 0.61
7:15	2	the				expands	supplied-article	safe	0.7538	approved	0				article the original does not write; rests on 'flesh' → 'בְשַׂ֗ר'
7:15	3	flesh		2	בְשַׂ֗ר		global-review-known-rendering	safe	0.7538	approved	0				global known-rendering assignment; lexical score 0.60
7:15	14	the				expands	supplied-article	safe	0.7662	approved	0				article the original does not write; rests on 'day' → 'יֹ֥ום'
7:15	15	day		7	יֹ֥ום		global-review-known-rendering	safe	0.7662	approved	0				global known-rendering assignment; lexical score 0.62
7:15	27	till		13	עַד		global-review-known-rendering	safe	0.6272	approved	0				global known-rendering assignment; lexical score 0.48
7:15	28	the				expands	supplied-article	safe	0.7522	approved	0				article the original does not write; rests on 'morning' → 'בֹּֽקֶר'
7:15	29	morning		14	בֹּֽקֶר		global-review-known-rendering	safe	0.7522	approved	0				global known-rendering assignment; lexical score 0.60
7:16	2	if		2	אִם		global-review-known-rendering	safe	0.6401	approved	0				global known-rendering assignment; lexical score 0.49
7:16	21	the				expands	supplied-article	safe	0.7662	approved	0				article the original does not write; rests on 'day' → 'יֹ֛ום'
7:16	22	day		9	יֹ֛ום		global-review-known-rendering	safe	0.7662	approved	0				global known-rendering assignment; lexical score 0.62
7:17	5	the				expands	supplied-article	safe	0.7538	approved	0				article the original does not write; rests on 'flesh' → 'בְּשַׂ֣ר'
7:17	6	flesh		5	בְּשַׂ֣ר		global-review-known-rendering	safe	0.7538	approved	0				global known-rendering assignment; lexical score 0.60
7:17	14	the		11	הַ		attached-word	safe	0.6293	approved	0				Article of 'third'
7:17	15	third		12	שְּׁלִישִׁ֔י		global-review-known-rendering	safe	0.7293	approved	0				global known-rendering assignment; lexical score 0.58
7:17	16	day		10	יֹּום֙		global-review-known-rendering	safe	0.7662	approved	0				global known-rendering assignment; lexical score 0.62
7:17	23	fire		15	אֵ֖שׁ		global-review-known-rendering	safe	0.7029	approved	0				global known-rendering assignment; lexical score 0.55
7:18	2	if		2	אִ֣ם		global-review-known-rendering	safe	0.6401	approved	0				global known-rendering assignment; lexical score 0.49
7:18	5	the				expands	supplied-article	safe	0.7538	approved	0				article the original does not write; rests on 'flesh' → 'בְּשַׂר'
7:18	6	flesh		6	בְּשַׂר		global-review-known-rendering	safe	0.7538	approved	0				global known-rendering assignment; lexical score 0.60
7:18	15	the		12	הַ		attached-word	safe	0.6293	approved	0				Article of 'third'
7:18	16	third		13	שְּׁלִישִׁי֮		global-review-known-rendering	safe	0.7293	approved	0				global known-rendering assignment; lexical score 0.58
7:18	17	day		11	יֹּ֣ום		global-review-known-rendering	safe	0.7662	approved	0				global known-rendering assignment; lexical score 0.62
7:18	20	not		14	לֹ֣א		global-review-known-rendering	safe	0.6788	approved	0				global known-rendering assignment; lexical score 0.53
7:18	27	not		19	לֹ֧א		global-review-known-rendering	safe	0.6788	approved	0				global known-rendering assignment; lexical score 0.53
7:19	2	flesh		3	בָּשָׂ֞ר		global-review-known-rendering	safe	0.7538	approved	0				global known-rendering assignment; lexical score 0.60
7:19	3	touched		5	יִגַּ֤ע		global-review-known-rendering	safe	0.7357	approved	0				global known-rendering assignment; lexical score 0.59
7:19	9	not		9	לֹ֣א		global-review-known-rendering	safe	0.6788	approved	0				global known-rendering assignment; lexical score 0.53
7:19	20	fire		13	אֵ֖שׁ		global-review-known-rendering	safe	0.7029	approved	0				global known-rendering assignment; lexical score 0.55
7:19	24	the		16	הַ֨		attached-word	safe	0.6538	approved	0				Article of 'flesh'
7:19	25	flesh		17	בָּשָׂ֔ר		global-review-known-rendering	safe	0.7538	approved	0				global known-rendering assignment; lexical score 0.60
7:20	11	the				expands	supplied-article	safe	0.7538	approved	0				article the original does not write; rests on 'flesh' → 'בָּשָׂ֗ר'
7:20	12	flesh		6	בָּשָׂ֗ר		global-review-known-rendering	safe	0.7538	approved	0				global known-rendering assignment; lexical score 0.60
7:20	16	which		11	אֲשֶׁ֣ר		global-review-known-rendering	safe	0.6685	approved	0				global known-rendering assignment; lexical score 0.52
7:20	22	cut		18	נִכְרְתָ֛ה		global-review-known-rendering	safe	0.5805	approved	0				global known-rendering assignment; lexical score 0.43
7:20	26	people		24	עַמֶּֽיהָ		global-review-known-rendering	safe	0.7678	approved	0				global known-rendering assignment; lexical score 0.62
7:21	14	beast		13	בְהֵמָ֣ה		global-review-known-rendering	safe	0.6331	approved	0				global known-rendering assignment; lexical score 0.48
7:21	24	the				expands	supplied-article	safe	0.7538	approved	0				article the original does not write; rests on 'flesh' → 'בְּשַׂר'
7:21	25	flesh		23	בְּשַׂר		global-review-known-rendering	safe	0.7538	approved	0				global known-rendering assignment; lexical score 0.60
7:21	29	which		27	אֲשֶׁ֣ר		global-review-known-rendering	safe	0.6685	approved	0				global known-rendering assignment; lexical score 0.52
7:21	35	cut		31	נִכְרְתָ֛ה		global-review-known-rendering	safe	0.5805	approved	0				global known-rendering assignment; lexical score 0.43
7:21	39	people		37	עַמֶּֽיהָ		global-review-known-rendering	safe	0.7678	approved	0				global known-rendering assignment; lexical score 0.62
7:22	4	said		7	אמֹֽר		global-review-known-rendering	safe	0.777	approved	0				global known-rendering assignment; lexical score 0.63
7:22	6	Moses		5	מֹשֶׁ֥ה		global-review-known-rendering	safe	0.7976	approved	0				global known-rendering assignment; lexical score 0.65
7:23	1	Say		6	אמֹ֑ר		global-review-known-rendering	safe	0.7662	approved	0				global known-rendering assignment; lexical score 0.62
7:23	3	the				expands	supplied-article	safe	0.7611	approved	0				article the original does not write; rests on 'children' → 'בְּנֵ֥י'
7:23	4	children		3	בְּנֵ֥י		global-review-known-rendering	safe	0.7611	approved	0				global known-rendering assignment; lexical score 0.61
7:23	5	of		4	יִשְׂרָאֵ֖ל		attached-word	safe	0.6858	approved	0				Genitive of 'Israel'
7:23	6	Israel		4	יִשְׂרָאֵ֖ל		global-review-known-rendering	safe	0.7858	approved	0				global known-rendering assignment; lexical score 0.64
7:23	9	not		14	לֹ֥א		global-review-known-rendering	safe	0.6788	approved	0				global known-rendering assignment; lexical score 0.53
7:23	13	fat		8	חֵ֜לֶב		global-review-known-rendering	safe	0.5968	approved	0				global known-rendering assignment; lexical score 0.45
7:23	14	of		9	שֹׁ֥ור		attached-word	safe	0.6214	approved	0				Genitive of 'ox'
7:23	15	ox		9	שֹׁ֥ור		global-review-known-rendering	safe	0.7214	approved	0				global known-rendering assignment; lexical score 0.57
7:24	2	the				expands	supplied-article	safe	0.5968	approved	0				article the original does not write; rests on 'fat' → 'חֵ֤לֶב'
7:24	3	fat		2	חֵ֤לֶב		global-review-known-rendering	safe	0.5968	approved	0				global known-rendering assignment; lexical score 0.45
7:24	13	the				expands	supplied-article	safe	0.5968	approved	0				article the original does not write; rests on 'fat' → 'חֵ֣לֶב'
7:24	14	fat		5	חֵ֣לֶב		global-review-known-rendering	safe	0.5968	approved	0				global known-rendering assignment; lexical score 0.45
7:24	29	not		13	לֹ֥א		global-review-known-rendering	safe	0.6788	approved	0				global known-rendering assignment; lexical score 0.53
7:25				14	וְ	omits	unrendered-conjunction	safe	0.5805	approved	0				conjunction no word of the verse renders; rests on 'cut' → 'נִכְרְתָ֛ה'
7:25	7	the				expands	supplied-article	safe	0.5968	approved	0				article the original does not write; rests on 'fat' → 'חֵ֔לֶב'
7:25	8	fat		4	חֵ֔לֶב		global-review-known-rendering	safe	0.5968	approved	0				global known-rendering assignment; lexical score 0.45
7:25	11	beast		7	בְּהֵמָ֔ה		global-review-known-rendering	safe	0.6331	approved	0				global known-rendering assignment; lexical score 0.48
7:25	13	which		8	אֲשֶׁ֨ר		global-review-known-rendering	safe	0.6685	approved	0				global known-rendering assignment; lexical score 0.52
7:25	21	the				expands	supplied-article	safe	0.7289	approved	0				article the original does not write; rests on 'Lord' → 'יהוָ֑ה'
7:25	22	Lord		13	יהוָ֑ה		global-review-known-rendering	safe	0.7289	approved	0				global known-rendering assignment; lexical score 0.58
7:25	25	cut		15	נִכְרְתָ֛ה		global-review-known-rendering	safe	0.5805	approved	0				global known-rendering assignment; lexical score 0.43
7:25	29	people		21	עַמֶּֽיהָ		global-review-known-rendering	safe	0.7678	approved	0				global known-rendering assignment; lexical score 0.62
7:26				14		omits	unrendered-article	safe	0.6331	approved	0				article no the of the verse renders; rests on 'beast' → 'בְּהֵמָֽה'
7:26	4	not		4	לֹ֣א		global-review-known-rendering	safe	0.6788	approved	0				global known-rendering assignment; lexical score 0.53
7:26	10	blood		3	דָּם֙		global-review-known-rendering	safe	0.756	approved	0				global known-rendering assignment; lexical score 0.61
7:26	15	beast		15	בְּהֵמָֽה		global-review-known-rendering	safe	0.6331	approved	0				global known-rendering assignment; lexical score 0.48
7:27				7	וְ	omits	unrendered-conjunction	safe	0.5805	approved	0				conjunction no word of the verse renders; rests on 'cut' → 'נִכְרְתָ֛ה'
7:27	4	blood		6	דָּ֑ם		global-review-known-rendering	safe	0.756	approved	0				global known-rendering assignment; lexical score 0.61
7:27	9	cut		8	נִכְרְתָ֛ה		global-review-known-rendering	safe	0.5805	approved	0				global known-rendering assignment; lexical score 0.43
7:27	13	people		14	עַמֶּֽיהָ		global-review-known-rendering	safe	0.7678	approved	0				global known-rendering assignment; lexical score 0.62
7:28	2	the				expands	supplied-article	safe	0.7289	approved	0				article the original does not write; rests on 'Lord' → 'יְהוָ֖ה'
7:28	3	Lord		3	יְהוָ֖ה		global-review-known-rendering	safe	0.7289	approved	0				global known-rendering assignment; lexical score 0.58
7:28	4	said		7	אמֹֽר		global-review-known-rendering	safe	0.777	approved	0				global known-rendering assignment; lexical score 0.63
7:28	6	Moses		5	מֹשֶׁ֥ה		global-review-known-rendering	safe	0.7976	approved	0				global known-rendering assignment; lexical score 0.65
7:29	1	Say		6	אמֹ֑ר		global-review-known-rendering	safe	0.7662	approved	0				global known-rendering assignment; lexical score 0.62
7:29	3	the				expands	supplied-article	safe	0.7611	approved	0				article the original does not write; rests on 'children' → 'בְּנֵ֥י'
7:29	4	children		3	בְּנֵ֥י		global-review-known-rendering	safe	0.7611	approved	0				global known-rendering assignment; lexical score 0.61
7:29	5	of		4	יִשְׂרָאֵ֖ל		attached-word	safe	0.6858	approved	0				Genitive of 'Israel'
7:29	6	Israel		4	יִשְׂרָאֵ֖ל		global-review-known-rendering	safe	0.7858	approved	0				global known-rendering assignment; lexical score 0.64
7:29	13	the				expands	supplied-article	safe	0.7289	approved	0				article the original does not write; rests on 'Lord' → 'יהוָ֔ה'
7:29	14	Lord		13	יהוָ֔ה		global-review-known-rendering	safe	0.7289	approved	0				global known-rendering assignment; lexical score 0.58
7:29	21	the				expands	supplied-article	safe	0.7289	approved	0				article the original does not write; rests on 'Lord' → 'יהוָ֖ה'
7:29	22	Lord		18	יהוָ֖ה		global-review-known-rendering	safe	0.7289	approved	0				global known-rendering assignment; lexical score 0.58
7:30				6	אֶת	omits	unrendered-object-marker	safe	0.5968	approved	0				object marker; rests on 'fat' → 'חֵ֤לֶב'
7:30	7	the				expands	supplied-article	safe	0.7289	approved	0				article the original does not write; rests on 'Lord' → 'יְהוָ֑ה'
7:30	8	Lord		5	יְהוָ֑ה		global-review-known-rendering	safe	0.7289	approved	0				global known-rendering assignment; lexical score 0.58
7:30	15	the		7	הַ		attached-word	safe	0.4968	approved	0				Article of 'fat'
7:30	16	fat		8	חֵ֤לֶב		global-review-known-rendering	safe	0.5968	approved	0				global known-rendering assignment; lexical score 0.45
7:30	18	the		10	הֶֽ		attached-word	safe	0.5125	approved	0				Article of 'breast'
7:30	19	breast		11	חָזֶה֙		global-review-known-rendering	safe	0.6125	approved	0				global known-rendering assignment; lexical score 0.46
7:30	22	the		14	הֶ		attached-word	safe	0.5125	approved	0				Article of 'breast'
7:30	23	breast		15	חָזֶ֗ה		global-review-known-rendering	safe	0.6125	approved	0				global known-rendering assignment; lexical score 0.46
7:30	26	waved		17	הָנִ֥יף		global-review-known-rendering	safe	0.71	approved	0				global known-rendering assignment; lexical score 0.56
7:30	31	before		21	פְנֵ֥י		global-review-known-rendering	safe	0.6583	approved	0				global known-rendering assignment; lexical score 0.51
7:30	32	the				expands	supplied-article	safe	0.7289	approved	0				article the original does not write; rests on 'Lord' → 'יְהוָֽה'
7:30	33	Lord		22	יְהוָֽה		global-review-known-rendering	safe	0.7289	approved	0				global known-rendering assignment; lexical score 0.58
7:31				5	אֶת	omits	unrendered-object-marker	safe	0.5968	approved	0				object marker; rests on 'fat' → 'חֵ֖לֶב'
7:31	2	the		6	הַ		attached-word	safe	0.4968	approved	0				Article of 'fat'
7:31	3	fat		7	חֵ֖לֶב		global-review-known-rendering	safe	0.5968	approved	0				global known-rendering assignment; lexical score 0.45
7:31	9	the		3	הַ		attached-word	safe	0.6903	approved	0				Article of 'priest'
7:31	10	priest		4	כֹּהֵ֛ן		global-review-known-rendering	safe	0.7903	approved	0				global known-rendering assignment; lexical score 0.64
7:31	12	the		8	הַ		attached-word	safe	0.6896	approved	0				Article of 'altar'
7:31	13	altar		9	מִּזְבֵּ֑חָה		global-review-known-rendering	safe	0.7896	approved	0				global known-rendering assignment; lexical score 0.64
7:31	15	the		12	הֶֽ		attached-word	safe	0.5125	approved	0				Article of 'breast'
7:31	16	breast		13	חָזֶ֔ה		global-review-known-rendering	safe	0.6125	approved	0				global known-rendering assignment; lexical score 0.46
7:31	19	Aaron		15	אַהֲרֹ֖ן		global-review-known-rendering	safe	0.7942	approved	0				global known-rendering assignment; lexical score 0.64
7:31	21	his		18	בָנָֽיו		attached-word	safe	0.6677	approved	0				PossessivePronoun of 'sons'
7:31	22	sons		18	בָנָֽיו		global-review-known-rendering	safe	0.7677	approved	0				global known-rendering assignment; lexical score 0.62
7:32	10	the		9			attached-word	safe	0.6903	approved	0				Article of 'priest'
7:32	11	priest		10	כֹּהֵ֑ן		global-review-known-rendering	safe	0.7903	approved	0				global known-rendering assignment; lexical score 0.64
7:32	23	given		6	תִּתְּנ֥וּ		global-review-known-rendering	safe	0.6912	approved	0				global known-rendering assignment; lexical score 0.54
7:33				3	אֶת	omits	unrendered-object-marker	safe	0.756	approved	0				object marker; rests on 'blood' → 'דַּ֧ם'
7:33				8	אֶת	omits	unrendered-object-marker	safe	0.5968	approved	0				object marker; rests on 'fat' → 'חֵ֖לֶב'
7:33	4	the				expands	supplied-article	safe	0.7677	approved	0				article the original does not write; rests on 'sons' → 'בְּנֵ֣י'
7:33	5	sons		12	בְּנֵ֣י		global-review-known-rendering	safe	0.7677	approved	0				global known-rendering assignment; lexical score 0.62
7:33	6	of		13	אַהֲרֹ֑ן		attached-word	safe	0.6942	approved	0				Genitive of 'Aaron'
7:33	7	Aaron		13	אַהֲרֹ֑ן		global-review-known-rendering	safe	0.7942	approved	0				global known-rendering assignment; lexical score 0.64
7:33	10	the				expands	supplied-article	safe	0.756	approved	0				article the original does not write; rests on 'blood' → 'דַּ֧ם'
7:33	11	blood		4	דַּ֧ם		global-review-known-rendering	safe	0.756	approved	0				global known-rendering assignment; lexical score 0.61
7:33	16	the		9	הַ		attached-word	safe	0.4968	approved	0				Article of 'fat'
7:33	17	fat		10	חֵ֖לֶב		global-review-known-rendering	safe	0.5968	approved	0				global known-rendering assignment; lexical score 0.45
7:34				2	אֶת	omits	unrendered-object-marker	safe	0.6125	approved	0				object marker; rests on 'breast' → 'חֲזֵ֨ה'
7:34				13	אֵ֣ת	omits	unrendered-object-marker	safe	0.7611	approved	0				object marker; rests on 'children' → 'בְּנֵֽי'
7:34				33	אֵ֖ת	omits	unrendered-object-marker	safe	0.7611	approved	0				object marker; rests on 'children' → 'בְּנֵ֥י'
7:34	2	the				expands	supplied-article	safe	0.6125	approved	0				article the original does not write; rests on 'breast' → 'חֲזֵ֨ה'
7:34	3	breast		3	חֲזֵ֨ה		global-review-known-rendering	safe	0.6125	approved	0				global known-rendering assignment; lexical score 0.46
7:34	21	the				expands	supplied-article	safe	0.7611	approved	0				article the original does not write; rests on 'children' → 'בְּנֵֽי'
7:34	22	children		14	בְּנֵֽי		global-review-known-rendering	safe	0.7611	approved	0				global known-rendering assignment; lexical score 0.61
7:34	23	of		15	יִשְׂרָאֵ֔ל		attached-word	safe	0.6858	approved	0				Genitive of 'Israel'
7:34	24	Israel		15	יִשְׂרָאֵ֔ל		global-review-known-rendering	safe	0.7858	approved	0				global known-rendering assignment; lexical score 0.64
7:34	30	given		20	אֶתֵּ֣ן		global-review-known-rendering	safe	0.6912	approved	0				global known-rendering assignment; lexical score 0.54
7:34	33	Aaron		23	אַהֲרֹ֨ן		global-review-known-rendering	safe	0.7942	approved	0				global known-rendering assignment; lexical score 0.64
7:34	34	the		24	הַ		attached-word	safe	0.6903	approved	0				Article of 'priest'
7:34	35	priest		25	כֹּהֵ֤ן		global-review-known-rendering	safe	0.7903	approved	0				global known-rendering assignment; lexical score 0.64
7:34	38	his		28	בָנָיו֙		attached-word	safe	0.6677	approved	0				PossessivePronoun of 'sons'
7:34	39	sons		28	בָנָיו֙		global-review-known-rendering	safe	0.7677	approved	0				global known-rendering assignment; lexical score 0.62
7:34	44	ever		31	עֹולָ֔ם		global-review-known-rendering	safe	0.6083	approved	0				global known-rendering assignment; lexical score 0.46
7:34	46	the				expands	supplied-article	safe	0.7611	approved	0				article the original does not write; rests on 'children' → 'בְּנֵ֥י'
7:34	47	children		34	בְּנֵ֥י		global-review-known-rendering	safe	0.7611	approved	0				global known-rendering assignment; lexical score 0.61
7:34	48	of		35	יִשְׂרָאֵֽל		attached-word	safe	0.6858	approved	0				Genitive of 'Israel'
7:34	49	Israel		35	יִשְׂרָאֵֽל		global-review-known-rendering	safe	0.7858	approved	0				global known-rendering assignment; lexical score 0.64
7:35	8	Aaron		3	אַהֲרֹן֙		global-review-known-rendering	safe	0.7942	approved	0				global known-rendering assignment; lexical score 0.64
7:35	11	his		6	בָּנָ֔יו		attached-word	safe	0.6677	approved	0				PossessivePronoun of 'sons'
7:35	12	sons		6	בָּנָ֔יו		global-review-known-rendering	safe	0.7677	approved	0				global known-rendering assignment; lexical score 0.62
7:35	19	the				expands	supplied-article	safe	0.7289	approved	0				article the original does not write; rests on 'Lord' → 'יְהוָ֑ה'
7:35	20	Lord		9	יְהוָ֑ה		global-review-known-rendering	safe	0.7289	approved	0				global known-rendering assignment; lexical score 0.58
7:35	24	the				expands	supplied-article	safe	0.7662	approved	0				article the original does not write; rests on 'day' → 'יֹום֙'
7:35	25	day		11	יֹום֙		global-review-known-rendering	safe	0.7662	approved	0				global known-rendering assignment; lexical score 0.62
7:35	32	the				expands	supplied-article	safe	0.7289	approved	0				article the original does not write; rests on 'Lord' → 'יהוָֽה'
7:35	33	Lord		17	יהוָֽה		global-review-known-rendering	safe	0.7289	approved	0				global known-rendering assignment; lexical score 0.58
7:36				12	אֵ֖ת	omits	unrendered-object-marker	safe	0.7611	approved	0				object marker; rests on 'children' → 'בְּנֵ֣י'
7:36	1	Which		1	אֲשֶׁר֩		global-review-known-rendering	safe	0.6685	approved	0				global known-rendering assignment; lexical score 0.52
7:36	2	the				expands	supplied-article	safe	0.7289	approved	0				article the original does not write; rests on 'Lord' → 'יְהוָ֜ה'
7:36	3	Lord		3	יְהוָ֜ה		global-review-known-rendering	safe	0.7289	approved	0				global known-rendering assignment; lexical score 0.58
7:36	5	the				expands	supplied-article	safe	0.7611	approved	0				article the original does not write; rests on 'children' → 'בְּנֵ֣י'
7:36	6	children		13	בְּנֵ֣י		global-review-known-rendering	safe	0.7611	approved	0				global known-rendering assignment; lexical score 0.61
7:36	7	of		14	יִשְׂרָאֵ֑ל		attached-word	safe	0.6858	approved	0				Genitive of 'Israel'
7:36	8	Israel		14	יִשְׂרָאֵ֑ל		global-review-known-rendering	safe	0.7858	approved	0				global known-rendering assignment; lexical score 0.64
7:36	11	give		5	תֵ֣ת		global-review-known-rendering	safe	0.6513	approved	0				global known-rendering assignment; lexical score 0.50
7:36	14	the				expands	supplied-article	safe	0.7662	approved	0				article the original does not write; rests on 'day' → 'יֹום֙'
7:36	15	day		8	יֹום֙		global-review-known-rendering	safe	0.7662	approved	0				global known-rendering assignment; lexical score 0.62
7:36	27	ever		16	עֹולָ֖ם		global-review-known-rendering	safe	0.6083	approved	0				global known-rendering assignment; lexical score 0.46
7:36	31	generation		18	דֹרֹתָֽם		global-review-known-rendering	safe	0.7571	approved	0				global known-rendering assignment; lexical score 0.61
7:37	3	the		2	הַ		attached-word	safe	0.575	approved	0				Article of 'laws'
7:37	4	laws		3	תֹּורָ֗ה		global-review-known-rendering	safe	0.675	approved	0				global known-rendering assignment; lexical score 0.53
7:38				4	אֶת	omits	unrendered-object-marker	safe	0.7976	approved	0				object marker; rests on 'Moses' → 'מֹשֶׁ֖ה'
7:38				12	אֶת	omits	unrendered-object-marker	safe	0.7611	approved	0				object marker; rests on 'children' → 'בְּנֵ֣י'
7:38	6	the				expands	supplied-article	safe	0.7289	approved	0				article the original does not write; rests on 'Lord' → 'יְהוָ֛ה'
7:38	7	Lord		3	יְהוָ֛ה		global-review-known-rendering	safe	0.7289	approved	0				global known-rendering assignment; lexical score 0.58
7:38	9	Moses		5	מֹשֶׁ֖ה		global-review-known-rendering	safe	0.7976	approved	0				global known-rendering assignment; lexical score 0.65
7:38	11	Mount		7	הַ֣ר		global-review-known-rendering	safe	0.7408	approved	0				global known-rendering assignment; lexical score 0.59
7:38	12	Sinai		8	סִינָ֑י		global-review-known-rendering	safe	0.7868	approved	0				global known-rendering assignment; lexical score 0.64
7:38	14	the				expands	supplied-article	safe	0.7662	approved	0				article the original does not write; rests on 'day' → 'יֹ֨ום'
7:38	15	day		10	יֹ֨ום		global-review-known-rendering	safe	0.7662	approved	0				global known-rendering assignment; lexical score 0.62
7:38	22	the				expands	supplied-article	safe	0.7611	approved	0				article the original does not write; rests on 'children' → 'בְּנֵ֣י'
7:38	23	children		13	בְּנֵ֣י		global-review-known-rendering	safe	0.7611	approved	0				global known-rendering assignment; lexical score 0.61
7:38	24	of		14	יִשְׂרָאֵ֗ל		attached-word	safe	0.6858	approved	0				Genitive of 'Israel'
7:38	25	Israel		14	יִשְׂרָאֵ֗ל		global-review-known-rendering	safe	0.7858	approved	0				global known-rendering assignment; lexical score 0.64
7:38	31	the				expands	supplied-article	safe	0.7289	approved	0				article the original does not write; rests on 'Lord' → 'יהוָ֖ה'
7:38	32	Lord		20	יהוָ֖ה		global-review-known-rendering	safe	0.7289	approved	0				global known-rendering assignment; lexical score 0.58
7:38	37	of		23	סִינָֽי		attached-word	safe	0.6868	approved	0				Genitive of 'Sinai'
7:38	38	Sinai		23	סִינָֽי		global-review-known-rendering	safe	0.7868	approved	0				global known-rendering assignment; lexical score 0.64
8:1	2	the				expands	supplied-article	safe	0.7287	approved	0				article the original does not write; rests on 'Lord' → 'יְהוָ֖ה'
8:1	3	Lord		3	יְהוָ֖ה		global-review-known-rendering	safe	0.7287	approved	0				global known-rendering assignment; lexical score 0.58
8:1	4	said		7	אמֹֽר		global-review-known-rendering	safe	0.777	approved	0				global known-rendering assignment; lexical score 0.63
8:1	6	Moses		5	מֹשֶׁ֥ה		global-review-known-rendering	safe	0.7975	approved	0				global known-rendering assignment; lexical score 0.65
8:2				2	אֶֽת	omits	unrendered-object-marker	safe	0.7941	approved	0				object marker; rests on 'Aaron' → 'אַהֲרֹן֙'
8:2				5	אֶת	omits	unrendered-object-marker	safe	0.767	approved	0				object marker; rests on 'sons' → 'בָּנָ֣יו'
8:2				13	אֵ֖ת	omits	unrendered-object-marker	safe	0.725	approved	0				object marker; rests on 'oil' → 'שֶׁ֣מֶן'
8:2				23	אֵת֙	omits	unrendered-object-marker	safe	0.6875	approved	0				object marker; rests on 'two' → 'שְׁנֵ֣י'
8:2				28	אֵ֖ת	omits	unrendered-object-marker	safe	0.5868	approved	0				object marker; rests on 'basket' → 'סַ֥ל'
8:2	1	Take		1	קַ֤ח		global-review-known-rendering	safe	0.5505	approved	0				global known-rendering assignment; lexical score 0.40
8:2	2	Aaron		3	אַהֲרֹן֙		global-review-known-rendering	safe	0.7941	approved	0				global known-rendering assignment; lexical score 0.64
8:2	4	his		6	בָּנָ֣יו		attached-word	safe	0.667	approved	0				PossessivePronoun of 'sons'
8:2	5	sons		6	בָּנָ֣יו		global-review-known-rendering	safe	0.767	approved	0				global known-rendering assignment; lexical score 0.62
8:2	14	oil		14	שֶׁ֣מֶן		global-review-known-rendering	safe	0.725	approved	0				global known-rendering assignment; lexical score 0.57
8:2	22	the				expands	supplied-article	safe	0.6875	approved	0				article the original does not write; rests on 'two' → 'שְׁנֵ֣י'
8:2	23	two		24	שְׁנֵ֣י		global-review-known-rendering	safe	0.6875	approved	0				global known-rendering assignment; lexical score 0.54
8:2	27	the				expands	supplied-article	safe	0.5868	approved	0				article the original does not write; rests on 'basket' → 'סַ֥ל'
8:2	28	basket		29	סַ֥ל		global-review-known-rendering	safe	0.5868	approved	0				global known-rendering assignment; lexical score 0.44
8:2	29	of		31	מַּצֹּֽות		attached-word	safe	0.7	approved	0				Genitive of 'unleavened'
8:2	30	unleavened		31	מַּצֹּֽות		global-review-known-rendering	safe	0.8	approved	0				global known-rendering assignment; lexical score 0.65
8:3				2	אֵ֥ת	omits	unrendered-object-marker	safe	0.7582	approved	0				object marker; rests on 'all' → 'כָּל'
8:3	3	all		3	כָּל		global-review-known-rendering	safe	0.7582	approved	0				global known-rendering assignment; lexical score 0.61
8:3	9	the				expands	supplied-article	safe	0.6753	approved	0				article the original does not write; rests on 'door' → 'פֶּ֖תַח'
8:3	10	door		8	פֶּ֖תַח		global-review-known-rendering	safe	0.6753	approved	0				global known-rendering assignment; lexical score 0.53
8:3	11	of		9	אֹ֥הֶל		attached-word	safe	0.6308	approved	0				Genitive of 'Tent'
8:3	12	the				expands	supplied-article	safe	0.7308	approved	0				article the original does not write; rests on 'Tent' → 'אֹ֥הֶל'
8:3	13	Tent		9	אֹ֥הֶל		global-review-known-rendering	safe	0.7308	approved	0				global known-rendering assignment; lexical score 0.58
8:4	2	Moses		3	מֹשֶׁ֔ה		global-review-known-rendering	safe	0.7975	approved	0				global known-rendering assignment; lexical score 0.65
8:4	5	the				expands	supplied-article	safe	0.7287	approved	0				article the original does not write; rests on 'Lord' → 'יְהוָ֖ה'
8:4	6	Lord		7	יְהוָ֖ה		global-review-known-rendering	safe	0.7287	approved	0				global known-rendering assignment; lexical score 0.58
8:4	15	the				expands	supplied-article	safe	0.6753	approved	0				article the original does not write; rests on 'door' → 'פֶּ֖תַח'
8:4	16	door		14	פֶּ֖תַח		global-review-known-rendering	safe	0.6753	approved	0				global known-rendering assignment; lexical score 0.53
8:4	17	of		15	אֹ֥הֶל		attached-word	safe	0.6308	approved	0				Genitive of 'Tent'
8:4	18	the				expands	supplied-article	safe	0.7308	approved	0				article the original does not write; rests on 'Tent' → 'אֹ֥הֶל'
8:4	19	Tent		15	אֹ֥הֶל		global-review-known-rendering	safe	0.7308	approved	0				global known-rendering assignment; lexical score 0.58
8:5	2	Moses		3	מֹשֶׁ֖ה		global-review-known-rendering	safe	0.7975	approved	0				global known-rendering assignment; lexical score 0.65
8:5	3	said		2	יֹּ֥אמֶר		global-review-known-rendering	safe	0.777	approved	0				global known-rendering assignment; lexical score 0.63
8:5	10	the				expands	supplied-article	safe	0.7287	approved	0				article the original does not write; rests on 'Lord' → 'יְהוָ֖ה'
8:5	11	Lord		12	יְהוָ֖ה		global-review-known-rendering	safe	0.7287	approved	0				global known-rendering assignment; lexical score 0.58
8:5	17	done		14	עֲשֹֽׂות		global-review-known-rendering	safe	0.6985	approved	0				global known-rendering assignment; lexical score 0.55
8:6				4	אֶֽת	omits	unrendered-object-marker	safe	0.7941	approved	0				object marker; rests on 'Aaron' → 'אַהֲרֹ֖ן'
8:6				7	אֶת	omits	unrendered-object-marker	safe	0.767	approved	0				object marker; rests on 'sons' → 'בָּנָ֑יו'
8:6				13		omits	unrendered-article	safe	0.7769	approved	0				article no the of the verse renders; rests on 'water' → 'מָּֽיִם'
8:6	2	Moses		3	מֹשֶׁ֔ה		global-review-known-rendering	safe	0.7975	approved	0				global known-rendering assignment; lexical score 0.65
8:6	4	Aaron		5	אַהֲרֹ֖ן		global-review-known-rendering	safe	0.7941	approved	0				global known-rendering assignment; lexical score 0.64
8:6	6	his		8	בָּנָ֑יו		attached-word	safe	0.667	approved	0				PossessivePronoun of 'sons'
8:6	7	sons		8	בָּנָ֑יו		global-review-known-rendering	safe	0.767	approved	0				global known-rendering assignment; lexical score 0.62
8:6	13	water		14	מָּֽיִם		global-review-known-rendering	safe	0.7769	approved	0				global known-rendering assignment; lexical score 0.63
8:7				4	אֶת	omits	unrendered-object-marker	safe	0.6875	approved	0				object marker; rests on 'coat' → 'כֻּתֹּ֗נֶת'
8:7				22	אֶת	omits	unrendered-object-marker	safe	0.7724	approved	0				object marker; rests on 'ephod' → 'אֵפֹ֑ד'
8:7	3	the		5	הַ		attached-word	safe	0.5875	approved	0				Article of 'coat'
8:7	4	coat		6	כֻּתֹּ֗נֶת		global-review-known-rendering	safe	0.6875	approved	0				global known-rendering assignment; lexical score 0.54
8:7	15	the		17	הַ		attached-word	safe	0.6289	approved	0				Article of 'robe'
8:7	16	robe		18	מְּעִ֔יל		global-review-known-rendering	safe	0.7289	approved	0				global known-rendering assignment; lexical score 0.58
8:7	18	over		21	עָלָ֖יו		global-review-known-rendering	safe	0.5663	approved	0				global known-rendering assignment; lexical score 0.42
8:7	20	the		23	הָ		attached-word	safe	0.6724	approved	0				Article of 'ephod'
8:7	21	ephod		24	אֵפֹ֑ד		global-review-known-rendering	safe	0.7724	approved	0				global known-rendering assignment; lexical score 0.62
8:8				12	אֶת	omits	unrendered-object-marker	safe	0.8	approved	0				object marker; rests on 'Urim' → 'אוּרִ֖ים'
8:8				16	אֶת	omits	unrendered-object-marker	safe	0.8	approved	0				object marker; rests on 'Thummim' → 'תֻּמִּֽים'
8:8	15	the		13	הָ		attached-word	safe	0.7	approved	0				Article of 'Urim'
8:8	16	Urim		14	אוּרִ֖ים		global-review-known-rendering	safe	0.8	approved	0				global known-rendering assignment; lexical score 0.65
8:8	18	Thummim		18	תֻּמִּֽים		global-review-known-rendering	safe	0.8	approved	0				global known-rendering assignment; lexical score 0.65
8:9				27	אֶת	omits	unrendered-object-marker	safe	0.7975	approved	0				object marker; rests on 'Moses' → 'מֹשֶֽׁה'
8:9	3	his		7	רֹאשֹׁ֑ו		attached-word	safe	0.6392	approved	0				PossessivePronoun of 'head'
8:9	4	head		7	רֹאשֹׁ֑ו		global-review-known-rendering	safe	0.7392	approved	0				global known-rendering assignment; lexical score 0.59
8:9	17	of		19	זָּהָב֙		attached-word	safe	0.6408	approved	0				Genitive of 'gold'
8:9	18	gold		19	זָּהָב֙		global-review-known-rendering	safe	0.7408	approved	0				global known-rendering assignment; lexical score 0.59
8:9	19	the		21	הַ		attached-word	safe	0.5628	approved	0				Article of 'holy'
8:9	20	holy		22	קֹּ֔דֶשׁ		global-review-known-rendering	safe	0.6628	approved	0				global known-rendering assignment; lexical score 0.51
8:9	23	the				expands	supplied-article	safe	0.7287	approved	0				article the original does not write; rests on 'Lord' → 'יְהוָ֖ה'
8:9	24	Lord		26	יְהוָ֖ה		global-review-known-rendering	safe	0.7287	approved	0				global known-rendering assignment; lexical score 0.58
8:9	28	Moses		28	מֹשֶֽׁה		global-review-known-rendering	safe	0.7975	approved	0				global known-rendering assignment; lexical score 0.65
8:10				4	אֶת	omits	unrendered-object-marker	safe	0.725	approved	0				object marker; rests on 'oil' → 'שֶׁ֣מֶן'
8:10				14	אֶת	omits	unrendered-object-marker	safe	0.7582	approved	0				object marker; rests on 'all' → 'כָּל'
8:10	2	Moses		3	מֹשֶׁה֙		global-review-known-rendering	safe	0.7975	approved	0				global known-rendering assignment; lexical score 0.65
8:10	3	took		2	יִּקַּ֤ח		global-review-known-rendering	safe	0.5757	approved	0				global known-rendering assignment; lexical score 0.43
8:10	6	oil		5	שֶׁ֣מֶן		global-review-known-rendering	safe	0.725	approved	0				global known-rendering assignment; lexical score 0.57
8:10	15	all		15	כָּל		global-review-known-rendering	safe	0.7582	approved	0				global known-rendering assignment; lexical score 0.61
8:11				11	אֶת	omits	unrendered-object-marker	safe	0.7893	approved	0				object marker; rests on 'altar' → 'מִּזְבֵּ֜חַ'
8:11				15	אֶת	omits	unrendered-object-marker	safe	0.7582	approved	0				object marker; rests on 'all' → 'כָּל'
8:11	1	Seven		7	שֶׁ֣בַע		global-review-known-rendering	safe	0.7829	approved	0				global known-rendering assignment; lexical score 0.63
8:11	7	the		12	הַ		attached-word	safe	0.6893	approved	0				Article of 'altar'
8:11	8	altar		13	מִּזְבֵּ֜חַ		global-review-known-rendering	safe	0.7893	approved	0				global known-rendering assignment; lexical score 0.64
8:11	11	all		16	כָּל		global-review-known-rendering	safe	0.7582	approved	0				global known-rendering assignment; lexical score 0.61
8:11	12	its		17	כֵּלָ֗יו		attached-word	safe	0.6674	approved	0				PossessivePronoun of 'vessels'
8:11	13	vessels		17	כֵּלָ֗יו		global-review-known-rendering	safe	0.7674	approved	0				global known-rendering assignment; lexical score 0.62
8:12	4	the				expands	supplied-article	safe	0.725	approved	0				article the original does not write; rests on 'oil' → 'שֶּׁ֣מֶן'
8:12	5	oil		4	שֶּׁ֣מֶן		global-review-known-rendering	safe	0.725	approved	0				global known-rendering assignment; lexical score 0.57
8:12	9	Aaron's		9	אַהֲרֹ֑ן		global-review-known-rendering	safe	0.8	approved	0				global known-rendering assignment; lexical score 0.65
8:12	10	head		8	רֹ֣אשׁ		global-review-known-rendering	safe	0.7392	approved	0				global known-rendering assignment; lexical score 0.59
8:13				4	אֶת	omits	unrendered-object-marker	safe	0.767	approved	0				object marker; rests on 'sons' → 'בְּנֵ֣י'
8:13	4	Aaron's		6	אַהֲרֹ֗ן		global-review-known-rendering	safe	0.8	approved	0				global known-rendering assignment; lexical score 0.65
8:13	5	sons		5	בְּנֵ֣י		global-review-known-rendering	safe	0.767	approved	0				global known-rendering assignment; lexical score 0.62
8:13	9	the				expands	supplied-article	safe	0.65	approved	0				article the original does not write; rests on 'coats' → 'כֻּתֳּנֹת֙'
8:13	10	coats		9	כֻּתֳּנֹת֙		global-review-known-rendering	safe	0.65	approved	0				global known-rendering assignment; lexical score 0.50
8:13	24	the				expands	supplied-article	safe	0.7287	approved	0				article the original does not write; rests on 'Lord' → 'יְהוָ֖ה'
8:13	25	Lord		21	יְהוָ֖ה		global-review-known-rendering	safe	0.7287	approved	0				global known-rendering assignment; lexical score 0.58
8:14				12	אֶת	omits	unrendered-object-marker	safe	0.6755	approved	0				object marker; rests on 'hands' → 'יְדֵיהֶ֔ם'
8:14	10	Aaron		9	אַהֲרֹ֤ן		global-review-known-rendering	safe	0.7941	approved	0				global known-rendering assignment; lexical score 0.64
8:14	12	his		11	בָנָיו֙		attached-word	safe	0.667	approved	0				PossessivePronoun of 'sons'
8:14	13	sons		11	בָנָיו֙		global-review-known-rendering	safe	0.767	approved	0				global known-rendering assignment; lexical score 0.62
8:14	15	their		13	יְדֵיהֶ֔ם		attached-word	safe	0.5755	approved	0				PossessivePronoun of 'hands'
8:14	16	hands		13	יְדֵיהֶ֔ם		global-review-known-rendering	safe	0.6755	approved	0				global known-rendering assignment; lexical score 0.53
8:14	18	the				expands	supplied-article	safe	0.7392	approved	0				article the original does not write; rests on 'head' → 'רֹ֖אשׁ'
8:14	19	head		15	רֹ֖אשׁ		global-review-known-rendering	safe	0.7392	approved	0				global known-rendering assignment; lexical score 0.59
8:15				6	אֶת	omits	unrendered-object-marker	safe	0.7568	approved	0				object marker; rests on 'blood' → 'דָּם֙'
8:15				20	אֶת	omits	unrendered-object-marker	safe	0.7893	approved	0				object marker; rests on 'altar' → 'מִּזְבֵּ֑חַ'
8:15				24	אֶת	omits	unrendered-object-marker	safe	0.7568	approved	0				object marker; rests on 'blood' → 'דָּ֗ם'
8:15	8	Moses		5	מֹשֶׁ֤ה		global-review-known-rendering	safe	0.7975	approved	0				global known-rendering assignment; lexical score 0.65
8:15	9	took		4	יִּקַּ֨ח		global-review-known-rendering	safe	0.5757	approved	0				global known-rendering assignment; lexical score 0.43
8:15	10	the		7	הַ		attached-word	safe	0.6568	approved	0				Article of 'blood'
8:15	11	blood		8	דָּם֙		global-review-known-rendering	safe	0.7568	approved	0				global known-rendering assignment; lexical score 0.61
8:15	16	the				expands	supplied-article	safe	0.71	approved	0				article the original does not write; rests on 'horns' → 'קַרְנֹ֨ות'
8:15	17	horns		12	קַרְנֹ֨ות		global-review-known-rendering	safe	0.71	approved	0				global known-rendering assignment; lexical score 0.56
8:15	18	of		14	מִּזְבֵּ֤חַ		attached-word	safe	0.6893	approved	0				Genitive of 'altar'
8:15	19	the		13	הַ		attached-word	safe	0.6893	approved	0				Article of 'altar'
8:15	20	altar		14	מִּזְבֵּ֤חַ		global-review-known-rendering	safe	0.7893	approved	0				global known-rendering assignment; lexical score 0.64
8:15	22	round		15	סָבִיב֙		global-review-known-rendering	safe	0.7207	approved	0				global known-rendering assignment; lexical score 0.57
8:15	25	his		17	אֶצְבָּעֹ֔ו		attached-word	safe	0.7	approved	0				PossessivePronoun of 'finger'
8:15	26	finger		17	אֶצְבָּעֹ֔ו		global-review-known-rendering	safe	0.8	approved	0				global known-rendering assignment; lexical score 0.65
8:15	29	the		21	הַ		attached-word	safe	0.6893	approved	0				Article of 'altar'
8:15	30	altar		22	מִּזְבֵּ֑חַ		global-review-known-rendering	safe	0.7893	approved	0				global known-rendering assignment; lexical score 0.64
8:15	34	the		25	הַ		attached-word	safe	0.6568	approved	0				Article of 'blood'
8:15	35	blood		26	דָּ֗ם		global-review-known-rendering	safe	0.7568	approved	0				global known-rendering assignment; lexical score 0.61
8:15	39	of		31	מִּזְבֵּ֔חַ		attached-word	safe	0.6893	approved	0				Genitive of 'altar'
8:15	40	the		30	הַ		attached-word	safe	0.6893	approved	0				Article of 'altar'
8:15	41	altar		31	מִּזְבֵּ֔חַ		global-review-known-rendering	safe	0.7893	approved	0				global known-rendering assignment; lexical score 0.64
8:16				3	אֶֽת	omits	unrendered-object-marker	safe	0.7582	approved	0				object marker; rests on 'all' → 'כָּל'
8:16				17	אֶת	omits	unrendered-object-marker	safe	0.6875	approved	0				object marker; rests on 'two' → 'שְׁתֵּ֥י'
8:16				22	אֶֽת	omits	unrendered-object-marker	safe	0.6051	approved	0				object marker; rests on 'fat' → 'חֶלְבְּהֶ֑ן'
8:16	3	took		2	יִּקַּ֗ח		global-review-known-rendering	safe	0.5757	approved	0				global known-rendering assignment; lexical score 0.43
8:16	4	all		4	כָּל		global-review-known-rendering	safe	0.7582	approved	0				global known-rendering assignment; lexical score 0.61
8:16	5	the		5	הַ		attached-word	safe	0.5051	approved	0				Article of 'fat'
8:16	6	fat		6	חֵלֶב֮		global-review-known-rendering	safe	0.6051	approved	0				global known-rendering assignment; lexical score 0.46
8:16	15	the		14	הַ		attached-word	safe	0.7	approved	0				Article of 'liver'
8:16	16	liver		15	כָּבֵ֔ד		global-review-known-rendering	safe	0.8	approved	0				global known-rendering assignment; lexical score 0.65
8:16	18	the				expands	supplied-article	safe	0.6875	approved	0				article the original does not write; rests on 'two' → 'שְׁתֵּ֥י'
8:16	19	two		18	שְׁתֵּ֥י		global-review-known-rendering	safe	0.6875	approved	0				global known-rendering assignment; lexical score 0.54
8:16	20	kidneys		20	כְּלָיֹ֖ת		global-review-known-rendering	safe	0.8	approved	0				global known-rendering assignment; lexical score 0.65
8:16	22	their		23	חֶלְבְּהֶ֑ן		attached-word	safe	0.5051	approved	0				PossessivePronoun of 'fat'
8:16	23	fat		23	חֶלְבְּהֶ֑ן		global-review-known-rendering	safe	0.6051	approved	0				global known-rendering assignment; lexical score 0.46
8:16	28	the		27	הַ		attached-word	safe	0.6893	approved	0				Article of 'altar'
8:16	29	altar		28	מִּזְבֵּֽחָה		global-review-known-rendering	safe	0.7893	approved	0				global known-rendering assignment; lexical score 0.64
8:17				6	אֶת	omits	unrendered-object-marker	safe	0.7667	approved	0				object marker; rests on 'skin' → 'עֹרֹו֙'
8:17				9	אֶת	omits	unrendered-object-marker	safe	0.7502	approved	0				object marker; rests on 'flesh' → 'בְּשָׂרֹ֣ו'
8:17				27	אֶת	omits	unrendered-object-marker	safe	0.7975	approved	0				object marker; rests on 'Moses' → 'מֹשֶֽׁה'
8:17	5	its		7	עֹרֹו֙		attached-word	safe	0.6667	approved	0				PossessivePronoun of 'skin'
8:17	6	skin		7	עֹרֹו֙		global-review-known-rendering	safe	0.7667	approved	0				global known-rendering assignment; lexical score 0.62
8:17	8	its		10	בְּשָׂרֹ֣ו		attached-word	safe	0.6502	approved	0				PossessivePronoun of 'flesh'
8:17	9	flesh		10	בְּשָׂרֹ֣ו		global-review-known-rendering	safe	0.7502	approved	0				global known-rendering assignment; lexical score 0.60
8:17	16	fire		17	אֵ֔שׁ		global-review-known-rendering	safe	0.6984	approved	0				global known-rendering assignment; lexical score 0.55
8:17	21	the				expands	supplied-article	safe	0.7287	approved	0				article the original does not write; rests on 'Lord' → 'יְהוָ֖ה'
8:17	22	Lord		26	יְהוָ֖ה		global-review-known-rendering	safe	0.7287	approved	0				global known-rendering assignment; lexical score 0.58
8:17	26	Moses		28	מֹשֶֽׁה		global-review-known-rendering	safe	0.7975	approved	0				global known-rendering assignment; lexical score 0.65
8:18				12	אֶת	omits	unrendered-object-marker	safe	0.6755	approved	0				object marker; rests on 'hands' → 'יְדֵיהֶ֖ם'
8:18	15	Aaron		9	אַהֲרֹ֧ן		global-review-known-rendering	safe	0.7941	approved	0				global known-rendering assignment; lexical score 0.64
8:18	17	his		11	בָנָ֛יו		attached-word	safe	0.667	approved	0				PossessivePronoun of 'sons'
8:18	18	sons		11	בָנָ֛יו		global-review-known-rendering	safe	0.767	approved	0				global known-rendering assignment; lexical score 0.62
8:18	20	their		13	יְדֵיהֶ֖ם		attached-word	safe	0.5755	approved	0				PossessivePronoun of 'hands'
8:18	21	hands		13	יְדֵיהֶ֖ם		global-review-known-rendering	safe	0.6755	approved	0				global known-rendering assignment; lexical score 0.53
8:18	24	head		15	רֹ֥אשׁ		global-review-known-rendering	safe	0.7392	approved	0				global known-rendering assignment; lexical score 0.59
8:19				6	אֶת	omits	unrendered-object-marker	safe	0.7568	approved	0				object marker; rests on 'blood' → 'דָּ֛ם'
8:19	8	Moses		5	מֹשֶׁ֧ה		global-review-known-rendering	safe	0.7975	approved	0				global known-rendering assignment; lexical score 0.65
8:19	12	the		7	הַ		attached-word	safe	0.6568	approved	0				Article of 'blood'
8:19	13	blood		8	דָּ֛ם		global-review-known-rendering	safe	0.7568	approved	0				global known-rendering assignment; lexical score 0.61
8:19	16	round		12	סָבִֽיב		global-review-known-rendering	safe	0.7207	approved	0				global known-rendering assignment; lexical score 0.57
8:19	17	the		10	הַ		attached-word	safe	0.6893	approved	0				Article of 'altar'
8:19	18	altar		11	מִּזְבֵּ֖חַ		global-review-known-rendering	safe	0.7893	approved	0				global known-rendering assignment; lexical score 0.64
8:20				11	אֶת	omits	unrendered-object-marker	safe	0.7392	approved	0				object marker; rests on 'head' → 'רֹ֔אשׁ'
8:20	10	the		12	הָ		attached-word	safe	0.6392	approved	0				Article of 'head'
8:20	11	head		13	רֹ֔אשׁ		global-review-known-rendering	safe	0.7392	approved	0				global known-rendering assignment; lexical score 0.59
8:20	21	Moses		10	מֹשֶׁה֙		global-review-known-rendering	safe	0.7975	approved	0				global known-rendering assignment; lexical score 0.65
8:21				6	אֶת	omits	unrendered-object-marker	safe	0.59	approved	0				object marker; rests on 'legs' → 'כְּרָעַ֖יִם'
8:21				16	אֶת	omits	unrendered-object-marker	safe	0.7582	approved	0				object marker; rests on 'all' → 'כָּל'
8:21				35	אֶת	omits	unrendered-object-marker	safe	0.7975	approved	0				object marker; rests on 'Moses' → 'מֹשֶֽׁה'
8:21	6	the		7	הַ		attached-word	safe	0.49	approved	0				Article of 'legs'
8:21	7	legs		8	כְּרָעַ֖יִם		global-review-known-rendering	safe	0.59	approved	0				global known-rendering assignment; lexical score 0.44
8:21	9	washed		9	רָחַ֣ץ		global-review-known-rendering	safe	0.5828	approved	0				global known-rendering assignment; lexical score 0.43
8:21	11	water		12	מָּ֑יִם		global-review-known-rendering	safe	0.7769	approved	0				global known-rendering assignment; lexical score 0.63
8:21	13	all		17	כָּל		global-review-known-rendering	safe	0.7582	approved	0				global known-rendering assignment; lexical score 0.61
8:21	19	Moses		15	מֹשֶׁ֨ה		global-review-known-rendering	safe	0.7975	approved	0				global known-rendering assignment; lexical score 0.65
8:21	21	the		20	הַ		attached-word	safe	0.6893	approved	0				Article of 'altar'
8:21	22	altar		21	מִּזְבֵּ֗חָה		global-review-known-rendering	safe	0.7893	approved	0				global known-rendering assignment; lexical score 0.64
8:21	31	smell		25	רֵֽיחַ		global-review-known-rendering	safe	0.625	approved	0				global known-rendering assignment; lexical score 0.48
8:21	48	Moses		36	מֹשֶֽׁה		global-review-known-rendering	safe	0.7975	approved	0				global known-rendering assignment; lexical score 0.65
8:22				16	אֶת	omits	unrendered-object-marker	safe	0.6755	approved	0				object marker; rests on 'hands' → 'יְדֵיהֶ֖ם'
8:22	19	Aaron		13	אַהֲרֹ֧ן		global-review-known-rendering	safe	0.7941	approved	0				global known-rendering assignment; lexical score 0.64
8:22	21	his		15	בָנָ֛יו		attached-word	safe	0.667	approved	0				PossessivePronoun of 'sons'
8:22	22	sons		15	בָנָ֛יו		global-review-known-rendering	safe	0.767	approved	0				global known-rendering assignment; lexical score 0.62
8:22	24	their		17	יְדֵיהֶ֖ם		attached-word	safe	0.5755	approved	0				PossessivePronoun of 'hands'
8:22	25	hands		17	יְדֵיהֶ֖ם		global-review-known-rendering	safe	0.6755	approved	0				global known-rendering assignment; lexical score 0.53
8:22	27	the				expands	supplied-article	safe	0.7392	approved	0				article the original does not write; rests on 'head' → 'רֹ֥אשׁ'
8:22	28	head		19	רֹ֥אשׁ		global-review-known-rendering	safe	0.7392	approved	0				global known-rendering assignment; lexical score 0.59
8:23	8	Moses		5	מֹשֶׁה֙		global-review-known-rendering	safe	0.7975	approved	0				global known-rendering assignment; lexical score 0.65
8:23	9	took		4	יִּקַּ֤ח		global-review-known-rendering	safe	0.5757	approved	0				global known-rendering assignment; lexical score 0.43
8:23	12	the				expands	supplied-article	safe	0.7568	approved	0				article the original does not write; rests on 'blood' → 'דָּמֹ֔ו'
8:23	13	blood		7	דָּמֹ֔ו		global-review-known-rendering	safe	0.7568	approved	0				global known-rendering assignment; lexical score 0.61
8:23	21	Aaron's		13	אַהֲרֹ֖ן		global-review-known-rendering	safe	0.8	approved	0				global known-rendering assignment; lexical score 0.65
8:23	23	ear		12	אֹֽזֶן		global-review-known-rendering	safe	0.65	approved	0				global known-rendering assignment; lexical score 0.50
8:23	26	the				expands	supplied-article	safe	0.8	approved	0				article the original does not write; rests on 'thumb' → 'בֹּ֤הֶן'
8:23	27	thumb		18	בֹּ֤הֶן		global-review-known-rendering	safe	0.8	approved	0				global known-rendering assignment; lexical score 0.65
8:23	31	hand		19	יָדֹו֙		global-review-known-rendering	safe	0.6686	approved	0				global known-rendering assignment; lexical score 0.52
8:23	36	toe		24	בֹּ֥הֶן		global-review-known-rendering	safe	0.8	approved	0				global known-rendering assignment; lexical score 0.65
8:23	40	foot		25	רַגְלֹ֖ו		global-review-known-rendering	safe	0.6988	approved	0				global known-rendering assignment; lexical score 0.55
8:24				3	אֶת	omits	unrendered-object-marker	safe	0.767	approved	0				object marker; rests on 'sons' → 'בְּנֵ֣י'
8:24				32	אֶת	omits	unrendered-object-marker	safe	0.7568	approved	0				object marker; rests on 'blood' → 'דָּ֛ם'
8:24	4	Aaron's		5	אַהֲרֹ֗ן		global-review-known-rendering	safe	0.8	approved	0				global known-rendering assignment; lexical score 0.65
8:24	5	sons		4	בְּנֵ֣י		global-review-known-rendering	safe	0.767	approved	0				global known-rendering assignment; lexical score 0.62
8:24	7	Moses		8	מֹשֶׁ֤ה		global-review-known-rendering	safe	0.7975	approved	0				global known-rendering assignment; lexical score 0.65
8:24	11	the		10	הַ		attached-word	safe	0.6568	approved	0				Article of 'blood'
8:24	12	blood		11	דָּם֙		global-review-known-rendering	safe	0.7568	approved	0				global known-rendering assignment; lexical score 0.61
8:24	19	ears		14	אָזְנָם֙		global-review-known-rendering	safe	0.7185	approved	0				global known-rendering assignment; lexical score 0.57
8:24	27	hands		20	יָדָם֙		global-review-known-rendering	safe	0.6755	approved	0				global known-rendering assignment; lexical score 0.53
8:24	36	feet		26	רַגְלָ֖ם		global-review-known-rendering	safe	0.7365	approved	0				global known-rendering assignment; lexical score 0.59
8:24	38	Moses		31	מֹשֶׁ֧ה		global-review-known-rendering	safe	0.7975	approved	0				global known-rendering assignment; lexical score 0.65
8:24	40	the		33	הַ		attached-word	safe	0.6568	approved	0				Article of 'blood'
8:24	41	blood		34	דָּ֛ם		global-review-known-rendering	safe	0.7568	approved	0				global known-rendering assignment; lexical score 0.61
8:24	44	round		38	סָבִֽיב		global-review-known-rendering	safe	0.7207	approved	0				global known-rendering assignment; lexical score 0.57
8:24	45	the		36	הַֽ		attached-word	safe	0.6893	approved	0				Article of 'altar'
8:24	46	altar		37	מִּזְבֵּ֖חַ		global-review-known-rendering	safe	0.7893	approved	0				global known-rendering assignment; lexical score 0.64
8:25				3	אֶת	omits	unrendered-object-marker	safe	0.6051	approved	0				object marker; rests on 'fat' → 'חֵ֣לֶב'
8:25				25	אֶת	omits	unrendered-object-marker	safe	0.6875	approved	0				object marker; rests on 'two' → 'שְׁתֵּ֥י'
8:25				30	אֶֽת	omits	unrendered-object-marker	safe	0.6051	approved	0				object marker; rests on 'fat' → 'חֶלְבְּהֶ֑ן'
8:25	3	took		2	יִּקַּ֞ח		global-review-known-rendering	safe	0.5757	approved	0				global known-rendering assignment; lexical score 0.43
8:25	4	the		4	הַ		attached-word	safe	0.5051	approved	0				Article of 'fat'
8:25	5	fat		5	חֵ֣לֶב		global-review-known-rendering	safe	0.6051	approved	0				global known-rendering assignment; lexical score 0.46
8:25	11	the		13	הַ		attached-word	safe	0.5051	approved	0				Article of 'fat'
8:25	12	fat		14	חֵלֶב֮		global-review-known-rendering	safe	0.6051	approved	0				global known-rendering assignment; lexical score 0.46
8:25	21	the		22	הַ		attached-word	safe	0.7	approved	0				Article of 'liver'
8:25	22	liver		23	כָּבֵ֔ד		global-review-known-rendering	safe	0.8	approved	0				global known-rendering assignment; lexical score 0.65
8:25	24	the				expands	supplied-article	safe	0.6875	approved	0				article the original does not write; rests on 'two' → 'שְׁתֵּ֥י'
8:25	25	two		26	שְׁתֵּ֥י		global-review-known-rendering	safe	0.6875	approved	0				global known-rendering assignment; lexical score 0.54
8:25	26	kidneys		28	כְּלָיֹ֖ת		global-review-known-rendering	safe	0.8	approved	0				global known-rendering assignment; lexical score 0.65
8:25	28	their		31	חֶלְבְּהֶ֑ן		attached-word	safe	0.5051	approved	0				PossessivePronoun of 'fat'
8:25	29	fat		31	חֶלְבְּהֶ֑ן		global-review-known-rendering	safe	0.6051	approved	0				global known-rendering assignment; lexical score 0.46
8:26	4	the				expands	supplied-article	safe	0.5868	approved	0				article the original does not write; rests on 'basket' → 'סַּ֨ל'
8:26	5	basket		3	סַּ֨ל		global-review-known-rendering	safe	0.5868	approved	0				global known-rendering assignment; lexical score 0.44
8:26	6	of		5	מַּצֹּ֜ות		attached-word	safe	0.7	approved	0				Genitive of 'unleavened'
8:26	7	unleavened		5	מַּצֹּ֜ות		global-review-known-rendering	safe	0.8	approved	0				global known-rendering assignment; lexical score 0.65
8:26	9	which		6	אֲשֶׁ֣ר		global-review-known-rendering	safe	0.6687	approved	0				global known-rendering assignment; lexical score 0.52
8:26	11	before		8	פְנֵ֣י		global-review-known-rendering	safe	0.6582	approved	0				global known-rendering assignment; lexical score 0.51
8:26	12	the				expands	supplied-article	safe	0.7287	approved	0				article the original does not write; rests on 'Lord' → 'יְהוָ֗ה'
8:26	13	Lord		9	יְהוָ֗ה		global-review-known-rendering	safe	0.7287	approved	0				global known-rendering assignment; lexical score 0.58
8:26	15	took		10	לָ֠קַח		global-review-known-rendering	safe	0.5757	approved	0				global known-rendering assignment; lexical score 0.43
8:26	16	one		13	אַחַת֙		global-review-known-rendering	safe	0.59	approved	0				global known-rendering assignment; lexical score 0.44
8:26	17	unleavened		12	מַצָּ֤ה		global-review-known-rendering	safe	0.8	approved	0				global known-rendering assignment; lexical score 0.65
8:26	20	one		18	אַחַ֖ת		global-review-known-rendering	safe	0.59	approved	0				global known-rendering assignment; lexical score 0.44
8:26	22	of		16	לֶ֥חֶם		attached-word	safe	0.6308	approved	0				Genitive of 'bread'
8:26	23	bread		16	לֶ֥חֶם		global-review-known-rendering	safe	0.7308	approved	0				global known-rendering assignment; lexical score 0.58
8:26	25	oil		17	שֶׁ֛מֶן		global-review-known-rendering	safe	0.725	approved	0				global known-rendering assignment; lexical score 0.57
8:26	29	one		21	אֶחָ֑ד		global-review-known-rendering	safe	0.59	approved	0				global known-rendering assignment; lexical score 0.44
8:26	36	the		25	הַ֣		attached-word	safe	0.5051	approved	0				Article of 'fat'
8:26	37	fat		26	חֲלָבִ֔ים		global-review-known-rendering	safe	0.6051	approved	0				global known-rendering assignment; lexical score 0.46
8:27				3	אֶת	omits	unrendered-object-marker	safe	0.7582	approved	0				object marker; rests on 'all' → 'כֹּ֔ל'
8:27	5	all		5	כֹּ֔ל		global-review-known-rendering	safe	0.7582	approved	0				global known-rendering assignment; lexical score 0.61
8:27	9	of		8	אַהֲרֹ֔ן		attached-word	safe	0.6941	approved	0				Genitive of 'Aaron'
8:27	10	Aaron		8	אַהֲרֹ֔ן		global-review-known-rendering	safe	0.7941	approved	0				global known-rendering assignment; lexical score 0.64
8:27	16	his		12	בָנָ֑יו		attached-word	safe	0.667	approved	0				PossessivePronoun of 'sons'
8:27	17	sons		12	בָנָ֑יו		global-review-known-rendering	safe	0.767	approved	0				global known-rendering assignment; lexical score 0.62
8:27	24	before		18	פְנֵ֥י		global-review-known-rendering	safe	0.6582	approved	0				global known-rendering assignment; lexical score 0.51
8:27	25	the				expands	supplied-article	safe	0.7287	approved	0				article the original does not write; rests on 'Lord' → 'יְהוָֽה'
8:27	26	Lord		19	יְהוָֽה		global-review-known-rendering	safe	0.7287	approved	0				global known-rendering assignment; lexical score 0.58
8:28	2	Moses		3	מֹשֶׁ֤ה		global-review-known-rendering	safe	0.7975	approved	0				global known-rendering assignment; lexical score 0.65
8:28	3	took		2	יִּקַּ֨ח		global-review-known-rendering	safe	0.5757	approved	0				global known-rendering assignment; lexical score 0.43
8:28	13	the		10	הַ		attached-word	safe	0.6893	approved	0				Article of 'altar'
8:28	14	altar		11	מִּזְבֵּ֖חָה		global-review-known-rendering	safe	0.7893	approved	0				global known-rendering assignment; lexical score 0.64
8:28	26	smell		18	רֵ֣יחַ		global-review-known-rendering	safe	0.625	approved	0				global known-rendering assignment; lexical score 0.48
8:28	33	the				expands	supplied-article	safe	0.7287	approved	0				article the original does not write; rests on 'Lord' → 'יהוָֽה'
8:28	34	Lord		23	יהוָֽה		global-review-known-rendering	safe	0.7287	approved	0				global known-rendering assignment; lexical score 0.58
8:29				4	אֶת	omits	unrendered-object-marker	safe	0.65	approved	0				object marker; rests on 'breast' → 'חָזֶ֔ה'
8:29				26	אֶת	omits	unrendered-object-marker	safe	0.7975	approved	0				object marker; rests on 'Moses' → 'מֹשֶֽׁה'
8:29	2	Moses		3	מֹשֶׁה֙		global-review-known-rendering	safe	0.7975	approved	0				global known-rendering assignment; lexical score 0.65
8:29	3	took		2	יִּקַּ֤ח		global-review-known-rendering	safe	0.5757	approved	0				global known-rendering assignment; lexical score 0.43
8:29	4	the		5	הֶ֣		attached-word	safe	0.55	approved	0				Article of 'breast'
8:29	5	breast		6	חָזֶ֔ה		global-review-known-rendering	safe	0.65	approved	0				global known-rendering assignment; lexical score 0.50
8:29	12	before		11	פְנֵ֣י		global-review-known-rendering	safe	0.6582	approved	0				global known-rendering assignment; lexical score 0.51
8:29	13	the				expands	supplied-article	safe	0.7287	approved	0				article the original does not write; rests on 'Lord' → 'יְהוָ֑ה'
8:29	14	Lord		12	יְהוָ֑ה		global-review-known-rendering	safe	0.7287	approved	0				global known-rendering assignment; lexical score 0.58
8:29	17	Moses		18	מֹשֶׁ֤ה		global-review-known-rendering	safe	0.7975	approved	0				global known-rendering assignment; lexical score 0.65
8:29	27	the				expands	supplied-article	safe	0.7287	approved	0				article the original does not write; rests on 'Lord' → 'יְהוָ֖ה'
8:29	28	Lord		25	יְהוָ֖ה		global-review-known-rendering	safe	0.7287	approved	0				global known-rendering assignment; lexical score 0.58
8:29	32	Moses		27	מֹשֶֽׁה		global-review-known-rendering	safe	0.7975	approved	0				global known-rendering assignment; lexical score 0.65
8:30				32	אֶֽת	omits	unrendered-object-marker	safe	0.7941	approved	0				object marker; rests on 'Aaron' → 'אַהֲרֹן֙'
8:30				37	אֶת	omits	unrendered-object-marker	safe	0.767	approved	0				object marker; rests on 'sons' → 'בָּנָ֛יו'
8:30	2	Moses		3	מֹשֶׁ֜ה		global-review-known-rendering	safe	0.7975	approved	0				global known-rendering assignment; lexical score 0.65
8:30	3	took		2	יִּקַּ֨ח		global-review-known-rendering	safe	0.5757	approved	0				global known-rendering assignment; lexical score 0.43
8:30	8	oil		5	שֶּׁ֣מֶן		global-review-known-rendering	safe	0.725	approved	0				global known-rendering assignment; lexical score 0.57
8:30	11	the		10	הַ		attached-word	safe	0.6568	approved	0				Article of 'blood'
8:30	12	blood		11	דָּם֮		global-review-known-rendering	safe	0.7568	approved	0				global known-rendering assignment; lexical score 0.61
8:30	13	which		12	אֲשֶׁ֣ר		global-review-known-rendering	safe	0.6687	approved	0				global known-rendering assignment; lexical score 0.52
8:30	16	the		14	הַ		attached-word	safe	0.6893	approved	0				Article of 'altar'
8:30	17	altar		15	מִּזְבֵּחַ֒		global-review-known-rendering	safe	0.7893	approved	0				global known-rendering assignment; lexical score 0.64
8:30	22	Aaron		19	אַהֲרֹן֙		global-review-known-rendering	safe	0.7941	approved	0				global known-rendering assignment; lexical score 0.64
8:30	29	his		24	בָּנָ֛יו		attached-word	safe	0.667	approved	0				PossessivePronoun of 'sons'
8:30	30	sons		24	בָּנָ֛יו		global-review-known-rendering	safe	0.767	approved	0				global known-rendering assignment; lexical score 0.62
8:30	33	his		28	בָנָ֖יו		attached-word	safe	0.667	approved	0				PossessivePronoun of 'sons'
8:30	34	sons		28	בָנָ֖יו		global-review-known-rendering	safe	0.767	approved	0				global known-rendering assignment; lexical score 0.62
8:30	38	Aaron		33	אַהֲרֹן֙		global-review-known-rendering	safe	0.7941	approved	0				global known-rendering assignment; lexical score 0.64
8:30	44	his		38	בָּנָ֛יו		attached-word	safe	0.667	approved	0				PossessivePronoun of 'sons'
8:30	45	sons		38	בָּנָ֛יו		global-review-known-rendering	safe	0.767	approved	0				global known-rendering assignment; lexical score 0.62
8:30	47	his		42	בָנָ֖יו		attached-word	safe	0.667	approved	0				PossessivePronoun of 'sons'
8:30	48	sons		42	בָנָ֖יו		global-review-known-rendering	safe	0.767	approved	0				global known-rendering assignment; lexical score 0.62
8:31				10	אֶת	omits	unrendered-object-marker	safe	0.7502	approved	0				object marker; rests on 'flesh' → 'בָּשָׂר֮'
8:31				21	אֶ֨ת	omits	unrendered-object-marker	safe	0.7308	approved	0				object marker; rests on 'bread' → 'לֶּ֔חֶם'
8:31	2	Moses		3	מֹשֶׁ֜ה		global-review-known-rendering	safe	0.7975	approved	0				global known-rendering assignment; lexical score 0.65
8:31	3	said		2	יֹּ֨אמֶר		global-review-known-rendering	safe	0.777	approved	0				global known-rendering assignment; lexical score 0.63
8:31	5	Aaron		5	אַהֲרֹ֣ן		global-review-known-rendering	safe	0.7941	approved	0				global known-rendering assignment; lexical score 0.64
8:31	8	his		8	בָּנָ֗יו		attached-word	safe	0.667	approved	0				PossessivePronoun of 'sons'
8:31	9	sons		8	בָּנָ֗יו		global-review-known-rendering	safe	0.767	approved	0				global known-rendering assignment; lexical score 0.62
8:31	10	The		11	הַ		attached-word	safe	0.6502	approved	0				Article of 'flesh'
8:31	11	flesh		12	בָּשָׂר֮		global-review-known-rendering	safe	0.7502	approved	0				global known-rendering assignment; lexical score 0.60
8:31	19	the				expands	supplied-article	safe	0.6753	approved	0				article the original does not write; rests on 'door' → 'פֶּ֣תַח'
8:31	20	door		13	פֶּ֣תַח		global-review-known-rendering	safe	0.6753	approved	0				global known-rendering assignment; lexical score 0.53
8:31	21	of		14	אֹ֣הֶל		attached-word	safe	0.6308	approved	0				Genitive of 'Tent'
8:31	22	the				expands	supplied-article	safe	0.7308	approved	0				article the original does not write; rests on 'Tent' → 'אֹ֣הֶל'
8:31	23	Tent		14	אֹ֣הֶל		global-review-known-rendering	safe	0.7308	approved	0				global known-rendering assignment; lexical score 0.58
8:31	37	the		22	הַ		attached-word	safe	0.6308	approved	0				Article of 'bread'
8:31	38	bread		23	לֶּ֔חֶם		global-review-known-rendering	safe	0.7308	approved	0				global known-rendering assignment; lexical score 0.58
8:31	40	the				expands	supplied-article	safe	0.5868	approved	0				article the original does not write; rests on 'basket' → 'סַ֣ל'
8:31	41	basket		26	סַ֣ל		global-review-known-rendering	safe	0.5868	approved	0				global known-rendering assignment; lexical score 0.44
8:31	47	saying		33	אמֹ֔ר		global-review-known-rendering	safe	0.7878	approved	0				global known-rendering assignment; lexical score 0.64
8:31	53	Aaron		34	אַהֲרֹ֥ן		global-review-known-rendering	safe	0.7941	approved	0				global known-rendering assignment; lexical score 0.64
8:31	55	his		36	בָנָ֖יו		attached-word	safe	0.667	approved	0				PossessivePronoun of 'sons'
8:31	56	sons		36	בָנָ֖יו		global-review-known-rendering	safe	0.767	approved	0				global known-rendering assignment; lexical score 0.62
8:32				12		omits	unrendered-article	safe	0.6984	approved	0				article no the of the verse renders; rests on 'fire' → 'אֵ֖שׁ'
8:32	7	the		5			attached-word	safe	0.6502	approved	0				Article of 'flesh'
8:32	8	flesh		6	בָּשָׂ֖ר		global-review-known-rendering	safe	0.7502	approved	0				global known-rendering assignment; lexical score 0.60
8:32	11	the		9			attached-word	safe	0.6308	approved	0				Article of 'bread'
8:32	12	bread		10	לָּ֑חֶם		global-review-known-rendering	safe	0.7308	approved	0				global known-rendering assignment; lexical score 0.58
8:32	18	fire		13	אֵ֖שׁ		global-review-known-rendering	safe	0.6984	approved	0				global known-rendering assignment; lexical score 0.55
8:33	4	not		6	לֹ֤א		global-review-known-rendering	safe	0.6789	approved	0				global known-rendering assignment; lexical score 0.53
8:33	9	the				expands	supplied-article	safe	0.6753	approved	0				article the original does not write; rests on 'door' → 'פֶּתַח֩'
8:33	10	door		3	פֶּתַח֩		global-review-known-rendering	safe	0.6753	approved	0				global known-rendering assignment; lexical score 0.53
8:33	11	of		4	אֹ֨הֶל		attached-word	safe	0.6308	approved	0				Genitive of 'Tent'
8:33	12	the				expands	supplied-article	safe	0.7308	approved	0				article the original does not write; rests on 'Tent' → 'אֹ֨הֶל'
8:33	13	Tent		4	אֹ֨הֶל		global-review-known-rendering	safe	0.7308	approved	0				global known-rendering assignment; lexical score 0.58
8:33	17	seven		8	שִׁבְעַ֣ת		global-review-known-rendering	safe	0.7829	approved	0				global known-rendering assignment; lexical score 0.63
8:33	18	days		9	יָמִ֔ים		global-review-known-rendering	safe	0.7782	approved	0				global known-rendering assignment; lexical score 0.63
8:33	19	till		10	עַ֚ד		global-review-known-rendering	safe	0.6272	approved	0				global known-rendering assignment; lexical score 0.48
8:33	20	the				expands	supplied-article	safe	0.7782	approved	0				article the original does not write; rests on 'days' → 'יֹ֣ום'
8:33	21	days		11	יֹ֣ום		global-review-known-rendering	safe	0.7782	approved	0				global known-rendering assignment; lexical score 0.63
8:33	35	seven		16	שִׁבְעַ֣ת		global-review-known-rendering	safe	0.7829	approved	0				global known-rendering assignment; lexical score 0.63
8:33	36	days		17	יָמִ֔ים		global-review-known-rendering	safe	0.7782	approved	0				global known-rendering assignment; lexical score 0.63
8:34	4	done		3	עָשָׂ֖ה		global-review-known-rendering	safe	0.6985	approved	0				global known-rendering assignment; lexical score 0.55
8:34	6	day		6	יֹּ֣ום		global-review-known-rendering	safe	0.7666	approved	0				global known-rendering assignment; lexical score 0.62
8:34	11	the				expands	supplied-article	safe	0.7287	approved	0				article the original does not write; rests on 'Lord' → 'יְהוָ֛ה'
8:34	12	Lord		10	יְהוָ֛ה		global-review-known-rendering	safe	0.7287	approved	0				global known-rendering assignment; lexical score 0.58
8:35	5	keep		12	שְׁמַרְתֶּ֛ם		global-review-known-rendering	safe	0.5882	approved	0				global known-rendering assignment; lexical score 0.44
8:35	8	the				expands	supplied-article	safe	0.7287	approved	0				article the original does not write; rests on 'Lord' → 'יְהוָ֖ה'
8:35	9	Lord		15	יְהוָ֖ה		global-review-known-rendering	safe	0.7287	approved	0				global known-rendering assignment; lexical score 0.58
8:35	11	the				expands	supplied-article	safe	0.6753	approved	0				article the original does not write; rests on 'door' → 'פֶתַח֩'
8:35	12	door		2	פֶתַח֩		global-review-known-rendering	safe	0.6753	approved	0				global known-rendering assignment; lexical score 0.53
8:35	13	of		3	אֹ֨הֶל		attached-word	safe	0.6308	approved	0				Genitive of 'Tent'
8:35	14	the				expands	supplied-article	safe	0.7308	approved	0				article the original does not write; rests on 'Tent' → 'אֹ֨הֶל'
8:35	15	Tent		3	אֹ֨הֶל		global-review-known-rendering	safe	0.7308	approved	0				global known-rendering assignment; lexical score 0.58
8:35	20	night		8	לַ֨יְלָה֙		global-review-known-rendering	safe	0.7349	approved	0				global known-rendering assignment; lexical score 0.58
8:35	22	seven		9	שִׁבְעַ֣ת		global-review-known-rendering	safe	0.7829	approved	0				global known-rendering assignment; lexical score 0.63
8:35	23	days		10	יָמִ֔ים		global-review-known-rendering	safe	0.7782	approved	0				global known-rendering assignment; lexical score 0.63
8:35	28	not		17	לֹ֣א		global-review-known-rendering	safe	0.6789	approved	0				global known-rendering assignment; lexical score 0.53
8:35	33	so		20	כֵ֖ן		global-review-known-rendering	safe	0.5964	approved	0				global known-rendering assignment; lexical score 0.45
8:36				6	אֵ֚ת	omits	unrendered-object-marker	safe	0.7582	approved	0				object marker; rests on 'all' → 'כָּל'
8:36	2	Aaron		3	אַהֲרֹ֖ן		global-review-known-rendering	safe	0.7941	approved	0				global known-rendering assignment; lexical score 0.64
8:36	4	his		5	בָנָ֑יו		attached-word	safe	0.667	approved	0				PossessivePronoun of 'sons'
8:36	5	sons		5	בָנָ֑יו		global-review-known-rendering	safe	0.767	approved	0				global known-rendering assignment; lexical score 0.62
8:36	7	all		7	כָּל		global-review-known-rendering	safe	0.7582	approved	0				global known-rendering assignment; lexical score 0.61
8:36	11	which		10	אֲשֶׁר		global-review-known-rendering	safe	0.6687	approved	0				global known-rendering assignment; lexical score 0.52
8:36	12	the				expands	supplied-article	safe	0.7287	approved	0				article the original does not write; rests on 'Lord' → 'יְהוָ֖ה'
8:36	13	Lord		12	יְהוָ֖ה		global-review-known-rendering	safe	0.7287	approved	0				global known-rendering assignment; lexical score 0.58
8:36	18	Moses		15	מֹשֶֽׁה		global-review-known-rendering	safe	0.7975	approved	0				global known-rendering assignment; lexical score 0.65
9:1	3	the		6	הַ		attached-word	safe	0.6045	approved	0				Article of 'eighth'
9:1	4	eighth		7	שְּׁמִינִ֔י		global-review-known-rendering	safe	0.7045	approved	0				global known-rendering assignment; lexical score 0.55
9:1	5	day		5	יֹּ֣ום		global-review-known-rendering	safe	0.7663	approved	0				global known-rendering assignment; lexical score 0.62
9:1	6	Moses		9	מֹשֶׁ֔ה		global-review-known-rendering	safe	0.7976	approved	0				global known-rendering assignment; lexical score 0.65
9:1	9	Aaron		11	אַהֲרֹ֖ן		global-review-known-rendering	safe	0.7942	approved	0				global known-rendering assignment; lexical score 0.64
9:1	11	his		14	בָנָ֑יו		attached-word	safe	0.6673	approved	0				PossessivePronoun of 'sons'
9:1	12	sons		14	בָנָ֑יו		global-review-known-rendering	safe	0.7673	approved	0				global known-rendering assignment; lexical score 0.62
9:1	17	of		18	יִשְׂרָאֵֽל		attached-word	safe	0.6859	approved	0				Genitive of 'Israel'
9:1	18	Israel		18	יִשְׂרָאֵֽל		global-review-known-rendering	safe	0.7859	approved	0				global known-rendering assignment; lexical score 0.64
9:2	3	said		2	יֹּ֣אמֶר		global-review-known-rendering	safe	0.777	approved	0				global known-rendering assignment; lexical score 0.63
9:2	5	Aaron		4	אַהֲרֹ֗ן		global-review-known-rendering	safe	0.7942	approved	0				global known-rendering assignment; lexical score 0.64
9:2	30	before		20	פְנֵ֥י		global-review-known-rendering	safe	0.6584	approved	0				global known-rendering assignment; lexical score 0.51
9:2	31	the				expands	supplied-article	safe	0.7287	approved	0				article the original does not write; rests on 'Lord' → 'יְהוָֽה'
9:2	32	Lord		21	יְהוָֽה		global-review-known-rendering	safe	0.7287	approved	0				global known-rendering assignment; lexical score 0.58
9:3	2	say		7	אמֹ֑ר		global-review-known-rendering	safe	0.7662	approved	0				global known-rendering assignment; lexical score 0.62
9:3	4	the				expands	supplied-article	safe	0.7612	approved	0				article the original does not write; rests on 'children' → 'בְּנֵ֥י'
9:3	5	children		3	בְּנֵ֥י		global-review-known-rendering	safe	0.7612	approved	0				global known-rendering assignment; lexical score 0.61
9:3	6	of		4	יִשְׂרָאֵ֖ל		attached-word	safe	0.6859	approved	0				Genitive of 'Israel'
9:3	7	Israel		4	יִשְׂרָאֵ֖ל		global-review-known-rendering	safe	0.7859	approved	0				global known-rendering assignment; lexical score 0.64
9:3	19	a				expands	supplied-indefinite-article	safe	0.6046	approved	0				indefinite article; rests on 'lamb' → 'כֶ֧בֶשׂ'
9:3	20	lamb		16	כֶ֧בֶשׂ		global-review-known-rendering	safe	0.6046	approved	0				global known-rendering assignment; lexical score 0.45
9:3	24	year		18	שָׁנָ֛ה		global-review-known-rendering	safe	0.7703	approved	0				global known-rendering assignment; lexical score 0.62
9:4	2	an				expands	supplied-indefinite-article	safe	0.7227	approved	0				indefinite article; rests on 'ox' → 'שֹׁ֨ור'
9:4	3	ox		2	שֹׁ֨ור		global-review-known-rendering	safe	0.7227	approved	0				global known-rendering assignment; lexical score 0.57
9:4	15	before		10	פְנֵ֣י		global-review-known-rendering	safe	0.6584	approved	0				global known-rendering assignment; lexical score 0.51
9:4	16	the				expands	supplied-article	safe	0.7287	approved	0				article the original does not write; rests on 'Lord' → 'יְהוָ֔ה'
9:4	17	Lord		11	יְהוָ֔ה		global-review-known-rendering	safe	0.7287	approved	0				global known-rendering assignment; lexical score 0.58
9:4	24	oil		17	שָּׁ֑מֶן		global-review-known-rendering	safe	0.7223	approved	0				global known-rendering assignment; lexical score 0.57
9:4	27	day		20	יֹּ֔ום		global-review-known-rendering	safe	0.7663	approved	0				global known-rendering assignment; lexical score 0.62
9:4	31	see		22	נִרְאָ֥ה		global-review-known-rendering	safe	0.7071	approved	0				global known-rendering assignment; lexical score 0.56
9:4	32	the				expands	supplied-article	safe	0.7287	approved	0				article the original does not write; rests on 'Lord' → 'יְהוָ֖ה'
9:4	33	Lord		21	יְהוָ֖ה		global-review-known-rendering	safe	0.7287	approved	0				global known-rendering assignment; lexical score 0.58
9:5	3	took		2	יִּקְח֗וּ		global-review-known-rendering	safe	0.5786	approved	0				global known-rendering assignment; lexical score 0.43
9:5	8	Moses		6	מֹשֶׁ֔ה		global-review-known-rendering	safe	0.7976	approved	0				global known-rendering assignment; lexical score 0.65
9:5	9	before		8	פְּנֵ֖י		global-review-known-rendering	safe	0.6584	approved	0				global known-rendering assignment; lexical score 0.51
9:5	10	the				expands	supplied-article	safe	0.7308	approved	0				article the original does not write; rests on 'Tent' → 'אֹ֣הֶל'
9:5	11	Tent		9	אֹ֣הֶל		global-review-known-rendering	safe	0.7308	approved	0				global known-rendering assignment; lexical score 0.58
9:5	15	all		13	כָּל		global-review-known-rendering	safe	0.7583	approved	0				global known-rendering assignment; lexical score 0.61
9:5	21	before		19	פְנֵ֥י		global-review-known-rendering	safe	0.6584	approved	0				global known-rendering assignment; lexical score 0.51
9:5	22	the				expands	supplied-article	safe	0.7287	approved	0				article the original does not write; rests on 'Lord' → 'יְהוָֽה'
9:5	23	Lord		20	יְהוָֽה		global-review-known-rendering	safe	0.7287	approved	0				global known-rendering assignment; lexical score 0.58
9:6	2	Moses		3	מֹשֶׁ֔ה		global-review-known-rendering	safe	0.7976	approved	0				global known-rendering assignment; lexical score 0.65
9:6	3	said		2	יֹּ֣אמֶר		global-review-known-rendering	safe	0.777	approved	0				global known-rendering assignment; lexical score 0.63
9:6	7	the				expands	supplied-article	safe	0.7287	approved	0				article the original does not write; rests on 'Lord' → 'יְהוָ֖ה'
9:6	8	Lord		9	יְהוָ֖ה		global-review-known-rendering	safe	0.7287	approved	0				global known-rendering assignment; lexical score 0.58
9:6	14	do		10	תַּעֲשׂ֑וּ		global-review-known-rendering	safe	0.6284	approved	0				global known-rendering assignment; lexical score 0.48
9:6	18	see		12	יֵרָ֥א		global-review-known-rendering	safe	0.7071	approved	0				global known-rendering assignment; lexical score 0.56
9:6	19	the				expands	supplied-article	safe	0.6458	approved	0				article the original does not write; rests on 'glory' → 'כְּבֹ֥וד'
9:6	20	glory		14	כְּבֹ֥וד		global-review-known-rendering	safe	0.6458	approved	0				global known-rendering assignment; lexical score 0.50
9:6	21	of		15	יְהוָֽה		attached-word	safe	0.6287	approved	0				Genitive of 'Lord'
9:6	22	the				expands	supplied-article	safe	0.7287	approved	0				article the original does not write; rests on 'Lord' → 'יְהוָֽה'
9:6	23	Lord		15	יְהוָֽה		global-review-known-rendering	safe	0.7287	approved	0				global known-rendering assignment; lexical score 0.58
9:7				12	אֶת	omits	unrendered-object-marker	safe	0.6104	approved	0				object marker; rests on 'sin' → 'חַטָּֽאתְךָ֙'
9:7	2	Moses		3	מֹשֶׁ֜ה		global-review-known-rendering	safe	0.7976	approved	0				global known-rendering assignment; lexical score 0.65
9:7	3	said		2	יֹּ֨אמֶר		global-review-known-rendering	safe	0.777	approved	0				global known-rendering assignment; lexical score 0.63
9:7	5	Aaron		5	אַהֲרֹ֗ן		global-review-known-rendering	safe	0.7942	approved	0				global known-rendering assignment; lexical score 0.64
9:7	9	the		8	הַ		attached-word	safe	0.6906	approved	0				Article of 'altar'
9:7	10	altar		9	מִּזְבֵּ֨חַ֙		global-review-known-rendering	safe	0.7906	approved	0				global known-rendering assignment; lexical score 0.64
9:7	25	the				expands	supplied-article	safe	0.6104	approved	0				article the original does not write; rests on 'sin' → 'חַטָּֽאתְךָ֙'
9:7	26	sin		13	חַטָּֽאתְךָ֙		global-review-known-rendering	safe	0.6104	approved	0				global known-rendering assignment; lexical score 0.46
9:7	28	the		22	הָ		attached-word	safe	0.6669	approved	0				Article of 'people'
9:7	29	people		23	עָ֑ם		global-review-known-rendering	safe	0.7669	approved	0				global known-rendering assignment; lexical score 0.62
9:7	32	the		28	הָ		attached-word	safe	0.6666	approved	0				Article of 'people's'
9:7	33	people's		29	עָם֙		global-review-known-rendering	safe	0.7666	approved	0				global known-rendering assignment; lexical score 0.62
9:7	41	the				expands	supplied-article	safe	0.7287	approved	0				article the original does not write; rests on 'Lord' → 'יְהוָֽה'
9:7	42	Lord		36	יְהוָֽה		global-review-known-rendering	safe	0.7287	approved	0				global known-rendering assignment; lexical score 0.58
9:8	2	Aaron		3	אַהֲרֹ֖ן		global-review-known-rendering	safe	0.7942	approved	0				global known-rendering assignment; lexical score 0.64
9:8	6	the		5	הַ		attached-word	safe	0.6906	approved	0				Article of 'altar'
9:8	7	altar		6	מִּזְבֵּ֑חַ		global-review-known-rendering	safe	0.7906	approved	0				global known-rendering assignment; lexical score 0.64
9:9				5	אֶת	omits	unrendered-object-marker	safe	0.756	approved	0				object marker; rests on 'blood' → 'דָּם֮'
9:9				22	אֶת	omits	unrendered-object-marker	safe	0.756	approved	0				object marker; rests on 'blood' → 'דָּ֣ם'
9:9	2	the				expands	supplied-article	safe	0.7673	approved	0				article the original does not write; rests on 'sons' → 'בְּנֵ֨י'
9:9	3	sons		3	בְּנֵ֨י		global-review-known-rendering	safe	0.7673	approved	0				global known-rendering assignment; lexical score 0.62
9:9	4	of		4	אַהֲרֹ֣ן		attached-word	safe	0.6942	approved	0				Genitive of 'Aaron'
9:9	5	Aaron		4	אַהֲרֹ֣ן		global-review-known-rendering	safe	0.7942	approved	0				global known-rendering assignment; lexical score 0.64
9:9	6	gave		16	יִּתֵּ֖ן		global-review-known-rendering	safe	0.6889	approved	0				global known-rendering assignment; lexical score 0.54
9:9	8	the		6	הַ		attached-word	safe	0.656	approved	0				Article of 'blood'
9:9	9	blood		7	דָּם֮		global-review-known-rendering	safe	0.756	approved	0				global known-rendering assignment; lexical score 0.61
9:9	13	his		11	אֶצְבָּעֹו֙		attached-word	safe	0.7	approved	0				PossessivePronoun of 'finger'
9:9	14	finger		11	אֶצְבָּעֹו֙		global-review-known-rendering	safe	0.8	approved	0				global known-rendering assignment; lexical score 0.65
9:9	16	the		13			attached-word	safe	0.656	approved	0				Article of 'blood'
9:9	17	blood		14	דָּ֔ם		global-review-known-rendering	safe	0.756	approved	0				global known-rendering assignment; lexical score 0.61
9:9	22	the				expands	supplied-article	safe	0.71	approved	0				article the original does not write; rests on 'horns' → 'קַרְנֹ֣ות'
9:9	23	horns		18	קַרְנֹ֣ות		global-review-known-rendering	safe	0.71	approved	0				global known-rendering assignment; lexical score 0.56
9:9	24	of		20	מִּזְבֵּ֑חַ		attached-word	safe	0.6906	approved	0				Genitive of 'altar'
9:9	25	the		19	הַ		attached-word	safe	0.6906	approved	0				Article of 'altar'
9:9	26	altar		20	מִּזְבֵּ֑חַ		global-review-known-rendering	safe	0.7906	approved	0				global known-rendering assignment; lexical score 0.64
9:9	29	the		23	הַ		attached-word	safe	0.656	approved	0				Article of 'blood'
9:9	30	blood		24	דָּ֣ם		global-review-known-rendering	safe	0.756	approved	0				global known-rendering assignment; lexical score 0.61
9:9	34	of		29	מִּזְבֵּֽחַ		attached-word	safe	0.6906	approved	0				Genitive of 'altar'
9:9	35	the		28	הַ		attached-word	safe	0.6906	approved	0				Article of 'altar'
9:9	36	altar		29	מִּזְבֵּֽחַ		global-review-known-rendering	safe	0.7906	approved	0				global known-rendering assignment; lexical score 0.64
9:10				2	אֶת	omits	unrendered-object-marker	safe	0.6047	approved	0				object marker; rests on 'fat' → 'חֵ֨לֶב'
9:10				6	אֶת	omits	unrendered-object-marker	safe	0.8	approved	0				object marker; rests on 'kidneys' → 'כְּלָיֹ֜ת'
9:10				26	אֶת	omits	unrendered-object-marker	safe	0.7976	approved	0				object marker; rests on 'Moses' → 'מֹשֶֽׁה'
9:10	2	the		3	הַ		attached-word	safe	0.5047	approved	0				Article of 'fat'
9:10	3	fat		4	חֵ֨לֶב		global-review-known-rendering	safe	0.6047	approved	0				global known-rendering assignment; lexical score 0.45
9:10	5	the		7	הַ		attached-word	safe	0.7	approved	0				Article of 'kidneys'
9:10	6	kidneys		8	כְּלָיֹ֜ת		global-review-known-rendering	safe	0.8	approved	0				global known-rendering assignment; lexical score 0.65
9:10	11	the		14	הַ		attached-word	safe	0.7	approved	0				Article of 'liver'
9:10	12	liver		15	כָּבֵד֙		global-review-known-rendering	safe	0.8	approved	0				global known-rendering assignment; lexical score 0.65
9:10	21	the		20	הַ		attached-word	safe	0.6906	approved	0				Article of 'altar'
9:10	22	altar		21	מִּזְבֵּ֑חָה		global-review-known-rendering	safe	0.7906	approved	0				global known-rendering assignment; lexical score 0.64
9:10	24	the				expands	supplied-article	safe	0.7287	approved	0				article the original does not write; rests on 'Lord' → 'יְהוָ֖ה'
9:10	25	Lord		25	יְהוָ֖ה		global-review-known-rendering	safe	0.7287	approved	0				global known-rendering assignment; lexical score 0.58
9:10	29	Moses		27	מֹשֶֽׁה		global-review-known-rendering	safe	0.7976	approved	0				global known-rendering assignment; lexical score 0.65
9:11				2	אֶת	omits	unrendered-object-marker	safe	0.7505	approved	0				object marker; rests on 'flesh' → 'בָּשָׂ֖ר'
9:11				6	אֶת	omits	unrendered-object-marker	safe	0.7667	approved	0				object marker; rests on 'skin' → 'עֹ֑ור'
9:11	2	the		3	הַ		attached-word	safe	0.6505	approved	0				Article of 'flesh'
9:11	3	flesh		4	בָּשָׂ֖ר		global-review-known-rendering	safe	0.7505	approved	0				global known-rendering assignment; lexical score 0.60
9:11	5	the		7	הָ		attached-word	safe	0.6667	approved	0				Article of 'skin'
9:11	6	skin		8	עֹ֑ור		global-review-known-rendering	safe	0.7667	approved	0				global known-rendering assignment; lexical score 0.62
9:11	10	fire		12	אֵ֔שׁ		global-review-known-rendering	safe	0.6976	approved	0				global known-rendering assignment; lexical score 0.55
9:12				11	אֶת	omits	unrendered-object-marker	safe	0.756	approved	0				object marker; rests on 'blood' → 'דָּ֔ם'
9:12	10	Aaron's		9	אַהֲרֹ֤ן		global-review-known-rendering	safe	0.8	approved	0				global known-rendering assignment; lexical score 0.65
9:12	11	sons		8	בְּנֵ֨י		global-review-known-rendering	safe	0.7673	approved	0				global known-rendering assignment; lexical score 0.62
9:12	14	the		12	הַ		attached-word	safe	0.656	approved	0				Article of 'blood'
9:12	15	blood		13	דָּ֔ם		global-review-known-rendering	safe	0.756	approved	0				global known-rendering assignment; lexical score 0.61
9:12	24	round		19	סָבִֽיב		global-review-known-rendering	safe	0.7209	approved	0				global known-rendering assignment; lexical score 0.57
9:12	25	the		17	הַ		attached-word	safe	0.6906	approved	0				Article of 'altar'
9:12	26	altar		18	מִּזְבֵּ֖חַ		global-review-known-rendering	safe	0.7906	approved	0				global known-rendering assignment; lexical score 0.64
9:13				10	אֶת	omits	unrendered-object-marker	safe	0.7402	approved	0				object marker; rests on 'head' → 'רֹ֑אשׁ'
9:13	15	the		11	הָ		attached-word	safe	0.6402	approved	0				Article of 'head'
9:13	16	head		12	רֹ֑אשׁ		global-review-known-rendering	safe	0.7402	approved	0				global known-rendering assignment; lexical score 0.59
9:13	21	the		16	הַ		attached-word	safe	0.6906	approved	0				Article of 'altar'
9:13	22	altar		17	מִּזְבֵּֽחַ		global-review-known-rendering	safe	0.7906	approved	0				global known-rendering assignment; lexical score 0.64
9:14				7	אֶת	omits	unrendered-object-marker	safe	0.59	approved	0				object marker; rests on 'legs' → 'כְּרָעָ֑יִם'
9:14	6	the		8	הַ		attached-word	safe	0.49	approved	0				Article of 'legs'
9:14	7	legs		9	כְּרָעָ֑יִם		global-review-known-rendering	safe	0.59	approved	0				global known-rendering assignment; lexical score 0.44
9:14	12	washed		2	יִּרְחַ֥ץ		global-review-known-rendering	safe	0.5968	approved	0				global known-rendering assignment; lexical score 0.45
9:14	22	the		15	הַ		attached-word	safe	0.6906	approved	0				Article of 'altar'
9:14	23	altar		16	מִּזְבֵּֽחָה		global-review-known-rendering	safe	0.7906	approved	0				global known-rendering assignment; lexical score 0.64
9:15				9	אֶת	omits	unrendered-object-marker	safe	0.6015	approved	0				object marker; rests on 'goat' → 'שְׂעִ֤יר'
9:15	7	the		5	הָ		attached-word	safe	0.6669	approved	0				Article of 'people'
9:15	8	people		6	עָ֑ם		global-review-known-rendering	safe	0.7669	approved	0				global known-rendering assignment; lexical score 0.62
9:15	10	took		8	יִּקַּ֞ח		global-review-known-rendering	safe	0.5786	approved	0				global known-rendering assignment; lexical score 0.43
9:15	11	the				expands	supplied-article	safe	0.6015	approved	0				article the original does not write; rests on 'goat' → 'שְׂעִ֤יר'
9:15	12	goat		10	שְׂעִ֤יר		global-review-known-rendering	safe	0.6015	approved	0				global known-rendering assignment; lexical score 0.45
9:15	17	the		15			attached-word	safe	0.6669	approved	0				Article of 'people'
9:15	18	people		16	עָ֔ם		global-review-known-rendering	safe	0.7669	approved	0				global known-rendering assignment; lexical score 0.62
9:15	27	sin		12	חַטָּאת֙		global-review-known-rendering	safe	0.6104	approved	0				global known-rendering assignment; lexical score 0.46
9:15	33	the		22			attached-word	safe	0.4636	approved	0				Article of 'first'
9:15	34	first		23	רִאשֹֽׁון		global-review-known-rendering	safe	0.5636	approved	0				global known-rendering assignment; lexical score 0.41
9:17	23	the		13	הַ		attached-word	safe	0.6906	approved	0				Article of 'altar'
9:17	24	altar		14	מִּזְבֵּ֑חַ		global-review-known-rendering	safe	0.7906	approved	0				global known-rendering assignment; lexical score 0.64
9:17	30	of		20	בֹּֽקֶר		attached-word	safe	0.6522	approved	0				Genitive of 'morning'
9:17	31	the		19	הַ		attached-word	safe	0.6522	approved	0				Article of 'morning'
9:17	32	morning		20	בֹּֽקֶר		global-review-known-rendering	safe	0.7522	approved	0				global known-rendering assignment; lexical score 0.60
9:18				3	אֶת	omits	unrendered-object-marker	safe	0.7227	approved	0				object marker; rests on 'ox' → 'שֹּׁור֙'
9:18				21	אֶת	omits	unrendered-object-marker	safe	0.756	approved	0				object marker; rests on 'blood' → 'דָּם֙'
9:18	6	the		4	הַ		attached-word	safe	0.6227	approved	0				Article of 'ox'
9:18	7	ox		5	שֹּׁור֙		global-review-known-rendering	safe	0.7227	approved	0				global known-rendering assignment; lexical score 0.57
9:18	11	which		13	אֲשֶׁ֣ר		global-review-known-rendering	safe	0.6689	approved	0				global known-rendering assignment; lexical score 0.52
9:18	16	the		15			attached-word	safe	0.6669	approved	0				Article of 'people'
9:18	17	people		16	עָ֑ם		global-review-known-rendering	safe	0.7669	approved	0				global known-rendering assignment; lexical score 0.62
9:18	19	Aaron's		20	אַהֲרֹ֤ן		global-review-known-rendering	safe	0.8	approved	0				global known-rendering assignment; lexical score 0.65
9:18	20	sons		19	בְּנֵ֨י		global-review-known-rendering	safe	0.7673	approved	0				global known-rendering assignment; lexical score 0.62
9:18	23	the		22	הַ		attached-word	safe	0.656	approved	0				Article of 'blood'
9:18	24	blood		23	דָּם֙		global-review-known-rendering	safe	0.756	approved	0				global known-rendering assignment; lexical score 0.61
9:18	33	round		30	סָבִֽיב		global-review-known-rendering	safe	0.7209	approved	0				global known-rendering assignment; lexical score 0.57
9:18	34	the		28	הַ		attached-word	safe	0.6906	approved	0				Article of 'altar'
9:18	35	altar		29	מִּזְבֵּ֖חַ		global-review-known-rendering	safe	0.7906	approved	0				global known-rendering assignment; lexical score 0.64
9:19				2	אֶת	omits	unrendered-object-marker	safe	0.6047	approved	0				object marker; rests on 'fat' → 'חֲלָבִ֖ים'
9:19	4	the		3	הַ		attached-word	safe	0.5047	approved	0				Article of 'fat'
9:19	5	fat		4	חֲלָבִ֖ים		global-review-known-rendering	safe	0.6047	approved	0				global known-rendering assignment; lexical score 0.45
9:19	7	the		6	הַ		attached-word	safe	0.6227	approved	0				Article of 'ox'
9:19	8	ox		7	שֹּׁ֑ור		global-review-known-rendering	safe	0.7227	approved	0				global known-rendering assignment; lexical score 0.57
9:19	24	the		18	הַ		attached-word	safe	0.7	approved	0				Article of 'kidneys'
9:19	25	kidneys		19	כְּלָיֹ֔ת		global-review-known-rendering	safe	0.8	approved	0				global known-rendering assignment; lexical score 0.65
9:19	30	the		22	הַ		attached-word	safe	0.7	approved	0				Article of 'liver'
9:19	31	liver		23	כָּבֵֽד		global-review-known-rendering	safe	0.8	approved	0				global known-rendering assignment; lexical score 0.65
9:20				3	אֶת	omits	unrendered-object-marker	safe	0.6047	approved	0				object marker; rests on 'fat' → 'חֲלָבִ֖ים'
9:20	3	the		4	הַ		attached-word	safe	0.5047	approved	0				Article of 'fat'
9:20	4	fat		5	חֲלָבִ֖ים		global-review-known-rendering	safe	0.6047	approved	0				global known-rendering assignment; lexical score 0.45
9:20	9	the		11	הַ		attached-word	safe	0.5047	approved	0				Article of 'fat'
9:20	10	fat		12	חֲלָבִ֖ים		global-review-known-rendering	safe	0.6047	approved	0				global known-rendering assignment; lexical score 0.45
9:20	14	the		13	הַ		attached-word	safe	0.6906	approved	0				Article of 'altar'
9:20	15	altar		14	מִּזְבֵּֽחָה		global-review-known-rendering	safe	0.7906	approved	0				global known-rendering assignment; lexical score 0.64
9:21	2	Aaron		11	אַהֲרֹ֛ן		global-review-known-rendering	safe	0.7942	approved	0				global known-rendering assignment; lexical score 0.64
9:21	16	before		14	פְנֵ֣י		global-review-known-rendering	safe	0.6584	approved	0				global known-rendering assignment; lexical score 0.51
9:21	20	Moses		19	מֹשֶֽׁה		global-review-known-rendering	safe	0.7976	approved	0				global known-rendering assignment; lexical score 0.65
9:22				4	אֶת	omits	unrendered-object-marker	safe	0.6742	approved	0				object marker; rests on 'hands' → 'ידו'
9:22	2	Aaron		3	אַהֲרֹ֧ן		global-review-known-rendering	safe	0.7942	approved	0				global known-rendering assignment; lexical score 0.64
9:22	5	his		5	ידו		attached-word	safe	0.5742	approved	0				PossessivePronoun of 'hands'
9:22	6	hands		5	ידו		global-review-known-rendering	safe	0.6742	approved	0				global known-rendering assignment; lexical score 0.52
9:22	8	the		7	הָ		attached-word	safe	0.6669	approved	0				Article of 'people'
9:22	9	people		8	עָ֖ם		global-review-known-rendering	safe	0.7669	approved	0				global known-rendering assignment; lexical score 0.62
9:23				13	אֶת	omits	unrendered-object-marker	safe	0.7669	approved	0				object marker; rests on 'people' → 'עָ֑ם'
9:23	2	Moses		3	מֹשֶׁ֤ה		global-review-known-rendering	safe	0.7976	approved	0				global known-rendering assignment; lexical score 0.65
9:23	4	Aaron		5	אַהֲרֹן֙		global-review-known-rendering	safe	0.7942	approved	0				global known-rendering assignment; lexical score 0.64
9:23	7	the				expands	supplied-article	safe	0.7308	approved	0				article the original does not write; rests on 'Tent' → 'אֹ֣הֶל'
9:23	8	Tent		7	אֹ֣הֶל		global-review-known-rendering	safe	0.7308	approved	0				global known-rendering assignment; lexical score 0.58
9:23	16	the		14	הָ		attached-word	safe	0.6669	approved	0				Article of 'people'
9:23	17	people		15	עָ֑ם		global-review-known-rendering	safe	0.7669	approved	0				global known-rendering assignment; lexical score 0.62
9:23	21	the				expands	supplied-article	safe	0.6458	approved	0				article the original does not write; rests on 'glory' → 'כְבֹוד'
9:23	22	glory		18	כְבֹוד		global-review-known-rendering	safe	0.6458	approved	0				global known-rendering assignment; lexical score 0.50
9:23	23	of		19	יְהוָ֖ה		attached-word	safe	0.6287	approved	0				Genitive of 'Lord'
9:23	24	the				expands	supplied-article	safe	0.7287	approved	0				article the original does not write; rests on 'Lord' → 'יְהוָ֖ה'
9:23	25	Lord		19	יְהוָ֖ה		global-review-known-rendering	safe	0.7287	approved	0				global known-rendering assignment; lexical score 0.58
9:23	27	seen		17	יֵּרָ֥א		global-review-known-rendering	safe	0.7109	approved	0				global known-rendering assignment; lexical score 0.56
9:23	29	all		21	כָּל		global-review-known-rendering	safe	0.7583	approved	0				global known-rendering assignment; lexical score 0.61
9:23	30	the		22	הָ		attached-word	safe	0.6669	approved	0				Article of 'people'
9:23	31	people		23	עָֽם		global-review-known-rendering	safe	0.7669	approved	0				global known-rendering assignment; lexical score 0.62
9:24				17	אֶת	omits	unrendered-object-marker	safe	0.6047	approved	0				object marker; rests on 'fat' → 'חֲלָבִ֑ים'
9:24	2	fire		3	אֵשׁ֙		global-review-known-rendering	safe	0.6976	approved	0				global known-rendering assignment; lexical score 0.55
9:24	6	before		6	פְנֵ֣י		global-review-known-rendering	safe	0.6584	approved	0				global known-rendering assignment; lexical score 0.51
9:24	7	the				expands	supplied-article	safe	0.7287	approved	0				article the original does not write; rests on 'Lord' → 'יְהוָ֔ה'
9:24	8	Lord		7	יְהוָ֔ה		global-review-known-rendering	safe	0.7287	approved	0				global known-rendering assignment; lexical score 0.58
9:24	14	the		11	הַ		attached-word	safe	0.6906	approved	0				Article of 'altar'
9:24	15	altar		12	מִּזְבֵּ֔חַ		global-review-known-rendering	safe	0.7906	approved	0				global known-rendering assignment; lexical score 0.64
9:24	17	the		18	הַ		attached-word	safe	0.5047	approved	0				Article of 'fat'
9:24	18	fat		19	חֲלָבִ֑ים		global-review-known-rendering	safe	0.6047	approved	0				global known-rendering assignment; lexical score 0.45
9:24	21	all		22	כָּל		global-review-known-rendering	safe	0.7583	approved	0				global known-rendering assignment; lexical score 0.61
9:24	22	the		23	הָ		attached-word	safe	0.6669	approved	0				Article of 'people'
9:24	23	people		24	עָם֙		global-review-known-rendering	safe	0.7669	approved	0				global known-rendering assignment; lexical score 0.62
9:24	24	saw		21	יַּ֤רְא		global-review-known-rendering	safe	0.7191	approved	0				global known-rendering assignment; lexical score 0.57
9:24	34	their		30	פְּנֵיהֶֽם		attached-word	safe	0.6413	approved	0				PossessivePronoun of 'faces'
9:24	35	faces		30	פְּנֵיהֶֽם		global-review-known-rendering	safe	0.7413	approved	0				global known-rendering assignment; lexical score 0.59
10:1	2	Nadab		5	נָדָ֨ב		global-review-known-rendering	safe	0.8	approved	0				global known-rendering assignment; lexical score 0.65
10:1	4	Abihu		7	אֲבִיה֜וּא		global-review-known-rendering	safe	0.8	approved	0				global known-rendering assignment; lexical score 0.65
10:1	5	the				expands	supplied-article	safe	0.7671	approved	0				article the original does not write; rests on 'sons' → 'בְנֵֽי'
10:1	6	sons		3	בְנֵֽי		global-review-known-rendering	safe	0.7671	approved	0				global known-rendering assignment; lexical score 0.62
10:1	7	of		4	אַ֠הֲרֹן		attached-word	safe	0.6941	approved	0				Genitive of 'Aaron'
10:1	8	Aaron		4	אַ֠הֲרֹן		global-review-known-rendering	safe	0.7941	approved	0				global known-rendering assignment; lexical score 0.64
10:1	9	took		2	יִּקְח֣וּ		global-review-known-rendering	safe	0.5776	approved	0				global known-rendering assignment; lexical score 0.43
10:1	14	fire		13	אֵ֔שׁ		global-review-known-rendering	safe	0.702	approved	0				global known-rendering assignment; lexical score 0.55
10:1	21	fire		23	אֵ֣שׁ		global-review-known-rendering	safe	0.702	approved	0				global known-rendering assignment; lexical score 0.55
10:1	22	before		21	פְנֵ֤י		global-review-known-rendering	safe	0.658	approved	0				global known-rendering assignment; lexical score 0.51
10:1	23	the				expands	supplied-article	safe	0.7289	approved	0				article the original does not write; rests on 'Lord' → 'יְהוָה֙'
10:1	24	Lord		22	יְהוָה֙		global-review-known-rendering	safe	0.7289	approved	0				global known-rendering assignment; lexical score 0.58
10:1	25	which		25	אֲשֶׁ֧ר		global-review-known-rendering	safe	0.6686	approved	0				global known-rendering assignment; lexical score 0.52
10:1	28	not		26	לֹ֦א		global-review-known-rendering	safe	0.679	approved	0				global known-rendering assignment; lexical score 0.53
10:1	29	given		11	יִּתְּנ֤וּ		global-review-known-rendering	safe	0.6912	approved	0				global known-rendering assignment; lexical score 0.54
10:2	2	fire		3	אֵ֛שׁ		global-review-known-rendering	safe	0.702	approved	0				global known-rendering assignment; lexical score 0.55
10:2	6	before		6	פְנֵ֥י		global-review-known-rendering	safe	0.658	approved	0				global known-rendering assignment; lexical score 0.51
10:2	7	the				expands	supplied-article	safe	0.7289	approved	0				article the original does not write; rests on 'Lord' → 'יְהוָ֖ה'
10:2	8	Lord		7	יְהוָ֖ה		global-review-known-rendering	safe	0.7289	approved	0				global known-rendering assignment; lexical score 0.58
10:2	16	before		14	פְנֵ֥י		global-review-known-rendering	safe	0.658	approved	0				global known-rendering assignment; lexical score 0.51
10:2	17	the				expands	supplied-article	safe	0.7289	approved	0				article the original does not write; rests on 'Lord' → 'יְהוָֽה'
10:2	18	Lord		15	יְהוָֽה		global-review-known-rendering	safe	0.7289	approved	0				global known-rendering assignment; lexical score 0.58
10:3	2	Moses		3	מֹשֶׁ֜ה		global-review-known-rendering	safe	0.7976	approved	0				global known-rendering assignment; lexical score 0.65
10:3	3	said		2	יֹּ֨אמֶר		global-review-known-rendering	safe	0.7773	approved	0				global known-rendering assignment; lexical score 0.63
10:3	5	Aaron		5	אַהֲרֹ֗ן		global-review-known-rendering	safe	0.7941	approved	0				global known-rendering assignment; lexical score 0.64
10:3	9	the				expands	supplied-article	safe	0.7289	approved	0				article the original does not write; rests on 'Lord' → 'יְהוָ֤ה'
10:3	10	Lord		9	יְהוָ֤ה		global-review-known-rendering	safe	0.7289	approved	0				global known-rendering assignment; lexical score 0.58
10:3	11	said		11	אמֹר֙		global-review-known-rendering	safe	0.7773	approved	0				global known-rendering assignment; lexical score 0.63
10:3	31	honoured		21	אֶכָּבֵ֑ד		global-review-known-rendering	safe	0.6714	approved	0				global known-rendering assignment; lexical score 0.52
10:3	32	before		17	פְּנֵ֥י		global-review-known-rendering	safe	0.658	approved	0				global known-rendering assignment; lexical score 0.51
10:3	33	all		18	כָל		global-review-known-rendering	safe	0.7583	approved	0				global known-rendering assignment; lexical score 0.61
10:3	34	the		19	הָ		attached-word	safe	0.6672	approved	0				Article of 'people'
10:3	35	people		20	עָ֖ם		global-review-known-rendering	safe	0.7672	approved	0				global known-rendering assignment; lexical score 0.62
10:3	37	Aaron		24	אַהֲרֹֽן		global-review-known-rendering	safe	0.7941	approved	0				global known-rendering assignment; lexical score 0.64
10:4				18	אֶת	omits	unrendered-object-marker	safe	0.7717	approved	0				object marker; rests on 'brother' → 'אֲחֵיכֶם֙'
10:4				21	אֵ֣ת	omits	unrendered-object-marker	safe	0.658	approved	0				object marker; rests on 'before' → 'פְּנֵי'
10:4	2	Moses		3	מֹשֶׁ֗ה		global-review-known-rendering	safe	0.7976	approved	0				global known-rendering assignment; lexical score 0.65
10:4	5	Mishael		5	מִֽישָׁאֵל֙		global-review-known-rendering	safe	0.7357	approved	0				global known-rendering assignment; lexical score 0.59
10:4	8	the				expands	supplied-article	safe	0.7671	approved	0				article the original does not write; rests on 'sons' → 'בְּנֵ֥י'
10:4	9	sons		9	בְּנֵ֥י		global-review-known-rendering	safe	0.7671	approved	0				global known-rendering assignment; lexical score 0.62
10:4	10	of		10	עֻזִּיאֵ֖ל		attached-word	safe	0.7	approved	0				Genitive of 'Uzziel'
10:4	11	Uzziel		10	עֻזִּיאֵ֖ל		global-review-known-rendering	safe	0.8	approved	0				global known-rendering assignment; lexical score 0.65
10:4	12	the				expands	supplied-article	safe	0.7717	approved	0				article the original does not write; rests on 'brother' → 'אֲחֵיכֶם֙'
10:4	13	brother		19	אֲחֵיכֶם֙		global-review-known-rendering	safe	0.7717	approved	0				global known-rendering assignment; lexical score 0.62
10:4	15	Aaron's		12	אַהֲרֹ֑ן		global-review-known-rendering	safe	0.8	approved	0				global known-rendering assignment; lexical score 0.65
10:4	18	said		14	יֹּ֣אמֶר		global-review-known-rendering	safe	0.7773	approved	0				global known-rendering assignment; lexical score 0.63
10:4	29	before		22	פְּנֵי		global-review-known-rendering	safe	0.658	approved	0				global known-rendering assignment; lexical score 0.51
10:4	30	the		23	הַ		attached-word	safe	0.5613	approved	0				Article of 'holy'
10:4	31	holy		24	קֹּ֔דֶשׁ		global-review-known-rendering	safe	0.6613	approved	0				global known-rendering assignment; lexical score 0.51
10:5	8	their		6	כֻתֳּנֹתָ֔ם		attached-word	safe	0.52	approved	0				PossessivePronoun of 'coats'
10:5	9	coats		6	כֻתֳּנֹתָ֔ם		global-review-known-rendering	safe	0.62	approved	0				global known-rendering assignment; lexical score 0.47
10:5	14	Moses		16	מֹשֶֽׁה		global-review-known-rendering	safe	0.7976	approved	0				global known-rendering assignment; lexical score 0.65
10:6	2	Moses		3	מֹשֶׁ֣ה		global-review-known-rendering	safe	0.7976	approved	0				global known-rendering assignment; lexical score 0.65
10:6	3	said		2	יֹּ֣אמֶר		global-review-known-rendering	safe	0.7773	approved	0				global known-rendering assignment; lexical score 0.63
10:6	5	Aaron		5	אַהֲרֹ֡ן		global-review-known-rendering	safe	0.7941	approved	0				global known-rendering assignment; lexical score 0.64
10:6	8	Eleazar		8	אֶלְעָזָר֩		global-review-known-rendering	safe	0.8	approved	0				global known-rendering assignment; lexical score 0.65
10:6	10	Ithamar		11	אִֽיתָמָ֨ר		global-review-known-rendering	safe	0.8	approved	0				global known-rendering assignment; lexical score 0.65
10:6	11	his		12	בָּנָ֜יו		attached-word	safe	0.6671	approved	0				PossessivePronoun of 'sons'
10:6	12	sons		12	בָּנָ֜יו		global-review-known-rendering	safe	0.7671	approved	0				global known-rendering assignment; lexical score 0.62
10:6	14	not		18	לֹֽא		global-review-known-rendering	safe	0.679	approved	0				global known-rendering assignment; lexical score 0.53
10:6	30	not		21	לֹ֣א		global-review-known-rendering	safe	0.679	approved	0				global known-rendering assignment; lexical score 0.53
10:6	38	all		25	כָּל		global-review-known-rendering	safe	0.7583	approved	0				global known-rendering assignment; lexical score 0.61
10:6	47	your		30	אֲחֵיכֶם֙		attached-word	safe	0.6698	approved	0				PossessivePronoun of 'brothers'
10:6	48	brothers		30	אֲחֵיכֶם֙		global-review-known-rendering	safe	0.7698	approved	0				global known-rendering assignment; lexical score 0.62
10:6	50	all		31	כָּל		global-review-known-rendering	safe	0.7583	approved	0				global known-rendering assignment; lexical score 0.61
10:6	51	the				expands	supplied-article	safe	0.7635	approved	0				article the original does not write; rests on 'house' → 'בֵּ֣ית'
10:6	52	house		32	בֵּ֣ית		global-review-known-rendering	safe	0.7635	approved	0				global known-rendering assignment; lexical score 0.61
10:6	53	of		33	יִשְׂרָאֵ֔ל		attached-word	safe	0.686	approved	0				Genitive of 'Israel'
10:6	54	Israel		33	יִשְׂרָאֵ֔ל		global-review-known-rendering	safe	0.786	approved	0				global known-rendering assignment; lexical score 0.64
10:7	3	not		6	לֹ֤א		global-review-known-rendering	safe	0.679	approved	0				global known-rendering assignment; lexical score 0.53
10:7	7	the				expands	supplied-article	safe	0.6786	approved	0				article the original does not write; rests on 'door' → 'פֶּתַח֩'
10:7	8	door		3	פֶּתַח֩		global-review-known-rendering	safe	0.6786	approved	0				global known-rendering assignment; lexical score 0.53
10:7	9	of		4	אֹ֨הֶל		attached-word	safe	0.6308	approved	0				Genitive of 'Tent'
10:7	10	the				expands	supplied-article	safe	0.7308	approved	0				article the original does not write; rests on 'Tent' → 'אֹ֨הֶל'
10:7	11	Tent		4	אֹ֨הֶל		global-review-known-rendering	safe	0.7308	approved	0				global known-rendering assignment; lexical score 0.58
10:7	23	oil		11	שֶׁ֛מֶן		global-review-known-rendering	safe	0.7223	approved	0				global known-rendering assignment; lexical score 0.57
10:7	25	the				expands	supplied-article	safe	0.7289	approved	0				article the original does not write; rests on 'Lord' → 'יְהוָ֖ה'
10:7	26	Lord		13	יְהוָ֖ה		global-review-known-rendering	safe	0.7289	approved	0				global known-rendering assignment; lexical score 0.58
10:7	34	Moses		19	מֹשֶֽׁה		global-review-known-rendering	safe	0.7976	approved	0				global known-rendering assignment; lexical score 0.65
10:8	4	said		7	אמֹֽר		global-review-known-rendering	safe	0.7773	approved	0				global known-rendering assignment; lexical score 0.63
10:8	6	Aaron		5	אַהֲרֹ֖ן		global-review-known-rendering	safe	0.7941	approved	0				global known-rendering assignment; lexical score 0.64
10:9	3	wine		1	יַ֣יִן		global-review-known-rendering	safe	0.6508	approved	0				global known-rendering assignment; lexical score 0.50
10:9	6	drink		5	תֵּ֣שְׁתְּ		global-review-known-rendering	safe	0.5891	approved	0				global known-rendering assignment; lexical score 0.44
10:9	9	your		8	בָנֶ֣יךָ		attached-word	safe	0.6671	approved	0				PossessivePronoun of 'sons'
10:9	10	sons		8	בָנֶ֣יךָ		global-review-known-rendering	safe	0.7671	approved	0				global known-rendering assignment; lexical score 0.62
10:9	17	the				expands	supplied-article	safe	0.7308	approved	0				article the original does not write; rests on 'Tent' → 'אֹ֥הֶל'
10:9	18	Tent		13	אֹ֥הֶל		global-review-known-rendering	safe	0.7308	approved	0				global known-rendering assignment; lexical score 0.58
10:9	24	not		16	לֹ֣א		global-review-known-rendering	safe	0.679	approved	0				global known-rendering assignment; lexical score 0.53
10:9	37	ever		19	עֹולָ֖ם		global-review-known-rendering	safe	0.6083	approved	0				global known-rendering assignment; lexical score 0.46
10:10	5	between		4	בֵּ֥ין		global-review-known-rendering	safe	0.7404	approved	0				global known-rendering assignment; lexical score 0.59
10:10	6	the		5	הַ		attached-word	safe	0.5613	approved	0				Article of 'holy'
10:10	7	holy		6	קֹּ֖דֶשׁ		global-review-known-rendering	safe	0.6613	approved	0				global known-rendering assignment; lexical score 0.51
10:10	12	between		12	בֵ֥ין		global-review-known-rendering	safe	0.7404	approved	0				global known-rendering assignment; lexical score 0.59
10:11				4	אֶת	omits	unrendered-object-marker	safe	0.7612	approved	0				object marker; rests on 'children' → 'בְּנֵ֣י'
10:11				7	אֵ֚ת	omits	unrendered-object-marker	safe	0.7583	approved	0				object marker; rests on 'all' → 'כָּל'
10:11	2	the				expands	supplied-article	safe	0.7612	approved	0				article the original does not write; rests on 'children' → 'בְּנֵ֣י'
10:11	3	children		5	בְּנֵ֣י		global-review-known-rendering	safe	0.7612	approved	0				global known-rendering assignment; lexical score 0.61
10:11	4	of		6	יִשְׂרָאֵ֑ל		attached-word	safe	0.686	approved	0				Genitive of 'Israel'
10:11	5	Israel		6	יִשְׂרָאֵ֑ל		global-review-known-rendering	safe	0.786	approved	0				global known-rendering assignment; lexical score 0.64
10:11	6	all		8	כָּל		global-review-known-rendering	safe	0.7583	approved	0				global known-rendering assignment; lexical score 0.61
10:11	9	which		11	אֲשֶׁ֨ר		global-review-known-rendering	safe	0.6686	approved	0				global known-rendering assignment; lexical score 0.52
10:11	10	the				expands	supplied-article	safe	0.7289	approved	0				article the original does not write; rests on 'Lord' → 'יְהוָ֛ה'
10:11	11	Lord		13	יְהוָ֛ה		global-review-known-rendering	safe	0.7289	approved	0				global known-rendering assignment; lexical score 0.58
10:11	16	the				expands	supplied-article	safe	0.6686	approved	0				article the original does not write; rests on 'hand' → 'יַד'
10:11	17	hand		16	יַד		global-review-known-rendering	safe	0.6686	approved	0				global known-rendering assignment; lexical score 0.52
10:11	18	of		17	מֹשֶֽׁה		attached-word	safe	0.6976	approved	0				Genitive of 'Moses'
10:11	19	Moses		17	מֹשֶֽׁה		global-review-known-rendering	safe	0.7976	approved	0				global known-rendering assignment; lexical score 0.65
10:12	2	Moses		3	מֹשֶׁ֜ה		global-review-known-rendering	safe	0.7976	approved	0				global known-rendering assignment; lexical score 0.65
10:12	5	Aaron		5	אַהֲרֹ֗ן		global-review-known-rendering	safe	0.7941	approved	0				global known-rendering assignment; lexical score 0.64
10:12	8	Eleazar		8	אֶ֠לְעָזָר		global-review-known-rendering	safe	0.8	approved	0				global known-rendering assignment; lexical score 0.65
10:12	10	Ithamar		11	אִ֨יתָמָ֥ר		global-review-known-rendering	safe	0.8	approved	0				global known-rendering assignment; lexical score 0.65
10:12	11	his		12	בָּנָיו֮		attached-word	safe	0.6671	approved	0				PossessivePronoun of 'sons'
10:12	12	sons		12	בָּנָיו֮		global-review-known-rendering	safe	0.7671	approved	0				global known-rendering assignment; lexical score 0.62
10:12	17	Take		15	קְח֣וּ		global-review-known-rendering	safe	0.5505	approved	0				global known-rendering assignment; lexical score 0.40
10:12	28	the				expands	supplied-article	safe	0.7289	approved	0				article the original does not write; rests on 'Lord' → 'יְהוָ֔ה'
10:12	29	Lord		23	יְהוָ֔ה		global-review-known-rendering	safe	0.7289	approved	0				global known-rendering assignment; lexical score 0.58
10:12	45	the		28	הַ		attached-word	safe	0.6897	approved	0				Article of 'altar'
10:12	46	altar		29	מִּזְבֵּ֑חַ		global-review-known-rendering	safe	0.7897	approved	0				global known-rendering assignment; lexical score 0.64
10:12	50	most		31	קֹ֥דֶשׁ		global-review-known-rendering	safe	0.558	approved	0				global known-rendering assignment; lexical score 0.41
10:12	51	holy		32	קָֽדָשִׁ֖ים		global-review-known-rendering	safe	0.6613	approved	0				global known-rendering assignment; lexical score 0.51
10:13	11	place		5	מָקֹ֣ום		global-review-known-rendering	safe	0.6393	approved	0				global known-rendering assignment; lexical score 0.49
10:13	18	your		11	בָּנֶ֨יךָ֙		attached-word	safe	0.6671	approved	0				PossessivePronoun of 'sons'
10:13	19	sons		11	בָּנֶ֨יךָ֙		global-review-known-rendering	safe	0.7671	approved	0				global known-rendering assignment; lexical score 0.62
10:13	25	the				expands	supplied-article	safe	0.7289	approved	0				article the original does not write; rests on 'Lord' → 'יְהוָ֑ה'
10:13	26	Lord		15	יְהוָ֑ה		global-review-known-rendering	safe	0.7289	approved	0				global known-rendering assignment; lexical score 0.58
10:13	31	so		17	כֵ֖ן		global-review-known-rendering	safe	0.5964	approved	0				global known-rendering assignment; lexical score 0.45
10:14				2	אֵת֩	omits	unrendered-object-marker	safe	0.6393	approved	0				object marker; rests on 'breast' → 'חֲזֵ֨ה'
10:14	2	the				expands	supplied-article	safe	0.6393	approved	0				article the original does not write; rests on 'breast' → 'חֲזֵ֨ה'
10:14	3	breast		3	חֲזֵ֨ה		global-review-known-rendering	safe	0.6393	approved	0				global known-rendering assignment; lexical score 0.49
10:14	26	place		13	מָקֹ֣ום		global-review-known-rendering	safe	0.6393	approved	0				global known-rendering assignment; lexical score 0.49
10:14	29	your		17	בָנֶ֥יךָ		attached-word	safe	0.6671	approved	0				PossessivePronoun of 'sons'
10:14	30	sons		17	בָנֶ֥יךָ		global-review-known-rendering	safe	0.7671	approved	0				global known-rendering assignment; lexical score 0.62
10:14	32	your		19	בְנֹתֶ֖יךָ		attached-word	safe	0.6589	approved	0				PossessivePronoun of 'daughters'
10:14	33	daughters		19	בְנֹתֶ֖יךָ		global-review-known-rendering	safe	0.7589	approved	0				global known-rendering assignment; lexical score 0.61
10:14	39	given		26	נִתְּנ֔וּ		global-review-known-rendering	safe	0.6912	approved	0				global known-rendering assignment; lexical score 0.54
10:14	46	your		25	בָּנֶ֨יךָ֙		attached-word	safe	0.6671	approved	0				PossessivePronoun of 'sons'
10:14	47	sons		25	בָּנֶ֨יךָ֙		global-review-known-rendering	safe	0.7671	approved	0				global known-rendering assignment; lexical score 0.62
10:14	53	the				expands	supplied-article	safe	0.7612	approved	0				article the original does not write; rests on 'children' → 'בְּנֵ֥י'
10:14	54	children		30	בְּנֵ֥י		global-review-known-rendering	safe	0.7612	approved	0				global known-rendering assignment; lexical score 0.61
10:14	55	of		31	יִשְׂרָאֵֽל		attached-word	safe	0.686	approved	0				Genitive of 'Israel'
10:14	56	Israel		31	יִשְׂרָאֵֽל		global-review-known-rendering	safe	0.786	approved	0				global known-rendering assignment; lexical score 0.64
10:15	4	the				expands	supplied-article	safe	0.6393	approved	0				article the original does not write; rests on 'breast' → 'חֲזֵ֣ה'
10:15	5	breast		5	חֲזֵ֣ה		global-review-known-rendering	safe	0.6393	approved	0				global known-rendering assignment; lexical score 0.49
10:15	12	which		30	אֲשֶׁ֖ר		global-review-known-rendering	safe	0.6686	approved	0				global known-rendering assignment; lexical score 0.52
10:15	19	the		10	הַ		attached-word	safe	0.5105	approved	0				Article of 'fat'
10:15	20	fat		11	חֲלָבִים֙		global-review-known-rendering	safe	0.6105	approved	0				global known-rendering assignment; lexical score 0.46
10:15	27	waved		14	הָנִ֥יף		global-review-known-rendering	safe	0.725	approved	0				global known-rendering assignment; lexical score 0.57
10:15	32	before		17	פְנֵ֣י		global-review-known-rendering	safe	0.658	approved	0				global known-rendering assignment; lexical score 0.51
10:15	33	the				expands	supplied-article	safe	0.7289	approved	0				article the original does not write; rests on 'Lord' → 'יְהוָ֑ה'
10:15	34	Lord		18	יְהוָ֑ה		global-review-known-rendering	safe	0.7289	approved	0				global known-rendering assignment; lexical score 0.58
10:15	43	your		24	בָנֶ֤יךָ		attached-word	safe	0.6671	approved	0				PossessivePronoun of 'sons'
10:15	44	sons		24	בָנֶ֤יךָ		global-review-known-rendering	safe	0.7671	approved	0				global known-rendering assignment; lexical score 0.62
10:15	51	ever		28	עֹולָ֔ם		global-review-known-rendering	safe	0.6083	approved	0				global known-rendering assignment; lexical score 0.46
10:15	53	the				expands	supplied-article	safe	0.7289	approved	0				article the original does not write; rests on 'Lord' → 'יְהוָֽה'
10:15	54	Lord		32	יְהוָֽה		global-review-known-rendering	safe	0.7289	approved	0				global known-rendering assignment; lexical score 0.58
10:16				2	אֵ֣ת	omits	unrendered-object-marker	safe	0.6015	approved	0				object marker; rests on 'goat' → 'שְׂעִ֣יר'
10:16	2	Moses		8	מֹשֶׁ֖ה		global-review-known-rendering	safe	0.7976	approved	0				global known-rendering assignment; lexical score 0.65
10:16	6	the				expands	supplied-article	safe	0.6015	approved	0				article the original does not write; rests on 'goat' → 'שְׂעִ֣יר'
10:16	7	goat		3	שְׂעִ֣יר		global-review-known-rendering	safe	0.6015	approved	0				global known-rendering assignment; lexical score 0.45
10:16	20	Eleazar		15	אֶלְעָזָ֤ר		global-review-known-rendering	safe	0.8	approved	0				global known-rendering assignment; lexical score 0.65
10:16	22	Ithamar		18	אִֽיתָמָר֙		global-review-known-rendering	safe	0.8	approved	0				global known-rendering assignment; lexical score 0.65
10:16	23	the				expands	supplied-article	safe	0.7671	approved	0				article the original does not write; rests on 'sons' → 'בְּנֵ֣י'
10:16	24	sons		19	בְּנֵ֣י		global-review-known-rendering	safe	0.7671	approved	0				global known-rendering assignment; lexical score 0.62
10:16	25	of		20	אַהֲרֹ֔ן		attached-word	safe	0.6941	approved	0				Genitive of 'Aaron'
10:16	26	Aaron		20	אַהֲרֹ֔ן		global-review-known-rendering	safe	0.7941	approved	0				global known-rendering assignment; lexical score 0.64
10:16	31	saying		24	אמֹֽר		global-review-known-rendering	safe	0.7878	approved	0				global known-rendering assignment; lexical score 0.64
10:17				4	אֶת	omits	unrendered-object-marker	safe	0.6112	approved	0				object marker; rests on 'sin' → 'חַטָּאת֙'
10:17	4	not		2	לֹֽא		global-review-known-rendering	safe	0.679	approved	0				global known-rendering assignment; lexical score 0.53
10:17	12	the		9	הַ		attached-word	safe	0.5613	approved	0				Article of 'holy'
10:17	13	holy		10	קֹּ֔דֶשׁ		global-review-known-rendering	safe	0.6613	approved	0				global known-rendering assignment; lexical score 0.51
10:17	14	place		8	מְקֹ֣ום		global-review-known-rendering	safe	0.6393	approved	0				global known-rendering assignment; lexical score 0.49
10:17	18	most		12	קֹ֥דֶשׁ		global-review-known-rendering	safe	0.558	approved	0				global known-rendering assignment; lexical score 0.41
10:17	19	holy		13	קָֽדָשִׁ֖ים		global-review-known-rendering	safe	0.6613	approved	0				global known-rendering assignment; lexical score 0.51
10:17	23	given		17	נָתַ֣ן		global-review-known-rendering	safe	0.6912	approved	0				global known-rendering assignment; lexical score 0.54
10:17	29	the		5	הַֽ		attached-word	safe	0.5113	approved	0				Article of 'sin'
10:17	30	sin		6	חַטָּאת֙		global-review-known-rendering	safe	0.6112	approved	0				global known-rendering assignment; lexical score 0.46
10:17	44	before		29	פְנֵ֥י		global-review-known-rendering	safe	0.658	approved	0				global known-rendering assignment; lexical score 0.51
10:17	45	the				expands	supplied-article	safe	0.7289	approved	0				article the original does not write; rests on 'Lord' → 'יְהוָֽה'
10:17	46	Lord		30	יְהוָֽה		global-review-known-rendering	safe	0.7289	approved	0				global known-rendering assignment; lexical score 0.58
10:18				4	אֶת	omits	unrendered-object-marker	safe	0.7565	approved	0				object marker; rests on 'blood' → 'דָּמָ֔הּ'
10:18	2	its		5	דָּמָ֔הּ		attached-word	safe	0.6565	approved	0				PossessivePronoun of 'blood'
10:18	3	blood		5	דָּמָ֔הּ		global-review-known-rendering	safe	0.7565	approved	0				global known-rendering assignment; lexical score 0.61
10:18	5	not		2	לֹא		global-review-known-rendering	safe	0.679	approved	0				global known-rendering assignment; lexical score 0.53
10:18	8	the		7	הַ		attached-word	safe	0.5613	approved	0				Article of 'holy'
10:18	9	holy		8	קֹּ֖דֶשׁ		global-review-known-rendering	safe	0.6613	approved	0				global known-rendering assignment; lexical score 0.51
10:18	24	the		14			attached-word	safe	0.5613	approved	0				Article of 'holy'
10:18	25	holy		15	קֹּ֖דֶשׁ		global-review-known-rendering	safe	0.6613	approved	0				global known-rendering assignment; lexical score 0.51
10:19	2	Aaron		3	אַהֲרֹ֜ן		global-review-known-rendering	safe	0.7941	approved	0				global known-rendering assignment; lexical score 0.64
10:19	5	Moses		5	מֹשֶׁ֗ה		global-review-known-rendering	safe	0.7976	approved	0				global known-rendering assignment; lexical score 0.65
10:19	20	before		16	פְנֵ֣י		global-review-known-rendering	safe	0.658	approved	0				global known-rendering assignment; lexical score 0.51
10:19	21	the				expands	supplied-article	safe	0.7289	approved	0				article the original does not write; rests on 'Lord' → 'יְהוָ֔ה'
10:19	22	Lord		17	יְהוָ֔ה		global-review-known-rendering	safe	0.7289	approved	0				global known-rendering assignment; lexical score 0.58
10:19	27	these		22	אֵ֑לֶּה		global-review-known-rendering	safe	0.7111	approved	0				global known-rendering assignment; lexical score 0.56
10:19	47	the				expands	supplied-article	safe	0.7289	approved	0				article the original does not write; rests on 'Lord' → 'יְהוָֽה'
10:19	48	Lord		32	יְהוָֽה		global-review-known-rendering	safe	0.7289	approved	0				global known-rendering assignment; lexical score 0.58
10:20	5	Moses		3	מֹשֶׁ֔ה		global-review-known-rendering	safe	0.7976	approved	0				global known-rendering assignment; lexical score 0.65
11:1	2	the				expands	supplied-article	safe	0.7287	approved	0				article the original does not write; rests on 'Lord' → 'יְהוָ֛ה'
11:1	3	Lord		3	יְהוָ֛ה		global-review-known-rendering	safe	0.7287	approved	0				global known-rendering assignment; lexical score 0.58
11:1	4	said		10	אמֹ֥ר		global-review-known-rendering	safe	0.777	approved	0				global known-rendering assignment; lexical score 0.63
11:1	6	Moses		5	מֹשֶׁ֥ה		global-review-known-rendering	safe	0.7976	approved	0				global known-rendering assignment; lexical score 0.65
11:1	8	Aaron		8	אַהֲרֹ֖ן		global-review-known-rendering	safe	0.7943	approved	0				global known-rendering assignment; lexical score 0.64
11:2	1	Say		6	אמֹ֑ר		global-review-known-rendering	safe	0.7662	approved	0				global known-rendering assignment; lexical score 0.62
11:2	3	the				expands	supplied-article	safe	0.7612	approved	0				article the original does not write; rests on 'children' → 'בְּנֵ֥י'
11:2	4	children		3	בְּנֵ֥י		global-review-known-rendering	safe	0.7612	approved	0				global known-rendering assignment; lexical score 0.61
11:2	5	of		4	יִשְׂרָאֵ֖ל		attached-word	safe	0.6859	approved	0				Genitive of 'Israel'
11:2	6	Israel		4	יִשְׂרָאֵ֖ל		global-review-known-rendering	safe	0.7859	approved	0				global known-rendering assignment; lexical score 0.64
11:2	9	the		8	הַֽ		attached-word	safe	0.6654	approved	0				Article of 'living'
11:2	10	living		9	חַיָּה֙		global-review-known-rendering	safe	0.7654	approved	0				global known-rendering assignment; lexical score 0.62
11:2	12	which		10	אֲשֶׁ֣ר		global-review-known-rendering	safe	0.6684	approved	0				global known-rendering assignment; lexical score 0.52
11:2	19	all		13	כָּל		global-review-known-rendering	safe	0.7585	approved	0				global known-rendering assignment; lexical score 0.61
11:2	23	the		18	הָ		attached-word	safe	0.6432	approved	0				Article of 'earth'
11:2	24	earth		19	אָֽרֶץ		global-review-known-rendering	safe	0.7432	approved	0				global known-rendering assignment; lexical score 0.59
11:3	7	beast		12	בְּהֵמָ֑ה		global-review-known-rendering	safe	0.6367	approved	0				global known-rendering assignment; lexical score 0.49
11:4				15	אֶֽת	omits	unrendered-object-marker	safe	0.71	approved	0				object marker; rests on 'camel' → 'גָּמָל'
11:4	3	the				expands	supplied-article	safe	0.5702	approved	0				article the original does not write; rests on 'same' → 'ה֗וּא'
11:4	4	same		21	ה֗וּא		global-review-known-rendering	safe	0.5702	approved	0				global known-rendering assignment; lexical score 0.42
11:4	11	not		4	לֹ֣א		global-review-known-rendering	safe	0.6789	approved	0				global known-rendering assignment; lexical score 0.53
11:4	15	the		16	הַ֠		attached-word	safe	0.61	approved	0				Article of 'camel'
11:4	16	camel		17	גָּמָל		global-review-known-rendering	safe	0.71	approved	0				global known-rendering assignment; lexical score 0.56
11:5	5	the				expands	supplied-article	safe	0.5702	approved	0				article the original does not write; rests on 'same' → 'ה֔וּא'
11:5	6	same		8	ה֔וּא		global-review-known-rendering	safe	0.5702	approved	0				global known-rendering assignment; lexical score 0.42
11:6	11	not		11	לֹ֣א		global-review-known-rendering	safe	0.6789	approved	0				global known-rendering assignment; lexical score 0.53
11:7	20	not		16	לֹֽא		global-review-known-rendering	safe	0.6789	approved	0				global known-rendering assignment; lexical score 0.53
11:8	1	Their		2	בְּשָׂרָם֙		attached-word	safe	0.6532	approved	0				PossessivePronoun of 'flesh'
11:8	2	flesh		2	בְּשָׂרָם֙		global-review-known-rendering	safe	0.7532	approved	0				global known-rendering assignment; lexical score 0.60
11:8	4	not		3	לֹ֣א		global-review-known-rendering	safe	0.6789	approved	0				global known-rendering assignment; lexical score 0.53
11:8	14	not		8	לֹ֣א		global-review-known-rendering	safe	0.6789	approved	0				global known-rendering assignment; lexical score 0.53
11:8	17	touched		9	תִגָּ֑עוּ		global-review-known-rendering	safe	0.7357	approved	0				global known-rendering assignment; lexical score 0.59
11:9	8	all		10	כֹּ֣ל		global-review-known-rendering	safe	0.7585	approved	0				global known-rendering assignment; lexical score 0.61
11:9	12	the		8			attached-word	safe	0.6768	approved	0				Article of 'water'
11:9	13	water		9	מָּ֑יִם		global-review-known-rendering	safe	0.7768	approved	0				global known-rendering assignment; lexical score 0.63
11:9	17	the		17			attached-word	safe	0.6768	approved	0				Article of 'water'
11:9	18	water		18	מַּ֗יִם		global-review-known-rendering	safe	0.7768	approved	0				global known-rendering assignment; lexical score 0.63
11:9	20	the		20			attached-word	safe	0.6625	approved	0				Article of 'seas'
11:9	21	seas		21	יַּמִּ֛ים		global-review-known-rendering	safe	0.7625	approved	0				global known-rendering assignment; lexical score 0.61
11:9	24	which		11	אֲשֶׁר		global-review-known-rendering	safe	0.6684	approved	0				global known-rendering assignment; lexical score 0.52
11:10				25	הַ	omits	unrendered-article	safe	0.7654	approved	0				article no the of the verse renders; rests on 'living' → 'חַיָּ֖ה'
11:10	1	All		17	כֹּל֙		global-review-known-rendering	safe	0.7585	approved	0				global known-rendering assignment; lexical score 0.61
11:10	4	living		26	חַיָּ֖ה		global-review-known-rendering	safe	0.7654	approved	0				global known-rendering assignment; lexical score 0.62
11:10	8	the		19	הַ		attached-word	safe	0.6768	approved	0				Article of 'water'
11:10	9	water		20	מַּ֔יִם		global-review-known-rendering	safe	0.7768	approved	0				global known-rendering assignment; lexical score 0.63
11:10	11	the		10			attached-word	safe	0.6752	approved	0				Article of 'sea'
11:10	12	sea		11	יַּמִּים֙		global-review-known-rendering	safe	0.7752	approved	0				global known-rendering assignment; lexical score 0.63
11:11	3	not		7	לֹ֣א		global-review-known-rendering	safe	0.6789	approved	0				global known-rendering assignment; lexical score 0.53
11:12	3	the		9			attached-word	safe	0.6768	approved	0				Article of 'water'
11:12	4	water		10	מָּ֑יִם		global-review-known-rendering	safe	0.7768	approved	0				global known-rendering assignment; lexical score 0.63
11:12	5	which		2	אֲשֶׁ֥ר		global-review-known-rendering	safe	0.6684	approved	0				global known-rendering assignment; lexical score 0.52
11:13				12	אֶת	omits	unrendered-object-marker	safe	0.7763	approved	0				object marker; rests on 'eagle' → 'נֶּ֨שֶׁר֙'
11:13	4	these		3	אֵ֨לֶּה֙		global-review-known-rendering	safe	0.713	approved	0				global known-rendering assignment; lexical score 0.56
11:13	12	not		8	לֹ֥א		global-review-known-rendering	safe	0.6789	approved	0				global known-rendering assignment; lexical score 0.53
11:13	18	the		13	הַ		attached-word	safe	0.6763	approved	0				Article of 'eagle'
11:13	19	eagle		14	נֶּ֨שֶׁר֙		global-review-known-rendering	safe	0.7763	approved	0				global known-rendering assignment; lexical score 0.63
11:15	2	raven		3	עֹרֵ֖ב		global-review-known-rendering	safe	0.8	approved	0				global known-rendering assignment; lexical score 0.65
11:19				2	אֵת֙	omits	unrendered-object-marker	safe	0.8	approved	0				object marker; rests on 'stork' → 'חֲסִידָ֔ה'
11:19	1	The		3	הַ		attached-word	safe	0.7	approved	0				Article of 'stork'
11:19	2	stork		4	חֲסִידָ֔ה		global-review-known-rendering	safe	0.8	approved	0				global known-rendering assignment; lexical score 0.65
11:21	8	which		14	אֲשֶׁר		global-review-known-rendering	safe	0.6684	approved	0				global known-rendering assignment; lexical score 0.52
11:21	11	legs		16	כְרָעַ֨יִם֙		global-review-known-rendering	safe	0.59	approved	0				global known-rendering assignment; lexical score 0.44
11:21	15	the		25	הָ		attached-word	safe	0.6432	approved	0				Article of 'earth'
11:21	16	earth		26	אָֽרֶץ		global-review-known-rendering	safe	0.7432	approved	0				global known-rendering assignment; lexical score 0.59
11:22				5	אֶת	omits	unrendered-object-marker	safe	0.75	approved	0				object marker; rests on 'locust' → 'אַרְבֶּ֣ה'
11:22	8	locust		7	אַרְבֶּ֣ה		global-review-known-rendering	safe	0.75	approved	0				global known-rendering assignment; lexical score 0.60
11:23	2	all		2	כֹל֙		global-review-known-rendering	safe	0.7585	approved	0				global known-rendering assignment; lexical score 0.61
11:23	7	which		6	אֲשֶׁר		global-review-known-rendering	safe	0.6684	approved	0				global known-rendering assignment; lexical score 0.52
11:24				12	הָ	omits	unrendered-article	safe	0.7583	approved	0				article no the of the verse renders; rests on 'evening' → 'עָֽרֶב'
11:24	2	these		3	אֵ֖לֶּה		global-review-known-rendering	safe	0.713	approved	0				global known-rendering assignment; lexical score 0.56
11:24	16	till		11	עַד		global-review-known-rendering	safe	0.6272	approved	0				global known-rendering assignment; lexical score 0.48
11:24	17	evening		13	עָֽרֶב		global-review-known-rendering	safe	0.7583	approved	0				global known-rendering assignment; lexical score 0.61
11:25	21	till		11	עַד		global-review-known-rendering	safe	0.6272	approved	0				global known-rendering assignment; lexical score 0.48
11:25	22	evening		13	עָֽרֶב		global-review-known-rendering	safe	0.7583	approved	0				global known-rendering assignment; lexical score 0.61
11:26	2	beast		4	בְּהֵמָ֡ה		global-review-known-rendering	safe	0.6367	approved	0				global known-rendering assignment; lexical score 0.49
11:27	28	till		23	עַד		global-review-known-rendering	safe	0.6272	approved	0				global known-rendering assignment; lexical score 0.48
11:27	29	evening		25	עָֽרֶב		global-review-known-rendering	safe	0.7583	approved	0				global known-rendering assignment; lexical score 0.61
11:28	21	till		10	עַד		global-review-known-rendering	safe	0.6272	approved	0				global known-rendering assignment; lexical score 0.48
11:28	22	evening		12	עָ֑רֶב		global-review-known-rendering	safe	0.7583	approved	0				global known-rendering assignment; lexical score 0.61
11:29	14	the		12	הָ		attached-word	safe	0.6432	approved	0				Article of 'earth'
11:29	15	earth		13	אָ֑רֶץ		global-review-known-rendering	safe	0.7432	approved	0				global known-rendering assignment; lexical score 0.59
11:31				17	הָ	omits	unrendered-article	safe	0.7583	approved	0				article no the of the verse renders; rests on 'evening' → 'עָֽרֶב'
11:31	1	All		6	כָל		global-review-known-rendering	safe	0.7585	approved	0				global known-rendering assignment; lexical score 0.61
11:31	2	these		1	אֵ֛לֶּה		global-review-known-rendering	safe	0.713	approved	0				global known-rendering assignment; lexical score 0.56
11:31	17	till		16	עַד		global-review-known-rendering	safe	0.6272	approved	0				global known-rendering assignment; lexical score 0.48
11:31	18	evening		18	עָֽרֶב		global-review-known-rendering	safe	0.7583	approved	0				global known-rendering assignment; lexical score 0.61
11:32	20	vessel		12	כְּלִי		global-review-known-rendering	safe	0.7719	approved	0				global known-rendering assignment; lexical score 0.62
11:32	21	of		13	עֵץ֙		attached-word	safe	0.5988	approved	0				Genitive of 'wood'
11:32	22	wood		13	עֵץ֙		global-review-known-rendering	safe	0.6988	approved	0				global known-rendering assignment; lexical score 0.55
11:32	26	skin		17	עֹור֙		global-review-known-rendering	safe	0.7663	approved	0				global known-rendering assignment; lexical score 0.62
11:32	46	water		28	מַּ֧יִם		global-review-known-rendering	safe	0.7768	approved	0				global known-rendering assignment; lexical score 0.63
11:32	51	till		32	עַד		global-review-known-rendering	safe	0.6272	approved	0				global known-rendering assignment; lexical score 0.48
11:32	52	evening		34	עֶ֖רֶב		global-review-known-rendering	safe	0.7583	approved	0				global known-rendering assignment; lexical score 0.61
11:33	9	vessel		3	כְּלִי		global-review-known-rendering	safe	0.7719	approved	0				global known-rendering assignment; lexical score 0.62
11:34	8	which		7	אֲשֶׁ֨ר		global-review-known-rendering	safe	0.6684	approved	0				global known-rendering assignment; lexical score 0.52
11:34	9	water		10	מַ֖יִם		global-review-known-rendering	safe	0.7768	approved	0				global known-rendering assignment; lexical score 0.63
11:34	12	comes		8	יָבֹ֥וא		global-review-known-rendering	safe	0.5787	approved	0				global known-rendering assignment; lexical score 0.43
11:34	17	drink		16	יִשָּׁתֶ֔ה		global-review-known-rendering	safe	0.5898	approved	0				global known-rendering assignment; lexical score 0.44
11:34	21	a				expands	supplied-indefinite-article	safe	0.7719	approved	0				indefinite article; rests on 'vessel' → 'כְּלִ֖י'
11:34	22	vessel		19	כְּלִ֖י		global-review-known-rendering	safe	0.7719	approved	0				global known-rendering assignment; lexical score 0.62
11:35	21	an				expands	supplied-indefinite-article	safe	0.8	approved	0				indefinite article; rests on 'oven' → 'תַּנּ֧וּר'
11:35	22	oven		9	תַּנּ֧וּר		global-review-known-rendering	safe	0.8	approved	0				global known-rendering assignment; lexical score 0.65
11:36	12	water		6	מַ֖יִם		global-review-known-rendering	safe	0.7768	approved	0				global known-rendering assignment; lexical score 0.63
11:37	16	seed		8	זֶ֥רַע		global-review-known-rendering	safe	0.7383	approved	0				global known-rendering assignment; lexical score 0.59
11:38	3	water		4	מַ֨יִם֙		global-review-known-rendering	safe	0.7768	approved	0				global known-rendering assignment; lexical score 0.63
11:38	7	the				expands	supplied-article	safe	0.7383	approved	0				article the original does not write; rests on 'seed' → 'זֶ֔רַע'
11:38	8	seed		6	זֶ֔רַע		global-review-known-rendering	safe	0.7383	approved	0				global known-rendering assignment; lexical score 0.59
11:39				5	הַ	omits	unrendered-article	safe	0.6367	approved	0				article no the of the verse renders; rests on 'beast' → 'בְּהֵמָ֔ה'
11:39				18	הָ	omits	unrendered-article	safe	0.7583	approved	0				article no the of the verse renders; rests on 'evening' → 'עָֽרֶב'
11:39	4	beast		6	בְּהֵמָ֔ה		global-review-known-rendering	safe	0.6367	approved	0				global known-rendering assignment; lexical score 0.49
11:39	5	which		7	אֲשֶׁר		global-review-known-rendering	safe	0.6684	approved	0				global known-rendering assignment; lexical score 0.52
11:39	19	dead		3	יָמוּת֙		global-review-known-rendering	safe	0.694	approved	0				global known-rendering assignment; lexical score 0.54
11:39	24	till		17	עַד		global-review-known-rendering	safe	0.6272	approved	0				global known-rendering assignment; lexical score 0.48
11:39	25	evening		19	עָֽרֶב		global-review-known-rendering	safe	0.7583	approved	0				global known-rendering assignment; lexical score 0.61
11:40				11	הָ	omits	unrendered-article	safe	0.7583	approved	0				article no the of the verse renders; rests on 'evening' → 'עָ֑רֶב'
11:40				23	הָ	omits	unrendered-article	safe	0.7583	approved	0				article no the of the verse renders; rests on 'evening' → 'עָֽרֶב'
11:40	23	till		10	עַד		global-review-known-rendering	safe	0.6272	approved	0				global known-rendering assignment; lexical score 0.48
11:40	24	evening		12	עָ֑רֶב		global-review-known-rendering	safe	0.7583	approved	0				global known-rendering assignment; lexical score 0.61
11:40	40	till		22	עַד		global-review-known-rendering	safe	0.6272	approved	0				global known-rendering assignment; lexical score 0.48
11:40	41	evening		24	עָֽרֶב		global-review-known-rendering	safe	0.7583	approved	0				global known-rendering assignment; lexical score 0.61
11:41	9	the		8	הָ		attached-word	safe	0.6432	approved	0				Article of 'earth'
11:41	10	earth		9	אָ֑רֶץ		global-review-known-rendering	safe	0.7432	approved	0				global known-rendering assignment; lexical score 0.59
11:41	15	not		12	לֹ֥א		global-review-known-rendering	safe	0.6789	approved	0				global known-rendering assignment; lexical score 0.53
11:42	8	four		9	אַרְבַּ֗ע		global-review-known-rendering	safe	0.7783	approved	0				global known-rendering assignment; lexical score 0.63
11:42	16	feet		13	רַגְלַ֔יִם		global-review-known-rendering	safe	0.7357	approved	0				global known-rendering assignment; lexical score 0.59
11:42	18	all		15	כָל		global-review-known-rendering	safe	0.7585	approved	0				global known-rendering assignment; lexical score 0.61
11:42	23	the		21	הָ		attached-word	safe	0.6432	approved	0				Article of 'earth'
11:42	24	earth		22	אָ֑רֶץ		global-review-known-rendering	safe	0.7432	approved	0				global known-rendering assignment; lexical score 0.59
11:42	26	not		23	לֹ֥א		global-review-known-rendering	safe	0.6789	approved	0				global known-rendering assignment; lexical score 0.53
11:43				11	וְ	omits	unrendered-conjunction	safe	0.6789	approved	0				conjunction no word of the verse renders; rests on 'not' → 'לֹ֤א'
11:43	19	not		12	לֹ֤א		global-review-known-rendering	safe	0.6789	approved	0				global known-rendering assignment; lexical score 0.53
11:44	4	the				expands	supplied-article	safe	0.7287	approved	0				article the original does not write; rests on 'Lord' → 'יְהוָה֮'
11:44	5	Lord		3	יְהוָה֮		global-review-known-rendering	safe	0.7287	approved	0				global known-rendering assignment; lexical score 0.58
11:44	6	your		4	אֱלֹֽהֵיכֶם֒		attached-word	safe	0.5915	approved	0				PossessivePronoun of 'God'
11:44	7	God		4	אֱלֹֽהֵיכֶם֒		global-review-known-rendering	safe	0.6915	approved	0				global known-rendering assignment; lexical score 0.54
11:44	22	not		14	לֹ֤א		global-review-known-rendering	safe	0.6789	approved	0				global known-rendering assignment; lexical score 0.53
11:44	37	the		25	הָ		attached-word	safe	0.6432	approved	0				Article of 'earth'
11:44	38	earth		26	אָֽרֶץ		global-review-known-rendering	safe	0.7432	approved	0				global known-rendering assignment; lexical score 0.59
11:45	4	the				expands	supplied-article	safe	0.7287	approved	0				article the original does not write; rests on 'Lord' → 'יְהוָ֗ה'
11:45	5	Lord		3	יְהוָ֗ה		global-review-known-rendering	safe	0.7287	approved	0				global known-rendering assignment; lexical score 0.58
11:45	11	the				expands	supplied-article	safe	0.7254	approved	0				article the original does not write; rests on 'land' → 'אֶ֣רֶץ'
11:45	12	land		8	אֶ֣רֶץ		global-review-known-rendering	safe	0.7254	approved	0				global known-rendering assignment; lexical score 0.58
11:45	13	of		9	מִצְרַ֔יִם		attached-word	safe	0.6331	approved	0				Genitive of 'Egypt'
11:45	14	Egypt		9	מִצְרַ֔יִם		global-review-known-rendering	safe	0.7331	approved	0				global known-rendering assignment; lexical score 0.58
11:45	18	God		14	אלֹהִ֑ים		global-review-known-rendering	safe	0.6915	approved	0				global known-rendering assignment; lexical score 0.54
11:46	3	the				expands	supplied-article	safe	0.6505	approved	0				article the original does not write; rests on 'law' → 'תֹּורַ֤ת'
11:46	4	law		2	תֹּורַ֤ת		global-review-known-rendering	safe	0.6505	approved	0				global known-rendering assignment; lexical score 0.50
11:46	11	living		12	חַיָּ֔ה		global-review-known-rendering	safe	0.7654	approved	0				global known-rendering assignment; lexical score 0.62
11:46	15	the		16			attached-word	safe	0.6781	approved	0				Article of 'waters'
11:46	16	waters		17	מָּ֑יִם		global-review-known-rendering	safe	0.7781	approved	0				global known-rendering assignment; lexical score 0.63
11:46	25	the		25	הָ		attached-word	safe	0.6432	approved	0				Article of 'earth'
11:46	26	earth		26	אָֽרֶץ		global-review-known-rendering	safe	0.7432	approved	0				global known-rendering assignment; lexical score 0.59
11:47	9	the		12	הַֽ		attached-word	safe	0.6654	approved	0				Article of 'living'
11:47	10	living		13	חַיָּה֙		global-review-known-rendering	safe	0.7654	approved	0				global known-rendering assignment; lexical score 0.62
11:47	20	which		20	אֲשֶׁ֖ר		global-review-known-rendering	safe	0.6684	approved	0				global known-rendering assignment; lexical score 0.52
11:47	22	not		21	לֹ֥א		global-review-known-rendering	safe	0.6789	approved	0				global known-rendering assignment; lexical score 0.53
12:1	2	the				expands	supplied-article	safe	0.7288	approved	0				article the original does not write; rests on 'Lord' → 'יְהוָ֖ה'
12:1	3	Lord		3	יְהוָ֖ה		global-review-known-rendering	safe	0.7288	approved	0				global known-rendering assignment; lexical score 0.58
12:1	4	said		7	אמֹֽר		global-review-known-rendering	safe	0.777	approved	0				global known-rendering assignment; lexical score 0.63
12:1	6	Moses		5	מֹשֶׁ֥ה		global-review-known-rendering	safe	0.7976	approved	0				global known-rendering assignment; lexical score 0.65
12:2	1	Say		6	אמֹ֔ר		global-review-known-rendering	safe	0.7662	approved	0				global known-rendering assignment; lexical score 0.62
12:2	3	the				expands	supplied-article	safe	0.7612	approved	0				article the original does not write; rests on 'children' → 'בְּנֵ֤י'
12:2	4	children		3	בְּנֵ֤י		global-review-known-rendering	safe	0.7612	approved	0				global known-rendering assignment; lexical score 0.61
12:2	5	of		4	יִשְׂרָאֵל֙		attached-word	safe	0.6859	approved	0				Genitive of 'Israel'
12:2	6	Israel		4	יִשְׂרָאֵל֙		global-review-known-rendering	safe	0.7859	approved	0				global known-rendering assignment; lexical score 0.64
12:2	8	a				expands	supplied-indefinite-article	safe	0.7226	approved	0				indefinite article; rests on 'woman' → 'אִשָּׁה֙'
12:2	9	woman		7	אִשָּׁה֙		global-review-known-rendering	safe	0.7226	approved	0				global known-rendering assignment; lexical score 0.57
12:2	17	a				expands	supplied-indefinite-article	safe	0.7437	approved	0				indefinite article; rests on 'male' → 'זָכָ֑ר'
12:2	18	male		12	זָכָ֑ר		global-review-known-rendering	safe	0.7437	approved	0				global known-rendering assignment; lexical score 0.59
12:2	25	seven		15	שִׁבְעַ֣ת		global-review-known-rendering	safe	0.783	approved	0				global known-rendering assignment; lexical score 0.63
12:2	26	days		16	יָמִ֔ים		global-review-known-rendering	safe	0.7781	approved	0				global known-rendering assignment; lexical score 0.63
12:3				3		omits	unrendered-article	safe	0.7663	approved	0				article no the of the verse renders; rests on 'day' → 'יֹּ֖ום'
12:3	3	the		5	הַ		attached-word	safe	0.6045	approved	0				Article of 'eighth'
12:3	4	eighth		6	שְּׁמִינִ֑י		global-review-known-rendering	safe	0.7045	approved	0				global known-rendering assignment; lexical score 0.55
12:3	5	day		4	יֹּ֖ום		global-review-known-rendering	safe	0.7663	approved	0				global known-rendering assignment; lexical score 0.62
12:4	8	days		6	יָמִ֔ים		global-review-known-rendering	safe	0.7781	approved	0				global known-rendering assignment; lexical score 0.63
12:4	14	blood		9	דְמֵ֣י		global-review-known-rendering	safe	0.7562	approved	0				global known-rendering assignment; lexical score 0.61
12:4	18	holy		13	קֹ֣דֶשׁ		global-review-known-rendering	safe	0.6631	approved	0				global known-rendering assignment; lexical score 0.51
12:4	22	touched		15	תִגָּ֗ע		global-review-known-rendering	safe	0.7357	approved	0				global known-rendering assignment; lexical score 0.59
12:4	28	not		20	לֹ֣א		global-review-known-rendering	safe	0.6789	approved	0				global known-rendering assignment; lexical score 0.53
12:4	29	come		21	תָבֹ֔א		global-review-known-rendering	safe	0.572	approved	0				global known-rendering assignment; lexical score 0.42
12:4	34	till		22	עַד		global-review-known-rendering	safe	0.6272	approved	0				global known-rendering assignment; lexical score 0.48
12:4	35	the				expands	supplied-article	safe	0.7781	approved	0				article the original does not write; rests on 'days' → 'יְמֵ֥י'
12:4	36	days		24	יְמֵ֥י		global-review-known-rendering	safe	0.7781	approved	0				global known-rendering assignment; lexical score 0.63
12:5	2	if		2	אִם		global-review-known-rendering	safe	0.6406	approved	0				global known-rendering assignment; lexical score 0.49
12:5	7	a				expands	supplied-indefinite-article	safe	0.7325	approved	0				indefinite article; rests on 'female' → 'נְקֵבָ֣ה'
12:5	8	female		3	נְקֵבָ֣ה		global-review-known-rendering	safe	0.7325	approved	0				global known-rendering assignment; lexical score 0.58
12:5	17	weeks		7	שְׁבֻעַ֖יִם		global-review-known-rendering	safe	0.8	approved	0				global known-rendering assignment; lexical score 0.65
12:5	32	days		15	יָמִ֔ים		global-review-known-rendering	safe	0.7781	approved	0				global known-rendering assignment; lexical score 0.63
12:6	3	the				expands	supplied-article	safe	0.7781	approved	0				article the original does not write; rests on 'days' → 'יְמֵ֣י'
12:6	4	days		4	יְמֵ֣י		global-review-known-rendering	safe	0.7781	approved	0				global known-rendering assignment; lexical score 0.63
12:6	12	a				expands	supplied-indefinite-article	safe	0.7886	approved	0				indefinite article; rests on 'son' → 'בֵן֮'
12:6	13	son		7	בֵן֮		global-review-known-rendering	safe	0.7886	approved	0				global known-rendering assignment; lexical score 0.64
12:6	15	a				expands	supplied-indefinite-article	safe	0.7734	approved	0				indefinite article; rests on 'daughter' → 'בַת֒'
12:6	16	daughter		10	בַת֒		global-review-known-rendering	safe	0.7734	approved	0				global known-rendering assignment; lexical score 0.62
12:6	21	the		29	הַ		attached-word	safe	0.6904	approved	0				Article of 'priest'
12:6	22	priest		30	כֹּהֵֽן		global-review-known-rendering	safe	0.7904	approved	0				global known-rendering assignment; lexical score 0.64
12:6	24	the				expands	supplied-article	safe	0.6765	approved	0				article the original does not write; rests on 'door' → 'פֶּ֥תַח'
12:6	25	door		25	פֶּ֥תַח		global-review-known-rendering	safe	0.6765	approved	0				global known-rendering assignment; lexical score 0.53
12:6	26	of		26	אֹֽהֶל		attached-word	safe	0.6308	approved	0				Genitive of 'Tent'
12:6	27	the				expands	supplied-article	safe	0.7308	approved	0				article the original does not write; rests on 'Tent' → 'אֹֽהֶל'
12:6	28	Tent		26	אֹֽהֶל		global-review-known-rendering	safe	0.7308	approved	0				global known-rendering assignment; lexical score 0.58
12:6	31	a				expands	supplied-indefinite-article	safe	0.608	approved	0				indefinite article; rests on 'lamb' → 'כֶּ֤בֶשׂ'
12:6	32	lamb		12	כֶּ֤בֶשׂ		global-review-known-rendering	safe	0.608	approved	0				global known-rendering assignment; lexical score 0.46
12:6	36	year		14	שְׁנָתֹו֙		global-review-known-rendering	safe	0.7703	approved	0				global known-rendering assignment; lexical score 0.62
12:6	46	a				expands	supplied-indefinite-article	safe	0.8	approved	0				indefinite article; rests on 'dove' → 'יֹונָ֥ה'
12:6	47	dove		19	יֹונָ֥ה		global-review-known-rendering	safe	0.8	approved	0				global known-rendering assignment; lexical score 0.65
12:7	11	before		4	פְנֵ֤י		global-review-known-rendering	safe	0.6583	approved	0				global known-rendering assignment; lexical score 0.51
12:7	29	her		13	דָּמֶ֑יהָ		attached-word	safe	0.6562	approved	0				PossessivePronoun of 'blood'
12:7	30	blood		13	דָּמֶ֑יהָ		global-review-known-rendering	safe	0.7562	approved	0				global known-rendering assignment; lexical score 0.61
12:7	33	the				expands	supplied-article	safe	0.6505	approved	0				article the original does not write; rests on 'law' → 'תֹּורַת֙'
12:7	34	law		15	תֹּורַת֙		global-review-known-rendering	safe	0.6505	approved	0				global known-rendering assignment; lexical score 0.50
12:7	42	a				expands	supplied-indefinite-article	safe	0.7437	approved	0				indefinite article; rests on 'male' → 'זָּכָ֖ר'
12:7	43	male		20	זָּכָ֖ר		global-review-known-rendering	safe	0.7437	approved	0				global known-rendering assignment; lexical score 0.59
12:7	45	a				expands	supplied-indefinite-article	safe	0.7325	approved	0				indefinite article; rests on 'female' → 'נְּקֵבָֽה'
12:7	46	female		24	נְּקֵבָֽה		global-review-known-rendering	safe	0.7325	approved	0				global known-rendering assignment; lexical score 0.58
12:8	2	if		2	אִם		global-review-known-rendering	safe	0.6406	approved	0				global known-rendering assignment; lexical score 0.49
12:8	5	not		3	לֹ֨א		global-review-known-rendering	safe	0.6789	approved	0				global known-rendering assignment; lexical score 0.53
12:8	14	take		9	לָקְחָ֣ה		global-review-known-rendering	safe	0.5506	approved	0				global known-rendering assignment; lexical score 0.40
12:8	15	two		10	שְׁתֵּֽי		global-review-known-rendering	safe	0.6881	approved	0				global known-rendering assignment; lexical score 0.54
12:8	18	two		13	שְׁנֵי֙		global-review-known-rendering	safe	0.6881	approved	0				global known-rendering assignment; lexical score 0.54
12:8	20	pigeons		15	יֹונָ֔ה		global-review-known-rendering	safe	0.8	approved	0				global known-rendering assignment; lexical score 0.65
12:8	21	one		16	אֶחָ֥ד		global-review-known-rendering	safe	0.5901	approved	0				global known-rendering assignment; lexical score 0.44
12:8	33	the		26	הַ		attached-word	safe	0.6904	approved	0				Article of 'priest'
12:8	34	priest		27	כֹּהֵ֖ן		global-review-known-rendering	safe	0.7904	approved	0				global known-rendering assignment; lexical score 0.64
12:8	39	sin		22	חַטָּ֑את		global-review-known-rendering	safe	0.6123	approved	0				global known-rendering assignment; lexical score 0.46
13:1	4	said		10	אמֹֽר		global-review-known-rendering	safe	0.777	approved	0				global known-rendering assignment; lexical score 0.63
13:1	6	Moses		5	מֹשֶׁ֥ה		global-review-known-rendering	safe	0.7976	approved	0				global known-rendering assignment; lexical score 0.65
13:1	8	Aaron		8	אַהֲרֹ֖ן		global-review-known-rendering	safe	0.7943	approved	0				global known-rendering assignment; lexical score 0.64
13:2	7	skin		5	עֹור		global-review-known-rendering	safe	0.7357	approved	0				global known-rendering assignment; lexical score 0.59
13:2	19	becomes		13	הָיָ֥ה		global-review-known-rendering	safe	0.6544	approved	0				global known-rendering assignment; lexical score 0.50
13:2	30	Aaron		23	אַהֲרֹ֣ן		global-review-known-rendering	safe	0.7943	approved	0				global known-rendering assignment; lexical score 0.64
13:2	31	the		24	הַ		attached-word	safe	0.6891	approved	0				Article of 'priest'
13:2	32	priest		25	כֹּהֵ֔ן		global-review-known-rendering	safe	0.7891	approved	0				global known-rendering assignment; lexical score 0.64
13:2	35	one		28	אַחַ֥ד		global-review-known-rendering	safe	0.5901	approved	0				global known-rendering assignment; lexical score 0.44
13:2	37	the		31	הַ		attached-word	safe	0.6782	approved	0				Article of 'priests'
13:2	38	priests		32	כֹּהֲנִֽים		global-review-known-rendering	safe	0.7782	approved	0				global known-rendering assignment; lexical score 0.63
13:2	39	his		30	בָּנָ֖יו		attached-word	safe	0.6678	approved	0				PossessivePronoun of 'sons'
13:2	40	sons		30	בָּנָ֖יו		global-review-known-rendering	safe	0.7678	approved	0				global known-rendering assignment; lexical score 0.62
13:3	4	the		3	הַ		attached-word	safe	0.6891	approved	0				Article of 'priest'
13:3	5	priest		4	כֹּהֵ֣ן		global-review-known-rendering	safe	0.7891	approved	0				global known-rendering assignment; lexical score 0.64
13:3	6	sees		2	רָאָ֣ה		global-review-known-rendering	safe	0.6674	approved	0				global known-rendering assignment; lexical score 0.52
13:3	11	skin		9	עֹֽור		global-review-known-rendering	safe	0.7357	approved	0				global known-rendering assignment; lexical score 0.59
13:3	27	than		24	מֵ		global-review-known-rendering	safe	0.5813	approved	0				global known-rendering assignment; lexical score 0.43
13:3	28	the				expands	supplied-article	safe	0.7357	approved	0				article the original does not write; rests on 'skin' → 'עֹ֣ור'
13:3	29	skin		25	עֹ֣ור		global-review-known-rendering	safe	0.7357	approved	0				global known-rendering assignment; lexical score 0.59
13:3	38	the		32	הַ		attached-word	safe	0.6891	approved	0				Article of 'priest'
13:3	39	priest		33	כֹּהֵ֖ן		global-review-known-rendering	safe	0.7891	approved	0				global known-rendering assignment; lexical score 0.64
13:4	2	if		2	אִם		global-review-known-rendering	safe	0.6421	approved	0				global known-rendering assignment; lexical score 0.49
13:4	7	skin		7	עֹ֣ור		global-review-known-rendering	safe	0.7357	approved	0				global known-rendering assignment; lexical score 0.59
13:4	17	than		13	מִן		global-review-known-rendering	safe	0.5813	approved	0				global known-rendering assignment; lexical score 0.43
13:4	18	the		14	הָ		attached-word	safe	0.6357	approved	0				Article of 'skin'
13:4	19	skin		15	עֹ֔ור		global-review-known-rendering	safe	0.7357	approved	0				global known-rendering assignment; lexical score 0.59
13:4	26	not		18	לֹא		global-review-known-rendering	safe	0.6789	approved	0				global known-rendering assignment; lexical score 0.53
13:4	30	the		23	הַ		attached-word	safe	0.6891	approved	0				Article of 'priest'
13:4	31	priest		24	כֹּהֵ֛ן		global-review-known-rendering	safe	0.7891	approved	0				global known-rendering assignment; lexical score 0.64
13:4	35	shut		22	הִסְגִּ֧יר		global-review-known-rendering	safe	0.5964	approved	0				global known-rendering assignment; lexical score 0.45
13:4	38	seven		28	שִׁבְעַ֥ת		global-review-known-rendering	safe	0.7827	approved	0				global known-rendering assignment; lexical score 0.63
13:4	39	days		29	יָמִֽים		global-review-known-rendering	safe	0.778	approved	0				global known-rendering assignment; lexical score 0.63
13:5	2	the		3	הַ		attached-word	safe	0.6891	approved	0				Article of 'priest'
13:5	3	priest		4	כֹּהֵן֮		global-review-known-rendering	safe	0.7891	approved	0				global known-rendering assignment; lexical score 0.64
13:5	6	see		2	רָאָ֣הוּ		global-review-known-rendering	safe	0.706	approved	0				global known-rendering assignment; lexical score 0.56
13:5	9	the		8	הַ		attached-word	safe	0.6438	approved	0				Article of 'seventh'
13:5	10	seventh		9	שְּׁבִיעִי֒		global-review-known-rendering	safe	0.7437	approved	0				global known-rendering assignment; lexical score 0.59
13:5	11	day		7	יֹּ֣ום		global-review-known-rendering	safe	0.7662	approved	0				global known-rendering assignment; lexical score 0.62
13:5	21	skin		23	עֹ֑ור		global-review-known-rendering	safe	0.7357	approved	0				global known-rendering assignment; lexical score 0.59
13:5	23	not		17	לֹֽא		global-review-known-rendering	safe	0.6789	approved	0				global known-rendering assignment; lexical score 0.53
13:5	33	the		26	הַ		attached-word	safe	0.6891	approved	0				Article of 'priest'
13:5	34	priest		27	כֹּהֵ֛ן		global-review-known-rendering	safe	0.7891	approved	0				global known-rendering assignment; lexical score 0.64
13:5	38	shut		25	הִסְגִּירֹ֧ו		global-review-known-rendering	safe	0.5964	approved	0				global known-rendering assignment; lexical score 0.45
13:5	41	seven		28	שִׁבְעַ֥ת		global-review-known-rendering	safe	0.7827	approved	0				global known-rendering assignment; lexical score 0.63
13:5	42	days		29	יָמִ֖ים		global-review-known-rendering	safe	0.778	approved	0				global known-rendering assignment; lexical score 0.63
13:6	2	the		3	הַ		attached-word	safe	0.6891	approved	0				Article of 'priest'
13:6	3	priest		4	כֹּהֵ֨ן		global-review-known-rendering	safe	0.7891	approved	0				global known-rendering assignment; lexical score 0.64
13:6	6	see		2	רָאָה֩		global-review-known-rendering	safe	0.706	approved	0				global known-rendering assignment; lexical score 0.56
13:6	10	the		9	הַ		attached-word	safe	0.6438	approved	0				Article of 'seventh'
13:6	11	seventh		10	שְּׁבִיעִי֮		global-review-known-rendering	safe	0.7437	approved	0				global known-rendering assignment; lexical score 0.59
13:6	12	day		8	יֹּ֣ום		global-review-known-rendering	safe	0.7662	approved	0				global known-rendering assignment; lexical score 0.62
13:6	22	not		18	לֹא		global-review-known-rendering	safe	0.6789	approved	0				global known-rendering assignment; lexical score 0.53
13:6	26	skin		24	עֹ֑ור		global-review-known-rendering	safe	0.7357	approved	0				global known-rendering assignment; lexical score 0.59
13:6	29	the		27	הַ		attached-word	safe	0.6891	approved	0				Article of 'priest'
13:6	30	priest		28	כֹּהֵן֙		global-review-known-rendering	safe	0.7891	approved	0				global known-rendering assignment; lexical score 0.64
13:7	2	if		2	אִם		global-review-known-rendering	safe	0.6421	approved	0				global known-rendering assignment; lexical score 0.49
13:7	10	skin		9	עֹ֔ור		global-review-known-rendering	safe	0.7357	approved	0				global known-rendering assignment; lexical score 0.59
13:7	13	after		10	אַחֲרֵ֧י		global-review-known-rendering	safe	0.5881	approved	0				global known-rendering assignment; lexical score 0.44
13:7	17	seen		11	הֵרָאֹתֹ֛ו		global-review-known-rendering	safe	0.71	approved	0				global known-rendering assignment; lexical score 0.56
13:7	19	the		13	הַ		attached-word	safe	0.6891	approved	0				Article of 'priest'
13:7	20	priest		14	כֹּהֵ֖ן		global-review-known-rendering	safe	0.7891	approved	0				global known-rendering assignment; lexical score 0.64
13:7	25	the		21	הַ		attached-word	safe	0.6891	approved	0				Article of 'priest'
13:7	26	priest		22	כֹּהֵֽן		global-review-known-rendering	safe	0.7891	approved	0				global known-rendering assignment; lexical score 0.64
13:8	8	sees		2	רָאָה֙		global-review-known-rendering	safe	0.6674	approved	0				global known-rendering assignment; lexical score 0.52
13:8	16	skin		12	עֹ֑ור		global-review-known-rendering	safe	0.7357	approved	0				global known-rendering assignment; lexical score 0.59
13:8	18	the		15	הַ		attached-word	safe	0.6891	approved	0				Article of 'priest'
13:8	19	priest		16	כֹּהֵ֖ן		global-review-known-rendering	safe	0.7891	approved	0				global known-rendering assignment; lexical score 0.64
13:9	17	the		10	הַ		attached-word	safe	0.6891	approved	0				Article of 'priest'
13:9	18	priest		11	כֹּהֵֽן		global-review-known-rendering	safe	0.7891	approved	0				global known-rendering assignment; lexical score 0.64
13:10	3	the		3	הַ		attached-word	safe	0.6891	approved	0				Article of 'priest'
13:10	4	priest		4	כֹּהֵ֗ן		global-review-known-rendering	safe	0.7891	approved	0				global known-rendering assignment; lexical score 0.64
13:10	5	sees		2	רָאָ֣ה		global-review-known-rendering	safe	0.6674	approved	0				global known-rendering assignment; lexical score 0.52
13:10	13	the		10			attached-word	safe	0.6357	approved	0				Article of 'skin'
13:10	14	skin		11	עֹ֔ור		global-review-known-rendering	safe	0.7357	approved	0				global known-rendering assignment; lexical score 0.59
13:10	25	flesh		19	בָּשָׂ֥ר		global-review-known-rendering	safe	0.7476	approved	0				global known-rendering assignment; lexical score 0.60
13:11	7	the				expands	supplied-article	safe	0.7357	approved	0				article the original does not write; rests on 'skin' → 'עֹ֣ור'
13:11	8	skin		5	עֹ֣ור		global-review-known-rendering	safe	0.7357	approved	0				global known-rendering assignment; lexical score 0.59
13:11	9	of		6	בְּשָׂרֹ֔ו		attached-word	safe	0.5476	approved	0				Genitive of 'his'
13:11	10	his		6	בְּשָׂרֹ֔ו		attached-word	safe	0.6476	approved	0				PossessivePronoun of 'flesh'
13:11	11	flesh		6	בְּשָׂרֹ֔ו		global-review-known-rendering	safe	0.7476	approved	0				global known-rendering assignment; lexical score 0.60
13:11	13	the		9	הַ		attached-word	safe	0.6891	approved	0				Article of 'priest'
13:11	14	priest		10	כֹּהֵ֑ן		global-review-known-rendering	safe	0.7891	approved	0				global known-rendering assignment; lexical score 0.64
13:11	23	not		11	לֹ֣א		global-review-known-rendering	safe	0.6789	approved	0				global known-rendering assignment; lexical score 0.53
13:11	27	shut		12	יַסְגִּרֶ֔נּוּ		global-review-known-rendering	safe	0.5964	approved	0				global known-rendering assignment; lexical score 0.45
13:12				14	אֵ֚ת	omits	unrendered-object-marker	safe	0.7583	approved	0				object marker; rests on 'all' → 'כָּל'
13:12	2	if		2	אִם		global-review-known-rendering	safe	0.6421	approved	0				global known-rendering assignment; lexical score 0.49
13:12	7	all		15	כָּל		global-review-known-rendering	safe	0.7583	approved	0				global known-rendering assignment; lexical score 0.61
13:12	10	skin		16	עֹ֣ור		global-review-known-rendering	safe	0.7357	approved	0				global known-rendering assignment; lexical score 0.59
13:12	12	his		20	רֹאשֹׁ֖ו		attached-word	safe	0.6443	approved	0				PossessivePronoun of 'head'
13:12	13	head		20	רֹאשֹׁ֖ו		global-review-known-rendering	safe	0.7443	approved	0				global known-rendering assignment; lexical score 0.59
13:12	15	his		23	רַגְלָ֑יו		attached-word	safe	0.6368	approved	0				PossessivePronoun of 'feet'
13:12	16	feet		23	רַגְלָ֑יו		global-review-known-rendering	safe	0.7368	approved	0				global known-rendering assignment; lexical score 0.59
13:12	20	the		28	הַ		attached-word	safe	0.6891	approved	0				Article of 'priest'
13:12	21	priest		29	כֹּהֵֽן		global-review-known-rendering	safe	0.7891	approved	0				global known-rendering assignment; lexical score 0.64
13:13				10	אֶת	omits	unrendered-object-marker	safe	0.7583	approved	0				object marker; rests on 'all' → 'כָּל'
13:13	3	the		3	הַ		attached-word	safe	0.6891	approved	0				Article of 'priest'
13:13	4	priest		4	כֹּהֵ֗ן		global-review-known-rendering	safe	0.7891	approved	0				global known-rendering assignment; lexical score 0.64
13:13	5	sees		2	רָאָ֣ה		global-review-known-rendering	safe	0.6674	approved	0				global known-rendering assignment; lexical score 0.52
13:13	7	all		11	כָּל		global-review-known-rendering	safe	0.7583	approved	0				global known-rendering assignment; lexical score 0.61
13:13	8	his		12	בְּשָׂרֹ֔ו		attached-word	safe	0.6476	approved	0				PossessivePronoun of 'flesh'
13:13	9	flesh		12	בְּשָׂרֹ֔ו		global-review-known-rendering	safe	0.7476	approved	0				global known-rendering assignment; lexical score 0.60
13:13	11	covered		7	כִסְּתָ֤ה		global-review-known-rendering	safe	0.5986	approved	0				global known-rendering assignment; lexical score 0.45
13:13	26	all		18	כֻּלֹּ֛ו		global-review-known-rendering	safe	0.7583	approved	0				global known-rendering assignment; lexical score 0.61
13:14	4	flesh		6	בָּשָׂ֥ר		global-review-known-rendering	safe	0.7476	approved	0				global known-rendering assignment; lexical score 0.60
13:14	6	seen		4	הֵרָאֹ֥ות		global-review-known-rendering	safe	0.71	approved	0				global known-rendering assignment; lexical score 0.56
13:15				5	אֶת	omits	unrendered-object-marker	safe	0.7476	approved	0				object marker; rests on 'flesh' → 'בָּשָׂ֥ר'
13:15	3	the		3	הַ		attached-word	safe	0.6891	approved	0				Article of 'priest'
13:15	4	priest		4	כֹּהֵ֛ן		global-review-known-rendering	safe	0.7891	approved	0				global known-rendering assignment; lexical score 0.64
13:15	5	sees		2	רָאָ֧ה		global-review-known-rendering	safe	0.6674	approved	0				global known-rendering assignment; lexical score 0.52
13:15	8	flesh		7	בָּשָׂ֥ר		global-review-known-rendering	safe	0.7476	approved	0				global known-rendering assignment; lexical score 0.60
13:15	16	the		12	הַ		attached-word	safe	0.6476	approved	0				Article of 'flesh'
13:15	18	flesh		13	בָּשָׂ֥ר		global-review-known-rendering	safe	0.7476	approved	0				global known-rendering assignment; lexical score 0.60
13:16	5	flesh		5	בָּשָׂ֥ר		global-review-known-rendering	safe	0.7476	approved	0				global known-rendering assignment; lexical score 0.60
13:16	8	again		3	יָשׁ֛וּב		global-review-known-rendering	safe	0.5667	approved	0				global known-rendering assignment; lexical score 0.42
13:16	17	come		13	בָ֖א		global-review-known-rendering	safe	0.572	approved	0				global known-rendering assignment; lexical score 0.42
13:16	19	the		15	הַ		attached-word	safe	0.6891	approved	0				Article of 'priest'
13:16	20	priest		16	כֹּהֵֽן		global-review-known-rendering	safe	0.7891	approved	0				global known-rendering assignment; lexical score 0.64
13:17	2	the		3	הַ		attached-word	safe	0.6891	approved	0				Article of 'priest'
13:17	3	priest		4	כֹּהֵ֔ן		global-review-known-rendering	safe	0.7891	approved	0				global known-rendering assignment; lexical score 0.64
13:17	5	see		2	רָאָ֨הוּ֙		global-review-known-rendering	safe	0.706	approved	0				global known-rendering assignment; lexical score 0.56
13:17	15	the		14	הַ		attached-word	safe	0.6891	approved	0				Article of 'priest'
13:17	16	priest		15	כֹּהֵ֛ן		global-review-known-rendering	safe	0.7891	approved	0				global known-rendering assignment; lexical score 0.64
13:18	10	the				expands	supplied-article	safe	0.7357	approved	0				article the original does not write; rests on 'skin' → 'עֹרֹ֖ו'
13:18	11	skin		7	עֹרֹ֖ו		global-review-known-rendering	safe	0.7357	approved	0				global known-rendering assignment; lexical score 0.59
13:19	5	place		4	מְקֹ֤ום		global-review-known-rendering	safe	0.6409	approved	0				global known-rendering assignment; lexical score 0.49
13:19	20	the		16	הַ		attached-word	safe	0.6891	approved	0				Article of 'priest'
13:19	21	priest		17	כֹּהֵֽן		global-review-known-rendering	safe	0.7891	approved	0				global known-rendering assignment; lexical score 0.64
13:19	22	see		14	נִרְאָ֖ה		global-review-known-rendering	safe	0.706	approved	0				global known-rendering assignment; lexical score 0.56
13:20	12	than		9	מִן		global-review-known-rendering	safe	0.5813	approved	0				global known-rendering assignment; lexical score 0.43
13:20	13	the		10	הָ		attached-word	safe	0.6357	approved	0				Article of 'skin'
13:20	14	skin		11	עֹ֔ור		global-review-known-rendering	safe	0.7357	approved	0				global known-rendering assignment; lexical score 0.59
13:20	24	the		18	הַ		attached-word	safe	0.6891	approved	0				Article of 'priest'
13:20	25	priest		19	כֹּהֵ֛ן		global-review-known-rendering	safe	0.7891	approved	0				global known-rendering assignment; lexical score 0.64
13:21	2	if		2	אִ֣ם		global-review-known-rendering	safe	0.6421	approved	0				global known-rendering assignment; lexical score 0.49
13:21	8	sees		3	יִרְאֶ֣נָּה		global-review-known-rendering	safe	0.6674	approved	0				global known-rendering assignment; lexical score 0.52
13:21	22	than		15	מִן		global-review-known-rendering	safe	0.5813	approved	0				global known-rendering assignment; lexical score 0.43
13:21	23	the		16	הָ		attached-word	safe	0.6357	approved	0				Article of 'skin'
13:21	24	skin		17	עֹ֖ור		global-review-known-rendering	safe	0.7357	approved	0				global known-rendering assignment; lexical score 0.59
13:21	33	the		23	הַ		attached-word	safe	0.6891	approved	0				Article of 'priest'
13:21	34	priest		24	כֹּהֵ֖ן		global-review-known-rendering	safe	0.7891	approved	0				global known-rendering assignment; lexical score 0.64
13:21	37	shut		22	הִסְגִּירֹ֥ו		global-review-known-rendering	safe	0.5964	approved	0				global known-rendering assignment; lexical score 0.45
13:21	40	seven		25	שִׁבְעַ֥ת		global-review-known-rendering	safe	0.7827	approved	0				global known-rendering assignment; lexical score 0.63
13:21	41	days		26	יָמִֽים		global-review-known-rendering	safe	0.778	approved	0				global known-rendering assignment; lexical score 0.63
13:22	2	if		2	אִם		global-review-known-rendering	safe	0.6421	approved	0				global known-rendering assignment; lexical score 0.49
13:22	7	the		6			attached-word	safe	0.6357	approved	0				Article of 'skin'
13:22	8	skin		7	עֹ֑ור		global-review-known-rendering	safe	0.7357	approved	0				global known-rendering assignment; lexical score 0.59
13:22	9	the		10	הַ		attached-word	safe	0.6891	approved	0				Article of 'priest'
13:22	10	priest		11	כֹּהֵ֛ן		global-review-known-rendering	safe	0.7891	approved	0				global known-rendering assignment; lexical score 0.64
13:23	2	if		2	אִם		global-review-known-rendering	safe	0.6421	approved	0				global known-rendering assignment; lexical score 0.49
13:23	8	the				expands	supplied-article	safe	0.5702	approved	0				article the original does not write; rests on 'same' → 'הִ֑וא'
13:23	9	same		12	הִ֑וא		global-review-known-rendering	safe	0.5702	approved	0				global known-rendering assignment; lexical score 0.42
13:23	24	the		15	הַ		attached-word	safe	0.6891	approved	0				Article of 'priest'
13:23	25	priest		16	כֹּהֵֽן		global-review-known-rendering	safe	0.7891	approved	0				global known-rendering assignment; lexical score 0.64
13:24	8	the				expands	supplied-article	safe	0.7357	approved	0				article the original does not write; rests on 'skin' → 'עֹרֹ֖ו'
13:24	9	skin		6	עֹרֹ֖ו		global-review-known-rendering	safe	0.7357	approved	0				global known-rendering assignment; lexical score 0.59
13:24	11	the				expands	supplied-article	safe	0.7476	approved	0				article the original does not write; rests on 'flesh' → 'בָשָׂ֔ר'
13:24	12	flesh		2	בָשָׂ֔ר		global-review-known-rendering	safe	0.7476	approved	0				global known-rendering assignment; lexical score 0.60
13:24	21	becomes		10	הָיְתָ֞ה		global-review-known-rendering	safe	0.6544	approved	0				global known-rendering assignment; lexical score 0.50
13:25	1	The		4	הַ		attached-word	safe	0.6891	approved	0				Article of 'priest'
13:25	2	priest		5	כֹּהֵ֡ן		global-review-known-rendering	safe	0.7891	approved	0				global known-rendering assignment; lexical score 0.64
13:25	5	see		2	רָאָ֣ה		global-review-known-rendering	safe	0.706	approved	0				global known-rendering assignment; lexical score 0.56
13:25	24	than		17	מִן		global-review-known-rendering	safe	0.5813	approved	0				global known-rendering assignment; lexical score 0.43
13:25	25	the		18	הָ		attached-word	safe	0.6357	approved	0				Article of 'skin'
13:25	26	skin		19	עֹ֔ור		global-review-known-rendering	safe	0.7357	approved	0				global known-rendering assignment; lexical score 0.59
13:25	39	the		29	הַ		attached-word	safe	0.6891	approved	0				Article of 'priest'
13:25	40	priest		30	כֹּהֵ֔ן		global-review-known-rendering	safe	0.7891	approved	0				global known-rendering assignment; lexical score 0.64
13:26	2	if		2	אִ֣ם		global-review-known-rendering	safe	0.6421	approved	0				global known-rendering assignment; lexical score 0.49
13:26	7	the		4	הַ		attached-word	safe	0.6891	approved	0				Article of 'priest'
13:26	8	priest		5	כֹּהֵ֗ן		global-review-known-rendering	safe	0.7891	approved	0				global known-rendering assignment; lexical score 0.64
13:26	9	sees		3	יִרְאֶ֣נָּה		global-review-known-rendering	safe	0.6674	approved	0				global known-rendering assignment; lexical score 0.52
13:26	25	than		17	מִן		global-review-known-rendering	safe	0.5813	approved	0				global known-rendering assignment; lexical score 0.43
13:26	26	the		18	הָ		attached-word	safe	0.6357	approved	0				Article of 'skin'
13:26	27	skin		19	עֹ֖ור		global-review-known-rendering	safe	0.7357	approved	0				global known-rendering assignment; lexical score 0.59
13:26	35	the		25	הַ		attached-word	safe	0.6891	approved	0				Article of 'priest'
13:26	36	priest		26	כֹּהֵ֖ן		global-review-known-rendering	safe	0.7891	approved	0				global known-rendering assignment; lexical score 0.64
13:26	39	shut		24	הִסְגִּירֹ֥ו		global-review-known-rendering	safe	0.5964	approved	0				global known-rendering assignment; lexical score 0.45
13:26	42	seven		27	שִׁבְעַ֥ת		global-review-known-rendering	safe	0.7827	approved	0				global known-rendering assignment; lexical score 0.63
13:26	43	days		28	יָמִֽים		global-review-known-rendering	safe	0.778	approved	0				global known-rendering assignment; lexical score 0.63
13:27	2	the		3	הַ		attached-word	safe	0.6891	approved	0				Article of 'priest'
13:27	3	priest		4	כֹּהֵ֖ן		global-review-known-rendering	safe	0.7891	approved	0				global known-rendering assignment; lexical score 0.64
13:27	6	see		2	רָאָ֥הוּ		global-review-known-rendering	safe	0.706	approved	0				global known-rendering assignment; lexical score 0.56
13:27	10	the		8	הַ		attached-word	safe	0.6438	approved	0				Article of 'seventh'
13:27	11	seventh		9	שְּׁבִיעִ֑י		global-review-known-rendering	safe	0.7437	approved	0				global known-rendering assignment; lexical score 0.59
13:27	12	day		7	יֹּ֣ום		global-review-known-rendering	safe	0.7662	approved	0				global known-rendering assignment; lexical score 0.62
13:27	13	if		10	אִם		global-review-known-rendering	safe	0.6421	approved	0				global known-rendering assignment; lexical score 0.49
13:27	18	the		14			attached-word	safe	0.6357	approved	0				Article of 'skin'
13:27	19	skin		15	עֹ֔ור		global-review-known-rendering	safe	0.7357	approved	0				global known-rendering assignment; lexical score 0.59
13:27	21	the		18	הַ		attached-word	safe	0.6891	approved	0				Article of 'priest'
13:27	22	priest		19	כֹּהֵן֙		global-review-known-rendering	safe	0.7891	approved	0				global known-rendering assignment; lexical score 0.64
13:28	2	if		2	אִם		global-review-known-rendering	safe	0.6421	approved	0				global known-rendering assignment; lexical score 0.49
13:28	7	the				expands	supplied-article	safe	0.5702	approved	0				article the original does not write; rests on 'same' → 'הִ֣וא'
13:28	8	same		13	הִ֣וא		global-review-known-rendering	safe	0.5702	approved	0				global known-rendering assignment; lexical score 0.42
13:28	15	the		10			attached-word	safe	0.6357	approved	0				Article of 'skin'
13:28	16	skin		11	עֹור֙		global-review-known-rendering	safe	0.7357	approved	0				global known-rendering assignment; lexical score 0.59
13:28	29	the		21	הַ		attached-word	safe	0.6891	approved	0				Article of 'priest'
13:28	30	priest		22	כֹּהֵ֔ן		global-review-known-rendering	safe	0.7891	approved	0				global known-rendering assignment; lexical score 0.64
13:29	3	a				expands	supplied-indefinite-article	safe	0.6006	approved	0				indefinite article; rests on 'man' → 'אִישׁ֙'
13:29	4	man		2	אִישׁ֙		global-review-known-rendering	safe	0.6006	approved	0				global known-rendering assignment; lexical score 0.45
13:29	6	a				expands	supplied-indefinite-article	safe	0.7223	approved	0				indefinite article; rests on 'woman' → 'אִשָּׁ֔ה'
13:29	7	woman		4	אִשָּׁ֔ה		global-review-known-rendering	safe	0.7223	approved	0				global known-rendering assignment; lexical score 0.57
13:29	12	the				expands	supplied-article	safe	0.7443	approved	0				article the original does not write; rests on 'head' → 'רֹ֖אשׁ'
13:29	13	head		10	רֹ֖אשׁ		global-review-known-rendering	safe	0.7443	approved	0				global known-rendering assignment; lexical score 0.59
13:30	2	the		3	הַ		attached-word	safe	0.6891	approved	0				Article of 'priest'
13:30	3	priest		4	כֹּהֵ֜ן		global-review-known-rendering	safe	0.7891	approved	0				global known-rendering assignment; lexical score 0.64
13:30	6	see		2	רָאָ֨ה		global-review-known-rendering	safe	0.706	approved	0				global known-rendering assignment; lexical score 0.56
13:30	17	than		12	מִן		global-review-known-rendering	safe	0.5813	approved	0				global known-rendering assignment; lexical score 0.43
13:30	18	the		13	הָ		attached-word	safe	0.6357	approved	0				Article of 'skin'
13:30	19	skin		14	עֹ֔ור		global-review-known-rendering	safe	0.7357	approved	0				global known-rendering assignment; lexical score 0.59
13:30	24	thin		19	דָּ֑ק		global-review-known-rendering	safe	0.575	approved	0				global known-rendering assignment; lexical score 0.43
13:30	30	the		23	הַ		attached-word	safe	0.6891	approved	0				Article of 'priest'
13:30	31	priest		24	כֹּהֵן֙		global-review-known-rendering	safe	0.7891	approved	0				global known-rendering assignment; lexical score 0.64
13:30	48	head		29	רֹ֛אשׁ		global-review-known-rendering	safe	0.7443	approved	0				global known-rendering assignment; lexical score 0.59
13:31	16	than		15	מִן		global-review-known-rendering	safe	0.5813	approved	0				global known-rendering assignment; lexical score 0.43
13:31	17	the		16	הָ		attached-word	safe	0.6357	approved	0				Article of 'skin'
13:31	18	skin		17	עֹ֔ור		global-review-known-rendering	safe	0.7357	approved	0				global known-rendering assignment; lexical score 0.59
13:31	28	the		25	הַ		attached-word	safe	0.6891	approved	0				Article of 'priest'
13:31	29	priest		26	כֹּהֵ֛ן		global-review-known-rendering	safe	0.7891	approved	0				global known-rendering assignment; lexical score 0.64
13:31	33	shut		24	הִסְגִּ֧יר		global-review-known-rendering	safe	0.5964	approved	0				global known-rendering assignment; lexical score 0.45
13:31	36	seven		31	שִׁבְעַ֥ת		global-review-known-rendering	safe	0.7827	approved	0				global known-rendering assignment; lexical score 0.63
13:31	37	days		32	יָמִֽים		global-review-known-rendering	safe	0.778	approved	0				global known-rendering assignment; lexical score 0.63
13:32	3	the		11	הַ		attached-word	safe	0.6438	approved	0				Article of 'seventh'
13:32	4	seventh		12	שְּׁבִיעִי֒		global-review-known-rendering	safe	0.7437	approved	0				global known-rendering assignment; lexical score 0.59
13:32	5	day		10	יֹּ֣ום		global-review-known-rendering	safe	0.7662	approved	0				global known-rendering assignment; lexical score 0.62
13:32	6	the		3	הַ		attached-word	safe	0.6891	approved	0				Article of 'priest'
13:32	7	priest		4	כֹּהֵ֣ן		global-review-known-rendering	safe	0.7891	approved	0				global known-rendering assignment; lexical score 0.64
13:32	9	see		2	רָאָ֨ה		global-review-known-rendering	safe	0.706	approved	0				global known-rendering assignment; lexical score 0.56
13:32	16	not		15	לֹא		global-review-known-rendering	safe	0.6789	approved	0				global known-rendering assignment; lexical score 0.53
13:32	29	not		20	לֹא		global-review-known-rendering	safe	0.6789	approved	0				global known-rendering assignment; lexical score 0.53
13:32	34	than		31	מִן		global-review-known-rendering	safe	0.5813	approved	0				global known-rendering assignment; lexical score 0.43
13:32	35	the		32	הָ		attached-word	safe	0.6357	approved	0				Article of 'skin'
13:32	36	skin		33	עֹֽור		global-review-known-rendering	safe	0.7357	approved	0				global known-rendering assignment; lexical score 0.59
13:33	10	not		7	לֹ֣א		global-review-known-rendering	safe	0.6789	approved	0				global known-rendering assignment; lexical score 0.53
13:33	20	shut		10	הִסְגִּ֨יר		global-review-known-rendering	safe	0.5964	approved	0				global known-rendering assignment; lexical score 0.45
13:33	23	seven		16	שִׁבְעַ֥ת		global-review-known-rendering	safe	0.7827	approved	0				global known-rendering assignment; lexical score 0.63
13:33	24	days		17	יָמִ֖ים		global-review-known-rendering	safe	0.778	approved	0				global known-rendering assignment; lexical score 0.63
13:34	3	the		11	הַ		attached-word	safe	0.6438	approved	0				Article of 'seventh'
13:34	4	seventh		12	שְּׁבִיעִ֗י		global-review-known-rendering	safe	0.7437	approved	0				global known-rendering assignment; lexical score 0.59
13:34	5	day		10	יֹּ֣ום		global-review-known-rendering	safe	0.7662	approved	0				global known-rendering assignment; lexical score 0.62
13:34	6	the		3	הַ		attached-word	safe	0.6891	approved	0				Article of 'priest'
13:34	7	priest		4	כֹּהֵ֨ן		global-review-known-rendering	safe	0.7891	approved	0				global known-rendering assignment; lexical score 0.64
13:34	9	see		2	רָאָה֩		global-review-known-rendering	safe	0.706	approved	0				global known-rendering assignment; lexical score 0.56
13:34	25	than		26	מִן		global-review-known-rendering	safe	0.5813	approved	0				global known-rendering assignment; lexical score 0.43
13:34	26	the		27	הָ		attached-word	safe	0.6357	approved	0				Article of 'skin'
13:34	27	skin		28	עֹ֑ור		global-review-known-rendering	safe	0.7357	approved	0				global known-rendering assignment; lexical score 0.59
13:34	28	the		32	הַ		attached-word	safe	0.6891	approved	0				Article of 'priest'
13:34	29	priest		33	כֹּהֵ֔ן		global-review-known-rendering	safe	0.7891	approved	0				global known-rendering assignment; lexical score 0.64
13:35	2	if		2	אִם		global-review-known-rendering	safe	0.6421	approved	0				global known-rendering assignment; lexical score 0.49
13:35	7	skin		9	עֹ֑ור		global-review-known-rendering	safe	0.7357	approved	0				global known-rendering assignment; lexical score 0.59
13:35	10	after		10	אַחֲרֵ֖י		global-review-known-rendering	safe	0.5881	approved	0				global known-rendering assignment; lexical score 0.44
13:36	2	the		3	הַ		attached-word	safe	0.6891	approved	0				Article of 'priest'
13:36	3	priest		4	כֹּהֵ֔ן		global-review-known-rendering	safe	0.7891	approved	0				global known-rendering assignment; lexical score 0.64
13:36	6	see		2	רָאָ֨הוּ֙		global-review-known-rendering	safe	0.706	approved	0				global known-rendering assignment; lexical score 0.56
13:36	14	the		15	הַ		attached-word	safe	0.6891	approved	0				Article of 'priest'
13:36	15	priest		16	כֹּהֵ֛ן		global-review-known-rendering	safe	0.7891	approved	0				global known-rendering assignment; lexical score 0.64
13:37	2	if		2	אִם		global-review-known-rendering	safe	0.6421	approved	0				global known-rendering assignment; lexical score 0.49
13:37	26	the		20	הַ		attached-word	safe	0.6891	approved	0				Article of 'priest'
13:37	27	priest		21	כֹּהֵֽן		global-review-known-rendering	safe	0.7891	approved	0				global known-rendering assignment; lexical score 0.64
13:38	3	a				expands	supplied-indefinite-article	safe	0.6006	approved	0				indefinite article; rests on 'man' → 'אִישׁ֙'
13:38	4	man		2	אִישׁ֙		global-review-known-rendering	safe	0.6006	approved	0				global known-rendering assignment; lexical score 0.45
13:38	6	a				expands	supplied-indefinite-article	safe	0.7223	approved	0				indefinite article; rests on 'woman' → 'אִשָּׁ֔ה'
13:38	7	woman		4	אִשָּׁ֔ה		global-review-known-rendering	safe	0.7223	approved	0				global known-rendering assignment; lexical score 0.57
13:38	12	the				expands	supplied-article	safe	0.7357	approved	0				article the original does not write; rests on 'skin' → 'עֹור'
13:38	13	skin		8	עֹור		global-review-known-rendering	safe	0.7357	approved	0				global known-rendering assignment; lexical score 0.59
13:38	14	of		9	בְּשָׂרָ֖ם		attached-word	safe	0.5476	approved	0				Genitive of 'their'
13:38	15	their		9	בְּשָׂרָ֖ם		attached-word	safe	0.6476	approved	0				PossessivePronoun of 'flesh'
13:38	16	flesh		9	בְּשָׂרָ֖ם		global-review-known-rendering	safe	0.7476	approved	0				global known-rendering assignment; lexical score 0.60
13:39	2	the		3	הַ		attached-word	safe	0.6891	approved	0				Article of 'priest'
13:39	3	priest		4	כֹּהֵ֗ן		global-review-known-rendering	safe	0.7891	approved	0				global known-rendering assignment; lexical score 0.64
13:39	6	see		2	רָאָ֣ה		global-review-known-rendering	safe	0.706	approved	0				global known-rendering assignment; lexical score 0.56
13:39	15	skin		8	עֹור		global-review-known-rendering	safe	0.7357	approved	0				global known-rendering assignment; lexical score 0.59
13:39	30	the		17			attached-word	safe	0.6357	approved	0				Article of 'skin'
13:39	31	skin		18	עֹ֖ור		global-review-known-rendering	safe	0.7357	approved	0				global known-rendering assignment; lexical score 0.59
13:40	3	a				expands	supplied-indefinite-article	safe	0.575	approved	0				indefinite article; rests on 'man's' → 'אִ֕ישׁ'
13:40	4	man's		2	אִ֕ישׁ		global-review-known-rendering	safe	0.575	approved	0				global known-rendering assignment; lexical score 0.43
13:41	2	if		2	אִם֙		global-review-known-rendering	safe	0.6421	approved	0				global known-rendering assignment; lexical score 0.49
13:41	12	his		7	רֹאשֹׁ֑ו		attached-word	safe	0.6443	approved	0				PossessivePronoun of 'head'
13:41	13	head		7	רֹאשֹׁ֑ו		global-review-known-rendering	safe	0.7443	approved	0				global known-rendering assignment; lexical score 0.59
13:43	3	the		4	הַ		attached-word	safe	0.6891	approved	0				Article of 'priest'
13:43	4	priest		5	כֹּהֵ֗ן		global-review-known-rendering	safe	0.7891	approved	0				global known-rendering assignment; lexical score 0.64
13:43	5	sees		2	רָאָ֨ה		global-review-known-rendering	safe	0.6674	approved	0				global known-rendering assignment; lexical score 0.52
13:43	33	the				expands	supplied-article	safe	0.7357	approved	0				article the original does not write; rests on 'skin' → 'עֹ֥ור'
13:43	34	skin		21	עֹ֥ור		global-review-known-rendering	safe	0.7357	approved	0				global known-rendering assignment; lexical score 0.59
13:44	3	a				expands	supplied-indefinite-article	safe	0.8	approved	0				indefinite article; rests on 'leper' → 'צָר֥וּעַ'
13:44	4	leper		2	צָר֥וּעַ		global-review-known-rendering	safe	0.8	approved	0				global known-rendering assignment; lexical score 0.65
13:44	7	the		8	הַ		attached-word	safe	0.6891	approved	0				Article of 'priest'
13:44	8	priest		9	כֹּהֵ֖ן		global-review-known-rendering	safe	0.7891	approved	0				global known-rendering assignment; lexical score 0.64
13:44	22	his		11	רֹאשֹׁ֥ו		attached-word	safe	0.6443	approved	0				PossessivePronoun of 'head'
13:44	23	head		11	רֹאשֹׁ֥ו		global-review-known-rendering	safe	0.7443	approved	0				global known-rendering assignment; lexical score 0.59
13:45	2	the		2	הַ		attached-word	safe	0.7	approved	0				Article of 'leper'
13:45	3	leper		3	צָּר֜וּעַ		global-review-known-rendering	safe	0.8	approved	0				global known-rendering assignment; lexical score 0.65
13:47	5	wool		11	צֶ֔מֶר		global-review-known-rendering	safe	0.7625	approved	0				global known-rendering assignment; lexical score 0.61
13:48	12	the		12			attached-word	safe	0.6625	approved	0				Article of 'wool'
13:48	13	wool		13	צָּ֑מֶר		global-review-known-rendering	safe	0.7625	approved	0				global known-rendering assignment; lexical score 0.61
13:48	22	skin		21	עֹֽור		global-review-known-rendering	safe	0.7357	approved	0				global known-rendering assignment; lexical score 0.59
13:49				33	אֶת	omits	unrendered-object-marker	safe	0.7891	approved	0				object marker; rests on 'priest' → 'כֹּהֵֽן'
13:49	20	the		9			attached-word	safe	0.5615	approved	0				Article of 'cloth'
13:49	21	cloth		10	בֶּגֶד֩		global-review-known-rendering	safe	0.6615	approved	0				global known-rendering assignment; lexical score 0.51
13:49	27	skin		27	עֹ֔ור		global-review-known-rendering	safe	0.7357	approved	0				global known-rendering assignment; lexical score 0.59
13:49	34	the		34	הַ		attached-word	safe	0.6891	approved	0				Article of 'priest'
13:49	35	priest		35	כֹּהֵֽן		global-review-known-rendering	safe	0.7891	approved	0				global known-rendering assignment; lexical score 0.64
13:49	36	see		32	הָרְאָ֖ה		global-review-known-rendering	safe	0.706	approved	0				global known-rendering assignment; lexical score 0.56
13:50	6	seen		2	רָאָ֥ה		global-review-known-rendering	safe	0.71	approved	0				global known-rendering assignment; lexical score 0.56
13:50	8	the		3	הַ		attached-word	safe	0.6891	approved	0				Article of 'priest'
13:50	9	priest		4	כֹּהֵ֖ן		global-review-known-rendering	safe	0.7891	approved	0				global known-rendering assignment; lexical score 0.64
13:50	19	shut		9	הִסְגִּ֥יר		global-review-known-rendering	safe	0.5964	approved	0				global known-rendering assignment; lexical score 0.45
13:50	22	seven		13	שִׁבְעַ֥ת		global-review-known-rendering	safe	0.7827	approved	0				global known-rendering assignment; lexical score 0.63
13:50	23	days		14	יָמִֽים		global-review-known-rendering	safe	0.778	approved	0				global known-rendering assignment; lexical score 0.63
13:51	5	see		2	רָאָ֨ה		global-review-known-rendering	safe	0.706	approved	0				global known-rendering assignment; lexical score 0.56
13:51	9	the		9	הַ		attached-word	safe	0.6438	approved	0				Article of 'seventh'
13:51	10	seventh		10	שְּׁבִיעִ֗י		global-review-known-rendering	safe	0.7437	approved	0				global known-rendering assignment; lexical score 0.59
13:51	11	day		8	יֹּ֣ום		global-review-known-rendering	safe	0.7662	approved	0				global known-rendering assignment; lexical score 0.62
13:52	5	the		15			attached-word	safe	0.6625	approved	0				Article of 'wool'
13:52	6	wool		16	צֶּ֨מֶר֙		global-review-known-rendering	safe	0.7625	approved	0				global known-rendering assignment; lexical score 0.61
13:52	15	which		27	אֲשֶׁר		global-review-known-rendering	safe	0.6688	approved	0				global known-rendering assignment; lexical score 0.52
13:52	35	the		37			attached-word	safe	0.5967	approved	0				Article of 'fire'
13:52	36	fire		38	אֵ֖שׁ		global-review-known-rendering	safe	0.6967	approved	0				global known-rendering assignment; lexical score 0.55
13:53	2	if		2	אִם֮		global-review-known-rendering	safe	0.6421	approved	0				global known-rendering assignment; lexical score 0.49
13:53	3	the		4	הַ		attached-word	safe	0.6891	approved	0				Article of 'priest'
13:53	4	priest		5	כֹּהֵן֒		global-review-known-rendering	safe	0.7891	approved	0				global known-rendering assignment; lexical score 0.64
13:53	5	sees		3	יִרְאֶ֣ה		global-review-known-rendering	safe	0.6674	approved	0				global known-rendering assignment; lexical score 0.52
13:53	10	not		8	לֹא		global-review-known-rendering	safe	0.6789	approved	0				global known-rendering assignment; lexical score 0.53
13:54	2	the		3	הַ		attached-word	safe	0.6891	approved	0				Article of 'priest'
13:54	3	priest		4	כֹּהֵ֔ן		global-review-known-rendering	safe	0.7891	approved	0				global known-rendering assignment; lexical score 0.64
13:54	11	which		8	אֲשֶׁר		global-review-known-rendering	safe	0.6688	approved	0				global known-rendering assignment; lexical score 0.52
13:54	21	shut		13	הִסְגִּירֹ֥ו		global-review-known-rendering	safe	0.5964	approved	0				global known-rendering assignment; lexical score 0.45
13:54	24	seven		14	שִׁבְעַת		global-review-known-rendering	safe	0.7827	approved	0				global known-rendering assignment; lexical score 0.63
13:54	25	days		15	יָמִ֖ים		global-review-known-rendering	safe	0.778	approved	0				global known-rendering assignment; lexical score 0.63
13:55				16	אֶת	omits	unrendered-object-marker	safe	0.8	approved	0				object marker; rests on 'colour' → 'עֵינֹו֙'
13:55	3	after		5	אַחֲרֵ֣י		global-review-known-rendering	safe	0.5881	approved	0				global known-rendering assignment; lexical score 0.44
13:55	9	the		3	הַ		attached-word	safe	0.6891	approved	0				Article of 'priest'
13:55	10	priest		4	כֹּהֵ֜ן		global-review-known-rendering	safe	0.7891	approved	0				global known-rendering assignment; lexical score 0.64
13:55	11	sees		2	רָאָ֨ה		global-review-known-rendering	safe	0.6674	approved	0				global known-rendering assignment; lexical score 0.52
13:55	13	the				expands	supplied-article	safe	0.8	approved	0				article the original does not write; rests on 'colour' → 'עֵינֹו֙'
13:55	14	colour		17	עֵינֹו֙		global-review-known-rendering	safe	0.8	approved	0				global known-rendering assignment; lexical score 0.65
13:55	18	not		12	לֹֽא		global-review-known-rendering	safe	0.6789	approved	0				global known-rendering assignment; lexical score 0.53
13:55	23	not		21	לֹֽא		global-review-known-rendering	safe	0.6789	approved	0				global known-rendering assignment; lexical score 0.53
13:55	31	the		26			attached-word	safe	0.5967	approved	0				Article of 'fire'
13:55	32	fire		27	אֵ֖שׁ		global-review-known-rendering	safe	0.6967	approved	0				global known-rendering assignment; lexical score 0.55
13:56	2	if		2	אִם֮		global-review-known-rendering	safe	0.6421	approved	0				global known-rendering assignment; lexical score 0.49
13:56	3	the		4	הַ		attached-word	safe	0.6891	approved	0				Article of 'priest'
13:56	4	priest		5	כֹּהֵן֒		global-review-known-rendering	safe	0.7891	approved	0				global known-rendering assignment; lexical score 0.64
13:56	5	sees		3	רָאָ֣ה		global-review-known-rendering	safe	0.6674	approved	0				global known-rendering assignment; lexical score 0.52
13:56	12	after		11	אַחֲרֵ֖י		global-review-known-rendering	safe	0.5881	approved	0				global known-rendering assignment; lexical score 0.44
13:57	2	if		2	אִם		global-review-known-rendering	safe	0.6421	approved	0				global known-rendering assignment; lexical score 0.49
13:57	7	seen		3	תֵּרָאֶ֨ה		global-review-known-rendering	safe	0.71	approved	0				global known-rendering assignment; lexical score 0.56
13:57	31	which		28	אֲשֶׁר		global-review-known-rendering	safe	0.6688	approved	0				global known-rendering assignment; lexical score 0.52
13:57	41	fire		25	אֵ֣שׁ		global-review-known-rendering	safe	0.6967	approved	0				global known-rendering assignment; lexical score 0.55
13:58	10	skin		14	עֹור֙		global-review-known-rendering	safe	0.7357	approved	0				global known-rendering assignment; lexical score 0.59
13:58	11	which		15	אֲשֶׁ֣ר		global-review-known-rendering	safe	0.6688	approved	0				global known-rendering assignment; lexical score 0.52
13:58	27	a				expands	supplied-indefinite-article	safe	0.7036	approved	0				indefinite article; rests on 'second' → 'שֵׁנִ֖ית'
13:58	28	second		24	שֵׁנִ֖ית		global-review-known-rendering	safe	0.7036	approved	0				global known-rendering assignment; lexical score 0.55
13:59	3	the				expands	supplied-article	safe	0.6505	approved	0				article the original does not write; rests on 'law' → 'תֹּורַ֨ת'
13:59	4	law		2	תֹּורַ֨ת		global-review-known-rendering	safe	0.6505	approved	0				global known-rendering assignment; lexical score 0.50
13:59	13	wool		7	צֶּ֣מֶר		global-review-known-rendering	safe	0.7625	approved	0				global known-rendering assignment; lexical score 0.61
13:59	23	skin		20	עֹ֑ור		global-review-known-rendering	safe	0.7357	approved	0				global known-rendering assignment; lexical score 0.59
14:1	2	the				expands	supplied-article	safe	0.7287	approved	0				article the original does not write; rests on 'Lord' → 'יְהוָ֖ה'
14:1	3	Lord		3	יְהוָ֖ה		global-review-known-rendering	safe	0.7287	approved	0				global known-rendering assignment; lexical score 0.58
14:1	4	said		7	אמֹֽר		global-review-known-rendering	safe	0.777	approved	0				global known-rendering assignment; lexical score 0.63
14:1	6	Moses		5	מֹשֶׁ֥ה		global-review-known-rendering	safe	0.7976	approved	0				global known-rendering assignment; lexical score 0.65
14:2	3	the				expands	supplied-article	safe	0.649	approved	0				article the original does not write; rests on 'law' → 'תֹּורַ֣ת'
14:2	4	law		3	תֹּורַ֣ת		global-review-known-rendering	safe	0.649	approved	0				global known-rendering assignment; lexical score 0.50
14:2	5	of		5	מְּצֹרָ֔ע		attached-word	safe	0.7	approved	0				Genitive of 'leper'
14:2	6	the		4	הַ		attached-word	safe	0.7	approved	0				Article of 'leper'
14:2	7	leper		5	מְּצֹרָ֔ע		global-review-known-rendering	safe	0.8	approved	0				global known-rendering assignment; lexical score 0.65
14:2	9	the				expands	supplied-article	safe	0.7662	approved	0				article the original does not write; rests on 'day' → 'יֹ֖ום'
14:2	10	day		7	יֹ֖ום		global-review-known-rendering	safe	0.7662	approved	0				global known-rendering assignment; lexical score 0.62
14:2	22	the		12	הַ		attached-word	safe	0.6897	approved	0				Article of 'priest'
14:2	23	priest		13	כֹּהֵֽן		global-review-known-rendering	safe	0.7897	approved	0				global known-rendering assignment; lexical score 0.64
14:3	2	the		3	הַ		attached-word	safe	0.6897	approved	0				Article of 'priest'
14:3	3	priest		4	כֹּהֵ֔ן		global-review-known-rendering	safe	0.7897	approved	0				global known-rendering assignment; lexical score 0.64
14:3	14	the		13	הַ		attached-word	safe	0.6897	approved	0				Article of 'priest'
14:3	15	priest		14	כֹּהֵ֔ן		global-review-known-rendering	safe	0.7897	approved	0				global known-rendering assignment; lexical score 0.64
14:3	16	sees		12	רָאָה֙		global-review-known-rendering	safe	0.6695	approved	0				global known-rendering assignment; lexical score 0.52
14:4	2	the		3	הַ		attached-word	safe	0.6897	approved	0				Article of 'priest'
14:4	3	priest		4	כֹּהֵ֔ן		global-review-known-rendering	safe	0.7897	approved	0				global known-rendering assignment; lexical score 0.64
14:4	18	two		10	שְׁתֵּֽי		global-review-known-rendering	safe	0.6872	approved	0				global known-rendering assignment; lexical score 0.54
14:4	19	living		12	חַיֹּ֖ות		global-review-known-rendering	safe	0.764	approved	0				global known-rendering assignment; lexical score 0.61
14:4	24	cedar		16	אֶ֔רֶז		global-review-known-rendering	safe	0.7693	approved	0				global known-rendering assignment; lexical score 0.62
14:4	25	wood		15	עֵ֣ץ		global-review-known-rendering	safe	0.6956	approved	0				global known-rendering assignment; lexical score 0.55
14:4	30	hyssop		21	אֵזֹֽב		global-review-known-rendering	safe	0.8	approved	0				global known-rendering assignment; lexical score 0.65
14:5				10	הָ	omits	unrendered-article	safe	0.5886	approved	0				article no the of the verse renders; rests on 'one' → 'אֶחָ֑ת'
14:5	2	the		3	הַ		attached-word	safe	0.6897	approved	0				Article of 'priest'
14:5	3	priest		4	כֹּהֵ֔ן		global-review-known-rendering	safe	0.7897	approved	0				global known-rendering assignment; lexical score 0.64
14:5	8	one		11	אֶחָ֑ת		global-review-known-rendering	safe	0.5886	approved	0				global known-rendering assignment; lexical score 0.44
14:5	18	a				expands	supplied-indefinite-article	safe	0.7735	approved	0				indefinite article; rests on 'vessel' → 'כְּלִי'
14:5	19	vessel		13	כְּלִי		global-review-known-rendering	safe	0.7735	approved	0				global known-rendering assignment; lexical score 0.62
14:5	23	over		15	עַל		global-review-known-rendering	safe	0.5655	approved	0				global known-rendering assignment; lexical score 0.42
14:5	25	water		16	מַ֥יִם		global-review-known-rendering	safe	0.7765	approved	0				global known-rendering assignment; lexical score 0.63
14:6				1	אֶת	omits	unrendered-object-marker	safe	0.625	approved	0				object marker; rests on 'bird' → 'צִּפֹּ֤ר'
14:6				9	אֶת	omits	unrendered-object-marker	safe	0.6956	approved	0				object marker; rests on 'wood' → 'עֵ֥ץ'
14:6				19	אֶת	omits	unrendered-object-marker	safe	0.8	approved	0				object marker; rests on 'hyssop' → 'אֵזֹ֑ב'
14:6	5	the		4	הַֽ		attached-word	safe	0.664	approved	0				Article of 'living'
14:6	6	living		5	חַיָּה֙		global-review-known-rendering	safe	0.764	approved	0				global known-rendering assignment; lexical score 0.61
14:6	7	bird		3	צִּפֹּ֤ר		global-review-known-rendering	safe	0.625	approved	0				global known-rendering assignment; lexical score 0.48
14:6	9	the				expands	supplied-article	safe	0.6956	approved	0				article the original does not write; rests on 'wood' → 'עֵ֥ץ'
14:6	10	wood		10	עֵ֥ץ		global-review-known-rendering	safe	0.6956	approved	0				global known-rendering assignment; lexical score 0.55
14:6	16	the		20	הָ		attached-word	safe	0.7	approved	0				Article of 'hyssop'
14:6	17	hyssop		21	אֵזֹ֑ב		global-review-known-rendering	safe	0.8	approved	0				global known-rendering assignment; lexical score 0.65
14:6	22	the				expands	supplied-article	safe	0.758	approved	0				article the original does not write; rests on 'blood' → 'דַם֙'
14:6	23	blood		32	דַם֙		global-review-known-rendering	safe	0.758	approved	0				global known-rendering assignment; lexical score 0.61
14:6	24	of		34	צִּפֹּ֣ר		attached-word	safe	0.525	approved	0				Genitive of 'bird'
14:6	25	the		33	הַ		attached-word	safe	0.525	approved	0				Article of 'bird'
14:6	26	bird		34	צִּפֹּ֣ר		global-review-known-rendering	safe	0.625	approved	0				global known-rendering assignment; lexical score 0.48
14:6	32	over		37	עַ֖ל		global-review-known-rendering	safe	0.5655	approved	0				global known-rendering assignment; lexical score 0.42
14:6	34	water		39	מַּ֥יִם		global-review-known-rendering	safe	0.7765	approved	0				global known-rendering assignment; lexical score 0.63
14:7				15	אֶת	omits	unrendered-object-marker	safe	0.625	approved	0				object marker; rests on 'bird' → 'צִּפֹּ֥ר'
14:7	4	seven		9	שֶׁ֣בַע		global-review-known-rendering	safe	0.7828	approved	0				global known-rendering assignment; lexical score 0.63
14:7	6	over		3	עַ֧ל		global-review-known-rendering	safe	0.5655	approved	0				global known-rendering assignment; lexical score 0.42
14:7	25	the		16	הַ		attached-word	safe	0.525	approved	0				Article of 'bird'
14:7	26	living		19	חַיָּ֖ה		global-review-known-rendering	safe	0.764	approved	0				global known-rendering assignment; lexical score 0.61
14:7	27	bird		17	צִּפֹּ֥ר		global-review-known-rendering	safe	0.625	approved	0				global known-rendering assignment; lexical score 0.48
14:8	13	washed		13	רָחַ֤ץ		global-review-known-rendering	safe	0.5968	approved	0				global known-rendering assignment; lexical score 0.45
14:8	15	his		11	שְׂעָרֹ֗ו		attached-word	safe	0.5	approved	0				PossessivePronoun of 'hair'
14:8	16	hair		11	שְׂעָרֹ֗ו		global-review-known-rendering	safe	0.6	approved	0				global known-rendering assignment; lexical score 0.45
14:8	28	after		20	אַחַ֖ר		global-review-known-rendering	safe	0.5878	approved	0				global known-rendering assignment; lexical score 0.44
14:8	32	come		21	יָבֹ֣וא		global-review-known-rendering	safe	0.5715	approved	0				global known-rendering assignment; lexical score 0.42
14:8	43	his		30	אָהֳלֹ֖ו		attached-word	safe	0.6301	approved	0				PossessivePronoun of 'tent'
14:8	44	tent		30	אָהֳלֹ֖ו		global-review-known-rendering	safe	0.7301	approved	0				global known-rendering assignment; lexical score 0.58
14:8	46	seven		31	שִׁבְעַ֥ת		global-review-known-rendering	safe	0.7828	approved	0				global known-rendering assignment; lexical score 0.63
14:8	47	days		32	יָמִֽים		global-review-known-rendering	safe	0.7783	approved	0				global known-rendering assignment; lexical score 0.63
14:9				9	אֶת	omits	unrendered-object-marker	safe	0.7586	approved	0				object marker; rests on 'all' → 'כָּל'
14:9				12	אֶת	omits	unrendered-object-marker	safe	0.7398	approved	0				object marker; rests on 'head' → 'רֹאשֹׁ֤ו'
14:9				22	אֶת	omits	unrendered-object-marker	safe	0.7586	approved	0				object marker; rests on 'all' → 'כָּל'
14:9	3	the		6	הַ		attached-word	safe	0.6458	approved	0				Article of 'seventh'
14:9	4	seventh		7	שְּׁבִיעִ֜י		global-review-known-rendering	safe	0.7458	approved	0				global known-rendering assignment; lexical score 0.60
14:9	5	day		5	יֹּ֨ום		global-review-known-rendering	safe	0.7662	approved	0				global known-rendering assignment; lexical score 0.62
14:9	10	all		10	כָּל		global-review-known-rendering	safe	0.7586	approved	0				global known-rendering assignment; lexical score 0.61
14:9	11	the				expands	supplied-article	safe	0.6	approved	0				article the original does not write; rests on 'hair' → 'שְׂעָרֹ֗ו'
14:9	12	hair		11	שְׂעָרֹ֗ו		global-review-known-rendering	safe	0.6	approved	0				global known-rendering assignment; lexical score 0.45
14:9	15	his		13	רֹאשֹׁ֤ו		attached-word	safe	0.6398	approved	0				PossessivePronoun of 'head'
14:9	16	head		13	רֹאשֹׁ֤ו		global-review-known-rendering	safe	0.7398	approved	0				global known-rendering assignment; lexical score 0.59
14:9	22	his		20	עֵינָ֔יו		attached-word	safe	0.684	approved	0				PossessivePronoun of 'eyes'
14:9	23	eyes		20	עֵינָ֔יו		global-review-known-rendering	safe	0.784	approved	0				global known-rendering assignment; lexical score 0.63
14:9	24	all		23	כָּל		global-review-known-rendering	safe	0.7586	approved	0				global known-rendering assignment; lexical score 0.61
14:9	25	his		24	שְׂעָרֹ֖ו		attached-word	safe	0.5	approved	0				PossessivePronoun of 'hair'
14:9	26	hair		24	שְׂעָרֹ֖ו		global-review-known-rendering	safe	0.6	approved	0				global known-rendering assignment; lexical score 0.45
14:9	38	washed		31	רָחַ֧ץ		global-review-known-rendering	safe	0.5968	approved	0				global known-rendering assignment; lexical score 0.45
14:9	44	water		36	מַּ֖יִם		global-review-known-rendering	safe	0.7765	approved	0				global known-rendering assignment; lexical score 0.63
14:10	3	the		5	הַ		attached-word	safe	0.6016	approved	0				Article of 'eighth'
14:10	4	eighth		6	שְּׁמִינִ֗י		global-review-known-rendering	safe	0.7016	approved	0				global known-rendering assignment; lexical score 0.55
14:10	5	day		4	יֹּ֣ום		global-review-known-rendering	safe	0.7662	approved	0				global known-rendering assignment; lexical score 0.62
14:10	9	two		8	שְׁנֵֽי		global-review-known-rendering	safe	0.6872	approved	0				global known-rendering assignment; lexical score 0.54
14:10	11	lambs		9	כְבָשִׂים֙		global-review-known-rendering	safe	0.6819	approved	0				global known-rendering assignment; lexical score 0.53
14:10	18	one		13	אַחַ֛ת		global-review-known-rendering	safe	0.5886	approved	0				global known-rendering assignment; lexical score 0.44
14:10	24	year		15	שְׁנָתָ֖הּ		global-review-known-rendering	safe	0.7703	approved	0				global known-rendering assignment; lexical score 0.62
14:10	29	three		18	שְׁלֹשָׁ֣ה		global-review-known-rendering	safe	0.7755	approved	0				global known-rendering assignment; lexical score 0.63
14:10	41	oil		25	שֶּׁ֔מֶן		global-review-known-rendering	safe	0.7164	approved	0				global known-rendering assignment; lexical score 0.57
14:10	43	one		28	אֶחָ֖ד		global-review-known-rendering	safe	0.5886	approved	0				global known-rendering assignment; lexical score 0.44
14:10	46	oil		29	שָֽׁמֶן		global-review-known-rendering	safe	0.7164	approved	0				global known-rendering assignment; lexical score 0.57
14:11				7	אֵ֛ת	omits	unrendered-object-marker	safe	0.6006	approved	0				object marker; rests on 'man' → 'אִ֥ישׁ'
14:11	2	the		3	הַ		attached-word	safe	0.6897	approved	0				Article of 'priest'
14:11	3	priest		4	כֹּהֵ֣ן		global-review-known-rendering	safe	0.7897	approved	0				global known-rendering assignment; lexical score 0.64
14:11	11	the		8	הָ		attached-word	safe	0.5006	approved	0				Article of 'man'
14:11	12	man		9	אִ֥ישׁ		global-review-known-rendering	safe	0.6006	approved	0				global known-rendering assignment; lexical score 0.45
14:11	22	before		15	פְנֵ֣י		global-review-known-rendering	safe	0.6578	approved	0				global known-rendering assignment; lexical score 0.51
14:11	23	the				expands	supplied-article	safe	0.6748	approved	0				article the original does not write; rests on 'door' → 'פֶּ֖תַח'
14:11	24	door		17	פֶּ֖תַח		global-review-known-rendering	safe	0.6748	approved	0				global known-rendering assignment; lexical score 0.52
14:11	25	of		18	אֹ֥הֶל		attached-word	safe	0.6301	approved	0				Genitive of 'Tent'
14:11	26	the				expands	supplied-article	safe	0.7301	approved	0				article the original does not write; rests on 'Tent' → 'אֹ֥הֶל'
14:11	27	Tent		18	אֹ֥הֶל		global-review-known-rendering	safe	0.7301	approved	0				global known-rendering assignment; lexical score 0.58
14:12				5	אֶת	omits	unrendered-object-marker	safe	0.6819	approved	0				object marker; rests on 'lambs' → 'כֶּ֣בֶשׂ'
14:12	2	the		3	הַ		attached-word	safe	0.6897	approved	0				Article of 'priest'
14:12	3	priest		4	כֹּהֵ֜ן		global-review-known-rendering	safe	0.7897	approved	0				global known-rendering assignment; lexical score 0.64
14:12	7	one		9	אֶחָ֗ד		global-review-known-rendering	safe	0.5886	approved	0				global known-rendering assignment; lexical score 0.44
14:12	11	lambs		7	כֶּ֣בֶשׂ		global-review-known-rendering	safe	0.6819	approved	0				global known-rendering assignment; lexical score 0.53
14:12	23	of		19	שָּׁ֑מֶן		attached-word	safe	0.6164	approved	0				Genitive of 'oil'
14:12	24	oil		19	שָּׁ֑מֶן		global-review-known-rendering	safe	0.7164	approved	0				global known-rendering assignment; lexical score 0.57
14:12	28	a				expands	supplied-indefinite-article	safe	0.62	approved	0				indefinite article; rests on 'wave' → 'תְּנוּפָ֖ה'
14:12	29	wave		23	תְּנוּפָ֖ה		global-review-known-rendering	safe	0.62	approved	0				global known-rendering assignment; lexical score 0.47
14:12	31	before		25	פְנֵ֥י		global-review-known-rendering	safe	0.6578	approved	0				global known-rendering assignment; lexical score 0.51
14:12	32	the				expands	supplied-article	safe	0.7287	approved	0				article the original does not write; rests on 'Lord' → 'יְהוָֽה'
14:12	33	Lord		26	יְהוָֽה		global-review-known-rendering	safe	0.7287	approved	0				global known-rendering assignment; lexical score 0.58
14:13				3	אֶת	omits	unrendered-object-marker	safe	0.5972	approved	0				object marker; rests on 'lamb' → 'כֶּ֗בֶשׂ'
14:13	8	lamb		5	כֶּ֗בֶשׂ		global-review-known-rendering	safe	0.5972	approved	0				global known-rendering assignment; lexical score 0.45
14:13	12	the				expands	supplied-article	safe	0.6389	approved	0				article the original does not write; rests on 'place' → 'מְקֹום'
14:13	13	place		7	מְקֹום		global-review-known-rendering	safe	0.6389	approved	0				global known-rendering assignment; lexical score 0.49
14:13	26	the		19	הַ		attached-word	safe	0.5622	approved	0				Article of 'holy'
14:13	27	holy		20	קֹּ֑דֶשׁ		global-review-known-rendering	safe	0.6622	approved	0				global known-rendering assignment; lexical score 0.51
14:13	28	place		18	מְקֹ֣ום		global-review-known-rendering	safe	0.6389	approved	0				global known-rendering assignment; lexical score 0.49
14:13	37	the		29			attached-word	safe	0.6897	approved	0				Article of 'priest'
14:13	38	priest		30	כֹּהֵ֔ן		global-review-known-rendering	safe	0.7897	approved	0				global known-rendering assignment; lexical score 0.64
14:13	47	most		31	קֹ֥דֶשׁ		global-review-known-rendering	safe	0.5616	approved	0				global known-rendering assignment; lexical score 0.41
14:13	48	holy		32	קָֽדָשִׁ֖ים		global-review-known-rendering	safe	0.6622	approved	0				global known-rendering assignment; lexical score 0.51
14:14	3	the		3	הַ		attached-word	safe	0.6897	approved	0				Article of 'priest'
14:14	4	priest		4	כֹּהֵן֮		global-review-known-rendering	safe	0.7897	approved	0				global known-rendering assignment; lexical score 0.64
14:14	8	the				expands	supplied-article	safe	0.758	approved	0				article the original does not write; rests on 'blood' → 'דַּ֣ם'
14:14	9	blood		6	דַּ֣ם		global-review-known-rendering	safe	0.758	approved	0				global known-rendering assignment; lexical score 0.61
14:14	24	ear		15	אֹ֥זֶן		global-review-known-rendering	safe	0.6465	approved	0				global known-rendering assignment; lexical score 0.50
14:14	40	hand		23	יָדֹו֙		global-review-known-rendering	safe	0.67	approved	0				global known-rendering assignment; lexical score 0.52
14:14	49	foot		29	רַגְלֹ֖ו		global-review-known-rendering	safe	0.6904	approved	0				global known-rendering assignment; lexical score 0.54
14:15	5	the		7	הַ		attached-word	safe	0.6164	approved	0				Article of 'oil'
14:15	6	oil		8	שָּׁ֑מֶן		global-review-known-rendering	safe	0.7164	approved	0				global known-rendering assignment; lexical score 0.57
14:16				5	אֶת	omits	unrendered-object-marker	safe	0.8	approved	0				object marker; rests on 'finger' → 'אֶצְבָּעֹ֣ו'
14:16	3	the		3	הַ		attached-word	safe	0.6897	approved	0				Article of 'priest'
14:16	4	priest		4	כֹּהֵן֙		global-review-known-rendering	safe	0.7897	approved	0				global known-rendering assignment; lexical score 0.64
14:16	8	finger		6	אֶצְבָּעֹ֣ו		global-review-known-rendering	safe	0.8	approved	0				global known-rendering assignment; lexical score 0.65
14:16	10	the		10	הַ		attached-word	safe	0.6164	approved	0				Article of 'oil'
14:16	11	oil		11	שֶּׁ֕מֶן		global-review-known-rendering	safe	0.7164	approved	0				global known-rendering assignment; lexical score 0.57
14:16	12	which		12	אֲשֶׁ֥ר		global-review-known-rendering	safe	0.6688	approved	0				global known-rendering assignment; lexical score 0.52
14:16	22	his		23	אֶצְבָּעֹ֛ו		attached-word	safe	0.7	approved	0				PossessivePronoun of 'finger'
14:16	23	finger		23	אֶצְבָּעֹ֛ו		global-review-known-rendering	safe	0.8	approved	0				global known-rendering assignment; lexical score 0.65
14:16	24	seven		24	שֶׁ֥בַע		global-review-known-rendering	safe	0.7828	approved	0				global known-rendering assignment; lexical score 0.63
14:16	26	before		27	פְנֵ֥י		global-review-known-rendering	safe	0.6578	approved	0				global known-rendering assignment; lexical score 0.51
14:16	27	the				expands	supplied-article	safe	0.7287	approved	0				article the original does not write; rests on 'Lord' → 'יְהוָֽה'
14:16	28	Lord		28	יְהוָֽה		global-review-known-rendering	safe	0.7287	approved	0				global known-rendering assignment; lexical score 0.58
14:17	5	of		5	שֶּׁ֜מֶן		attached-word	safe	0.6164	approved	0				Genitive of 'oil'
14:17	6	the		4	הַ		attached-word	safe	0.6164	approved	0				Article of 'oil'
14:17	7	oil		5	שֶּׁ֜מֶן		global-review-known-rendering	safe	0.7164	approved	0				global known-rendering assignment; lexical score 0.57
14:17	8	which		6	אֲשֶׁ֣ר		global-review-known-rendering	safe	0.6688	approved	0				global known-rendering assignment; lexical score 0.52
14:17	13	the		10	הַ		attached-word	safe	0.6897	approved	0				Article of 'priest'
14:17	14	priest		11	כֹּהֵן֙		global-review-known-rendering	safe	0.7897	approved	0				global known-rendering assignment; lexical score 0.64
14:17	24	ear		14	אֹ֤זֶן		global-review-known-rendering	safe	0.6465	approved	0				global known-rendering assignment; lexical score 0.50
14:17	41	hand		22	יָדֹו֙		global-review-known-rendering	safe	0.67	approved	0				global known-rendering assignment; lexical score 0.52
14:17	50	foot		28	רַגְלֹ֖ו		global-review-known-rendering	safe	0.6904	approved	0				global known-rendering assignment; lexical score 0.54
14:17	51	over		31	עַ֖ל		global-review-known-rendering	safe	0.5655	approved	0				global known-rendering assignment; lexical score 0.42
14:17	52	the				expands	supplied-article	safe	0.758	approved	0				article the original does not write; rests on 'blood' → 'דַּ֥ם'
14:17	53	blood		32	דַּ֥ם		global-review-known-rendering	safe	0.758	approved	0				global known-rendering assignment; lexical score 0.61
14:18	5	the		5			attached-word	safe	0.6164	approved	0				Article of 'oil'
14:18	6	oil		6	שֶּׁ֨מֶן֙		global-review-known-rendering	safe	0.7164	approved	0				global known-rendering assignment; lexical score 0.57
14:18	15	the				expands	supplied-article	safe	0.7398	approved	0				article the original does not write; rests on 'head' → 'רֹ֣אשׁ'
14:18	16	head		14	רֹ֣אשׁ		global-review-known-rendering	safe	0.7398	approved	0				global known-rendering assignment; lexical score 0.59
14:18	27	the		20	הַ		attached-word	safe	0.6897	approved	0				Article of 'priest'
14:18	28	priest		21	כֹּהֵ֖ן		global-review-known-rendering	safe	0.7897	approved	0				global known-rendering assignment; lexical score 0.64
14:18	35	before		23	פְנֵ֥י		global-review-known-rendering	safe	0.6578	approved	0				global known-rendering assignment; lexical score 0.51
14:18	36	the				expands	supplied-article	safe	0.7287	approved	0				article the original does not write; rests on 'Lord' → 'יְהוָֽה'
14:18	37	Lord		24	יְהוָֽה		global-review-known-rendering	safe	0.7287	approved	0				global known-rendering assignment; lexical score 0.58
14:19				5	אֶת	omits	unrendered-object-marker	safe	0.6107	approved	0				object marker; rests on 'sin' → 'חַטָּ֔את'
14:19	2	the		3	הַ		attached-word	safe	0.6897	approved	0				Article of 'priest'
14:19	3	priest		4	כֹּהֵן֙		global-review-known-rendering	safe	0.7897	approved	0				global known-rendering assignment; lexical score 0.64
14:19	11	the		6	הַ֣		attached-word	safe	0.5107	approved	0				Article of 'sin'
14:19	12	sin		7	חַטָּ֔את		global-review-known-rendering	safe	0.6107	approved	0				global known-rendering assignment; lexical score 0.46
14:19	26	after		16	אַחַ֖ר		global-review-known-rendering	safe	0.5878	approved	0				global known-rendering assignment; lexical score 0.44
14:20	2	the		3	הַ		attached-word	safe	0.6897	approved	0				Article of 'priest'
14:20	3	priest		4	כֹּהֵ֛ן		global-review-known-rendering	safe	0.7897	approved	0				global known-rendering assignment; lexical score 0.64
14:20	16	the		12	הַ		attached-word	safe	0.6897	approved	0				Article of 'altar'
14:20	17	altar		13	מִּזְבֵּ֑חָה		global-review-known-rendering	safe	0.7897	approved	0				global known-rendering assignment; lexical score 0.64
14:20	19	the		17	הַ		attached-word	safe	0.6897	approved	0				Article of 'priest'
14:20	20	priest		18	כֹּהֵ֖ן		global-review-known-rendering	safe	0.7897	approved	0				global known-rendering assignment; lexical score 0.64
14:21	2	if		2	אִם		global-review-known-rendering	safe	0.6401	approved	0				global known-rendering assignment; lexical score 0.49
14:21	17	one		12	אֶחָ֥ד		global-review-known-rendering	safe	0.5886	approved	0				global known-rendering assignment; lexical score 0.44
14:21	19	lamb		11	כֶּ֣בֶשׂ		global-review-known-rendering	safe	0.5972	approved	0				global known-rendering assignment; lexical score 0.45
14:21	34	one		22	אֶחָ֨ד		global-review-known-rendering	safe	0.5886	approved	0				global known-rendering assignment; lexical score 0.44
14:21	46	oil		26	שֶּׁ֛מֶן		global-review-known-rendering	safe	0.7164	approved	0				global known-rendering assignment; lexical score 0.57
14:21	54	of		31	שָֽׁמֶן		attached-word	safe	0.6164	approved	0				Genitive of 'oil'
14:21	55	oil		31	שָֽׁמֶן		global-review-known-rendering	safe	0.7164	approved	0				global known-rendering assignment; lexical score 0.57
14:22	2	two		2	שְׁתֵּ֣י		global-review-known-rendering	safe	0.6872	approved	0				global known-rendering assignment; lexical score 0.54
14:22	5	two		5	שְׁנֵי֙		global-review-known-rendering	safe	0.6872	approved	0				global known-rendering assignment; lexical score 0.54
14:22	7	pigeons		7	יֹונָ֔ה		global-review-known-rendering	safe	0.8	approved	0				global known-rendering assignment; lexical score 0.65
14:22	16	one		13	אֶחָד֙		global-review-known-rendering	safe	0.5886	approved	0				global known-rendering assignment; lexical score 0.44
14:23	3	the		7	הַ		attached-word	safe	0.6016	approved	0				Article of 'eighth'
14:23	4	eighth		8	שְּׁמִינִ֛י		global-review-known-rendering	safe	0.7016	approved	0				global known-rendering assignment; lexical score 0.55
14:23	5	day		6	יֹּ֧ום		global-review-known-rendering	safe	0.7662	approved	0				global known-rendering assignment; lexical score 0.62
14:23	11	the		12	הַ		attached-word	safe	0.6897	approved	0				Article of 'priest'
14:23	12	priest		13	כֹּהֵ֑ן		global-review-known-rendering	safe	0.7897	approved	0				global known-rendering assignment; lexical score 0.64
14:23	14	the				expands	supplied-article	safe	0.6748	approved	0				article the original does not write; rests on 'door' → 'פֶּ֥תַח'
14:23	15	door		15	פֶּ֥תַח		global-review-known-rendering	safe	0.6748	approved	0				global known-rendering assignment; lexical score 0.52
14:23	16	of		16	אֹֽהֶל		attached-word	safe	0.6301	approved	0				Genitive of 'Tent'
14:23	17	the				expands	supplied-article	safe	0.7301	approved	0				article the original does not write; rests on 'Tent' → 'אֹֽהֶל'
14:23	18	Tent		16	אֹֽהֶל		global-review-known-rendering	safe	0.7301	approved	0				global known-rendering assignment; lexical score 0.58
14:23	21	before		19	פְנֵ֥י		global-review-known-rendering	safe	0.6578	approved	0				global known-rendering assignment; lexical score 0.51
14:23	22	the				expands	supplied-article	safe	0.7287	approved	0				article the original does not write; rests on 'Lord' → 'יְהוָֽה'
14:23	23	Lord		20	יְהוָֽה		global-review-known-rendering	safe	0.7287	approved	0				global known-rendering assignment; lexical score 0.58
14:24				5	אֶת	omits	unrendered-object-marker	safe	0.5972	approved	0				object marker; rests on 'lamb' → 'כֶּ֥בֶשׂ'
14:24	2	the		3	הַ		attached-word	safe	0.6897	approved	0				Article of 'priest'
14:24	3	priest		4	כֹּהֵ֛ן		global-review-known-rendering	safe	0.7897	approved	0				global known-rendering assignment; lexical score 0.64
14:24	6	the				expands	supplied-article	safe	0.5972	approved	0				article the original does not write; rests on 'lamb' → 'כֶּ֥בֶשׂ'
14:24	7	lamb		6	כֶּ֥בֶשׂ		global-review-known-rendering	safe	0.5972	approved	0				global known-rendering assignment; lexical score 0.45
14:24	14	the		12	הַ		attached-word	safe	0.6164	approved	0				Article of 'oil'
14:24	15	oil		13	שָּׁ֑מֶן		global-review-known-rendering	safe	0.7164	approved	0				global known-rendering assignment; lexical score 0.57
14:24	19	a				expands	supplied-indefinite-article	safe	0.62	approved	0				indefinite article; rests on 'wave' → 'תְּנוּפָ֖ה'
14:24	20	wave		19	תְּנוּפָ֖ה		global-review-known-rendering	safe	0.62	approved	0				global known-rendering assignment; lexical score 0.47
14:24	22	before		21	פְנֵ֥י		global-review-known-rendering	safe	0.6578	approved	0				global known-rendering assignment; lexical score 0.51
14:24	23	the				expands	supplied-article	safe	0.7287	approved	0				article the original does not write; rests on 'Lord' → 'יְהוָֽה'
14:24	24	Lord		22	יְהוָֽה		global-review-known-rendering	safe	0.7287	approved	0				global known-rendering assignment; lexical score 0.58
14:25				3	אֶת	omits	unrendered-object-marker	safe	0.5972	approved	0				object marker; rests on 'lamb' → 'כֶּ֣בֶשׂ'
14:25	7	the				expands	supplied-article	safe	0.5972	approved	0				article the original does not write; rests on 'lamb' → 'כֶּ֣בֶשׂ'
14:25	8	lamb		4	כֶּ֣בֶשׂ		global-review-known-rendering	safe	0.5972	approved	0				global known-rendering assignment; lexical score 0.45
14:25	15	the		9	הַ		attached-word	safe	0.6897	approved	0				Article of 'priest'
14:25	16	priest		10	כֹּהֵן֙		global-review-known-rendering	safe	0.7897	approved	0				global known-rendering assignment; lexical score 0.64
14:25	21	the				expands	supplied-article	safe	0.758	approved	0				article the original does not write; rests on 'blood' → 'דַּ֣ם'
14:25	22	blood		12	דַּ֣ם		global-review-known-rendering	safe	0.758	approved	0				global known-rendering assignment; lexical score 0.61
14:25	37	ear		19	אֹֽזֶן		global-review-known-rendering	safe	0.6465	approved	0				global known-rendering assignment; lexical score 0.50
14:25	53	hand		27	יָדֹו֙		global-review-known-rendering	safe	0.67	approved	0				global known-rendering assignment; lexical score 0.52
14:25	62	foot		33	רַגְלֹ֖ו		global-review-known-rendering	safe	0.6904	approved	0				global known-rendering assignment; lexical score 0.54
14:26	2	the		6	הַ		attached-word	safe	0.6897	approved	0				Article of 'priest'
14:26	3	priest		7	כֹּהֵ֑ן		global-review-known-rendering	safe	0.7897	approved	0				global known-rendering assignment; lexical score 0.64
14:26	9	the		3	הַ		attached-word	safe	0.6164	approved	0				Article of 'oil'
14:26	10	oil		4	שֶּׁ֖מֶן		global-review-known-rendering	safe	0.7164	approved	0				global known-rendering assignment; lexical score 0.57
14:27	5	oil		11	שֶּׁ֕מֶן		global-review-known-rendering	safe	0.7164	approved	0				global known-rendering assignment; lexical score 0.57
14:27	9	finger		6	אֶצְבָּעֹ֣ו		global-review-known-rendering	safe	0.8	approved	0				global known-rendering assignment; lexical score 0.65
14:27	10	before		20	פְנֵ֥י		global-review-known-rendering	safe	0.6578	approved	0				global known-rendering assignment; lexical score 0.51
14:27	11	the				expands	supplied-article	safe	0.7287	approved	0				article the original does not write; rests on 'Lord' → 'יְהוָֽה'
14:27	12	Lord		21	יְהוָֽה		global-review-known-rendering	safe	0.7287	approved	0				global known-rendering assignment; lexical score 0.58
14:27	13	seven		17	שֶׁ֥בַע		global-review-known-rendering	safe	0.7828	approved	0				global known-rendering assignment; lexical score 0.63
14:28	2	the		3	הַ		attached-word	safe	0.6897	approved	0				Article of 'priest'
14:28	3	priest		4	כֹּהֵ֜ן		global-review-known-rendering	safe	0.7897	approved	0				global known-rendering assignment; lexical score 0.64
14:28	8	the		6	הַ		attached-word	safe	0.6164	approved	0				Article of 'oil'
14:28	9	oil		7	שֶּׁ֣מֶן		global-review-known-rendering	safe	0.7164	approved	0				global known-rendering assignment; lexical score 0.57
14:28	10	which		8	אֲשֶׁ֣ר		global-review-known-rendering	safe	0.6688	approved	0				global known-rendering assignment; lexical score 0.52
14:28	19	the				expands	supplied-article	safe	0.6465	approved	0				article the original does not write; rests on 'ear' → 'אֹ֤זֶן'
14:28	20	ear		13	אֹ֤זֶן		global-review-known-rendering	safe	0.6465	approved	0				global known-rendering assignment; lexical score 0.50
14:28	37	hand		21	יָדֹו֙		global-review-known-rendering	safe	0.67	approved	0				global known-rendering assignment; lexical score 0.52
14:28	46	foot		27	רַגְלֹ֖ו		global-review-known-rendering	safe	0.6904	approved	0				global known-rendering assignment; lexical score 0.54
14:28	48	the				expands	supplied-article	safe	0.6389	approved	0				article the original does not write; rests on 'place' → 'מְקֹ֖ום'
14:28	49	place		31	מְקֹ֖ום		global-review-known-rendering	safe	0.6389	approved	0				global known-rendering assignment; lexical score 0.49
14:28	51	the				expands	supplied-article	safe	0.758	approved	0				article the original does not write; rests on 'blood' → 'דַּ֥ם'
14:28	52	blood		32	דַּ֥ם		global-review-known-rendering	safe	0.758	approved	0				global known-rendering assignment; lexical score 0.61
14:29	5	the		5	הַ		attached-word	safe	0.6164	approved	0				Article of 'oil'
14:29	6	oil		6	שֶּׁ֨מֶן֙		global-review-known-rendering	safe	0.7164	approved	0				global known-rendering assignment; lexical score 0.57
14:29	7	which		7	אֲשֶׁר֙		global-review-known-rendering	safe	0.6688	approved	0				global known-rendering assignment; lexical score 0.52
14:29	17	the				expands	supplied-article	safe	0.7398	approved	0				article the original does not write; rests on 'head' → 'רֹ֣אשׁ'
14:29	18	head		14	רֹ֣אשׁ		global-review-known-rendering	safe	0.7398	approved	0				global known-rendering assignment; lexical score 0.59
14:29	32	before		21	פְנֵ֥י		global-review-known-rendering	safe	0.6578	approved	0				global known-rendering assignment; lexical score 0.51
14:29	33	the				expands	supplied-article	safe	0.7287	approved	0				article the original does not write; rests on 'Lord' → 'יְהוָֽה'
14:29	34	Lord		22	יְהוָֽה		global-review-known-rendering	safe	0.7287	approved	0				global known-rendering assignment; lexical score 0.58
14:30				3	אֶת	omits	unrendered-object-marker	safe	0.5886	approved	0				object marker; rests on 'one' → 'אֶחָד֙'
14:30	8	one		5	אֶחָד֙		global-review-known-rendering	safe	0.5886	approved	0				global known-rendering assignment; lexical score 0.44
14:30	15	pigeons		13	יֹּונָ֑ה		global-review-known-rendering	safe	0.8	approved	0				global known-rendering assignment; lexical score 0.65
14:31				5	אֶת	omits	unrendered-object-marker	safe	0.5886	approved	0				object marker; rests on 'one' → 'אֶחָ֥ד'
14:31				10	אֶת	omits	unrendered-object-marker	safe	0.5886	approved	0				object marker; rests on 'one' → 'אֶחָ֥ד'
14:31	7	one		7	אֶחָ֥ד		global-review-known-rendering	safe	0.5886	approved	0				global known-rendering assignment; lexical score 0.44
14:31	12	one		12	אֶחָ֥ד		global-review-known-rendering	safe	0.5886	approved	0				global known-rendering assignment; lexical score 0.44
14:31	22	the		19	הַ		attached-word	safe	0.6897	approved	0				Article of 'priest'
14:31	23	priest		20	כֹּהֵ֛ן		global-review-known-rendering	safe	0.7897	approved	0				global known-rendering assignment; lexical score 0.64
14:31	27	the				expands	supplied-article	safe	0.6107	approved	0				article the original does not write; rests on 'sin' → 'חַטָּ֛את'
14:31	28	sin		8	חַטָּ֛את		global-review-known-rendering	safe	0.6107	approved	0				global known-rendering assignment; lexical score 0.46
14:31	37	before		25	פְנֵ֥י		global-review-known-rendering	safe	0.6578	approved	0				global known-rendering assignment; lexical score 0.51
14:31	38	the				expands	supplied-article	safe	0.7287	approved	0				article the original does not write; rests on 'Lord' → 'יְהוָֽה'
14:31	39	Lord		26	יְהוָֽה		global-review-known-rendering	safe	0.7287	approved	0				global known-rendering assignment; lexical score 0.58
14:32	3	the				expands	supplied-article	safe	0.649	approved	0				article the original does not write; rests on 'law' → 'תֹּורַ֔ת'
14:32	4	law		2	תֹּורַ֔ת		global-review-known-rendering	safe	0.649	approved	0				global known-rendering assignment; lexical score 0.50
14:32	20	not		8	לֹֽא		global-review-known-rendering	safe	0.6788	approved	0				global known-rendering assignment; lexical score 0.53
14:32	25	which		7	אֲשֶׁ֛ר		global-review-known-rendering	safe	0.6688	approved	0				global known-rendering assignment; lexical score 0.52
14:33	2	the				expands	supplied-article	safe	0.7287	approved	0				article the original does not write; rests on 'Lord' → 'יְהוָ֔ה'
14:33	3	Lord		3	יְהוָ֔ה		global-review-known-rendering	safe	0.7287	approved	0				global known-rendering assignment; lexical score 0.58
14:33	4	said		10	אמֹֽר		global-review-known-rendering	safe	0.777	approved	0				global known-rendering assignment; lexical score 0.63
14:33	6	Moses		5	מֹשֶׁ֥ה		global-review-known-rendering	safe	0.7976	approved	0				global known-rendering assignment; lexical score 0.65
14:33	8	Aaron		8	אַהֲרֹ֖ן		global-review-known-rendering	safe	0.7943	approved	0				global known-rendering assignment; lexical score 0.64
14:34	4	come		2	תָבֹ֨אוּ֙		global-review-known-rendering	safe	0.5715	approved	0				global known-rendering assignment; lexical score 0.42
14:34	6	the				expands	supplied-article	safe	0.7252	approved	0				article the original does not write; rests on 'land' → 'אֶ֣רֶץ'
14:34	7	land		4	אֶ֣רֶץ		global-review-known-rendering	safe	0.7252	approved	0				global known-rendering assignment; lexical score 0.58
14:34	8	of		5	כְּנַ֔עַן		attached-word	safe	0.6841	approved	0				Genitive of 'Canaan'
14:34	9	Canaan		5	כְּנַ֔עַן		global-review-known-rendering	safe	0.7841	approved	0				global known-rendering assignment; lexical score 0.63
14:34	10	which		6	אֲשֶׁ֥ר		global-review-known-rendering	safe	0.6688	approved	0				global known-rendering assignment; lexical score 0.52
14:34	13	give		8	נֹתֵ֥ן		global-review-known-rendering	safe	0.6513	approved	0				global known-rendering assignment; lexical score 0.50
14:34	25	a				expands	supplied-indefinite-article	safe	0.7633	approved	0				indefinite article; rests on 'house' → 'בֵ֖ית'
14:34	26	house		17	בֵ֖ית		global-review-known-rendering	safe	0.7633	approved	0				global known-rendering assignment; lexical score 0.61
14:34	28	the				expands	supplied-article	safe	0.7252	approved	0				article the original does not write; rests on 'land' → 'אֶ֥רֶץ'
14:34	29	land		18	אֶ֥רֶץ		global-review-known-rendering	safe	0.7252	approved	0				global known-rendering assignment; lexical score 0.58
14:35	6	the		5	הַ		attached-word	safe	0.6633	approved	0				Article of 'house'
14:35	7	house		6	בַּ֔יִת		global-review-known-rendering	safe	0.7633	approved	0				global known-rendering assignment; lexical score 0.61
14:35	8	come		2	בָא֙		global-review-known-rendering	safe	0.5715	approved	0				global known-rendering assignment; lexical score 0.42
14:35	10	say		13	אמֹ֑ר		global-review-known-rendering	safe	0.7662	approved	0				global known-rendering assignment; lexical score 0.62
14:35	12	the		10			attached-word	safe	0.6897	approved	0				Article of 'priest'
14:35	13	priest		11	כֹּהֵ֖ן		global-review-known-rendering	safe	0.7897	approved	0				global known-rendering assignment; lexical score 0.64
14:35	27	the		19			attached-word	safe	0.6633	approved	0				Article of 'house'
14:35	28	house		20	בָּֽיִת		global-review-known-rendering	safe	0.7633	approved	0				global known-rendering assignment; lexical score 0.61
14:36				7	אֶת	omits	unrendered-object-marker	safe	0.7633	approved	0				object marker; rests on 'house' → 'בַּ֗יִת'
14:36				36	אֶת	omits	unrendered-object-marker	safe	0.7633	approved	0				object marker; rests on 'house' → 'בָּֽיִת'
14:36	2	the		3	הַ		attached-word	safe	0.6897	approved	0				Article of 'priest'
14:36	3	priest		4	כֹּהֵ֜ן		global-review-known-rendering	safe	0.7897	approved	0				global known-rendering assignment; lexical score 0.64
14:36	14	the		8	הַ		attached-word	safe	0.6633	approved	0				Article of 'house'
14:36	15	house		9	בַּ֗יִת		global-review-known-rendering	safe	0.7633	approved	0				global known-rendering assignment; lexical score 0.61
14:36	21	see		16	רְאֹ֣ות		global-review-known-rendering	safe	0.7083	approved	0				global known-rendering assignment; lexical score 0.56
14:36	24	so		30	כֵּ֛ן		global-review-known-rendering	safe	0.5982	approved	0				global known-rendering assignment; lexical score 0.45
14:36	29	the		26			attached-word	safe	0.6633	approved	0				Article of 'house'
14:36	30	house		27	בָּ֑יִת		global-review-known-rendering	safe	0.7633	approved	0				global known-rendering assignment; lexical score 0.61
14:36	32	not		21	לֹ֥א		global-review-known-rendering	safe	0.6788	approved	0				global known-rendering assignment; lexical score 0.53
14:36	37	the		32	הַ		attached-word	safe	0.6897	approved	0				Article of 'priest'
14:36	38	priest		33	כֹּהֵ֖ן		global-review-known-rendering	safe	0.7897	approved	0				global known-rendering assignment; lexical score 0.64
14:36	44	see		35	רְאֹ֥ות		global-review-known-rendering	safe	0.7083	approved	0				global known-rendering assignment; lexical score 0.56
14:36	45	the		37	הַ		attached-word	safe	0.6633	approved	0				Article of 'house'
14:36	46	house		38	בָּֽיִת		global-review-known-rendering	safe	0.7633	approved	0				global known-rendering assignment; lexical score 0.61
14:37	4	sees		2	רָאָ֣ה		global-review-known-rendering	safe	0.6695	approved	0				global known-rendering assignment; lexical score 0.52
14:37	8	of		13	בַּ֔יִת		attached-word	safe	0.6633	approved	0				Genitive of 'house'
14:37	9	the		12	הַ		attached-word	safe	0.6633	approved	0				Article of 'house'
14:37	10	house		13	בַּ֔יִת		global-review-known-rendering	safe	0.7633	approved	0				global known-rendering assignment; lexical score 0.61
14:37	26	than		21	מִן		global-review-known-rendering	safe	0.5845	approved	0				global known-rendering assignment; lexical score 0.43
14:38				14	אֶת	omits	unrendered-object-marker	safe	0.7633	approved	0				object marker; rests on 'house' → 'בַּ֖יִת'
14:38	2	the		3	הַ		attached-word	safe	0.6897	approved	0				Article of 'priest'
14:38	3	priest		4	כֹּהֵ֛ן		global-review-known-rendering	safe	0.7897	approved	0				global known-rendering assignment; lexical score 0.64
14:38	8	the				expands	supplied-article	safe	0.6748	approved	0				article the original does not write; rests on 'door' → 'פֶּ֣תַח'
14:38	9	door		9	פֶּ֣תַח		global-review-known-rendering	safe	0.6748	approved	0				global known-rendering assignment; lexical score 0.52
14:38	10	of		11	בָּ֑יִת		attached-word	safe	0.6633	approved	0				Genitive of 'house'
14:38	11	the		10	הַ		attached-word	safe	0.6633	approved	0				Article of 'house'
14:38	12	house		11	בָּ֑יִת		global-review-known-rendering	safe	0.7633	approved	0				global known-rendering assignment; lexical score 0.61
14:38	15	the		15	הַ		attached-word	safe	0.6633	approved	0				Article of 'house'
14:38	16	house		16	בַּ֖יִת		global-review-known-rendering	safe	0.7633	approved	0				global known-rendering assignment; lexical score 0.61
14:38	17	shut		13	הִסְגִּ֥יר		global-review-known-rendering	safe	0.6121	approved	0				global known-rendering assignment; lexical score 0.46
14:38	20	seven		17	שִׁבְעַ֥ת		global-review-known-rendering	safe	0.7828	approved	0				global known-rendering assignment; lexical score 0.63
14:38	21	days		18	יָמִֽים		global-review-known-rendering	safe	0.7783	approved	0				global known-rendering assignment; lexical score 0.63
14:39	2	the		3	הַ		attached-word	safe	0.6897	approved	0				Article of 'priest'
14:39	3	priest		4	כֹּהֵ֖ן		global-review-known-rendering	safe	0.7897	approved	0				global known-rendering assignment; lexical score 0.64
14:39	7	again		2	שָׁ֥ב		global-review-known-rendering	safe	0.5652	approved	0				global known-rendering assignment; lexical score 0.42
14:39	9	the		8	הַ		attached-word	safe	0.6458	approved	0				Article of 'seventh'
14:39	10	seventh		9	שְּׁבִיעִ֑י		global-review-known-rendering	safe	0.7458	approved	0				global known-rendering assignment; lexical score 0.60
14:39	11	day		7	יֹּ֣ום		global-review-known-rendering	safe	0.7662	approved	0				global known-rendering assignment; lexical score 0.62
14:39	17	see		11	רָאָ֕ה		global-review-known-rendering	safe	0.7083	approved	0				global known-rendering assignment; lexical score 0.56
14:39	24	of		20	בָּֽיִת		attached-word	safe	0.6633	approved	0				Genitive of 'house'
14:39	25	the		19	הַ		attached-word	safe	0.6633	approved	0				Article of 'house'
14:39	26	house		20	בָּֽיִת		global-review-known-rendering	safe	0.7633	approved	0				global known-rendering assignment; lexical score 0.61
14:40				7	אֶת	omits	unrendered-object-marker	safe	0.7369	approved	0				object marker; rests on 'stones' → 'אֲבָנִ֔ים'
14:40	2	the		3	הַ		attached-word	safe	0.6897	approved	0				Article of 'priest'
14:40	3	priest		4	כֹּהֵ֔ן		global-review-known-rendering	safe	0.7897	approved	0				global known-rendering assignment; lexical score 0.64
14:40	12	the		8	הָ֣		attached-word	safe	0.6369	approved	0				Article of 'stones'
14:40	13	stones		9	אֲבָנִ֔ים		global-review-known-rendering	safe	0.7369	approved	0				global known-rendering assignment; lexical score 0.59
14:40	15	which		10	אֲשֶׁ֥ר		global-review-known-rendering	safe	0.6688	approved	0				global known-rendering assignment; lexical score 0.52
14:40	27	place		24	מָקֹ֖ום		global-review-known-rendering	safe	0.6389	approved	0				global known-rendering assignment; lexical score 0.49
14:40	29	the		21			attached-word	safe	0.61	approved	0				Article of 'town'
14:40	30	town		22	עִ֔יר		global-review-known-rendering	safe	0.71	approved	0				global known-rendering assignment; lexical score 0.56
14:41	5	the				expands	supplied-article	safe	0.7633	approved	0				article the original does not write; rests on 'house' → 'בַּ֖יִת'
14:41	6	house		7	בַּ֖יִת		global-review-known-rendering	safe	0.7633	approved	0				global known-rendering assignment; lexical score 0.61
14:41	14	which		14	אֲשֶׁ֣ר		global-review-known-rendering	safe	0.6688	approved	0				global known-rendering assignment; lexical score 0.52
14:41	25	place		23	מָקֹ֖ום		global-review-known-rendering	safe	0.6389	approved	0				global known-rendering assignment; lexical score 0.49
14:41	27	the		20			attached-word	safe	0.61	approved	0				Article of 'town'
14:41	28	town		21	עִ֔יר		global-review-known-rendering	safe	0.71	approved	0				global known-rendering assignment; lexical score 0.56
14:42				17	אֶת	omits	unrendered-object-marker	safe	0.7633	approved	0				object marker; rests on 'house' → 'בָּֽיִת'
14:42	6	stones		3	אֲבָנִ֣ים		global-review-known-rendering	safe	0.7369	approved	0				global known-rendering assignment; lexical score 0.59
14:42	12	of		10	אֲבָנִ֑ים		attached-word	safe	0.6369	approved	0				Genitive of 'stones'
14:42	14	stones		10	אֲבָנִ֑ים		global-review-known-rendering	safe	0.7369	approved	0				global known-rendering assignment; lexical score 0.59
14:42	28	the		18	הַ		attached-word	safe	0.6633	approved	0				Article of 'house'
14:42	29	house		19	בָּֽיִת		global-review-known-rendering	safe	0.7633	approved	0				global known-rendering assignment; lexical score 0.61
14:43				13	אֶת	omits	unrendered-object-marker	safe	0.7369	approved	0				object marker; rests on 'stones' → 'אֲבָנִ֑ים'
14:43	2	if		2	אִם		global-review-known-rendering	safe	0.6401	approved	0				global known-rendering assignment; lexical score 0.49
14:43	7	again		3	יָשׁ֤וּב		global-review-known-rendering	safe	0.5652	approved	0				global known-rendering assignment; lexical score 0.42
14:43	9	the		9			attached-word	safe	0.6633	approved	0				Article of 'house'
14:43	10	house		10	בַּ֔יִת		global-review-known-rendering	safe	0.7633	approved	0				global known-rendering assignment; lexical score 0.61
14:43	11	after		11	אַחַ֖ר		global-review-known-rendering	safe	0.5878	approved	0				global known-rendering assignment; lexical score 0.44
14:43	16	the		14	הָ		attached-word	safe	0.6369	approved	0				Article of 'stones'
14:43	17	stones		15	אֲבָנִ֑ים		global-review-known-rendering	safe	0.7369	approved	0				global known-rendering assignment; lexical score 0.59
14:43	19	after		17	אַחֲרֵ֛י		global-review-known-rendering	safe	0.5878	approved	0				global known-rendering assignment; lexical score 0.44
14:44	2	the		3	הַ		attached-word	safe	0.6897	approved	0				Article of 'priest'
14:44	3	priest		4	כֹּהֵ֔ן		global-review-known-rendering	safe	0.7897	approved	0				global known-rendering assignment; lexical score 0.64
14:44	5	come		2	בָא֙		global-review-known-rendering	safe	0.5715	approved	0				global known-rendering assignment; lexical score 0.42
14:44	7	see		6	רָאָ֕ה		global-review-known-rendering	safe	0.7083	approved	0				global known-rendering assignment; lexical score 0.56
14:44	14	the		13			attached-word	safe	0.6633	approved	0				Article of 'house'
14:44	15	house		14	בָּ֑יִת		global-review-known-rendering	safe	0.7633	approved	0				global known-rendering assignment; lexical score 0.61
14:44	28	the		19			attached-word	safe	0.6633	approved	0				Article of 'house'
14:44	29	house		20	בַּ֖יִת		global-review-known-rendering	safe	0.7633	approved	0				global known-rendering assignment; lexical score 0.61
14:45				3	אֶת	omits	unrendered-object-marker	safe	0.7633	approved	0				object marker; rests on 'house' → 'בַּ֗יִת'
14:45				9	אֶת	omits	unrendered-object-marker	safe	0.6956	approved	0				object marker; rests on 'wood' → 'עֵצָ֔יו'
14:45	2	the		4	הַ		attached-word	safe	0.6633	approved	0				Article of 'house'
14:45	3	house		5	בַּ֗יִת		global-review-known-rendering	safe	0.7633	approved	0				global known-rendering assignment; lexical score 0.61
14:45	10	the				expands	supplied-article	safe	0.7369	approved	0				article the original does not write; rests on 'stones' → 'אֲבָנָיו֙'
14:45	11	stones		7	אֲבָנָיו֙		global-review-known-rendering	safe	0.7369	approved	0				global known-rendering assignment; lexical score 0.59
14:45	15	the				expands	supplied-article	safe	0.6956	approved	0				article the original does not write; rests on 'wood' → 'עֵצָ֔יו'
14:45	16	wood		10	עֵצָ֔יו		global-review-known-rendering	safe	0.6956	approved	0				global known-rendering assignment; lexical score 0.55
14:45	30	place		26	מָקֹ֖ום		global-review-known-rendering	safe	0.6389	approved	0				global known-rendering assignment; lexical score 0.49
14:45	32	the		23			attached-word	safe	0.61	approved	0				Article of 'town'
14:45	33	town		24	עִ֔יר		global-review-known-rendering	safe	0.71	approved	0				global known-rendering assignment; lexical score 0.56
14:46				13	הָ	omits	unrendered-article	safe	0.7583	approved	0				article no the of the verse renders; rests on 'evening' → 'עָֽרֶב'
14:46	8	the		5	הַ		attached-word	safe	0.6633	approved	0				Article of 'house'
14:46	9	house		6	בַּ֔יִת		global-review-known-rendering	safe	0.7633	approved	0				global known-rendering assignment; lexical score 0.61
14:46	16	shut		9	הִסְגִּ֣יר		global-review-known-rendering	safe	0.6121	approved	0				global known-rendering assignment; lexical score 0.46
14:46	21	till		12	עַד		global-review-known-rendering	safe	0.6272	approved	0				global known-rendering assignment; lexical score 0.48
14:46	22	evening		14	עָֽרֶב		global-review-known-rendering	safe	0.7583	approved	0				global known-rendering assignment; lexical score 0.61
14:47				14		omits	unrendered-article	safe	0.7633	approved	0				article no the of the verse renders; rests on 'house' → 'בַּ֔יִת'
14:47	8	the		5			attached-word	safe	0.6633	approved	0				Article of 'house'
14:47	9	house		6	בַּ֔יִת		global-review-known-rendering	safe	0.7633	approved	0				global known-rendering assignment; lexical score 0.61
14:47	24	house		15	בַּ֔יִת		global-review-known-rendering	safe	0.7633	approved	0				global known-rendering assignment; lexical score 0.61
14:48				20	אֶת	omits	unrendered-object-marker	safe	0.7633	approved	0				object marker; rests on 'house' → 'בָּ֑יִת'
14:48				27	אֶת	omits	unrendered-object-marker	safe	0.7633	approved	0				object marker; rests on 'house' → 'בַּ֔יִת'
14:48	2	if		2	אִם		global-review-known-rendering	safe	0.6401	approved	0				global known-rendering assignment; lexical score 0.49
14:48	3	the		5	הַ		attached-word	safe	0.6897	approved	0				Article of 'priest'
14:48	4	priest		6	כֹּהֵ֗ן		global-review-known-rendering	safe	0.7897	approved	0				global known-rendering assignment; lexical score 0.64
14:48	5	comes		4	יָבֹ֜א		global-review-known-rendering	safe	0.5783	approved	0				global known-rendering assignment; lexical score 0.43
14:48	8	sees		8	רָאָה֙		global-review-known-rendering	safe	0.6695	approved	0				global known-rendering assignment; lexical score 0.52
14:48	13	not		11	לֹא		global-review-known-rendering	safe	0.6788	approved	0				global known-rendering assignment; lexical score 0.53
14:48	15	after		18	אַחֲרֵ֖י		global-review-known-rendering	safe	0.5878	approved	0				global known-rendering assignment; lexical score 0.44
14:48	23	the		21	הַ		attached-word	safe	0.6633	approved	0				Article of 'house'
14:48	24	house		22	בָּ֑יִת		global-review-known-rendering	safe	0.7633	approved	0				global known-rendering assignment; lexical score 0.61
14:48	26	the		25	הַ		attached-word	safe	0.6897	approved	0				Article of 'priest'
14:48	27	priest		26	כֹּהֵן֙		global-review-known-rendering	safe	0.7897	approved	0				global known-rendering assignment; lexical score 0.64
14:48	31	the		28	הַ		attached-word	safe	0.6633	approved	0				Article of 'house'
14:48	32	house		29	בַּ֔יִת		global-review-known-rendering	safe	0.7633	approved	0				global known-rendering assignment; lexical score 0.61
14:49				5	אֶת	omits	unrendered-object-marker	safe	0.7633	approved	0				object marker; rests on 'house' → 'בַּ֖יִת'
14:49	6	the		6	הַ		attached-word	safe	0.6633	approved	0				Article of 'house'
14:49	7	house		7	בַּ֖יִת		global-review-known-rendering	safe	0.7633	approved	0				global known-rendering assignment; lexical score 0.61
14:49	12	two		8	שְׁתֵּ֣י		global-review-known-rendering	safe	0.6872	approved	0				global known-rendering assignment; lexical score 0.54
14:49	20	hyssop		17	אֵזֹֽב		global-review-known-rendering	safe	0.8	approved	0				global known-rendering assignment; lexical score 0.65
14:50				6	הָ	omits	unrendered-article	safe	0.5886	approved	0				article no the of the verse renders; rests on 'one' → 'אֶחָ֑ת'
14:50	3	one		7	אֶחָ֑ת		global-review-known-rendering	safe	0.5886	approved	0				global known-rendering assignment; lexical score 0.44
14:50	10	a				expands	supplied-indefinite-article	safe	0.7735	approved	0				indefinite article; rests on 'vessel' → 'כְּלִי'
14:50	11	vessel		9	כְּלִי		global-review-known-rendering	safe	0.7735	approved	0				global known-rendering assignment; lexical score 0.62
14:50	14	over		11	עַל		global-review-known-rendering	safe	0.5655	approved	0				global known-rendering assignment; lexical score 0.42
14:50	16	water		12	מַ֥יִם		global-review-known-rendering	safe	0.7765	approved	0				global known-rendering assignment; lexical score 0.63
14:51				8	אֶת	omits	unrendered-object-marker	safe	0.8	approved	0				object marker; rests on 'hyssop' → 'אֵזֹ֜ב'
14:51				17	אֵת֮	omits	unrendered-object-marker	safe	0.625	approved	0				object marker; rests on 'bird' → 'צִּפֹּ֣ר'
14:51	6	the		9	הָ֨		attached-word	safe	0.7	approved	0				Article of 'hyssop'
14:51	7	hyssop		10	אֵזֹ֜ב		global-review-known-rendering	safe	0.8	approved	0				global known-rendering assignment; lexical score 0.65
14:51	13	the		20	הַֽ		attached-word	safe	0.664	approved	0				Article of 'living'
14:51	14	living		21	חַיָּה֒		global-review-known-rendering	safe	0.764	approved	0				global known-rendering assignment; lexical score 0.61
14:51	15	bird		19	צִּפֹּ֣ר		global-review-known-rendering	safe	0.625	approved	0				global known-rendering assignment; lexical score 0.48
14:51	20	the				expands	supplied-article	safe	0.758	approved	0				article the original does not write; rests on 'blood' → 'דַם֙'
14:51	21	blood		26	דַם֙		global-review-known-rendering	safe	0.758	approved	0				global known-rendering assignment; lexical score 0.61
14:51	25	bird		28	צִּפֹּ֣ר		global-review-known-rendering	safe	0.625	approved	0				global known-rendering assignment; lexical score 0.48
14:51	28	the		33			attached-word	safe	0.6765	approved	0				Article of 'water'
14:51	30	water		34	מַּ֖יִם		global-review-known-rendering	safe	0.7765	approved	0				global known-rendering assignment; lexical score 0.63
14:51	34	the		40	הַ		attached-word	safe	0.6633	approved	0				Article of 'house'
14:51	35	house		41	בַּ֖יִת		global-review-known-rendering	safe	0.7633	approved	0				global known-rendering assignment; lexical score 0.61
14:51	36	seven		42	שֶׁ֥בַע		global-review-known-rendering	safe	0.7828	approved	0				global known-rendering assignment; lexical score 0.63
14:52				3	אֶת	omits	unrendered-object-marker	safe	0.7633	approved	0				object marker; rests on 'house' → 'בַּ֔יִת'
14:52	5	the		4	הַ		attached-word	safe	0.6633	approved	0				Article of 'house'
14:52	6	house		5	בַּ֔יִת		global-review-known-rendering	safe	0.7633	approved	0				global known-rendering assignment; lexical score 0.61
14:52	9	the				expands	supplied-article	safe	0.758	approved	0				article the original does not write; rests on 'blood' → 'דַם֙'
14:52	10	blood		7	דַם֙		global-review-known-rendering	safe	0.758	approved	0				global known-rendering assignment; lexical score 0.61
14:52	11	of		9	צִּפֹּ֔ור		attached-word	safe	0.525	approved	0				Genitive of 'bird'
14:52	12	the		8	הַ		attached-word	safe	0.525	approved	0				Article of 'bird'
14:52	13	bird		9	צִּפֹּ֔ור		global-review-known-rendering	safe	0.625	approved	0				global known-rendering assignment; lexical score 0.48
14:52	15	the		12			attached-word	safe	0.6765	approved	0				Article of 'water'
14:52	17	water		13	מַּ֖יִם		global-review-known-rendering	safe	0.7765	approved	0				global known-rendering assignment; lexical score 0.63
14:52	20	the		18			attached-word	safe	0.525	approved	0				Article of 'bird'
14:52	21	living		21	חַיָּ֗ה		global-review-known-rendering	safe	0.764	approved	0				global known-rendering assignment; lexical score 0.61
14:52	22	bird		19	צִּפֹּ֣ר		global-review-known-rendering	safe	0.625	approved	0				global known-rendering assignment; lexical score 0.48
14:52	28	the		29			attached-word	safe	0.7	approved	0				Article of 'hyssop'
14:52	29	hyssop		30	אֵזֹ֖ב		global-review-known-rendering	safe	0.8	approved	0				global known-rendering assignment; lexical score 0.65
14:53				3	אֶת	omits	unrendered-object-marker	safe	0.625	approved	0				object marker; rests on 'bird' → 'צִּפֹּ֧ר'
14:53	5	the		6	הַֽ		attached-word	safe	0.664	approved	0				Article of 'living'
14:53	6	living		7	חַיָּ֛ה		global-review-known-rendering	safe	0.764	approved	0				global known-rendering assignment; lexical score 0.61
14:53	7	bird		5	צִּפֹּ֧ר		global-review-known-rendering	safe	0.625	approved	0				global known-rendering assignment; lexical score 0.48
14:53	11	the		12			attached-word	safe	0.61	approved	0				Article of 'town'
14:53	12	town		13	עִ֖יר		global-review-known-rendering	safe	0.71	approved	0				global known-rendering assignment; lexical score 0.56
14:53	24	the		21	הַ		attached-word	safe	0.6633	approved	0				Article of 'house'
14:53	25	house		22	בַּ֖יִת		global-review-known-rendering	safe	0.7633	approved	0				global known-rendering assignment; lexical score 0.61
14:54	3	the		2	הַ		attached-word	safe	0.549	approved	0				Article of 'law'
14:54	4	law		3	תֹּורָ֑ה		global-review-known-rendering	safe	0.649	approved	0				global known-rendering assignment; lexical score 0.50
14:54	6	all		5	כָל		global-review-known-rendering	safe	0.7586	approved	0				global known-rendering assignment; lexical score 0.61
14:55				8		omits	unrendered-article	safe	0.7633	approved	0				article no the of the verse renders; rests on 'house' → 'בָּֽיִת'
14:55	10	a				expands	supplied-indefinite-article	safe	0.7633	approved	0				indefinite article; rests on 'house' → 'בָּֽיִת'
14:55	11	house		9	בָּֽיִת		global-review-known-rendering	safe	0.7633	approved	0				global known-rendering assignment; lexical score 0.61
14:56				11		omits	unrendered-article	safe	0.5562	approved	0				article no the of the verse renders; rests on 'bright' → 'בֶּהָֽרֶת'
14:56	10	a				expands	supplied-indefinite-article	safe	0.5562	approved	0				indefinite article; rests on 'bright' → 'בֶּהָֽרֶת'
14:56	11	bright		12	בֶּהָֽרֶת		global-review-known-rendering	safe	0.5562	approved	0				global known-rendering assignment; lexical score 0.41
14:57	15	the				expands	supplied-article	safe	0.649	approved	0				article the original does not write; rests on 'law' → 'תֹּורַ֖ת'
14:57	16	law		13	תֹּורַ֖ת		global-review-known-rendering	safe	0.649	approved	0				global known-rendering assignment; lexical score 0.50
15:1	2	the				expands	supplied-article	safe	0.7288	approved	0				article the original does not write; rests on 'Lord' → 'יְהוָ֔ה'
15:1	3	Lord		3	יְהוָ֔ה		global-review-known-rendering	safe	0.7288	approved	0				global known-rendering assignment; lexical score 0.58
15:1	4	said		10	אמֹֽר		global-review-known-rendering	safe	0.777	approved	0				global known-rendering assignment; lexical score 0.63
15:1	6	Moses		5	מֹשֶׁ֥ה		global-review-known-rendering	safe	0.7976	approved	0				global known-rendering assignment; lexical score 0.65
15:1	9	Aaron		8	אַהֲרֹ֖ן		global-review-known-rendering	safe	0.7943	approved	0				global known-rendering assignment; lexical score 0.64
15:2				5	וַ	omits	unrendered-conjunction	safe	0.7661	approved	0				conjunction no word of the verse renders; rests on 'Say' → 'אֲמַרְתֶּ֖ם'
15:2	1	Say		6	אֲמַרְתֶּ֖ם		global-review-known-rendering	safe	0.7661	approved	0				global known-rendering assignment; lexical score 0.62
15:2	3	the				expands	supplied-article	safe	0.7612	approved	0				article the original does not write; rests on 'children' → 'בְּנֵ֣י'
15:2	4	children		3	בְּנֵ֣י		global-review-known-rendering	safe	0.7612	approved	0				global known-rendering assignment; lexical score 0.61
15:2	5	of		4	יִשְׂרָאֵ֔ל		attached-word	safe	0.6859	approved	0				Genitive of 'Israel'
15:2	6	Israel		4	יִשְׂרָאֵ֔ל		global-review-known-rendering	safe	0.7859	approved	0				global known-rendering assignment; lexical score 0.64
15:2	8	a				expands	supplied-indefinite-article	safe	0.6004	approved	0				indefinite article; rests on 'man' → 'אִ֣ישׁ'
15:2	9	man		8	אִ֣ישׁ		global-review-known-rendering	safe	0.6004	approved	0				global known-rendering assignment; lexical score 0.45
15:2	15	his		14	בְּשָׂרֹ֔ו		attached-word	safe	0.6509	approved	0				PossessivePronoun of 'flesh'
15:2	16	flesh		14	בְּשָׂרֹ֔ו		global-review-known-rendering	safe	0.7509	approved	0				global known-rendering assignment; lexical score 0.60
15:4	4	which		4	אֲשֶׁ֨ר		global-review-known-rendering	safe	0.6689	approved	0				global known-rendering assignment; lexical score 0.52
15:4	15	which		14	אֲשֶׁר		global-review-known-rendering	safe	0.6689	approved	0				global known-rendering assignment; lexical score 0.52
15:5				12		omits	unrendered-article	safe	0.7759	approved	0				article no the of the verse renders; rests on 'water' → 'מַּ֖יִם'
15:5				17	הָ	omits	unrendered-article	safe	0.7583	approved	0				article no the of the verse renders; rests on 'evening' → 'עָֽרֶב'
15:5	11	washed		10	רָחַ֥ץ		global-review-known-rendering	safe	0.605	approved	0				global known-rendering assignment; lexical score 0.46
15:5	17	water		13	מַּ֖יִם		global-review-known-rendering	safe	0.7759	approved	0				global known-rendering assignment; lexical score 0.63
15:5	21	till		16	עַד		global-review-known-rendering	safe	0.6272	approved	0				global known-rendering assignment; lexical score 0.48
15:5	22	evening		18	עָֽרֶב		global-review-known-rendering	safe	0.7583	approved	0				global known-rendering assignment; lexical score 0.61
15:6	10	which		7	אֲשֶׁר		global-review-known-rendering	safe	0.6689	approved	0				global known-rendering assignment; lexical score 0.52
15:6	22	washed		15	רָחַ֥ץ		global-review-known-rendering	safe	0.605	approved	0				global known-rendering assignment; lexical score 0.46
15:6	28	water		18	מַּ֖יִם		global-review-known-rendering	safe	0.7759	approved	0				global known-rendering assignment; lexical score 0.63
15:6	32	till		21	עַד		global-review-known-rendering	safe	0.6272	approved	0				global known-rendering assignment; lexical score 0.48
15:6	33	evening		23	עָֽרֶב		global-review-known-rendering	safe	0.7583	approved	0				global known-rendering assignment; lexical score 0.61
15:7	4	the				expands	supplied-article	safe	0.7509	approved	0				article the original does not write; rests on 'flesh' → 'בְשַׂ֣ר'
15:7	5	flesh		5	בְשַׂ֣ר		global-review-known-rendering	safe	0.7509	approved	0				global known-rendering assignment; lexical score 0.60
15:7	15	washed		11	רָחַ֥ץ		global-review-known-rendering	safe	0.605	approved	0				global known-rendering assignment; lexical score 0.46
15:7	21	water		14	מַּ֖יִם		global-review-known-rendering	safe	0.7759	approved	0				global known-rendering assignment; lexical score 0.63
15:7	25	till		17	עַד		global-review-known-rendering	safe	0.6272	approved	0				global known-rendering assignment; lexical score 0.48
15:7	26	evening		19	עָֽרֶב		global-review-known-rendering	safe	0.7583	approved	0				global known-rendering assignment; lexical score 0.61
15:8	25	washed		13	רָחַ֥ץ		global-review-known-rendering	safe	0.605	approved	0				global known-rendering assignment; lexical score 0.46
15:8	31	water		16	מַּ֖יִם		global-review-known-rendering	safe	0.7759	approved	0				global known-rendering assignment; lexical score 0.63
15:8	35	till		19	עַד		global-review-known-rendering	safe	0.6272	approved	0				global known-rendering assignment; lexical score 0.48
15:8	36	evening		21	עָֽרֶב		global-review-known-rendering	safe	0.7583	approved	0				global known-rendering assignment; lexical score 0.61
15:9	9	which		5	אֲשֶׁ֨ר		global-review-known-rendering	safe	0.6689	approved	0				global known-rendering assignment; lexical score 0.52
15:10				23		omits	unrendered-article	safe	0.7759	approved	0				article no the of the verse renders; rests on 'water' → 'מַּ֖יִם'
15:10				28	הָ	omits	unrendered-article	safe	0.7583	approved	0				article no the of the verse renders; rests on 'evening' → 'עָֽרֶב'
15:10	5	which		7	אֲשֶׁ֣ר		global-review-known-rendering	safe	0.6689	approved	0				global known-rendering assignment; lexical score 0.52
15:10	7	under		9	תַחְתָּ֔יו		global-review-known-rendering	safe	0.6593	approved	0				global known-rendering assignment; lexical score 0.51
15:10	12	till		11	עַד		global-review-known-rendering	safe	0.6272	approved	0				global known-rendering assignment; lexical score 0.48
15:10	13	the		12	הָ		attached-word	safe	0.6583	approved	0				Article of 'evening'
15:10	14	evening		13	עָ֑רֶב		global-review-known-rendering	safe	0.7583	approved	0				global known-rendering assignment; lexical score 0.61
15:10	27	washed		21	רָחַ֥ץ		global-review-known-rendering	safe	0.605	approved	0				global known-rendering assignment; lexical score 0.46
15:10	33	water		24	מַּ֖יִם		global-review-known-rendering	safe	0.7759	approved	0				global known-rendering assignment; lexical score 0.63
15:10	37	till		27	עַד		global-review-known-rendering	safe	0.6272	approved	0				global known-rendering assignment; lexical score 0.48
15:10	38	evening		29	עָֽרֶב		global-review-known-rendering	safe	0.7583	approved	0				global known-rendering assignment; lexical score 0.61
15:11	4	whom		3	אֲשֶׁ֤ר		global-review-known-rendering	safe	0.6476	approved	0				global known-rendering assignment; lexical score 0.50
15:11	9	his		9	יָדָ֖יו		attached-word	safe	0.5739	approved	0				PossessivePronoun of 'hands'
15:11	10	hands		9	יָדָ֖יו		global-review-known-rendering	safe	0.6739	approved	0				global known-rendering assignment; lexical score 0.52
15:11	15	water		14	מָּ֑יִם		global-review-known-rendering	safe	0.7759	approved	0				global known-rendering assignment; lexical score 0.63
15:11	21	washed		19	רָחַ֥ץ		global-review-known-rendering	safe	0.605	approved	0				global known-rendering assignment; lexical score 0.46
15:11	27	water		22	מַּ֖יִם		global-review-known-rendering	safe	0.7759	approved	0				global known-rendering assignment; lexical score 0.63
15:11	31	till		25	עַד		global-review-known-rendering	safe	0.6272	approved	0				global known-rendering assignment; lexical score 0.48
15:11	32	evening		27	עָֽרֶב		global-review-known-rendering	safe	0.7583	approved	0				global known-rendering assignment; lexical score 0.61
15:12	3	vessel		2	כְלִי		global-review-known-rendering	safe	0.7735	approved	0				global known-rendering assignment; lexical score 0.62
15:12	6	which		4	אֲשֶׁר		global-review-known-rendering	safe	0.6689	approved	0				global known-rendering assignment; lexical score 0.52
15:12	9	touched		5	יִגַּע		global-review-known-rendering	safe	0.7357	approved	0				global known-rendering assignment; lexical score 0.59
15:12	21	vessel		12	כְּלִי		global-review-known-rendering	safe	0.7735	approved	0				global known-rendering assignment; lexical score 0.62
15:12	22	of		13	עֵ֔ץ		attached-word	safe	0.5988	approved	0				Genitive of 'wood'
15:12	23	wood		13	עֵ֔ץ		global-review-known-rendering	safe	0.6988	approved	0				global known-rendering assignment; lexical score 0.55
15:13				4	הַ	omits	unrendered-article	safe	0.6875	approved	0				article no the of the verse renders; rests on 'flowing' → 'זָּב֙'
15:13	21	seven		11	שִׁבְעַ֥ת		global-review-known-rendering	safe	0.7829	approved	0				global known-rendering assignment; lexical score 0.63
15:13	22	days		12	יָמִ֛ים		global-review-known-rendering	safe	0.7781	approved	0				global known-rendering assignment; lexical score 0.63
15:13	35	flowing		5	זָּב֙		global-review-known-rendering	safe	0.6875	approved	0				global known-rendering assignment; lexical score 0.54
15:13	36	water		22	מַ֥יִם		global-review-known-rendering	safe	0.7759	approved	0				global known-rendering assignment; lexical score 0.63
15:14	3	the		5	הַ		attached-word	safe	0.6016	approved	0				Article of 'eighth'
15:14	4	eighth		6	שְּׁמִינִ֗י		global-review-known-rendering	safe	0.7016	approved	0				global known-rendering assignment; lexical score 0.55
15:14	5	day		4	יֹּ֣ום		global-review-known-rendering	safe	0.7663	approved	0				global known-rendering assignment; lexical score 0.62
15:14	10	two		9	שְׁתֵּ֣י		global-review-known-rendering	safe	0.6873	approved	0				global known-rendering assignment; lexical score 0.54
15:14	13	two		12	שְׁנֵ֖י		global-review-known-rendering	safe	0.6873	approved	0				global known-rendering assignment; lexical score 0.54
15:14	15	pigeons		14	יֹונָ֑ה		global-review-known-rendering	safe	0.8	approved	0				global known-rendering assignment; lexical score 0.65
15:14	17	come		16	בָ֣א		global-review-known-rendering	safe	0.572	approved	0				global known-rendering assignment; lexical score 0.42
15:14	18	before		18	פְנֵ֣י		global-review-known-rendering	safe	0.6582	approved	0				global known-rendering assignment; lexical score 0.51
15:14	19	the				expands	supplied-article	safe	0.7288	approved	0				article the original does not write; rests on 'Lord' → 'יְהוָ֗ה'
15:14	20	Lord		19	יְהוָ֗ה		global-review-known-rendering	safe	0.7288	approved	0				global known-rendering assignment; lexical score 0.58
15:14	22	the				expands	supplied-article	safe	0.6757	approved	0				article the original does not write; rests on 'door' → 'פֶּ֨תַח֙'
15:14	23	door		21	פֶּ֨תַח֙		global-review-known-rendering	safe	0.6757	approved	0				global known-rendering assignment; lexical score 0.53
15:14	24	of		22	אֹ֣הֶל		attached-word	safe	0.6308	approved	0				Genitive of 'Tent'
15:14	25	the				expands	supplied-article	safe	0.7308	approved	0				article the original does not write; rests on 'Tent' → 'אֹ֣הֶל'
15:14	26	Tent		22	אֹ֣הֶל		global-review-known-rendering	safe	0.7308	approved	0				global known-rendering assignment; lexical score 0.58
15:14	30	give		25	נְתָנָ֖ם		global-review-known-rendering	safe	0.6513	approved	0				global known-rendering assignment; lexical score 0.50
15:14	33	the		27	הַ		attached-word	safe	0.6904	approved	0				Article of 'priest'
15:14	34	priest		28	כֹּהֵֽן		global-review-known-rendering	safe	0.7904	approved	0				global known-rendering assignment; lexical score 0.64
15:15	8	the		4	הַ		attached-word	safe	0.6904	approved	0				Article of 'priest'
15:15	9	priest		5	כֹּהֵ֔ן		global-review-known-rendering	safe	0.7904	approved	0				global known-rendering assignment; lexical score 0.64
15:15	10	one		6	אֶחָ֣ד		global-review-known-rendering	safe	0.59	approved	0				global known-rendering assignment; lexical score 0.44
15:15	15	one		10	אֶחָ֖ד		global-review-known-rendering	safe	0.59	approved	0				global known-rendering assignment; lexical score 0.44
15:15	21	the		15	הַ		attached-word	safe	0.6904	approved	0				Article of 'priest'
15:15	22	priest		16	כֹּהֵ֛ן		global-review-known-rendering	safe	0.7904	approved	0				global known-rendering assignment; lexical score 0.64
15:15	27	sin		7	חַטָּ֔את		global-review-known-rendering	safe	0.6123	approved	0				global known-rendering assignment; lexical score 0.46
15:15	28	before		18	פְנֵ֥י		global-review-known-rendering	safe	0.6582	approved	0				global known-rendering assignment; lexical score 0.51
15:15	29	the				expands	supplied-article	safe	0.7288	approved	0				article the original does not write; rests on 'Lord' → 'יְהוָ֖ה'
15:15	30	Lord		19	יְהוָ֖ה		global-review-known-rendering	safe	0.7288	approved	0				global known-rendering assignment; lexical score 0.58
15:16				11		omits	unrendered-article	safe	0.7759	approved	0				article no the of the verse renders; rests on 'water' → 'מַּ֛יִם'
15:16				13	אֶת	omits	unrendered-object-marker	safe	0.7584	approved	0				object marker; rests on 'all' → 'כָּל'
15:16				19	הָ	omits	unrendered-article	safe	0.7583	approved	0				article no the of the verse renders; rests on 'evening' → 'עָֽרֶב'
15:16	3	a				expands	supplied-indefinite-article	safe	0.5724	approved	0				indefinite article; rests on 'man's' → 'אִ֕ישׁ'
15:16	4	man's		2	אִ֕ישׁ		global-review-known-rendering	safe	0.5724	approved	0				global known-rendering assignment; lexical score 0.42
15:16	5	seed		7	זָ֑רַע		global-review-known-rendering	safe	0.7394	approved	0				global known-rendering assignment; lexical score 0.59
15:16	11	all		14	כָּל		global-review-known-rendering	safe	0.7584	approved	0				global known-rendering assignment; lexical score 0.61
15:16	20	water		12	מַּ֛יִם		global-review-known-rendering	safe	0.7759	approved	0				global known-rendering assignment; lexical score 0.63
15:16	26	till		18	עַד		global-review-known-rendering	safe	0.6272	approved	0				global known-rendering assignment; lexical score 0.48
15:16	27	evening		20	עָֽרֶב		global-review-known-rendering	safe	0.7583	approved	0				global known-rendering assignment; lexical score 0.61
15:17	5	skin		6	עֹ֔ור		global-review-known-rendering	safe	0.7663	approved	0				global known-rendering assignment; lexical score 0.62
15:17	7	which		7	אֲשֶׁר		global-review-known-rendering	safe	0.6689	approved	0				global known-rendering assignment; lexical score 0.52
15:17	8	the				expands	supplied-article	safe	0.7394	approved	0				article the original does not write; rests on 'seed' → 'זָ֑רַע'
15:17	9	seed		11	זָ֑רַע		global-review-known-rendering	safe	0.7394	approved	0				global known-rendering assignment; lexical score 0.59
15:17	16	water		16	מַּ֖יִם		global-review-known-rendering	safe	0.7759	approved	0				global known-rendering assignment; lexical score 0.63
15:17	20	till		19	עַד		global-review-known-rendering	safe	0.6272	approved	0				global known-rendering assignment; lexical score 0.48
15:17	21	evening		21	עָֽרֶב		global-review-known-rendering	safe	0.7583	approved	0				global known-rendering assignment; lexical score 0.61
15:18	3	a				expands	supplied-indefinite-article	safe	0.6004	approved	0				indefinite article; rests on 'man' → 'אִ֛ישׁ'
15:18	4	man		5	אִ֛ישׁ		global-review-known-rendering	safe	0.6004	approved	0				global known-rendering assignment; lexical score 0.45
15:18	9	a				expands	supplied-indefinite-article	safe	0.7235	approved	0				indefinite article; rests on 'woman' → 'אִשָּׁ֕ה'
15:18	10	woman		2	אִשָּׁ֕ה		global-review-known-rendering	safe	0.7235	approved	0				global known-rendering assignment; lexical score 0.57
15:18	13	seed		8	זָ֑רַע		global-review-known-rendering	safe	0.7394	approved	0				global known-rendering assignment; lexical score 0.59
15:18	28	water		13	מַּ֔יִם		global-review-known-rendering	safe	0.7759	approved	0				global known-rendering assignment; lexical score 0.63
15:18	33	till		16	עַד		global-review-known-rendering	safe	0.6272	approved	0				global known-rendering assignment; lexical score 0.48
15:18	34	evening		18	עָֽרֶב		global-review-known-rendering	safe	0.7583	approved	0				global known-rendering assignment; lexical score 0.61
15:19				23	הָ	omits	unrendered-article	safe	0.7583	approved	0				article no the of the verse renders; rests on 'evening' → 'עָֽרֶב'
15:19	3	a				expands	supplied-indefinite-article	safe	0.7235	approved	0				indefinite article; rests on 'woman' → 'אִשָּׁה֙'
15:19	4	woman		2	אִשָּׁה֙		global-review-known-rendering	safe	0.7235	approved	0				global known-rendering assignment; lexical score 0.57
15:19	9	blood		6	דָּ֛ם		global-review-known-rendering	safe	0.7563	approved	0				global known-rendering assignment; lexical score 0.61
15:19	21	seven		11	שִׁבְעַ֤ת		global-review-known-rendering	safe	0.7829	approved	0				global known-rendering assignment; lexical score 0.63
15:19	22	days		12	יָמִים֙		global-review-known-rendering	safe	0.7781	approved	0				global known-rendering assignment; lexical score 0.63
15:19	30	till		22	עַד		global-review-known-rendering	safe	0.6272	approved	0				global known-rendering assignment; lexical score 0.48
15:19	31	evening		24	עָֽרֶב		global-review-known-rendering	safe	0.7583	approved	0				global known-rendering assignment; lexical score 0.61
15:20	4	which		3	אֲשֶׁ֨ר		global-review-known-rendering	safe	0.6689	approved	0				global known-rendering assignment; lexical score 0.52
15:20	20	which		11	אֲשֶׁר		global-review-known-rendering	safe	0.6689	approved	0				global known-rendering assignment; lexical score 0.52
15:21				12		omits	unrendered-article	safe	0.7759	approved	0				article no the of the verse renders; rests on 'water' → 'מַּ֖יִם'
15:21				17	הָ	omits	unrendered-article	safe	0.7583	approved	0				article no the of the verse renders; rests on 'evening' → 'עָֽרֶב'
15:21	12	washed		10	רָחַ֥ץ		global-review-known-rendering	safe	0.605	approved	0				global known-rendering assignment; lexical score 0.46
15:21	18	water		13	מַּ֖יִם		global-review-known-rendering	safe	0.7759	approved	0				global known-rendering assignment; lexical score 0.63
15:21	22	till		16	עַד		global-review-known-rendering	safe	0.6272	approved	0				global known-rendering assignment; lexical score 0.48
15:21	23	evening		18	עָֽרֶב		global-review-known-rendering	safe	0.7583	approved	0				global known-rendering assignment; lexical score 0.61
15:22				16		omits	unrendered-article	safe	0.7759	approved	0				article no the of the verse renders; rests on 'water' → 'מַּ֖יִם'
15:22				21	הָ	omits	unrendered-article	safe	0.7583	approved	0				article no the of the verse renders; rests on 'evening' → 'עָֽרֶב'
15:22	6	which		8	אֲשֶׁר		global-review-known-rendering	safe	0.6689	approved	0				global known-rendering assignment; lexical score 0.52
15:22	17	washed		14	רָחַ֥ץ		global-review-known-rendering	safe	0.605	approved	0				global known-rendering assignment; lexical score 0.46
15:22	23	water		17	מַּ֖יִם		global-review-known-rendering	safe	0.7759	approved	0				global known-rendering assignment; lexical score 0.63
15:22	27	till		20	עַד		global-review-known-rendering	safe	0.6272	approved	0				global known-rendering assignment; lexical score 0.48
15:22	28	evening		22	עָֽרֶב		global-review-known-rendering	safe	0.7583	approved	0				global known-rendering assignment; lexical score 0.61
15:23				20	הָ	omits	unrendered-article	safe	0.7583	approved	0				article no the of the verse renders; rests on 'evening' → 'עָֽרֶב'
15:23	12	which		11	אֲשֶׁר		global-review-known-rendering	safe	0.6689	approved	0				global known-rendering assignment; lexical score 0.52
15:23	20	till		19	עַד		global-review-known-rendering	safe	0.6272	approved	0				global known-rendering assignment; lexical score 0.48
15:23	21	evening		21	עָֽרֶב		global-review-known-rendering	safe	0.7583	approved	0				global known-rendering assignment; lexical score 0.61
15:24	2	if		2	אִ֡ם		global-review-known-rendering	safe	0.6418	approved	0				global known-rendering assignment; lexical score 0.49
15:24	4	man		5	אִ֜ישׁ		global-review-known-rendering	safe	0.6004	approved	0				global known-rendering assignment; lexical score 0.45
15:24	22	seven		13	שִׁבְעַ֣ת		global-review-known-rendering	safe	0.7829	approved	0				global known-rendering assignment; lexical score 0.63
15:24	23	days		14	יָמִ֑ים		global-review-known-rendering	safe	0.7781	approved	0				global known-rendering assignment; lexical score 0.63
15:24	28	which		19	אֲשֶׁר		global-review-known-rendering	safe	0.6689	approved	0				global known-rendering assignment; lexical score 0.52
15:25	3	a				expands	supplied-indefinite-article	safe	0.7235	approved	0				indefinite article; rests on 'woman' → 'אִשָּׁ֡ה'
15:25	4	woman		2	אִשָּׁ֡ה		global-review-known-rendering	safe	0.7235	approved	0				global known-rendering assignment; lexical score 0.57
15:25	9	blood		6	דָּמָ֜הּ		global-review-known-rendering	safe	0.7563	approved	0				global known-rendering assignment; lexical score 0.61
15:25	14	not		10	לֹא֙		global-review-known-rendering	safe	0.6789	approved	0				global known-rendering assignment; lexical score 0.53
15:25	16	the				expands	supplied-article	safe	0.5711	approved	0				article the original does not write; rests on 'time' → 'עֶת'
15:25	17	time		11	עֶת		global-review-known-rendering	safe	0.5711	approved	0				global known-rendering assignment; lexical score 0.42
15:26	4	which		4	אֲשֶׁר		global-review-known-rendering	safe	0.6689	approved	0				global known-rendering assignment; lexical score 0.52
15:26	27	which		19	אֲשֶׁ֣ר		global-review-known-rendering	safe	0.6689	approved	0				global known-rendering assignment; lexical score 0.52
15:27				13		omits	unrendered-article	safe	0.7759	approved	0				article no the of the verse renders; rests on 'water' → 'מַּ֖יִם'
15:27				18	הָ	omits	unrendered-article	safe	0.7583	approved	0				article no the of the verse renders; rests on 'evening' → 'עָֽרֶב'
15:27	16	washed		11	רָחַ֥ץ		global-review-known-rendering	safe	0.605	approved	0				global known-rendering assignment; lexical score 0.46
15:27	22	water		14	מַּ֖יִם		global-review-known-rendering	safe	0.7759	approved	0				global known-rendering assignment; lexical score 0.63
15:27	28	till		17	עַד		global-review-known-rendering	safe	0.6272	approved	0				global known-rendering assignment; lexical score 0.48
15:27	29	evening		19	עָֽרֶב		global-review-known-rendering	safe	0.7583	approved	0				global known-rendering assignment; lexical score 0.61
15:28	9	after		12	אַחַ֥ר		global-review-known-rendering	safe	0.5888	approved	0				global known-rendering assignment; lexical score 0.44
15:28	10	seven		9	שִׁבְעַ֥ת		global-review-known-rendering	safe	0.7829	approved	0				global known-rendering assignment; lexical score 0.63
15:28	11	days		10	יָמִ֖ים		global-review-known-rendering	safe	0.7781	approved	0				global known-rendering assignment; lexical score 0.63
15:29	3	the		5	הַ		attached-word	safe	0.6016	approved	0				Article of 'eighth'
15:29	4	eighth		6	שְּׁמִינִ֗י		global-review-known-rendering	safe	0.7016	approved	0				global known-rendering assignment; lexical score 0.55
15:29	5	day		4	יֹּ֣ום		global-review-known-rendering	safe	0.7663	approved	0				global known-rendering assignment; lexical score 0.62
15:29	9	two		9	שְׁתֵּ֣י		global-review-known-rendering	safe	0.6873	approved	0				global known-rendering assignment; lexical score 0.54
15:29	12	two		12	שְׁנֵ֖י		global-review-known-rendering	safe	0.6873	approved	0				global known-rendering assignment; lexical score 0.54
15:29	14	pigeons		14	יֹונָ֑ה		global-review-known-rendering	safe	0.8	approved	0				global known-rendering assignment; lexical score 0.65
15:29	19	the		19	הַ		attached-word	safe	0.6904	approved	0				Article of 'priest'
15:29	20	priest		20	כֹּהֵ֔ן		global-review-known-rendering	safe	0.7904	approved	0				global known-rendering assignment; lexical score 0.64
15:29	22	the				expands	supplied-article	safe	0.6757	approved	0				article the original does not write; rests on 'door' → 'פֶּ֖תַח'
15:29	23	door		22	פֶּ֖תַח		global-review-known-rendering	safe	0.6757	approved	0				global known-rendering assignment; lexical score 0.53
15:29	24	of		23	אֹ֥הֶל		attached-word	safe	0.6308	approved	0				Genitive of 'Tent'
15:29	25	the				expands	supplied-article	safe	0.7308	approved	0				article the original does not write; rests on 'Tent' → 'אֹ֥הֶל'
15:29	26	Tent		23	אֹ֥הֶל		global-review-known-rendering	safe	0.7308	approved	0				global known-rendering assignment; lexical score 0.58
15:30				5	אֶת	omits	unrendered-object-marker	safe	0.59	approved	0				object marker; rests on 'one' → 'אֶחָ֣ד'
15:30				10	אֶת	omits	unrendered-object-marker	safe	0.59	approved	0				object marker; rests on 'one' → 'אֶחָ֖ד'
15:30	5	the		3	הַ		attached-word	safe	0.6904	approved	0				Article of 'priest'
15:30	6	priest		4	כֹּהֵן֙		global-review-known-rendering	safe	0.7904	approved	0				global known-rendering assignment; lexical score 0.64
15:30	7	one		7	אֶחָ֣ד		global-review-known-rendering	safe	0.59	approved	0				global known-rendering assignment; lexical score 0.44
15:30	12	one		12	אֶחָ֖ד		global-review-known-rendering	safe	0.59	approved	0				global known-rendering assignment; lexical score 0.44
15:30	18	the		17	הַ		attached-word	safe	0.6904	approved	0				Article of 'priest'
15:30	19	priest		18	כֹּהֵן֙		global-review-known-rendering	safe	0.7904	approved	0				global known-rendering assignment; lexical score 0.64
15:30	24	sin		8	חַטָּ֔את		global-review-known-rendering	safe	0.6123	approved	0				global known-rendering assignment; lexical score 0.46
15:30	25	before		20	פְנֵ֣י		global-review-known-rendering	safe	0.6582	approved	0				global known-rendering assignment; lexical score 0.51
15:31				3	אֶת	omits	unrendered-object-marker	safe	0.7612	approved	0				object marker; rests on 'children' → 'בְּנֵי'
15:31	5	the				expands	supplied-article	safe	0.7612	approved	0				article the original does not write; rests on 'children' → 'בְּנֵי'
15:31	6	children		4	בְּנֵי		global-review-known-rendering	safe	0.7612	approved	0				global known-rendering assignment; lexical score 0.61
15:31	7	of		5	יִשְׂרָאֵ֖ל		attached-word	safe	0.6859	approved	0				Genitive of 'Israel'
15:31	8	Israel		5	יִשְׂרָאֵ֖ל		global-review-known-rendering	safe	0.7859	approved	0				global known-rendering assignment; lexical score 0.64
15:31	22	not		9	לֹ֤א		global-review-known-rendering	safe	0.6789	approved	0				global known-rendering assignment; lexical score 0.53
15:31	37	which		17	אֲשֶׁ֥ר		global-review-known-rendering	safe	0.6689	approved	0				global known-rendering assignment; lexical score 0.52
15:32	3	the				expands	supplied-article	safe	0.6505	approved	0				article the original does not write; rests on 'law' → 'תֹּורַ֖ת'
15:32	4	law		2	תֹּורַ֖ת		global-review-known-rendering	safe	0.6505	approved	0				global known-rendering assignment; lexical score 0.50
15:32	17	seed		10	זֶ֖רַע		global-review-known-rendering	safe	0.7394	approved	0				global known-rendering assignment; lexical score 0.59
15:33	13	man		20	אִ֕ישׁ		global-review-known-rendering	safe	0.6004	approved	0				global known-rendering assignment; lexical score 0.45
16:1	2	the				expands	supplied-article	safe	0.7287	approved	0				article the original does not write; rests on 'Lord' → 'יְהוָה֙'
16:1	3	Lord		3	יְהוָה֙		global-review-known-rendering	safe	0.7287	approved	0				global known-rendering assignment; lexical score 0.58
16:1	6	Moses		5	מֹשֶׁ֔ה		global-review-known-rendering	safe	0.7976	approved	0				global known-rendering assignment; lexical score 0.65
16:1	7	after		6	אַחֲרֵ֣י		global-review-known-rendering	safe	0.5888	approved	0				global known-rendering assignment; lexical score 0.44
16:1	10	of		8	שְׁנֵ֖י		attached-word	safe	0.5873	approved	0				Genitive of 'two'
16:1	11	the				expands	supplied-article	safe	0.6873	approved	0				article the original does not write; rests on 'two' → 'שְׁנֵ֖י'
16:1	12	two		8	שְׁנֵ֖י		global-review-known-rendering	safe	0.6873	approved	0				global known-rendering assignment; lexical score 0.54
16:1	13	sons		9	בְּנֵ֣י		global-review-known-rendering	safe	0.7674	approved	0				global known-rendering assignment; lexical score 0.62
16:1	14	of		10	אַהֲרֹ֑ן		attached-word	safe	0.6942	approved	0				Genitive of 'Aaron'
16:1	15	Aaron		10	אַהֲרֹ֑ן		global-review-known-rendering	safe	0.7942	approved	0				global known-rendering assignment; lexical score 0.64
16:1	22	before		14	פְנֵי		global-review-known-rendering	safe	0.658	approved	0				global known-rendering assignment; lexical score 0.51
16:1	23	the				expands	supplied-article	safe	0.7287	approved	0				article the original does not write; rests on 'Lord' → 'יְהוָ֖ה'
16:1	24	Lord		15	יְהוָ֖ה		global-review-known-rendering	safe	0.7287	approved	0				global known-rendering assignment; lexical score 0.58
16:2				1	וַ	omits	unrendered-conjunction	safe	0.777	approved	0				conjunction no word of the verse renders; rests on 'said' → 'יֹּ֨אמֶר'
16:2				32	וְ	omits	unrendered-conjunction	safe	0.679	approved	0				conjunction no word of the verse renders; rests on 'not' → 'לֹ֣א'
16:2	1	The				expands	supplied-article	safe	0.7287	approved	0				article the original does not write; rests on 'Lord' → 'יְהוָ֜ה'
16:2	2	Lord		3	יְהוָ֜ה		global-review-known-rendering	safe	0.7287	approved	0				global known-rendering assignment; lexical score 0.58
16:2	3	said		2	יֹּ֨אמֶר		global-review-known-rendering	safe	0.777	approved	0				global known-rendering assignment; lexical score 0.63
16:2	5	Moses		5	מֹשֶׁ֗ה		global-review-known-rendering	safe	0.7976	approved	0				global known-rendering assignment; lexical score 0.65
16:2	8	Aaron		8	אַהֲרֹ֣ן		global-review-known-rendering	safe	0.7942	approved	0				global known-rendering assignment; lexical score 0.64
16:2	9	your		9	אָחִיךָ֒		attached-word	safe	0.6715	approved	0				PossessivePronoun of 'brother'
16:2	10	brother		9	אָחִיךָ֒		global-review-known-rendering	safe	0.7715	approved	0				global known-rendering assignment; lexical score 0.62
16:2	14	not		33	לֹ֣א		global-review-known-rendering	safe	0.679	approved	0				global known-rendering assignment; lexical score 0.53
16:2	15	come		12	יָבֹ֤א		global-review-known-rendering	safe	0.5717	approved	0				global known-rendering assignment; lexical score 0.42
16:2	17	all		14	כָל		global-review-known-rendering	safe	0.7584	approved	0				global known-rendering assignment; lexical score 0.61
16:2	20	the		17	הַ		attached-word	safe	0.5603	approved	0				Article of 'holy'
16:2	21	holy		18	קֹּ֔דֶשׁ		global-review-known-rendering	safe	0.6603	approved	0				global known-rendering assignment; lexical score 0.51
16:2	26	before		25	פְּנֵ֨י		global-review-known-rendering	safe	0.658	approved	0				global known-rendering assignment; lexical score 0.51
16:2	29	which		28	אֲשֶׁ֤ר		global-review-known-rendering	safe	0.6684	approved	0				global known-rendering assignment; lexical score 0.52
16:2	32	the		30	הָ		attached-word	safe	0.6407	approved	0				Article of 'ark'
16:2	33	ark		31	אָרֹן֙		global-review-known-rendering	safe	0.7407	approved	0				global known-rendering assignment; lexical score 0.59
16:2	45	seen		39	אֵרָאֶ֖ה		global-review-known-rendering	safe	0.7109	approved	0				global known-rendering assignment; lexical score 0.56
16:2	47	the		37			attached-word	safe	0.6357	approved	0				Article of 'cloud'
16:2	48	cloud		38	עָנָ֔ן		global-review-known-rendering	safe	0.7357	approved	0				global known-rendering assignment; lexical score 0.59
16:3	2	Aaron		4	אַהֲרֹ֖ן		global-review-known-rendering	safe	0.7942	approved	0				global known-rendering assignment; lexical score 0.64
16:3	3	come		3	יָבֹ֥א		global-review-known-rendering	safe	0.5717	approved	0				global known-rendering assignment; lexical score 0.42
16:3	5	the		6	הַ		attached-word	safe	0.5603	approved	0				Article of 'holy'
16:3	6	holy		7	קֹּ֑דֶשׁ		global-review-known-rendering	safe	0.6603	approved	0				global known-rendering assignment; lexical score 0.51
16:4	5	the				expands	supplied-article	safe	0.6603	approved	0				article the original does not write; rests on 'holy' → 'קֹ֜דֶשׁ'
16:4	6	holy		3	קֹ֜דֶשׁ		global-review-known-rendering	safe	0.6603	approved	0				global known-rendering assignment; lexical score 0.51
16:4	8	coat		1	כְּתֹֽנֶת		global-review-known-rendering	safe	0.6875	approved	0				global known-rendering assignment; lexical score 0.54
16:4	32	holy		22	קֹ֣דֶשׁ		global-review-known-rendering	safe	0.6603	approved	0				global known-rendering assignment; lexical score 0.51
16:4	45	washed		25	רָחַ֥ץ		global-review-known-rendering	safe	0.5968	approved	0				global known-rendering assignment; lexical score 0.45
16:4	47	water		28	מַּ֛יִם		global-review-known-rendering	safe	0.7768	approved	0				global known-rendering assignment; lexical score 0.63
16:5	6	the				expands	supplied-article	safe	0.7612	approved	0				article the original does not write; rests on 'children' → 'בְּנֵ֣י'
16:5	7	children		5	בְּנֵ֣י		global-review-known-rendering	safe	0.7612	approved	0				global known-rendering assignment; lexical score 0.61
16:5	8	of		6	יִשְׂרָאֵ֔ל		attached-word	safe	0.6858	approved	0				Genitive of 'Israel'
16:5	9	Israel		6	יִשְׂרָאֵ֔ל		global-review-known-rendering	safe	0.7858	approved	0				global known-rendering assignment; lexical score 0.64
16:5	10	two		8	שְׁנֵֽי		global-review-known-rendering	safe	0.6873	approved	0				global known-rendering assignment; lexical score 0.54
16:5	16	one		15	אֶחָ֖ד		global-review-known-rendering	safe	0.5901	approved	0				global known-rendering assignment; lexical score 0.44
16:6	2	Aaron		3	אַהֲרֹ֛ן		global-review-known-rendering	safe	0.7942	approved	0				global known-rendering assignment; lexical score 0.64
16:6	17	his		15	בֵּיתֹֽו		attached-word	safe	0.6634	approved	0				PossessivePronoun of 'house'
16:6	18	house		15	בֵּיתֹֽו		global-review-known-rendering	safe	0.7634	approved	0				global known-rendering assignment; lexical score 0.61
16:6	21	sin		7	חַטָּ֖את		global-review-known-rendering	safe	0.6086	approved	0				global known-rendering assignment; lexical score 0.46
16:7				3	אֶת	omits	unrendered-object-marker	safe	0.6873	approved	0				object marker; rests on 'two' → 'שְׁנֵ֣י'
16:7	6	the				expands	supplied-article	safe	0.6873	approved	0				article the original does not write; rests on 'two' → 'שְׁנֵ֣י'
16:7	7	two		4	שְׁנֵ֣י		global-review-known-rendering	safe	0.6873	approved	0				global known-rendering assignment; lexical score 0.54
16:7	12	before		11	פְנֵ֣י		global-review-known-rendering	safe	0.658	approved	0				global known-rendering assignment; lexical score 0.51
16:7	13	the				expands	supplied-article	safe	0.7287	approved	0				article the original does not write; rests on 'Lord' → 'יְהוָ֔ה'
16:7	14	Lord		12	יְהוָ֔ה		global-review-known-rendering	safe	0.7287	approved	0				global known-rendering assignment; lexical score 0.58
16:7	16	the				expands	supplied-article	safe	0.6765	approved	0				article the original does not write; rests on 'door' → 'פֶּ֖תַח'
16:7	17	door		13	פֶּ֖תַח		global-review-known-rendering	safe	0.6765	approved	0				global known-rendering assignment; lexical score 0.53
16:7	18	of		14	אֹ֥הֶל		attached-word	safe	0.6308	approved	0				Genitive of 'Tent'
16:7	19	the				expands	supplied-article	safe	0.7308	approved	0				article the original does not write; rests on 'Tent' → 'אֹ֥הֶל'
16:7	20	Tent		14	אֹ֥הֶל		global-review-known-rendering	safe	0.7308	approved	0				global known-rendering assignment; lexical score 0.58
16:8	2	Aaron		3	אַהֲרֹ֛ן		global-review-known-rendering	safe	0.7942	approved	0				global known-rendering assignment; lexical score 0.64
16:8	7	the				expands	supplied-article	safe	0.6873	approved	0				article the original does not write; rests on 'two' → 'שְׁנֵ֥י'
16:8	8	two		5	שְׁנֵ֥י		global-review-known-rendering	safe	0.6873	approved	0				global known-rendering assignment; lexical score 0.54
16:8	16	one		10	אֶחָד֙		global-review-known-rendering	safe	0.5901	approved	0				global known-rendering assignment; lexical score 0.44
16:8	22	one		15	אֶחָ֖ד		global-review-known-rendering	safe	0.5901	approved	0				global known-rendering assignment; lexical score 0.44
16:9	4	which		7	אֲשֶׁ֨ר		global-review-known-rendering	safe	0.6684	approved	0				global known-rendering assignment; lexical score 0.52
16:9	9	the				expands	supplied-article	safe	0.7287	approved	0				article the original does not write; rests on 'Lord' → 'יהוָ֑ה'
16:9	10	Lord		13	יהוָ֑ה		global-review-known-rendering	safe	0.7287	approved	0				global known-rendering assignment; lexical score 0.58
16:9	12	Aaron		3	אַהֲרֹן֙		global-review-known-rendering	safe	0.7942	approved	0				global known-rendering assignment; lexical score 0.64
16:10	10	living		12	חַ֛י		global-review-known-rendering	safe	0.766	approved	0				global known-rendering assignment; lexical score 0.62
16:10	11	before		14	פְנֵ֥י		global-review-known-rendering	safe	0.658	approved	0				global known-rendering assignment; lexical score 0.51
16:10	12	the				expands	supplied-article	safe	0.7287	approved	0				article the original does not write; rests on 'Lord' → 'יְהוָ֖ה'
16:10	13	Lord		15	יְהוָ֖ה		global-review-known-rendering	safe	0.7287	approved	0				global known-rendering assignment; lexical score 0.58
16:10	24	sent		20	שַׁלַּ֥ח		global-review-known-rendering	safe	0.7446	approved	0				global known-rendering assignment; lexical score 0.59
16:11	2	Aaron		3	אַהֲרֹ֜ן		global-review-known-rendering	safe	0.7942	approved	0				global known-rendering assignment; lexical score 0.64
16:11	16	sin		7	חַטָּאת֙		global-review-known-rendering	safe	0.6086	approved	0				global known-rendering assignment; lexical score 0.46
16:11	20	his		15	בֵּיתֹ֑ו		attached-word	safe	0.6634	approved	0				PossessivePronoun of 'house'
16:11	21	house		15	בֵּיתֹ֑ו		global-review-known-rendering	safe	0.7634	approved	0				global known-rendering assignment; lexical score 0.61
16:11	31	which		22	אֲשֶׁר		global-review-known-rendering	safe	0.6684	approved	0				global known-rendering assignment; lexical score 0.52
16:12	13	the		10	הַ		attached-word	safe	0.6895	approved	0				Article of 'altar'
16:12	14	altar		11	מִּזְבֵּ֨חַ֙		global-review-known-rendering	safe	0.7895	approved	0				global known-rendering assignment; lexical score 0.64
16:12	15	before		14	פְנֵ֣י		global-review-known-rendering	safe	0.658	approved	0				global known-rendering assignment; lexical score 0.51
16:12	16	the				expands	supplied-article	safe	0.7287	approved	0				article the original does not write; rests on 'Lord' → 'יְהוָ֔ה'
16:12	17	Lord		15	יְהוָ֔ה		global-review-known-rendering	safe	0.7287	approved	0				global known-rendering assignment; lexical score 0.58
16:13	8	the		7	הָ		attached-word	safe	0.5967	approved	0				Article of 'fire'
16:13	9	fire		8	אֵ֖שׁ		global-review-known-rendering	safe	0.6967	approved	0				global known-rendering assignment; lexical score 0.55
16:13	10	before		10	פְנֵ֣י		global-review-known-rendering	safe	0.658	approved	0				global known-rendering assignment; lexical score 0.51
16:13	11	the				expands	supplied-article	safe	0.7287	approved	0				article the original does not write; rests on 'Lord' → 'יְהוָ֑ה'
16:13	12	Lord		11	יְהוָ֑ה		global-review-known-rendering	safe	0.7287	approved	0				global known-rendering assignment; lexical score 0.58
16:13	19	covered		13	כִסָּ֣ה		global-review-known-rendering	safe	0.6005	approved	0				global known-rendering assignment; lexical score 0.45
16:13	21	a				expands	supplied-indefinite-article	safe	0.7357	approved	0				indefinite article; rests on 'cloud' → 'עֲנַ֣ן'
16:13	22	cloud		14	עֲנַ֣ן		global-review-known-rendering	safe	0.7357	approved	0				global known-rendering assignment; lexical score 0.59
16:13	34	not		25	לֹ֥א		global-review-known-rendering	safe	0.679	approved	0				global known-rendering assignment; lexical score 0.53
16:14	7	the				expands	supplied-article	safe	0.7589	approved	0				article the original does not write; rests on 'blood' → 'דַּ֣ם'
16:14	8	blood		4	דַּ֣ם		global-review-known-rendering	safe	0.7589	approved	0				global known-rendering assignment; lexical score 0.61
16:14	17	his		10	אֶצְבָּעֹ֛ו		attached-word	safe	0.7	approved	0				PossessivePronoun of 'finger'
16:14	18	finger		10	אֶצְבָּעֹ֛ו		global-review-known-rendering	safe	0.8	approved	0				global known-rendering assignment; lexical score 0.65
16:14	30	before		18	פְנֵ֣י		global-review-known-rendering	safe	0.658	approved	0				global known-rendering assignment; lexical score 0.51
16:14	32	seven		22	שֶֽׁבַע		global-review-known-rendering	safe	0.783	approved	0				global known-rendering assignment; lexical score 0.63
16:15				13	אֶת	omits	unrendered-object-marker	safe	0.7589	approved	0				object marker; rests on 'blood' → 'דָּמֹ֔ו'
16:15	13	the		9			attached-word	safe	0.6669	approved	0				Article of 'people'
16:15	14	people		10	עָ֔ם		global-review-known-rendering	safe	0.7669	approved	0				global known-rendering assignment; lexical score 0.62
16:15	17	its		14	דָּמֹ֔ו		attached-word	safe	0.6589	approved	0				PossessivePronoun of 'blood'
16:15	18	blood		14	דָּמֹ֔ו		global-review-known-rendering	safe	0.7589	approved	0				global known-rendering assignment; lexical score 0.61
16:15	23	do		22	עָשָׂ֣ה		global-review-known-rendering	safe	0.6281	approved	0				global known-rendering assignment; lexical score 0.48
16:15	30	the				expands	supplied-article	safe	0.7589	approved	0				article the original does not write; rests on 'blood' → 'דַ֣ם'
16:15	31	blood		29	דַ֣ם		global-review-known-rendering	safe	0.7589	approved	0				global known-rendering assignment; lexical score 0.61
16:15	41	before		40	פְנֵ֥י		global-review-known-rendering	safe	0.658	approved	0				global known-rendering assignment; lexical score 0.51
16:16	5	the		4	הַ		attached-word	safe	0.5603	approved	0				Article of 'holy'
16:16	6	holy		5	קֹּ֗דֶשׁ		global-review-known-rendering	safe	0.6603	approved	0				global known-rendering assignment; lexical score 0.51
16:16	14	the				expands	supplied-article	safe	0.7612	approved	0				article the original does not write; rests on 'children' → 'בְּנֵ֣י'
16:16	15	children		8	בְּנֵ֣י		global-review-known-rendering	safe	0.7612	approved	0				global known-rendering assignment; lexical score 0.61
16:16	16	of		9	יִשְׂרָאֵ֔ל		attached-word	safe	0.6858	approved	0				Genitive of 'Israel'
16:16	17	Israel		9	יִשְׂרָאֵ֔ל		global-review-known-rendering	safe	0.7858	approved	0				global known-rendering assignment; lexical score 0.64
16:16	23	all		14	כָל		global-review-known-rendering	safe	0.7584	approved	0				global known-rendering assignment; lexical score 0.61
16:16	24	their		15	חַטֹּאתָ֑ם		attached-word	safe	0.6024	approved	0				PossessivePronoun of 'sins'
16:16	25	sins		15	חַטֹּאתָ֑ם		global-review-known-rendering	safe	0.7024	approved	0				global known-rendering assignment; lexical score 0.55
16:16	29	do		18	יַעֲשֶׂה֙		global-review-known-rendering	safe	0.6281	approved	0				global known-rendering assignment; lexical score 0.48
16:16	33	the				expands	supplied-article	safe	0.7308	approved	0				article the original does not write; rests on 'Tent' → 'אֹ֣הֶל'
16:16	34	Tent		20	אֹ֣הֶל		global-review-known-rendering	safe	0.7308	approved	0				global known-rendering assignment; lexical score 0.58
16:17	7	the				expands	supplied-article	safe	0.7308	approved	0				article the original does not write; rests on 'Tent' → 'אֹ֣הֶל'
16:17	8	Tent		7	אֹ֣הֶל		global-review-known-rendering	safe	0.7308	approved	0				global known-rendering assignment; lexical score 0.58
16:17	23	the		14			attached-word	safe	0.5603	approved	0				Article of 'holy'
16:17	24	holy		15	קֹּ֖דֶשׁ		global-review-known-rendering	safe	0.6603	approved	0				global known-rendering assignment; lexical score 0.51
16:17	26	till		16	עַד		global-review-known-rendering	safe	0.6272	approved	0				global known-rendering assignment; lexical score 0.48
16:17	28	comes		10	בֹאֹ֛ו		global-review-known-rendering	safe	0.5785	approved	0				global known-rendering assignment; lexical score 0.43
16:17	34	his		23	בֵּיתֹ֔ו		attached-word	safe	0.6634	approved	0				PossessivePronoun of 'house'
16:17	35	house		23	בֵּיתֹ֔ו		global-review-known-rendering	safe	0.7634	approved	0				global known-rendering assignment; lexical score 0.61
16:17	37	all		26	כָּל		global-review-known-rendering	safe	0.7584	approved	0				global known-rendering assignment; lexical score 0.61
16:17	41	Israel		28	יִשְׂרָאֵֽל		global-review-known-rendering	safe	0.7858	approved	0				global known-rendering assignment; lexical score 0.64
16:18	8	the		4	הַ		attached-word	safe	0.6895	approved	0				Article of 'altar'
16:18	9	altar		5	מִּזְבֵּ֛חַ		global-review-known-rendering	safe	0.7895	approved	0				global known-rendering assignment; lexical score 0.64
16:18	10	which		6	אֲשֶׁ֥ר		global-review-known-rendering	safe	0.6684	approved	0				global known-rendering assignment; lexical score 0.52
16:18	12	before		8	פְנֵֽי		global-review-known-rendering	safe	0.658	approved	0				global known-rendering assignment; lexical score 0.51
16:18	28	the				expands	supplied-article	safe	0.7589	approved	0				article the original does not write; rests on 'blood' → 'דַּ֤ם'
16:18	29	blood		16	דַּ֤ם		global-review-known-rendering	safe	0.7589	approved	0				global known-rendering assignment; lexical score 0.61
16:18	34	the				expands	supplied-article	safe	0.7589	approved	0				article the original does not write; rests on 'blood' → 'דַּ֣ם'
16:18	35	blood		21	דַּ֣ם		global-review-known-rendering	safe	0.7589	approved	0				global known-rendering assignment; lexical score 0.61
16:18	43	the				expands	supplied-article	safe	0.71	approved	0				article the original does not write; rests on 'horns' → 'קַרְנֹ֥ות'
16:18	44	horns		27	קַרְנֹ֥ות		global-review-known-rendering	safe	0.71	approved	0				global known-rendering assignment; lexical score 0.56
16:18	45	of		29	מִּזְבֵּ֖חַ		attached-word	safe	0.6895	approved	0				Genitive of 'altar'
16:18	46	the		28	הַ		attached-word	safe	0.6895	approved	0				Article of 'altar'
16:18	47	altar		29	מִּזְבֵּ֖חַ		global-review-known-rendering	safe	0.7895	approved	0				global known-rendering assignment; lexical score 0.64
16:18	49	round		30	סָבִֽיב		global-review-known-rendering	safe	0.7211	approved	0				global known-rendering assignment; lexical score 0.57
16:19	4	the		5	הַ		attached-word	safe	0.6589	approved	0				Article of 'blood'
16:19	5	blood		6	דָּ֛ם		global-review-known-rendering	safe	0.7589	approved	0				global known-rendering assignment; lexical score 0.61
16:19	7	his		8	אֶצְבָּעֹ֖ו		attached-word	safe	0.7	approved	0				PossessivePronoun of 'finger'
16:19	8	finger		8	אֶצְבָּעֹ֖ו		global-review-known-rendering	safe	0.8	approved	0				global known-rendering assignment; lexical score 0.65
16:19	11	seven		9	שֶׁ֣בַע		global-review-known-rendering	safe	0.783	approved	0				global known-rendering assignment; lexical score 0.63
16:19	24	the				expands	supplied-article	safe	0.7612	approved	0				article the original does not write; rests on 'children' → 'בְּנֵ֥י'
16:19	25	children		17	בְּנֵ֥י		global-review-known-rendering	safe	0.7612	approved	0				global known-rendering assignment; lexical score 0.61
16:19	26	of		18	יִשְׂרָאֵֽל		attached-word	safe	0.6858	approved	0				Genitive of 'Israel'
16:19	27	Israel		18	יִשְׂרָאֵֽל		global-review-known-rendering	safe	0.7858	approved	0				global known-rendering assignment; lexical score 0.64
16:20				5	אֶת	omits	unrendered-object-marker	safe	0.6603	approved	0				object marker; rests on 'holy' → 'קֹּ֔דֶשׁ'
16:20				9	אֶת	omits	unrendered-object-marker	safe	0.7308	approved	0				object marker; rests on 'Tent' → 'אֹ֥הֶל'
16:20				13	אֶת	omits	unrendered-object-marker	safe	0.7895	approved	0				object marker; rests on 'altar' → 'מִּזְבֵּ֑חַ'
16:20	11	the		6	הַ		attached-word	safe	0.5603	approved	0				Article of 'holy'
16:20	12	holy		7	קֹּ֔דֶשׁ		global-review-known-rendering	safe	0.6603	approved	0				global known-rendering assignment; lexical score 0.51
16:20	15	the				expands	supplied-article	safe	0.7308	approved	0				article the original does not write; rests on 'Tent' → 'אֹ֥הֶל'
16:20	16	Tent		10	אֹ֥הֶל		global-review-known-rendering	safe	0.7308	approved	0				global known-rendering assignment; lexical score 0.58
16:20	20	the		14	הַ		attached-word	safe	0.6895	approved	0				Article of 'altar'
16:20	21	altar		15	מִּזְבֵּ֑חַ		global-review-known-rendering	safe	0.7895	approved	0				global known-rendering assignment; lexical score 0.64
16:20	28	the		21	הֶ		attached-word	safe	0.666	approved	0				Article of 'living'
16:20	29	living		22	חָֽי		global-review-known-rendering	safe	0.766	approved	0				global known-rendering assignment; lexical score 0.62
16:21				4	אֶת	omits	unrendered-object-marker	safe	0.6873	approved	0				object marker; rests on 'two' → 'שְׁתֵּ֣י'
16:21				16	אֶת	omits	unrendered-object-marker	safe	0.7584	approved	0				object marker; rests on 'all' → 'כָּל'
16:21				22	אֶת	omits	unrendered-object-marker	safe	0.7584	approved	0				object marker; rests on 'all' → 'כָּל'
16:21	2	Aaron		3	אַהֲרֹ֜ן		global-review-known-rendering	safe	0.7942	approved	0				global known-rendering assignment; lexical score 0.64
16:21	4	his		6	ידו		attached-word	safe	0.5747	approved	0				PossessivePronoun of 'hands'
16:21	5	two		5	שְׁתֵּ֣י		global-review-known-rendering	safe	0.6873	approved	0				global known-rendering assignment; lexical score 0.54
16:21	6	hands		6	ידו		global-review-known-rendering	safe	0.6747	approved	0				global known-rendering assignment; lexical score 0.52
16:21	8	the				expands	supplied-article	safe	0.74	approved	0				article the original does not write; rests on 'head' → 'רֹ֣אשׁ'
16:21	9	head		8	רֹ֣אשׁ		global-review-known-rendering	safe	0.74	approved	0				global known-rendering assignment; lexical score 0.59
16:21	12	living		12	חַי֒		global-review-known-rendering	safe	0.766	approved	0				global known-rendering assignment; lexical score 0.62
16:21	19	over		15	עָלָ֗יו		global-review-known-rendering	safe	0.566	approved	0				global known-rendering assignment; lexical score 0.42
16:21	22	all		17	כָּל		global-review-known-rendering	safe	0.7584	approved	0				global known-rendering assignment; lexical score 0.61
16:21	27	the				expands	supplied-article	safe	0.7612	approved	0				article the original does not write; rests on 'children' → 'בְּנֵ֣י'
16:21	28	children		19	בְּנֵ֣י		global-review-known-rendering	safe	0.7612	approved	0				global known-rendering assignment; lexical score 0.61
16:21	29	of		20	יִשְׂרָאֵ֔ל		attached-word	safe	0.6858	approved	0				Genitive of 'Israel'
16:21	30	Israel		20	יִשְׂרָאֵ֔ל		global-review-known-rendering	safe	0.7858	approved	0				global known-rendering assignment; lexical score 0.64
16:21	32	all		23	כָּל		global-review-known-rendering	safe	0.7584	approved	0				global known-rendering assignment; lexical score 0.61
16:21	36	all		26	כָל		global-review-known-rendering	safe	0.7584	approved	0				global known-rendering assignment; lexical score 0.61
16:21	37	their		27	חַטֹּאתָ֑ם		attached-word	safe	0.6024	approved	0				PossessivePronoun of 'sins'
16:21	38	sins		27	חַטֹּאתָ֑ם		global-review-known-rendering	safe	0.7024	approved	0				global known-rendering assignment; lexical score 0.55
16:21	45	the				expands	supplied-article	safe	0.74	approved	0				article the original does not write; rests on 'head' → 'רֹ֣אשׁ'
16:21	46	head		32	רֹ֣אשׁ		global-review-known-rendering	safe	0.74	approved	0				global known-rendering assignment; lexical score 0.59
16:21	51	send		36	שִׁלַּ֛ח		global-review-known-rendering	safe	0.7415	approved	0				global known-rendering assignment; lexical score 0.59
16:21	58	a				expands	supplied-indefinite-article	safe	0.6008	approved	0				indefinite article; rests on 'man' → 'אִ֥ישׁ'
16:21	59	man		39	אִ֥ישׁ		global-review-known-rendering	safe	0.6008	approved	0				global known-rendering assignment; lexical score 0.45
16:22				6	אֶת	omits	unrendered-object-marker	safe	0.7584	approved	0				object marker; rests on 'all' → 'כָּל'
16:22	6	all		7	כָּל		global-review-known-rendering	safe	0.7584	approved	0				global known-rendering assignment; lexical score 0.61
16:22	10	a				expands	supplied-indefinite-article	safe	0.7252	approved	0				indefinite article; rests on 'land' → 'אֶ֣רֶץ'
16:22	11	land		10	אֶ֣רֶץ		global-review-known-rendering	safe	0.7252	approved	0				global known-rendering assignment; lexical score 0.58
16:22	19	send		13	שִׁלַּ֥ח		global-review-known-rendering	safe	0.7415	approved	0				global known-rendering assignment; lexical score 0.59
16:23	3	Aaron		3	אַהֲרֹן֙		global-review-known-rendering	safe	0.7942	approved	0				global known-rendering assignment; lexical score 0.64
16:23	4	come		2	בָ֤א		global-review-known-rendering	safe	0.5717	approved	0				global known-rendering assignment; lexical score 0.42
16:23	6	the				expands	supplied-article	safe	0.7308	approved	0				article the original does not write; rests on 'Tent' → 'אֹ֣הֶל'
16:23	7	Tent		5	אֹ֣הֶל		global-review-known-rendering	safe	0.7308	approved	0				global known-rendering assignment; lexical score 0.58
16:23	16	which		13	אֲשֶׁ֥ר		global-review-known-rendering	safe	0.6684	approved	0				global known-rendering assignment; lexical score 0.52
16:23	24	the		18	הַ		attached-word	safe	0.5603	approved	0				Article of 'holy'
16:23	25	holy		19	קֹּ֑דֶשׁ		global-review-known-rendering	safe	0.6603	approved	0				global known-rendering assignment; lexical score 0.51
16:24	7	water		7	מַּ֨יִם֙		global-review-known-rendering	safe	0.7768	approved	0				global known-rendering assignment; lexical score 0.63
16:24	11	place		9	מָקֹ֣ום		global-review-known-rendering	safe	0.6399	approved	0				global known-rendering assignment; lexical score 0.49
16:24	31	of		25	עָ֔ם		attached-word	safe	0.6669	approved	0				Genitive of 'people'
16:24	32	the		24	הָ		attached-word	safe	0.6669	approved	0				Article of 'people'
16:24	33	people		25	עָ֔ם		global-review-known-rendering	safe	0.7669	approved	0				global known-rendering assignment; lexical score 0.62
16:24	43	the		31	הָ		attached-word	safe	0.6669	approved	0				Article of 'people'
16:24	44	people		32	עָֽם		global-review-known-rendering	safe	0.7669	approved	0				global known-rendering assignment; lexical score 0.62
16:25				2	אֵ֛ת	omits	unrendered-object-marker	safe	0.6105	approved	0				object marker; rests on 'fat' → 'חֵ֥לֶב'
16:25	2	the				expands	supplied-article	safe	0.6105	approved	0				article the original does not write; rests on 'fat' → 'חֵ֥לֶב'
16:25	3	fat		3	חֵ֥לֶב		global-review-known-rendering	safe	0.6105	approved	0				global known-rendering assignment; lexical score 0.46
16:25	14	the		7	הַ		attached-word	safe	0.6895	approved	0				Article of 'altar'
16:25	15	altar		8	מִּזְבֵּֽחָה		global-review-known-rendering	safe	0.7895	approved	0				global known-rendering assignment; lexical score 0.64
16:26	16	washed		12	רָחַ֥ץ		global-review-known-rendering	safe	0.5968	approved	0				global known-rendering assignment; lexical score 0.45
16:26	22	water		17	מָּ֑יִם		global-review-known-rendering	safe	0.7768	approved	0				global known-rendering assignment; lexical score 0.63
16:26	27	come		21	יָבֹ֥וא		global-review-known-rendering	safe	0.5717	approved	0				global known-rendering assignment; lexical score 0.42
16:27				13	אֶת	omits	unrendered-object-marker	safe	0.7589	approved	0				object marker; rests on 'blood' → 'דָּמָם֙'
16:27				32	אֶת	omits	unrendered-object-marker	safe	0.7804	approved	0				object marker; rests on 'skins' → 'עֹרֹתָ֥ם'
16:27				35	אֶת	omits	unrendered-object-marker	safe	0.7496	approved	0				object marker; rests on 'flesh' → 'בְּשָׂרָ֖ם'
16:27	14	blood		14	דָּמָם֙		global-review-known-rendering	safe	0.7589	approved	0				global known-rendering assignment; lexical score 0.61
16:27	20	the		18			attached-word	safe	0.5603	approved	0				Article of 'holy'
16:27	21	holy		19	קֹּ֔דֶשׁ		global-review-known-rendering	safe	0.6603	approved	0				global known-rendering assignment; lexical score 0.51
16:27	25	sin		10	חַטָּ֗את		global-review-known-rendering	safe	0.6086	approved	0				global known-rendering assignment; lexical score 0.46
16:27	35	their		33	עֹרֹתָ֥ם		attached-word	safe	0.6804	approved	0				PossessivePronoun of 'skins'
16:27	36	skins		33	עֹרֹתָ֥ם		global-review-known-rendering	safe	0.7804	approved	0				global known-rendering assignment; lexical score 0.63
16:27	38	their		36	בְּשָׂרָ֖ם		attached-word	safe	0.6496	approved	0				PossessivePronoun of 'flesh'
16:27	39	flesh		36	בְּשָׂרָ֖ם		global-review-known-rendering	safe	0.7496	approved	0				global known-rendering assignment; lexical score 0.60
16:27	48	fire		31	אֵ֔שׁ		global-review-known-rendering	safe	0.6967	approved	0				global known-rendering assignment; lexical score 0.55
16:28	14	washed		8	רָחַ֥ץ		global-review-known-rendering	safe	0.5968	approved	0				global known-rendering assignment; lexical score 0.45
16:28	20	water		13	מָּ֑יִם		global-review-known-rendering	safe	0.7768	approved	0				global known-rendering assignment; lexical score 0.63
16:28	25	come		17	יָבֹ֥וא		global-review-known-rendering	safe	0.5717	approved	0				global known-rendering assignment; lexical score 0.42
16:29				8		omits	unrendered-article	safe	0.7799	approved	0				article no the of the verse renders; rests on 'month' → 'חֹ֣דֶשׁ'
16:29	10	ever		6	עֹולָ֑ם		global-review-known-rendering	safe	0.6083	approved	0				global known-rendering assignment; lexical score 0.46
16:29	12	the		10	הַ֠		attached-word	safe	0.6463	approved	0				Article of 'seventh'
16:29	13	seventh		11	שְּׁבִיעִי		global-review-known-rendering	safe	0.7463	approved	0				global known-rendering assignment; lexical score 0.60
16:29	14	month		9	חֹ֣דֶשׁ		global-review-known-rendering	safe	0.7799	approved	0				global known-rendering assignment; lexical score 0.63
16:29	27	do		25	תַעֲשׂ֔וּ		global-review-known-rendering	safe	0.6281	approved	0				global known-rendering assignment; lexical score 0.48
16:30	4	day		4	יֹּ֥ום		global-review-known-rendering	safe	0.7663	approved	0				global known-rendering assignment; lexical score 0.62
16:30	22	all		13	כֹּל֙		global-review-known-rendering	safe	0.7584	approved	0				global known-rendering assignment; lexical score 0.61
16:30	23	your		14	חַטֹּ֣אתֵיכֶ֔ם		attached-word	safe	0.6024	approved	0				PossessivePronoun of 'sins'
16:30	24	sins		14	חַטֹּ֣אתֵיכֶ֔ם		global-review-known-rendering	safe	0.7024	approved	0				global known-rendering assignment; lexical score 0.55
16:30	25	before		16	פְנֵ֥י		global-review-known-rendering	safe	0.658	approved	0				global known-rendering assignment; lexical score 0.51
16:30	26	the				expands	supplied-article	safe	0.7287	approved	0				article the original does not write; rests on 'Lord' → 'יְהוָ֖ה'
16:30	27	Lord		17	יְהוָ֖ה		global-review-known-rendering	safe	0.7287	approved	0				global known-rendering assignment; lexical score 0.58
16:31	5	Sabbath		1	שַׁבַּ֨ת		global-review-known-rendering	safe	0.7591	approved	0				global known-rendering assignment; lexical score 0.61
16:31	21	ever		10	עֹולָֽם		global-review-known-rendering	safe	0.6083	approved	0				global known-rendering assignment; lexical score 0.46
16:32	21	a				expands	supplied-indefinite-article	safe	0.7905	approved	0				indefinite article; rests on 'priest' → 'כֹּהֵ֜ן'
16:32	22	priest		4	כֹּהֵ֜ן		global-review-known-rendering	safe	0.7905	approved	0				global known-rendering assignment; lexical score 0.64
16:32	24	his		16	אָבִ֑יו		attached-word	safe	0.643	approved	0				PossessivePronoun of 'father's'
16:32	25	father's		16	אָבִ֑יו		global-review-known-rendering	safe	0.743	approved	0				global known-rendering assignment; lexical score 0.59
16:32	44	the		24	הַ		attached-word	safe	0.5603	approved	0				Article of 'holy'
16:32	45	holy		25	קֹּֽדֶשׁ		global-review-known-rendering	safe	0.6603	approved	0				global known-rendering assignment; lexical score 0.51
16:33				8	אֶת	omits	unrendered-object-marker	safe	0.7308	approved	0				object marker; rests on 'Tent' → 'אֹ֧הֶל'
16:33				12	אֶת	omits	unrendered-object-marker	safe	0.7895	approved	0				object marker; rests on 'altar' → 'מִּזְבֵּ֖חַ'
16:33	5	the		5	הַ		attached-word	safe	0.5603	approved	0				Article of 'holy'
16:33	6	holy		6	קֹּ֔דֶשׁ		global-review-known-rendering	safe	0.6603	approved	0				global known-rendering assignment; lexical score 0.51
16:33	9	the				expands	supplied-article	safe	0.7308	approved	0				article the original does not write; rests on 'Tent' → 'אֹ֧הֶל'
16:33	10	Tent		9	אֹ֧הֶל		global-review-known-rendering	safe	0.7308	approved	0				global known-rendering assignment; lexical score 0.58
16:33	14	the		13	הַ		attached-word	safe	0.6895	approved	0				Article of 'altar'
16:33	15	altar		14	מִּזְבֵּ֖חַ		global-review-known-rendering	safe	0.7895	approved	0				global known-rendering assignment; lexical score 0.64
16:33	25	the		18	הַ		attached-word	safe	0.6782	approved	0				Article of 'priests'
16:33	26	priests		19	כֹּהֲנִ֛ים		global-review-known-rendering	safe	0.7782	approved	0				global known-rendering assignment; lexical score 0.63
16:33	29	all		22	כָּל		global-review-known-rendering	safe	0.7584	approved	0				global known-rendering assignment; lexical score 0.61
16:33	30	the				expands	supplied-article	safe	0.7669	approved	0				article the original does not write; rests on 'people' → 'עַ֥ם'
16:33	31	people		23	עַ֥ם		global-review-known-rendering	safe	0.7669	approved	0				global known-rendering assignment; lexical score 0.62
16:34				26	אֶת	omits	unrendered-object-marker	safe	0.7976	approved	0				object marker; rests on 'Moses' → 'מֹשֶֽׁה'
16:34	8	ever		7	עֹולָ֗ם		global-review-known-rendering	safe	0.6083	approved	0				global known-rendering assignment; lexical score 0.46
16:34	13	the				expands	supplied-article	safe	0.6086	approved	0				article the original does not write; rests on 'sin' → 'חַטֹּאתָ֔ם'
16:34	14	sin		15	חַטֹּאתָ֔ם		global-review-known-rendering	safe	0.6086	approved	0				global known-rendering assignment; lexical score 0.46
16:34	16	the				expands	supplied-article	safe	0.7612	approved	0				article the original does not write; rests on 'children' → 'בְּנֵ֤י'
16:34	17	children		11	בְּנֵ֤י		global-review-known-rendering	safe	0.7612	approved	0				global known-rendering assignment; lexical score 0.61
16:34	18	of		12	יִשְׂרָאֵל֙		attached-word	safe	0.6858	approved	0				Genitive of 'Israel'
16:34	19	Israel		12	יִשְׂרָאֵל֙		global-review-known-rendering	safe	0.7858	approved	0				global known-rendering assignment; lexical score 0.64
16:34	26	year		19	שָּׁנָ֑ה		global-review-known-rendering	safe	0.7703	approved	0				global known-rendering assignment; lexical score 0.62
16:34	31	the				expands	supplied-article	safe	0.7287	approved	0				article the original does not write; rests on 'Lord' → 'יְהוָ֖ה'
16:34	32	Lord		25	יְהוָ֖ה		global-review-known-rendering	safe	0.7287	approved	0				global known-rendering assignment; lexical score 0.58
16:34	36	Moses		27	מֹשֶֽׁה		global-review-known-rendering	safe	0.7976	approved	0				global known-rendering assignment; lexical score 0.65
17:1	2	the				expands	supplied-article	safe	0.7287	approved	0				article the original does not write; rests on 'Lord' → 'יְהוָ֖ה'
17:1	3	Lord		3	יְהוָ֖ה		global-review-known-rendering	safe	0.7287	approved	0				global known-rendering assignment; lexical score 0.58
17:1	4	said		7	אמֹֽר		global-review-known-rendering	safe	0.777	approved	0				global known-rendering assignment; lexical score 0.63
17:1	6	Moses		5	מֹשֶׁ֥ה		global-review-known-rendering	safe	0.7976	approved	0				global known-rendering assignment; lexical score 0.65
17:2	1	Say		13	אָמַרְתָּ֖		global-review-known-rendering	safe	0.7661	approved	0				global known-rendering assignment; lexical score 0.62
17:2	3	Aaron		3	אַהֲרֹ֜ן		global-review-known-rendering	safe	0.7943	approved	0				global known-rendering assignment; lexical score 0.64
17:2	6	his		6	בָּנָ֗יו		attached-word	safe	0.6674	approved	0				PossessivePronoun of 'sons'
17:2	7	sons		6	בָּנָ֗יו		global-review-known-rendering	safe	0.7674	approved	0				global known-rendering assignment; lexical score 0.62
17:2	10	all		9	כָּל		global-review-known-rendering	safe	0.7583	approved	0				global known-rendering assignment; lexical score 0.61
17:2	11	the				expands	supplied-article	safe	0.7614	approved	0				article the original does not write; rests on 'children' → 'בְּנֵ֣י'
17:2	12	children		10	בְּנֵ֣י		global-review-known-rendering	safe	0.7614	approved	0				global known-rendering assignment; lexical score 0.61
17:2	13	of		11	יִשְׂרָאֵ֔ל		attached-word	safe	0.6858	approved	0				Genitive of 'Israel'
17:2	14	Israel		11	יִשְׂרָאֵ֔ל		global-review-known-rendering	safe	0.7858	approved	0				global known-rendering assignment; lexical score 0.64
17:2	19	which		18	אֲשֶׁר		global-review-known-rendering	safe	0.6688	approved	0				global known-rendering assignment; lexical score 0.52
17:2	20	the				expands	supplied-article	safe	0.7287	approved	0				article the original does not write; rests on 'Lord' → 'יְהוָ֖ה'
17:2	21	Lord		20	יְהוָ֖ה		global-review-known-rendering	safe	0.7287	approved	0				global known-rendering assignment; lexical score 0.58
17:3	3	man		2	אִישׁ֙		global-review-known-rendering	safe	0.5995	approved	0				global known-rendering assignment; lexical score 0.45
17:3	5	Israel		5	יִשְׂרָאֵ֔ל		global-review-known-rendering	safe	0.7858	approved	0				global known-rendering assignment; lexical score 0.64
17:3	10	ox		8	שֹׁ֥ור		global-review-known-rendering	safe	0.7214	approved	0				global known-rendering assignment; lexical score 0.57
17:4	3	not		6	לֹ֣א		global-review-known-rendering	safe	0.6788	approved	0				global known-rendering assignment; lexical score 0.53
17:4	7	the				expands	supplied-article	safe	0.674	approved	0				article the original does not write; rests on 'door' → 'פֶּ֜תַח'
17:4	8	door		3	פֶּ֜תַח		global-review-known-rendering	safe	0.674	approved	0				global known-rendering assignment; lexical score 0.52
17:4	9	of		4	אֹ֣הֶל		attached-word	safe	0.6308	approved	0				Genitive of 'Tent'
17:4	10	the				expands	supplied-article	safe	0.7308	approved	0				article the original does not write; rests on 'Tent' → 'אֹ֣הֶל'
17:4	11	Tent		4	אֹ֣הֶל		global-review-known-rendering	safe	0.7308	approved	0				global known-rendering assignment; lexical score 0.58
17:4	19	the				expands	supplied-article	safe	0.7287	approved	0				article the original does not write; rests on 'Lord' → 'יְהוָ֑ה'
17:4	20	Lord		16	יְהוָ֑ה		global-review-known-rendering	safe	0.7287	approved	0				global known-rendering assignment; lexical score 0.58
17:4	21	before		14	פְנֵ֖י		global-review-known-rendering	safe	0.6583	approved	0				global known-rendering assignment; lexical score 0.51
17:4	26	blood		17	דָּ֣ם		global-review-known-rendering	safe	0.755	approved	0				global known-rendering assignment; lexical score 0.60
17:4	40	cut		27	נִכְרַ֛ת		global-review-known-rendering	safe	0.5812	approved	0				global known-rendering assignment; lexical score 0.43
17:4	44	his		34	עַמֹּֽו		attached-word	safe	0.6672	approved	0				PossessivePronoun of 'people'
17:4	45	people		34	עַמֹּֽו		global-review-known-rendering	safe	0.7672	approved	0				global known-rendering assignment; lexical score 0.62
17:5	3	the				expands	supplied-article	safe	0.7614	approved	0				article the original does not write; rests on 'children' → 'בְּנֵ֣י'
17:5	4	children		4	בְּנֵ֣י		global-review-known-rendering	safe	0.7614	approved	0				global known-rendering assignment; lexical score 0.61
17:5	5	of		5	יִשְׂרָאֵ֗ל		attached-word	safe	0.6858	approved	0				Genitive of 'Israel'
17:5	6	Israel		5	יִשְׂרָאֵ֗ל		global-review-known-rendering	safe	0.7858	approved	0				global known-rendering assignment; lexical score 0.64
17:5	10	the				expands	supplied-article	safe	0.7287	approved	0				article the original does not write; rests on 'Lord' → 'יהוָ֗ה'
17:5	11	Lord		18	יהוָ֗ה		global-review-known-rendering	safe	0.7287	approved	0				global known-rendering assignment; lexical score 0.58
17:5	13	the				expands	supplied-article	safe	0.674	approved	0				article the original does not write; rests on 'door' → 'פֶּ֛תַח'
17:5	14	door		20	פֶּ֛תַח		global-review-known-rendering	safe	0.674	approved	0				global known-rendering assignment; lexical score 0.52
17:5	15	of		21	אֹ֥הֶל		attached-word	safe	0.6308	approved	0				Genitive of 'Tent'
17:5	16	the				expands	supplied-article	safe	0.7308	approved	0				article the original does not write; rests on 'Tent' → 'אֹ֥הֶל'
17:5	17	Tent		21	אֹ֥הֶל		global-review-known-rendering	safe	0.7308	approved	0				global known-rendering assignment; lexical score 0.58
17:5	22	the		24	הַ		attached-word	safe	0.6904	approved	0				Article of 'priest'
17:5	23	priest		25	כֹּהֵ֑ן		global-review-known-rendering	safe	0.7904	approved	0				global known-rendering assignment; lexical score 0.64
17:5	26	which		8	אֲשֶׁ֣ר		global-review-known-rendering	safe	0.6688	approved	0				global known-rendering assignment; lexical score 0.52
17:5	44	the				expands	supplied-article	safe	0.7287	approved	0				article the original does not write; rests on 'Lord' → 'יהוָ֖ה'
17:5	45	Lord		31	יהוָ֖ה		global-review-known-rendering	safe	0.7287	approved	0				global known-rendering assignment; lexical score 0.58
17:6				5	אֶת	omits	unrendered-object-marker	safe	0.755	approved	0				object marker; rests on 'blood' → 'דָּם֙'
17:6	2	the		3	הַ		attached-word	safe	0.6904	approved	0				Article of 'priest'
17:6	3	priest		4	כֹּהֵ֤ן		global-review-known-rendering	safe	0.7904	approved	0				global known-rendering assignment; lexical score 0.64
17:6	6	blood		7	דָּם֙		global-review-known-rendering	safe	0.755	approved	0				global known-rendering assignment; lexical score 0.60
17:6	8	the				expands	supplied-article	safe	0.7896	approved	0				article the original does not write; rests on 'altar' → 'מִזְבַּ֣ח'
17:6	9	altar		9	מִזְבַּ֣ח		global-review-known-rendering	safe	0.7896	approved	0				global known-rendering assignment; lexical score 0.64
17:6	10	of		10	יְהוָ֔ה		attached-word	safe	0.6287	approved	0				Genitive of 'Lord'
17:6	11	the				expands	supplied-article	safe	0.7287	approved	0				article the original does not write; rests on 'Lord' → 'יְהוָ֔ה'
17:6	12	Lord		10	יְהוָ֔ה		global-review-known-rendering	safe	0.7287	approved	0				global known-rendering assignment; lexical score 0.58
17:6	14	the				expands	supplied-article	safe	0.674	approved	0				article the original does not write; rests on 'door' → 'פֶּ֖תַח'
17:6	15	door		11	פֶּ֖תַח		global-review-known-rendering	safe	0.674	approved	0				global known-rendering assignment; lexical score 0.52
17:6	16	of		12	אֹ֣הֶל		attached-word	safe	0.6308	approved	0				Genitive of 'Tent'
17:6	17	the				expands	supplied-article	safe	0.7308	approved	0				article the original does not write; rests on 'Tent' → 'אֹ֣הֶל'
17:6	18	Tent		12	אֹ֣הֶל		global-review-known-rendering	safe	0.7308	approved	0				global known-rendering assignment; lexical score 0.58
17:6	22	the		16	הַ		attached-word	safe	0.5105	approved	0				Article of 'fat'
17:6	23	fat		17	חֵ֔לֶב		global-review-known-rendering	safe	0.6105	approved	0				global known-rendering assignment; lexical score 0.46
17:6	27	smell		19	רֵ֥יחַ		global-review-known-rendering	safe	0.625	approved	0				global known-rendering assignment; lexical score 0.48
17:6	29	the				expands	supplied-article	safe	0.7287	approved	0				article the original does not write; rests on 'Lord' → 'יהוָֽה'
17:6	30	Lord		22	יהוָֽה		global-review-known-rendering	safe	0.7287	approved	0				global known-rendering assignment; lexical score 0.58
17:7	11	after		13	אַחֲרֵיהֶ֑ם		global-review-known-rendering	safe	0.5888	approved	0				global known-rendering assignment; lexical score 0.44
17:7	12	which		10	אֲשֶׁ֛ר		global-review-known-rendering	safe	0.6688	approved	0				global known-rendering assignment; lexical score 0.52
17:7	29	ever		15	עֹולָ֛ם		global-review-known-rendering	safe	0.6087	approved	0				global known-rendering assignment; lexical score 0.46
17:8	2	say		3	תֹּאמַ֔ר		global-review-known-rendering	safe	0.7661	approved	0				global known-rendering assignment; lexical score 0.62
17:8	7	man		5	אִישׁ֙		global-review-known-rendering	safe	0.5995	approved	0				global known-rendering assignment; lexical score 0.45
17:8	9	Israel		8	יִשְׂרָאֵ֔ל		global-review-known-rendering	safe	0.7858	approved	0				global known-rendering assignment; lexical score 0.64
17:9	3	not		6	לֹ֣א		global-review-known-rendering	safe	0.6788	approved	0				global known-rendering assignment; lexical score 0.53
17:9	7	the				expands	supplied-article	safe	0.674	approved	0				article the original does not write; rests on 'door' → 'פֶּ֜תַח'
17:9	8	door		3	פֶּ֜תַח		global-review-known-rendering	safe	0.674	approved	0				global known-rendering assignment; lexical score 0.52
17:9	9	of		4	אֹ֤הֶל		attached-word	safe	0.6308	approved	0				Genitive of 'Tent'
17:9	10	the				expands	supplied-article	safe	0.7308	approved	0				article the original does not write; rests on 'Tent' → 'אֹ֤הֶל'
17:9	11	Tent		4	אֹ֤הֶל		global-review-known-rendering	safe	0.7308	approved	0				global known-rendering assignment; lexical score 0.58
17:9	19	the				expands	supplied-article	safe	0.7287	approved	0				article the original does not write; rests on 'Lord' → 'יהוָ֑ה'
17:9	20	Lord		12	יהוָ֑ה		global-review-known-rendering	safe	0.7287	approved	0				global known-rendering assignment; lexical score 0.58
17:9	22	man		16	אִ֥ישׁ		global-review-known-rendering	safe	0.5995	approved	0				global known-rendering assignment; lexical score 0.45
17:9	25	cut		14	נִכְרַ֛ת		global-review-known-rendering	safe	0.5812	approved	0				global known-rendering assignment; lexical score 0.43
17:9	29	his		20	עַמָּֽיו		attached-word	safe	0.6672	approved	0				PossessivePronoun of 'people'
17:9	30	people		20	עַמָּֽיו		global-review-known-rendering	safe	0.7672	approved	0				global known-rendering assignment; lexical score 0.62
17:10	4	man		2	אִ֨ישׁ		global-review-known-rendering	safe	0.5995	approved	0				global known-rendering assignment; lexical score 0.45
17:10	6	Israel		6	יִשְׂרָאֵ֗ל		global-review-known-rendering	safe	0.7858	approved	0				global known-rendering assignment; lexical score 0.64
17:10	17	blood		18	דָּ֑ם		global-review-known-rendering	safe	0.755	approved	0				global known-rendering assignment; lexical score 0.60
17:10	27	man		3	אִ֜ישׁ		global-review-known-rendering	safe	0.5995	approved	0				global known-rendering assignment; lexical score 0.45
17:10	32	cut		31	הִכְרַתִּ֥י		global-review-known-rendering	safe	0.5812	approved	0				global known-rendering assignment; lexical score 0.43
17:10	37	people		35	עַמָּֽהּ		global-review-known-rendering	safe	0.7672	approved	0				global known-rendering assignment; lexical score 0.62
17:11	4	of		4	בָּשָׂר֮		attached-word	safe	0.6498	approved	0				Genitive of 'flesh'
17:11	5	the		3	הַ		attached-word	safe	0.6498	approved	0				Article of 'flesh'
17:11	6	flesh		4	בָּשָׂר֮		global-review-known-rendering	safe	0.7498	approved	0				global known-rendering assignment; lexical score 0.60
17:11	10	blood		7	דָּ֣ם		global-review-known-rendering	safe	0.755	approved	0				global known-rendering assignment; lexical score 0.60
17:11	14	given		11	נְתַתִּ֤יו		global-review-known-rendering	safe	0.6916	approved	0				global known-rendering assignment; lexical score 0.54
17:11	19	the		14	הַ		attached-word	safe	0.6896	approved	0				Article of 'altar'
17:11	20	altar		15	מִּזְבֵּ֔חַ		global-review-known-rendering	safe	0.7896	approved	0				global known-rendering assignment; lexical score 0.64
17:11	29	the		21	הַ		attached-word	safe	0.655	approved	0				Article of 'blood'
17:11	30	blood		22	דָּ֥ם		global-review-known-rendering	safe	0.755	approved	0				global known-rendering assignment; lexical score 0.60
17:12	6	said		3	אָמַ֨רְתִּי֙		global-review-known-rendering	safe	0.777	approved	0				global known-rendering assignment; lexical score 0.63
17:12	8	the				expands	supplied-article	safe	0.7614	approved	0				article the original does not write; rests on 'children' → 'בְנֵ֣י'
17:12	9	children		5	בְנֵ֣י		global-review-known-rendering	safe	0.7614	approved	0				global known-rendering assignment; lexical score 0.61
17:12	10	of		6	יִשְׂרָאֵ֔ל		attached-word	safe	0.6858	approved	0				Genitive of 'Israel'
17:12	11	Israel		6	יִשְׂרָאֵ֔ל		global-review-known-rendering	safe	0.7858	approved	0				global known-rendering assignment; lexical score 0.64
17:13				25	אֶת	omits	unrendered-object-marker	safe	0.755	approved	0				object marker; rests on 'blood' → 'דָּמֹ֔ו'
17:13	3	man		3	אִ֜ישׁ		global-review-known-rendering	safe	0.5995	approved	0				global known-rendering assignment; lexical score 0.45
17:13	5	Israel		6	יִשְׂרָאֵ֗ל		global-review-known-rendering	safe	0.7858	approved	0				global known-rendering assignment; lexical score 0.64
17:13	9	living		18	חַיָּ֛ה		global-review-known-rendering	safe	0.766	approved	0				global known-rendering assignment; lexical score 0.62
17:13	28	its		26	דָּמֹ֔ו		attached-word	safe	0.655	approved	0				PossessivePronoun of 'blood'
17:13	29	blood		26	דָּמֹ֔ו		global-review-known-rendering	safe	0.755	approved	0				global known-rendering assignment; lexical score 0.60
17:13	31	covered		28	כִסָּ֖הוּ		global-review-known-rendering	safe	0.6005	approved	0				global known-rendering assignment; lexical score 0.45
17:14	2	the				expands	supplied-article	safe	0.755	approved	0				article the original does not write; rests on 'blood' → 'דָּמֹ֣ו'
17:14	3	blood		5	דָּמֹ֣ו		global-review-known-rendering	safe	0.755	approved	0				global known-rendering assignment; lexical score 0.60
17:14	8	all		3	כָּל		global-review-known-rendering	safe	0.7583	approved	0				global known-rendering assignment; lexical score 0.61
17:14	9	flesh		4	בָּשָׂ֗ר		global-review-known-rendering	safe	0.7498	approved	0				global known-rendering assignment; lexical score 0.60
17:14	14	said		10	אֹמַר֙		global-review-known-rendering	safe	0.777	approved	0				global known-rendering assignment; lexical score 0.63
17:14	16	the				expands	supplied-article	safe	0.7614	approved	0				article the original does not write; rests on 'children' → 'בְנֵ֣י'
17:14	17	children		12	בְנֵ֣י		global-review-known-rendering	safe	0.7614	approved	0				global known-rendering assignment; lexical score 0.61
17:14	18	of		13	יִשְׂרָאֵ֔ל		attached-word	safe	0.6858	approved	0				Genitive of 'Israel'
17:14	19	Israel		13	יִשְׂרָאֵ֔ל		global-review-known-rendering	safe	0.7858	approved	0				global known-rendering assignment; lexical score 0.64
17:14	22	not		17	לֹ֣א		global-review-known-rendering	safe	0.6788	approved	0				global known-rendering assignment; lexical score 0.53
17:14	27	blood		23	דָּמֹ֣ו		global-review-known-rendering	safe	0.755	approved	0				global known-rendering assignment; lexical score 0.60
17:14	38	cut		27	יִכָּרֵֽת		global-review-known-rendering	safe	0.5812	approved	0				global known-rendering assignment; lexical score 0.43
17:15				22		omits	unrendered-article	safe	0.777	approved	0				article no the of the verse renders; rests on 'water' → 'מַּ֛יִם'
17:15				27	הָ	omits	unrendered-article	safe	0.7583	approved	0				article no the of the verse renders; rests on 'evening' → 'עֶ֖רֶב'
17:15	8	which		4	אֲשֶׁ֨ר		global-review-known-rendering	safe	0.6688	approved	0				global known-rendering assignment; lexical score 0.52
17:15	43	washed		20	רָחַ֥ץ		global-review-known-rendering	safe	0.5968	approved	0				global known-rendering assignment; lexical score 0.45
17:15	49	water		23	מַּ֛יִם		global-review-known-rendering	safe	0.777	approved	0				global known-rendering assignment; lexical score 0.63
17:15	53	till		26	עַד		global-review-known-rendering	safe	0.6272	approved	0				global known-rendering assignment; lexical score 0.48
17:15	54	evening		28	עֶ֖רֶב		global-review-known-rendering	safe	0.7583	approved	0				global known-rendering assignment; lexical score 0.61
17:16	2	if		2	אִם֙		global-review-known-rendering	safe	0.6405	approved	0				global known-rendering assignment; lexical score 0.49
17:16	6	not		7	לֹ֣א		global-review-known-rendering	safe	0.6788	approved	0				global known-rendering assignment; lexical score 0.53
17:16	7	washed		8	יִרְחָ֑ץ		global-review-known-rendering	safe	0.5968	approved	0				global known-rendering assignment; lexical score 0.45
18:1	2	the				expands	supplied-article	safe	0.7288	approved	0				article the original does not write; rests on 'Lord' → 'יְהוָ֖ה'
18:1	3	Lord		3	יְהוָ֖ה		global-review-known-rendering	safe	0.7288	approved	0				global known-rendering assignment; lexical score 0.58
18:1	4	said		7	אמֹֽר		global-review-known-rendering	safe	0.777	approved	0				global known-rendering assignment; lexical score 0.63
18:1	6	Moses		5	מֹשֶׁ֥ה		global-review-known-rendering	safe	0.7976	approved	0				global known-rendering assignment; lexical score 0.65
18:2				5	וְ	omits	unrendered-conjunction	safe	0.7661	approved	0				conjunction no word of the verse renders; rests on 'Say' → 'אָמַרְתָּ֖'
18:2	1	Say		6	אָמַרְתָּ֖		global-review-known-rendering	safe	0.7661	approved	0				global known-rendering assignment; lexical score 0.62
18:2	3	the				expands	supplied-article	safe	0.7612	approved	0				article the original does not write; rests on 'children' → 'בְּנֵ֣י'
18:2	4	children		3	בְּנֵ֣י		global-review-known-rendering	safe	0.7612	approved	0				global known-rendering assignment; lexical score 0.61
18:2	5	of		4	יִשְׂרָאֵ֔ל		attached-word	safe	0.6859	approved	0				Genitive of 'Israel'
18:2	6	Israel		4	יִשְׂרָאֵ֔ל		global-review-known-rendering	safe	0.7859	approved	0				global known-rendering assignment; lexical score 0.64
18:2	9	the				expands	supplied-article	safe	0.7288	approved	0				article the original does not write; rests on 'Lord' → 'יְהוָ֥ה'
18:2	10	Lord		9	יְהוָ֥ה		global-review-known-rendering	safe	0.7288	approved	0				global known-rendering assignment; lexical score 0.58
18:2	11	your		10	אֱלֹהֵיכֶֽם		attached-word	safe	0.5914	approved	0				PossessivePronoun of 'God'
18:2	12	God		10	אֱלֹהֵיכֶֽם		global-review-known-rendering	safe	0.6914	approved	0				global known-rendering assignment; lexical score 0.54
18:3	3	not		8	לֹ֣א		global-review-known-rendering	safe	0.6786	approved	0				global known-rendering assignment; lexical score 0.53
18:3	7	which		5	אֲשֶׁ֥ר		global-review-known-rendering	safe	0.6686	approved	0				global known-rendering assignment; lexical score 0.52
18:3	9	done		9	תַעֲשׂ֑וּ		global-review-known-rendering	safe	0.6989	approved	0				global known-rendering assignment; lexical score 0.55
18:3	11	the				expands	supplied-article	safe	0.725	approved	0				article the original does not write; rests on 'land' → 'אֶֽרֶץ'
18:3	12	land		3	אֶֽרֶץ		global-review-known-rendering	safe	0.725	approved	0				global known-rendering assignment; lexical score 0.58
18:3	13	of		4	מִצְרַ֛יִם		attached-word	safe	0.6331	approved	0				Genitive of 'Egypt'
18:3	14	Egypt		4	מִצְרַ֛יִם		global-review-known-rendering	safe	0.7331	approved	0				global known-rendering assignment; lexical score 0.58
18:3	22	not		20	לֹ֣א		global-review-known-rendering	safe	0.6786	approved	0				global known-rendering assignment; lexical score 0.53
18:3	26	which		15	אֲשֶׁ֣ר		global-review-known-rendering	safe	0.6686	approved	0				global known-rendering assignment; lexical score 0.52
18:3	28	done		21	תַעֲשׂ֔וּ		global-review-known-rendering	safe	0.6989	approved	0				global known-rendering assignment; lexical score 0.55
18:3	30	the				expands	supplied-article	safe	0.725	approved	0				article the original does not write; rests on 'land' → 'אֶֽרֶץ'
18:3	31	land		13	אֶֽרֶץ		global-review-known-rendering	safe	0.725	approved	0				global known-rendering assignment; lexical score 0.58
18:3	32	of		14	כְּנַ֡עַן		attached-word	safe	0.6841	approved	0				Genitive of 'Canaan'
18:3	33	Canaan		14	כְּנַ֡עַן		global-review-known-rendering	safe	0.7841	approved	0				global known-rendering assignment; lexical score 0.63
18:4	11	keep		7	תִּשְׁמְר֖וּ		global-review-known-rendering	safe	0.587	approved	0				global known-rendering assignment; lexical score 0.44
18:4	21	the				expands	supplied-article	safe	0.7288	approved	0				article the original does not write; rests on 'Lord' → 'יְהוָ֥ה'
18:4	22	Lord		12	יְהוָ֥ה		global-review-known-rendering	safe	0.7288	approved	0				global known-rendering assignment; lexical score 0.58
18:4	23	your		13	אֱלֹהֵיכֶֽם		attached-word	safe	0.5914	approved	0				PossessivePronoun of 'God'
18:4	24	God		13	אֱלֹהֵיכֶֽם		global-review-known-rendering	safe	0.6914	approved	0				global known-rendering assignment; lexical score 0.54
18:5	2	keep		2	שְׁמַרְתֶּ֤ם		global-review-known-rendering	safe	0.587	approved	0				global known-rendering assignment; lexical score 0.44
18:5	8	which		8	אֲשֶׁ֨ר		global-review-known-rendering	safe	0.6686	approved	0				global known-rendering assignment; lexical score 0.52
18:5	21	the				expands	supplied-article	safe	0.7288	approved	0				article the original does not write; rests on 'Lord' → 'יְהוָֽה'
18:5	22	Lord		17	יְהוָֽה		global-review-known-rendering	safe	0.7288	approved	0				global known-rendering assignment; lexical score 0.58
18:6	3	not		7	לֹ֥א		global-review-known-rendering	safe	0.6786	approved	0				global known-rendering assignment; lexical score 0.53
18:7	3	not		6	לֹ֣א		global-review-known-rendering	safe	0.6786	approved	0				global known-rendering assignment; lexical score 0.53
18:7	8	your		2	אָבִ֛יךָ		attached-word	safe	0.6633	approved	0				PossessivePronoun of 'father'
18:7	9	father		2	אָבִ֛יךָ		global-review-known-rendering	safe	0.7633	approved	0				global known-rendering assignment; lexical score 0.61
18:7	11	your		5	אִמְּךָ֖		attached-word	safe	0.6591	approved	0				PossessivePronoun of 'mother'
18:7	12	mother		5	אִמְּךָ֖		global-review-known-rendering	safe	0.7591	approved	0				global known-rendering assignment; lexical score 0.61
18:7	15	your		8	אִמְּךָ֣		attached-word	safe	0.6591	approved	0				PossessivePronoun of 'mother'
18:7	16	mother		8	אִמְּךָ֣		global-review-known-rendering	safe	0.7591	approved	0				global known-rendering assignment; lexical score 0.61
18:7	19	not		10	לֹ֥א		global-review-known-rendering	safe	0.6786	approved	0				global known-rendering assignment; lexical score 0.53
18:8	4	not		4	לֹ֣א		global-review-known-rendering	safe	0.6786	approved	0				global known-rendering assignment; lexical score 0.53
18:8	9	your		3	אָבִ֖יךָ		attached-word	safe	0.638	approved	0				PossessivePronoun of 'father's'
18:8	10	father's		3	אָבִ֖יךָ		global-review-known-rendering	safe	0.738	approved	0				global known-rendering assignment; lexical score 0.59
18:8	11	wife		2	אֵֽשֶׁת		global-review-known-rendering	safe	0.7824	approved	0				global known-rendering assignment; lexical score 0.63
18:8	14	your		7	אָבִ֖יךָ		attached-word	safe	0.638	approved	0				PossessivePronoun of 'father's'
18:8	15	father's		7	אָבִ֖יךָ		global-review-known-rendering	safe	0.738	approved	0				global known-rendering assignment; lexical score 0.59
18:9	3	not		13	לֹ֥א		global-review-known-rendering	safe	0.6786	approved	0				global known-rendering assignment; lexical score 0.53
18:9	5	your		2	אֲחֹֽותְךָ֤		attached-word	safe	0.6845	approved	0				PossessivePronoun of 'sister'
18:9	6	sister		2	אֲחֹֽותְךָ֤		global-review-known-rendering	safe	0.7845	approved	0				global known-rendering assignment; lexical score 0.63
18:9	7	the				expands	supplied-article	safe	0.7743	approved	0				article the original does not write; rests on 'daughter' → 'בַת'
18:9	8	daughter		3	בַת		global-review-known-rendering	safe	0.7743	approved	0				global known-rendering assignment; lexical score 0.62
18:9	9	of		4	אָבִ֨יךָ֙		attached-word	safe	0.5633	approved	0				Genitive of 'your'
18:9	10	your		4	אָבִ֨יךָ֙		attached-word	safe	0.6633	approved	0				PossessivePronoun of 'father'
18:9	11	father		4	אָבִ֨יךָ֙		global-review-known-rendering	safe	0.7633	approved	0				global known-rendering assignment; lexical score 0.61
18:9	14	your		7	אִמֶּ֔ךָ		attached-word	safe	0.6591	approved	0				PossessivePronoun of 'mother'
18:9	15	mother		7	אִמֶּ֔ךָ		global-review-known-rendering	safe	0.7591	approved	0				global known-rendering assignment; lexical score 0.61
18:10	3	not		7	לֹ֥א		global-review-known-rendering	safe	0.6786	approved	0				global known-rendering assignment; lexical score 0.53
18:10	8	your		3	בִּנְךָ֙		attached-word	safe	0.6357	approved	0				PossessivePronoun of 'son's'
18:10	9	son's		3	בִּנְךָ֙		global-review-known-rendering	safe	0.7357	approved	0				global known-rendering assignment; lexical score 0.59
18:10	10	daughter		2	בַּת		global-review-known-rendering	safe	0.7743	approved	0				global known-rendering assignment; lexical score 0.62
18:10	13	daughter's		5	בַֽת		global-review-known-rendering	safe	0.767	approved	0				global known-rendering assignment; lexical score 0.62
18:10	14	daughter		6	בִּתְּךָ֔		global-review-known-rendering	safe	0.7743	approved	0				global known-rendering assignment; lexical score 0.62
18:11	2	your		4	אָבִ֨יךָ֙		attached-word	safe	0.638	approved	0				PossessivePronoun of 'father's'
18:11	3	father's		4	אָבִ֨יךָ֙		global-review-known-rendering	safe	0.738	approved	0				global known-rendering assignment; lexical score 0.59
18:11	4	wife's		3	אֵ֤שֶׁת		global-review-known-rendering	safe	0.8	approved	0				global known-rendering assignment; lexical score 0.65
18:11	5	daughter		2	בַּת		global-review-known-rendering	safe	0.7743	approved	0				global known-rendering assignment; lexical score 0.62
18:11	9	your		6	אָבִ֔יךָ		attached-word	safe	0.6633	approved	0				PossessivePronoun of 'father'
18:11	10	father		6	אָבִ֔יךָ		global-review-known-rendering	safe	0.7633	approved	0				global known-rendering assignment; lexical score 0.61
18:11	14	your		7	אֲחֹותְךָ֖		attached-word	safe	0.6845	approved	0				PossessivePronoun of 'sister'
18:11	15	sister		7	אֲחֹותְךָ֖		global-review-known-rendering	safe	0.7845	approved	0				global known-rendering assignment; lexical score 0.63
18:12	3	not		4	לֹ֣א		global-review-known-rendering	safe	0.6786	approved	0				global known-rendering assignment; lexical score 0.53
18:12	8	your		3	אָבִ֖יךָ		attached-word	safe	0.638	approved	0				PossessivePronoun of 'father's'
18:12	9	father's		3	אָבִ֖יךָ		global-review-known-rendering	safe	0.738	approved	0				global known-rendering assignment; lexical score 0.59
18:12	10	sister		2	אֲחֹות		global-review-known-rendering	safe	0.7845	approved	0				global known-rendering assignment; lexical score 0.63
18:12	14	your		7	אָבִ֖יךָ		attached-word	safe	0.638	approved	0				PossessivePronoun of 'father's'
18:12	15	father's		7	אָבִ֖יךָ		global-review-known-rendering	safe	0.738	approved	0				global known-rendering assignment; lexical score 0.59
18:13	3	not		4	לֹ֣א		global-review-known-rendering	safe	0.6786	approved	0				global known-rendering assignment; lexical score 0.53
18:13	8	your		3	אִמְּךָ֖		attached-word	safe	0.6862	approved	0				PossessivePronoun of 'mother's'
18:13	9	mother's		3	אִמְּךָ֖		global-review-known-rendering	safe	0.7862	approved	0				global known-rendering assignment; lexical score 0.64
18:13	10	sister		2	אֲחֹֽות		global-review-known-rendering	safe	0.7845	approved	0				global known-rendering assignment; lexical score 0.63
18:13	14	your		8	אִמְּךָ֖		attached-word	safe	0.6862	approved	0				PossessivePronoun of 'mother's'
18:13	15	mother's		8	אִמְּךָ֖		global-review-known-rendering	safe	0.7862	approved	0				global known-rendering assignment; lexical score 0.64
18:14	3	not		4	לֹ֣א		global-review-known-rendering	safe	0.6786	approved	0				global known-rendering assignment; lexical score 0.53
18:14	8	the				expands	supplied-article	safe	0.7824	approved	0				article the original does not write; rests on 'wife' → 'אִשְׁתֹּו֙'
18:14	9	wife		7	אִשְׁתֹּו֙		global-review-known-rendering	safe	0.7824	approved	0				global known-rendering assignment; lexical score 0.63
18:14	11	your		3	אָבִ֖יךָ		attached-word	safe	0.638	approved	0				PossessivePronoun of 'father's'
18:14	12	father's		3	אָבִ֖יךָ		global-review-known-rendering	safe	0.738	approved	0				global known-rendering assignment; lexical score 0.59
18:14	13	brother		2	אֲחִֽי		global-review-known-rendering	safe	0.7715	approved	0				global known-rendering assignment; lexical score 0.62
18:15	8	your		6	בִּנְךָ֙		attached-word	safe	0.6357	approved	0				PossessivePronoun of 'son's'
18:15	9	son's		6	בִּנְךָ֙		global-review-known-rendering	safe	0.7357	approved	0				global known-rendering assignment; lexical score 0.59
18:15	10	wife		5	אֵ֤שֶׁת		global-review-known-rendering	safe	0.7824	approved	0				global known-rendering assignment; lexical score 0.63
18:15	14	not		8	לֹ֥א		global-review-known-rendering	safe	0.6786	approved	0				global known-rendering assignment; lexical score 0.53
18:16	3	not		4	לֹ֣א		global-review-known-rendering	safe	0.6786	approved	0				global known-rendering assignment; lexical score 0.53
18:16	8	your		3	אָחִ֖יךָ		attached-word	safe	0.6481	approved	0				PossessivePronoun of 'brother's'
18:16	9	brother's		3	אָחִ֖יךָ		global-review-known-rendering	safe	0.7481	approved	0				global known-rendering assignment; lexical score 0.60
18:16	10	wife		2	אֵֽשֶׁת		global-review-known-rendering	safe	0.7824	approved	0				global known-rendering assignment; lexical score 0.63
18:16	14	your		7	אָחִ֖יךָ		attached-word	safe	0.6481	approved	0				PossessivePronoun of 'brother's'
18:16	15	brother's		7	אָחִ֖יךָ		global-review-known-rendering	safe	0.7481	approved	0				global known-rendering assignment; lexical score 0.60
18:17				7	אֶֽת	omits	unrendered-object-marker	safe	0.7743	approved	0				object marker; rests on 'daughter' → 'בַּת'
18:17				11	אֶת	omits	unrendered-object-marker	safe	0.767	approved	0				object marker; rests on 'daughter's' → 'בַּת'
18:17	3	not		5	לֹ֣א		global-review-known-rendering	safe	0.6786	approved	0				global known-rendering assignment; lexical score 0.53
18:17	6	wife		2	אִשָּׁ֛ה		global-review-known-rendering	safe	0.7824	approved	0				global known-rendering assignment; lexical score 0.63
18:17	10	her		4	בִתָּ֖הּ		attached-word	safe	0.6743	approved	0				PossessivePronoun of 'daughter'
18:17	11	daughter		4	בִתָּ֖הּ		global-review-known-rendering	safe	0.7743	approved	0				global known-rendering assignment; lexical score 0.62
18:17	14	son's		9	בְּנָ֞הּ		global-review-known-rendering	safe	0.7357	approved	0				global known-rendering assignment; lexical score 0.59
18:17	15	daughter		8	בַּת		global-review-known-rendering	safe	0.7743	approved	0				global known-rendering assignment; lexical score 0.62
18:17	17	her		13	בִּתָּ֗הּ		attached-word	safe	0.6743	approved	0				PossessivePronoun of 'daughter'
18:17	18	daughter's		12	בַּת		global-review-known-rendering	safe	0.767	approved	0				global known-rendering assignment; lexical score 0.62
18:17	19	daughter		13	בִּתָּ֗הּ		global-review-known-rendering	safe	0.7743	approved	0				global known-rendering assignment; lexical score 0.62
18:18	4	not		5	לֹ֣א		global-review-known-rendering	safe	0.6786	approved	0				global known-rendering assignment; lexical score 0.53
18:18	7	wife		2	אִשָּׁ֥ה		global-review-known-rendering	safe	0.7824	approved	0				global known-rendering assignment; lexical score 0.63
18:18	15	her		4	אֲחֹתָ֖הּ		attached-word	safe	0.6845	approved	0				PossessivePronoun of 'sister'
18:18	16	sister		4	אֲחֹתָ֖הּ		global-review-known-rendering	safe	0.7845	approved	0				global known-rendering assignment; lexical score 0.63
18:19	4	not		7	לֹ֣א		global-review-known-rendering	safe	0.6786	approved	0				global known-rendering assignment; lexical score 0.53
18:19	7	a				expands	supplied-indefinite-article	safe	0.722	approved	0				indefinite article; rests on 'woman' → 'אִשָּׁ֖ה'
18:19	8	woman		3	אִשָּׁ֖ה		global-review-known-rendering	safe	0.722	approved	0				global known-rendering assignment; lexical score 0.57
18:20	4	not		5	לֹא		global-review-known-rendering	safe	0.6786	approved	0				global known-rendering assignment; lexical score 0.53
18:20	11	wife		3	אֵ֨שֶׁת֙		global-review-known-rendering	safe	0.7824	approved	0				global known-rendering assignment; lexical score 0.63
18:21				14	אֶת	omits	unrendered-object-marker	safe	0.7895	approved	0				object marker; rests on 'name' → 'שֵׁ֥ם'
18:21	4	not		4	לֹא		global-review-known-rendering	safe	0.6786	approved	0				global known-rendering assignment; lexical score 0.53
18:21	18	Molech		10	מֹּ֑לֶךְ		global-review-known-rendering	safe	0.8	approved	0				global known-rendering assignment; lexical score 0.65
18:21	22	not		12	לֹ֧א		global-review-known-rendering	safe	0.6786	approved	0				global known-rendering assignment; lexical score 0.53
18:21	26	the				expands	supplied-article	safe	0.7895	approved	0				article the original does not write; rests on 'name' → 'שֵׁ֥ם'
18:21	27	name		15	שֵׁ֥ם		global-review-known-rendering	safe	0.7895	approved	0				global known-rendering assignment; lexical score 0.64
18:21	28	of		16	אֱלֹהֶ֖יךָ		attached-word	safe	0.4914	approved	0				Genitive of 'your'
18:21	29	your		16	אֱלֹהֶ֖יךָ		attached-word	safe	0.5914	approved	0				PossessivePronoun of 'God'
18:21	30	God		16	אֱלֹהֶ֖יךָ		global-review-known-rendering	safe	0.6914	approved	0				global known-rendering assignment; lexical score 0.54
18:21	33	the				expands	supplied-article	safe	0.7288	approved	0				article the original does not write; rests on 'Lord' → 'יְהוָֽה'
18:21	34	Lord		18	יְהוָֽה		global-review-known-rendering	safe	0.7288	approved	0				global known-rendering assignment; lexical score 0.58
18:22	3	not		4	לֹ֥א		global-review-known-rendering	safe	0.6786	approved	0				global known-rendering assignment; lexical score 0.53
18:22	13	women		7	אִשָּׁ֑ה		global-review-known-rendering	safe	0.6809	approved	0				global known-rendering assignment; lexical score 0.53
18:23	4	not		5	לֹא		global-review-known-rendering	safe	0.6786	approved	0				global known-rendering assignment; lexical score 0.53
18:23	9	a				expands	supplied-indefinite-article	safe	0.6321	approved	0				indefinite article; rests on 'beast' → 'בְּהֵמָ֛ה'
18:23	10	beast		4	בְּהֵמָ֛ה		global-review-known-rendering	safe	0.6321	approved	0				global known-rendering assignment; lexical score 0.48
18:23	17	a				expands	supplied-indefinite-article	safe	0.722	approved	0				indefinite article; rests on 'woman' → 'אִשָּׁ֗ה'
18:23	18	woman		12	אִשָּׁ֗ה		global-review-known-rendering	safe	0.722	approved	0				global known-rendering assignment; lexical score 0.57
18:23	20	not		13	לֹֽא		global-review-known-rendering	safe	0.6786	approved	0				global known-rendering assignment; lexical score 0.53
18:23	21	give		6	תִתֵּ֥ן		global-review-known-rendering	safe	0.6515	approved	0				global known-rendering assignment; lexical score 0.50
18:23	24	a				expands	supplied-indefinite-article	safe	0.6321	approved	0				indefinite article; rests on 'beast' → 'בְהֵמָ֛ה'
18:23	25	beast		17	בְהֵמָ֛ה		global-review-known-rendering	safe	0.6321	approved	0				global known-rendering assignment; lexical score 0.48
18:24				11	הַ	omits	unrendered-article	safe	0.7486	approved	0				article no the of the verse renders; rests on 'nations' → 'גֹּויִ֔ם'
18:24	9	these		9	אֵ֨לֶּה֙		global-review-known-rendering	safe	0.7126	approved	0				global known-rendering assignment; lexical score 0.56
18:24	15	nations		12	גֹּויִ֔ם		global-review-known-rendering	safe	0.7486	approved	0				global known-rendering assignment; lexical score 0.60
18:24	16	whom		13	אֲשֶׁר		global-review-known-rendering	safe	0.6479	approved	0				global known-rendering assignment; lexical score 0.50
18:24	22	before		17	פְּנֵיכֶֽם		global-review-known-rendering	safe	0.6583	approved	0				global known-rendering assignment; lexical score 0.51
18:25	2	the		3	הָ		attached-word	safe	0.625	approved	0				Article of 'land'
18:25	3	land		4	אָ֔רֶץ		global-review-known-rendering	safe	0.725	approved	0				global known-rendering assignment; lexical score 0.58
18:25	21	the		11	הָ		attached-word	safe	0.625	approved	0				Article of 'land'
18:25	22	land		12	אָ֖רֶץ		global-review-known-rendering	safe	0.725	approved	0				global known-rendering assignment; lexical score 0.58
18:26				16	הָ	omits	unrendered-article	safe	0.7126	approved	0				article no the of the verse renders; rests on 'these' → 'אֵ֑לֶּה'
18:26	3	keep		2	שְׁמַרְתֶּ֣ם		global-review-known-rendering	safe	0.587	approved	0				global known-rendering assignment; lexical score 0.44
18:26	11	not		10	לֹ֣א		global-review-known-rendering	safe	0.6786	approved	0				global known-rendering assignment; lexical score 0.53
18:26	12	do		11	תַעֲשׂ֔וּ		global-review-known-rendering	safe	0.6282	approved	0				global known-rendering assignment; lexical score 0.48
18:26	15	these		17	אֵ֑לֶּה		global-review-known-rendering	safe	0.7126	approved	0				global known-rendering assignment; lexical score 0.56
18:27				2	אֶת	omits	unrendered-object-marker	safe	0.7583	approved	0				object marker; rests on 'all' → 'כָּל'
18:27	2	all		3	כָּל		global-review-known-rendering	safe	0.7583	approved	0				global known-rendering assignment; lexical score 0.61
18:27	7	done		8	עָשׂ֥וּ		global-review-known-rendering	safe	0.6989	approved	0				global known-rendering assignment; lexical score 0.55
18:27	9	the				expands	supplied-article	safe	0.5616	approved	0				article the original does not write; rests on 'men' → 'אַנְשֵֽׁי'
18:27	10	men		9	אַנְשֵֽׁי		global-review-known-rendering	safe	0.5616	approved	0				global known-rendering assignment; lexical score 0.41
18:27	11	of		11	אָ֖רֶץ		attached-word	safe	0.513	approved	0				Genitive of 'country'
18:27	13	country		11	אָ֖רֶץ		global-review-known-rendering	safe	0.613	approved	0				global known-rendering assignment; lexical score 0.46
18:27	17	before		14	פְנֵיכֶ֑ם		global-review-known-rendering	safe	0.6583	approved	0				global known-rendering assignment; lexical score 0.51
18:27	20	the		17	הָ		attached-word	safe	0.625	approved	0				Article of 'land'
18:27	21	land		18	אָֽרֶץ		global-review-known-rendering	safe	0.725	approved	0				global known-rendering assignment; lexical score 0.58
18:28				13	אֶת	omits	unrendered-object-marker	safe	0.7486	approved	0				object marker; rests on 'nations' → 'גֹּ֖וי'
18:28	3	the		4	הָ		attached-word	safe	0.625	approved	0				Article of 'land'
18:28	4	land		5	אָ֨רֶץ֙		global-review-known-rendering	safe	0.725	approved	0				global known-rendering assignment; lexical score 0.58
18:28	6	not		2	לֹֽא		global-review-known-rendering	safe	0.6786	approved	0				global known-rendering assignment; lexical score 0.53
18:28	21	the		14	הַ		attached-word	safe	0.6486	approved	0				Article of 'nations'
18:28	22	nations		15	גֹּ֖וי		global-review-known-rendering	safe	0.7486	approved	0				global known-rendering assignment; lexical score 0.60
18:28	23	which		16	אֲשֶׁ֥ר		global-review-known-rendering	safe	0.6686	approved	0				global known-rendering assignment; lexical score 0.52
18:28	26	before		18	פְנֵיכֶֽם		global-review-known-rendering	safe	0.6583	approved	0				global known-rendering assignment; lexical score 0.51
18:29				9	הָ	omits	unrendered-article	safe	0.7126	approved	0				article no the of the verse renders; rests on 'these' → 'אֵ֑לֶּה'
18:29				11	וְ	omits	unrendered-conjunction	safe	0.5825	approved	0				conjunction no word of the verse renders; rests on 'cut' → 'נִכְרְת֛וּ'
18:29	2	all		2	כָּל		global-review-known-rendering	safe	0.7583	approved	0				global known-rendering assignment; lexical score 0.61
18:29	5	do		4	יַעֲשֶׂ֔ה		global-review-known-rendering	safe	0.6282	approved	0				global known-rendering assignment; lexical score 0.48
18:29	8	these		10	אֵ֑לֶּה		global-review-known-rendering	safe	0.7126	approved	0				global known-rendering assignment; lexical score 0.56
18:29	13	cut		12	נִכְרְת֛וּ		global-review-known-rendering	safe	0.5825	approved	0				global known-rendering assignment; lexical score 0.43
18:29	17	their		19	עַמָּֽם		attached-word	safe	0.667	approved	0				PossessivePronoun of 'people'
18:29	18	people		19	עַמָּֽם		global-review-known-rendering	safe	0.767	approved	0				global known-rendering assignment; lexical score 0.62
18:30	3	keep		2	שְׁמַרְתֶּ֣ם		global-review-known-rendering	safe	0.587	approved	0				global known-rendering assignment; lexical score 0.44
18:30	10	not		17	לֹ֥א		global-review-known-rendering	safe	0.6786	approved	0				global known-rendering assignment; lexical score 0.53
18:30	11	do		7	עֲשֹׂ֜ות		global-review-known-rendering	safe	0.6282	approved	0				global known-rendering assignment; lexical score 0.48
18:30	17	which		12	אֲשֶׁ֣ר		global-review-known-rendering	safe	0.6686	approved	0				global known-rendering assignment; lexical score 0.52
18:30	19	done		13	נַעֲשׂ֣וּ		global-review-known-rendering	safe	0.6989	approved	0				global known-rendering assignment; lexical score 0.55
18:30	20	before		15	פְנֵיכֶ֔ם		global-review-known-rendering	safe	0.6583	approved	0				global known-rendering assignment; lexical score 0.51
18:30	30	the				expands	supplied-article	safe	0.7288	approved	0				article the original does not write; rests on 'Lord' → 'יְהוָ֥ה'
18:30	31	Lord		21	יְהוָ֥ה		global-review-known-rendering	safe	0.7288	approved	0				global known-rendering assignment; lexical score 0.58
18:30	32	your		22	אֱלֹהֵיכֶֽם		attached-word	safe	0.5914	approved	0				PossessivePronoun of 'God'
18:30	33	God		22	אֱלֹהֵיכֶֽם		global-review-known-rendering	safe	0.6914	approved	0				global known-rendering assignment; lexical score 0.54
19:1	2	the				expands	supplied-article	safe	0.7286	approved	0				article the original does not write; rests on 'Lord' → 'יְהוָ֖ה'
19:1	3	Lord		3	יְהוָ֖ה		global-review-known-rendering	safe	0.7286	approved	0				global known-rendering assignment; lexical score 0.58
19:1	4	said		7	אמֹֽר		global-review-known-rendering	safe	0.777	approved	0				global known-rendering assignment; lexical score 0.63
19:1	6	Moses		5	מֹשֶׁ֥ה		global-review-known-rendering	safe	0.7976	approved	0				global known-rendering assignment; lexical score 0.65
19:2				7	וְ	omits	unrendered-conjunction	safe	0.7661	approved	0				conjunction no word of the verse renders; rests on 'Say' → 'אָמַרְתָּ֥'
19:2	1	Say		8	אָמַרְתָּ֥		global-review-known-rendering	safe	0.7661	approved	0				global known-rendering assignment; lexical score 0.62
19:2	3	all		3	כָּל		global-review-known-rendering	safe	0.7585	approved	0				global known-rendering assignment; lexical score 0.61
19:2	7	Israel		6	יִשְׂרָאֵ֛ל		global-review-known-rendering	safe	0.7859	approved	0				global known-rendering assignment; lexical score 0.64
19:2	15	the				expands	supplied-article	safe	0.7286	approved	0				article the original does not write; rests on 'Lord' → 'יְהוָ֥ה'
19:2	16	Lord		15	יְהוָ֥ה		global-review-known-rendering	safe	0.7286	approved	0				global known-rendering assignment; lexical score 0.58
19:2	17	your		16	אֱלֹהֵיכֶֽם		attached-word	safe	0.5916	approved	0				PossessivePronoun of 'God'
19:2	18	God		16	אֱלֹהֵיכֶֽם		global-review-known-rendering	safe	0.6916	approved	0				global known-rendering assignment; lexical score 0.54
19:3				7	אֶת	omits	unrendered-object-marker	safe	0.7735	approved	0				object marker; rests on 'Sabbaths' → 'שַׁבְּתֹתַ֖י'
19:3	3	man		1	אִ֣ישׁ		global-review-known-rendering	safe	0.6008	approved	0				global known-rendering assignment; lexical score 0.45
19:3	7	his		2	אִמֹּ֤ו		attached-word	safe	0.6596	approved	0				PossessivePronoun of 'mother'
19:3	8	mother		2	אִמֹּ֤ו		global-review-known-rendering	safe	0.7596	approved	0				global known-rendering assignment; lexical score 0.61
19:3	11	his		4	אָבִיו֙		attached-word	safe	0.6635	approved	0				PossessivePronoun of 'father'
19:3	12	father		4	אָבִיו֙		global-review-known-rendering	safe	0.7635	approved	0				global known-rendering assignment; lexical score 0.61
19:3	14	keep		9	תִּשְׁמֹ֑רוּ		global-review-known-rendering	safe	0.5862	approved	0				global known-rendering assignment; lexical score 0.44
19:3	15	my		8	שַׁבְּתֹתַ֖י		attached-word	safe	0.6735	approved	0				PossessivePronoun of 'Sabbaths'
19:3	16	Sabbaths		8	שַׁבְּתֹתַ֖י		global-review-known-rendering	safe	0.7735	approved	0				global known-rendering assignment; lexical score 0.62
19:3	19	the				expands	supplied-article	safe	0.7286	approved	0				article the original does not write; rests on 'Lord' → 'יְהוָ֥ה'
19:3	20	Lord		11	יְהוָ֥ה		global-review-known-rendering	safe	0.7286	approved	0				global known-rendering assignment; lexical score 0.58
19:3	21	your		12	אֱלֹהֵיכֶֽם		attached-word	safe	0.5916	approved	0				PossessivePronoun of 'God'
19:3	22	God		12	אֱלֹהֵיכֶֽם		global-review-known-rendering	safe	0.6916	approved	0				global known-rendering assignment; lexical score 0.54
19:4	6	gods		7	אלֹהֵי֙		global-review-known-rendering	safe	0.7607	approved	0				global known-rendering assignment; lexical score 0.61
19:4	9	not		9	לֹ֥א		global-review-known-rendering	safe	0.6786	approved	0				global known-rendering assignment; lexical score 0.53
19:4	14	gods		14	אֱלֹהֵיכֶֽם		global-review-known-rendering	safe	0.7607	approved	0				global known-rendering assignment; lexical score 0.61
19:4	19	the				expands	supplied-article	safe	0.7286	approved	0				article the original does not write; rests on 'Lord' → 'יְהוָ֥ה'
19:4	20	Lord		13	יְהוָ֥ה		global-review-known-rendering	safe	0.7286	approved	0				global known-rendering assignment; lexical score 0.58
19:5	9	the				expands	supplied-article	safe	0.7286	approved	0				article the original does not write; rests on 'Lord' → 'יהוָ֑ה'
19:5	10	Lord		7	יהוָ֑ה		global-review-known-rendering	safe	0.7286	approved	0				global known-rendering assignment; lexical score 0.58
19:6	10	day		2	יֹ֧ום		global-review-known-rendering	safe	0.7663	approved	0				global known-rendering assignment; lexical score 0.62
19:6	18	the				expands	supplied-article	safe	0.7663	approved	0				article the original does not write; rests on 'day' → 'יֹ֣ום'
19:6	19	day		12	יֹ֣ום		global-review-known-rendering	safe	0.7663	approved	0				global known-rendering assignment; lexical score 0.62
19:6	26	the		13	הַ		attached-word	safe	0.6293	approved	0				Article of 'third'
19:6	27	third		14	שְּׁלִישִׁ֔י		global-review-known-rendering	safe	0.7293	approved	0				global known-rendering assignment; lexical score 0.58
19:6	34	fire		17	אֵ֖שׁ		global-review-known-rendering	safe	0.6971	approved	0				global known-rendering assignment; lexical score 0.55
19:7	1	If		2	אִ֛ם		global-review-known-rendering	safe	0.6415	approved	0				global known-rendering assignment; lexical score 0.49
19:7	10	the		8	הַ		attached-word	safe	0.6293	approved	0				Article of 'third'
19:7	11	third		9	שְּׁלִישִׁ֑י		global-review-known-rendering	safe	0.7293	approved	0				global known-rendering assignment; lexical score 0.58
19:7	12	day		7	יֹּ֣ום		global-review-known-rendering	safe	0.7663	approved	0				global known-rendering assignment; lexical score 0.62
19:7	20	not		12	לֹ֥א		global-review-known-rendering	safe	0.6786	approved	0				global known-rendering assignment; lexical score 0.53
19:8				6	אֶת	omits	unrendered-object-marker	safe	0.6642	approved	0				object marker; rests on 'holy' → 'קֹ֥דֶשׁ'
19:8	22	the				expands	supplied-article	safe	0.6642	approved	0				article the original does not write; rests on 'holy' → 'קֹ֥דֶשׁ'
19:8	23	holy		7	קֹ֥דֶשׁ		global-review-known-rendering	safe	0.6642	approved	0				global known-rendering assignment; lexical score 0.51
19:8	26	the				expands	supplied-article	safe	0.7286	approved	0				article the original does not write; rests on 'Lord' → 'יְהוָ֖ה'
19:8	27	Lord		8	יְהוָ֖ה		global-review-known-rendering	safe	0.7286	approved	0				global known-rendering assignment; lexical score 0.58
19:8	31	cut		11	נִכְרְתָ֛ה		global-review-known-rendering	safe	0.5825	approved	0				global known-rendering assignment; lexical score 0.43
19:8	35	people		17	עַמֶּֽיהָ		global-review-known-rendering	safe	0.7672	approved	0				global known-rendering assignment; lexical score 0.62
19:9	12	not		7	לֹ֧א		global-review-known-rendering	safe	0.6786	approved	0				global known-rendering assignment; lexical score 0.53
19:9	22	of		10	שָׂדְךָ֖		attached-word	safe	0.6594	approved	0				Genitive of 'field'
19:9	23	the				expands	supplied-article	safe	0.7594	approved	0				article the original does not write; rests on 'field' → 'שָׂדְךָ֖'
19:9	24	field		10	שָׂדְךָ֖		global-review-known-rendering	safe	0.7594	approved	0				global known-rendering assignment; lexical score 0.61
19:9	33	the				expands	supplied-article	safe	0.7437	approved	0				article the original does not write; rests on 'earth' → 'אַרְצְכֶ֔ם'
19:9	34	earth		6	אַרְצְכֶ֔ם		global-review-known-rendering	safe	0.7437	approved	0				global known-rendering assignment; lexical score 0.59
19:10	3	not		3	לֹ֣א		global-review-known-rendering	safe	0.6786	approved	0				global known-rendering assignment; lexical score 0.53
19:10	34	your		21	אֱלֹהֵיכֶֽם		attached-word	safe	0.5916	approved	0				PossessivePronoun of 'God'
19:10	35	God		21	אֱלֹהֵיכֶֽם		global-review-known-rendering	safe	0.6916	approved	0				global known-rendering assignment; lexical score 0.54
19:11	2	not		1	לֹ֖א		global-review-known-rendering	safe	0.6786	approved	0				global known-rendering assignment; lexical score 0.53
19:12				11	אֶת	omits	unrendered-object-marker	safe	0.7895	approved	0				object marker; rests on 'name' → 'שֵׁ֥ם'
19:12	3	not		2	לֹֽא		global-review-known-rendering	safe	0.6786	approved	0				global known-rendering assignment; lexical score 0.53
19:12	8	my		5	שְׁמִ֖י		attached-word	safe	0.6895	approved	0				PossessivePronoun of 'name'
19:12	9	name		5	שְׁמִ֖י		global-review-known-rendering	safe	0.7895	approved	0				global known-rendering assignment; lexical score 0.64
19:12	10	falsely		8	שָּׁ֑קֶר		global-review-known-rendering	safe	0.6875	approved	0				global known-rendering assignment; lexical score 0.54
19:12	14	the				expands	supplied-article	safe	0.7895	approved	0				article the original does not write; rests on 'name' → 'שֵׁ֥ם'
19:12	15	name		12	שֵׁ֥ם		global-review-known-rendering	safe	0.7895	approved	0				global known-rendering assignment; lexical score 0.64
19:12	16	of		13	אֱלֹהֶ֖יךָ		attached-word	safe	0.4916	approved	0				Genitive of 'your'
19:12	17	your		13	אֱלֹהֶ֖יךָ		attached-word	safe	0.5916	approved	0				PossessivePronoun of 'God'
19:12	18	God		13	אֱלֹהֶ֖יךָ		global-review-known-rendering	safe	0.6916	approved	0				global known-rendering assignment; lexical score 0.54
19:12	21	the				expands	supplied-article	safe	0.7286	approved	0				article the original does not write; rests on 'Lord' → 'יְהוָֽה'
19:12	22	Lord		15	יְהוָֽה		global-review-known-rendering	safe	0.7286	approved	0				global known-rendering assignment; lexical score 0.58
19:13				3	אֶת	omits	unrendered-object-marker	safe	0.6938	approved	0				object marker; rests on 'neighbour' → 'רֵֽעֲךָ֖'
19:13	2	not		1	לֹֽא		global-review-known-rendering	safe	0.6786	approved	0				global known-rendering assignment; lexical score 0.53
19:13	6	your		4	רֵֽעֲךָ֖		attached-word	safe	0.5938	approved	0				PossessivePronoun of 'neighbour'
19:13	7	neighbour		4	רֵֽעֲךָ֖		global-review-known-rendering	safe	0.6938	approved	0				global known-rendering assignment; lexical score 0.54
19:13	14	not		8	לֹֽא		global-review-known-rendering	safe	0.6786	approved	0				global known-rendering assignment; lexical score 0.53
19:13	24	till		13	עַד		global-review-known-rendering	safe	0.6272	approved	0				global known-rendering assignment; lexical score 0.48
19:13	25	the				expands	supplied-article	safe	0.7522	approved	0				article the original does not write; rests on 'morning' → 'בֹּֽקֶר'
19:13	26	morning		14	בֹּֽקֶר		global-review-known-rendering	safe	0.7522	approved	0				global known-rendering assignment; lexical score 0.60
19:14	2	not		1	לֹא		global-review-known-rendering	safe	0.6786	approved	0				global known-rendering assignment; lexical score 0.53
19:14	22	the				expands	supplied-article	safe	0.7437	approved	0				article the original does not write; rests on 'blind' → 'עִוֵּ֔ר'
19:14	23	blind		7	עִוֵּ֔ר		global-review-known-rendering	safe	0.7437	approved	0				global known-rendering assignment; lexical score 0.59
19:14	29	your		14	אֱלֹהֶ֖יךָ		attached-word	safe	0.5916	approved	0				PossessivePronoun of 'God'
19:14	30	God		14	אֱלֹהֶ֖יךָ		global-review-known-rendering	safe	0.6916	approved	0				global known-rendering assignment; lexical score 0.54
19:14	31	before		6	פְנֵ֣י		global-review-known-rendering	safe	0.6584	approved	0				global known-rendering assignment; lexical score 0.51
19:14	35	the				expands	supplied-article	safe	0.7286	approved	0				article the original does not write; rests on 'Lord' → 'יְהוָֽה'
19:14	36	Lord		16	יְהוָֽה		global-review-known-rendering	safe	0.7286	approved	0				global known-rendering assignment; lexical score 0.58
19:15	1	Do		2	תַעֲשׂ֥וּ		global-review-known-rendering	safe	0.6285	approved	0				global known-rendering assignment; lexical score 0.48
19:15	8	not		7	לֹא		global-review-known-rendering	safe	0.6786	approved	0				global known-rendering assignment; lexical score 0.53
19:15	23	the				expands	supplied-article	safe	0.6042	approved	0				article the original does not write; rests on 'great' → 'גָדֹ֑ול'
19:15	24	great		15	גָדֹ֑ול		global-review-known-rendering	safe	0.6042	approved	0				global known-rendering assignment; lexical score 0.45
19:15	27	a				expands	supplied-indefinite-article	safe	0.6909	approved	0				indefinite article; rests on 'judge' → 'תִּשְׁפֹּ֥ט'
19:15	28	judge		18	תִּשְׁפֹּ֥ט		global-review-known-rendering	safe	0.6909	approved	0				global known-rendering assignment; lexical score 0.54
19:16	2	not		1	לֹא		global-review-known-rendering	safe	0.6786	approved	0				global known-rendering assignment; lexical score 0.53
19:16	9	your		5	עַמֶּ֔יךָ		attached-word	safe	0.6672	approved	0				PossessivePronoun of 'people'
19:16	10	people		5	עַמֶּ֔יךָ		global-review-known-rendering	safe	0.7672	approved	0				global known-rendering assignment; lexical score 0.62
19:16	17	your		10	רֵעֶ֑ךָ		attached-word	safe	0.5938	approved	0				PossessivePronoun of 'neighbour'
19:16	18	neighbour		10	רֵעֶ֑ךָ		global-review-known-rendering	safe	0.6938	approved	0				global known-rendering assignment; lexical score 0.54
19:16	24	the				expands	supplied-article	safe	0.7286	approved	0				article the original does not write; rests on 'Lord' → 'יְהוָֽה'
19:16	25	Lord		12	יְהוָֽה		global-review-known-rendering	safe	0.7286	approved	0				global known-rendering assignment; lexical score 0.58
19:17				3	אֶת	omits	unrendered-object-marker	safe	0.7715	approved	0				object marker; rests on 'brother' → 'אָחִ֖יךָ'
19:17	5	hate		2	תִשְׂנָ֥א		global-review-known-rendering	safe	0.7614	approved	0				global known-rendering assignment; lexical score 0.61
19:17	10	your		4	אָחִ֖יךָ		attached-word	safe	0.6715	approved	0				PossessivePronoun of 'brother'
19:17	11	brother		4	אָחִ֖יךָ		global-review-known-rendering	safe	0.7715	approved	0				global known-rendering assignment; lexical score 0.62
19:18				6	אֶת	omits	unrendered-object-marker	safe	0.7612	approved	0				object marker; rests on 'children' → 'בְּנֵ֣י'
19:18	2	not		1	לֹֽא		global-review-known-rendering	safe	0.6786	approved	0				global known-rendering assignment; lexical score 0.53
19:18	20	the				expands	supplied-article	safe	0.7612	approved	0				article the original does not write; rests on 'children' → 'בְּנֵ֣י'
19:18	21	children		7	בְּנֵ֣י		global-review-known-rendering	safe	0.7612	approved	0				global known-rendering assignment; lexical score 0.61
19:18	22	of		8	עַמֶּ֔ךָ		attached-word	safe	0.5672	approved	0				Genitive of 'your'
19:18	23	your		8	עַמֶּ֔ךָ		attached-word	safe	0.6672	approved	0				PossessivePronoun of 'people'
19:18	24	people		8	עַמֶּ֔ךָ		global-review-known-rendering	safe	0.7672	approved	0				global known-rendering assignment; lexical score 0.62
19:18	27	love		10	אָֽהַבְתָּ֥		global-review-known-rendering	safe	0.5815	approved	0				global known-rendering assignment; lexical score 0.43
19:18	29	your		12	רֵעֲךָ֖		attached-word	safe	0.5938	approved	0				PossessivePronoun of 'neighbour'
19:18	30	neighbour		12	רֵעֲךָ֖		global-review-known-rendering	safe	0.6938	approved	0				global known-rendering assignment; lexical score 0.54
19:18	36	the				expands	supplied-article	safe	0.7286	approved	0				article the original does not write; rests on 'Lord' → 'יְהוָֽה'
19:18	37	Lord		15	יְהוָֽה		global-review-known-rendering	safe	0.7286	approved	0				global known-rendering assignment; lexical score 0.58
19:19				12	וּ	omits	unrendered-conjunction	safe	0.6615	approved	0				conjunction no word of the verse renders; rests on 'cloth' → 'בֶ֤גֶד'
19:19	1	Keep		3	תִּשְׁמֹרוּ֒		global-review-known-rendering	safe	0.5862	approved	0				global known-rendering assignment; lexical score 0.44
19:19	5	not		5	לֹא		global-review-known-rendering	safe	0.6786	approved	0				global known-rendering assignment; lexical score 0.53
19:19	18	not		9	לֹא		global-review-known-rendering	safe	0.6786	approved	0				global known-rendering assignment; lexical score 0.53
19:19	23	your		8	שָׂדְךָ֖		attached-word	safe	0.6594	approved	0				PossessivePronoun of 'field'
19:19	24	field		8	שָׂדְךָ֖		global-review-known-rendering	safe	0.7594	approved	0				global known-rendering assignment; lexical score 0.61
19:19	26	not		16	לֹ֥א		global-review-known-rendering	safe	0.6786	approved	0				global known-rendering assignment; lexical score 0.53
19:19	36	cloth		13	בֶ֤גֶד		global-review-known-rendering	safe	0.6615	approved	0				global known-rendering assignment; lexical score 0.51
19:20	3	man		2	אִישׁ		global-review-known-rendering	safe	0.6008	approved	0				global known-rendering assignment; lexical score 0.45
19:20	12	given		22	נִתַּן		global-review-known-rendering	safe	0.6916	approved	0				global known-rendering assignment; lexical score 0.54
19:20	19	a				expands	supplied-indefinite-article	safe	0.6008	approved	0				indefinite article; rests on 'man' → 'אִ֔ישׁ'
19:20	20	man		14	אִ֔ישׁ		global-review-known-rendering	safe	0.6008	approved	0				global known-rendering assignment; lexical score 0.45
19:20	23	not		17	לֹ֣א		global-review-known-rendering	safe	0.6786	approved	0				global known-rendering assignment; lexical score 0.53
19:20	55	woman		6	אִשָּׁ֜ה		global-review-known-rendering	safe	0.7226	approved	0				global known-rendering assignment; lexical score 0.57
19:21	9	the				expands	supplied-article	safe	0.7286	approved	0				article the original does not write; rests on 'Lord' → 'יהוָ֔ה'
19:21	10	Lord		6	יהוָ֔ה		global-review-known-rendering	safe	0.7286	approved	0				global known-rendering assignment; lexical score 0.58
19:21	12	the				expands	supplied-article	safe	0.6765	approved	0				article the original does not write; rests on 'door' → 'פֶּ֖תַח'
19:21	13	door		8	פֶּ֖תַח		global-review-known-rendering	safe	0.6765	approved	0				global known-rendering assignment; lexical score 0.53
19:21	14	of		9	אֹ֣הֶל		attached-word	safe	0.6308	approved	0				Genitive of 'Tent'
19:21	15	the				expands	supplied-article	safe	0.7308	approved	0				article the original does not write; rests on 'Tent' → 'אֹ֣הֶל'
19:21	16	Tent		9	אֹ֣הֶל		global-review-known-rendering	safe	0.7308	approved	0				global known-rendering assignment; lexical score 0.58
19:22	2	the		4	הַ		attached-word	safe	0.6905	approved	0				Article of 'priest'
19:22	3	priest		5	כֹּהֵ֜ן		global-review-known-rendering	safe	0.7905	approved	0				global known-rendering assignment; lexical score 0.64
19:22	7	his		14	חַטָּאתֹ֖ו		attached-word	safe	0.5138	approved	0				PossessivePronoun of 'sin'
19:22	8	sin		14	חַטָּאתֹ֖ו		global-review-known-rendering	safe	0.6137	approved	0				global known-rendering assignment; lexical score 0.46
19:22	9	before		11	פְנֵ֣י		global-review-known-rendering	safe	0.6584	approved	0				global known-rendering assignment; lexical score 0.51
19:22	10	the				expands	supplied-article	safe	0.7286	approved	0				article the original does not write; rests on 'Lord' → 'יְהוָ֔ה'
19:22	11	Lord		12	יְהוָ֔ה		global-review-known-rendering	safe	0.7286	approved	0				global known-rendering assignment; lexical score 0.58
19:22	15	which		15	אֲשֶׁ֣ר		global-review-known-rendering	safe	0.6686	approved	0				global known-rendering assignment; lexical score 0.52
19:22	27	the				expands	supplied-article	safe	0.6137	approved	0				article the original does not write; rests on 'sin' → 'חַטָּאתֹ֖ו'
19:22	28	sin		21	חַטָּאתֹ֖ו		global-review-known-rendering	safe	0.6137	approved	0				global known-rendering assignment; lexical score 0.46
19:22	29	which		22	אֲשֶׁ֥ר		global-review-known-rendering	safe	0.6686	approved	0				global known-rendering assignment; lexical score 0.52
19:23				15	אֶת	omits	unrendered-object-marker	safe	0.6601	approved	0				object marker; rests on 'fruit' → 'פִּרְיֹ֑ו'
19:23	5	come		3	תָבֹ֣אוּ		global-review-known-rendering	safe	0.5722	approved	0				global known-rendering assignment; lexical score 0.42
19:23	7	the		5	הָ		attached-word	safe	0.6252	approved	0				Article of 'land'
19:23	8	land		6	אָ֗רֶץ		global-review-known-rendering	safe	0.7252	approved	0				global known-rendering assignment; lexical score 0.58
19:23	13	all		9	כָּל		global-review-known-rendering	safe	0.7585	approved	0				global known-rendering assignment; lexical score 0.61
19:23	30	three		17	שָׁלֹ֣שׁ		global-review-known-rendering	safe	0.7755	approved	0				global known-rendering assignment; lexical score 0.63
19:23	31	years		18	שָׁנִ֗ים		global-review-known-rendering	safe	0.7655	approved	0				global known-rendering assignment; lexical score 0.62
19:23	33	fruit		16	פִּרְיֹ֑ו		global-review-known-rendering	safe	0.6601	approved	0				global known-rendering assignment; lexical score 0.51
19:23	35	not		22	לֹ֥א		global-review-known-rendering	safe	0.6786	approved	0				global known-rendering assignment; lexical score 0.53
19:24	3	the		5	הָ		attached-word	safe	0.5705	approved	0				Article of 'fourth'
19:24	4	fourth		6	רְבִיעִ֔ת		global-review-known-rendering	safe	0.6705	approved	0				global known-rendering assignment; lexical score 0.52
19:24	5	year		4	שָּׁנָה֙		global-review-known-rendering	safe	0.7702	approved	0				global known-rendering assignment; lexical score 0.62
19:24	6	all		8	כָּל		global-review-known-rendering	safe	0.7585	approved	0				global known-rendering assignment; lexical score 0.61
19:24	7	the				expands	supplied-article	safe	0.6601	approved	0				article the original does not write; rests on 'fruit' → 'פִּרְיֹ֑ו'
19:24	8	fruit		9	פִּרְיֹ֑ו		global-review-known-rendering	safe	0.6601	approved	0				global known-rendering assignment; lexical score 0.51
19:24	11	holy		10	קֹ֥דֶשׁ		global-review-known-rendering	safe	0.6642	approved	0				global known-rendering assignment; lexical score 0.51
19:24	16	the				expands	supplied-article	safe	0.7286	approved	0				article the original does not write; rests on 'Lord' → 'יהוָֽה'
19:24	17	Lord		13	יהוָֽה		global-review-known-rendering	safe	0.7286	approved	0				global known-rendering assignment; lexical score 0.58
19:25				8	אֶת	omits	unrendered-object-marker	safe	0.6601	approved	0				object marker; rests on 'fruit' → 'פִּרְיֹ֔ו'
19:25	3	the		5	הַ		attached-word	safe	0.61	approved	0				Article of 'fifth'
19:25	4	fifth		6	חֲמִישִׁ֗ת		global-review-known-rendering	safe	0.71	approved	0				global known-rendering assignment; lexical score 0.56
19:25	5	year		4	שָּׁנָ֣ה		global-review-known-rendering	safe	0.7702	approved	0				global known-rendering assignment; lexical score 0.62
19:25	9	the				expands	supplied-article	safe	0.6601	approved	0				article the original does not write; rests on 'fruit' → 'פִּרְיֹ֔ו'
19:25	10	fruit		9	פִּרְיֹ֔ו		global-review-known-rendering	safe	0.6601	approved	0				global known-rendering assignment; lexical score 0.51
19:25	21	the				expands	supplied-article	safe	0.7286	approved	0				article the original does not write; rests on 'Lord' → 'יְהוָ֥ה'
19:25	22	Lord		15	יְהוָ֥ה		global-review-known-rendering	safe	0.7286	approved	0				global known-rendering assignment; lexical score 0.58
19:25	23	your		16	אֱלֹהֵיכֶֽם		attached-word	safe	0.5916	approved	0				PossessivePronoun of 'God'
19:25	24	God		16	אֱלֹהֵיכֶֽם		global-review-known-rendering	safe	0.6916	approved	0				global known-rendering assignment; lexical score 0.54
19:26				4	הַ	omits	unrendered-article	safe	0.7563	approved	0				article no the of the verse renders; rests on 'blood' → 'דָּ֑ם'
19:26	9	blood		5	דָּ֑ם		global-review-known-rendering	safe	0.7563	approved	0				global known-rendering assignment; lexical score 0.61
19:26	14	not		6	לֹ֥א		global-review-known-rendering	safe	0.6786	approved	0				global known-rendering assignment; lexical score 0.53
19:27	14	not		6	לֹ֣א		global-review-known-rendering	safe	0.6786	approved	0				global known-rendering assignment; lexical score 0.53
19:28	3	not		5	לֹ֤א		global-review-known-rendering	safe	0.6786	approved	0				global known-rendering assignment; lexical score 0.53
19:28	7	your		8	בְשַׂרְכֶ֔ם		attached-word	safe	0.6505	approved	0				PossessivePronoun of 'flesh'
19:28	8	flesh		8	בְשַׂרְכֶ֔ם		global-review-known-rendering	safe	0.7505	approved	0				global known-rendering assignment; lexical score 0.60
19:28	23	the				expands	supplied-article	safe	0.7286	approved	0				article the original does not write; rests on 'Lord' → 'יְהוָֽה'
19:28	24	Lord		16	יְהוָֽה		global-review-known-rendering	safe	0.7286	approved	0				global known-rendering assignment; lexical score 0.58
19:29				3	אֶֽת	omits	unrendered-object-marker	safe	0.7734	approved	0				object marker; rests on 'daughter' → 'בִּתְּךָ֖'
19:29				7	וְ	omits	unrendered-conjunction	safe	0.6786	approved	0				conjunction no word of the verse renders; rests on 'not' → 'לֹא'
19:29	2	not		8	לֹא		global-review-known-rendering	safe	0.6786	approved	0				global known-rendering assignment; lexical score 0.53
19:29	4	your		4	בִּתְּךָ֖		attached-word	safe	0.6734	approved	0				PossessivePronoun of 'daughter'
19:29	5	daughter		4	בִּתְּךָ֖		global-review-known-rendering	safe	0.7734	approved	0				global known-rendering assignment; lexical score 0.62
19:29	17	the		10	הָ		attached-word	safe	0.6252	approved	0				Article of 'land'
19:29	18	land		11	אָ֔רֶץ		global-review-known-rendering	safe	0.7252	approved	0				global known-rendering assignment; lexical score 0.58
19:30				1	אֶת	omits	unrendered-object-marker	safe	0.7735	approved	0				object marker; rests on 'Sabbaths' → 'שַׁבְּתֹתַ֣י'
19:30	1	Keep		3	תִּשְׁמֹ֔רוּ		global-review-known-rendering	safe	0.5862	approved	0				global known-rendering assignment; lexical score 0.44
19:30	2	my		2	שַׁבְּתֹתַ֣י		attached-word	safe	0.6735	approved	0				PossessivePronoun of 'Sabbaths'
19:30	3	Sabbaths		2	שַׁבְּתֹתַ֣י		global-review-known-rendering	safe	0.7735	approved	0				global known-rendering assignment; lexical score 0.62
19:30	13	the				expands	supplied-article	safe	0.7286	approved	0				article the original does not write; rests on 'Lord' → 'יְהוָֽה'
19:30	14	Lord		8	יְהוָֽה		global-review-known-rendering	safe	0.7286	approved	0				global known-rendering assignment; lexical score 0.58
19:31	26	the				expands	supplied-article	safe	0.7286	approved	0				article the original does not write; rests on 'Lord' → 'יְהוָ֥ה'
19:31	27	Lord		16	יְהוָ֥ה		global-review-known-rendering	safe	0.7286	approved	0				global known-rendering assignment; lexical score 0.58
19:31	28	your		17	אֱלֹהֵיכֶֽם		attached-word	safe	0.5916	approved	0				PossessivePronoun of 'God'
19:31	29	God		17	אֱלֹהֵיכֶֽם		global-review-known-rendering	safe	0.6916	approved	0				global known-rendering assignment; lexical score 0.54
19:32	6	before		2	פְּנֵ֤י		global-review-known-rendering	safe	0.6584	approved	0				global known-rendering assignment; lexical score 0.51
19:32	20	your		12	אֱלֹהֶ֖יךָ		attached-word	safe	0.5916	approved	0				PossessivePronoun of 'God'
19:32	21	God		12	אֱלֹהֶ֖יךָ		global-review-known-rendering	safe	0.6916	approved	0				global known-rendering assignment; lexical score 0.54
19:32	23	before		7	פְּנֵ֣י		global-review-known-rendering	safe	0.6584	approved	0				global known-rendering assignment; lexical score 0.51
19:32	27	the				expands	supplied-article	safe	0.7286	approved	0				article the original does not write; rests on 'Lord' → 'יְהוָֽה'
19:32	28	Lord		14	יְהוָֽה		global-review-known-rendering	safe	0.7286	approved	0				global known-rendering assignment; lexical score 0.58
19:33	11	your		7	אַרְצְכֶ֑ם		attached-word	safe	0.6252	approved	0				PossessivePronoun of 'land'
19:33	12	land		7	אַרְצְכֶ֑ם		global-review-known-rendering	safe	0.7252	approved	0				global known-rendering assignment; lexical score 0.58
19:33	16	not		8	לֹ֥א		global-review-known-rendering	safe	0.6786	approved	0				global known-rendering assignment; lexical score 0.53
19:34	13	love		12	אָהַבְתָּ֥		global-review-known-rendering	safe	0.5815	approved	0				global known-rendering assignment; lexical score 0.43
19:34	28	the				expands	supplied-article	safe	0.7252	approved	0				article the original does not write; rests on 'land' → 'אֶ֣רֶץ'
19:34	29	land		19	אֶ֣רֶץ		global-review-known-rendering	safe	0.7252	approved	0				global known-rendering assignment; lexical score 0.58
19:34	30	of		20	מִצְרָ֑יִם		attached-word	safe	0.633	approved	0				Genitive of 'Egypt'
19:34	31	Egypt		20	מִצְרָ֑יִם		global-review-known-rendering	safe	0.733	approved	0				global known-rendering assignment; lexical score 0.58
19:34	34	the				expands	supplied-article	safe	0.7286	approved	0				article the original does not write; rests on 'Lord' → 'יְהוָ֥ה'
19:34	35	Lord		22	יְהוָ֥ה		global-review-known-rendering	safe	0.7286	approved	0				global known-rendering assignment; lexical score 0.58
19:34	36	your		23	אֱלֹהֵיכֶֽם		attached-word	safe	0.5916	approved	0				PossessivePronoun of 'God'
19:34	37	God		23	אֱלֹהֵיכֶֽם		global-review-known-rendering	safe	0.6916	approved	0				global known-rendering assignment; lexical score 0.54
19:35	2	not		1	לֹא		global-review-known-rendering	safe	0.6786	approved	0				global known-rendering assignment; lexical score 0.53
19:36	5	weights		3	אַבְנֵי		global-review-known-rendering	safe	0.8	approved	0				global known-rendering assignment; lexical score 0.65
19:36	13	the				expands	supplied-article	safe	0.7286	approved	0				article the original does not write; rests on 'Lord' → 'יְהוָ֣ה'
19:36	14	Lord		13	יְהוָ֣ה		global-review-known-rendering	safe	0.7286	approved	0				global known-rendering assignment; lexical score 0.58
19:36	15	your		14	אֱלֹֽהֵיכֶ֔ם		attached-word	safe	0.5916	approved	0				PossessivePronoun of 'God'
19:36	16	God		14	אֱלֹֽהֵיכֶ֔ם		global-review-known-rendering	safe	0.6916	approved	0				global known-rendering assignment; lexical score 0.54
19:36	22	the				expands	supplied-article	safe	0.7252	approved	0				article the original does not write; rests on 'land' → 'אֶ֥רֶץ'
19:36	23	land		19	אֶ֥רֶץ		global-review-known-rendering	safe	0.7252	approved	0				global known-rendering assignment; lexical score 0.58
19:36	24	of		20	מִצְרָֽיִם		attached-word	safe	0.633	approved	0				Genitive of 'Egypt'
19:36	25	Egypt		20	מִצְרָֽיִם		global-review-known-rendering	safe	0.733	approved	0				global known-rendering assignment; lexical score 0.58
19:37				3	אֶת	omits	unrendered-object-marker	safe	0.7585	approved	0				object marker; rests on 'all' → 'כָּל'
19:37	4	keep		2	שְׁמַרְתֶּ֤ם		global-review-known-rendering	safe	0.5862	approved	0				global known-rendering assignment; lexical score 0.44
19:37	5	all		4	כָּל		global-review-known-rendering	safe	0.7585	approved	0				global known-rendering assignment; lexical score 0.61
19:37	12	do		11	עֲשִׂיתֶ֖ם		global-review-known-rendering	safe	0.6285	approved	0				global known-rendering assignment; lexical score 0.48
19:37	16	the				expands	supplied-article	safe	0.7286	approved	0				article the original does not write; rests on 'Lord' → 'יְהוָֽה'
19:37	17	Lord		14	יְהוָֽה		global-review-known-rendering	safe	0.7286	approved	0				global known-rendering assignment; lexical score 0.58
20:1	2	the				expands	supplied-article	safe	0.7288	approved	0				article the original does not write; rests on 'Lord' → 'יְהוָ֖ה'
20:1	3	Lord		3	יְהוָ֖ה		global-review-known-rendering	safe	0.7288	approved	0				global known-rendering assignment; lexical score 0.58
20:1	4	said		7	אמֹֽר		global-review-known-rendering	safe	0.777	approved	0				global known-rendering assignment; lexical score 0.63
20:1	6	Moses		5	מֹשֶׁ֥ה		global-review-known-rendering	safe	0.7976	approved	0				global known-rendering assignment; lexical score 0.65
20:2	2	say		5	תֹּאמַר֒		global-review-known-rendering	safe	0.7661	approved	0				global known-rendering assignment; lexical score 0.62
20:2	4	the				expands	supplied-article	safe	0.7615	approved	0				article the original does not write; rests on 'children' → 'בְּנֵ֣י'
20:2	5	children		3	בְּנֵ֣י		global-review-known-rendering	safe	0.7615	approved	0				global known-rendering assignment; lexical score 0.61
20:2	6	of		4	יִשְׂרָאֵל֮		attached-word	safe	0.6858	approved	0				Genitive of 'Israel'
20:2	7	Israel		4	יִשְׂרָאֵל֮		global-review-known-rendering	safe	0.7858	approved	0				global known-rendering assignment; lexical score 0.64
20:2	10	man		6	אִ֣ישׁ		global-review-known-rendering	safe	0.5994	approved	0				global known-rendering assignment; lexical score 0.45
20:2	12	the				expands	supplied-article	safe	0.7615	approved	0				article the original does not write; rests on 'children' → 'בְּנֵ֨י'
20:2	13	children		9	בְּנֵ֨י		global-review-known-rendering	safe	0.7615	approved	0				global known-rendering assignment; lexical score 0.61
20:2	14	of		10	יִשְׂרָאֵ֜ל		attached-word	safe	0.6858	approved	0				Genitive of 'Israel'
20:2	15	Israel		10	יִשְׂרָאֵ֜ל		global-review-known-rendering	safe	0.7858	approved	0				global known-rendering assignment; lexical score 0.64
20:2	19	man		7	אִישׁ֩		global-review-known-rendering	safe	0.5994	approved	0				global known-rendering assignment; lexical score 0.45
20:2	22	Israel		18	יִשְׂרָאֵ֗ל		global-review-known-rendering	safe	0.7858	approved	0				global known-rendering assignment; lexical score 0.64
20:2	23	gives		20	יִתֵּ֧ן		global-review-known-rendering	safe	0.6532	approved	0				global known-rendering assignment; lexical score 0.50
20:2	42	the				expands	supplied-article	safe	0.7671	approved	0				article the original does not write; rests on 'people' → 'עַ֥ם'
20:2	43	people		28	עַ֥ם		global-review-known-rendering	safe	0.7671	approved	0				global known-rendering assignment; lexical score 0.62
20:2	44	of		30	אָ֖רֶץ		attached-word	safe	0.6253	approved	0				Genitive of 'land'
20:2	45	the		29	הָ		attached-word	safe	0.6253	approved	0				Article of 'land'
20:2	46	land		30	אָ֖רֶץ		global-review-known-rendering	safe	0.7253	approved	0				global known-rendering assignment; lexical score 0.58
20:3				4	אֶת	omits	unrendered-object-marker	safe	0.7387	approved	0				object marker; rests on 'face' → 'פָּנַי֙'
20:3				7		omits	unrendered-article	safe	0.5994	approved	0				article no the of the verse renders; rests on 'man' → 'אִ֣ישׁ'
20:3				31	אֶת	omits	unrendered-object-marker	safe	0.7895	approved	0				object marker; rests on 'name' → 'שֵׁ֥ם'
20:3	2	my		5	פָּנַי֙		attached-word	safe	0.6387	approved	0				PossessivePronoun of 'face'
20:3	3	face		5	פָּנַי֙		global-review-known-rendering	safe	0.7387	approved	0				global known-rendering assignment; lexical score 0.59
20:3	9	man		8	אִ֣ישׁ		global-review-known-rendering	safe	0.5994	approved	0				global known-rendering assignment; lexical score 0.45
20:3	14	cut		12	הִכְרַתִּ֥י		global-review-known-rendering	safe	0.5819	approved	0				global known-rendering assignment; lexical score 0.43
20:3	17	his		16	עַמֹּ֑ו		attached-word	safe	0.6671	approved	0				PossessivePronoun of 'people'
20:3	18	people		16	עַמֹּ֑ו		global-review-known-rendering	safe	0.7671	approved	0				global known-rendering assignment; lexical score 0.62
20:3	22	given		20	נָתַ֣ן		global-review-known-rendering	safe	0.6916	approved	0				global known-rendering assignment; lexical score 0.54
20:3	34	my		33	קָדְשִֽׁי		attached-word	safe	0.5649	approved	0				PossessivePronoun of 'holy'
20:3	35	holy		33	קָדְשִֽׁי		global-review-known-rendering	safe	0.6649	approved	0				global known-rendering assignment; lexical score 0.51
20:3	36	name		32	שֵׁ֥ם		global-review-known-rendering	safe	0.7895	approved	0				global known-rendering assignment; lexical score 0.64
20:4	2	if		2	אִ֡ם		global-review-known-rendering	safe	0.6434	approved	0				global known-rendering assignment; lexical score 0.49
20:4	3	the				expands	supplied-article	safe	0.7671	approved	0				article the original does not write; rests on 'people' → 'עַ֨ם'
20:4	4	people		5	עַ֨ם		global-review-known-rendering	safe	0.7671	approved	0				global known-rendering assignment; lexical score 0.62
20:4	5	of		7	אָ֜רֶץ		attached-word	safe	0.6253	approved	0				Genitive of 'land'
20:4	6	the		6	הָ		attached-word	safe	0.6253	approved	0				Article of 'land'
20:4	7	land		7	אָ֜רֶץ		global-review-known-rendering	safe	0.7253	approved	0				global known-rendering assignment; lexical score 0.58
20:4	14	man		12	אִ֣ישׁ		global-review-known-rendering	safe	0.5994	approved	0				global known-rendering assignment; lexical score 0.45
20:4	17	gives		16	תִתֹּ֥ו		global-review-known-rendering	safe	0.6532	approved	0				global known-rendering assignment; lexical score 0.50
20:5				4	אֶת	omits	unrendered-object-marker	safe	0.7387	approved	0				object marker; rests on 'face' → 'פָּנַ֛י'
20:5				18	אֵ֣ת	omits	unrendered-object-marker	safe	0.7583	approved	0				object marker; rests on 'all' → 'כָּל'
20:5	2	my		5	פָּנַ֛י		attached-word	safe	0.6387	approved	0				PossessivePronoun of 'face'
20:5	3	face		5	פָּנַ֛י		global-review-known-rendering	safe	0.7387	approved	0				global known-rendering assignment; lexical score 0.59
20:5	10	his		13	מִשְׁפַּחְתֹּ֑ו		attached-word	safe	0.6533	approved	0				PossessivePronoun of 'family'
20:5	11	family		13	מִשְׁפַּחְתֹּ֑ו		global-review-known-rendering	safe	0.7533	approved	0				global known-rendering assignment; lexical score 0.60
20:5	15	all		19	כָּל		global-review-known-rendering	safe	0.7583	approved	0				global known-rendering assignment; lexical score 0.61
20:5	24	cut		15	הִכְרַתִּ֨י		global-review-known-rendering	safe	0.5819	approved	0				global known-rendering assignment; lexical score 0.43
20:5	28	their		30	עַמָּֽם		attached-word	safe	0.6671	approved	0				PossessivePronoun of 'people'
20:5	29	people		30	עַמָּֽם		global-review-known-rendering	safe	0.7671	approved	0				global known-rendering assignment; lexical score 0.62
20:6				18	אֶת	omits	unrendered-object-marker	safe	0.7387	approved	0				object marker; rests on 'face' → 'פָּנַי֙'
20:6	4	after		15	אַחֲרֵיהֶ֑ם		global-review-known-rendering	safe	0.5891	approved	0				global known-rendering assignment; lexical score 0.44
20:6	20	my		19	פָּנַי֙		attached-word	safe	0.6387	approved	0				PossessivePronoun of 'face'
20:6	21	face		19	פָּנַי֙		global-review-known-rendering	safe	0.7387	approved	0				global known-rendering assignment; lexical score 0.59
20:6	28	cut		26	הִכְרַתִּ֥י		global-review-known-rendering	safe	0.5819	approved	0				global known-rendering assignment; lexical score 0.43
20:6	32	his		30	עַמֹּֽו		attached-word	safe	0.6671	approved	0				PossessivePronoun of 'people'
20:6	33	people		30	עַמֹּֽו		global-review-known-rendering	safe	0.7671	approved	0				global known-rendering assignment; lexical score 0.62
20:7	12	your		9	אֱלֹהֵיכֶֽם		attached-word	safe	0.5915	approved	0				PossessivePronoun of 'God'
20:7	13	God		9	אֱלֹהֵיכֶֽם		global-review-known-rendering	safe	0.6915	approved	0				global known-rendering assignment; lexical score 0.54
20:8	2	keep		2	שְׁמַרְתֶּם֙		global-review-known-rendering	safe	0.5882	approved	0				global known-rendering assignment; lexical score 0.44
20:8	6	do		6	עֲשִׂיתֶ֖ם		global-review-known-rendering	safe	0.6288	approved	0				global known-rendering assignment; lexical score 0.48
20:8	10	the				expands	supplied-article	safe	0.7288	approved	0				article the original does not write; rests on 'Lord' → 'יְהוָ֖ה'
20:8	11	Lord		9	יְהוָ֖ה		global-review-known-rendering	safe	0.7288	approved	0				global known-rendering assignment; lexical score 0.58
20:9				6	אֶת	omits	unrendered-object-marker	safe	0.7634	approved	0				object marker; rests on 'father' → 'אָבִ֛יו'
20:9				9	אֶת	omits	unrendered-object-marker	safe	0.7591	approved	0				object marker; rests on 'mother' → 'אִמֹּ֖ו'
20:9	2	man		3	אִ֗ישׁ		global-review-known-rendering	safe	0.5994	approved	0				global known-rendering assignment; lexical score 0.45
20:9	4	his		7	אָבִ֛יו		attached-word	safe	0.6634	approved	0				PossessivePronoun of 'father'
20:9	5	father		7	אָבִ֛יו		global-review-known-rendering	safe	0.7634	approved	0				global known-rendering assignment; lexical score 0.61
20:9	7	his		10	אִמֹּ֖ו		attached-word	safe	0.6591	approved	0				PossessivePronoun of 'mother'
20:9	8	mother		10	אִמֹּ֖ו		global-review-known-rendering	safe	0.7591	approved	0				global known-rendering assignment; lexical score 0.61
20:9	21	his		13	אָבִ֧יו		attached-word	safe	0.6634	approved	0				PossessivePronoun of 'father'
20:9	22	father		13	אָבִ֧יו		global-review-known-rendering	safe	0.7634	approved	0				global known-rendering assignment; lexical score 0.61
20:9	24	his		15	אִמֹּ֛ו		attached-word	safe	0.6591	approved	0				PossessivePronoun of 'mother'
20:9	25	mother		15	אִמֹּ֛ו		global-review-known-rendering	safe	0.7591	approved	0				global known-rendering assignment; lexical score 0.61
20:9	26	his		17	דָּמָ֥יו		attached-word	safe	0.6557	approved	0				PossessivePronoun of 'blood'
20:9	27	blood		17	דָּמָ֥יו		global-review-known-rendering	safe	0.7557	approved	0				global known-rendering assignment; lexical score 0.61
20:10	3	a				expands	supplied-indefinite-article	safe	0.5994	approved	0				indefinite article; rests on 'man' → 'אִ֗ישׁ'
20:10	4	man		2	אִ֗ישׁ		global-review-known-rendering	safe	0.5994	approved	0				global known-rendering assignment; lexical score 0.45
20:10	10	man's		7	אִ֔ישׁ		global-review-known-rendering	safe	0.5724	approved	0				global known-rendering assignment; lexical score 0.42
20:10	11	wife		6	אֵ֣שֶׁת		global-review-known-rendering	safe	0.7838	approved	0				global known-rendering assignment; lexical score 0.63
20:10	13	the				expands	supplied-article	safe	0.7838	approved	0				article the original does not write; rests on 'wife' → 'אֵ֣שֶׁת'
20:10	14	wife		11	אֵ֣שֶׁת		global-review-known-rendering	safe	0.7838	approved	0				global known-rendering assignment; lexical score 0.63
20:10	15	of		12	רֵעֵ֑הוּ		attached-word	safe	0.4935	approved	0				Genitive of 'his'
20:10	16	his		12	רֵעֵ֑הוּ		attached-word	safe	0.5935	approved	0				PossessivePronoun of 'neighbour'
20:10	17	neighbour		12	רֵעֵ֑הוּ		global-review-known-rendering	safe	0.6935	approved	0				global known-rendering assignment; lexical score 0.54
20:11	2	the				expands	supplied-article	safe	0.5994	approved	0				article the original does not write; rests on 'man' → 'אִ֗ישׁ'
20:11	3	man		2	אִ֗ישׁ		global-review-known-rendering	safe	0.5994	approved	0				global known-rendering assignment; lexical score 0.45
20:11	9	his		7	אָבִ֔יו		attached-word	safe	0.6389	approved	0				PossessivePronoun of 'father's'
20:11	10	father's		7	אָבִ֔יו		global-review-known-rendering	safe	0.7389	approved	0				global known-rendering assignment; lexical score 0.59
20:11	11	wife		6	אֵ֣שֶׁת		global-review-known-rendering	safe	0.7838	approved	0				global known-rendering assignment; lexical score 0.63
20:11	16	his		9	אָבִ֖יו		attached-word	safe	0.6634	approved	0				PossessivePronoun of 'father'
20:11	17	father		9	אָבִ֖יו		global-review-known-rendering	safe	0.7634	approved	0				global known-rendering assignment; lexical score 0.61
20:11	18	the				expands	supplied-article	safe	0.688	approved	0				article the original does not write; rests on 'two' → 'שְׁנֵיהֶ֖ם'
20:11	19	two		13	שְׁנֵיהֶ֖ם		global-review-known-rendering	safe	0.688	approved	0				global known-rendering assignment; lexical score 0.54
20:11	28	their		14	דְּמֵיהֶ֥ם		attached-word	safe	0.6557	approved	0				PossessivePronoun of 'blood'
20:11	29	blood		14	דְּמֵיהֶ֥ם		global-review-known-rendering	safe	0.7557	approved	0				global known-rendering assignment; lexical score 0.61
20:12	3	a				expands	supplied-indefinite-article	safe	0.5994	approved	0				indefinite article; rests on 'man' → 'אִ֗ישׁ'
20:12	4	man		2	אִ֗ישׁ		global-review-known-rendering	safe	0.5994	approved	0				global known-rendering assignment; lexical score 0.45
20:12	12	the				expands	supplied-article	safe	0.688	approved	0				article the original does not write; rests on 'two' → 'שְׁנֵיהֶ֑ם'
20:12	13	two		9	שְׁנֵיהֶ֑ם		global-review-known-rendering	safe	0.688	approved	0				global known-rendering assignment; lexical score 0.54
20:12	25	their		12	דְּמֵיהֶ֥ם		attached-word	safe	0.6557	approved	0				PossessivePronoun of 'blood'
20:12	26	blood		12	דְּמֵיהֶ֥ם		global-review-known-rendering	safe	0.7557	approved	0				global known-rendering assignment; lexical score 0.61
20:13	3	a				expands	supplied-indefinite-article	safe	0.5994	approved	0				indefinite article; rests on 'man' → 'אִ֗ישׁ'
20:13	4	man		2	אִ֗ישׁ		global-review-known-rendering	safe	0.5994	approved	0				global known-rendering assignment; lexical score 0.45
20:13	11	the				expands	supplied-article	safe	0.688	approved	0				article the original does not write; rests on 'two' → 'שְׁנֵיהֶ֑ם'
20:13	12	two		11	שְׁנֵיהֶ֑ם		global-review-known-rendering	safe	0.688	approved	0				global known-rendering assignment; lexical score 0.54
20:13	16	done		10	עָשׂ֖וּ		global-review-known-rendering	safe	0.6989	approved	0				global known-rendering assignment; lexical score 0.55
20:13	26	their		14	דְּמֵיהֶ֥ם		attached-word	safe	0.6557	approved	0				PossessivePronoun of 'blood'
20:13	27	blood		14	דְּמֵיהֶ֥ם		global-review-known-rendering	safe	0.7557	approved	0				global known-rendering assignment; lexical score 0.61
20:14				5	אֶת	omits	unrendered-object-marker	safe	0.7838	approved	0				object marker; rests on 'wife' → 'אִשָּׁ֛ה'
20:14				8	אֶת	omits	unrendered-object-marker	safe	0.7591	approved	0				object marker; rests on 'mother' → 'אִמָּ֖הּ'
20:14				13		omits	unrendered-article	safe	0.6971	approved	0				article no the of the verse renders; rests on 'fire' → 'אֵ֞שׁ'
20:14	3	a				expands	supplied-indefinite-article	safe	0.5994	approved	0				indefinite article; rests on 'man' → 'אִ֗ישׁ'
20:14	4	man		2	אִ֗ישׁ		global-review-known-rendering	safe	0.5994	approved	0				global known-rendering assignment; lexical score 0.45
20:14	7	wife		6	אִשָּׁ֛ה		global-review-known-rendering	safe	0.7838	approved	0				global known-rendering assignment; lexical score 0.63
20:14	11	her		9	אִמָּ֖הּ		attached-word	safe	0.6591	approved	0				PossessivePronoun of 'mother'
20:14	12	mother		9	אִמָּ֖הּ		global-review-known-rendering	safe	0.7591	approved	0				global known-rendering assignment; lexical score 0.61
20:14	24	fire		14	אֵ֞שׁ		global-review-known-rendering	safe	0.6971	approved	0				global known-rendering assignment; lexical score 0.55
20:15				11	אֶת	omits	unrendered-object-marker	safe	0.628	approved	0				object marker; rests on 'beast' → 'בְּהֵמָ֖ה'
20:15	3	a				expands	supplied-indefinite-article	safe	0.5994	approved	0				indefinite article; rests on 'man' → 'אִ֗ישׁ'
20:15	4	man		2	אִ֗ישׁ		global-review-known-rendering	safe	0.5994	approved	0				global known-rendering assignment; lexical score 0.45
20:15	9	a				expands	supplied-indefinite-article	safe	0.628	approved	0				indefinite article; rests on 'beast' → 'בְהֵמָ֖ה'
20:15	10	beast		7	בְהֵמָ֖ה		global-review-known-rendering	safe	0.628	approved	0				global known-rendering assignment; lexical score 0.48
20:15	19	the		12	הַ		attached-word	safe	0.528	approved	0				Article of 'beast'
20:15	20	beast		13	בְּהֵמָ֖ה		global-review-known-rendering	safe	0.628	approved	0				global known-rendering assignment; lexical score 0.48
20:16				13	אֶת	omits	unrendered-object-marker	safe	0.7213	approved	0				object marker; rests on 'woman' → 'אִשָּׁ֖ה'
20:16				17	אֶת	omits	unrendered-object-marker	safe	0.628	approved	0				object marker; rests on 'beast' → 'בְּהֵמָ֑ה'
20:16	3	a				expands	supplied-indefinite-article	safe	0.7213	approved	0				indefinite article; rests on 'woman' → 'אִשָּׁ֗ה'
20:16	4	woman		2	אִשָּׁ֗ה		global-review-known-rendering	safe	0.7213	approved	0				global known-rendering assignment; lexical score 0.57
20:16	7	a				expands	supplied-indefinite-article	safe	0.628	approved	0				indefinite article; rests on 'beast' → 'בְּהֵמָה֙'
20:16	8	beast		7	בְּהֵמָה֙		global-review-known-rendering	safe	0.628	approved	0				global known-rendering assignment; lexical score 0.48
20:16	21	the		14	הָ		attached-word	safe	0.6213	approved	0				Article of 'woman'
20:16	22	woman		15	אִשָּׁ֖ה		global-review-known-rendering	safe	0.7213	approved	0				global known-rendering assignment; lexical score 0.57
20:16	24	the		18	הַ		attached-word	safe	0.528	approved	0				Article of 'beast'
20:16	25	beast		19	בְּהֵמָ֑ה		global-review-known-rendering	safe	0.628	approved	0				global known-rendering assignment; lexical score 0.48
20:16	26	their		22	דְּמֵיהֶ֥ם		attached-word	safe	0.6557	approved	0				PossessivePronoun of 'blood'
20:16	27	blood		22	דְּמֵיהֶ֥ם		global-review-known-rendering	safe	0.7557	approved	0				global known-rendering assignment; lexical score 0.61
20:17				5	אֶת	omits	unrendered-object-marker	safe	0.7848	approved	0				object marker; rests on 'sister' → 'אֲחֹתֹ֡ו'
20:17	3	a				expands	supplied-indefinite-article	safe	0.5994	approved	0				indefinite article; rests on 'man' → 'אִ֣ישׁ'
20:17	4	man		2	אִ֣ישׁ		global-review-known-rendering	safe	0.5994	approved	0				global known-rendering assignment; lexical score 0.45
20:17	6	his		6	אֲחֹתֹ֡ו		attached-word	safe	0.6848	approved	0				PossessivePronoun of 'sister'
20:17	7	sister		6	אֲחֹתֹ֡ו		global-review-known-rendering	safe	0.7848	approved	0				global known-rendering assignment; lexical score 0.63
20:17	8	daughter		7	בַּת		global-review-known-rendering	safe	0.7748	approved	0				global known-rendering assignment; lexical score 0.62
20:17	9	of		8	אָבִ֣יו		attached-word	safe	0.5634	approved	0				Genitive of 'his'
20:17	10	his		8	אָבִ֣יו		attached-word	safe	0.6634	approved	0				PossessivePronoun of 'father'
20:17	11	father		8	אָבִ֣יו		global-review-known-rendering	safe	0.7634	approved	0				global known-rendering assignment; lexical score 0.61
20:17	13	his		11	אִ֠מֹּו		attached-word	safe	0.6591	approved	0				PossessivePronoun of 'mother'
20:17	14	mother		11	אִ֠מֹּו		global-review-known-rendering	safe	0.7591	approved	0				global known-rendering assignment; lexical score 0.61
20:17	35	cut		24	נִ֨כְרְת֔וּ		global-review-known-rendering	safe	0.5819	approved	0				global known-rendering assignment; lexical score 0.43
20:17	38	the				expands	supplied-article	safe	0.7615	approved	0				article the original does not write; rests on 'children' → 'בְּנֵ֣י'
20:17	39	children		27	בְּנֵ֣י		global-review-known-rendering	safe	0.7615	approved	0				global known-rendering assignment; lexical score 0.61
20:17	40	of		28	עַמָּ֑ם		attached-word	safe	0.5671	approved	0				Genitive of 'their'
20:17	41	their		28	עַמָּ֑ם		attached-word	safe	0.6671	approved	0				PossessivePronoun of 'people'
20:17	42	people		28	עַמָּ֑ם		global-review-known-rendering	safe	0.7671	approved	0				global known-rendering assignment; lexical score 0.62
20:17	49	his		30	אֲחֹתֹ֛ו		attached-word	safe	0.6848	approved	0				PossessivePronoun of 'sister'
20:17	50	sister		30	אֲחֹתֹ֛ו		global-review-known-rendering	safe	0.7848	approved	0				global known-rendering assignment; lexical score 0.63
20:18	3	a				expands	supplied-indefinite-article	safe	0.5994	approved	0				indefinite article; rests on 'man' → 'אִישׁ'
20:18	4	man		2	אִישׁ		global-review-known-rendering	safe	0.5994	approved	0				global known-rendering assignment; lexical score 0.45
20:18	9	a				expands	supplied-indefinite-article	safe	0.7213	approved	0				indefinite article; rests on 'woman' → 'אִשָּׁ֜ה'
20:18	10	woman		6	אִשָּׁ֜ה		global-review-known-rendering	safe	0.7213	approved	0				global known-rendering assignment; lexical score 0.57
20:18	29	of		20	דָּמֶ֑יהָ		attached-word	safe	0.5557	approved	0				Genitive of 'her'
20:18	30	her		20	דָּמֶ֑יהָ		attached-word	safe	0.6557	approved	0				PossessivePronoun of 'blood'
20:18	31	blood		20	דָּמֶ֑יהָ		global-review-known-rendering	safe	0.7557	approved	0				global known-rendering assignment; lexical score 0.61
20:18	33	uncovered		17	גִּלְּתָ֖ה		global-review-known-rendering	safe	0.6	approved	0				global known-rendering assignment; lexical score 0.45
20:18	35	the				expands	supplied-article	safe	0.688	approved	0				article the original does not write; rests on 'two' → 'שְׁנֵיהֶ֖ם'
20:18	36	two		23	שְׁנֵיהֶ֖ם		global-review-known-rendering	safe	0.688	approved	0				global known-rendering assignment; lexical score 0.54
20:18	42	cut		22	נִכְרְת֥וּ		global-review-known-rendering	safe	0.5819	approved	0				global known-rendering assignment; lexical score 0.43
20:18	46	their		26	עַמָּֽם		attached-word	safe	0.6671	approved	0				PossessivePronoun of 'people'
20:18	47	people		26	עַמָּֽם		global-review-known-rendering	safe	0.7671	approved	0				global known-rendering assignment; lexical score 0.62
20:19	4	not		8	לֹ֣א		global-review-known-rendering	safe	0.679	approved	0				global known-rendering assignment; lexical score 0.53
20:19	9	your		4	אִמְּךָ֛		attached-word	safe	0.6862	approved	0				PossessivePronoun of 'mother's'
20:19	10	mother's		4	אִמְּךָ֛		global-review-known-rendering	safe	0.7862	approved	0				global known-rendering assignment; lexical score 0.64
20:19	11	sister		3	אֲחֹ֧ות		global-review-known-rendering	safe	0.7848	approved	0				global known-rendering assignment; lexical score 0.63
20:19	13	your		7	אָבִ֖יךָ		attached-word	safe	0.6389	approved	0				PossessivePronoun of 'father's'
20:19	14	father's		7	אָבִ֖יךָ		global-review-known-rendering	safe	0.7389	approved	0				global known-rendering assignment; lexical score 0.59
20:19	15	sister		6	אֲחֹ֥ות		global-review-known-rendering	safe	0.7848	approved	0				global known-rendering assignment; lexical score 0.63
20:20	3	a				expands	supplied-indefinite-article	safe	0.5994	approved	0				indefinite article; rests on 'man' → 'אִ֗ישׁ'
20:20	4	man		2	אִ֗ישׁ		global-review-known-rendering	safe	0.5994	approved	0				global known-rendering assignment; lexical score 0.45
20:21				5	אֶת	omits	unrendered-object-marker	safe	0.7838	approved	0				object marker; rests on 'wife' → 'אֵ֥שֶׁת'
20:21	3	a				expands	supplied-indefinite-article	safe	0.5994	approved	0				indefinite article; rests on 'man' → 'אִ֗ישׁ'
20:21	4	man		2	אִ֗ישׁ		global-review-known-rendering	safe	0.5994	approved	0				global known-rendering assignment; lexical score 0.45
20:21	7	brother's		7	אָחִ֖יו		global-review-known-rendering	safe	0.7481	approved	0				global known-rendering assignment; lexical score 0.60
20:21	8	wife		6	אֵ֥שֶׁת		global-review-known-rendering	safe	0.7838	approved	0				global known-rendering assignment; lexical score 0.63
20:21	19	his		11	אָחִ֛יו		attached-word	safe	0.6717	approved	0				PossessivePronoun of 'brother'
20:21	20	brother		11	אָחִ֛יו		global-review-known-rendering	safe	0.7717	approved	0				global known-rendering assignment; lexical score 0.62
20:22	3	keep		2	שְׁמַרְתֶּ֤ם		global-review-known-rendering	safe	0.5882	approved	0				global known-rendering assignment; lexical score 0.44
20:22	10	do		11	עֲשִׂיתֶ֖ם		global-review-known-rendering	safe	0.6288	approved	0				global known-rendering assignment; lexical score 0.48
20:22	14	the		17	הָ		attached-word	safe	0.6253	approved	0				Article of 'land'
20:22	15	land		18	אָ֔רֶץ		global-review-known-rendering	safe	0.7253	approved	0				global known-rendering assignment; lexical score 0.58
20:22	16	which		19	אֲשֶׁ֨ר		global-review-known-rendering	safe	0.6687	approved	0				global known-rendering assignment; lexical score 0.52
20:22	25	not		14	לֹא		global-review-known-rendering	safe	0.679	approved	0				global known-rendering assignment; lexical score 0.53
20:23				14	אֶת	omits	unrendered-object-marker	safe	0.7583	approved	0				object marker; rests on 'all' → 'כָּל'
20:23	3	not		2	לֹ֤א		global-review-known-rendering	safe	0.679	approved	0				global known-rendering assignment; lexical score 0.53
20:23	8	the		6	הַ		attached-word	safe	0.649	approved	0				Article of 'nations'
20:23	9	nations		7	גֹּ֔וי		global-review-known-rendering	safe	0.749	approved	0				global known-rendering assignment; lexical score 0.60
20:23	10	which		8	אֲשֶׁר		global-review-known-rendering	safe	0.6687	approved	0				global known-rendering assignment; lexical score 0.52
20:23	15	before		12	פְּנֵיכֶ֑ם		global-review-known-rendering	safe	0.6585	approved	0				global known-rendering assignment; lexical score 0.51
20:23	20	all		15	כָּל		global-review-known-rendering	safe	0.7583	approved	0				global known-rendering assignment; lexical score 0.61
20:23	21	these		16	אֵ֨לֶּה֙		global-review-known-rendering	safe	0.711	approved	0				global known-rendering assignment; lexical score 0.56
20:24	4	said		2	אֹמַ֣ר		global-review-known-rendering	safe	0.777	approved	0				global known-rendering assignment; lexical score 0.63
20:24	15	give		10	אֶתְּנֶ֤נָּה		global-review-known-rendering	safe	0.6513	approved	0				global known-rendering assignment; lexical score 0.50
20:24	22	a				expands	supplied-indefinite-article	safe	0.7253	approved	0				indefinite article; rests on 'land' → 'אֶ֛רֶץ'
20:24	23	land		15	אֶ֛רֶץ		global-review-known-rendering	safe	0.7253	approved	0				global known-rendering assignment; lexical score 0.58
20:24	24	flowing		16	זָבַ֥ת		global-review-known-rendering	safe	0.6875	approved	0				global known-rendering assignment; lexical score 0.54
20:24	26	milk		17	חָלָ֖ב		global-review-known-rendering	safe	0.7581	approved	0				global known-rendering assignment; lexical score 0.61
20:24	28	honey		19	דְבָ֑שׁ		global-review-known-rendering	safe	0.775	approved	0				global known-rendering assignment; lexical score 0.62
20:24	31	the				expands	supplied-article	safe	0.7288	approved	0				article the original does not write; rests on 'Lord' → 'יְהוָ֣ה'
20:24	32	Lord		21	יְהוָ֣ה		global-review-known-rendering	safe	0.7288	approved	0				global known-rendering assignment; lexical score 0.58
20:24	33	your		22	אֱלֹֽהֵיכֶ֔ם		attached-word	safe	0.5915	approved	0				PossessivePronoun of 'God'
20:24	34	God		22	אֱלֹֽהֵיכֶ֔ם		global-review-known-rendering	safe	0.6915	approved	0				global known-rendering assignment; lexical score 0.54
20:24	43	peoples		28	עַמִּֽים		global-review-known-rendering	safe	0.7669	approved	0				global known-rendering assignment; lexical score 0.62
20:25				4	הַ	omits	unrendered-article	safe	0.628	approved	0				article no the of the verse renders; rests on 'beast' → 'בְּהֵמָ֤ה'
20:25				26		omits	unrendered-article	safe	0.628	approved	0				article no the of the verse renders; rests on 'beast' → 'בְּהֵמָ֣ה'
20:25	5	between		3	בֵּֽין		global-review-known-rendering	safe	0.7404	approved	0				global known-rendering assignment; lexical score 0.59
20:25	8	beast		5	בְּהֵמָ֤ה		global-review-known-rendering	safe	0.628	approved	0				global known-rendering assignment; lexical score 0.48
20:25	13	between		12	בֵין		global-review-known-rendering	safe	0.7404	approved	0				global known-rendering assignment; lexical score 0.59
20:25	21	not		21	לֹֽא		global-review-known-rendering	safe	0.679	approved	0				global known-rendering assignment; lexical score 0.53
20:25	27	beast		27	בְּהֵמָ֣ה		global-review-known-rendering	safe	0.628	approved	0				global known-rendering assignment; lexical score 0.48
20:25	32	which		35	אֲשֶׁ֣ר		global-review-known-rendering	safe	0.6687	approved	0				global known-rendering assignment; lexical score 0.52
20:25	38	which		39	אֲשֶׁר		global-review-known-rendering	safe	0.6687	approved	0				global known-rendering assignment; lexical score 0.52
20:26	11	the				expands	supplied-article	safe	0.7288	approved	0				article the original does not write; rests on 'Lord' → 'יְהוָ֑ה'
20:26	12	Lord		8	יְהוָ֑ה		global-review-known-rendering	safe	0.7288	approved	0				global known-rendering assignment; lexical score 0.58
20:26	29	people		14	עַמִּ֖ים		global-review-known-rendering	safe	0.7671	approved	0				global known-rendering assignment; lexical score 0.62
20:27				14		omits	unrendered-article	safe	0.7381	approved	0				article no the of the verse renders; rests on 'stones' → 'אֶ֛בֶן'
20:27	2	man		2	אִ֣ישׁ		global-review-known-rendering	safe	0.5994	approved	0				global known-rendering assignment; lexical score 0.45
20:27	4	woman		4	אִשָּׁ֗ה		global-review-known-rendering	safe	0.7213	approved	0				global known-rendering assignment; lexical score 0.57
20:27	27	stones		15	אֶ֛בֶן		global-review-known-rendering	safe	0.7381	approved	0				global known-rendering assignment; lexical score 0.59
20:27	28	their		18	דְּמֵיהֶ֥ם		attached-word	safe	0.6557	approved	0				PossessivePronoun of 'blood'
20:27	29	blood		18	דְּמֵיהֶ֥ם		global-review-known-rendering	safe	0.7557	approved	0				global known-rendering assignment; lexical score 0.61
21:1	2	the				expands	supplied-article	safe	0.7289	approved	0				article the original does not write; rests on 'Lord' → 'יְהוָה֙'
21:1	3	Lord		3	יְהוָה֙		global-review-known-rendering	safe	0.7289	approved	0				global known-rendering assignment; lexical score 0.58
21:1	4	said		2	יֹּ֤אמֶר		global-review-known-rendering	safe	0.777	approved	0				global known-rendering assignment; lexical score 0.63
21:1	6	Moses		5	מֹשֶׁ֔ה		global-review-known-rendering	safe	0.7976	approved	0				global known-rendering assignment; lexical score 0.65
21:1	7	Say		6	אֱמֹ֥ר		global-review-known-rendering	safe	0.7661	approved	0				global known-rendering assignment; lexical score 0.62
21:1	9	the		8	הַ		attached-word	safe	0.6782	approved	0				Article of 'priests'
21:1	10	priests		9	כֹּהֲנִ֖ים		global-review-known-rendering	safe	0.7782	approved	0				global known-rendering assignment; lexical score 0.63
21:1	11	the				expands	supplied-article	safe	0.7674	approved	0				article the original does not write; rests on 'sons' → 'בְּנֵ֣י'
21:1	12	sons		10	בְּנֵ֣י		global-review-known-rendering	safe	0.7674	approved	0				global known-rendering assignment; lexical score 0.62
21:1	13	of		11	אַהֲרֹ֑ן		attached-word	safe	0.6942	approved	0				Genitive of 'Aaron'
21:1	14	Aaron		11	אַהֲרֹ֑ן		global-review-known-rendering	safe	0.7942	approved	0				global known-rendering assignment; lexical score 0.64
21:1	25	his		20	עַמָּֽיו		attached-word	safe	0.6672	approved	0				PossessivePronoun of 'people'
21:1	26	people		20	עַמָּֽיו		global-review-known-rendering	safe	0.7672	approved	0				global known-rendering assignment; lexical score 0.62
21:2	8	his		9	אִמֹּ֣ו		attached-word	safe	0.6594	approved	0				PossessivePronoun of 'mother'
21:2	9	mother		9	אִמֹּ֣ו		global-review-known-rendering	safe	0.7594	approved	0				global known-rendering assignment; lexical score 0.61
21:2	11	his		12	אָבִ֔יו		attached-word	safe	0.6633	approved	0				PossessivePronoun of 'father'
21:2	12	father		12	אָבִ֔יו		global-review-known-rendering	safe	0.7633	approved	0				global known-rendering assignment; lexical score 0.61
21:2	13	his		15	בְנֹ֥ו		attached-word	safe	0.6886	approved	0				PossessivePronoun of 'son'
21:2	14	son		15	בְנֹ֥ו		global-review-known-rendering	safe	0.7886	approved	0				global known-rendering assignment; lexical score 0.64
21:2	16	his		18	בִתֹּ֖ו		attached-word	safe	0.6733	approved	0				PossessivePronoun of 'daughter'
21:2	17	daughter		18	בִתֹּ֖ו		global-review-known-rendering	safe	0.7733	approved	0				global known-rendering assignment; lexical score 0.62
21:2	19	his		21	אָחִֽיו		attached-word	safe	0.6715	approved	0				PossessivePronoun of 'brother'
21:2	20	brother		21	אָחִֽיו		global-review-known-rendering	safe	0.7715	approved	0				global known-rendering assignment; lexical score 0.62
21:3				4	הַ	omits	unrendered-article	safe	0.7609	approved	0				article no the of the verse renders; rests on 'virgin' → 'בְּתוּלָה֙'
21:3	3	his		3	אֲחֹתֹ֤ו		attached-word	safe	0.6852	approved	0				PossessivePronoun of 'sister'
21:3	4	sister		3	אֲחֹתֹ֤ו		global-review-known-rendering	safe	0.7852	approved	0				global known-rendering assignment; lexical score 0.64
21:3	5	a				expands	supplied-indefinite-article	safe	0.7609	approved	0				indefinite article; rests on 'virgin' → 'בְּתוּלָה֙'
21:3	6	virgin		5	בְּתוּלָה֙		global-review-known-rendering	safe	0.7609	approved	0				global known-rendering assignment; lexical score 0.61
21:3	17	husband		13	אִ֑ישׁ		global-review-known-rendering	safe	0.6875	approved	0				global known-rendering assignment; lexical score 0.54
21:4	8	his		5	עַמָּ֑יו		attached-word	safe	0.6672	approved	0				PossessivePronoun of 'people'
21:4	9	people		5	עַמָּ֑יו		global-review-known-rendering	safe	0.7672	approved	0				global known-rendering assignment; lexical score 0.62
21:4	10	not		1	לֹ֥א		global-review-known-rendering	safe	0.6786	approved	0				global known-rendering assignment; lexical score 0.53
21:5	3	not		1	לֹֽא		global-review-known-rendering	safe	0.6786	approved	0				global known-rendering assignment; lexical score 0.53
21:5	25	their		13	בְשָׂרָ֔ם		attached-word	safe	0.6505	approved	0				PossessivePronoun of 'flesh'
21:5	26	flesh		13	בְשָׂרָ֔ם		global-review-known-rendering	safe	0.7505	approved	0				global known-rendering assignment; lexical score 0.60
21:6	6	their		4	אלֹ֣הֵיהֶ֔ם		attached-word	safe	0.5912	approved	0				PossessivePronoun of 'God'
21:6	7	God		4	אלֹ֣הֵיהֶ֔ם		global-review-known-rendering	safe	0.6912	approved	0				global known-rendering assignment; lexical score 0.54
21:6	9	not		6	לֹ֣א		global-review-known-rendering	safe	0.6786	approved	0				global known-rendering assignment; lexical score 0.53
21:6	11	the				expands	supplied-article	safe	0.7895	approved	0				article the original does not write; rests on 'name' → 'שֵׁ֖ם'
21:6	12	name		8	שֵׁ֖ם		global-review-known-rendering	safe	0.7895	approved	0				global known-rendering assignment; lexical score 0.64
21:6	13	of		9	אֱלֹהֵיהֶ֑ם		attached-word	safe	0.4912	approved	0				Genitive of 'their'
21:6	14	their		9	אֱלֹהֵיהֶ֑ם		attached-word	safe	0.5912	approved	0				PossessivePronoun of 'God'
21:6	15	God		9	אֱלֹהֵיהֶ֑ם		global-review-known-rendering	safe	0.6912	approved	0				global known-rendering assignment; lexical score 0.54
21:6	22	the				expands	supplied-article	safe	0.7289	approved	0				article the original does not write; rests on 'Lord' → 'יְהוָ֜ה'
21:6	23	Lord		13	יְהוָ֜ה		global-review-known-rendering	safe	0.7289	approved	0				global known-rendering assignment; lexical score 0.58
21:6	25	the				expands	supplied-article	safe	0.7275	approved	0				article the original does not write; rests on 'bread' → 'לֶ֧חֶם'
21:6	26	bread		14	לֶ֧חֶם		global-review-known-rendering	safe	0.7275	approved	0				global known-rendering assignment; lexical score 0.58
21:6	27	of		15	אֱלֹהֵיהֶ֛ם		attached-word	safe	0.4912	approved	0				Genitive of 'their'
21:6	28	their		15	אֱלֹהֵיהֶ֛ם		attached-word	safe	0.5912	approved	0				PossessivePronoun of 'God'
21:6	29	God		15	אֱלֹהֵיהֶ֛ם		global-review-known-rendering	safe	0.6912	approved	0				global known-rendering assignment; lexical score 0.54
21:6	39	holy		20	קֹֽדֶשׁ		global-review-known-rendering	safe	0.6657	approved	0				global known-rendering assignment; lexical score 0.52
21:7	3	not		5	לֹ֣א		global-review-known-rendering	safe	0.6786	approved	0				global known-rendering assignment; lexical score 0.53
21:7	6	wife		1	אִשָּׁ֨ה		global-review-known-rendering	safe	0.7825	approved	0				global known-rendering assignment; lexical score 0.63
21:7	11	woman		8	אִשָּׁ֛ה		global-review-known-rendering	safe	0.7241	approved	0				global known-rendering assignment; lexical score 0.57
21:7	20	her		11	אִישָׁ֖הּ		attached-word	safe	0.5875	approved	0				PossessivePronoun of 'husband'
21:7	21	husband		11	אִישָׁ֖הּ		global-review-known-rendering	safe	0.6875	approved	0				global known-rendering assignment; lexical score 0.54
21:7	28	his		18	אלֹהָֽיו		attached-word	safe	0.5912	approved	0				PossessivePronoun of 'God'
21:7	29	God		18	אלֹהָֽיו		global-review-known-rendering	safe	0.6912	approved	0				global known-rendering assignment; lexical score 0.54
21:8				4	אֶת	omits	unrendered-object-marker	safe	0.7275	approved	0				object marker; rests on 'bread' → 'לֶ֥חֶם'
21:8	13	the				expands	supplied-article	safe	0.7275	approved	0				article the original does not write; rests on 'bread' → 'לֶ֥חֶם'
21:8	14	bread		5	לֶ֥חֶם		global-review-known-rendering	safe	0.7275	approved	0				global known-rendering assignment; lexical score 0.58
21:8	15	of		6	אֱלֹהֶ֖יךָ		attached-word	safe	0.4912	approved	0				Genitive of 'your'
21:8	16	your		6	אֱלֹהֶ֖יךָ		attached-word	safe	0.5912	approved	0				PossessivePronoun of 'God'
21:8	17	God		6	אֱלֹהֶ֖יךָ		global-review-known-rendering	safe	0.6912	approved	0				global known-rendering assignment; lexical score 0.54
21:8	30	the				expands	supplied-article	safe	0.7289	approved	0				article the original does not write; rests on 'Lord' → 'יְהוָ֖ה'
21:8	31	Lord		15	יְהוָ֖ה		global-review-known-rendering	safe	0.7289	approved	0				global known-rendering assignment; lexical score 0.58
21:9				9	אֶת	omits	unrendered-object-marker	safe	0.7633	approved	0				object marker; rests on 'father' → 'אָבִ֨יהָ֙'
21:9	3	the				expands	supplied-article	safe	0.7733	approved	0				article the original does not write; rests on 'daughter' → 'בַת֙'
21:9	4	daughter		2	בַת֙		global-review-known-rendering	safe	0.7733	approved	0				global known-rendering assignment; lexical score 0.62
21:9	6	a				expands	supplied-indefinite-article	safe	0.7904	approved	0				indefinite article; rests on 'priest' → 'כֹּהֵ֔ן'
21:9	7	priest		4	כֹּהֵ֔ן		global-review-known-rendering	safe	0.7904	approved	0				global known-rendering assignment; lexical score 0.64
21:9	19	her		10	אָבִ֨יהָ֙		attached-word	safe	0.6633	approved	0				PossessivePronoun of 'father'
21:9	20	father		10	אָבִ֨יהָ֙		global-review-known-rendering	safe	0.7633	approved	0				global known-rendering assignment; lexical score 0.61
21:9	26	fire		15	אֵ֖שׁ		global-review-known-rendering	safe	0.7001	approved	0				global known-rendering assignment; lexical score 0.55
21:10				24	אֶת	omits	unrendered-object-marker	safe	0.7398	approved	0				object marker; rests on 'head' → 'רֹאשֹׁו֙'
21:10	5	the				expands	supplied-article	safe	0.5898	approved	0				article the original does not write; rests on 'chief' → 'רֹאשֹׁ֣ו'
21:10	6	chief		11	רֹאשֹׁ֣ו		global-review-known-rendering	safe	0.5898	approved	0				global known-rendering assignment; lexical score 0.44
21:10	7	priest		3	כֹּהֵן֩		global-review-known-rendering	safe	0.7904	approved	0				global known-rendering assignment; lexical score 0.64
21:10	9	his		7	אֶחָ֜יו		attached-word	safe	0.6697	approved	0				PossessivePronoun of 'brothers'
21:10	10	brothers		7	אֶחָ֜יו		global-review-known-rendering	safe	0.7697	approved	0				global known-rendering assignment; lexical score 0.62
21:10	13	head		25	רֹאשֹׁו֙		global-review-known-rendering	safe	0.7398	approved	0				global known-rendering assignment; lexical score 0.59
21:10	16	oil		12	שֶׁ֤מֶן		global-review-known-rendering	safe	0.7219	approved	0				global known-rendering assignment; lexical score 0.57
21:10	31	not		26	לֹ֣א		global-review-known-rendering	safe	0.6786	approved	0				global known-rendering assignment; lexical score 0.53
21:11	3	not		6	לֹ֣א		global-review-known-rendering	safe	0.6786	approved	0				global known-rendering assignment; lexical score 0.53
21:11	7	dead		5	מֵ֖ת		global-review-known-rendering	safe	0.6914	approved	0				global known-rendering assignment; lexical score 0.54
21:11	14	his		9	אָבִ֥יו		attached-word	safe	0.6633	approved	0				PossessivePronoun of 'father'
21:11	15	father		9	אָבִ֥יו		global-review-known-rendering	safe	0.7633	approved	0				global known-rendering assignment; lexical score 0.61
21:11	17	his		12	אִמֹּ֖ו		attached-word	safe	0.6594	approved	0				PossessivePronoun of 'mother'
21:11	18	mother		12	אִמֹּ֖ו		global-review-known-rendering	safe	0.7594	approved	0				global known-rendering assignment; lexical score 0.61
21:12	3	not		5	לֹ֣א		global-review-known-rendering	safe	0.6786	approved	0				global known-rendering assignment; lexical score 0.53
21:12	16	his		12	אֱלֹהָ֑יו		attached-word	safe	0.5912	approved	0				PossessivePronoun of 'God'
21:12	17	God		12	אֱלֹהָ֑יו		global-review-known-rendering	safe	0.6912	approved	0				global known-rendering assignment; lexical score 0.54
21:12	25	oil		15	שֶׁ֣מֶן		global-review-known-rendering	safe	0.7219	approved	0				global known-rendering assignment; lexical score 0.57
21:12	27	his		17	אֱלֹהָ֛יו		attached-word	safe	0.5912	approved	0				PossessivePronoun of 'God'
21:12	28	God		17	אֱלֹהָ֛יו		global-review-known-rendering	safe	0.6912	approved	0				global known-rendering assignment; lexical score 0.54
21:12	34	the				expands	supplied-article	safe	0.7289	approved	0				article the original does not write; rests on 'Lord' → 'יְהוָֽה'
21:12	35	Lord		20	יְהוָֽה		global-review-known-rendering	safe	0.7289	approved	0				global known-rendering assignment; lexical score 0.58
21:13	7	wife		3	אִשָּׁ֥ה		global-review-known-rendering	safe	0.7825	approved	0				global known-rendering assignment; lexical score 0.63
21:14	1	A				expands	supplied-indefinite-article	safe	0.8	approved	0				indefinite article; rests on 'widow' → 'אַלְמָנָ֤ה'
21:14	2	widow		1	אַלְמָנָ֤ה		global-review-known-rendering	safe	0.8	approved	0				global known-rendering assignment; lexical score 0.65
21:14	19	not		9	לֹ֣א		global-review-known-rendering	safe	0.6786	approved	0				global known-rendering assignment; lexical score 0.53
21:14	21	the				expands	supplied-article	safe	0.7825	approved	0				article the original does not write; rests on 'wife' → 'אִשָּֽׁה'
21:14	22	wife		17	אִשָּֽׁה		global-review-known-rendering	safe	0.7825	approved	0				global known-rendering assignment; lexical score 0.63
21:14	30	a				expands	supplied-indefinite-article	safe	0.7609	approved	0				indefinite article; rests on 'virgin' → 'בְּתוּלָ֥ה'
21:14	31	virgin		13	בְּתוּלָ֥ה		global-review-known-rendering	safe	0.7609	approved	0				global known-rendering assignment; lexical score 0.61
21:14	34	his		15	עַמָּ֖יו		attached-word	safe	0.6672	approved	0				PossessivePronoun of 'people'
21:14	35	people		15	עַמָּ֖יו		global-review-known-rendering	safe	0.7672	approved	0				global known-rendering assignment; lexical score 0.62
21:15	4	not		2	לֹֽא		global-review-known-rendering	safe	0.6786	approved	0				global known-rendering assignment; lexical score 0.53
21:15	7	seed		4	זַרְעֹ֖ו		global-review-known-rendering	safe	0.7412	approved	0				global known-rendering assignment; lexical score 0.59
21:15	10	his		6	עַמָּ֑יו		attached-word	safe	0.6672	approved	0				PossessivePronoun of 'people'
21:15	11	people		6	עַמָּ֑יו		global-review-known-rendering	safe	0.7672	approved	0				global known-rendering assignment; lexical score 0.62
21:16	2	the				expands	supplied-article	safe	0.7289	approved	0				article the original does not write; rests on 'Lord' → 'יְהוָ֖ה'
21:16	3	Lord		3	יְהוָ֖ה		global-review-known-rendering	safe	0.7289	approved	0				global known-rendering assignment; lexical score 0.58
21:16	4	said		7	אמֹֽר		global-review-known-rendering	safe	0.777	approved	0				global known-rendering assignment; lexical score 0.63
21:16	6	Moses		5	מֹשֶׁ֥ה		global-review-known-rendering	safe	0.7976	approved	0				global known-rendering assignment; lexical score 0.65
21:17	1	Say		5	אמֹ֑ר		global-review-known-rendering	safe	0.7661	approved	0				global known-rendering assignment; lexical score 0.62
21:17	3	Aaron		3	אַהֲרֹ֖ן		global-review-known-rendering	safe	0.7942	approved	0				global known-rendering assignment; lexical score 0.64
21:17	5	a				expands	supplied-indefinite-article	safe	0.6004	approved	0				indefinite article; rests on 'man' → 'אִ֣ישׁ'
21:17	6	man		6	אִ֣ישׁ		global-review-known-rendering	safe	0.6004	approved	0				global known-rendering assignment; lexical score 0.45
21:17	12	generation		10	דֹרֹתָ֗ם		global-review-known-rendering	safe	0.7571	approved	0				global known-rendering assignment; lexical score 0.61
21:17	19	not		15	לֹ֣א		global-review-known-rendering	safe	0.6786	approved	0				global known-rendering assignment; lexical score 0.53
21:17	27	the				expands	supplied-article	safe	0.7275	approved	0				article the original does not write; rests on 'bread' → 'לֶ֥חֶם'
21:17	28	bread		19	לֶ֥חֶם		global-review-known-rendering	safe	0.7275	approved	0				global known-rendering assignment; lexical score 0.58
21:17	29	of		20	אֱלֹהָֽיו		attached-word	safe	0.4912	approved	0				Genitive of 'his'
21:17	30	his		20	אֱלֹהָֽיו		attached-word	safe	0.5912	approved	0				PossessivePronoun of 'God'
21:17	31	God		20	אֱלֹהָֽיו		global-review-known-rendering	safe	0.6912	approved	0				global known-rendering assignment; lexical score 0.54
21:18	3	man		3	אִ֛ישׁ		global-review-known-rendering	safe	0.6004	approved	0				global known-rendering assignment; lexical score 0.45
21:18	9	not		7	לֹ֣א		global-review-known-rendering	safe	0.6786	approved	0				global known-rendering assignment; lexical score 0.53
21:18	15	blind		10	עִוֵּר֙		global-review-known-rendering	safe	0.7437	approved	0				global known-rendering assignment; lexical score 0.59
21:19	2	a				expands	supplied-indefinite-article	safe	0.6004	approved	0				indefinite article; rests on 'man' → 'אִ֔ישׁ'
21:19	3	man		2	אִ֔ישׁ		global-review-known-rendering	safe	0.6004	approved	0				global known-rendering assignment; lexical score 0.45
21:19	6	feet		7	רָ֑גֶל		global-review-known-rendering	safe	0.7368	approved	0				global known-rendering assignment; lexical score 0.59
21:19	8	hands		10	יָֽד		global-review-known-rendering	safe	0.6742	approved	0				global known-rendering assignment; lexical score 0.52
21:20	19	eye		8	עֵינֹ֑ו		global-review-known-rendering	safe	0.7941	approved	0				global known-rendering assignment; lexical score 0.64
21:21	2	man		2	אִ֞ישׁ		global-review-known-rendering	safe	0.6004	approved	0				global known-rendering assignment; lexical score 0.45
21:21	6	of		8	אַהֲרֹ֣ן		attached-word	safe	0.6942	approved	0				Genitive of 'Aaron'
21:21	7	Aaron		8	אַהֲרֹ֣ן		global-review-known-rendering	safe	0.7942	approved	0				global known-rendering assignment; lexical score 0.64
21:21	24	the				expands	supplied-article	safe	0.7289	approved	0				article the original does not write; rests on 'Lord' → 'יְהוָ֑ה'
21:21	25	Lord		17	יְהוָ֑ה		global-review-known-rendering	safe	0.7289	approved	0				global known-rendering assignment; lexical score 0.58
21:21	31	not		23	לֹ֥א		global-review-known-rendering	safe	0.6786	approved	0				global known-rendering assignment; lexical score 0.53
21:22	5	the				expands	supplied-article	safe	0.7275	approved	0				article the original does not write; rests on 'bread' → 'לֶ֣חֶם'
21:22	6	bread		1	לֶ֣חֶם		global-review-known-rendering	safe	0.7275	approved	0				global known-rendering assignment; lexical score 0.58
21:22	7	of		2	אֱלֹהָ֔יו		attached-word	safe	0.5912	approved	0				Genitive of 'God'
21:22	8	God		2	אֱלֹהָ֔יו		global-review-known-rendering	safe	0.6912	approved	0				global known-rendering assignment; lexical score 0.54
21:22	9	the				expands	supplied-article	safe	0.6657	approved	0				article the original does not write; rests on 'holy' → 'קָּדְשֵׁ֖י'
21:22	10	holy		4	קָּדְשֵׁ֖י		global-review-known-rendering	safe	0.6657	approved	0				global known-rendering assignment; lexical score 0.52
21:22	13	most		6	קֳּדָשִׁ֑ים		global-review-known-rendering	safe	0.5649	approved	0				global known-rendering assignment; lexical score 0.41
21:22	14	holy		10	קֳּדָשִׁ֖ים		global-review-known-rendering	safe	0.6657	approved	0				global known-rendering assignment; lexical score 0.52
21:23	4	not		5	לֹ֣א		global-review-known-rendering	safe	0.6786	approved	0				global known-rendering assignment; lexical score 0.53
21:23	10	come		6	יָבֹ֗א		global-review-known-rendering	safe	0.5727	approved	0				global known-rendering assignment; lexical score 0.42
21:23	12	the		9	הַ		attached-word	safe	0.6897	approved	0				Article of 'altar'
21:23	13	altar		10	מִּזְבֵּ֛חַ		global-review-known-rendering	safe	0.7897	approved	0				global known-rendering assignment; lexical score 0.64
21:23	21	not		17	לֹ֤א		global-review-known-rendering	safe	0.6786	approved	0				global known-rendering assignment; lexical score 0.53
21:23	29	the				expands	supplied-article	safe	0.7289	approved	0				article the original does not write; rests on 'Lord' → 'יְהוָ֖ה'
21:23	30	Lord		23	יְהוָ֖ה		global-review-known-rendering	safe	0.7289	approved	0				global known-rendering assignment; lexical score 0.58
21:24	6	Moses		3	מֹשֶׁ֔ה		global-review-known-rendering	safe	0.7976	approved	0				global known-rendering assignment; lexical score 0.65
21:24	9	Aaron		5	אַהֲרֹ֖ן		global-review-known-rendering	safe	0.7942	approved	0				global known-rendering assignment; lexical score 0.64
21:24	12	his		8	בָּנָ֑יו		attached-word	safe	0.6674	approved	0				PossessivePronoun of 'sons'
21:24	13	sons		8	בָּנָ֑יו		global-review-known-rendering	safe	0.7674	approved	0				global known-rendering assignment; lexical score 0.62
21:24	16	all		11	כָּל		global-review-known-rendering	safe	0.7583	approved	0				global known-rendering assignment; lexical score 0.61
21:24	17	the				expands	supplied-article	safe	0.7612	approved	0				article the original does not write; rests on 'children' → 'בְּנֵ֖י'
21:24	18	children		12	בְּנֵ֖י		global-review-known-rendering	safe	0.7612	approved	0				global known-rendering assignment; lexical score 0.61
21:24	19	of		13	יִשְׂרָאֵֽל		attached-word	safe	0.6859	approved	0				Genitive of 'Israel'
21:24	20	Israel		13	יִשְׂרָאֵֽל		global-review-known-rendering	safe	0.7859	approved	0				global known-rendering assignment; lexical score 0.64
22:1	2	the				expands	supplied-article	safe	0.7286	approved	0				article the original does not write; rests on 'Lord' → 'יְהוָ֖ה'
22:1	3	Lord		3	יְהוָ֖ה		global-review-known-rendering	safe	0.7286	approved	0				global known-rendering assignment; lexical score 0.58
22:1	4	said		7	אמֹֽר		global-review-known-rendering	safe	0.777	approved	0				global known-rendering assignment; lexical score 0.63
22:1	6	Moses		5	מֹשֶׁ֥ה		global-review-known-rendering	safe	0.7976	approved	0				global known-rendering assignment; lexical score 0.65
22:2				16	אֶת	omits	unrendered-object-marker	safe	0.7895	approved	0				object marker; rests on 'name' → 'שֵׁ֣ם'
22:2	4	Aaron		3	אַהֲרֹ֜ן		global-review-known-rendering	safe	0.7942	approved	0				global known-rendering assignment; lexical score 0.64
22:2	7	his		6	בָּנָ֗יו		attached-word	safe	0.6674	approved	0				PossessivePronoun of 'sons'
22:2	8	sons		6	בָּנָ֗יו		global-review-known-rendering	safe	0.7674	approved	0				global known-rendering assignment; lexical score 0.62
22:2	14	the				expands	supplied-article	safe	0.6594	approved	0				article the original does not write; rests on 'holy' → 'קָּדְשֵׁ֣י'
22:2	15	holy		10	קָּדְשֵׁ֣י		global-review-known-rendering	safe	0.6594	approved	0				global known-rendering assignment; lexical score 0.51
22:2	18	the				expands	supplied-article	safe	0.7612	approved	0				article the original does not write; rests on 'children' → 'בְנֵֽי'
22:2	19	children		11	בְנֵֽי		global-review-known-rendering	safe	0.7612	approved	0				global known-rendering assignment; lexical score 0.61
22:2	20	of		12	יִשְׂרָאֵ֔ל		attached-word	safe	0.686	approved	0				Genitive of 'Israel'
22:2	21	Israel		12	יִשְׂרָאֵ֔ל		global-review-known-rendering	safe	0.786	approved	0				global known-rendering assignment; lexical score 0.64
22:2	22	which		19	אֲשֶׁ֨ר		global-review-known-rendering	safe	0.6689	approved	0				global known-rendering assignment; lexical score 0.52
22:2	28	not		14	לֹ֥א		global-review-known-rendering	safe	0.6785	approved	0				global known-rendering assignment; lexical score 0.53
22:2	31	my		18	קָדְשִׁ֑י		attached-word	safe	0.5594	approved	0				PossessivePronoun of 'holy'
22:2	32	holy		18	קָדְשִׁ֑י		global-review-known-rendering	safe	0.6594	approved	0				global known-rendering assignment; lexical score 0.51
22:2	33	name		17	שֵׁ֣ם		global-review-known-rendering	safe	0.7895	approved	0				global known-rendering assignment; lexical score 0.64
22:2	37	the				expands	supplied-article	safe	0.7286	approved	0				article the original does not write; rests on 'Lord' → 'יְהוָֽה'
22:2	38	Lord		24	יְהוָֽה		global-review-known-rendering	safe	0.7286	approved	0				global known-rendering assignment; lexical score 0.58
22:3				24	וְ	omits	unrendered-conjunction	safe	0.5818	approved	0				conjunction no word of the verse renders; rests on 'cut' → 'נִכְרְתָ֞ה'
22:3	1	Say		1	אֱמֹ֣ר		global-review-known-rendering	safe	0.7661	approved	0				global known-rendering assignment; lexical score 0.62
22:3	6	man		6	אִ֣ישׁ		global-review-known-rendering	safe	0.6004	approved	0				global known-rendering assignment; lexical score 0.45
22:3	8	all		5	כָּל		global-review-known-rendering	safe	0.7583	approved	0				global known-rendering assignment; lexical score 0.61
22:3	10	seed		11	זַרְעֲכֶ֗ם		global-review-known-rendering	safe	0.7412	approved	0				global known-rendering assignment; lexical score 0.59
22:3	12	all		10	כָּל		global-review-known-rendering	safe	0.7583	approved	0				global known-rendering assignment; lexical score 0.61
22:3	19	the		13	הַ		attached-word	safe	0.5594	approved	0				Article of 'holy'
22:3	20	holy		14	קֳּדָשִׁים֙		global-review-known-rendering	safe	0.6594	approved	0				global known-rendering assignment; lexical score 0.51
22:3	22	which		15	אֲשֶׁ֨ר		global-review-known-rendering	safe	0.6689	approved	0				global known-rendering assignment; lexical score 0.52
22:3	23	the				expands	supplied-article	safe	0.7612	approved	0				article the original does not write; rests on 'children' → 'בְנֵֽי'
22:3	24	children		17	בְנֵֽי		global-review-known-rendering	safe	0.7612	approved	0				global known-rendering assignment; lexical score 0.61
22:3	25	of		18	יִשְׂרָאֵל֙		attached-word	safe	0.686	approved	0				Genitive of 'Israel'
22:3	26	Israel		18	יִשְׂרָאֵל֙		global-review-known-rendering	safe	0.786	approved	0				global known-rendering assignment; lexical score 0.64
22:3	30	the				expands	supplied-article	safe	0.7286	approved	0				article the original does not write; rests on 'Lord' → 'יהוָ֔ה'
22:3	31	Lord		20	יהוָ֔ה		global-review-known-rendering	safe	0.7286	approved	0				global known-rendering assignment; lexical score 0.58
22:3	35	cut		25	נִכְרְתָ֞ה		global-review-known-rendering	safe	0.5818	approved	0				global known-rendering assignment; lexical score 0.43
22:3	38	before		32	פָנַ֖י		global-review-known-rendering	safe	0.6584	approved	0				global known-rendering assignment; lexical score 0.51
22:3	42	the				expands	supplied-article	safe	0.7286	approved	0				article the original does not write; rests on 'Lord' → 'יְהוָֽה'
22:3	43	Lord		34	יְהוָֽה		global-review-known-rendering	safe	0.7286	approved	0				global known-rendering assignment; lexical score 0.58
22:4	2	man		1	אִ֣ישׁ		global-review-known-rendering	safe	0.6004	approved	0				global known-rendering assignment; lexical score 0.45
22:4	4	the				expands	supplied-article	safe	0.7412	approved	0				article the original does not write; rests on 'seed' → 'זֶּ֣רַע'
22:4	5	seed		4	זֶּ֣רַע		global-review-known-rendering	safe	0.7412	approved	0				global known-rendering assignment; lexical score 0.59
22:4	6	of		5	אַהֲרֹ֗ן		attached-word	safe	0.6942	approved	0				Genitive of 'Aaron'
22:4	7	Aaron		5	אַהֲרֹ֗ן		global-review-known-rendering	safe	0.7942	approved	0				global known-rendering assignment; lexical score 0.64
22:4	10	a				expands	supplied-indefinite-article	safe	0.8	approved	0				indefinite article; rests on 'leper' → 'צָר֨וּעַ֙'
22:4	11	leper		8	צָר֨וּעַ֙		global-review-known-rendering	safe	0.8	approved	0				global known-rendering assignment; lexical score 0.65
22:4	23	the		12			attached-word	safe	0.5594	approved	0				Article of 'holy'
22:4	24	holy		13	קֳּדָשִׁים֙		global-review-known-rendering	safe	0.6594	approved	0				global known-rendering assignment; lexical score 0.51
22:4	26	till		16	עַ֖ד		global-review-known-rendering	safe	0.6272	approved	0				global known-rendering assignment; lexical score 0.48
22:4	32	man		2	אִ֞ישׁ		global-review-known-rendering	safe	0.6004	approved	0				global known-rendering assignment; lexical score 0.45
22:4	35	which		17	אֲשֶׁ֣ר		global-review-known-rendering	safe	0.6689	approved	0				global known-rendering assignment; lexical score 0.52
22:4	44	man		27	אִ֔ישׁ		global-review-known-rendering	safe	0.6004	approved	0				global known-rendering assignment; lexical score 0.45
22:4	46	seed		32	זָֽרַע		global-review-known-rendering	safe	0.7412	approved	0				global known-rendering assignment; lexical score 0.59
22:5	7	which		8	אֲשֶׁ֣ר		global-review-known-rendering	safe	0.6689	approved	0				global known-rendering assignment; lexical score 0.52
22:5	16	whom		14	אֲשֶׁ֣ר		global-review-known-rendering	safe	0.6476	approved	0				global known-rendering assignment; lexical score 0.50
22:6				8	הָ	omits	unrendered-article	safe	0.7583	approved	0				article no the of the verse renders; rests on 'evening' → 'עָ֑רֶב'
22:6				21		omits	unrendered-article	safe	0.777	approved	0				article no the of the verse renders; rests on 'water' → 'מָּֽיִם'
22:6	11	till		7	עַד		global-review-known-rendering	safe	0.6272	approved	0				global known-rendering assignment; lexical score 0.48
22:6	12	evening		9	עָ֑רֶב		global-review-known-rendering	safe	0.7583	approved	0				global known-rendering assignment; lexical score 0.61
22:6	15	not		11	לֹ֤א		global-review-known-rendering	safe	0.6785	approved	0				global known-rendering assignment; lexical score 0.53
22:6	18	the		14	הַ		attached-word	safe	0.5594	approved	0				Article of 'holy'
22:6	19	holy		15	קֳּדָשִׁ֔ים		global-review-known-rendering	safe	0.6594	approved	0				global known-rendering assignment; lexical score 0.51
22:6	22	his		19	בְּשָׂרֹ֖ו		attached-word	safe	0.6505	approved	0				PossessivePronoun of 'flesh'
22:6	23	flesh		19	בְּשָׂרֹ֖ו		global-review-known-rendering	safe	0.7505	approved	0				global known-rendering assignment; lexical score 0.60
22:6	28	water		22	מָּֽיִם		global-review-known-rendering	safe	0.777	approved	0				global known-rendering assignment; lexical score 0.63
22:7	3	the		3	הַ		attached-word	safe	0.6634	approved	0				Article of 'sun'
22:7	4	sun		4	שֶּׁ֖מֶשׁ		global-review-known-rendering	safe	0.7634	approved	0				global known-rendering assignment; lexical score 0.61
22:7	13	after		8	אַחַר֙		global-review-known-rendering	safe	0.589	approved	0				global known-rendering assignment; lexical score 0.44
22:7	20	the		11	הַ		attached-word	safe	0.5594	approved	0				Article of 'holy'
22:7	21	holy		12	קֳּדָשִׁ֔ים		global-review-known-rendering	safe	0.6594	approved	0				global known-rendering assignment; lexical score 0.51
22:7	26	his		14	לַחְמֹ֖ו		attached-word	safe	0.6285	approved	0				PossessivePronoun of 'bread'
22:7	27	bread		14	לַחְמֹ֖ו		global-review-known-rendering	safe	0.7285	approved	0				global known-rendering assignment; lexical score 0.58
22:8	15	not		4	לֹ֥א		global-review-known-rendering	safe	0.6785	approved	0				global known-rendering assignment; lexical score 0.53
22:8	27	the				expands	supplied-article	safe	0.7286	approved	0				article the original does not write; rests on 'Lord' → 'יְהוָֽה'
22:8	28	Lord		10	יְהוָֽה		global-review-known-rendering	safe	0.7286	approved	0				global known-rendering assignment; lexical score 0.58
22:9	5	keep		2	שָׁמְר֣וּ		global-review-known-rendering	safe	0.5875	approved	0				global known-rendering assignment; lexical score 0.44
22:9	36	the				expands	supplied-article	safe	0.7286	approved	0				article the original does not write; rests on 'Lord' → 'יְהוָ֖ה'
22:9	37	Lord		16	יְהוָ֖ה		global-review-known-rendering	safe	0.7286	approved	0				global known-rendering assignment; lexical score 0.58
22:10	7	the				expands	supplied-article	safe	0.6594	approved	0				article the original does not write; rests on 'holy' → 'קֹ֑דֶשׁ'
22:10	8	holy		6	קֹ֑דֶשׁ		global-review-known-rendering	safe	0.6594	approved	0				global known-rendering assignment; lexical score 0.51
22:11	6	the				expands	supplied-article	safe	0.7904	approved	0				article the original does not write; rests on 'priest' → 'כֹהֵ֗ן'
22:11	7	priest		2	כֹהֵ֗ן		global-review-known-rendering	safe	0.7904	approved	0				global known-rendering assignment; lexical score 0.64
22:11	10	money		7	כַּסְפֹּ֔ו		global-review-known-rendering	safe	0.7769	approved	0				global known-rendering assignment; lexical score 0.63
22:11	28	his		13	בֵּיתֹ֔ו		attached-word	safe	0.6637	approved	0				PossessivePronoun of 'house'
22:11	29	house		13	בֵּיתֹ֔ו		global-review-known-rendering	safe	0.7637	approved	0				global known-rendering assignment; lexical score 0.61
22:11	33	his		17	לַחְמֹֽו		attached-word	safe	0.6285	approved	0				PossessivePronoun of 'bread'
22:11	34	bread		17	לַחְמֹֽו		global-review-known-rendering	safe	0.7285	approved	0				global known-rendering assignment; lexical score 0.58
22:12	3	the				expands	supplied-article	safe	0.7734	approved	0				article the original does not write; rests on 'daughter' → 'בַת'
22:12	4	daughter		2	בַת		global-review-known-rendering	safe	0.7734	approved	0				global known-rendering assignment; lexical score 0.62
22:12	5	of		3	כֹּהֵ֔ן		attached-word	safe	0.6904	approved	0				Genitive of 'priest'
22:12	6	a				expands	supplied-indefinite-article	safe	0.7904	approved	0				indefinite article; rests on 'priest' → 'כֹּהֵ֔ן'
22:12	7	priest		3	כֹּהֵ֔ן		global-review-known-rendering	safe	0.7904	approved	0				global known-rendering assignment; lexical score 0.64
22:12	16	not		14	לֹ֥א		global-review-known-rendering	safe	0.6785	approved	0				global known-rendering assignment; lexical score 0.53
22:12	19	the		12	הַ		attached-word	safe	0.5594	approved	0				Article of 'holy'
22:12	20	holy		13	קֳּדָשִׁ֖ים		global-review-known-rendering	safe	0.6594	approved	0				global known-rendering assignment; lexical score 0.51
22:13	5	daughter		2	בַת		global-review-known-rendering	safe	0.7734	approved	0				global known-rendering assignment; lexical score 0.62
22:13	7	a				expands	supplied-indefinite-article	safe	0.8	approved	0				indefinite article; rests on 'widow' → 'אַלְמָנָ֣ה'
22:13	8	widow		6	אַלְמָנָ֣ה		global-review-known-rendering	safe	0.8	approved	0				global known-rendering assignment; lexical score 0.65
22:13	21	back		14	שָׁבָ֞ה		global-review-known-rendering	safe	0.5608	approved	0				global known-rendering assignment; lexical score 0.41
22:13	23	her		17	אָבִ֨יהָ֙		attached-word	safe	0.6406	approved	0				PossessivePronoun of 'father's'
22:13	24	father's		17	אָבִ֨יהָ֙		global-review-known-rendering	safe	0.7406	approved	0				global known-rendering assignment; lexical score 0.59
22:13	25	house		16	בֵּ֤ית		global-review-known-rendering	safe	0.7637	approved	0				global known-rendering assignment; lexical score 0.61
22:13	36	her		22	אָבִ֖יהָ		attached-word	safe	0.6406	approved	0				PossessivePronoun of 'father's'
22:13	37	father's		22	אָבִ֖יהָ		global-review-known-rendering	safe	0.7406	approved	0				global known-rendering assignment; lexical score 0.59
22:13	38	bread		21	לֶּ֥חֶם		global-review-known-rendering	safe	0.7285	approved	0				global known-rendering assignment; lexical score 0.58
22:14				12	וְ	omits	unrendered-conjunction	safe	0.6513	approved	0				conjunction no word of the verse renders; rests on 'give' → 'נָתַ֥ן'
22:14	3	a				expands	supplied-indefinite-article	safe	0.6004	approved	0				indefinite article; rests on 'man' → 'אִ֕ישׁ'
22:14	4	man		2	אִ֕ישׁ		global-review-known-rendering	safe	0.6004	approved	0				global known-rendering assignment; lexical score 0.45
22:14	6	the				expands	supplied-article	safe	0.6594	approved	0				article the original does not write; rests on 'holy' → 'קֹ֖דֶשׁ'
22:14	7	holy		5	קֹ֖דֶשׁ		global-review-known-rendering	safe	0.6594	approved	0				global known-rendering assignment; lexical score 0.51
22:14	15	give		13	נָתַ֥ן		global-review-known-rendering	safe	0.6513	approved	0				global known-rendering assignment; lexical score 0.50
22:14	16	the		18	הַ		attached-word	safe	0.5594	approved	0				Article of 'holy'
22:14	17	holy		19	קֹּֽדֶשׁ		global-review-known-rendering	safe	0.6594	approved	0				global known-rendering assignment; lexical score 0.51
22:14	21	the		15			attached-word	safe	0.6904	approved	0				Article of 'priest'
22:14	22	priest		16	כֹּהֵ֖ן		global-review-known-rendering	safe	0.7904	approved	0				global known-rendering assignment; lexical score 0.64
22:14	27	a				expands	supplied-indefinite-article	safe	0.71	approved	0				indefinite article; rests on 'fifth' → 'חֲמִֽשִׁיתֹו֙'
22:14	28	fifth		10	חֲמִֽשִׁיתֹו֙		global-review-known-rendering	safe	0.71	approved	0				global known-rendering assignment; lexical score 0.56
22:15				4	אֶת	omits	unrendered-object-marker	safe	0.6594	approved	0				object marker; rests on 'holy' → 'קָדְשֵׁ֖י'
22:15	4	not		2	לֹ֣א		global-review-known-rendering	safe	0.6785	approved	0				global known-rendering assignment; lexical score 0.53
22:15	7	the				expands	supplied-article	safe	0.6594	approved	0				article the original does not write; rests on 'holy' → 'קָדְשֵׁ֖י'
22:15	8	holy		5	קָדְשֵׁ֖י		global-review-known-rendering	safe	0.6594	approved	0				global known-rendering assignment; lexical score 0.51
22:15	10	which		9	אֲשֶׁר		global-review-known-rendering	safe	0.6689	approved	0				global known-rendering assignment; lexical score 0.52
22:15	11	the				expands	supplied-article	safe	0.7612	approved	0				article the original does not write; rests on 'children' → 'בְּנֵ֣י'
22:15	12	children		6	בְּנֵ֣י		global-review-known-rendering	safe	0.7612	approved	0				global known-rendering assignment; lexical score 0.61
22:15	13	of		7	יִשְׂרָאֵ֑ל		attached-word	safe	0.686	approved	0				Genitive of 'Israel'
22:15	14	Israel		7	יִשְׂרָאֵ֑ל		global-review-known-rendering	safe	0.786	approved	0				global known-rendering assignment; lexical score 0.64
22:15	17	the				expands	supplied-article	safe	0.7286	approved	0				article the original does not write; rests on 'Lord' → 'יהוָֽה'
22:15	18	Lord		12	יהוָֽה		global-review-known-rendering	safe	0.7286	approved	0				global known-rendering assignment; lexical score 0.58
22:16				8	אֶת	omits	unrendered-object-marker	safe	0.6594	approved	0				object marker; rests on 'holy' → 'קָדְשֵׁיהֶ֑ם'
22:16	11	their		9	קָדְשֵׁיהֶ֑ם		attached-word	safe	0.5594	approved	0				PossessivePronoun of 'holy'
22:16	12	holy		9	קָדְשֵׁיהֶ֑ם		global-review-known-rendering	safe	0.6594	approved	0				global known-rendering assignment; lexical score 0.51
22:16	18	the				expands	supplied-article	safe	0.7286	approved	0				article the original does not write; rests on 'Lord' → 'יְהוָ֖ה'
22:16	19	Lord		12	יְהוָ֖ה		global-review-known-rendering	safe	0.7286	approved	0				global known-rendering assignment; lexical score 0.58
22:17	2	the				expands	supplied-article	safe	0.7286	approved	0				article the original does not write; rests on 'Lord' → 'יְהוָ֖ה'
22:17	3	Lord		3	יְהוָ֖ה		global-review-known-rendering	safe	0.7286	approved	0				global known-rendering assignment; lexical score 0.58
22:17	4	said		7	אמֹֽר		global-review-known-rendering	safe	0.777	approved	0				global known-rendering assignment; lexical score 0.63
22:17	6	Moses		5	מֹשֶׁ֥ה		global-review-known-rendering	safe	0.7976	approved	0				global known-rendering assignment; lexical score 0.65
22:18	1	Say		13	אָמַרְתָּ֖		global-review-known-rendering	safe	0.7661	approved	0				global known-rendering assignment; lexical score 0.62
22:18	3	Aaron		3	אַהֲרֹ֜ן		global-review-known-rendering	safe	0.7942	approved	0				global known-rendering assignment; lexical score 0.64
22:18	6	his		6	בָּנָ֗יו		attached-word	safe	0.6674	approved	0				PossessivePronoun of 'sons'
22:18	7	sons		6	בָּנָ֗יו		global-review-known-rendering	safe	0.7674	approved	0				global known-rendering assignment; lexical score 0.62
22:18	10	all		9	כָּל		global-review-known-rendering	safe	0.7583	approved	0				global known-rendering assignment; lexical score 0.61
22:18	11	the				expands	supplied-article	safe	0.7612	approved	0				article the original does not write; rests on 'children' → 'בְּנֵ֣י'
22:18	12	children		10	בְּנֵ֣י		global-review-known-rendering	safe	0.7612	approved	0				global known-rendering assignment; lexical score 0.61
22:18	13	of		11	יִשְׂרָאֵ֔ל		attached-word	safe	0.686	approved	0				Genitive of 'Israel'
22:18	14	Israel		11	יִשְׂרָאֵ֔ל		global-review-known-rendering	safe	0.786	approved	0				global known-rendering assignment; lexical score 0.64
22:18	17	man		16	אִישׁ֩		global-review-known-rendering	safe	0.6004	approved	0				global known-rendering assignment; lexical score 0.45
22:18	22	Israel		19	יִשְׂרָאֵ֜ל		global-review-known-rendering	safe	0.786	approved	0				global known-rendering assignment; lexical score 0.64
22:18	29	Israel		25	יִשְׂרָאֵ֗ל		global-review-known-rendering	safe	0.786	approved	0				global known-rendering assignment; lexical score 0.64
22:18	42	the				expands	supplied-article	safe	0.7286	approved	0				article the original does not write; rests on 'Lord' → 'יהוָ֖ה'
22:18	43	Lord		39	יהוָ֖ה		global-review-known-rendering	safe	0.7286	approved	0				global known-rendering assignment; lexical score 0.58
22:19	13	a				expands	supplied-indefinite-article	safe	0.7437	approved	0				indefinite article; rests on 'male' → 'זָכָ֔ר'
22:19	14	male		4	זָכָ֔ר		global-review-known-rendering	safe	0.7437	approved	0				global known-rendering assignment; lexical score 0.59
22:19	20	the		6			attached-word	safe	0.6032	approved	0				Article of 'oxen'
22:19	21	oxen		7	בָּקָ֕ר		global-review-known-rendering	safe	0.7032	approved	0				global known-rendering assignment; lexical score 0.55
22:19	26	the		13			attached-word	safe	0.5092	approved	0				Article of 'goats'
22:19	27	goats		14	עִזִּֽים		global-review-known-rendering	safe	0.6092	approved	0				global known-rendering assignment; lexical score 0.46
22:20	3	which		2	אֲשֶׁר		global-review-known-rendering	safe	0.6689	approved	0				global known-rendering assignment; lexical score 0.52
22:20	9	not		5	לֹ֣א		global-review-known-rendering	safe	0.6785	approved	0				global known-rendering assignment; lexical score 0.53
22:20	13	not		8	לֹ֥א		global-review-known-rendering	safe	0.6785	approved	0				global known-rendering assignment; lexical score 0.53
22:21	20	the		16			attached-word	safe	0.6438	approved	0				Article of 'herd'
22:21	21	herd		17	בָּקָ֖ר		global-review-known-rendering	safe	0.7437	approved	0				global known-rendering assignment; lexical score 0.59
22:21	23	the		20			attached-word	safe	0.6162	approved	0				Article of 'flock'
22:21	24	flock		21	צֹּ֑אן		global-review-known-rendering	safe	0.7162	approved	0				global known-rendering assignment; lexical score 0.57
22:22	17	not		12	לֹא		global-review-known-rendering	safe	0.6785	approved	0				global known-rendering assignment; lexical score 0.53
22:22	21	the				expands	supplied-article	safe	0.7286	approved	0				article the original does not write; rests on 'Lord' → 'יהוָ֑ה'
22:22	22	Lord		16	יהוָ֑ה		global-review-known-rendering	safe	0.7286	approved	0				global known-rendering assignment; lexical score 0.58
22:22	25	not		19	לֹא		global-review-known-rendering	safe	0.6785	approved	0				global known-rendering assignment; lexical score 0.53
22:22	34	the		23	הַ		attached-word	safe	0.6897	approved	0				Article of 'altar'
22:22	35	altar		24	מִּזְבֵּ֖חַ		global-review-known-rendering	safe	0.7897	approved	0				global known-rendering assignment; lexical score 0.64
22:22	37	the				expands	supplied-article	safe	0.7286	approved	0				article the original does not write; rests on 'Lord' → 'יהוָֽה'
22:22	38	Lord		26	יהוָֽה		global-review-known-rendering	safe	0.7286	approved	0				global known-rendering assignment; lexical score 0.58
22:23	1	An				expands	supplied-indefinite-article	safe	0.7227	approved	0				indefinite article; rests on 'ox' → 'שֹׁ֥ור'
22:23	2	ox		2	שֹׁ֥ור		global-review-known-rendering	safe	0.7227	approved	0				global known-rendering assignment; lexical score 0.57
22:23	25	not		14	לֹ֥א		global-review-known-rendering	safe	0.6785	approved	0				global known-rendering assignment; lexical score 0.53
22:24	14	cut		8	כָר֔וּת		global-review-known-rendering	safe	0.5818	approved	0				global known-rendering assignment; lexical score 0.43
22:24	16	not		9	לֹ֥א		global-review-known-rendering	safe	0.6785	approved	0				global known-rendering assignment; lexical score 0.53
22:24	20	the				expands	supplied-article	safe	0.7286	approved	0				article the original does not write; rests on 'Lord' → 'יהוָ֑ה'
22:24	21	Lord		12	יהוָ֑ה		global-review-known-rendering	safe	0.7286	approved	0				global known-rendering assignment; lexical score 0.58
22:24	26	not		16	לֹ֥א		global-review-known-rendering	safe	0.6785	approved	0				global known-rendering assignment; lexical score 0.53
22:24	28	done		17	תַעֲשֽׂוּ		global-review-known-rendering	safe	0.6989	approved	0				global known-rendering assignment; lexical score 0.55
22:24	31	your		15	אַרְצְכֶ֖ם		attached-word	safe	0.6254	approved	0				PossessivePronoun of 'land'
22:24	32	land		15	אַרְצְכֶ֖ם		global-review-known-rendering	safe	0.7254	approved	0				global known-rendering assignment; lexical score 0.58
22:25	6	not		6	לֹ֥א		global-review-known-rendering	safe	0.6785	approved	0				global known-rendering assignment; lexical score 0.53
22:25	15	these		13	אֵ֑לֶּה		global-review-known-rendering	safe	0.7109	approved	0				global known-rendering assignment; lexical score 0.56
22:25	36	not		19	לֹ֥א		global-review-known-rendering	safe	0.6785	approved	0				global known-rendering assignment; lexical score 0.53
22:26	2	the				expands	supplied-article	safe	0.7286	approved	0				article the original does not write; rests on 'Lord' → 'יְהוָ֖ה'
22:26	3	Lord		3	יְהוָ֖ה		global-review-known-rendering	safe	0.7286	approved	0				global known-rendering assignment; lexical score 0.58
22:26	4	said		7	אמֹֽר		global-review-known-rendering	safe	0.777	approved	0				global known-rendering assignment; lexical score 0.63
22:26	6	Moses		5	מֹשֶׁ֥ה		global-review-known-rendering	safe	0.7976	approved	0				global known-rendering assignment; lexical score 0.65
22:27	2	an				expands	supplied-indefinite-article	safe	0.7227	approved	0				indefinite article; rests on 'ox' → 'שֹׁ֣ור'
22:27	3	ox		1	שֹׁ֣ור		global-review-known-rendering	safe	0.7227	approved	0				global known-rendering assignment; lexical score 0.57
22:27	17	its		13	אִמֹּ֑ו		attached-word	safe	0.6599	approved	0				PossessivePronoun of 'mother'
22:27	18	mother		13	אִמֹּ֑ו		global-review-known-rendering	safe	0.7599	approved	0				global known-rendering assignment; lexical score 0.61
22:27	20	seven		10	שִׁבְעַ֥ת		global-review-known-rendering	safe	0.783	approved	0				global known-rendering assignment; lexical score 0.63
22:27	21	days		11	יָמִ֖ים		global-review-known-rendering	safe	0.7783	approved	0				global known-rendering assignment; lexical score 0.63
22:27	24	the		17	הַ		attached-word	safe	0.6297	approved	0				Article of 'eighth'
22:27	25	eighth		18	שְּׁמִינִי֙		global-review-known-rendering	safe	0.7297	approved	0				global known-rendering assignment; lexical score 0.58
22:27	26	day		16	יֹּ֤ום		global-review-known-rendering	safe	0.7666	approved	0				global known-rendering assignment; lexical score 0.62
22:27	38	the				expands	supplied-article	safe	0.7286	approved	0				article the original does not write; rests on 'Lord' → 'יהוָֽה'
22:27	39	Lord		26	יהוָֽה		global-review-known-rendering	safe	0.7286	approved	0				global known-rendering assignment; lexical score 0.58
22:28	7	not		9	לֹ֥א		global-review-known-rendering	safe	0.6785	approved	0				global known-rendering assignment; lexical score 0.53
22:28	18	day		12	יֹ֥ום		global-review-known-rendering	safe	0.7666	approved	0				global known-rendering assignment; lexical score 0.62
22:29	10	the				expands	supplied-article	safe	0.7286	approved	0				article the original does not write; rests on 'Lord' → 'יהוָ֑ה'
22:29	11	Lord		7	יהוָ֑ה		global-review-known-rendering	safe	0.7286	approved	0				global known-rendering assignment; lexical score 0.58
22:30	8	the		4	הַ		attached-word	safe	0.4686	approved	0				Article of 'same'
22:30	9	same		5	הוּא֙		global-review-known-rendering	safe	0.5686	approved	0				global known-rendering assignment; lexical score 0.42
22:30	10	day		3	יֹּ֤ום		global-review-known-rendering	safe	0.7666	approved	0				global known-rendering assignment; lexical score 0.62
22:30	12	not		7	לֹֽא		global-review-known-rendering	safe	0.6785	approved	0				global known-rendering assignment; lexical score 0.53
22:30	18	till		10	עַד		global-review-known-rendering	safe	0.6272	approved	0				global known-rendering assignment; lexical score 0.48
22:30	19	the				expands	supplied-article	safe	0.7524	approved	0				article the original does not write; rests on 'morning' → 'בֹּ֑קֶר'
22:30	20	morning		11	בֹּ֑קֶר		global-review-known-rendering	safe	0.7524	approved	0				global known-rendering assignment; lexical score 0.60
22:30	23	the				expands	supplied-article	safe	0.7286	approved	0				article the original does not write; rests on 'Lord' → 'יְהוָֽה'
22:30	24	Lord		13	יְהוָֽה		global-review-known-rendering	safe	0.7286	approved	0				global known-rendering assignment; lexical score 0.58
22:31	3	keep		2	שְׁמַרְתֶּם֙		global-review-known-rendering	safe	0.5875	approved	0				global known-rendering assignment; lexical score 0.44
22:31	7	do		5	עֲשִׂיתֶ֖ם		global-review-known-rendering	safe	0.629	approved	0				global known-rendering assignment; lexical score 0.48
22:31	11	the				expands	supplied-article	safe	0.7286	approved	0				article the original does not write; rests on 'Lord' → 'יְהוָֽה'
22:31	12	Lord		8	יְהוָֽה		global-review-known-rendering	safe	0.7286	approved	0				global known-rendering assignment; lexical score 0.58
22:32				4	אֶת	omits	unrendered-object-marker	safe	0.7895	approved	0				object marker; rests on 'name' → 'שֵׁ֣ם'
22:32	3	not		2	לֹ֤א		global-review-known-rendering	safe	0.6785	approved	0				global known-rendering assignment; lexical score 0.53
22:32	5	my		6	קָדְשִׁ֔י		attached-word	safe	0.5594	approved	0				PossessivePronoun of 'holy'
22:32	6	holy		6	קָדְשִׁ֔י		global-review-known-rendering	safe	0.6594	approved	0				global known-rendering assignment; lexical score 0.51
22:32	7	name		5	שֵׁ֣ם		global-review-known-rendering	safe	0.7895	approved	0				global known-rendering assignment; lexical score 0.64
22:32	17	the				expands	supplied-article	safe	0.7612	approved	0				article the original does not write; rests on 'children' → 'בְּנֵ֣י'
22:32	18	children		11	בְּנֵ֣י		global-review-known-rendering	safe	0.7612	approved	0				global known-rendering assignment; lexical score 0.61
22:32	19	of		12	יִשְׂרָאֵ֑ל		attached-word	safe	0.686	approved	0				Genitive of 'Israel'
22:32	20	Israel		12	יִשְׂרָאֵ֑ל		global-review-known-rendering	safe	0.786	approved	0				global known-rendering assignment; lexical score 0.64
22:32	23	the				expands	supplied-article	safe	0.7286	approved	0				article the original does not write; rests on 'Lord' → 'יְהוָ֖ה'
22:32	24	Lord		14	יְהוָ֖ה		global-review-known-rendering	safe	0.7286	approved	0				global known-rendering assignment; lexical score 0.58
22:33	6	the				expands	supplied-article	safe	0.7254	approved	0				article the original does not write; rests on 'land' → 'אֶ֣רֶץ'
22:33	7	land		5	אֶ֣רֶץ		global-review-known-rendering	safe	0.7254	approved	0				global known-rendering assignment; lexical score 0.58
22:33	8	of		6	מִצְרַ֔יִם		attached-word	safe	0.6331	approved	0				Genitive of 'Egypt'
22:33	9	Egypt		6	מִצְרַ֔יִם		global-review-known-rendering	safe	0.7331	approved	0				global known-rendering assignment; lexical score 0.58
22:33	15	God		11	אלֹהִ֑ים		global-review-known-rendering	safe	0.6915	approved	0				global known-rendering assignment; lexical score 0.54
22:33	18	the				expands	supplied-article	safe	0.7286	approved	0				article the original does not write; rests on 'Lord' → 'יְהוָֽה'
22:33	19	Lord		13	יְהוָֽה		global-review-known-rendering	safe	0.7286	approved	0				global known-rendering assignment; lexical score 0.58
23:1	2	the				expands	supplied-article	safe	0.7284	approved	0				article the original does not write; rests on 'Lord' → 'יְהוָ֖ה'
23:1	3	Lord		3	יְהוָ֖ה		global-review-known-rendering	safe	0.7284	approved	0				global known-rendering assignment; lexical score 0.58
23:1	4	said		7	אמֹֽר		global-review-known-rendering	safe	0.777	approved	0				global known-rendering assignment; lexical score 0.63
23:1	6	Moses		5	מֹשֶׁ֥ה		global-review-known-rendering	safe	0.7976	approved	0				global known-rendering assignment; lexical score 0.65
23:2				5	וְ	omits	unrendered-conjunction	safe	0.7661	approved	0				conjunction no word of the verse renders; rests on 'Say' → 'אָמַרְתָּ֣'
23:2	1	Say		6	אָמַרְתָּ֣		global-review-known-rendering	safe	0.7661	approved	0				global known-rendering assignment; lexical score 0.62
23:2	3	the				expands	supplied-article	safe	0.7611	approved	0				article the original does not write; rests on 'children' → 'בְּנֵ֤י'
23:2	4	children		3	בְּנֵ֤י		global-review-known-rendering	safe	0.7611	approved	0				global known-rendering assignment; lexical score 0.61
23:2	5	of		4	יִשְׂרָאֵל֙		attached-word	safe	0.6858	approved	0				Genitive of 'Israel'
23:2	6	Israel		4	יִשְׂרָאֵל֙		global-review-known-rendering	safe	0.7858	approved	0				global known-rendering assignment; lexical score 0.64
23:2	9	the				expands	supplied-article	safe	0.6435	approved	0				article the original does not write; rests on 'feasts' → 'מֹועֲדֵ֣י'
23:2	11	feasts		8	מֹועֲדֵ֣י		global-review-known-rendering	safe	0.6435	approved	0				global known-rendering assignment; lexical score 0.49
23:2	12	of		9	יְהוָ֔ה		attached-word	safe	0.6284	approved	0				Genitive of 'Lord'
23:2	13	the				expands	supplied-article	safe	0.7284	approved	0				article the original does not write; rests on 'Lord' → 'יְהוָ֔ה'
23:2	14	Lord		9	יְהוָ֔ה		global-review-known-rendering	safe	0.7284	approved	0				global known-rendering assignment; lexical score 0.58
23:2	15	which		10	אֲשֶׁר		global-review-known-rendering	safe	0.6685	approved	0				global known-rendering assignment; lexical score 0.52
23:2	20	holy		14	קֹ֑דֶשׁ		global-review-known-rendering	safe	0.6593	approved	0				global known-rendering assignment; lexical score 0.51
23:2	22	these		15	אֵ֥לֶּה		global-review-known-rendering	safe	0.7108	approved	0				global known-rendering assignment; lexical score 0.56
23:2	24	my		17	מֹועֲדָֽי		attached-word	safe	0.5435	approved	0				PossessivePronoun of 'feasts'
23:2	25	feasts		17	מֹועֲדָֽי		global-review-known-rendering	safe	0.6435	approved	0				global known-rendering assignment; lexical score 0.49
23:3	2	six		1	שֵׁ֣שֶׁת		global-review-known-rendering	safe	0.7927	approved	0				global known-rendering assignment; lexical score 0.64
23:3	3	days		2	יָמִים֮		global-review-known-rendering	safe	0.778	approved	0				global known-rendering assignment; lexical score 0.63
23:3	7	done		3	תֵּעָשֶׂ֣ה		global-review-known-rendering	safe	0.6987	approved	0				global known-rendering assignment; lexical score 0.55
23:3	9	the		9	הַ		attached-word	safe	0.6426	approved	0				Article of 'seventh'
23:3	10	seventh		10	שְּׁבִיעִ֗י		global-review-known-rendering	safe	0.7426	approved	0				global known-rendering assignment; lexical score 0.59
23:3	11	day		8	יֹּ֣ום		global-review-known-rendering	safe	0.7661	approved	0				global known-rendering assignment; lexical score 0.62
23:3	24	do		18	תַעֲשׂ֑וּ		global-review-known-rendering	safe	0.627	approved	0				global known-rendering assignment; lexical score 0.48
23:3	31	a				expands	supplied-indefinite-article	safe	0.7735	approved	0				indefinite article; rests on 'Sabbath' → 'שַׁבָּ֥ת'
23:3	32	Sabbath		19	שַׁבָּ֥ת		global-review-known-rendering	safe	0.7735	approved	0				global known-rendering assignment; lexical score 0.62
23:3	34	the				expands	supplied-article	safe	0.7284	approved	0				article the original does not write; rests on 'Lord' → 'יהוָ֔ה'
23:3	35	Lord		22	יהוָ֔ה		global-review-known-rendering	safe	0.7284	approved	0				global known-rendering assignment; lexical score 0.58
23:4	1	These		1	אֵ֚לֶּה		global-review-known-rendering	safe	0.7108	approved	0				global known-rendering assignment; lexical score 0.56
23:4	3	the				expands	supplied-article	safe	0.6435	approved	0				article the original does not write; rests on 'feasts' → 'מֹועֲדֵ֣י'
23:4	5	feasts		2	מֹועֲדֵ֣י		global-review-known-rendering	safe	0.6435	approved	0				global known-rendering assignment; lexical score 0.49
23:4	6	of		3	יְהוָ֔ה		attached-word	safe	0.6284	approved	0				Genitive of 'Lord'
23:4	7	the				expands	supplied-article	safe	0.7284	approved	0				article the original does not write; rests on 'Lord' → 'יְהוָ֔ה'
23:4	8	Lord		3	יְהוָ֔ה		global-review-known-rendering	safe	0.7284	approved	0				global known-rendering assignment; lexical score 0.58
23:4	9	the				expands	supplied-article	safe	0.6593	approved	0				article the original does not write; rests on 'holy' → 'קֹ֑דֶשׁ'
23:4	10	holy		5	קֹ֑דֶשׁ		global-review-known-rendering	safe	0.6593	approved	0				global known-rendering assignment; lexical score 0.51
23:4	14	which		6	אֲשֶׁר		global-review-known-rendering	safe	0.6685	approved	0				global known-rendering assignment; lexical score 0.52
23:5	2	the		4	הָ		attached-word	safe	0.4633	approved	0				Article of 'first'
23:5	3	first		5	רִאשֹׁ֗ון		global-review-known-rendering	safe	0.5633	approved	0				global known-rendering assignment; lexical score 0.41
23:5	4	month		3	חֹ֣דֶשׁ		global-review-known-rendering	safe	0.7794	approved	0				global known-rendering assignment; lexical score 0.63
23:5	10	the		10			attached-word	safe	0.6794	approved	0				Article of 'month'
23:5	11	month		11	חֹ֖דֶשׁ		global-review-known-rendering	safe	0.7794	approved	0				global known-rendering assignment; lexical score 0.63
23:5	17	Passover		15	פֶּ֖סַח		global-review-known-rendering	safe	0.8	approved	0				global known-rendering assignment; lexical score 0.65
23:6	5	day		5	יֹום֙		global-review-known-rendering	safe	0.7661	approved	0				global known-rendering assignment; lexical score 0.62
23:6	9	month		8	חֹ֣דֶשׁ		global-review-known-rendering	safe	0.7794	approved	0				global known-rendering assignment; lexical score 0.63
23:6	11	the				expands	supplied-article	safe	0.6291	approved	0				article the original does not write; rests on 'feast' → 'חַ֥ג'
23:6	12	feast		11	חַ֥ג		global-review-known-rendering	safe	0.6291	approved	0				global known-rendering assignment; lexical score 0.48
23:6	13	of		13	מַּצֹּ֖ות		attached-word	safe	0.7	approved	0				Genitive of 'unleavened'
23:6	14	unleavened		13	מַּצֹּ֖ות		global-review-known-rendering	safe	0.8	approved	0				global known-rendering assignment; lexical score 0.65
23:6	17	seven		16	שִׁבְעַ֥ת		global-review-known-rendering	safe	0.7826	approved	0				global known-rendering assignment; lexical score 0.63
23:6	18	days		17	יָמִ֖ים		global-review-known-rendering	safe	0.778	approved	0				global known-rendering assignment; lexical score 0.63
23:6	23	unleavened		18	מַצֹּ֥ות		global-review-known-rendering	safe	0.8	approved	0				global known-rendering assignment; lexical score 0.65
23:7				2		omits	unrendered-article	safe	0.7661	approved	0				article no the of the verse renders; rests on 'day' → 'יֹּום֙'
23:7	2	the		4	הָֽ		attached-word	safe	0.4633	approved	0				Article of 'first'
23:7	3	first		5	רִאשֹׁ֔ון		global-review-known-rendering	safe	0.5633	approved	0				global known-rendering assignment; lexical score 0.41
23:7	4	day		3	יֹּום֙		global-review-known-rendering	safe	0.7661	approved	0				global known-rendering assignment; lexical score 0.62
23:7	8	a				expands	supplied-indefinite-article	safe	0.6593	approved	0				indefinite article; rests on 'holy' → 'קֹ֖דֶשׁ'
23:7	9	holy		7	קֹ֖דֶשׁ		global-review-known-rendering	safe	0.6593	approved	0				global known-rendering assignment; lexical score 0.51
23:7	13	do		14	תַעֲשֽׂוּ		global-review-known-rendering	safe	0.627	approved	0				global known-rendering assignment; lexical score 0.48
23:8	5	seven		6	שִׁבְעַ֣ת		global-review-known-rendering	safe	0.7826	approved	0				global known-rendering assignment; lexical score 0.63
23:8	6	days		7	יָמִ֑ים		global-review-known-rendering	safe	0.778	approved	0				global known-rendering assignment; lexical score 0.63
23:8	14	the				expands	supplied-article	safe	0.7284	approved	0				article the original does not write; rests on 'Lord' → 'יהוָ֖ה'
23:8	15	Lord		5	יהוָ֖ה		global-review-known-rendering	safe	0.7284	approved	0				global known-rendering assignment; lexical score 0.58
23:8	18	the		11	הַ		attached-word	safe	0.6426	approved	0				Article of 'seventh'
23:8	19	seventh		12	שְּׁבִיעִי֙		global-review-known-rendering	safe	0.7426	approved	0				global known-rendering assignment; lexical score 0.59
23:8	20	day		10	יֹּ֤ום		global-review-known-rendering	safe	0.7661	approved	0				global known-rendering assignment; lexical score 0.62
23:8	24	a				expands	supplied-indefinite-article	safe	0.6593	approved	0				indefinite article; rests on 'holy' → 'קֹ֔דֶשׁ'
23:8	25	holy		14	קֹ֔דֶשׁ		global-review-known-rendering	safe	0.6593	approved	0				global known-rendering assignment; lexical score 0.51
23:8	29	do		19	תַעֲשֽׂוּ		global-review-known-rendering	safe	0.627	approved	0				global known-rendering assignment; lexical score 0.48
23:9	2	the				expands	supplied-article	safe	0.7284	approved	0				article the original does not write; rests on 'Lord' → 'יְהוָ֖ה'
23:9	3	Lord		3	יְהוָ֖ה		global-review-known-rendering	safe	0.7284	approved	0				global known-rendering assignment; lexical score 0.58
23:9	4	said		7	אמֹֽר		global-review-known-rendering	safe	0.777	approved	0				global known-rendering assignment; lexical score 0.63
23:9	6	Moses		5	מֹשֶׁ֥ה		global-review-known-rendering	safe	0.7976	approved	0				global known-rendering assignment; lexical score 0.65
23:10	1	Say		6	אָמַרְתָּ֣		global-review-known-rendering	safe	0.7661	approved	0				global known-rendering assignment; lexical score 0.62
23:10	3	the				expands	supplied-article	safe	0.7611	approved	0				article the original does not write; rests on 'children' → 'בְּנֵ֤י'
23:10	4	children		3	בְּנֵ֤י		global-review-known-rendering	safe	0.7611	approved	0				global known-rendering assignment; lexical score 0.61
23:10	5	of		4	יִשְׂרָאֵל֙		attached-word	safe	0.6858	approved	0				Genitive of 'Israel'
23:10	6	Israel		4	יִשְׂרָאֵל֙		global-review-known-rendering	safe	0.7858	approved	0				global known-rendering assignment; lexical score 0.64
23:10	10	come		9	תָבֹ֣אוּ		global-review-known-rendering	safe	0.572	approved	0				global known-rendering assignment; lexical score 0.42
23:10	12	the		11	הָ		attached-word	safe	0.6253	approved	0				Article of 'land'
23:10	13	land		12	אָ֗רֶץ		global-review-known-rendering	safe	0.7253	approved	0				global known-rendering assignment; lexical score 0.58
23:10	14	which		13	אֲשֶׁ֤ר		global-review-known-rendering	safe	0.6685	approved	0				global known-rendering assignment; lexical score 0.52
23:10	17	give		15	נֹתֵ֣ן		global-review-known-rendering	safe	0.651	approved	0				global known-rendering assignment; lexical score 0.50
23:10	37	the		28	הַ		attached-word	safe	0.6904	approved	0				Article of 'priest'
23:10	38	priest		29	כֹּהֵֽן		global-review-known-rendering	safe	0.7904	approved	0				global known-rendering assignment; lexical score 0.64
23:11	6	waved		2	הֵנִ֧יף		global-review-known-rendering	safe	0.725	approved	0				global known-rendering assignment; lexical score 0.57
23:11	7	before		7	פְנֵ֥י		global-review-known-rendering	safe	0.6581	approved	0				global known-rendering assignment; lexical score 0.51
23:11	8	the				expands	supplied-article	safe	0.7284	approved	0				article the original does not write; rests on 'Lord' → 'יְהוָ֖ה'
23:11	9	Lord		8	יְהוָ֖ה		global-review-known-rendering	safe	0.7284	approved	0				global known-rendering assignment; lexical score 0.58
23:11	22	the		13	הַ		attached-word	safe	0.6735	approved	0				Article of 'Sabbath'
23:11	23	Sabbath		14	שַּׁבָּ֔ת		global-review-known-rendering	safe	0.7735	approved	0				global known-rendering assignment; lexical score 0.62
23:11	27	waved		15	יְנִיפֶ֖נּוּ		global-review-known-rendering	safe	0.725	approved	0				global known-rendering assignment; lexical score 0.57
23:11	29	the		16	הַ		attached-word	safe	0.6904	approved	0				Article of 'priest'
23:11	30	priest		17	כֹּהֵֽן		global-review-known-rendering	safe	0.7904	approved	0				global known-rendering assignment; lexical score 0.64
23:12	3	the				expands	supplied-article	safe	0.7661	approved	0				article the original does not write; rests on 'day' → 'יֹ֥ום'
23:12	4	day		4	יֹ֥ום		global-review-known-rendering	safe	0.7661	approved	0				global known-rendering assignment; lexical score 0.62
23:12	17	lamb		9	כֶּ֣בֶשׂ		global-review-known-rendering	safe	0.6046	approved	0				global known-rendering assignment; lexical score 0.45
23:12	21	year		12	שְׁנָתֹ֛ו		global-review-known-rendering	safe	0.77	approved	0				global known-rendering assignment; lexical score 0.62
23:12	30	the				expands	supplied-article	safe	0.7284	approved	0				article the original does not write; rests on 'Lord' → 'יהוָֽה'
23:12	31	Lord		16	יהוָֽה		global-review-known-rendering	safe	0.7284	approved	0				global known-rendering assignment; lexical score 0.58
23:13	9	two		3	שְׁנֵ֨י		global-review-known-rendering	safe	0.687	approved	0				global known-rendering assignment; lexical score 0.54
23:13	21	oil		9	שֶּׁ֛מֶן		global-review-known-rendering	safe	0.7223	approved	0				global known-rendering assignment; lexical score 0.57
23:13	28	the				expands	supplied-article	safe	0.7284	approved	0				article the original does not write; rests on 'Lord' → 'יהוָ֖ה'
23:13	29	Lord		12	יהוָ֖ה		global-review-known-rendering	safe	0.7284	approved	0				global known-rendering assignment; lexical score 0.58
23:13	33	smell		13	רֵ֣יחַ		global-review-known-rendering	safe	0.625	approved	0				global known-rendering assignment; lexical score 0.48
23:13	44	wine		17	יַ֖יִן		global-review-known-rendering	safe	0.6508	approved	0				global known-rendering assignment; lexical score 0.50
23:13	45	the				expands	supplied-article	safe	0.6705	approved	0				article the original does not write; rests on 'fourth' → 'רְבִיעִ֥ת'
23:13	46	fourth		18	רְבִיעִ֥ת		global-review-known-rendering	safe	0.6705	approved	0				global known-rendering assignment; lexical score 0.52
23:13	49	a				expands	supplied-indefinite-article	safe	0.8	approved	0				indefinite article; rests on 'hin' → 'הִֽין'
23:13	50	hin		20	הִֽין		global-review-known-rendering	safe	0.8	approved	0				global known-rendering assignment; lexical score 0.65
23:14	6	bread		2	לֶחֶם֩		global-review-known-rendering	safe	0.7308	approved	0				global known-rendering assignment; lexical score 0.58
23:14	15	till		9	עַד		global-review-known-rendering	safe	0.6272	approved	0				global known-rendering assignment; lexical score 0.48
23:14	18	day		12	יֹּ֣ום		global-review-known-rendering	safe	0.7661	approved	0				global known-rendering assignment; lexical score 0.62
23:14	27	your		19	אֱלֹהֵיכֶ֑ם		attached-word	safe	0.5914	approved	0				PossessivePronoun of 'God'
23:14	28	God		19	אֱלֹהֵיכֶ֑ם		global-review-known-rendering	safe	0.6914	approved	0				global known-rendering assignment; lexical score 0.54
23:14	34	ever		21	עֹולָם֙		global-review-known-rendering	safe	0.6074	approved	0				global known-rendering assignment; lexical score 0.46
23:14	36	all		25	כֹ֖ל		global-review-known-rendering	safe	0.7582	approved	0				global known-rendering assignment; lexical score 0.61
23:15	3	seven		15	שֶׁ֥בַע		global-review-known-rendering	safe	0.7826	approved	0				global known-rendering assignment; lexical score 0.63
23:15	12	the		6	הַ		attached-word	safe	0.6735	approved	0				Article of 'Sabbath'
23:15	13	Sabbath		7	שַּׁבָּ֔ת		global-review-known-rendering	safe	0.7735	approved	0				global known-rendering assignment; lexical score 0.62
23:15	14	the				expands	supplied-article	safe	0.7661	approved	0				article the original does not write; rests on 'day' → 'יֹּום֙'
23:15	15	day		9	יֹּום֙		global-review-known-rendering	safe	0.7661	approved	0				global known-rendering assignment; lexical score 0.62
23:15	22	the		13	הַ		attached-word	safe	0.556	approved	0				Article of 'wave'
23:15	23	wave		14	תְּנוּפָ֑ה		global-review-known-rendering	safe	0.656	approved	0				global known-rendering assignment; lexical score 0.51
23:16	2	fifty		9	חֲמִשִּׁ֣ים		global-review-known-rendering	safe	0.794	approved	0				global known-rendering assignment; lexical score 0.64
23:16	3	days		10	יֹ֑ום		global-review-known-rendering	safe	0.778	approved	0				global known-rendering assignment; lexical score 0.63
23:16	10	the		6	הַ		attached-word	safe	0.6426	approved	0				Article of 'seventh'
23:16	11	seventh		7	שְּׁבִיעִ֔ת		global-review-known-rendering	safe	0.7426	approved	0				global known-rendering assignment; lexical score 0.59
23:16	12	Sabbath		5	שַּׁבָּת֙		global-review-known-rendering	safe	0.7735	approved	0				global known-rendering assignment; lexical score 0.62
23:16	18	a				expands	supplied-indefinite-article	safe	0.6071	approved	0				indefinite article; rests on 'new' → 'חֲדָשָׁ֖ה'
23:16	19	new		14	חֲדָשָׁ֖ה		global-review-known-rendering	safe	0.6071	approved	0				global known-rendering assignment; lexical score 0.46
23:16	23	the				expands	supplied-article	safe	0.7284	approved	0				article the original does not write; rests on 'Lord' → 'יהוָֽה'
23:16	24	Lord		16	יהוָֽה		global-review-known-rendering	safe	0.7284	approved	0				global known-rendering assignment; lexical score 0.58
23:17	5	two		6	שְׁ֚תַּיִם		global-review-known-rendering	safe	0.687	approved	0				global known-rendering assignment; lexical score 0.54
23:17	8	bread		4	לֶ֣חֶם		global-review-known-rendering	safe	0.7308	approved	0				global known-rendering assignment; lexical score 0.58
23:17	30	the				expands	supplied-article	safe	0.7284	approved	0				article the original does not write; rests on 'Lord' → 'יהוָֽה'
23:17	31	Lord		15	יהוָֽה		global-review-known-rendering	safe	0.7284	approved	0				global known-rendering assignment; lexical score 0.58
23:18	3	the		4	הַ		attached-word	safe	0.6308	approved	0				Article of 'bread'
23:18	4	bread		5	לֶּ֗חֶם		global-review-known-rendering	safe	0.7308	approved	0				global known-rendering assignment; lexical score 0.58
23:18	6	seven		6	שִׁבְעַ֨ת		global-review-known-rendering	safe	0.7826	approved	0				global known-rendering assignment; lexical score 0.63
23:18	7	lambs		7	כְּבָשִׂ֤ים		global-review-known-rendering	safe	0.6788	approved	0				global known-rendering assignment; lexical score 0.53
23:18	11	year		10	שָׁנָ֔ה		global-review-known-rendering	safe	0.77	approved	0				global known-rendering assignment; lexical score 0.62
23:18	16	one		15	אֶחָ֖ד		global-review-known-rendering	safe	0.59	approved	0				global known-rendering assignment; lexical score 0.44
23:18	19	two		18	שְׁנָ֑יִם		global-review-known-rendering	safe	0.687	approved	0				global known-rendering assignment; lexical score 0.54
23:18	28	the				expands	supplied-article	safe	0.7284	approved	0				article the original does not write; rests on 'Lord' → 'יהוָ֔ה'
23:18	29	Lord		22	יהוָ֔ה		global-review-known-rendering	safe	0.7284	approved	0				global known-rendering assignment; lexical score 0.58
23:18	43	smell		28	רֵֽיחַ		global-review-known-rendering	safe	0.625	approved	0				global known-rendering assignment; lexical score 0.48
23:18	48	the				expands	supplied-article	safe	0.7284	approved	0				article the original does not write; rests on 'Lord' → 'יהוָֽה'
23:18	49	Lord		31	יהוָֽה		global-review-known-rendering	safe	0.7284	approved	0				global known-rendering assignment; lexical score 0.58
23:19	6	one		5	אֶחָ֖ד		global-review-known-rendering	safe	0.59	approved	0				global known-rendering assignment; lexical score 0.44
23:19	8	goat		3	שְׂעִיר		global-review-known-rendering	safe	0.6071	approved	0				global known-rendering assignment; lexical score 0.46
23:19	13	two		9	שְׁנֵ֧י		global-review-known-rendering	safe	0.687	approved	0				global known-rendering assignment; lexical score 0.54
23:19	15	lambs		10	כְבָשִׂ֛ים		global-review-known-rendering	safe	0.6788	approved	0				global known-rendering assignment; lexical score 0.53
23:19	19	year		12	שָׁנָ֖ה		global-review-known-rendering	safe	0.77	approved	0				global known-rendering assignment; lexical score 0.62
23:20	5	waved		2	הֵנִ֣יף		global-review-known-rendering	safe	0.725	approved	0				global known-rendering assignment; lexical score 0.57
23:20	7	the		3	הַ		attached-word	safe	0.6904	approved	0				Article of 'priest'
23:20	8	priest		4	כֹּהֵ֣ן		global-review-known-rendering	safe	0.7904	approved	0				global known-rendering assignment; lexical score 0.64
23:20	10	the				expands	supplied-article	safe	0.7308	approved	0				article the original does not write; rests on 'bread' → 'לֶ֨חֶם'
23:20	11	bread		7	לֶ֨חֶם		global-review-known-rendering	safe	0.7308	approved	0				global known-rendering assignment; lexical score 0.58
23:20	16	a				expands	supplied-indefinite-article	safe	0.656	approved	0				indefinite article; rests on 'wave' → 'תְּנוּפָה֙'
23:20	17	wave		10	תְּנוּפָה֙		global-review-known-rendering	safe	0.656	approved	0				global known-rendering assignment; lexical score 0.51
23:20	20	the				expands	supplied-article	safe	0.7284	approved	0				article the original does not write; rests on 'Lord' → 'יְהוָ֔ה'
23:20	21	Lord		13	יְהוָ֔ה		global-review-known-rendering	safe	0.7284	approved	0				global known-rendering assignment; lexical score 0.58
23:20	23	the				expands	supplied-article	safe	0.687	approved	0				article the original does not write; rests on 'two' → 'שְׁנֵ֖י'
23:20	24	two		15	שְׁנֵ֖י		global-review-known-rendering	safe	0.687	approved	0				global known-rendering assignment; lexical score 0.54
23:20	25	lambs		16	כְּבָשִׂ֑ים		global-review-known-rendering	safe	0.6788	approved	0				global known-rendering assignment; lexical score 0.53
23:20	29	holy		17	קֹ֛דֶשׁ		global-review-known-rendering	safe	0.6593	approved	0				global known-rendering assignment; lexical score 0.51
23:20	31	the				expands	supplied-article	safe	0.7284	approved	0				article the original does not write; rests on 'Lord' → 'יהוָ֖ה'
23:20	32	Lord		20	יהוָ֖ה		global-review-known-rendering	safe	0.7284	approved	0				global known-rendering assignment; lexical score 0.58
23:20	34	the		22			attached-word	safe	0.6904	approved	0				Article of 'priest'
23:20	35	priest		23	כֹּהֵֽן		global-review-known-rendering	safe	0.7904	approved	0				global known-rendering assignment; lexical score 0.64
23:21	5	day		6	יֹּ֣ום		global-review-known-rendering	safe	0.7661	approved	0				global known-rendering assignment; lexical score 0.62
23:21	15	a				expands	supplied-indefinite-article	safe	0.6593	approved	0				indefinite article; rests on 'holy' → 'קֹ֨דֶשׁ֙'
23:21	16	holy		10	קֹ֨דֶשׁ֙		global-review-known-rendering	safe	0.6593	approved	0				global known-rendering assignment; lexical score 0.51
23:21	22	do		17	תַעֲשׂ֑וּ		global-review-known-rendering	safe	0.627	approved	0				global known-rendering assignment; lexical score 0.48
23:21	33	ever		19	עֹולָ֛ם		global-review-known-rendering	safe	0.6074	approved	0				global known-rendering assignment; lexical score 0.46
23:21	35	all		21	כָל		global-review-known-rendering	safe	0.7582	approved	0				global known-rendering assignment; lexical score 0.61
23:22	9	your		6	אַרְצְכֶ֗ם		attached-word	safe	0.6253	approved	0				PossessivePronoun of 'land'
23:22	10	land		6	אַרְצְכֶ֗ם		global-review-known-rendering	safe	0.7253	approved	0				global known-rendering assignment; lexical score 0.58
23:22	12	not		7	לֹֽא		global-review-known-rendering	safe	0.6789	approved	0				global known-rendering assignment; lexical score 0.53
23:22	20	of		10	שָֽׂדְךָ֙		attached-word	safe	0.6596	approved	0				Genitive of 'field'
23:22	21	the				expands	supplied-article	safe	0.7596	approved	0				article the original does not write; rests on 'field' → 'שָֽׂדְךָ֙'
23:22	22	field		10	שָֽׂדְךָ֙		global-review-known-rendering	safe	0.7596	approved	0				global known-rendering assignment; lexical score 0.61
23:22	27	not		16	לֹ֣א		global-review-known-rendering	safe	0.6789	approved	0				global known-rendering assignment; lexical score 0.53
23:22	54	the				expands	supplied-article	safe	0.7284	approved	0				article the original does not write; rests on 'Lord' → 'יְהוָ֥ה'
23:22	55	Lord		28	יְהוָ֥ה		global-review-known-rendering	safe	0.7284	approved	0				global known-rendering assignment; lexical score 0.58
23:22	56	your		29	אֱלֹהֵיכֶֽם		attached-word	safe	0.5914	approved	0				PossessivePronoun of 'God'
23:22	57	God		29	אֱלֹהֵיכֶֽם		global-review-known-rendering	safe	0.6914	approved	0				global known-rendering assignment; lexical score 0.54
23:23	2	the				expands	supplied-article	safe	0.7284	approved	0				article the original does not write; rests on 'Lord' → 'יְהוָ֖ה'
23:23	3	Lord		3	יְהוָ֖ה		global-review-known-rendering	safe	0.7284	approved	0				global known-rendering assignment; lexical score 0.58
23:23	4	said		7	אמֹֽר		global-review-known-rendering	safe	0.777	approved	0				global known-rendering assignment; lexical score 0.63
23:23	6	Moses		5	מֹשֶׁ֥ה		global-review-known-rendering	safe	0.7976	approved	0				global known-rendering assignment; lexical score 0.65
23:24	1	Say		6	אמֹ֑ר		global-review-known-rendering	safe	0.7661	approved	0				global known-rendering assignment; lexical score 0.62
23:24	3	the				expands	supplied-article	safe	0.7611	approved	0				article the original does not write; rests on 'children' → 'בְּנֵ֥י'
23:24	4	children		3	בְּנֵ֥י		global-review-known-rendering	safe	0.7611	approved	0				global known-rendering assignment; lexical score 0.61
23:24	5	of		4	יִשְׂרָאֵ֖ל		attached-word	safe	0.6858	approved	0				Genitive of 'Israel'
23:24	6	Israel		4	יִשְׂרָאֵ֖ל		global-review-known-rendering	safe	0.7858	approved	0				global known-rendering assignment; lexical score 0.64
23:24	8	the		10	הַ		attached-word	safe	0.6426	approved	0				Article of 'seventh'
23:24	9	seventh		11	שְּׁבִיעִ֜י		global-review-known-rendering	safe	0.7426	approved	0				global known-rendering assignment; lexical score 0.59
23:24	10	month		9	חֹ֨דֶשׁ		global-review-known-rendering	safe	0.7794	approved	0				global known-rendering assignment; lexical score 0.63
23:24	16	the		15			attached-word	safe	0.6794	approved	0				Article of 'month'
23:24	17	month		16	חֹ֗דֶשׁ		global-review-known-rendering	safe	0.7794	approved	0				global known-rendering assignment; lexical score 0.63
23:25	1	Do		5	תַעֲשׂ֑וּ		global-review-known-rendering	safe	0.627	approved	0				global known-rendering assignment; lexical score 0.48
23:25	7	the				expands	supplied-article	safe	0.7284	approved	0				article the original does not write; rests on 'Lord' → 'יהוָֽה'
23:25	8	Lord		10	יהוָֽה		global-review-known-rendering	safe	0.7284	approved	0				global known-rendering assignment; lexical score 0.58
23:26	2	the				expands	supplied-article	safe	0.7284	approved	0				article the original does not write; rests on 'Lord' → 'יְהוָ֖ה'
23:26	3	Lord		3	יְהוָ֖ה		global-review-known-rendering	safe	0.7284	approved	0				global known-rendering assignment; lexical score 0.58
23:26	4	said		7	אמֹֽר		global-review-known-rendering	safe	0.777	approved	0				global known-rendering assignment; lexical score 0.63
23:26	6	Moses		5	מֹשֶׁ֥ה		global-review-known-rendering	safe	0.7976	approved	0				global known-rendering assignment; lexical score 0.65
23:27	6	seventh		9	שְּׁבִיעִ֨י		global-review-known-rendering	safe	0.7426	approved	0				global known-rendering assignment; lexical score 0.59
23:27	7	month		7	חֹדֶשׁ֩		global-review-known-rendering	safe	0.7794	approved	0				global known-rendering assignment; lexical score 0.63
23:27	9	the				expands	supplied-article	safe	0.7661	approved	0				article the original does not write; rests on 'day' → 'יֹ֧ום'
23:27	10	day		12	יֹ֧ום		global-review-known-rendering	safe	0.7661	approved	0				global known-rendering assignment; lexical score 0.62
23:27	20	a				expands	supplied-indefinite-article	safe	0.6593	approved	0				indefinite article; rests on 'holy' → 'קֹ֨דֶשׁ֙'
23:27	21	holy		17	קֹ֨דֶשׁ֙		global-review-known-rendering	safe	0.6593	approved	0				global known-rendering assignment; lexical score 0.51
23:27	34	the				expands	supplied-article	safe	0.7284	approved	0				article the original does not write; rests on 'Lord' → 'יהוָֽה'
23:27	35	Lord		28	יהוָֽה		global-review-known-rendering	safe	0.7284	approved	0				global known-rendering assignment; lexical score 0.58
23:28	4	day		9	יֹּ֣ום		global-review-known-rendering	safe	0.7661	approved	0				global known-rendering assignment; lexical score 0.62
23:28	7	do		5	תַעֲשׂ֔וּ		global-review-known-rendering	safe	0.627	approved	0				global known-rendering assignment; lexical score 0.48
23:28	15	a				expands	supplied-indefinite-article	safe	0.7661	approved	0				indefinite article; rests on 'day' → 'יֹ֤ום'
23:28	16	day		13	יֹ֤ום		global-review-known-rendering	safe	0.7661	approved	0				global known-rendering assignment; lexical score 0.62
23:28	25	before		20	פְנֵ֖י		global-review-known-rendering	safe	0.6581	approved	0				global known-rendering assignment; lexical score 0.51
23:28	26	the				expands	supplied-article	safe	0.7284	approved	0				article the original does not write; rests on 'Lord' → 'יְהוָ֥ה'
23:28	27	Lord		21	יְהוָ֥ה		global-review-known-rendering	safe	0.7284	approved	0				global known-rendering assignment; lexical score 0.58
23:28	28	your		22	אֱלֹהֵיכֶֽם		attached-word	safe	0.5914	approved	0				PossessivePronoun of 'God'
23:28	29	God		22	אֱלֹהֵיכֶֽם		global-review-known-rendering	safe	0.6914	approved	0				global known-rendering assignment; lexical score 0.54
23:29				10	הַ	omits	unrendered-article	safe	0.7661	approved	0				article no the of the verse renders; rests on 'day' → 'יֹּ֣ום'
23:29				14	וְ	omits	unrendered-conjunction	safe	0.5825	approved	0				conjunction no word of the verse renders; rests on 'cut' → 'נִכְרְתָ֖ה'
23:29	14	day		11	יֹּ֣ום		global-review-known-rendering	safe	0.7661	approved	0				global known-rendering assignment; lexical score 0.62
23:29	17	cut		15	נִכְרְתָ֖ה		global-review-known-rendering	safe	0.5825	approved	0				global known-rendering assignment; lexical score 0.43
23:29	21	people		17	עַמֶּֽיהָ		global-review-known-rendering	safe	0.7672	approved	0				global known-rendering assignment; lexical score 0.62
23:30				11	הַ	omits	unrendered-article	safe	0.7661	approved	0				article no the of the verse renders; rests on 'day' → 'יֹּ֣ום'
23:30	11	day		12	יֹּ֣ום		global-review-known-rendering	safe	0.7661	approved	0				global known-rendering assignment; lexical score 0.62
23:30	26	people		24	עַמָּֽהּ		global-review-known-rendering	safe	0.7672	approved	0				global known-rendering assignment; lexical score 0.62
23:31	3	not		3	לֹ֣א		global-review-known-rendering	safe	0.6789	approved	0				global known-rendering assignment; lexical score 0.53
23:31	4	do		4	תַעֲשׂ֑וּ		global-review-known-rendering	safe	0.627	approved	0				global known-rendering assignment; lexical score 0.48
23:31	14	ever		6	עֹולָם֙		global-review-known-rendering	safe	0.6074	approved	0				global known-rendering assignment; lexical score 0.46
23:31	16	all		10	כֹ֖ל		global-review-known-rendering	safe	0.7582	approved	0				global known-rendering assignment; lexical score 0.61
23:32	4	a				expands	supplied-indefinite-article	safe	0.7735	approved	0				indefinite article; rests on 'Sabbath' → 'שַׁבַּ֨ת'
23:32	5	Sabbath		1	שַׁבַּ֨ת		global-review-known-rendering	safe	0.7735	approved	0				global known-rendering assignment; lexical score 0.62
23:32	22	the		12			attached-word	safe	0.6794	approved	0				Article of 'month'
23:32	23	month		13	חֹ֨דֶשׁ֙		global-review-known-rendering	safe	0.7794	approved	0				global known-rendering assignment; lexical score 0.63
23:32	27	evening		16	עֶ֔רֶב		global-review-known-rendering	safe	0.7583	approved	0				global known-rendering assignment; lexical score 0.61
23:32	29	evening		18	עֶ֣רֶב		global-review-known-rendering	safe	0.7583	approved	0				global known-rendering assignment; lexical score 0.61
23:32	32	Sabbath		22	שַׁבַּתְּכֶֽם		global-review-known-rendering	safe	0.7735	approved	0				global known-rendering assignment; lexical score 0.62
23:33	2	the				expands	supplied-article	safe	0.7284	approved	0				article the original does not write; rests on 'Lord' → 'יְהוָ֖ה'
23:33	3	Lord		3	יְהוָ֖ה		global-review-known-rendering	safe	0.7284	approved	0				global known-rendering assignment; lexical score 0.58
23:33	4	said		7	אמֹֽר		global-review-known-rendering	safe	0.777	approved	0				global known-rendering assignment; lexical score 0.63
23:33	6	Moses		5	מֹשֶׁ֥ה		global-review-known-rendering	safe	0.7976	approved	0				global known-rendering assignment; lexical score 0.65
23:34	1	Say		6	אמֹ֑ר		global-review-known-rendering	safe	0.7661	approved	0				global known-rendering assignment; lexical score 0.62
23:34	3	the				expands	supplied-article	safe	0.7611	approved	0				article the original does not write; rests on 'children' → 'בְּנֵ֥י'
23:34	4	children		3	בְּנֵ֥י		global-review-known-rendering	safe	0.7611	approved	0				global known-rendering assignment; lexical score 0.61
23:34	5	of		4	יִשְׂרָאֵ֖ל		attached-word	safe	0.6858	approved	0				Genitive of 'Israel'
23:34	6	Israel		4	יִשְׂרָאֵ֖ל		global-review-known-rendering	safe	0.7858	approved	0				global known-rendering assignment; lexical score 0.64
23:34	10	day		10	יֹ֗ום		global-review-known-rendering	safe	0.7661	approved	0				global known-rendering assignment; lexical score 0.62
23:34	13	seventh		15	שְּׁבִיעִי֙		global-review-known-rendering	safe	0.7426	approved	0				global known-rendering assignment; lexical score 0.59
23:34	14	month		13	חֹ֤דֶשׁ		global-review-known-rendering	safe	0.7794	approved	0				global known-rendering assignment; lexical score 0.63
23:34	16	the				expands	supplied-article	safe	0.6291	approved	0				article the original does not write; rests on 'feast' → 'חַ֧ג'
23:34	17	feast		18	חַ֧ג		global-review-known-rendering	safe	0.6291	approved	0				global known-rendering assignment; lexical score 0.48
23:34	23	the				expands	supplied-article	safe	0.7284	approved	0				article the original does not write; rests on 'Lord' → 'יהֹוָֽה'
23:34	24	Lord		24	יהֹוָֽה		global-review-known-rendering	safe	0.7284	approved	0				global known-rendering assignment; lexical score 0.58
23:34	26	seven		21	שִׁבְעַ֥ת		global-review-known-rendering	safe	0.7826	approved	0				global known-rendering assignment; lexical score 0.63
23:34	27	days		22	יָמִ֖ים		global-review-known-rendering	safe	0.778	approved	0				global known-rendering assignment; lexical score 0.63
23:35				2		omits	unrendered-article	safe	0.7661	approved	0				article no the of the verse renders; rests on 'day' → 'יֹּ֥ום'
23:35	2	the		4	הָ		attached-word	safe	0.4633	approved	0				Article of 'first'
23:35	3	first		5	רִאשֹׁ֖ון		global-review-known-rendering	safe	0.5633	approved	0				global known-rendering assignment; lexical score 0.41
23:35	4	day		3	יֹּ֥ום		global-review-known-rendering	safe	0.7661	approved	0				global known-rendering assignment; lexical score 0.62
23:35	8	a				expands	supplied-indefinite-article	safe	0.6593	approved	0				indefinite article; rests on 'holy' → 'קֹ֑דֶשׁ'
23:35	9	holy		7	קֹ֑דֶשׁ		global-review-known-rendering	safe	0.6593	approved	0				global known-rendering assignment; lexical score 0.51
23:35	11	do		12	תַעֲשֽׂוּ		global-review-known-rendering	safe	0.627	approved	0				global known-rendering assignment; lexical score 0.48
23:36	4	seven		1	שִׁבְעַ֣ת		global-review-known-rendering	safe	0.7826	approved	0				global known-rendering assignment; lexical score 0.63
23:36	5	days		2	יָמִ֔ים		global-review-known-rendering	safe	0.778	approved	0				global known-rendering assignment; lexical score 0.63
23:36	13	the				expands	supplied-article	safe	0.7284	approved	0				article the original does not write; rests on 'Lord' → 'יהוָ֑ה'
23:36	14	Lord		6	יהוָ֑ה		global-review-known-rendering	safe	0.7284	approved	0				global known-rendering assignment; lexical score 0.58
23:36	17	the		10	הַ		attached-word	safe	0.6016	approved	0				Article of 'eighth'
23:36	18	eighth		11	שְּׁמִינִ֡י		global-review-known-rendering	safe	0.7016	approved	0				global known-rendering assignment; lexical score 0.55
23:36	19	day		9	יֹּ֣ום		global-review-known-rendering	safe	0.7661	approved	0				global known-rendering assignment; lexical score 0.62
23:36	24	a				expands	supplied-indefinite-article	safe	0.6593	approved	0				indefinite article; rests on 'holy' → 'קֹדֶשׁ֩'
23:36	25	holy		13	קֹדֶשׁ֩		global-review-known-rendering	safe	0.6593	approved	0				global known-rendering assignment; lexical score 0.51
23:36	38	the				expands	supplied-article	safe	0.7284	approved	0				article the original does not write; rests on 'Lord' → 'יהוָה֙'
23:36	39	Lord		20	יהוָה֙		global-review-known-rendering	safe	0.7284	approved	0				global known-rendering assignment; lexical score 0.58
23:36	48	do		27	תַעֲשֽׂוּ		global-review-known-rendering	safe	0.627	approved	0				global known-rendering assignment; lexical score 0.48
23:37	1	These		1	אֵ֚לֶּה		global-review-known-rendering	safe	0.7108	approved	0				global known-rendering assignment; lexical score 0.56
23:37	3	the				expands	supplied-article	safe	0.6435	approved	0				article the original does not write; rests on 'feasts' → 'מֹועֲדֵ֣י'
23:37	5	feasts		2	מֹועֲדֵ֣י		global-review-known-rendering	safe	0.6435	approved	0				global known-rendering assignment; lexical score 0.49
23:37	6	of		3	יְהוָ֔ה		attached-word	safe	0.6284	approved	0				Genitive of 'Lord'
23:37	7	the				expands	supplied-article	safe	0.7284	approved	0				article the original does not write; rests on 'Lord' → 'יְהוָ֔ה'
23:37	8	Lord		3	יְהוָ֔ה		global-review-known-rendering	safe	0.7284	approved	0				global known-rendering assignment; lexical score 0.58
23:37	15	holy		8	קֹ֑דֶשׁ		global-review-known-rendering	safe	0.6593	approved	0				global known-rendering assignment; lexical score 0.51
23:37	16	days		21	יֹ֥ום		global-review-known-rendering	safe	0.778	approved	0				global known-rendering assignment; lexical score 0.63
23:37	26	the				expands	supplied-article	safe	0.7284	approved	0				article the original does not write; rests on 'Lord' → 'יהוָ֗ה'
23:37	27	Lord		13	יהוָ֗ה		global-review-known-rendering	safe	0.7284	approved	0				global known-rendering assignment; lexical score 0.58
23:37	46	day		23	יֹומֹֽו		global-review-known-rendering	safe	0.7661	approved	0				global known-rendering assignment; lexical score 0.62
23:38	4	the				expands	supplied-article	safe	0.7735	approved	0				article the original does not write; rests on 'Sabbaths' → 'שַׁבְּתֹ֣ת'
23:38	5	Sabbaths		4	שַׁבְּתֹ֣ת		global-review-known-rendering	safe	0.7735	approved	0				global known-rendering assignment; lexical score 0.62
23:38	6	of		5	יְהוָ֑ה		attached-word	safe	0.6284	approved	0				Genitive of 'Lord'
23:38	7	the				expands	supplied-article	safe	0.7284	approved	0				article the original does not write; rests on 'Lord' → 'יְהוָ֑ה'
23:38	8	Lord		5	יְהוָ֑ה		global-review-known-rendering	safe	0.7284	approved	0				global known-rendering assignment; lexical score 0.58
23:38	16	give		24	תִּתְּנ֖וּ		global-review-known-rendering	safe	0.651	approved	0				global known-rendering assignment; lexical score 0.50
23:38	27	the				expands	supplied-article	safe	0.7284	approved	0				article the original does not write; rests on 'Lord' → 'יהוָֽה'
23:38	28	Lord		26	יהוָֽה		global-review-known-rendering	safe	0.7284	approved	0				global known-rendering assignment; lexical score 0.58
23:39				18	אֶת	omits	unrendered-object-marker	safe	0.6291	approved	0				object marker; rests on 'feast' → 'חַג'
23:39	5	day		5	יֹ֜ום		global-review-known-rendering	safe	0.7661	approved	0				global known-rendering assignment; lexical score 0.62
23:39	7	the		9	הַ		attached-word	safe	0.6426	approved	0				Article of 'seventh'
23:39	8	seventh		10	שְּׁבִיעִ֗י		global-review-known-rendering	safe	0.7426	approved	0				global known-rendering assignment; lexical score 0.59
23:39	9	month		8	חֹ֣דֶשׁ		global-review-known-rendering	safe	0.7794	approved	0				global known-rendering assignment; lexical score 0.63
23:39	18	of		16	אָ֔רֶץ		attached-word	safe	0.6253	approved	0				Genitive of 'land'
23:39	19	the		15	הָ		attached-word	safe	0.6253	approved	0				Article of 'land'
23:39	20	land		16	אָ֔רֶץ		global-review-known-rendering	safe	0.7253	approved	0				global known-rendering assignment; lexical score 0.58
23:39	24	the				expands	supplied-article	safe	0.6291	approved	0				article the original does not write; rests on 'feast' → 'חַג'
23:39	25	feast		19	חַג		global-review-known-rendering	safe	0.6291	approved	0				global known-rendering assignment; lexical score 0.48
23:39	26	of		20	יְהוָ֖ה		attached-word	safe	0.6284	approved	0				Genitive of 'Lord'
23:39	27	the				expands	supplied-article	safe	0.7284	approved	0				article the original does not write; rests on 'Lord' → 'יְהוָ֖ה'
23:39	28	Lord		20	יְהוָ֖ה		global-review-known-rendering	safe	0.7284	approved	0				global known-rendering assignment; lexical score 0.58
23:39	30	seven		21	שִׁבְעַ֣ת		global-review-known-rendering	safe	0.7826	approved	0				global known-rendering assignment; lexical score 0.63
23:39	31	days		22	יָמִ֑ים		global-review-known-rendering	safe	0.778	approved	0				global known-rendering assignment; lexical score 0.63
23:39	32	the		26	הָֽ		attached-word	safe	0.4633	approved	0				Article of 'first'
23:39	33	first		27	רִאשֹׁון֙		global-review-known-rendering	safe	0.5633	approved	0				global known-rendering assignment; lexical score 0.41
23:39	34	day		25	יֹּ֤ום		global-review-known-rendering	safe	0.7661	approved	0				global known-rendering assignment; lexical score 0.62
23:39	40	the		33	הַ		attached-word	safe	0.6016	approved	0				Article of 'eighth'
23:39	41	eighth		34	שְּׁמִינִ֖י		global-review-known-rendering	safe	0.7016	approved	0				global known-rendering assignment; lexical score 0.55
23:39	42	day		32	יֹּ֥ום		global-review-known-rendering	safe	0.7661	approved	0				global known-rendering assignment; lexical score 0.62
23:40	2	the		7	הָ		attached-word	safe	0.4633	approved	0				Article of 'first'
23:40	3	first		8	רִאשֹׁ֗ון		global-review-known-rendering	safe	0.5633	approved	0				global known-rendering assignment; lexical score 0.41
23:40	4	day		6	יֹּ֣ום		global-review-known-rendering	safe	0.7661	approved	0				global known-rendering assignment; lexical score 0.62
23:40	5	take		2	לְקַחְתֶּ֨ם		global-review-known-rendering	safe	0.5502	approved	0				global known-rendering assignment; lexical score 0.40
23:40	6	the				expands	supplied-article	safe	0.665	approved	0				article the original does not write; rests on 'fruit' → 'פְּרִ֨י'
23:40	7	fruit		9	פְּרִ֨י		global-review-known-rendering	safe	0.665	approved	0				global known-rendering assignment; lexical score 0.52
23:40	10	trees		10	עֵ֤ץ		global-review-known-rendering	safe	0.5831	approved	0				global known-rendering assignment; lexical score 0.43
23:40	18	trees		16	עֵץ		global-review-known-rendering	safe	0.5831	approved	0				global known-rendering assignment; lexical score 0.43
23:40	26	glad		22	שְׂמַחְתֶּ֗ם		global-review-known-rendering	safe	0.6052	approved	0				global known-rendering assignment; lexical score 0.46
23:40	27	before		24	פְנֵ֛י		global-review-known-rendering	safe	0.6581	approved	0				global known-rendering assignment; lexical score 0.51
23:40	28	the				expands	supplied-article	safe	0.7284	approved	0				article the original does not write; rests on 'Lord' → 'יְהוָ֥ה'
23:40	29	Lord		25	יְהוָ֥ה		global-review-known-rendering	safe	0.7284	approved	0				global known-rendering assignment; lexical score 0.58
23:40	31	seven		27	שִׁבְעַ֥ת		global-review-known-rendering	safe	0.7826	approved	0				global known-rendering assignment; lexical score 0.63
23:40	32	days		28	יָמִֽים		global-review-known-rendering	safe	0.778	approved	0				global known-rendering assignment; lexical score 0.63
23:41	4	feast		4	חַ֣ג		global-review-known-rendering	safe	0.6291	approved	0				global known-rendering assignment; lexical score 0.48
23:41	8	the				expands	supplied-article	safe	0.7284	approved	0				article the original does not write; rests on 'Lord' → 'יהוָ֔ה'
23:41	9	Lord		6	יהוָ֔ה		global-review-known-rendering	safe	0.7284	approved	0				global known-rendering assignment; lexical score 0.58
23:41	11	seven		7	שִׁבְעַ֥ת		global-review-known-rendering	safe	0.7826	approved	0				global known-rendering assignment; lexical score 0.63
23:41	12	days		8	יָמִ֖ים		global-review-known-rendering	safe	0.778	approved	0				global known-rendering assignment; lexical score 0.63
23:41	14	the		10			attached-word	safe	0.67	approved	0				Article of 'year'
23:41	15	year		11	שָּׁנָ֑ה		global-review-known-rendering	safe	0.77	approved	0				global known-rendering assignment; lexical score 0.62
23:41	21	ever		13	עֹולָם֙		global-review-known-rendering	safe	0.6074	approved	0				global known-rendering assignment; lexical score 0.46
23:41	23	generation		15	דֹרֹ֣תֵיכֶ֔ם		global-review-known-rendering	safe	0.7571	approved	0				global known-rendering assignment; lexical score 0.61
23:41	27	the		19	הַ		attached-word	safe	0.6426	approved	0				Article of 'seventh'
23:41	28	seventh		20	שְּׁבִיעִ֖י		global-review-known-rendering	safe	0.7426	approved	0				global known-rendering assignment; lexical score 0.59
23:41	29	month		18	חֹ֥דֶשׁ		global-review-known-rendering	safe	0.7794	approved	0				global known-rendering assignment; lexical score 0.63
23:42	2	seven		5	שִׁבְעַ֣ת		global-review-known-rendering	safe	0.7826	approved	0				global known-rendering assignment; lexical score 0.63
23:42	3	days		6	יָמִ֑ים		global-review-known-rendering	safe	0.778	approved	0				global known-rendering assignment; lexical score 0.63
23:42	10	all		7	כָּל		global-review-known-rendering	safe	0.7582	approved	0				global known-rendering assignment; lexical score 0.61
23:42	14	Israelites		11	יִשְׂרָאֵ֔ל		global-review-known-rendering	safe	0.8	approved	0				global known-rendering assignment; lexical score 0.65
23:43				9	אֶת	omits	unrendered-object-marker	safe	0.7611	approved	0				object marker; rests on 'children' → 'בְּנֵ֣י'
23:43	12	the				expands	supplied-article	safe	0.7611	approved	0				article the original does not write; rests on 'children' → 'בְּנֵ֣י'
23:43	13	children		10	בְּנֵ֣י		global-review-known-rendering	safe	0.7611	approved	0				global known-rendering assignment; lexical score 0.61
23:43	14	of		11	יִשְׂרָאֵ֔ל		attached-word	safe	0.6858	approved	0				Genitive of 'Israel'
23:43	15	Israel		11	יִשְׂרָאֵ֔ל		global-review-known-rendering	safe	0.7858	approved	0				global known-rendering assignment; lexical score 0.64
23:43	26	the				expands	supplied-article	safe	0.7253	approved	0				article the original does not write; rests on 'land' → 'אֶ֣רֶץ'
23:43	27	land		16	אֶ֣רֶץ		global-review-known-rendering	safe	0.7253	approved	0				global known-rendering assignment; lexical score 0.58
23:43	28	of		17	מִצְרָ֑יִם		attached-word	safe	0.6331	approved	0				Genitive of 'Egypt'
23:43	29	Egypt		17	מִצְרָ֑יִם		global-review-known-rendering	safe	0.7331	approved	0				global known-rendering assignment; lexical score 0.58
23:43	32	the				expands	supplied-article	safe	0.7284	approved	0				article the original does not write; rests on 'Lord' → 'יְהוָ֥ה'
23:43	33	Lord		19	יְהוָ֥ה		global-review-known-rendering	safe	0.7284	approved	0				global known-rendering assignment; lexical score 0.58
23:43	34	your		20	אֱלֹהֵיכֶֽם		attached-word	safe	0.5914	approved	0				PossessivePronoun of 'God'
23:43	35	God		20	אֱלֹהֵיכֶֽם		global-review-known-rendering	safe	0.6914	approved	0				global known-rendering assignment; lexical score 0.54
23:44				4	אֶת	omits	unrendered-object-marker	safe	0.6435	approved	0				object marker; rests on 'feasts' → 'מֹעֲדֵ֖י'
23:44	2	Moses		3	מֹשֶׁ֔ה		global-review-known-rendering	safe	0.7976	approved	0				global known-rendering assignment; lexical score 0.65
23:44	6	the				expands	supplied-article	safe	0.7611	approved	0				article the original does not write; rests on 'children' → 'בְּנֵ֖י'
23:44	7	children		8	בְּנֵ֖י		global-review-known-rendering	safe	0.7611	approved	0				global known-rendering assignment; lexical score 0.61
23:44	8	of		9	יִשְׂרָאֵֽל		attached-word	safe	0.6858	approved	0				Genitive of 'Israel'
23:44	9	Israel		9	יִשְׂרָאֵֽל		global-review-known-rendering	safe	0.7858	approved	0				global known-rendering assignment; lexical score 0.64
23:44	13	the				expands	supplied-article	safe	0.6435	approved	0				article the original does not write; rests on 'feasts' → 'מֹעֲדֵ֖י'
23:44	15	feasts		5	מֹעֲדֵ֖י		global-review-known-rendering	safe	0.6435	approved	0				global known-rendering assignment; lexical score 0.49
23:44	16	of		6	יְהוָ֑ה		attached-word	safe	0.6284	approved	0				Genitive of 'Lord'
23:44	17	the				expands	supplied-article	safe	0.7284	approved	0				article the original does not write; rests on 'Lord' → 'יְהוָ֑ה'
23:44	18	Lord		6	יְהוָ֑ה		global-review-known-rendering	safe	0.7284	approved	0				global known-rendering assignment; lexical score 0.58
24:1	2	the				expands	supplied-article	safe	0.7288	approved	0				article the original does not write; rests on 'Lord' → 'יְהוָ֖ה'
24:1	3	Lord		3	יְהוָ֖ה		global-review-known-rendering	safe	0.7288	approved	0				global known-rendering assignment; lexical score 0.58
24:1	4	said		7	אמֹֽר		global-review-known-rendering	safe	0.777	approved	0				global known-rendering assignment; lexical score 0.63
24:1	6	Moses		5	מֹשֶׁ֥ה		global-review-known-rendering	safe	0.7976	approved	0				global known-rendering assignment; lexical score 0.65
24:2				2	אֶת	omits	unrendered-object-marker	safe	0.7611	approved	0				object marker; rests on 'children' → 'בְּנֵ֣י'
24:2	4	the				expands	supplied-article	safe	0.7611	approved	0				article the original does not write; rests on 'children' → 'בְּנֵ֣י'
24:2	5	children		3	בְּנֵ֣י		global-review-known-rendering	safe	0.7611	approved	0				global known-rendering assignment; lexical score 0.61
24:2	6	of		4	יִשְׂרָאֵ֗ל		attached-word	safe	0.686	approved	0				Genitive of 'Israel'
24:2	7	Israel		4	יִשְׂרָאֵ֗ל		global-review-known-rendering	safe	0.786	approved	0				global known-rendering assignment; lexical score 0.64
24:2	12	olive		9	זַ֥יִת		global-review-known-rendering	safe	0.74	approved	0				global known-rendering assignment; lexical score 0.59
24:2	13	oil		8	שֶׁ֣מֶן		global-review-known-rendering	safe	0.7223	approved	0				global known-rendering assignment; lexical score 0.57
24:3	8	the				expands	supplied-article	safe	0.7308	approved	0				article the original does not write; rests on 'Tent' → 'אֹ֣הֶל'
24:3	9	Tent		8	אֹ֣הֶל		global-review-known-rendering	safe	0.7308	approved	0				global known-rendering assignment; lexical score 0.58
24:3	13	Aaron		12	אַהֲרֹ֜ן		global-review-known-rendering	safe	0.7943	approved	0				global known-rendering assignment; lexical score 0.64
24:3	20	evening		14	עֶ֧רֶב		global-review-known-rendering	safe	0.7654	approved	0				global known-rendering assignment; lexical score 0.62
24:3	21	till		15	עַד		global-review-known-rendering	safe	0.6272	approved	0				global known-rendering assignment; lexical score 0.48
24:3	22	morning		16	בֹּ֛קֶר		global-review-known-rendering	safe	0.7522	approved	0				global known-rendering assignment; lexical score 0.60
24:3	26	before		18	פְנֵ֥י		global-review-known-rendering	safe	0.6581	approved	0				global known-rendering assignment; lexical score 0.51
24:3	27	the				expands	supplied-article	safe	0.7288	approved	0				article the original does not write; rests on 'Lord' → 'יְהוָ֖ה'
24:3	28	Lord		19	יְהוָ֖ה		global-review-known-rendering	safe	0.7288	approved	0				global known-rendering assignment; lexical score 0.58
24:3	34	ever		22	עֹולָ֖ם		global-review-known-rendering	safe	0.6087	approved	0				global known-rendering assignment; lexical score 0.46
24:4	11	before		11	פְנֵ֥י		global-review-known-rendering	safe	0.6581	approved	0				global known-rendering assignment; lexical score 0.51
24:4	12	the				expands	supplied-article	safe	0.7288	approved	0				article the original does not write; rests on 'Lord' → 'יְהוָ֖ה'
24:4	13	Lord		12	יְהוָ֖ה		global-review-known-rendering	safe	0.7288	approved	0				global known-rendering assignment; lexical score 0.58
24:5	2	take		2	לָקַחְתָּ֣		global-review-known-rendering	safe	0.5502	approved	0				global known-rendering assignment; lexical score 0.40
24:5	20	cake		14	חַלָּ֥ה		global-review-known-rendering	safe	0.575	approved	0				global known-rendering assignment; lexical score 0.43
24:6	5	two		4	שְׁתַּ֥יִם		global-review-known-rendering	safe	0.6877	approved	0				global known-rendering assignment; lexical score 0.54
24:6	7	six		6	שֵׁ֣שׁ		global-review-known-rendering	safe	0.7927	approved	0				global known-rendering assignment; lexical score 0.64
24:6	14	table		11	שֻּׁלְחָ֥ן		global-review-known-rendering	safe	0.7484	approved	0				global known-rendering assignment; lexical score 0.60
24:6	15	before		15	פְנֵ֥י		global-review-known-rendering	safe	0.6581	approved	0				global known-rendering assignment; lexical score 0.51
24:6	16	the				expands	supplied-article	safe	0.7288	approved	0				article the original does not write; rests on 'Lord' → 'יְהוָֽה'
24:6	17	Lord		16	יְהוָֽה		global-review-known-rendering	safe	0.7288	approved	0				global known-rendering assignment; lexical score 0.58
24:7	15	the		11			attached-word	safe	0.6285	approved	0				Article of 'bread'
24:7	16	bread		12	לֶּ֨חֶם֙		global-review-known-rendering	safe	0.7285	approved	0				global known-rendering assignment; lexical score 0.58
24:7	23	the				expands	supplied-article	safe	0.7288	approved	0				article the original does not write; rests on 'Lord' → 'יהוָֽה'
24:7	24	Lord		17	יהוָֽה		global-review-known-rendering	safe	0.7288	approved	0				global known-rendering assignment; lexical score 0.58
24:8				15	אֵ֥ת	omits	unrendered-object-marker	safe	0.7611	approved	0				object marker; rests on 'children' → 'בְּנֵֽי'
24:8	2	Sabbath		4	שַּׁבָּ֜ת		global-review-known-rendering	safe	0.7649	approved	0				global known-rendering assignment; lexical score 0.61
24:8	3	day		2	יֹ֨ום		global-review-known-rendering	safe	0.7663	approved	0				global known-rendering assignment; lexical score 0.62
24:8	13	before		11	פְנֵ֥י		global-review-known-rendering	safe	0.6581	approved	0				global known-rendering assignment; lexical score 0.51
24:8	14	the				expands	supplied-article	safe	0.7288	approved	0				article the original does not write; rests on 'Lord' → 'יְהוָ֖ה'
24:8	15	Lord		12	יְהוָ֖ה		global-review-known-rendering	safe	0.7288	approved	0				global known-rendering assignment; lexical score 0.58
24:8	20	the				expands	supplied-article	safe	0.7611	approved	0				article the original does not write; rests on 'children' → 'בְּנֵֽי'
24:8	21	children		16	בְּנֵֽי		global-review-known-rendering	safe	0.7611	approved	0				global known-rendering assignment; lexical score 0.61
24:8	22	of		17	יִשְׂרָאֵ֖ל		attached-word	safe	0.686	approved	0				Genitive of 'Israel'
24:8	23	Israel		17	יִשְׂרָאֵ֖ל		global-review-known-rendering	safe	0.786	approved	0				global known-rendering assignment; lexical score 0.64
24:8	28	ever		19	עֹולָֽם		global-review-known-rendering	safe	0.6087	approved	0				global known-rendering assignment; lexical score 0.46
24:9	6	Aaron		4	אַהֲרֹ֣ן		global-review-known-rendering	safe	0.7943	approved	0				global known-rendering assignment; lexical score 0.64
24:9	8	his		7	בָנָ֔יו		attached-word	safe	0.6674	approved	0				PossessivePronoun of 'sons'
24:9	9	sons		7	בָנָ֔יו		global-review-known-rendering	safe	0.7674	approved	0				global known-rendering assignment; lexical score 0.62
24:9	18	a				expands	supplied-indefinite-article	safe	0.6632	approved	0				indefinite article; rests on 'holy' → 'קֹדֶשׁ֩'
24:9	19	holy		14	קֹדֶשׁ֩		global-review-known-rendering	safe	0.6632	approved	0				global known-rendering assignment; lexical score 0.51
24:9	20	place		11	מָקֹ֣ום		global-review-known-rendering	safe	0.6399	approved	0				global known-rendering assignment; lexical score 0.49
24:9	23	the				expands	supplied-article	safe	0.6632	approved	0				article the original does not write; rests on 'holy' → 'קָֽדָשִׁ֨ים'
24:9	25	holy		15	קָֽדָשִׁ֨ים		global-review-known-rendering	safe	0.6632	approved	0				global known-rendering assignment; lexical score 0.51
24:9	34	the				expands	supplied-article	safe	0.7288	approved	0				article the original does not write; rests on 'Lord' → 'יְהוָ֖ה'
24:9	35	Lord		20	יְהוָ֖ה		global-review-known-rendering	safe	0.7288	approved	0				global known-rendering assignment; lexical score 0.58
24:9	39	ever		22	עֹולָֽם		global-review-known-rendering	safe	0.6087	approved	0				global known-rendering assignment; lexical score 0.46
24:10	2	a				expands	supplied-indefinite-article	safe	0.7886	approved	0				indefinite article; rests on 'son' → 'בֶּן'
24:10	3	son		3	בֶּן		global-review-known-rendering	safe	0.7886	approved	0				global known-rendering assignment; lexical score 0.64
24:10	7	woman		4	אִשָּׁ֣ה		global-review-known-rendering	safe	0.7226	approved	0				global known-rendering assignment; lexical score 0.57
24:10	11	an				expands	supplied-indefinite-article	safe	0.65	approved	0				indefinite article; rests on 'Egyptian' → 'מִצְרִ֔י'
24:10	12	Egyptian		10	מִצְרִ֔י		global-review-known-rendering	safe	0.65	approved	0				global known-rendering assignment; lexical score 0.50
24:10	16	the				expands	supplied-article	safe	0.7611	approved	0				article the original does not write; rests on 'children' → 'בְּנֵ֣י'
24:10	17	children		13	בְּנֵ֣י		global-review-known-rendering	safe	0.7611	approved	0				global known-rendering assignment; lexical score 0.61
24:10	18	of		14	יִשְׂרָאֵ֑ל		attached-word	safe	0.686	approved	0				Genitive of 'Israel'
24:10	19	Israel		14	יִשְׂרָאֵ֑ל		global-review-known-rendering	safe	0.786	approved	0				global known-rendering assignment; lexical score 0.64
24:10	25	a				expands	supplied-indefinite-article	safe	0.6011	approved	0				indefinite article; rests on 'man' → 'אִ֖ישׁ'
24:10	26	man		24	אִ֖ישׁ		global-review-known-rendering	safe	0.6011	approved	0				global known-rendering assignment; lexical score 0.45
24:11				8	אֶת	omits	unrendered-object-marker	safe	0.7895	approved	0				object marker; rests on 'Name' → 'שֵּׁם֙'
24:11	2	the				expands	supplied-article	safe	0.7886	approved	0				article the original does not write; rests on 'son' → 'בֶּן'
24:11	3	son		3	בֶּן		global-review-known-rendering	safe	0.7886	approved	0				global known-rendering assignment; lexical score 0.64
24:11	7	woman		5	אִשָּׁ֨ה		global-review-known-rendering	safe	0.7226	approved	0				global known-rendering assignment; lexical score 0.57
24:11	13	Name		10	שֵּׁם֙		global-review-known-rendering	safe	0.7895	approved	0				global known-rendering assignment; lexical score 0.64
24:11	21	Moses		17	מֹשֶׁ֑ה		global-review-known-rendering	safe	0.7976	approved	0				global known-rendering assignment; lexical score 0.65
24:11	23	mother's		20	אִמֹּ֛ו		global-review-known-rendering	safe	0.7864	approved	0				global known-rendering assignment; lexical score 0.64
24:11	24	name		19	שֵׁ֥ם		global-review-known-rendering	safe	0.7895	approved	0				global known-rendering assignment; lexical score 0.64
24:11	27	the				expands	supplied-article	safe	0.7734	approved	0				article the original does not write; rests on 'daughter' → 'בַּת'
24:11	28	daughter		22	בַּת		global-review-known-rendering	safe	0.7734	approved	0				global known-rendering assignment; lexical score 0.62
24:11	32	the				expands	supplied-article	safe	0.6173	approved	0				article the original does not write; rests on 'tribe' → 'מַטֵּה'
24:11	33	tribe		25	מַטֵּה		global-review-known-rendering	safe	0.6173	approved	0				global known-rendering assignment; lexical score 0.47
24:11	34	of		26	דָֽן		attached-word	safe	0.6373	approved	0				Genitive of 'Dan'
24:11	35	Dan		26	דָֽן		global-review-known-rendering	safe	0.7373	approved	0				global known-rendering assignment; lexical score 0.59
24:12	14	the				expands	supplied-article	safe	0.7146	approved	0				article the original does not write; rests on 'mouth' → 'פִּ֥י'
24:12	15	mouth		10	פִּ֥י		global-review-known-rendering	safe	0.7146	approved	0				global known-rendering assignment; lexical score 0.56
24:13	2	the				expands	supplied-article	safe	0.7288	approved	0				article the original does not write; rests on 'Lord' → 'יְהוָ֖ה'
24:13	3	Lord		3	יְהוָ֖ה		global-review-known-rendering	safe	0.7288	approved	0				global known-rendering assignment; lexical score 0.58
24:13	4	said		7	אמֹֽר		global-review-known-rendering	safe	0.777	approved	0				global known-rendering assignment; lexical score 0.63
24:13	6	Moses		5	מֹשֶׁ֥ה		global-review-known-rendering	safe	0.7976	approved	0				global known-rendering assignment; lexical score 0.65
24:14				16	אֶת	omits	unrendered-object-marker	safe	0.6739	approved	0				object marker; rests on 'hands' → 'יְדֵיהֶ֖ם'
24:14	9	all		13	כָֽל		global-review-known-rendering	safe	0.7583	approved	0				global known-rendering assignment; lexical score 0.61
24:14	18	their		17	יְדֵיהֶ֖ם		attached-word	safe	0.5739	approved	0				PossessivePronoun of 'hands'
24:14	19	hands		17	יְדֵיהֶ֖ם		global-review-known-rendering	safe	0.6739	approved	0				global known-rendering assignment; lexical score 0.52
24:14	21	his		19	רֹאשֹׁ֑ו		attached-word	safe	0.6402	approved	0				PossessivePronoun of 'head'
24:14	22	head		19	רֹאשֹׁ֑ו		global-review-known-rendering	safe	0.7402	approved	0				global known-rendering assignment; lexical score 0.59
24:14	29	all		23	כָּל		global-review-known-rendering	safe	0.7583	approved	0				global known-rendering assignment; lexical score 0.61
24:15	2	say		7	אמֹ֑ר		global-review-known-rendering	safe	0.7662	approved	0				global known-rendering assignment; lexical score 0.62
24:15	4	the				expands	supplied-article	safe	0.7611	approved	0				article the original does not write; rests on 'children' → 'בְּנֵ֥י'
24:15	5	children		3	בְּנֵ֥י		global-review-known-rendering	safe	0.7611	approved	0				global known-rendering assignment; lexical score 0.61
24:15	6	of		4	יִשְׂרָאֵ֖ל		attached-word	safe	0.686	approved	0				Genitive of 'Israel'
24:15	7	Israel		4	יִשְׂרָאֵ֖ל		global-review-known-rendering	safe	0.786	approved	0				global known-rendering assignment; lexical score 0.64
24:15	11	man		9	אִ֛ישׁ		global-review-known-rendering	safe	0.6011	approved	0				global known-rendering assignment; lexical score 0.45
24:15	13	God		12	אֱלֹהָ֖יו		global-review-known-rendering	safe	0.6915	approved	0				global known-rendering assignment; lexical score 0.54
24:16	7	the				expands	supplied-article	safe	0.7895	approved	0				article the original does not write; rests on 'name' → 'שֵׁם'
24:16	8	name		3	שֵׁם		global-review-known-rendering	safe	0.7895	approved	0				global known-rendering assignment; lexical score 0.64
24:16	9	of		4	יְהוָה֙		attached-word	safe	0.6288	approved	0				Genitive of 'Lord'
24:16	10	the				expands	supplied-article	safe	0.7288	approved	0				article the original does not write; rests on 'Lord' → 'יְהוָה֙'
24:16	11	Lord		4	יְהוָה֙		global-review-known-rendering	safe	0.7288	approved	0				global known-rendering assignment; lexical score 0.58
24:16	23	all		10	כָּל		global-review-known-rendering	safe	0.7583	approved	0				global known-rendering assignment; lexical score 0.61
24:16	48	Name		21	שֵׁ֖ם		global-review-known-rendering	safe	0.7895	approved	0				global known-rendering assignment; lexical score 0.64
24:18	4	a				expands	supplied-indefinite-article	safe	0.639	approved	0				indefinite article; rests on 'beast' → 'בְּהֵמָ֖ה'
24:18	5	beast		4	בְּהֵמָ֖ה		global-review-known-rendering	safe	0.639	approved	0				global known-rendering assignment; lexical score 0.49
24:19	3	a				expands	supplied-indefinite-article	safe	0.6011	approved	0				indefinite article; rests on 'man' → 'אִ֕ישׁ'
24:19	4	man		2	אִ֕ישׁ		global-review-known-rendering	safe	0.6011	approved	0				global known-rendering assignment; lexical score 0.45
24:19	13	done		10	עָשָׂ֔ה		global-review-known-rendering	safe	0.6993	approved	0				global known-rendering assignment; lexical score 0.55
24:19	14	so		11	כֵּ֖ן		global-review-known-rendering	safe	0.596	approved	0				global known-rendering assignment; lexical score 0.45
24:19	18	done		12	יֵעָ֥שֶׂה		global-review-known-rendering	safe	0.6993	approved	0				global known-rendering assignment; lexical score 0.55
24:20	4	eye		4	עַ֚יִן		global-review-known-rendering	safe	0.794	approved	0				global known-rendering assignment; lexical score 0.64
24:20	6	eye		6	עַ֔יִן		global-review-known-rendering	safe	0.794	approved	0				global known-rendering assignment; lexical score 0.64
24:20	7	tooth		7	שֵׁ֖ן		global-review-known-rendering	safe	0.8	approved	0				global known-rendering assignment; lexical score 0.65
24:20	9	tooth		9	שֵׁ֑ן		global-review-known-rendering	safe	0.8	approved	0				global known-rendering assignment; lexical score 0.65
24:20	15	so		17	כֵּ֖ן		global-review-known-rendering	safe	0.596	approved	0				global known-rendering assignment; lexical score 0.45
24:21	4	a				expands	supplied-indefinite-article	safe	0.639	approved	0				indefinite article; rests on 'beast' → 'בְהֵמָ֖ה'
24:21	5	beast		3	בְהֵמָ֖ה		global-review-known-rendering	safe	0.639	approved	0				global known-rendering assignment; lexical score 0.49
24:22	24	the				expands	supplied-article	safe	0.7288	approved	0				article the original does not write; rests on 'Lord' → 'יְהוָ֖ה'
24:22	25	Lord		14	יְהוָ֖ה		global-review-known-rendering	safe	0.7288	approved	0				global known-rendering assignment; lexical score 0.58
24:22	26	your		15	אֱלֹהֵיכֶֽם		attached-word	safe	0.5915	approved	0				PossessivePronoun of 'God'
24:22	27	God		15	אֱלֹהֵיכֶֽם		global-review-known-rendering	safe	0.6915	approved	0				global known-rendering assignment; lexical score 0.54
24:23				30	אֶת	omits	unrendered-object-marker	safe	0.7976	approved	0				object marker; rests on 'Moses' → 'מֹשֶֽׁה'
24:23	2	Moses		3	מֹשֶׁה֮		global-review-known-rendering	safe	0.7976	approved	0				global known-rendering assignment; lexical score 0.65
24:23	7	the				expands	supplied-article	safe	0.7611	approved	0				article the original does not write; rests on 'children' → 'בְּנֵ֣י'
24:23	8	children		5	בְּנֵ֣י		global-review-known-rendering	safe	0.7611	approved	0				global known-rendering assignment; lexical score 0.61
24:23	9	of		6	יִשְׂרָאֵל֒		attached-word	safe	0.686	approved	0				Genitive of 'Israel'
24:23	10	Israel		6	יִשְׂרָאֵל֒		global-review-known-rendering	safe	0.786	approved	0				global known-rendering assignment; lexical score 0.64
24:23	27	The				expands	supplied-article	safe	0.7611	approved	0				article the original does not write; rests on 'children' → 'בְנֵֽי'
24:23	28	children		23	בְנֵֽי		global-review-known-rendering	safe	0.7611	approved	0				global known-rendering assignment; lexical score 0.61
24:23	29	of		24	יִשְׂרָאֵ֣ל		attached-word	safe	0.686	approved	0				Genitive of 'Israel'
24:23	30	Israel		24	יִשְׂרָאֵ֣ל		global-review-known-rendering	safe	0.786	approved	0				global known-rendering assignment; lexical score 0.64
24:23	33	the				expands	supplied-article	safe	0.7288	approved	0				article the original does not write; rests on 'Lord' → 'יְהוָ֖ה'
24:23	34	Lord		29	יְהוָ֖ה		global-review-known-rendering	safe	0.7288	approved	0				global known-rendering assignment; lexical score 0.58
24:23	38	Moses		31	מֹשֶֽׁה		global-review-known-rendering	safe	0.7976	approved	0				global known-rendering assignment; lexical score 0.65
25:1	2	the				expands	supplied-article	safe	0.7287	approved	0				article the original does not write; rests on 'Lord' → 'יְהוָה֙'
25:1	3	Lord		3	יְהוָה֙		global-review-known-rendering	safe	0.7287	approved	0				global known-rendering assignment; lexical score 0.58
25:1	4	said		10	אמֹֽר		global-review-known-rendering	safe	0.777	approved	0				global known-rendering assignment; lexical score 0.63
25:1	6	Moses		5	מֹשֶׁ֔ה		global-review-known-rendering	safe	0.7976	approved	0				global known-rendering assignment; lexical score 0.65
25:1	8	Mount		7	הַ֥ר		global-review-known-rendering	safe	0.7408	approved	0				global known-rendering assignment; lexical score 0.59
25:1	9	Sinai		8	סִינַ֖י		global-review-known-rendering	safe	0.7871	approved	0				global known-rendering assignment; lexical score 0.64
25:2				5	וְ	omits	unrendered-conjunction	safe	0.7661	approved	0				conjunction no word of the verse renders; rests on 'Say' → 'אָמַרְתָּ֣'
25:2	1	Say		6	אָמַרְתָּ֣		global-review-known-rendering	safe	0.7661	approved	0				global known-rendering assignment; lexical score 0.62
25:2	3	the				expands	supplied-article	safe	0.7613	approved	0				article the original does not write; rests on 'children' → 'בְּנֵ֤י'
25:2	4	children		3	בְּנֵ֤י		global-review-known-rendering	safe	0.7613	approved	0				global known-rendering assignment; lexical score 0.61
25:2	5	of		4	יִשְׂרָאֵל֙		attached-word	safe	0.6858	approved	0				Genitive of 'Israel'
25:2	6	Israel		4	יִשְׂרָאֵל֙		global-review-known-rendering	safe	0.7858	approved	0				global known-rendering assignment; lexical score 0.64
25:2	9	come		9	תָבֹ֨אוּ֙		global-review-known-rendering	safe	0.5717	approved	0				global known-rendering assignment; lexical score 0.42
25:2	11	the		11	הָ		attached-word	safe	0.6251	approved	0				Article of 'land'
25:2	12	land		12	אָ֔רֶץ		global-review-known-rendering	safe	0.7251	approved	0				global known-rendering assignment; lexical score 0.58
25:2	13	which		13	אֲשֶׁ֥ר		global-review-known-rendering	safe	0.6691	approved	0				global known-rendering assignment; lexical score 0.52
25:2	16	give		15	נֹתֵ֣ן		global-review-known-rendering	safe	0.6521	approved	0				global known-rendering assignment; lexical score 0.50
25:2	19	the		19	הָ		attached-word	safe	0.6251	approved	0				Article of 'land'
25:2	20	land		20	אָ֔רֶץ		global-review-known-rendering	safe	0.7251	approved	0				global known-rendering assignment; lexical score 0.58
25:2	22	a				expands	supplied-indefinite-article	safe	0.7574	approved	0				indefinite article; rests on 'Sabbath' → 'שַׁבָּ֖ת'
25:2	23	Sabbath		21	שַׁבָּ֖ת		global-review-known-rendering	safe	0.7574	approved	0				global known-rendering assignment; lexical score 0.61
25:2	25	the				expands	supplied-article	safe	0.7287	approved	0				article the original does not write; rests on 'Lord' → 'יהוָֽה'
25:2	26	Lord		23	יהוָֽה		global-review-known-rendering	safe	0.7287	approved	0				global known-rendering assignment; lexical score 0.58
25:3	2	six		1	שֵׁ֤שׁ		global-review-known-rendering	safe	0.7927	approved	0				global known-rendering assignment; lexical score 0.64
25:3	3	years		2	שָׁנִים֙		global-review-known-rendering	safe	0.7644	approved	0				global known-rendering assignment; lexical score 0.61
25:3	11	six		6	שֵׁ֥שׁ		global-review-known-rendering	safe	0.7927	approved	0				global known-rendering assignment; lexical score 0.64
25:3	12	years		7	שָׁנִ֖ים		global-review-known-rendering	safe	0.7644	approved	0				global known-rendering assignment; lexical score 0.61
25:4	3	the		5	הַ		attached-word	safe	0.6453	approved	0				Article of 'seventh'
25:4	4	seventh		6	שְּׁבִיעִ֗ת		global-review-known-rendering	safe	0.7453	approved	0				global known-rendering assignment; lexical score 0.60
25:4	5	year		4	שָּׁנָ֣ה		global-review-known-rendering	safe	0.7714	approved	0				global known-rendering assignment; lexical score 0.62
25:4	7	a				expands	supplied-indefinite-article	safe	0.7574	approved	0				indefinite article; rests on 'Sabbath' → 'שַׁבַּ֤ת'
25:4	8	Sabbath		7	שַׁבַּ֤ת		global-review-known-rendering	safe	0.7574	approved	0				global known-rendering assignment; lexical score 0.61
25:4	12	the		11			attached-word	safe	0.6251	approved	0				Article of 'land'
25:4	13	land		12	אָ֔רֶץ		global-review-known-rendering	safe	0.7251	approved	0				global known-rendering assignment; lexical score 0.58
25:4	14	a				expands	supplied-indefinite-article	safe	0.7574	approved	0				indefinite article; rests on 'Sabbath' → 'שַׁבָּ֖ת'
25:4	15	Sabbath		13	שַׁבָּ֖ת		global-review-known-rendering	safe	0.7574	approved	0				global known-rendering assignment; lexical score 0.61
25:4	17	the				expands	supplied-article	safe	0.7287	approved	0				article the original does not write; rests on 'Lord' → 'יהוָ֑ה'
25:4	18	Lord		15	יהוָ֑ה		global-review-known-rendering	safe	0.7287	approved	0				global known-rendering assignment; lexical score 0.58
25:4	20	not		17	לֹ֣א		global-review-known-rendering	safe	0.6786	approved	0				global known-rendering assignment; lexical score 0.53
25:5				7	אֶת	omits	unrendered-object-marker	safe	0.6071	approved	0				object marker; rests on 'grapes' → 'עִנְּבֵ֥י'
25:5	9	not		4	לֹ֣א		global-review-known-rendering	safe	0.6786	approved	0				global known-rendering assignment; lexical score 0.53
25:5	13	the				expands	supplied-article	safe	0.6071	approved	0				article the original does not write; rests on 'grapes' → 'עִנְּבֵ֥י'
25:5	14	grapes		8	עִנְּבֵ֥י		global-review-known-rendering	safe	0.6071	approved	0				global known-rendering assignment; lexical score 0.46
25:5	20	not		10	לֹ֣א		global-review-known-rendering	safe	0.6786	approved	0				global known-rendering assignment; lexical score 0.53
25:5	27	a				expands	supplied-indefinite-article	safe	0.7714	approved	0				indefinite article; rests on 'year' → 'שְׁנַ֥ת'
25:5	28	year		12	שְׁנַ֥ת		global-review-known-rendering	safe	0.7714	approved	0				global known-rendering assignment; lexical score 0.62
25:5	32	the		16			attached-word	safe	0.6251	approved	0				Article of 'land'
25:5	33	land		17	אָֽרֶץ		global-review-known-rendering	safe	0.7251	approved	0				global known-rendering assignment; lexical score 0.58
25:6	2	the				expands	supplied-article	safe	0.7574	approved	0				article the original does not write; rests on 'Sabbath' → 'שַׁבַּ֨ת'
25:6	3	Sabbath		3	שַׁבַּ֨ת		global-review-known-rendering	safe	0.7574	approved	0				global known-rendering assignment; lexical score 0.61
25:6	4	of		5	אָ֤רֶץ		attached-word	safe	0.6251	approved	0				Genitive of 'land'
25:6	5	the		4	הָ		attached-word	safe	0.6251	approved	0				Article of 'land'
25:6	6	land		5	אָ֤רֶץ		global-review-known-rendering	safe	0.7251	approved	0				global known-rendering assignment; lexical score 0.58
25:7	9	the				expands	supplied-article	safe	0.7251	approved	0				article the original does not write; rests on 'land' → 'אַרְצֶ֑ךָ'
25:7	10	land		10	אַרְצֶ֑ךָ		global-review-known-rendering	safe	0.7251	approved	0				global known-rendering assignment; lexical score 0.58
25:7	11	all		12	כָל		global-review-known-rendering	safe	0.7583	approved	0				global known-rendering assignment; lexical score 0.61
25:8	3	seven		4	שֶׁ֚בַע		global-review-known-rendering	safe	0.7829	approved	0				global known-rendering assignment; lexical score 0.63
25:8	4	Sabbaths		5	שַׁבְּתֹ֣ת		global-review-known-rendering	safe	0.7735	approved	0				global known-rendering assignment; lexical score 0.62
25:8	5	of		6	שָׁנִ֔ים		attached-word	safe	0.6644	approved	0				Genitive of 'years'
25:8	6	years		6	שָׁנִ֔ים		global-review-known-rendering	safe	0.7644	approved	0				global known-rendering assignment; lexical score 0.61
25:8	11	seven		7	שֶׁ֥בַע		global-review-known-rendering	safe	0.7829	approved	0				global known-rendering assignment; lexical score 0.63
25:8	13	seven		9	שֶׁ֣בַע		global-review-known-rendering	safe	0.7829	approved	0				global known-rendering assignment; lexical score 0.63
25:8	14	years		8	שָׁנִ֖ים		global-review-known-rendering	safe	0.7644	approved	0				global known-rendering assignment; lexical score 0.61
25:8	16	the				expands	supplied-article	safe	0.7783	approved	0				article the original does not write; rests on 'days' → 'יְמֵי֙'
25:8	17	days		14	יְמֵי֙		global-review-known-rendering	safe	0.7783	approved	0				global known-rendering assignment; lexical score 0.63
25:8	18	of		15	שֶׁ֚בַע		attached-word	safe	0.6829	approved	0				Genitive of 'seven'
25:8	19	seven		15	שֶׁ֚בַע		global-review-known-rendering	safe	0.7829	approved	0				global known-rendering assignment; lexical score 0.63
25:8	20	Sabbaths		16	שַׁבְּתֹ֣ת		global-review-known-rendering	safe	0.7735	approved	0				global known-rendering assignment; lexical score 0.62
25:8	21	of		18	שָּׁנִ֔ים		attached-word	safe	0.6644	approved	0				Genitive of 'years'
25:8	22	years		18	שָּׁנִ֔ים		global-review-known-rendering	safe	0.7644	approved	0				global known-rendering assignment; lexical score 0.61
25:8	26	years		22	שָׁנָֽה		global-review-known-rendering	safe	0.7644	approved	0				global known-rendering assignment; lexical score 0.61
25:9	16	the		8	הַ		attached-word	safe	0.6453	approved	0				Article of 'seventh'
25:9	17	seventh		9	שְּׁבִעִ֔י		global-review-known-rendering	safe	0.7453	approved	0				global known-rendering assignment; lexical score 0.60
25:9	18	month		15	חֹ֑דֶשׁ		global-review-known-rendering	safe	0.78	approved	0				global known-rendering assignment; lexical score 0.63
25:9	20	the				expands	supplied-article	safe	0.7663	approved	0				article the original does not write; rests on 'day' → 'יֹום֙'
25:9	21	day		17	יֹום֙		global-review-known-rendering	safe	0.7663	approved	0				global known-rendering assignment; lexical score 0.62
25:9	32	all		23	כָל		global-review-known-rendering	safe	0.7583	approved	0				global known-rendering assignment; lexical score 0.61
25:9	33	your		24	אַרְצְכֶֽם		attached-word	safe	0.6251	approved	0				PossessivePronoun of 'land'
25:9	34	land		24	אַרְצְכֶֽם		global-review-known-rendering	safe	0.7251	approved	0				global known-rendering assignment; lexical score 0.58
25:10				3	אֵ֣ת	omits	unrendered-object-marker	safe	0.7714	approved	0				object marker; rests on 'year' → 'שְׁנַ֤ת'
25:10	5	year		4	שְׁנַ֤ת		global-review-known-rendering	safe	0.7714	approved	0				global known-rendering assignment; lexical score 0.62
25:10	15	the		12			attached-word	safe	0.6251	approved	0				Article of 'land'
25:10	16	land		13	אָ֖רֶץ		global-review-known-rendering	safe	0.7251	approved	0				global known-rendering assignment; lexical score 0.58
25:10	27	man		23	אִ֚ישׁ		global-review-known-rendering	safe	0.6002	approved	0				global known-rendering assignment; lexical score 0.45
25:10	30	back		22	שַׁבְתֶּ֗ם		global-review-known-rendering	safe	0.5608	approved	0				global known-rendering assignment; lexical score 0.41
25:10	36	his		29	מִשְׁפַּחְתֹּ֖ו		attached-word	safe	0.6553	approved	0				PossessivePronoun of 'family'
25:10	37	family		29	מִשְׁפַּחְתֹּ֖ו		global-review-known-rendering	safe	0.7553	approved	0				global known-rendering assignment; lexical score 0.61
25:11	4	year		3	שְׁנַ֛ת		global-review-known-rendering	safe	0.7714	approved	0				global known-rendering assignment; lexical score 0.62
25:11	22	not		12	לֹ֤א		global-review-known-rendering	safe	0.6786	approved	0				global known-rendering assignment; lexical score 0.53
25:11	29	not		17	לֹ֥א		global-review-known-rendering	safe	0.6786	approved	0				global known-rendering assignment; lexical score 0.53
25:12	9	holy		4	קֹ֖דֶשׁ		global-review-known-rendering	safe	0.6628	approved	0				global known-rendering assignment; lexical score 0.51
25:12	20	the		8	הַ֨		attached-word	safe	0.6591	approved	0				Article of 'field'
25:12	21	field		9	שָּׂדֶ֔ה		global-review-known-rendering	safe	0.7591	approved	0				global known-rendering assignment; lexical score 0.61
25:13	3	year		2	שְׁנַ֥ת		global-review-known-rendering	safe	0.7714	approved	0				global known-rendering assignment; lexical score 0.62
25:13	8	man		8	אִ֖ישׁ		global-review-known-rendering	safe	0.6002	approved	0				global known-rendering assignment; lexical score 0.45
25:13	10	back		7	תָּשֻׁ֕בוּ		global-review-known-rendering	safe	0.5608	approved	0				global known-rendering assignment; lexical score 0.41
25:15	12	the				expands	supplied-article	safe	0.6432	approved	0				article the original does not write; rests on 'number' → 'מִסְפַּ֤ר'
25:15	13	number		2	מִסְפַּ֤ר		global-review-known-rendering	safe	0.6432	approved	0				global known-rendering assignment; lexical score 0.49
25:15	14	of		3	שָׁנִים֙		attached-word	safe	0.6644	approved	0				Genitive of 'years'
25:15	15	years		3	שָׁנִים֙		global-review-known-rendering	safe	0.7644	approved	0				global known-rendering assignment; lexical score 0.61
25:15	16	after		4	אַחַ֣ר		global-review-known-rendering	safe	0.5886	approved	0				global known-rendering assignment; lexical score 0.44
25:15	17	the				expands	supplied-article	safe	0.7714	approved	0				article the original does not write; rests on 'year' → 'שְׁנֵֽי'
25:15	18	year		13	שְׁנֵֽי		global-review-known-rendering	safe	0.7714	approved	0				global known-rendering assignment; lexical score 0.62
25:15	22	the				expands	supplied-article	safe	0.6432	approved	0				article the original does not write; rests on 'number' → 'מִסְפַּ֥ר'
25:15	23	number		12	מִסְפַּ֥ר		global-review-known-rendering	safe	0.6432	approved	0				global known-rendering assignment; lexical score 0.49
25:16	5	years		5	שָּׁנִ֗ים		global-review-known-rendering	safe	0.7644	approved	0				global known-rendering assignment; lexical score 0.61
25:16	18	years		13	שָּׁנִ֔ים		global-review-known-rendering	safe	0.7644	approved	0				global known-rendering assignment; lexical score 0.61
25:17	13	your		10	אֱלֹהֶ֑יךָ		attached-word	safe	0.592	approved	0				PossessivePronoun of 'God'
25:17	14	God		10	אֱלֹהֶ֑יךָ		global-review-known-rendering	safe	0.692	approved	0				global known-rendering assignment; lexical score 0.54
25:17	21	the				expands	supplied-article	safe	0.7287	approved	0				article the original does not write; rests on 'Lord' → 'יְהֹוָ֖ה'
25:17	22	Lord		13	יְהֹוָ֖ה		global-review-known-rendering	safe	0.7287	approved	0				global known-rendering assignment; lexical score 0.58
25:17	23	your		14	אֱלֹהֵיכֶֽם		attached-word	safe	0.592	approved	0				PossessivePronoun of 'God'
25:17	24	God		14	אֱלֹהֵיכֶֽם		global-review-known-rendering	safe	0.692	approved	0				global known-rendering assignment; lexical score 0.54
25:18				15	הָ	omits	unrendered-article	safe	0.7251	approved	0				article no the of the verse renders; rests on 'land' → 'אָ֖רֶץ'
25:18	2	keep		8	תִּשְׁמְר֖וּ		global-review-known-rendering	safe	0.5882	approved	0				global known-rendering assignment; lexical score 0.44
25:18	9	do		10	עֲשִׂיתֶ֣ם		global-review-known-rendering	safe	0.6288	approved	0				global known-rendering assignment; lexical score 0.48
25:18	18	land		16	אָ֖רֶץ		global-review-known-rendering	safe	0.7251	approved	0				global known-rendering assignment; lexical score 0.58
25:19	2	the		3	הָ		attached-word	safe	0.6251	approved	0				Article of 'land'
25:19	3	land		4	אָ֨רֶץ֙		global-review-known-rendering	safe	0.7251	approved	0				global known-rendering assignment; lexical score 0.58
25:19	5	give		2	נָתְנָ֤ה		global-review-known-rendering	safe	0.6521	approved	0				global known-rendering assignment; lexical score 0.50
25:19	6	her		5	פִּרְיָ֔הּ		attached-word	safe	0.5684	approved	0				PossessivePronoun of 'fruit'
25:19	7	fruit		5	פִּרְיָ֔הּ		global-review-known-rendering	safe	0.6684	approved	0				global known-rendering assignment; lexical score 0.52
25:20	4	say		3	תֹאמְר֔וּ		global-review-known-rendering	safe	0.7661	approved	0				global known-rendering assignment; lexical score 0.62
25:20	12	the		9	הַ		attached-word	safe	0.6453	approved	0				Article of 'seventh'
25:20	13	seventh		10	שְּׁבִיעִ֑ת		global-review-known-rendering	safe	0.7453	approved	0				global known-rendering assignment; lexical score 0.60
25:20	14	year		8	שָּׁנָ֣ה		global-review-known-rendering	safe	0.7714	approved	0				global known-rendering assignment; lexical score 0.62
25:20	18	not		12	לֹ֣א		global-review-known-rendering	safe	0.6786	approved	0				global known-rendering assignment; lexical score 0.53
25:21				3	אֶת	omits	unrendered-object-marker	safe	0.7654	approved	0				object marker; rests on 'blessing' → 'בִּרְכָתִי֙'
25:21	6	blessing		4	בִּרְכָתִי֙		global-review-known-rendering	safe	0.7654	approved	0				global known-rendering assignment; lexical score 0.62
25:21	10	the		9	הַ		attached-word	safe	0.6419	approved	0				Article of 'sixth'
25:21	11	sixth		10	שִּׁשִּׁ֑ית		global-review-known-rendering	safe	0.7419	approved	0				global known-rendering assignment; lexical score 0.59
25:21	12	year		8	שָּׁנָ֖ה		global-review-known-rendering	safe	0.7714	approved	0				global known-rendering assignment; lexical score 0.62
25:21	21	three		17	שְׁלֹ֖שׁ		global-review-known-rendering	safe	0.7755	approved	0				global known-rendering assignment; lexical score 0.63
25:21	22	years		19	שָּׁנִֽים		global-review-known-rendering	safe	0.7644	approved	0				global known-rendering assignment; lexical score 0.61
25:22				3	אֵ֚ת	omits	unrendered-object-marker	safe	0.7714	approved	0				object marker; rests on 'year' → 'שָּׁנָ֣ה'
25:22	3	the		6	הַ		attached-word	safe	0.6045	approved	0				Article of 'eighth'
25:22	4	eighth		7	שְּׁמִינִ֔ת		global-review-known-rendering	safe	0.7045	approved	0				global known-rendering assignment; lexical score 0.55
25:22	5	year		5	שָּׁנָ֣ה		global-review-known-rendering	safe	0.7714	approved	0				global known-rendering assignment; lexical score 0.62
25:22	20	till		14	עַ֣ד		global-review-known-rendering	safe	0.6272	approved	0				global known-rendering assignment; lexical score 0.48
25:22	24	the		17	הַ		attached-word	safe	0.5875	approved	0				Article of 'ninth'
25:22	25	ninth		18	תְּשִׁיעִ֗ת		global-review-known-rendering	safe	0.6875	approved	0				global known-rendering assignment; lexical score 0.54
25:22	26	year		16	שָּׁנָ֣ה		global-review-known-rendering	safe	0.7714	approved	0				global known-rendering assignment; lexical score 0.62
25:23				2	הָ	omits	unrendered-article	safe	0.7251	approved	0				article no the of the verse renders; rests on 'land' → 'אָ֗רֶץ'
25:23	4	land		3	אָ֗רֶץ		global-review-known-rendering	safe	0.7251	approved	0				global known-rendering assignment; lexical score 0.58
25:23	10	the		10	הָ		attached-word	safe	0.6251	approved	0				Article of 'land'
25:23	11	land		11	אָ֑רֶץ		global-review-known-rendering	safe	0.7251	approved	0				global known-rendering assignment; lexical score 0.58
25:24	6	land		4	אֶ֣רֶץ		global-review-known-rendering	safe	0.7251	approved	0				global known-rendering assignment; lexical score 0.58
25:25	2	your		3	אָחִ֔יךָ		attached-word	safe	0.6727	approved	0				PossessivePronoun of 'brother'
25:25	3	brother		3	אָחִ֔יךָ		global-review-known-rendering	safe	0.7727	approved	0				global known-rendering assignment; lexical score 0.62
25:25	21	come		9	בָ֤א		global-review-known-rendering	safe	0.5717	approved	0				global known-rendering assignment; lexical score 0.42
25:25	27	his		18	אָחִֽיו		attached-word	safe	0.6727	approved	0				PossessivePronoun of 'brother'
25:25	28	brother		18	אָחִֽיו		global-review-known-rendering	safe	0.7727	approved	0				global known-rendering assignment; lexical score 0.62
25:27				3	אֶת	omits	unrendered-object-marker	safe	0.7644	approved	0				object marker; rests on 'years' → 'שְׁנֵ֣י'
25:27	7	the				expands	supplied-article	safe	0.7644	approved	0				article the original does not write; rests on 'years' → 'שְׁנֵ֣י'
25:27	8	years		4	שְׁנֵ֣י		global-review-known-rendering	safe	0.7644	approved	0				global known-rendering assignment; lexical score 0.61
25:27	36	back		18	שָׁ֖ב		global-review-known-rendering	safe	0.5608	approved	0				global known-rendering assignment; lexical score 0.41
25:28	2	if		2	אִ֨ם		global-review-known-rendering	safe	0.6441	approved	0				global known-rendering assignment; lexical score 0.49
25:28	5	not		3	לֹֽא		global-review-known-rendering	safe	0.6786	approved	0				global known-rendering assignment; lexical score 0.53
25:28	10	back		7	הָשִׁ֣יב		global-review-known-rendering	safe	0.5608	approved	0				global known-rendering assignment; lexical score 0.41
25:28	26	till		17	עַ֖ד		global-review-known-rendering	safe	0.6272	approved	0				global known-rendering assignment; lexical score 0.48
25:28	27	the				expands	supplied-article	safe	0.7714	approved	0				article the original does not write; rests on 'year' → 'שְׁנַ֣ת'
25:28	28	year		18	שְׁנַ֣ת		global-review-known-rendering	safe	0.7714	approved	0				global known-rendering assignment; lexical score 0.62
25:28	49	again		27	שָׁ֖ב		global-review-known-rendering	safe	0.5662	approved	0				global known-rendering assignment; lexical score 0.42
25:29	3	a				expands	supplied-indefinite-article	safe	0.6002	approved	0				indefinite article; rests on 'man' → 'אִ֗ישׁ'
25:29	4	man		2	אִ֗ישׁ		global-review-known-rendering	safe	0.6002	approved	0				global known-rendering assignment; lexical score 0.45
25:29	7	house		5	בֵּית		global-review-known-rendering	safe	0.7634	approved	0				global known-rendering assignment; lexical score 0.61
25:29	9	a				expands	supplied-indefinite-article	safe	0.71	approved	0				indefinite article; rests on 'town' → 'עִ֣יר'
25:29	11	town		7	עִ֣יר		global-review-known-rendering	safe	0.71	approved	0				global known-rendering assignment; lexical score 0.56
25:29	28	year		14	שְׁנַ֣ת		global-review-known-rendering	safe	0.7714	approved	0				global known-rendering assignment; lexical score 0.62
25:30	2	if		2	אִ֣ם		global-review-known-rendering	safe	0.6441	approved	0				global known-rendering assignment; lexical score 0.49
25:30	5	not		3	לֹֽא		global-review-known-rendering	safe	0.6786	approved	0				global known-rendering assignment; lexical score 0.53
25:30	13	the				expands	supplied-article	safe	0.7714	approved	0				article the original does not write; rests on 'year' → 'שָׁנָ֣ה'
25:30	14	year		8	שָׁנָ֣ה		global-review-known-rendering	safe	0.7714	approved	0				global known-rendering assignment; lexical score 0.62
25:30	16	the		12	הַ		attached-word	safe	0.6634	approved	0				Article of 'house'
25:30	17	house		13	בַּ֨יִת		global-review-known-rendering	safe	0.7634	approved	0				global known-rendering assignment; lexical score 0.61
25:30	19	the		16			attached-word	safe	0.61	approved	0				Article of 'town'
25:30	20	town		17	עִ֜יר		global-review-known-rendering	safe	0.71	approved	0				global known-rendering assignment; lexical score 0.56
25:30	41	not		30	לֹ֥א		global-review-known-rendering	safe	0.6786	approved	0				global known-rendering assignment; lexical score 0.53
25:31	2	houses		2	בָתֵּ֣י		global-review-known-rendering	safe	0.7536	approved	0				global known-rendering assignment; lexical score 0.60
25:31	14	the		12	הָ		attached-word	safe	0.5118	approved	0				Article of 'country'
25:31	15	country		13	אָ֖רֶץ		global-review-known-rendering	safe	0.6118	approved	0				global known-rendering assignment; lexical score 0.46
25:32	2	the				expands	supplied-article	safe	0.7536	approved	0				article the original does not write; rests on 'houses' → 'בָּתֵּ֖י'
25:32	3	houses		5	בָּתֵּ֖י		global-review-known-rendering	safe	0.7536	approved	0				global known-rendering assignment; lexical score 0.60
25:32	8	the		3	הַ		attached-word	safe	0.6863	approved	0				Article of 'Levites'
25:32	9	Levites		4	לְוִיִּ֔ם		global-review-known-rendering	safe	0.7863	approved	0				global known-rendering assignment; lexical score 0.64
25:32	15	the		12			attached-word	safe	0.6863	approved	0				Article of 'Levites'
25:32	16	Levites		13	לְוִיִּֽם		global-review-known-rendering	safe	0.7863	approved	0				global known-rendering assignment; lexical score 0.64
25:33	3	a				expands	supplied-indefinite-article	safe	0.7827	approved	0				indefinite article; rests on 'Levite' → 'לְוִיִּ֔ם'
25:33	4	Levite		6	לְוִיִּ֔ם		global-review-known-rendering	safe	0.7827	approved	0				global known-rendering assignment; lexical score 0.63
25:33	15	house		10	בַּ֛יִת		global-review-known-rendering	safe	0.7634	approved	0				global known-rendering assignment; lexical score 0.61
25:33	17	the				expands	supplied-article	safe	0.71	approved	0				article the original does not write; rests on 'town' → 'עִ֥יר'
25:33	18	town		12	עִ֥יר		global-review-known-rendering	safe	0.71	approved	0				global known-rendering assignment; lexical score 0.56
25:33	19	which		2	אֲשֶׁ֤ר		global-review-known-rendering	safe	0.6691	approved	0				global known-rendering assignment; lexical score 0.52
25:33	35	the				expands	supplied-article	safe	0.7536	approved	0				article the original does not write; rests on 'houses' → 'בָתֵּ֞י'
25:33	36	houses		18	בָתֵּ֞י		global-review-known-rendering	safe	0.7536	approved	0				global known-rendering assignment; lexical score 0.60
25:33	40	of		21	לְוִיִּ֗ם		attached-word	safe	0.6863	approved	0				Genitive of 'Levites'
25:33	41	the		20	הַ		attached-word	safe	0.6863	approved	0				Article of 'Levites'
25:33	42	Levites		21	לְוִיִּ֗ם		global-review-known-rendering	safe	0.7863	approved	0				global known-rendering assignment; lexical score 0.64
25:33	47	the				expands	supplied-article	safe	0.7613	approved	0				article the original does not write; rests on 'children' → 'בְּנֵ֥י'
25:33	48	children		26	בְּנֵ֥י		global-review-known-rendering	safe	0.7613	approved	0				global known-rendering assignment; lexical score 0.61
25:33	49	of		27	יִשְׂרָאֵֽל		attached-word	safe	0.6858	approved	0				Genitive of 'Israel'
25:33	50	Israel		27	יִשְׂרָאֵֽל		global-review-known-rendering	safe	0.7858	approved	0				global known-rendering assignment; lexical score 0.64
25:34	11	not		5	לֹ֣א		global-review-known-rendering	safe	0.6786	approved	0				global known-rendering assignment; lexical score 0.53
25:34	22	ever		9	עֹולָ֛ם		global-review-known-rendering	safe	0.6099	approved	0				global known-rendering assignment; lexical score 0.46
25:35	3	your		4	אָחִ֔יךָ		attached-word	safe	0.6727	approved	0				PossessivePronoun of 'brother'
25:35	4	brother		4	אָחִ֔יךָ		global-review-known-rendering	safe	0.7727	approved	0				global known-rendering assignment; lexical score 0.62
25:36	1	Take		2	תִּקַּ֤ח		global-review-known-rendering	safe	0.5508	approved	0				global known-rendering assignment; lexical score 0.40
25:36	16	your		11	אֱלֹהֶ֑יךָ		attached-word	safe	0.592	approved	0				PossessivePronoun of 'God'
25:36	17	God		11	אֱלֹהֶ֑יךָ		global-review-known-rendering	safe	0.692	approved	0				global known-rendering assignment; lexical score 0.54
25:36	22	your		14	אָחִ֖יךָ		attached-word	safe	0.6727	approved	0				PossessivePronoun of 'brother'
25:36	23	brother		14	אָחִ֖יךָ		global-review-known-rendering	safe	0.7727	approved	0				global known-rendering assignment; lexical score 0.62
25:37				1	אֶ֨ת	omits	unrendered-object-marker	safe	0.7767	approved	0				object marker; rests on 'money' → 'כַּסְפְּךָ֔'
25:37	2	not		3	לֹֽא		global-review-known-rendering	safe	0.6786	approved	0				global known-rendering assignment; lexical score 0.53
25:37	6	the				expands	supplied-article	safe	0.7767	approved	0				article the original does not write; rests on 'money' → 'כַּסְפְּךָ֔'
25:37	7	money		2	כַּסְפְּךָ֔		global-review-known-rendering	safe	0.7767	approved	0				global known-rendering assignment; lexical score 0.63
25:37	19	give		12	תִתֵּ֥ן		global-review-known-rendering	safe	0.6521	approved	0				global known-rendering assignment; lexical score 0.50
25:38				13	אֶת	omits	unrendered-object-marker	safe	0.7251	approved	0				object marker; rests on 'land' → 'אֶ֣רֶץ'
25:38	3	the				expands	supplied-article	safe	0.7287	approved	0				article the original does not write; rests on 'Lord' → 'יְהוָה֙'
25:38	4	Lord		2	יְהוָה֙		global-review-known-rendering	safe	0.7287	approved	0				global known-rendering assignment; lexical score 0.58
25:38	5	your		3	אֱלֹ֣הֵיכֶ֔ם		attached-word	safe	0.592	approved	0				PossessivePronoun of 'God'
25:38	6	God		3	אֱלֹ֣הֵיכֶ֔ם		global-review-known-rendering	safe	0.692	approved	0				global known-rendering assignment; lexical score 0.54
25:38	12	the				expands	supplied-article	safe	0.7251	approved	0				article the original does not write; rests on 'land' → 'אֶ֣רֶץ'
25:38	13	land		8	אֶ֣רֶץ		global-review-known-rendering	safe	0.7251	approved	0				global known-rendering assignment; lexical score 0.58
25:38	14	of		9	מִצְרָ֑יִם		attached-word	safe	0.6329	approved	0				Genitive of 'Egypt'
25:38	15	Egypt		9	מִצְרָ֑יִם		global-review-known-rendering	safe	0.7329	approved	0				global known-rendering assignment; lexical score 0.58
25:38	17	give		11	תֵ֤ת		global-review-known-rendering	safe	0.6521	approved	0				global known-rendering assignment; lexical score 0.50
25:38	19	the				expands	supplied-article	safe	0.7251	approved	0				article the original does not write; rests on 'land' → 'אֶ֣רֶץ'
25:38	20	land		14	אֶ֣רֶץ		global-review-known-rendering	safe	0.7251	approved	0				global known-rendering assignment; lexical score 0.58
25:38	21	of		15	כְּנַ֔עַן		attached-word	safe	0.6841	approved	0				Genitive of 'Canaan'
25:38	22	Canaan		15	כְּנַ֔עַן		global-review-known-rendering	safe	0.7841	approved	0				global known-rendering assignment; lexical score 0.63
25:38	28	God		20	אלֹהִֽים		global-review-known-rendering	safe	0.692	approved	0				global known-rendering assignment; lexical score 0.54
25:39	3	your		4	אָחִ֛יךָ		attached-word	safe	0.6727	approved	0				PossessivePronoun of 'brother'
25:39	4	brother		4	אָחִ֛יךָ		global-review-known-rendering	safe	0.7727	approved	0				global known-rendering assignment; lexical score 0.62
25:39	15	not		9	לֹא		global-review-known-rendering	safe	0.6786	approved	0				global known-rendering assignment; lexical score 0.53
25:39	21	a				expands	supplied-indefinite-article	safe	0.7481	approved	0				indefinite article; rests on 'servant' → 'עָֽבֶד'
25:39	22	servant		13	עָֽבֶד		global-review-known-rendering	safe	0.7481	approved	0				global known-rendering assignment; lexical score 0.60
25:40	13	till		7	עַד		global-review-known-rendering	safe	0.6272	approved	0				global known-rendering assignment; lexical score 0.48
25:40	14	the				expands	supplied-article	safe	0.7714	approved	0				article the original does not write; rests on 'year' → 'שְׁנַ֥ת'
25:40	15	year		8	שְׁנַ֥ת		global-review-known-rendering	safe	0.7714	approved	0				global known-rendering assignment; lexical score 0.62
25:41	10	his		7	בָנָ֣יו		attached-word	safe	0.6613	approved	0				PossessivePronoun of 'children'
25:41	11	children		7	בָנָ֣יו		global-review-known-rendering	safe	0.7613	approved	0				global known-rendering assignment; lexical score 0.61
25:41	16	back		10	שָׁב֙		global-review-known-rendering	safe	0.5608	approved	0				global known-rendering assignment; lexical score 0.41
25:41	18	his		12	מִשְׁפַּחְתֹּ֔ו		attached-word	safe	0.6553	approved	0				PossessivePronoun of 'family'
25:41	19	family		12	מִשְׁפַּחְתֹּ֔ו		global-review-known-rendering	safe	0.7553	approved	0				global known-rendering assignment; lexical score 0.61
25:41	24	of		16	אֲבֹתָ֖יו		attached-word	safe	0.5882	approved	0				Genitive of 'his'
25:41	25	his		16	אֲבֹתָ֖יו		attached-word	safe	0.6882	approved	0				PossessivePronoun of 'fathers'
25:41	26	fathers		16	אֲבֹתָ֖יו		global-review-known-rendering	safe	0.7882	approved	0				global known-rendering assignment; lexical score 0.64
25:42	4	my		2	עֲבָדַ֣י		attached-word	safe	0.6354	approved	0				PossessivePronoun of 'servants'
25:42	5	servants		2	עֲבָדַ֣י		global-review-known-rendering	safe	0.7354	approved	0				global known-rendering assignment; lexical score 0.59
25:42	6	whom		4	אֲשֶׁר		global-review-known-rendering	safe	0.6472	approved	0				global known-rendering assignment; lexical score 0.50
25:42	11	the				expands	supplied-article	safe	0.7251	approved	0				article the original does not write; rests on 'land' → 'אֶ֣רֶץ'
25:42	12	land		8	אֶ֣רֶץ		global-review-known-rendering	safe	0.7251	approved	0				global known-rendering assignment; lexical score 0.58
25:42	13	of		9	מִצְרָ֑יִם		attached-word	safe	0.6329	approved	0				Genitive of 'Egypt'
25:42	14	Egypt		9	מִצְרָ֑יִם		global-review-known-rendering	safe	0.7329	approved	0				global known-rendering assignment; lexical score 0.58
25:42	17	not		10	לֹ֥א		global-review-known-rendering	safe	0.6786	approved	0				global known-rendering assignment; lexical score 0.53
25:43	2	not		1	לֹא		global-review-known-rendering	safe	0.6786	approved	0				global known-rendering assignment; lexical score 0.53
25:43	14	God		9	אֱלֹהֶֽיךָ		global-review-known-rendering	safe	0.692	approved	0				global known-rendering assignment; lexical score 0.54
25:44				9	אֵ֣ת	omits	unrendered-object-marker	safe	0.749	approved	0				object marker; rests on 'nations' → 'גֹּויִ֗ם'
25:44	5	servants		2	עַבְדְּךָ֥		global-review-known-rendering	safe	0.7354	approved	0				global known-rendering assignment; lexical score 0.59
25:44	10	the		10	הַ		attached-word	safe	0.649	approved	0				Article of 'nations'
25:44	11	nations		11	גֹּויִ֗ם		global-review-known-rendering	safe	0.749	approved	0				global known-rendering assignment; lexical score 0.60
25:44	12	round		13	סְבִיבֹ֣תֵיכֶ֔ם		global-review-known-rendering	safe	0.7209	approved	0				global known-rendering assignment; lexical score 0.57
25:45	12	the				expands	supplied-article	safe	0.7613	approved	0				article the original does not write; rests on 'children' → 'בְּנֵ֨י'
25:45	13	children		4	בְּנֵ֨י		global-review-known-rendering	safe	0.7613	approved	0				global known-rendering assignment; lexical score 0.61
25:45	24	their		14	מִּשְׁפַּחְתָּם֙		attached-word	safe	0.6631	approved	0				PossessivePronoun of 'families'
25:45	25	families		14	מִּשְׁפַּחְתָּם֙		global-review-known-rendering	safe	0.7631	approved	0				global known-rendering assignment; lexical score 0.61
25:45	26	which		15	אֲשֶׁ֣ר		global-review-known-rendering	safe	0.6691	approved	0				global known-rendering assignment; lexical score 0.52
25:45	32	your		20	אַרְצְכֶ֑ם		attached-word	safe	0.6251	approved	0				PossessivePronoun of 'land'
25:45	33	land		20	אַרְצְכֶ֑ם		global-review-known-rendering	safe	0.7251	approved	0				global known-rendering assignment; lexical score 0.58
25:46	5	your		5	בְנֵיכֶ֤ם		attached-word	safe	0.7	approved	0				PossessivePronoun of 'children's'
25:46	6	children's		5	בְנֵיכֶ֤ם		global-review-known-rendering	safe	0.8	approved	0				global known-rendering assignment; lexical score 0.65
25:46	8	after		6	אַחֲרֵיכֶם֙		global-review-known-rendering	safe	0.5886	approved	0				global known-rendering assignment; lexical score 0.44
25:46	21	ever		11	עֹלָ֖ם		global-review-known-rendering	safe	0.6099	approved	0				global known-rendering assignment; lexical score 0.46
25:46	25	not		22	לֹא		global-review-known-rendering	safe	0.6786	approved	0				global known-rendering assignment; lexical score 0.53
25:46	32	the				expands	supplied-article	safe	0.7613	approved	0				article the original does not write; rests on 'children' → 'בְּנֵֽי'
25:46	33	children		17	בְּנֵֽי		global-review-known-rendering	safe	0.7613	approved	0				global known-rendering assignment; lexical score 0.61
25:46	34	of		18	יִשְׂרָאֵל֙		attached-word	safe	0.6858	approved	0				Genitive of 'Israel'
25:46	35	Israel		18	יִשְׂרָאֵל֙		global-review-known-rendering	safe	0.7858	approved	0				global known-rendering assignment; lexical score 0.64
25:47	36	family		22	מִשְׁפַּ֥חַת		global-review-known-rendering	safe	0.7553	approved	0				global known-rendering assignment; lexical score 0.61
25:48	1	After		1	אַחֲרֵ֣י		global-review-known-rendering	safe	0.5886	approved	0				global known-rendering assignment; lexical score 0.44
25:48	18	one		6	אֶחָ֥ד		global-review-known-rendering	safe	0.5909	approved	0				global known-rendering assignment; lexical score 0.44
25:48	20	his		8	אֶחָ֖יו		attached-word	safe	0.6707	approved	0				PossessivePronoun of 'brothers'
25:48	21	brothers		8	אֶחָ֖יו		global-review-known-rendering	safe	0.7707	approved	0				global known-rendering assignment; lexical score 0.62
25:49	6	the				expands	supplied-article	safe	0.7886	approved	0				article the original does not write; rests on 'son' → 'בֶן'
25:49	7	son		4	בֶן		global-review-known-rendering	safe	0.7886	approved	0				global known-rendering assignment; lexical score 0.64
25:50	3	the				expands	supplied-article	safe	0.7644	approved	0				article the original does not write; rests on 'years' → 'שְּׁנַת֙'
25:50	4	years		6	שְּׁנַת֙		global-review-known-rendering	safe	0.7644	approved	0				global known-rendering assignment; lexical score 0.61
25:50	17	till		9	עַ֖ד		global-review-known-rendering	safe	0.6272	approved	0				global known-rendering assignment; lexical score 0.48
25:50	18	the				expands	supplied-article	safe	0.7714	approved	0				article the original does not write; rests on 'year' → 'שְׁנַ֣ת'
25:50	19	year		10	שְׁנַ֣ת		global-review-known-rendering	safe	0.7714	approved	0				global known-rendering assignment; lexical score 0.62
25:50	33	the				expands	supplied-article	safe	0.6432	approved	0				article the original does not write; rests on 'number' → 'מִסְפַּ֣ר'
25:50	34	number		18	מִסְפַּ֣ר		global-review-known-rendering	safe	0.6432	approved	0				global known-rendering assignment; lexical score 0.49
25:50	35	of		19	שָׁנִ֔ים		attached-word	safe	0.6644	approved	0				Genitive of 'years'
25:50	36	years		19	שָׁנִ֔ים		global-review-known-rendering	safe	0.7644	approved	0				global known-rendering assignment; lexical score 0.61
25:51	1	If		1	אִם		global-review-known-rendering	safe	0.6441	approved	0				global known-rendering assignment; lexical score 0.49
25:51	11	back		9	יָשִׁ֣יב		global-review-known-rendering	safe	0.5608	approved	0				global known-rendering assignment; lexical score 0.41
25:52	2	if		2	אִם		global-review-known-rendering	safe	0.6441	approved	0				global known-rendering assignment; lexical score 0.49
25:52	25	years		17	שָׁנָ֔יו		global-review-known-rendering	safe	0.7644	approved	0				global known-rendering assignment; lexical score 0.61
25:52	29	back		18	יָשִׁ֖יב		global-review-known-rendering	safe	0.5608	approved	0				global known-rendering assignment; lexical score 0.41
25:53	13	year		3	שָׁנָ֛ה		global-review-known-rendering	safe	0.7714	approved	0				global known-rendering assignment; lexical score 0.62
25:53	15	year		5	שָׁנָ֖ה		global-review-known-rendering	safe	0.7714	approved	0				global known-rendering assignment; lexical score 0.62
25:53	19	not		8	לֹֽא		global-review-known-rendering	safe	0.6786	approved	0				global known-rendering assignment; lexical score 0.53
25:53	26	your		13	עֵינֶֽיךָ		attached-word	safe	0.684	approved	0				PossessivePronoun of 'eyes'
25:53	27	eyes		13	עֵינֶֽיךָ		global-review-known-rendering	safe	0.784	approved	0				global known-rendering assignment; lexical score 0.63
25:54				1	וְ	omits	unrendered-conjunction	safe	0.6441	approved	0				conjunction no word of the verse renders; rests on 'if' → 'אִם'
25:54	2	if		2	אִם		global-review-known-rendering	safe	0.6441	approved	0				global known-rendering assignment; lexical score 0.49
25:54	5	not		3	לֹ֥א		global-review-known-rendering	safe	0.6786	approved	0				global known-rendering assignment; lexical score 0.53
25:54	16	the				expands	supplied-article	safe	0.7714	approved	0				article the original does not write; rests on 'year' → 'שְׁנַ֣ת'
25:54	17	year		10	שְׁנַ֣ת		global-review-known-rendering	safe	0.7714	approved	0				global known-rendering assignment; lexical score 0.62
25:54	22	his		15	בָנָ֥יו		attached-word	safe	0.6613	approved	0				PossessivePronoun of 'children'
25:54	23	children		15	בָנָ֥יו		global-review-known-rendering	safe	0.7613	approved	0				global known-rendering assignment; lexical score 0.61
25:55	2	the				expands	supplied-article	safe	0.7613	approved	0				article the original does not write; rests on 'children' → 'בְנֵֽי'
25:55	3	children		3	בְנֵֽי		global-review-known-rendering	safe	0.7613	approved	0				global known-rendering assignment; lexical score 0.61
25:55	4	of		4	יִשְׂרָאֵל֙		attached-word	safe	0.6858	approved	0				Genitive of 'Israel'
25:55	5	Israel		4	יִשְׂרָאֵל֙		global-review-known-rendering	safe	0.7858	approved	0				global known-rendering assignment; lexical score 0.64
25:55	7	servants		5	עֲבָדִ֔ים		global-review-known-rendering	safe	0.7354	approved	0				global known-rendering assignment; lexical score 0.59
25:55	12	my		6	עֲבָדַ֣י		attached-word	safe	0.6354	approved	0				PossessivePronoun of 'servants'
25:55	13	servants		6	עֲבָדַ֣י		global-review-known-rendering	safe	0.7354	approved	0				global known-rendering assignment; lexical score 0.59
25:55	14	whom		8	אֲשֶׁר		global-review-known-rendering	safe	0.6472	approved	0				global known-rendering assignment; lexical score 0.50
25:55	19	the				expands	supplied-article	safe	0.7251	approved	0				article the original does not write; rests on 'land' → 'אֶ֣רֶץ'
25:55	20	land		12	אֶ֣רֶץ		global-review-known-rendering	safe	0.7251	approved	0				global known-rendering assignment; lexical score 0.58
25:55	21	of		13	מִצְרָ֑יִם		attached-word	safe	0.6329	approved	0				Genitive of 'Egypt'
25:55	22	Egypt		13	מִצְרָ֑יִם		global-review-known-rendering	safe	0.7329	approved	0				global known-rendering assignment; lexical score 0.58
25:55	25	the				expands	supplied-article	safe	0.7287	approved	0				article the original does not write; rests on 'Lord' → 'יְהוָ֥ה'
25:55	26	Lord		15	יְהוָ֥ה		global-review-known-rendering	safe	0.7287	approved	0				global known-rendering assignment; lexical score 0.58
25:55	27	your		16	אֱלֹהֵיכֶֽם		attached-word	safe	0.592	approved	0				PossessivePronoun of 'God'
25:55	28	God		16	אֱלֹהֵיכֶֽם		global-review-known-rendering	safe	0.692	approved	0				global known-rendering assignment; lexical score 0.54
26:1	2	not		1	לֹֽא		global-review-known-rendering	safe	0.6788	approved	0				global known-rendering assignment; lexical score 0.53
26:1	7	gods		25	אֱלֹהֵיכֶֽם		global-review-known-rendering	safe	0.7609	approved	0				global known-rendering assignment; lexical score 0.61
26:1	24	your		18	אַרְצְכֶ֔ם		attached-word	safe	0.6251	approved	0				PossessivePronoun of 'land'
26:1	25	land		18	אַרְצְכֶ֔ם		global-review-known-rendering	safe	0.7251	approved	0				global known-rendering assignment; lexical score 0.58
26:1	27	give		16	תִתְּנוּ֙		global-review-known-rendering	safe	0.651	approved	0				global known-rendering assignment; lexical score 0.50
26:1	28	worship		20	הִֽשְׁתַּחֲוֹ֖ת		global-review-known-rendering	safe	0.7325	approved	0				global known-rendering assignment; lexical score 0.58
26:1	34	the				expands	supplied-article	safe	0.7287	approved	0				article the original does not write; rests on 'Lord' → 'יְהוָ֖ה'
26:1	35	Lord		24	יְהוָ֖ה		global-review-known-rendering	safe	0.7287	approved	0				global known-rendering assignment; lexical score 0.58
26:2				1	אֶת	omits	unrendered-object-marker	safe	0.771	approved	0				object marker; rests on 'Sabbaths' → 'שַׁבְּתֹתַ֣י'
26:2	1	Keep		3	תִּשְׁמֹ֔רוּ		global-review-known-rendering	safe	0.5868	approved	0				global known-rendering assignment; lexical score 0.44
26:2	2	my		2	שַׁבְּתֹתַ֣י		attached-word	safe	0.671	approved	0				PossessivePronoun of 'Sabbaths'
26:2	3	Sabbaths		2	שַׁבְּתֹתַ֣י		global-review-known-rendering	safe	0.771	approved	0				global known-rendering assignment; lexical score 0.62
26:2	13	the				expands	supplied-article	safe	0.7287	approved	0				article the original does not write; rests on 'Lord' → 'יְהוָֽה'
26:2	14	Lord		8	יְהוָֽה		global-review-known-rendering	safe	0.7287	approved	0				global known-rendering assignment; lexical score 0.58
26:3	1	If		1	אִם		global-review-known-rendering	safe	0.6402	approved	0				global known-rendering assignment; lexical score 0.49
26:3	9	keep		8	תִּשְׁמְר֔וּ		global-review-known-rendering	safe	0.5868	approved	0				global known-rendering assignment; lexical score 0.44
26:3	13	do		10	עֲשִׂיתֶ֖ם		global-review-known-rendering	safe	0.6285	approved	0				global known-rendering assignment; lexical score 0.48
26:4	4	give		2	נָתַתִּ֥י		global-review-known-rendering	safe	0.651	approved	0				global known-rendering assignment; lexical score 0.50
26:4	10	time		5	עִתָּ֑ם		global-review-known-rendering	safe	0.5716	approved	0				global known-rendering assignment; lexical score 0.42
26:4	12	the		8	הָ		attached-word	safe	0.6251	approved	0				Article of 'land'
26:4	13	land		9	אָ֨רֶץ֙		global-review-known-rendering	safe	0.7251	approved	0				global known-rendering assignment; lexical score 0.58
26:4	15	give		7	נָתְנָ֤ה		global-review-known-rendering	safe	0.651	approved	0				global known-rendering assignment; lexical score 0.50
26:4	19	the				expands	supplied-article	safe	0.5814	approved	0				article the original does not write; rests on 'trees' → 'עֵ֥ץ'
26:4	20	trees		12	עֵ֥ץ		global-review-known-rendering	safe	0.5814	approved	0				global known-rendering assignment; lexical score 0.43
26:4	21	of		14	שָּׂדֶ֖ה		attached-word	safe	0.6596	approved	0				Genitive of 'field'
26:4	22	the		13	הַ		attached-word	safe	0.6596	approved	0				Article of 'field'
26:4	23	field		14	שָּׂדֶ֖ה		global-review-known-rendering	safe	0.7596	approved	0				global known-rendering assignment; lexical score 0.61
26:4	25	give		15	יִתֵּ֥ן		global-review-known-rendering	safe	0.651	approved	0				global known-rendering assignment; lexical score 0.50
26:4	27	fruit		16	פִּרְיֹֽו		global-review-known-rendering	safe	0.662	approved	0				global known-rendering assignment; lexical score 0.51
26:5				10	אֶת	omits	unrendered-object-marker	safe	0.7386	approved	0				object marker; rests on 'seed' → 'זָ֑רַע'
26:5	8	overtake		2	הִשִּׂ֨יג		global-review-known-rendering	safe	0.7471	approved	0				global known-rendering assignment; lexical score 0.60
26:5	21	overtake		9	יַשִּׂ֣יג		global-review-known-rendering	safe	0.7471	approved	0				global known-rendering assignment; lexical score 0.60
26:5	25	the				expands	supplied-article	safe	0.7386	approved	0				article the original does not write; rests on 'seed' → 'זָ֑רַע'
26:5	26	seed		11	זָ֑רַע		global-review-known-rendering	safe	0.7386	approved	0				global known-rendering assignment; lexical score 0.59
26:5	31	bread		14	לַחְמְכֶם֙		global-review-known-rendering	safe	0.7291	approved	0				global known-rendering assignment; lexical score 0.58
26:5	41	your		22	אַרְצְכֶֽם		attached-word	safe	0.6251	approved	0				PossessivePronoun of 'land'
26:5	42	land		22	אַרְצְכֶֽם		global-review-known-rendering	safe	0.7251	approved	0				global known-rendering assignment; lexical score 0.58
26:5	43	safely		20	בֶ֖טַח		global-review-known-rendering	safe	0.75	approved	0				global known-rendering assignment; lexical score 0.60
26:6	4	give		2	נָתַתִּ֤י		global-review-known-rendering	safe	0.651	approved	0				global known-rendering assignment; lexical score 0.50
26:6	8	the		5			attached-word	safe	0.6251	approved	0				Article of 'land'
26:6	9	land		6	אָ֔רֶץ		global-review-known-rendering	safe	0.7251	approved	0				global known-rendering assignment; lexical score 0.58
26:6	33	evil		15	רָעָה֙		global-review-known-rendering	safe	0.7308	approved	0				global known-rendering assignment; lexical score 0.58
26:6	36	the		17	הָ		attached-word	safe	0.6251	approved	0				Article of 'land'
26:6	37	land		18	אָ֔רֶץ		global-review-known-rendering	safe	0.7251	approved	0				global known-rendering assignment; lexical score 0.58
26:6	40	sword		20	חֶ֖רֶב		global-review-known-rendering	safe	0.7801	approved	0				global known-rendering assignment; lexical score 0.63
26:6	46	your		24	אַרְצְכֶֽם		attached-word	safe	0.6251	approved	0				PossessivePronoun of 'land'
26:6	47	land		24	אַרְצְכֶֽם		global-review-known-rendering	safe	0.7251	approved	0				global known-rendering assignment; lexical score 0.58
26:7				10		omits	unrendered-article	safe	0.775	approved	0				article no the of the verse renders; rests on 'swords' → 'חָֽרֶב'
26:7	21	swords		11	חָֽרֶב		global-review-known-rendering	safe	0.775	approved	0				global known-rendering assignment; lexical score 0.62
26:8				17		omits	unrendered-article	safe	0.775	approved	0				article no the of the verse renders; rests on 'swords' → 'חָֽרֶב'
26:8	2	five		4	חֲמִשָּׁה֙		global-review-known-rendering	safe	0.7924	approved	0				global known-rendering assignment; lexical score 0.64
26:8	9	a				expands	supplied-indefinite-article	safe	0.7876	approved	0				indefinite article; rests on 'hundred' → 'מֵאָ֔ה'
26:8	10	hundred		5	מֵאָ֔ה		global-review-known-rendering	safe	0.7876	approved	0				global known-rendering assignment; lexical score 0.64
26:8	12	a				expands	supplied-indefinite-article	safe	0.7876	approved	0				indefinite article; rests on 'hundred' → 'מֵאָ֥ה'
26:8	13	hundred		7	מֵאָ֥ה		global-review-known-rendering	safe	0.7876	approved	0				global known-rendering assignment; lexical score 0.64
26:8	35	swords		18	חָֽרֶב		global-review-known-rendering	safe	0.775	approved	0				global known-rendering assignment; lexical score 0.62
26:10	19	the				expands	supplied-article	safe	0.6071	approved	0				article the original does not write; rests on 'new' → 'חָדָ֖שׁ'
26:10	20	new		9	חָדָ֖שׁ		global-review-known-rendering	safe	0.6071	approved	0				global known-rendering assignment; lexical score 0.46
26:11	11	my		9	נַפְשִׁ֖י		attached-word	safe	0.692	approved	0				PossessivePronoun of 'soul'
26:11	12	soul		9	נַפְשִׁ֖י		global-review-known-rendering	safe	0.792	approved	0				global known-rendering assignment; lexical score 0.64
26:11	14	not		7	לֹֽא		global-review-known-rendering	safe	0.6788	approved	0				global known-rendering assignment; lexical score 0.53
26:12	12	God		9	אלֹהִ֑ים		global-review-known-rendering	safe	0.6914	approved	0				global known-rendering assignment; lexical score 0.54
26:12	18	people		15	עָֽם		global-review-known-rendering	safe	0.767	approved	0				global known-rendering assignment; lexical score 0.62
26:13	3	the				expands	supplied-article	safe	0.7287	approved	0				article the original does not write; rests on 'Lord' → 'יְהוָ֣ה'
26:13	4	Lord		2	יְהוָ֣ה		global-review-known-rendering	safe	0.7287	approved	0				global known-rendering assignment; lexical score 0.58
26:13	5	your		3	אֱלֹֽהֵיכֶ֗ם		attached-word	safe	0.5914	approved	0				PossessivePronoun of 'God'
26:13	6	God		3	אֱלֹֽהֵיכֶ֗ם		global-review-known-rendering	safe	0.6914	approved	0				global known-rendering assignment; lexical score 0.54
26:13	12	the				expands	supplied-article	safe	0.7251	approved	0				article the original does not write; rests on 'land' → 'אֶ֣רֶץ'
26:13	13	land		8	אֶ֣רֶץ		global-review-known-rendering	safe	0.7251	approved	0				global known-rendering assignment; lexical score 0.58
26:13	14	of		9	מִצְרַ֔יִם		attached-word	safe	0.633	approved	0				Genitive of 'Egypt'
26:13	15	Egypt		9	מִצְרַ֔יִם		global-review-known-rendering	safe	0.733	approved	0				global known-rendering assignment; lexical score 0.58
26:13	22	servants		13	עֲבָדִ֑ים		global-review-known-rendering	safe	0.7359	approved	0				global known-rendering assignment; lexical score 0.59
26:13	30	your		17	עֻלְּכֶ֔ם		attached-word	safe	0.5579	approved	0				PossessivePronoun of 'yoke'
26:13	31	yoke		17	עֻלְּכֶ֔ם		global-review-known-rendering	safe	0.6579	approved	0				global known-rendering assignment; lexical score 0.51
26:14				9	אֵ֥ת	omits	unrendered-object-marker	safe	0.7586	approved	0				object marker; rests on 'all' → 'כָּל'
26:14				13	הָ	omits	unrendered-article	safe	0.7108	approved	0				article no the of the verse renders; rests on 'these' → 'אֵֽלֶּה'
26:14	2	if		2	אִם		global-review-known-rendering	safe	0.6402	approved	0				global known-rendering assignment; lexical score 0.49
26:14	5	not		3	לֹ֥א		global-review-known-rendering	safe	0.6788	approved	0				global known-rendering assignment; lexical score 0.53
26:14	12	not		7	לֹ֣א		global-review-known-rendering	safe	0.6788	approved	0				global known-rendering assignment; lexical score 0.53
26:14	14	all		10	כָּל		global-review-known-rendering	safe	0.7586	approved	0				global known-rendering assignment; lexical score 0.61
26:14	15	these		14	אֵֽלֶּה		global-review-known-rendering	safe	0.7108	approved	0				global known-rendering assignment; lexical score 0.56
26:15				15	אֶת	omits	unrendered-object-marker	safe	0.7586	approved	0				object marker; rests on 'all' → 'כָּל'
26:15	2	if		2	אִם		global-review-known-rendering	safe	0.6402	approved	0				global known-rendering assignment; lexical score 0.49
26:15	9	if		7	אִ֥ם		global-review-known-rendering	safe	0.6402	approved	0				global known-rendering assignment; lexical score 0.49
26:15	14	your		11	נַפְשְׁכֶ֑ם		attached-word	safe	0.6565	approved	0				PossessivePronoun of 'souls'
26:15	15	souls		11	נַפְשְׁכֶ֑ם		global-review-known-rendering	safe	0.7565	approved	0				global known-rendering assignment; lexical score 0.61
26:15	23	do		14	עֲשֹׂות֙		global-review-known-rendering	safe	0.6285	approved	0				global known-rendering assignment; lexical score 0.48
26:15	24	all		16	כָּל		global-review-known-rendering	safe	0.7586	approved	0				global known-rendering assignment; lexical score 0.61
26:16	4	do		3	אֶֽעֱשֶׂה		global-review-known-rendering	safe	0.6285	approved	0				global known-rendering assignment; lexical score 0.48
26:16	22	the				expands	supplied-article	safe	0.7839	approved	0				article the original does not write; rests on 'eyes' → 'עֵינַ֖יִם'
26:16	23	eyes		18	עֵינַ֖יִם		global-review-known-rendering	safe	0.7839	approved	0				global known-rendering assignment; lexical score 0.63
26:16	26	the				expands	supplied-article	safe	0.792	approved	0				article the original does not write; rests on 'soul' → 'נָ֑פֶשׁ'
26:16	27	soul		21	נָ֑פֶשׁ		global-review-known-rendering	safe	0.792	approved	0				global known-rendering assignment; lexical score 0.64
26:16	36	your		27	זַרְעֲכֶ֔ם		attached-word	safe	0.6386	approved	0				PossessivePronoun of 'seed'
26:16	37	seed		27	זַרְעֲכֶ֔ם		global-review-known-rendering	safe	0.7386	approved	0				global known-rendering assignment; lexical score 0.59
26:17	2	my		3	פָנַי֙		attached-word	safe	0.639	approved	0				PossessivePronoun of 'face'
26:17	3	face		3	פָנַי֙		global-review-known-rendering	safe	0.739	approved	0				global known-rendering assignment; lexical score 0.59
26:17	14	before		8	פְנֵ֣י		global-review-known-rendering	safe	0.6582	approved	0				global known-rendering assignment; lexical score 0.51
26:18	2	if		2	אִ֨ם		global-review-known-rendering	safe	0.6402	approved	0				global known-rendering assignment; lexical score 0.49
26:18	5	these		4	אֵ֔לֶּה		global-review-known-rendering	safe	0.7108	approved	0				global known-rendering assignment; lexical score 0.56
26:18	9	not		5	לֹ֥א		global-review-known-rendering	safe	0.6788	approved	0				global known-rendering assignment; lexical score 0.53
26:18	20	seven		13	שֶׁ֖בַע		global-review-known-rendering	safe	0.7841	approved	0				global known-rendering assignment; lexical score 0.63
26:18	24	your		15	חַטֹּאתֵיכֶֽם		attached-word	safe	0.6024	approved	0				PossessivePronoun of 'sins'
26:18	25	sins		15	חַטֹּאתֵיכֶֽם		global-review-known-rendering	safe	0.7024	approved	0				global known-rendering assignment; lexical score 0.55
26:19				8	אֶת	omits	unrendered-object-marker	safe	0.7257	approved	0				object marker; rests on 'heaven' → 'שְׁמֵיכֶם֙'
26:19				14	אֶֽת	omits	unrendered-object-marker	safe	0.7436	approved	0				object marker; rests on 'earth' → 'אַרְצְכֶ֖ם'
26:19	14	your		9	שְׁמֵיכֶם֙		attached-word	safe	0.6257	approved	0				PossessivePronoun of 'heaven'
26:19	15	heaven		9	שְׁמֵיכֶם֙		global-review-known-rendering	safe	0.7257	approved	0				global known-rendering assignment; lexical score 0.58
26:19	17	iron		12	בַּרְזֶ֔ל		global-review-known-rendering	safe	0.6912	approved	0				global known-rendering assignment; lexical score 0.54
26:19	19	your		15	אַרְצְכֶ֖ם		attached-word	safe	0.6436	approved	0				PossessivePronoun of 'earth'
26:19	20	earth		15	אַרְצְכֶ֖ם		global-review-known-rendering	safe	0.7436	approved	0				global known-rendering assignment; lexical score 0.59
26:20	11	your		10	אַרְצְכֶם֙		attached-word	safe	0.6251	approved	0				PossessivePronoun of 'land'
26:20	12	land		10	אַרְצְכֶם֙		global-review-known-rendering	safe	0.7251	approved	0				global known-rendering assignment; lexical score 0.58
26:20	14	not		8	לֹֽא		global-review-known-rendering	safe	0.6788	approved	0				global known-rendering assignment; lexical score 0.53
26:20	15	give		9	תִתֵּ֤ן		global-review-known-rendering	safe	0.651	approved	0				global known-rendering assignment; lexical score 0.50
26:20	19	the				expands	supplied-article	safe	0.5814	approved	0				article the original does not write; rests on 'trees' → 'עֵ֣ץ'
26:20	20	trees		14	עֵ֣ץ		global-review-known-rendering	safe	0.5814	approved	0				global known-rendering assignment; lexical score 0.43
26:20	25	not		17	לֹ֥א		global-review-known-rendering	safe	0.6788	approved	0				global known-rendering assignment; lexical score 0.53
26:20	26	give		18	יִתֵּ֖ן		global-review-known-rendering	safe	0.651	approved	0				global known-rendering assignment; lexical score 0.50
26:20	28	fruit		19	פִּרְיֹֽו		global-review-known-rendering	safe	0.662	approved	0				global known-rendering assignment; lexical score 0.51
26:21	2	if		2	אִם		global-review-known-rendering	safe	0.6402	approved	0				global known-rendering assignment; lexical score 0.49
26:21	10	not		7	לֹ֥א		global-review-known-rendering	safe	0.6788	approved	0				global known-rendering assignment; lexical score 0.53
26:21	18	seven		16	שֶׁ֖בַע		global-review-known-rendering	safe	0.7841	approved	0				global known-rendering assignment; lexical score 0.63
26:21	26	your		18	חַטֹּאתֵיכֶֽם		attached-word	safe	0.6024	approved	0				PossessivePronoun of 'sins'
26:21	27	sins		18	חַטֹּאתֵיכֶֽם		global-review-known-rendering	safe	0.7024	approved	0				global known-rendering assignment; lexical score 0.55
26:22	7	of		7	שָּׂדֶה֙		attached-word	safe	0.6596	approved	0				Genitive of 'field'
26:22	8	the		6	הַ		attached-word	safe	0.6596	approved	0				Article of 'field'
26:22	9	field		7	שָּׂדֶה֙		global-review-known-rendering	safe	0.7596	approved	0				global known-rendering assignment; lexical score 0.61
26:22	20	send		2	הִשְׁלַחְתִּ֨י		global-review-known-rendering	safe	0.7434	approved	0				global known-rendering assignment; lexical score 0.59
26:23	2	if		2	אִ֨ם		global-review-known-rendering	safe	0.6402	approved	0				global known-rendering assignment; lexical score 0.49
26:23	4	these		4	אֵ֔לֶּה		global-review-known-rendering	safe	0.7108	approved	0				global known-rendering assignment; lexical score 0.56
26:23	8	not		5	לֹ֥א		global-review-known-rendering	safe	0.6788	approved	0				global known-rendering assignment; lexical score 0.53
26:24	15	seven		13	שֶׁ֖בַע		global-review-known-rendering	safe	0.7841	approved	0				global known-rendering assignment; lexical score 0.63
26:24	19	your		15	חַטֹּאתֵיכֶֽם		attached-word	safe	0.6024	approved	0				PossessivePronoun of 'sins'
26:24	20	sins		15	חַטֹּאתֵיכֶֽם		global-review-known-rendering	safe	0.7024	approved	0				global known-rendering assignment; lexical score 0.55
26:25	5	a				expands	supplied-indefinite-article	safe	0.7801	approved	0				indefinite article; rests on 'sword' → 'חֶ֗רֶב'
26:25	6	sword		4	חֶ֗רֶב		global-review-known-rendering	safe	0.7801	approved	0				global known-rendering assignment; lexical score 0.63
26:25	21	come		2	הֵבֵאתִ֨י		global-review-known-rendering	safe	0.5722	approved	0				global known-rendering assignment; lexical score 0.42
26:25	28	send		13	שִׁלַּ֤חְתִּי		global-review-known-rendering	safe	0.7434	approved	0				global known-rendering assignment; lexical score 0.59
26:25	36	given		18	נִתַּתֶּ֖ם		global-review-known-rendering	safe	0.6919	approved	0				global known-rendering assignment; lexical score 0.54
26:25	39	the				expands	supplied-article	safe	0.6742	approved	0				article the original does not write; rests on 'hands' → 'יַד'
26:25	40	hands		20	יַד		global-review-known-rendering	safe	0.6742	approved	0				global known-rendering assignment; lexical score 0.52
26:26				18		omits	unrendered-article	safe	0.7559	approved	0				article no the of the verse renders; rests on 'weight' → 'מִּשְׁקָ֑ל'
26:26	6	bread		5	לֶחֶם֒		global-review-known-rendering	safe	0.7291	approved	0				global known-rendering assignment; lexical score 0.58
26:26	9	ten		8	עֶ֣שֶׂר		global-review-known-rendering	safe	0.688	approved	0				global known-rendering assignment; lexical score 0.54
26:26	10	women		9	נָשִׁ֤ים		global-review-known-rendering	safe	0.68	approved	0				global known-rendering assignment; lexical score 0.53
26:26	14	bread		10	לַחְמְכֶם֙		global-review-known-rendering	safe	0.7291	approved	0				global known-rendering assignment; lexical score 0.58
26:26	16	one		13	אֶחָ֔ד		global-review-known-rendering	safe	0.5903	approved	0				global known-rendering assignment; lexical score 0.44
26:26	17	oven		12	תַנּ֣וּר		global-review-known-rendering	safe	0.8	approved	0				global known-rendering assignment; lexical score 0.65
26:26	19	your		16	לַחְמְכֶ֖ם		attached-word	safe	0.6291	approved	0				PossessivePronoun of 'bread'
26:26	20	bread		16	לַחְמְכֶ֖ם		global-review-known-rendering	safe	0.7291	approved	0				global known-rendering assignment; lexical score 0.58
26:26	26	weight		19	מִּשְׁקָ֑ל		global-review-known-rendering	safe	0.7559	approved	0				global known-rendering assignment; lexical score 0.61
26:26	32	never		23	לֹ֥א		global-review-known-rendering	safe	0.638	approved	0				global known-rendering assignment; lexical score 0.49
26:27	2	if		2	אִ֨ם		global-review-known-rendering	safe	0.6402	approved	0				global known-rendering assignment; lexical score 0.49
26:27	8	not		5	לֹ֥א		global-review-known-rendering	safe	0.6788	approved	0				global known-rendering assignment; lexical score 0.53
26:28	17	seven		12	שֶׁ֖בַע		global-review-known-rendering	safe	0.7841	approved	0				global known-rendering assignment; lexical score 0.63
26:28	20	your		14	חַטֹּאתֵיכֶם		attached-word	safe	0.6024	approved	0				PossessivePronoun of 'sins'
26:28	21	sins		14	חַטֹּאתֵיכֶם		global-review-known-rendering	safe	0.7024	approved	0				global known-rendering assignment; lexical score 0.55
26:29	5	the				expands	supplied-article	safe	0.7504	approved	0				article the original does not write; rests on 'flesh' → 'בְּשַׂ֣ר'
26:29	6	flesh		3	בְּשַׂ֣ר		global-review-known-rendering	safe	0.7504	approved	0				global known-rendering assignment; lexical score 0.60
26:29	7	of		4	בְּנֵיכֶ֑ם		attached-word	safe	0.5674	approved	0				Genitive of 'your'
26:29	8	your		4	בְּנֵיכֶ֑ם		attached-word	safe	0.6674	approved	0				PossessivePronoun of 'sons'
26:29	9	sons		4	בְּנֵיכֶ֑ם		global-review-known-rendering	safe	0.7674	approved	0				global known-rendering assignment; lexical score 0.62
26:29	11	the				expands	supplied-article	safe	0.7504	approved	0				article the original does not write; rests on 'flesh' → 'בְשַׂ֥ר'
26:29	12	flesh		6	בְשַׂ֥ר		global-review-known-rendering	safe	0.7504	approved	0				global known-rendering assignment; lexical score 0.60
26:29	13	of		7	בְּנֹתֵיכֶ֖ם		attached-word	safe	0.5589	approved	0				Genitive of 'your'
26:29	14	your		7	בְּנֹתֵיכֶ֖ם		attached-word	safe	0.6589	approved	0				PossessivePronoun of 'daughters'
26:29	15	daughters		7	בְּנֹתֵיכֶ֖ם		global-review-known-rendering	safe	0.7589	approved	0				global known-rendering assignment; lexical score 0.61
26:30	25	my		18	נַפְשִׁ֖י		attached-word	safe	0.692	approved	0				PossessivePronoun of 'soul'
26:30	26	soul		18	נַפְשִׁ֖י		global-review-known-rendering	safe	0.792	approved	0				global known-rendering assignment; lexical score 0.64
26:31	21	the				expands	supplied-article	safe	0.6412	approved	0				article the original does not write; rests on 'smell' → 'רֵ֖יחַ'
26:31	22	smell		14	רֵ֖יחַ		global-review-known-rendering	safe	0.6412	approved	0				global known-rendering assignment; lexical score 0.49
26:32				4	אֶת	omits	unrendered-object-marker	safe	0.7251	approved	0				object marker; rests on 'land' → 'אָ֑רֶץ'
26:32				5	הָ	omits	unrendered-article	safe	0.7251	approved	0				article no the of the verse renders; rests on 'land' → 'אָ֑רֶץ'
26:32	6	land		6	אָ֑רֶץ		global-review-known-rendering	safe	0.7251	approved	0				global known-rendering assignment; lexical score 0.58
26:33	11	the		5			attached-word	safe	0.649	approved	0				Article of 'nations'
26:33	12	nations		6	גֹּויִ֔ם		global-review-known-rendering	safe	0.749	approved	0				global known-rendering assignment; lexical score 0.60
26:33	15	sword		10	חָ֑רֶב		global-review-known-rendering	safe	0.7801	approved	0				global known-rendering assignment; lexical score 0.63
26:33	22	your		13	אַרְצְכֶם֙		attached-word	safe	0.6251	approved	0				PossessivePronoun of 'land'
26:33	23	land		13	אַרְצְכֶם֙		global-review-known-rendering	safe	0.7251	approved	0				global known-rendering assignment; lexical score 0.58
26:34				5	אֶת	omits	unrendered-object-marker	safe	0.771	approved	0				object marker; rests on 'Sabbaths' → 'שַׁבְּתֹתֶ֗יהָ'
26:34	3	the		3	הָ		attached-word	safe	0.6251	approved	0				Article of 'land'
26:34	4	land		4	אָ֜רֶץ		global-review-known-rendering	safe	0.7251	approved	0				global known-rendering assignment; lexical score 0.58
26:34	8	its		6	שַׁבְּתֹתֶ֗יהָ		attached-word	safe	0.671	approved	0				PossessivePronoun of 'Sabbaths'
26:34	9	Sabbaths		6	שַׁבְּתֹתֶ֗יהָ		global-review-known-rendering	safe	0.771	approved	0				global known-rendering assignment; lexical score 0.62
26:34	19	the				expands	supplied-article	safe	0.7251	approved	0				article the original does not write; rests on 'land' → 'אֶ֣רֶץ'
26:34	20	land		13	אֶ֣רֶץ		global-review-known-rendering	safe	0.7251	approved	0				global known-rendering assignment; lexical score 0.58
26:34	26	the		17	הָ		attached-word	safe	0.6251	approved	0				Article of 'land'
26:34	27	land		18	אָ֔רֶץ		global-review-known-rendering	safe	0.7251	approved	0				global known-rendering assignment; lexical score 0.58
26:35	1	All		1	כָּל		global-review-known-rendering	safe	0.7586	approved	0				global known-rendering assignment; lexical score 0.61
26:35	2	the				expands	supplied-article	safe	0.7783	approved	0				article the original does not write; rests on 'days' → 'יְמֵ֥י'
26:35	3	days		2	יְמֵ֥י		global-review-known-rendering	safe	0.7783	approved	0				global known-rendering assignment; lexical score 0.63
26:35	17	never		7	לֹֽא		global-review-known-rendering	safe	0.638	approved	0				global known-rendering assignment; lexical score 0.49
26:35	20	your		10	שַׁבְּתֹתֵיכֶ֖ם		attached-word	safe	0.671	approved	0				PossessivePronoun of 'Sabbaths'
26:35	21	Sabbaths		10	שַׁבְּתֹתֵיכֶ֖ם		global-review-known-rendering	safe	0.771	approved	0				global known-rendering assignment; lexical score 0.62
26:36	15	the				expands	supplied-article	safe	0.7251	approved	0				article the original does not write; rests on 'land' → 'אַרְצֹ֖ת'
26:36	16	land		11	אַרְצֹ֖ת		global-review-known-rendering	safe	0.7251	approved	0				global known-rendering assignment; lexical score 0.58
26:36	21	the				expands	supplied-article	safe	0.6102	approved	0				article the original does not write; rests on 'sound' → 'קֹ֚ול'
26:36	22	sound		16	קֹ֚ול		global-review-known-rendering	safe	0.6102	approved	0				global known-rendering assignment; lexical score 0.46
26:36	23	of		17	עָלֶ֣ה		attached-word	safe	0.7	approved	0				Genitive of 'leaf'
26:36	24	a				expands	supplied-indefinite-article	safe	0.8	approved	0				indefinite article; rests on 'leaf' → 'עָלֶ֣ה'
26:36	25	leaf		17	עָלֶ֣ה		global-review-known-rendering	safe	0.8	approved	0				global known-rendering assignment; lexical score 0.65
26:36	43	the				expands	supplied-article	safe	0.7801	approved	0				article the original does not write; rests on 'sword' → 'חֶ֛רֶב'
26:36	44	sword		22	חֶ֛רֶב		global-review-known-rendering	safe	0.7801	approved	0				global known-rendering assignment; lexical score 0.63
26:36	50	comes		6	הֵבֵ֤אתִי		global-review-known-rendering	safe	0.5789	approved	0				global known-rendering assignment; lexical score 0.43
26:37	6	before		8	פְּנֵי		global-review-known-rendering	safe	0.6582	approved	0				global known-rendering assignment; lexical score 0.51
26:37	7	the				expands	supplied-article	safe	0.7801	approved	0				article the original does not write; rests on 'sword' → 'חֶ֖רֶב'
26:37	8	sword		9	חֶ֖רֶב		global-review-known-rendering	safe	0.7801	approved	0				global known-rendering assignment; lexical score 0.63
26:37	19	before		19	פְנֵ֖י		global-review-known-rendering	safe	0.6582	approved	0				global known-rendering assignment; lexical score 0.51
26:38	8	nations		5	גֹּויִ֑ם		global-review-known-rendering	safe	0.749	approved	0				global known-rendering assignment; lexical score 0.60
26:38	10	the				expands	supplied-article	safe	0.7251	approved	0				article the original does not write; rests on 'land' → 'אֶ֖רֶץ'
26:38	11	land		9	אֶ֖רֶץ		global-review-known-rendering	safe	0.7251	approved	0				global known-rendering assignment; lexical score 0.58
26:39	17	the				expands	supplied-article	safe	0.7251	approved	0				article the original does not write; rests on 'land' → 'אַרְצֹ֖ת'
26:39	18	land		9	אַרְצֹ֖ת		global-review-known-rendering	safe	0.7251	approved	0				global known-rendering assignment; lexical score 0.58
26:39	25	of		15	אֲבֹתָ֖ם		attached-word	safe	0.5881	approved	0				Genitive of 'their'
26:39	26	their		15	אֲבֹתָ֖ם		attached-word	safe	0.6881	approved	0				PossessivePronoun of 'fathers'
26:39	27	fathers		15	אֲבֹתָ֖ם		global-review-known-rendering	safe	0.7881	approved	0				global known-rendering assignment; lexical score 0.64
26:40	13	of		8	אֲבֹתָ֔ם		attached-word	safe	0.5881	approved	0				Genitive of 'their'
26:40	14	their		8	אֲבֹתָ֔ם		attached-word	safe	0.6881	approved	0				PossessivePronoun of 'fathers'
26:40	15	fathers		8	אֲבֹתָ֔ם		global-review-known-rendering	safe	0.7881	approved	0				global known-rendering assignment; lexical score 0.64
26:41				22	אֶת	omits	unrendered-object-marker	safe	0.5923	approved	0				object marker; rests on 'punishment' → 'עֲוֹנָֽם'
26:41	12	the				expands	supplied-article	safe	0.7251	approved	0				article the original does not write; rests on 'land' → 'אֶ֖רֶץ'
26:41	13	land		11	אֶ֖רֶץ		global-review-known-rendering	safe	0.7251	approved	0				global known-rendering assignment; lexical score 0.58
26:41	29	the				expands	supplied-article	safe	0.5923	approved	0				article the original does not write; rests on 'punishment' → 'עֲוֹנָֽם'
26:41	30	punishment		23	עֲוֹנָֽם		global-review-known-rendering	safe	0.5923	approved	0				global known-rendering assignment; lexical score 0.44
26:42	13	Jacob		5	יַעֲקֹ֑וב		global-review-known-rendering	safe	0.7918	approved	0				global known-rendering assignment; lexical score 0.64
26:42	16	Isaac		10	יִצְחָ֜ק		global-review-known-rendering	safe	0.7752	approved	0				global known-rendering assignment; lexical score 0.63
26:42	19	Abraham		15	אַבְרָהָ֛ם		global-review-known-rendering	safe	0.7972	approved	0				global known-rendering assignment; lexical score 0.65
26:42	26	the		18	הָ		attached-word	safe	0.6251	approved	0				Article of 'land'
26:42	27	land		19	אָ֥רֶץ		global-review-known-rendering	safe	0.7251	approved	0				global known-rendering assignment; lexical score 0.58
26:43				8	אֶת	omits	unrendered-object-marker	safe	0.771	approved	0				object marker; rests on 'Sabbaths' → 'שַׁבְּתֹתֶ֗יהָ'
26:43				16	אֶת	omits	unrendered-object-marker	safe	0.5923	approved	0				object marker; rests on 'punishment' → 'עֲוֹנָ֑ם'
26:43	2	the		2	הָ		attached-word	safe	0.6251	approved	0				Article of 'land'
26:43	3	land		3	אָרֶץ֩		global-review-known-rendering	safe	0.7251	approved	0				global known-rendering assignment; lexical score 0.58
26:43	12	Sabbaths		9	שַׁבְּתֹתֶ֗יהָ		global-review-known-rendering	safe	0.771	approved	0				global known-rendering assignment; lexical score 0.62
26:43	17	the				expands	supplied-article	safe	0.5923	approved	0				article the original does not write; rests on 'punishment' → 'עֲוֹנָ֑ם'
26:43	18	punishment		17	עֲוֹנָ֑ם		global-review-known-rendering	safe	0.5923	approved	0				global known-rendering assignment; lexical score 0.44
26:43	32	their		29	נַפְשָֽׁם		attached-word	safe	0.6565	approved	0				PossessivePronoun of 'souls'
26:43	33	souls		29	נַפְשָֽׁם		global-review-known-rendering	safe	0.7565	approved	0				global known-rendering assignment; lexical score 0.61
26:44	9	the				expands	supplied-article	safe	0.7251	approved	0				article the original does not write; rests on 'land' → 'אֶ֣רֶץ'
26:44	10	land		8	אֶ֣רֶץ		global-review-known-rendering	safe	0.7251	approved	0				global known-rendering assignment; lexical score 0.58
26:44	16	not		10	לֹֽא		global-review-known-rendering	safe	0.6788	approved	0				global known-rendering assignment; lexical score 0.53
26:44	36	not		13	לֹֽא		global-review-known-rendering	safe	0.6788	approved	0				global known-rendering assignment; lexical score 0.53
26:44	42	the				expands	supplied-article	safe	0.7287	approved	0				article the original does not write; rests on 'Lord' → 'יְהוָ֖ה'
26:44	43	Lord		23	יְהוָ֖ה		global-review-known-rendering	safe	0.7287	approved	0				global known-rendering assignment; lexical score 0.58
26:44	44	their		24	אֱלֹהֵיהֶֽם		attached-word	safe	0.5914	approved	0				PossessivePronoun of 'God'
26:44	45	God		24	אֱלֹהֵיהֶֽם		global-review-known-rendering	safe	0.6914	approved	0				global known-rendering assignment; lexical score 0.54
26:45	12	which		6	אֲשֶׁ֣ר		global-review-known-rendering	safe	0.669	approved	0				global known-rendering assignment; lexical score 0.52
26:45	23	the				expands	supplied-article	safe	0.7251	approved	0				article the original does not write; rests on 'land' → 'אֶ֨רֶץ'
26:45	24	land		10	אֶ֨רֶץ		global-review-known-rendering	safe	0.7251	approved	0				global known-rendering assignment; lexical score 0.58
26:45	25	of		11	מִצְרַ֜יִם		attached-word	safe	0.633	approved	0				Genitive of 'Egypt'
26:45	26	Egypt		11	מִצְרַ֜יִם		global-review-known-rendering	safe	0.733	approved	0				global known-rendering assignment; lexical score 0.58
26:45	28	the				expands	supplied-article	safe	0.7839	approved	0				article the original does not write; rests on 'eyes' → 'עֵינֵ֣י'
26:45	29	eyes		13	עֵינֵ֣י		global-review-known-rendering	safe	0.7839	approved	0				global known-rendering assignment; lexical score 0.63
26:45	30	of		15	גֹּויִ֗ם		attached-word	safe	0.649	approved	0				Genitive of 'nations'
26:45	31	the		14	הַ		attached-word	safe	0.649	approved	0				Article of 'nations'
26:45	32	nations		15	גֹּויִ֗ם		global-review-known-rendering	safe	0.749	approved	0				global known-rendering assignment; lexical score 0.60
26:45	36	God		20	אלֹהִ֖ים		global-review-known-rendering	safe	0.6914	approved	0				global known-rendering assignment; lexical score 0.54
26:45	39	the				expands	supplied-article	safe	0.7287	approved	0				article the original does not write; rests on 'Lord' → 'יְהוָֽה'
26:45	40	Lord		22	יְהוָֽה		global-review-known-rendering	safe	0.7287	approved	0				global known-rendering assignment; lexical score 0.58
26:46	1	These		1	אֵ֠לֶּה		global-review-known-rendering	safe	0.7108	approved	0				global known-rendering assignment; lexical score 0.56
26:46	7	laws		9	תֹּורֹת֒		global-review-known-rendering	safe	0.6676	approved	0				global known-rendering assignment; lexical score 0.52
26:46	8	which		10	אֲשֶׁר֙		global-review-known-rendering	safe	0.669	approved	0				global known-rendering assignment; lexical score 0.52
26:46	9	the				expands	supplied-article	safe	0.7287	approved	0				article the original does not write; rests on 'Lord' → 'יְהוָ֔ה'
26:46	10	Lord		12	יְהוָ֔ה		global-review-known-rendering	safe	0.7287	approved	0				global known-rendering assignment; lexical score 0.58
26:46	12	between		13	בֵּינֹ֕ו		global-review-known-rendering	safe	0.7407	approved	0				global known-rendering assignment; lexical score 0.59
26:46	15	the				expands	supplied-article	safe	0.7617	approved	0				article the original does not write; rests on 'children' → 'בְּנֵ֣י'
26:46	16	children		16	בְּנֵ֣י		global-review-known-rendering	safe	0.7617	approved	0				global known-rendering assignment; lexical score 0.61
26:46	17	of		17	יִשְׂרָאֵ֑ל		attached-word	safe	0.6859	approved	0				Genitive of 'Israel'
26:46	18	Israel		17	יִשְׂרָאֵ֑ל		global-review-known-rendering	safe	0.7859	approved	0				global known-rendering assignment; lexical score 0.64
26:46	20	Mount		19	הַ֥ר		global-review-known-rendering	safe	0.7408	approved	0				global known-rendering assignment; lexical score 0.59
26:46	21	Sinai		20	סִינַ֖י		global-review-known-rendering	safe	0.7871	approved	0				global known-rendering assignment; lexical score 0.64
26:46	23	the				expands	supplied-article	safe	0.6686	approved	0				article the original does not write; rests on 'hand' → 'יַד'
26:46	24	hand		22	יַד		global-review-known-rendering	safe	0.6686	approved	0				global known-rendering assignment; lexical score 0.52
26:46	25	of		23	מֹשֶֽׁה		attached-word	safe	0.6976	approved	0				Genitive of 'Moses'
26:46	26	Moses		23	מֹשֶֽׁה		global-review-known-rendering	safe	0.7976	approved	0				global known-rendering assignment; lexical score 0.65
27:1	2	the				expands	supplied-article	safe	0.7288	approved	0				article the original does not write; rests on 'Lord' → 'יְהוָ֖ה'
27:1	3	Lord		3	יְהוָ֖ה		global-review-known-rendering	safe	0.7288	approved	0				global known-rendering assignment; lexical score 0.58
27:1	4	said		7	אמֹֽר		global-review-known-rendering	safe	0.777	approved	0				global known-rendering assignment; lexical score 0.63
27:1	6	Moses		5	מֹשֶׁ֥ה		global-review-known-rendering	safe	0.7976	approved	0				global known-rendering assignment; lexical score 0.65
27:2				5	וְ	omits	unrendered-conjunction	safe	0.7661	approved	0				conjunction no word of the verse renders; rests on 'Say' → 'אָמַרְתָּ֣'
27:2	1	Say		6	אָמַרְתָּ֣		global-review-known-rendering	safe	0.7661	approved	0				global known-rendering assignment; lexical score 0.62
27:2	3	the				expands	supplied-article	safe	0.7612	approved	0				article the original does not write; rests on 'children' → 'בְּנֵ֤י'
27:2	4	children		3	בְּנֵ֤י		global-review-known-rendering	safe	0.7612	approved	0				global known-rendering assignment; lexical score 0.61
27:2	5	of		4	יִשְׂרָאֵל֙		attached-word	safe	0.6859	approved	0				Genitive of 'Israel'
27:2	6	Israel		4	יִשְׂרָאֵל֙		global-review-known-rendering	safe	0.7859	approved	0				global known-rendering assignment; lexical score 0.64
27:2	8	a				expands	supplied-indefinite-article	safe	0.6004	approved	0				indefinite article; rests on 'man' → 'אִ֕ישׁ'
27:2	9	man		8	אִ֕ישׁ		global-review-known-rendering	safe	0.6004	approved	0				global known-rendering assignment; lexical score 0.45
27:2	27	the				expands	supplied-article	safe	0.7288	approved	0				article the original does not write; rests on 'Lord' → 'יהוָֽה'
27:2	28	Lord		16	יהוָֽה		global-review-known-rendering	safe	0.7288	approved	0				global known-rendering assignment; lexical score 0.58
27:3	8	a				expands	supplied-indefinite-article	safe	0.7392	approved	0				indefinite article; rests on 'male' → 'זָּכָ֔ר'
27:3	9	male		5	זָּכָ֔ר		global-review-known-rendering	safe	0.7392	approved	0				global known-rendering assignment; lexical score 0.59
27:3	11	twenty		8	עֶשְׂרִ֣ים		global-review-known-rendering	safe	0.7731	approved	0				global known-rendering assignment; lexical score 0.62
27:3	12	years		9	שָׁנָ֔ה		global-review-known-rendering	safe	0.7729	approved	0				global known-rendering assignment; lexical score 0.62
27:3	14	sixty		13	שִׁשִּׁ֣ים		global-review-known-rendering	safe	0.8	approved	0				global known-rendering assignment; lexical score 0.65
27:3	15	years		14	שָׁנָ֑ה		global-review-known-rendering	safe	0.7729	approved	0				global known-rendering assignment; lexical score 0.62
27:3	18	fifty		18	חֲמִשִּׁ֛ים		global-review-known-rendering	safe	0.794	approved	0				global known-rendering assignment; lexical score 0.64
27:3	19	shekels		19	שֶׁ֥קֶל		global-review-known-rendering	safe	0.7663	approved	0				global known-rendering assignment; lexical score 0.62
27:3	21	silver		20	כֶּ֖סֶף		global-review-known-rendering	safe	0.7712	approved	0				global known-rendering assignment; lexical score 0.62
27:3	26	the		23	הַ		attached-word	safe	0.5603	approved	0				Article of 'holy'
27:3	27	holy		24	קֹּֽדֶשׁ		global-review-known-rendering	safe	0.6603	approved	0				global known-rendering assignment; lexical score 0.51
27:4	2	if		2	אִם		global-review-known-rendering	safe	0.6367	approved	0				global known-rendering assignment; lexical score 0.49
27:4	5	a				expands	supplied-indefinite-article	safe	0.7206	approved	0				indefinite article; rests on 'female' → 'נְקֵבָ֖ה'
27:4	6	female		3	נְקֵבָ֖ה		global-review-known-rendering	safe	0.7206	approved	0				global known-rendering assignment; lexical score 0.57
27:4	11	thirty		8	שְׁלֹשִׁ֥ים		global-review-known-rendering	safe	0.7942	approved	0				global known-rendering assignment; lexical score 0.64
27:4	12	shekels		9	שָֽׁקֶל		global-review-known-rendering	safe	0.7663	approved	0				global known-rendering assignment; lexical score 0.62
27:5	2	if		2	אִ֨ם		global-review-known-rendering	safe	0.6367	approved	0				global known-rendering assignment; lexical score 0.49
27:5	7	five		5	חָמֵ֜שׁ		global-review-known-rendering	safe	0.7969	approved	0				global known-rendering assignment; lexical score 0.65
27:5	9	twenty		10	עֶשְׂרִ֣ים		global-review-known-rendering	safe	0.7731	approved	0				global known-rendering assignment; lexical score 0.62
27:5	10	years		11	שָׁנָ֔ה		global-review-known-rendering	safe	0.7729	approved	0				global known-rendering assignment; lexical score 0.62
27:5	16	twenty		17	עֶשְׂרִ֣ים		global-review-known-rendering	safe	0.7731	approved	0				global known-rendering assignment; lexical score 0.62
27:5	17	shekels		18	שְׁקָלִ֑ים		global-review-known-rendering	safe	0.7663	approved	0				global known-rendering assignment; lexical score 0.62
27:5	19	a				expands	supplied-indefinite-article	safe	0.7392	approved	0				indefinite article; rests on 'male' → 'זָּכָ֖ר'
27:5	20	male		16	זָּכָ֖ר		global-review-known-rendering	safe	0.7392	approved	0				global known-rendering assignment; lexical score 0.59
27:5	22	ten		23	עֲשֶׂ֥רֶת		global-review-known-rendering	safe	0.686	approved	0				global known-rendering assignment; lexical score 0.54
27:5	24	a				expands	supplied-indefinite-article	safe	0.7206	approved	0				indefinite article; rests on 'female' → 'נְּקֵבָ֖ה'
27:5	25	female		22	נְּקֵבָ֖ה		global-review-known-rendering	safe	0.7206	approved	0				global known-rendering assignment; lexical score 0.57
27:6	2	if		2	אִ֣ם		global-review-known-rendering	safe	0.6367	approved	0				global known-rendering assignment; lexical score 0.49
27:6	8	month		5	חֹ֗דֶשׁ		global-review-known-rendering	safe	0.7839	approved	0				global known-rendering assignment; lexical score 0.63
27:6	10	five		9	חָמֵ֣שׁ		global-review-known-rendering	safe	0.7969	approved	0				global known-rendering assignment; lexical score 0.65
27:6	11	years		10	שָׁנִ֔ים		global-review-known-rendering	safe	0.7729	approved	0				global known-rendering assignment; lexical score 0.62
27:6	17	a				expands	supplied-indefinite-article	safe	0.7392	approved	0				indefinite article; rests on 'male' → 'זָּכָ֔ר'
27:6	18	male		15	זָּכָ֔ר		global-review-known-rendering	safe	0.7392	approved	0				global known-rendering assignment; lexical score 0.59
27:6	21	five		16	חֲמִשָּׁ֥ה		global-review-known-rendering	safe	0.7969	approved	0				global known-rendering assignment; lexical score 0.65
27:6	22	shekels		17	שְׁקָלִ֖ים		global-review-known-rendering	safe	0.7663	approved	0				global known-rendering assignment; lexical score 0.62
27:6	24	silver		18	כָּ֑סֶף		global-review-known-rendering	safe	0.7712	approved	0				global known-rendering assignment; lexical score 0.62
27:6	27	a				expands	supplied-indefinite-article	safe	0.7206	approved	0				indefinite article; rests on 'female' → 'נְּקֵבָ֣ה'
27:6	28	female		22	נְּקֵבָ֣ה		global-review-known-rendering	safe	0.7206	approved	0				global known-rendering assignment; lexical score 0.57
27:6	29	three		24	שְׁלֹ֥שֶׁת		global-review-known-rendering	safe	0.7755	approved	0				global known-rendering assignment; lexical score 0.63
27:6	30	shekels		25	שְׁקָלִ֖ים		global-review-known-rendering	safe	0.7663	approved	0				global known-rendering assignment; lexical score 0.62
27:7	3	sixty		5	שִׁשִּׁ֨ים		global-review-known-rendering	safe	0.8	approved	0				global known-rendering assignment; lexical score 0.65
27:7	4	years		6	שָׁנָ֤ה		global-review-known-rendering	safe	0.7729	approved	0				global known-rendering assignment; lexical score 0.62
27:7	9	a				expands	supplied-indefinite-article	safe	0.7392	approved	0				indefinite article; rests on 'male' → 'זָכָ֔ר'
27:7	10	male		10	זָכָ֔ר		global-review-known-rendering	safe	0.7392	approved	0				global known-rendering assignment; lexical score 0.59
27:7	16	shekels		16	שָׁ֑קֶל		global-review-known-rendering	safe	0.7663	approved	0				global known-rendering assignment; lexical score 0.62
27:7	19	a				expands	supplied-indefinite-article	safe	0.7206	approved	0				indefinite article; rests on 'female' → 'נְּקֵבָ֖ה'
27:7	20	female		20	נְּקֵבָ֖ה		global-review-known-rendering	safe	0.7206	approved	0				global known-rendering assignment; lexical score 0.57
27:7	21	ten		21	עֲשָׂרָ֥ה		global-review-known-rendering	safe	0.686	approved	0				global known-rendering assignment; lexical score 0.54
27:8	2	if		2	אִם		global-review-known-rendering	safe	0.6367	approved	0				global known-rendering assignment; lexical score 0.49
27:8	6	than		5	מֵֽ		global-review-known-rendering	safe	0.5849	approved	0				global known-rendering assignment; lexical score 0.43
27:8	9	which		20	אֲשֶׁ֤ר		global-review-known-rendering	safe	0.6687	approved	0				global known-rendering assignment; lexical score 0.52
27:8	21	the		16	הַ		attached-word	safe	0.6903	approved	0				Article of 'priest'
27:8	22	priest		17	כֹּהֵ֑ן		global-review-known-rendering	safe	0.7903	approved	0				global known-rendering assignment; lexical score 0.64
27:8	24	the		26	הַ		attached-word	safe	0.6903	approved	0				Article of 'priest'
27:8	25	priest		27	כֹּהֵֽן		global-review-known-rendering	safe	0.7903	approved	0				global known-rendering assignment; lexical score 0.64
27:9	2	if		2	אִם		global-review-known-rendering	safe	0.6367	approved	0				global known-rendering assignment; lexical score 0.49
27:9	5	a				expands	supplied-indefinite-article	safe	0.6252	approved	0				indefinite article; rests on 'beast' → 'בְּהֵמָ֔ה'
27:9	6	beast		3	בְּהֵמָ֔ה		global-review-known-rendering	safe	0.6252	approved	0				global known-rendering assignment; lexical score 0.48
27:9	8	which		4	אֲשֶׁ֨ר		global-review-known-rendering	safe	0.6687	approved	0				global known-rendering assignment; lexical score 0.52
27:9	13	the				expands	supplied-article	safe	0.7288	approved	0				article the original does not write; rests on 'Lord' → 'יהוָ֑ה'
27:9	14	Lord		9	יהוָ֑ה		global-review-known-rendering	safe	0.7288	approved	0				global known-rendering assignment; lexical score 0.58
27:9	18	gives		12	יִתֵּ֥ן		global-review-known-rendering	safe	0.6538	approved	0				global known-rendering assignment; lexical score 0.50
27:9	22	the				expands	supplied-article	safe	0.7288	approved	0				article the original does not write; rests on 'Lord' → 'יהוָ֖ה'
27:9	23	Lord		15	יהוָ֖ה		global-review-known-rendering	safe	0.7288	approved	0				global known-rendering assignment; lexical score 0.58
27:9	26	holy		17	קֹּֽדֶשׁ		global-review-known-rendering	safe	0.6603	approved	0				global known-rendering assignment; lexical score 0.51
27:10	3	not		1	לֹ֣א		global-review-known-rendering	safe	0.6787	approved	0				global known-rendering assignment; lexical score 0.53
27:10	9	a				expands	supplied-indefinite-article	safe	0.6836	approved	0				indefinite article; rests on 'good' → 'טֹ֥וב'
27:10	10	good		7	טֹ֥וב		global-review-known-rendering	safe	0.6836	approved	0				global known-rendering assignment; lexical score 0.53
27:10	13	a				expands	supplied-indefinite-article	safe	0.65	approved	0				indefinite article; rests on 'bad' → 'רָ֖ע'
27:10	14	bad		9	רָ֖ע		global-review-known-rendering	safe	0.65	approved	0				global known-rendering assignment; lexical score 0.50
27:10	16	a				expands	supplied-indefinite-article	safe	0.65	approved	0				indefinite article; rests on 'bad' → 'רַ֣ע'
27:10	17	bad		11	רַ֣ע		global-review-known-rendering	safe	0.65	approved	0				global known-rendering assignment; lexical score 0.50
27:10	19	a				expands	supplied-indefinite-article	safe	0.6836	approved	0				indefinite article; rests on 'good' → 'טֹ֑וב'
27:10	20	good		13	טֹ֑וב		global-review-known-rendering	safe	0.6836	approved	0				global known-rendering assignment; lexical score 0.53
27:10	21	if		15	אִם		global-review-known-rendering	safe	0.6367	approved	0				global known-rendering assignment; lexical score 0.49
27:10	23	beast		18	בְּהֵמָה֙		global-review-known-rendering	safe	0.6252	approved	0				global known-rendering assignment; lexical score 0.48
27:10	32	holy		27	קֹּֽדֶשׁ		global-review-known-rendering	safe	0.6603	approved	0				global known-rendering assignment; lexical score 0.51
27:11				15	אֶת	omits	unrendered-object-marker	safe	0.6252	approved	0				object marker; rests on 'beast' → 'בְּהֵמָ֖ה'
27:11	2	if		2	אִם֙		global-review-known-rendering	safe	0.6367	approved	0				global known-rendering assignment; lexical score 0.49
27:11	7	beast		4	בְּהֵמָ֣ה		global-review-known-rendering	safe	0.6252	approved	0				global known-rendering assignment; lexical score 0.48
27:11	9	which		6	אֲ֠שֶׁר		global-review-known-rendering	safe	0.6687	approved	0				global known-rendering assignment; lexical score 0.52
27:11	12	not		7	לֹא		global-review-known-rendering	safe	0.6787	approved	0				global known-rendering assignment; lexical score 0.53
27:11	15	the				expands	supplied-article	safe	0.7288	approved	0				article the original does not write; rests on 'Lord' → 'יהוָ֑ה'
27:11	16	Lord		12	יהוָ֑ה		global-review-known-rendering	safe	0.7288	approved	0				global known-rendering assignment; lexical score 0.58
27:11	21	the		16	הַ		attached-word	safe	0.5252	approved	0				Article of 'beast'
27:11	22	beast		17	בְּהֵמָ֖ה		global-review-known-rendering	safe	0.6252	approved	0				global known-rendering assignment; lexical score 0.48
27:11	23	before		19	פְנֵ֥י		global-review-known-rendering	safe	0.6583	approved	0				global known-rendering assignment; lexical score 0.51
27:11	24	the		20	הַ		attached-word	safe	0.6903	approved	0				Article of 'priest'
27:11	25	priest		21	כֹּהֵֽן		global-review-known-rendering	safe	0.7903	approved	0				global known-rendering assignment; lexical score 0.64
27:12	3	the		3	הַ		attached-word	safe	0.6903	approved	0				Article of 'priest'
27:12	4	priest		4	כֹּהֵן֙		global-review-known-rendering	safe	0.7903	approved	0				global known-rendering assignment; lexical score 0.64
27:12	13	good		7	טֹ֖וב		global-review-known-rendering	safe	0.6836	approved	0				global known-rendering assignment; lexical score 0.53
27:12	15	bad		10	רָ֑ע		global-review-known-rendering	safe	0.65	approved	0				global known-rendering assignment; lexical score 0.50
27:12	18	the		13	הַ		attached-word	safe	0.6903	approved	0				Article of 'priest'
27:12	19	priest		14	כֹּהֵ֖ן		global-review-known-rendering	safe	0.7903	approved	0				global known-rendering assignment; lexical score 0.64
27:12	23	so		15	כֵּ֥ן		global-review-known-rendering	safe	0.596	approved	0				global known-rendering assignment; lexical score 0.45
27:13	2	if		2	אִם		global-review-known-rendering	safe	0.6367	approved	0				global known-rendering assignment; lexical score 0.49
27:13	16	a				expands	supplied-indefinite-article	safe	0.7029	approved	0				indefinite article; rests on 'fifth' → 'חֲמִישִׁתֹ֖ו'
27:13	17	fifth		7	חֲמִישִׁתֹ֖ו		global-review-known-rendering	safe	0.7029	approved	0				global known-rendering assignment; lexical score 0.55
27:14				5	אֶת	omits	unrendered-object-marker	safe	0.7634	approved	0				object marker; rests on 'house' → 'בֵּיתֹ֥ו'
27:14	3	a				expands	supplied-indefinite-article	safe	0.6004	approved	0				indefinite article; rests on 'man' → 'אִ֗ישׁ'
27:14	4	man		2	אִ֗ישׁ		global-review-known-rendering	safe	0.6004	approved	0				global known-rendering assignment; lexical score 0.45
27:14	7	his		6	בֵּיתֹ֥ו		attached-word	safe	0.6634	approved	0				PossessivePronoun of 'house'
27:14	8	house		6	בֵּיתֹ֥ו		global-review-known-rendering	safe	0.7634	approved	0				global known-rendering assignment; lexical score 0.61
27:14	10	holy		7	קֹ֨דֶשׁ֙		global-review-known-rendering	safe	0.6603	approved	0				global known-rendering assignment; lexical score 0.51
27:14	12	the				expands	supplied-article	safe	0.7288	approved	0				article the original does not write; rests on 'Lord' → 'יהוָ֔ה'
27:14	13	Lord		9	יהוָ֔ה		global-review-known-rendering	safe	0.7288	approved	0				global known-rendering assignment; lexical score 0.58
27:14	15	the		12	הַ		attached-word	safe	0.6903	approved	0				Article of 'priest'
27:14	16	priest		13	כֹּהֵ֔ן		global-review-known-rendering	safe	0.7903	approved	0				global known-rendering assignment; lexical score 0.64
27:14	26	good		15	טֹ֖וב		global-review-known-rendering	safe	0.6836	approved	0				global known-rendering assignment; lexical score 0.53
27:14	28	bad		18	רָ֑ע		global-review-known-rendering	safe	0.65	approved	0				global known-rendering assignment; lexical score 0.50
27:14	30	the		23	הַ		attached-word	safe	0.6903	approved	0				Article of 'priest'
27:14	31	priest		24	כֹּהֵ֖ן		global-review-known-rendering	safe	0.7903	approved	0				global known-rendering assignment; lexical score 0.64
27:14	34	so		25	כֵּ֥ן		global-review-known-rendering	safe	0.596	approved	0				global known-rendering assignment; lexical score 0.45
27:15				6	אֶת	omits	unrendered-object-marker	safe	0.7634	approved	0				object marker; rests on 'house' → 'בֵּיתֹ֑ו'
27:15	2	if		2	אִ֨ם		global-review-known-rendering	safe	0.6367	approved	0				global known-rendering assignment; lexical score 0.49
27:15	11	his		7	בֵּיתֹ֑ו		attached-word	safe	0.6634	approved	0				PossessivePronoun of 'house'
27:15	12	house		7	בֵּיתֹ֑ו		global-review-known-rendering	safe	0.7634	approved	0				global known-rendering assignment; lexical score 0.61
27:15	16	a				expands	supplied-indefinite-article	safe	0.7029	approved	0				indefinite article; rests on 'fifth' → 'חֲמִישִׁ֧ית'
27:15	17	fifth		10	חֲמִישִׁ֧ית		global-review-known-rendering	safe	0.7029	approved	0				global known-rendering assignment; lexical score 0.55
27:16	2	if		2	אִ֣ם		global-review-known-rendering	safe	0.6367	approved	0				global known-rendering assignment; lexical score 0.49
27:16	3	a				expands	supplied-indefinite-article	safe	0.6004	approved	0				indefinite article; rests on 'man' → 'אִישׁ֙'
27:16	4	man		7	אִישׁ֙		global-review-known-rendering	safe	0.6004	approved	0				global known-rendering assignment; lexical score 0.45
27:16	7	the				expands	supplied-article	safe	0.7288	approved	0				article the original does not write; rests on 'Lord' → 'יהוָ֔ה'
27:16	8	Lord		9	יהוָ֔ה		global-review-known-rendering	safe	0.7288	approved	0				global known-rendering assignment; lexical score 0.58
27:16	11	the				expands	supplied-article	safe	0.7612	approved	0				article the original does not write; rests on 'field' → 'שְּׂדֵ֣ה'
27:16	12	field		4	שְּׂדֵ֣ה		global-review-known-rendering	safe	0.7612	approved	0				global known-rendering assignment; lexical score 0.61
27:16	25	the				expands	supplied-article	safe	0.7383	approved	0				article the original does not write; rests on 'seed' → 'זַרְעֹ֑ו'
27:16	26	seed		15	זַרְעֹ֑ו		global-review-known-rendering	safe	0.7383	approved	0				global known-rendering assignment; lexical score 0.59
27:16	34	of		18	שְׂעֹרִ֔ים		attached-word	safe	0.7	approved	0				Genitive of 'barley'
27:16	35	barley		18	שְׂעֹרִ֔ים		global-review-known-rendering	safe	0.8	approved	0				global known-rendering assignment; lexical score 0.65
27:16	41	fifty		20	חֲמִשִּׁ֖ים		global-review-known-rendering	safe	0.794	approved	0				global known-rendering assignment; lexical score 0.64
27:16	42	shekels		21	שֶׁ֥קֶל		global-review-known-rendering	safe	0.7663	approved	0				global known-rendering assignment; lexical score 0.62
27:16	44	silver		22	כָּֽסֶף		global-review-known-rendering	safe	0.7712	approved	0				global known-rendering assignment; lexical score 0.62
27:17	1	If		1	אִם		global-review-known-rendering	safe	0.6367	approved	0				global known-rendering assignment; lexical score 0.49
27:17	4	his		7	שָׂדֵ֑הוּ		attached-word	safe	0.6612	approved	0				PossessivePronoun of 'field'
27:17	5	field		7	שָׂדֵ֑הוּ		global-review-known-rendering	safe	0.7612	approved	0				global known-rendering assignment; lexical score 0.61
27:17	7	the				expands	supplied-article	safe	0.7712	approved	0				article the original does not write; rests on 'year' → 'שְּׁנַ֥ת'
27:17	8	year		3	שְּׁנַ֥ת		global-review-known-rendering	safe	0.7712	approved	0				global known-rendering assignment; lexical score 0.62
27:18				13	אֶת	omits	unrendered-object-marker	safe	0.7728	approved	0				object marker; rests on 'money' → 'כֶּ֗סֶף'
27:18	2	if		2	אִם		global-review-known-rendering	safe	0.6367	approved	0				global known-rendering assignment; lexical score 0.49
27:18	5	his		7	שָׂדֵהוּ֒		attached-word	safe	0.6612	approved	0				PossessivePronoun of 'field'
27:18	6	field		7	שָׂדֵהוּ֒		global-review-known-rendering	safe	0.7612	approved	0				global known-rendering assignment; lexical score 0.61
27:18	7	after		3	אַחַ֣ר		global-review-known-rendering	safe	0.5891	approved	0				global known-rendering assignment; lexical score 0.44
27:18	15	the		14	הַ		attached-word	safe	0.6728	approved	0				Article of 'money'
27:18	16	money		15	כֶּ֗סֶף		global-review-known-rendering	safe	0.7728	approved	0				global known-rendering assignment; lexical score 0.62
27:18	22	the		11	הַ		attached-word	safe	0.6903	approved	0				Article of 'priest'
27:18	23	priest		12	כֹּהֵ֜ן		global-review-known-rendering	safe	0.7903	approved	0				global known-rendering assignment; lexical score 0.64
27:18	30	years		19	שָּׁנִים֙		global-review-known-rendering	safe	0.7729	approved	0				global known-rendering assignment; lexical score 0.62
27:18	31	till		22	עַ֖ד		global-review-known-rendering	safe	0.6272	approved	0				global known-rendering assignment; lexical score 0.48
27:18	32	the				expands	supplied-article	safe	0.7712	approved	0				article the original does not write; rests on 'year' → 'שְׁנַ֣ת'
27:18	34	year		23	שְׁנַ֣ת		global-review-known-rendering	safe	0.7712	approved	0				global known-rendering assignment; lexical score 0.62
27:19				5	אֶת	omits	unrendered-object-marker	safe	0.7612	approved	0				object marker; rests on 'field' → 'שָּׂדֶ֔ה'
27:19	2	if		2	אִם		global-review-known-rendering	safe	0.6367	approved	0				global known-rendering assignment; lexical score 0.49
27:19	8	the		6	הַ		attached-word	safe	0.6612	approved	0				Article of 'field'
27:19	9	field		7	שָּׂדֶ֔ה		global-review-known-rendering	safe	0.7612	approved	0				global known-rendering assignment; lexical score 0.61
27:19	20	a				expands	supplied-indefinite-article	safe	0.7029	approved	0				indefinite article; rests on 'fifth' → 'חֲמִשִׁ֧ית'
27:19	21	fifth		13	חֲמִשִׁ֧ית		global-review-known-rendering	safe	0.7029	approved	0				global known-rendering assignment; lexical score 0.55
27:20	2	if		2	אִם		global-review-known-rendering	safe	0.6367	approved	0				global known-rendering assignment; lexical score 0.49
27:20	12	if		9	אִם		global-review-known-rendering	safe	0.6367	approved	0				global known-rendering assignment; lexical score 0.49
27:20	22	man		15	אִ֣ישׁ		global-review-known-rendering	safe	0.6004	approved	0				global known-rendering assignment; lexical score 0.45
27:20	25	not		17	לֹ֥א		global-review-known-rendering	safe	0.6787	approved	0				global known-rendering assignment; lexical score 0.53
27:21	2	the		3	הַ		attached-word	safe	0.6612	approved	0				Article of 'field'
27:21	3	field		4	שָּׂדֶ֜ה		global-review-known-rendering	safe	0.7612	approved	0				global known-rendering assignment; lexical score 0.61
27:21	6	becomes		2	הָיָ֨ה		global-review-known-rendering	safe	0.6544	approved	0				global known-rendering assignment; lexical score 0.50
27:21	15	holy		10	קֹ֛דֶשׁ		global-review-known-rendering	safe	0.6603	approved	0				global known-rendering assignment; lexical score 0.51
27:21	17	the				expands	supplied-article	safe	0.7288	approved	0				article the original does not write; rests on 'Lord' → 'יהוָ֖ה'
27:21	18	Lord		12	יהוָ֖ה		global-review-known-rendering	safe	0.7288	approved	0				global known-rendering assignment; lexical score 0.58
27:21	20	a				expands	supplied-indefinite-article	safe	0.7612	approved	0				indefinite article; rests on 'field' → 'שְׂדֵ֣ה'
27:21	21	field		14	שְׂדֵ֣ה		global-review-known-rendering	safe	0.7612	approved	0				global known-rendering assignment; lexical score 0.61
27:21	31	the		18			attached-word	safe	0.6903	approved	0				Article of 'priest'
27:21	32	priest		19	כֹּהֵ֖ן		global-review-known-rendering	safe	0.7903	approved	0				global known-rendering assignment; lexical score 0.64
27:22				3	אֶת	omits	unrendered-object-marker	safe	0.7612	approved	0				object marker; rests on 'field' → 'שְׂדֵ֣ה'
27:22	2	if		2	אִם֙		global-review-known-rendering	safe	0.6367	approved	0				global known-rendering assignment; lexical score 0.49
27:22	7	the				expands	supplied-article	safe	0.7288	approved	0				article the original does not write; rests on 'Lord' → 'יהוָֽה'
27:22	8	Lord		13	יהוָֽה		global-review-known-rendering	safe	0.7288	approved	0				global known-rendering assignment; lexical score 0.58
27:22	9	a				expands	supplied-indefinite-article	safe	0.7612	approved	0				indefinite article; rests on 'field' → 'שְׂדֵ֣ה'
27:22	10	field		4	שְׂדֵ֣ה		global-review-known-rendering	safe	0.7612	approved	0				global known-rendering assignment; lexical score 0.61
27:22	11	which		6	אֲשֶׁ֕ר		global-review-known-rendering	safe	0.6687	approved	0				global known-rendering assignment; lexical score 0.52
27:22	21	not		7	לֹ֖א		global-review-known-rendering	safe	0.6787	approved	0				global known-rendering assignment; lexical score 0.53
27:23	9	the				expands	supplied-article	safe	0.7712	approved	0				article the original does not write; rests on 'year' → 'שְׁנַ֣ת'
27:23	10	year		11	שְׁנַ֣ת		global-review-known-rendering	safe	0.7712	approved	0				global known-rendering assignment; lexical score 0.62
27:23	20	the		4	הַ		attached-word	safe	0.6903	approved	0				Article of 'priest'
27:23	21	priest		5	כֹּהֵ֗ן		global-review-known-rendering	safe	0.7903	approved	0				global known-rendering assignment; lexical score 0.64
27:23	25	day		21	יֹּ֣ום		global-review-known-rendering	safe	0.7663	approved	0				global known-rendering assignment; lexical score 0.62
27:23	28	give		15	נָתַ֤ן		global-review-known-rendering	safe	0.6517	approved	0				global known-rendering assignment; lexical score 0.50
27:23	35	holy		24	קֹ֖דֶשׁ		global-review-known-rendering	safe	0.6603	approved	0				global known-rendering assignment; lexical score 0.51
27:23	37	the				expands	supplied-article	safe	0.7288	approved	0				article the original does not write; rests on 'Lord' → 'יהוָֽה'
27:23	38	Lord		26	יהוָֽה		global-review-known-rendering	safe	0.7288	approved	0				global known-rendering assignment; lexical score 0.58
27:24	2	the				expands	supplied-article	safe	0.7712	approved	0				article the original does not write; rests on 'year' → 'שְׁנַ֤ת'
27:24	3	year		2	שְׁנַ֤ת		global-review-known-rendering	safe	0.7712	approved	0				global known-rendering assignment; lexical score 0.62
27:24	6	the		6	הַ		attached-word	safe	0.6612	approved	0				Article of 'field'
27:24	7	field		7	שָּׂדֶ֔ה		global-review-known-rendering	safe	0.7612	approved	0				global known-rendering assignment; lexical score 0.61
27:24	10	back		5	יָשׁ֣וּב		global-review-known-rendering	safe	0.5608	approved	0				global known-rendering assignment; lexical score 0.41
27:25	3	all		2	כָל		global-review-known-rendering	safe	0.7591	approved	0				global known-rendering assignment; lexical score 0.61
27:25	9	the				expands	supplied-article	safe	0.7887	approved	0				article the original does not write; rests on 'shekel' → 'שֶׁ֣קֶל'
27:25	10	shekel		6	שֶׁ֣קֶל		global-review-known-rendering	safe	0.7887	approved	0				global known-rendering assignment; lexical score 0.64
27:25	11	of		8	קֹּ֑דֶשׁ		attached-word	safe	0.5603	approved	0				Genitive of 'holy'
27:25	12	the		7	הַ		attached-word	safe	0.5603	approved	0				Article of 'holy'
27:25	13	holy		8	קֹּ֑דֶשׁ		global-review-known-rendering	safe	0.6603	approved	0				global known-rendering assignment; lexical score 0.51
27:25	17	twenty		9	עֶשְׂרִ֥ים		global-review-known-rendering	safe	0.7731	approved	0				global known-rendering assignment; lexical score 0.62
27:25	18	gerahs		10	גֵּרָ֖ה		global-review-known-rendering	safe	0.8	approved	0				global known-rendering assignment; lexical score 0.65
27:25	20	the		12	הַ		attached-word	safe	0.6888	approved	0				Article of 'shekel'
27:25	21	shekel		13	שָּֽׁקֶל		global-review-known-rendering	safe	0.7887	approved	0				global known-rendering assignment; lexical score 0.64
27:26	2	a				expands	supplied-indefinite-article	safe	0.6004	approved	0				indefinite article; rests on 'man' → 'אִ֖ישׁ'
27:26	3	man		11	אִ֖ישׁ		global-review-known-rendering	safe	0.6004	approved	0				global known-rendering assignment; lexical score 0.45
27:26	5	not		9	לֹֽא		global-review-known-rendering	safe	0.6787	approved	0				global known-rendering assignment; lexical score 0.53
27:26	10	the				expands	supplied-article	safe	0.7288	approved	0				article the original does not write; rests on 'Lord' → 'יהוָה֙'
27:26	11	Lord		6	יהוָה֙		global-review-known-rendering	safe	0.7288	approved	0				global known-rendering assignment; lexical score 0.58
27:26	16	which		3	אֲשֶׁר		global-review-known-rendering	safe	0.6687	approved	0				global known-rendering assignment; lexical score 0.52
27:26	20	the				expands	supplied-article	safe	0.7288	approved	0				article the original does not write; rests on 'Lord' → 'יהוָ֖ה'
27:26	21	Lord		18	יהוָ֖ה		global-review-known-rendering	safe	0.7288	approved	0				global known-rendering assignment; lexical score 0.58
27:26	22	if		13	אִם		global-review-known-rendering	safe	0.6367	approved	0				global known-rendering assignment; lexical score 0.49
27:26	25	an				expands	supplied-indefinite-article	safe	0.7227	approved	0				indefinite article; rests on 'ox' → 'שֹׁ֣ור'
27:26	26	ox		14	שֹׁ֣ור		global-review-known-rendering	safe	0.7227	approved	0				global known-rendering assignment; lexical score 0.57
27:27	2	if		2	אִ֨ם		global-review-known-rendering	safe	0.6367	approved	0				global known-rendering assignment; lexical score 0.49
27:27	7	beast		5	בְּהֵמָ֤ה		global-review-known-rendering	safe	0.6252	approved	0				global known-rendering assignment; lexical score 0.48
27:27	31	fifth		14	חֲמִשִׁתֹ֖ו		global-review-known-rendering	safe	0.7029	approved	0				global known-rendering assignment; lexical score 0.55
27:27	34	if		17	אִם		global-review-known-rendering	safe	0.6367	approved	0				global known-rendering assignment; lexical score 0.49
27:27	37	not		18	לֹ֥א		global-review-known-rendering	safe	0.6787	approved	0				global known-rendering assignment; lexical score 0.53
27:28	3	which		4	אֲשֶׁ֣ר		global-review-known-rendering	safe	0.6687	approved	0				global known-rendering assignment; lexical score 0.52
27:28	4	a				expands	supplied-indefinite-article	safe	0.6004	approved	0				indefinite article; rests on 'man' → 'אִ֨ישׁ'
27:28	5	man		6	אִ֨ישׁ		global-review-known-rendering	safe	0.6004	approved	0				global known-rendering assignment; lexical score 0.45
27:28	14	all		10	כָּל		global-review-known-rendering	safe	0.7591	approved	0				global known-rendering assignment; lexical score 0.61
27:28	20	beast		16	בְהֵמָה֙		global-review-known-rendering	safe	0.6252	approved	0				global known-rendering assignment; lexical score 0.48
27:28	25	which		11	אֲשֶׁר		global-review-known-rendering	safe	0.6687	approved	0				global known-rendering assignment; lexical score 0.52
27:28	44	most		28	קֹֽדֶשׁ		global-review-known-rendering	safe	0.5616	approved	0				global known-rendering assignment; lexical score 0.41
27:28	45	holy		29	קָֽדָשִׁ֥ים		global-review-known-rendering	safe	0.6603	approved	0				global known-rendering assignment; lexical score 0.51
27:29	9	not		8	לֹ֣א		global-review-known-rendering	safe	0.6787	approved	0				global known-rendering assignment; lexical score 0.53
27:30	6	the		4	הָ		attached-word	safe	0.6252	approved	0				Article of 'land'
27:30	7	land		5	אָ֜רֶץ		global-review-known-rendering	safe	0.7252	approved	0				global known-rendering assignment; lexical score 0.58
27:30	9	the				expands	supplied-article	safe	0.7383	approved	0				article the original does not write; rests on 'seed' → 'זֶּ֤רַע'
27:30	10	seed		7	זֶּ֤רַע		global-review-known-rendering	safe	0.7383	approved	0				global known-rendering assignment; lexical score 0.59
27:30	14	the				expands	supplied-article	safe	0.6629	approved	0				article the original does not write; rests on 'fruit' → 'פְּרִ֣י'
27:30	15	fruit		11	פְּרִ֣י		global-review-known-rendering	safe	0.6629	approved	0				global known-rendering assignment; lexical score 0.51
27:30	16	of		13	עֵ֔ץ		attached-word	safe	0.4845	approved	0				Genitive of 'trees'
27:30	17	trees		13	עֵ֔ץ		global-review-known-rendering	safe	0.5845	approved	0				global known-rendering assignment; lexical score 0.43
27:30	19	holy		17	קֹ֖דֶשׁ		global-review-known-rendering	safe	0.6603	approved	0				global known-rendering assignment; lexical score 0.51
27:30	21	the				expands	supplied-article	safe	0.7288	approved	0				article the original does not write; rests on 'Lord' → 'יהוָֽה'
27:30	22	Lord		19	יהוָֽה		global-review-known-rendering	safe	0.7288	approved	0				global known-rendering assignment; lexical score 0.58
27:31	2	if		2	אִם		global-review-known-rendering	safe	0.6367	approved	0				global known-rendering assignment; lexical score 0.49
27:31	3	a				expands	supplied-indefinite-article	safe	0.6004	approved	0				indefinite article; rests on 'man' → 'אִ֖ישׁ'
27:31	4	man		5	אִ֖ישׁ		global-review-known-rendering	safe	0.6004	approved	0				global known-rendering assignment; lexical score 0.45
27:31	23	a				expands	supplied-indefinite-article	safe	0.7029	approved	0				indefinite article; rests on 'fifth' → 'חֲמִשִׁיתֹ֖ו'
27:31	24	fifth		8	חֲמִשִׁיתֹ֖ו		global-review-known-rendering	safe	0.7029	approved	0				global known-rendering assignment; lexical score 0.55
27:32	6	the				expands	supplied-article	safe	0.74	approved	0				article the original does not write; rests on 'herd' → 'בָּקָר֙'
27:32	7	herd		4	בָּקָר֙		global-review-known-rendering	safe	0.74	approved	0				global known-rendering assignment; lexical score 0.59
27:32	10	the				expands	supplied-article	safe	0.7153	approved	0				article the original does not write; rests on 'flock' → 'צֹ֔אן'
27:32	11	flock		6	צֹ֔אן		global-review-known-rendering	safe	0.7153	approved	0				global known-rendering assignment; lexical score 0.57
27:32	14	under		10	תַּ֣חַת		global-review-known-rendering	safe	0.6593	approved	0				global known-rendering assignment; lexical score 0.51
27:32	22	holy		16	קֹּ֖דֶשׁ		global-review-known-rendering	safe	0.6603	approved	0				global known-rendering assignment; lexical score 0.51
27:32	24	the				expands	supplied-article	safe	0.7288	approved	0				article the original does not write; rests on 'Lord' → 'יהוָֽה'
27:32	25	Lord		18	יהוָֽה		global-review-known-rendering	safe	0.7288	approved	0				global known-rendering assignment; lexical score 0.58
27:33	3	not		1	לֹ֧א		global-review-known-rendering	safe	0.6787	approved	0				global known-rendering assignment; lexical score 0.53
27:33	11	good		4	טֹ֥וב		global-review-known-rendering	safe	0.6836	approved	0				global known-rendering assignment; lexical score 0.53
27:33	13	bad		6	רַ֖ע		global-review-known-rendering	safe	0.65	approved	0				global known-rendering assignment; lexical score 0.50
27:33	21	if		11	אִם		global-review-known-rendering	safe	0.6367	approved	0				global known-rendering assignment; lexical score 0.49
27:33	33	holy		20	קֹ֖דֶשׁ		global-review-known-rendering	safe	0.6603	approved	0				global known-rendering assignment; lexical score 0.51
27:33	36	not		21	לֹ֥א		global-review-known-rendering	safe	0.6787	approved	0				global known-rendering assignment; lexical score 0.53
27:34				7	אֶת	omits	unrendered-object-marker	safe	0.7976	approved	0				object marker; rests on 'Moses' → 'מֹשֶׁ֖ה'
27:34	1	These		1	אֵ֣לֶּה		global-review-known-rendering	safe	0.711	approved	0				global known-rendering assignment; lexical score 0.56
27:34	5	which		4	אֲשֶׁ֨ר		global-review-known-rendering	safe	0.6687	approved	0				global known-rendering assignment; lexical score 0.52
27:34	6	the				expands	supplied-article	safe	0.7288	approved	0				article the original does not write; rests on 'Lord' → 'יְהוָ֛ה'
27:34	7	Lord		6	יְהוָ֛ה		global-review-known-rendering	safe	0.7288	approved	0				global known-rendering assignment; lexical score 0.58
27:34	10	Moses		8	מֹשֶׁ֖ה		global-review-known-rendering	safe	0.7976	approved	0				global known-rendering assignment; lexical score 0.65
27:34	12	the				expands	supplied-article	safe	0.7612	approved	0				article the original does not write; rests on 'children' → 'בְּנֵ֣י'
27:34	13	children		10	בְּנֵ֣י		global-review-known-rendering	safe	0.7612	approved	0				global known-rendering assignment; lexical score 0.61
27:34	14	of		11	יִשְׂרָאֵ֑ל		attached-word	safe	0.6859	approved	0				Genitive of 'Israel'
27:34	15	Israel		11	יִשְׂרָאֵ֑ל		global-review-known-rendering	safe	0.7859	approved	0				global known-rendering assignment; lexical score 0.64
27:34	17	Mount		13	הַ֖ר		global-review-known-rendering	safe	0.7408	approved	0				global known-rendering assignment; lexical score 0.59
27:34	18	Sinai		14	סִינָֽי		global-review-known-rendering	safe	0.7871	approved	0				global known-rendering assignment; lexical score 0.64
